  0
SECTION
  2
HEADER
  9
$ACADVER
  1
AC1027
  9
$ACADMAINTVER
 70
   105
  9
$DWGCODEPAGE
  3
ANSI_1252
  9
$COMMENTS
  1
File was created by Cadenas
  9
$LASTSAVEDBY
  1
psservice
  9
$CUSTOMPROPERTYTAG
  1
NB
  9
$CUSTOMPROPERTY
  1
4MXM36AVJU9
  9
$CUSTOMPROPERTYTAG
  1
NN
  9
$CUSTOMPROPERTY
  1
(R32) Heat_Pump_Unit-Multi_Zone-Outdoor-Daikin-MXM
  9
$CUSTOMPROPERTYTAG
  1
NT
  9
$CUSTOMPROPERTY
  1

  9
$CUSTOMPROPERTYTAG
  1
NBSYN
  9
$CUSTOMPROPERTY
  1
$PARTNUMBER.
  9
$CUSTOMPROPERTYTAG
  1
LINA
  9
$CUSTOMPROPERTY
  1
4MXM36AVJU9
  9
$CUSTOMPROPERTYTAG
  1
CATALOG
  9
$CUSTOMPROPERTY
  1
Daikin
  9
$CUSTOMPROPERTYTAG
  1
PARTNUMBER
  9
$CUSTOMPROPERTY
  1
4MXM36AVJU9
  9
$CUSTOMPROPERTYTAG
  1
DESCRIPTION
  9
$CUSTOMPROPERTY
  1
Multi Zone Heat Pump Outdoor Units
  9
$CUSTOMPROPERTYTAG
  1
OVERALL_DEPTH
  9
$CUSTOMPROPERTY
  1
12.6250
  9
$CUSTOMPROPERTYTAG
  1
OVERALL_HEIGHT
  9
$CUSTOMPROPERTY
  1
29.5000
  9
$CUSTOMPROPERTYTAG
  1
OVERALL_WIDTH
  9
$CUSTOMPROPERTY
  1
34.2500
  9
$CUSTOMPROPERTYTAG
  1
URL
  9
$CUSTOMPROPERTY
  1
https://daikincomfort.com/
  9
$CUSTOMPROPERTYTAG
  1
RFA_FAMILY
  9
$CUSTOMPROPERTY
  1
Download Revit Family (RFA)
  9
$CUSTOMPROPERTYTAG
  1
COMPANY
  9
$CUSTOMPROPERTY
  1
daikin
  9
$REQUIREDVERSIONS
160
                 0
  9
$INSBASE
 10
0.0
 20
0.0
 30
0.0
  9
$EXTMIN
 10
-184.1500000000091
 20
-0.0000000000638892
 30
0.0
  9
$EXTMAX
 10
196.0669491525344
 20
749.8054237286766
 30
0.0
  9
$LIMMIN
 10
0.0
 20
0.0
  9
$LIMMAX
 10
420.0
 20
297.0
  9
$ORTHOMODE
 70
     0
  9
$REGENMODE
 70
     1
  9
$FILLMODE
 70
     1
  9
$QTEXTMODE
 70
     0
  9
$MIRRTEXT
 70
     1
  9
$LTSCALE
 40
1.0
  9
$ATTMODE
 70
     1
  9
$TEXTSIZE
 40
2.5
  9
$TRACEWID
 40
1.0
  9
$TEXTSTYLE
  7
Standard
  9
$CLAYER
  8
0
  9
$CELTYPE
  6
ByLayer
  9
$CECOLOR
 62
   256
  9
$CELTSCALE
 40
1.0
  9
$DISPSILH
 70
     0
  9
$DIMSCALE
 40
1.0
  9
$DIMASZ
 40
2.5
  9
$DIMEXO
 40
0.625
  9
$DIMDLI
 40
3.75
  9
$DIMRND
 40
0.0
  9
$DIMDLE
 40
0.0
  9
$DIMEXE
 40
1.25
  9
$DIMTP
 40
0.0
  9
$DIMTM
 40
0.0
  9
$DIMTXT
 40
2.5
  9
$DIMCEN
 40
2.5
  9
$DIMTSZ
 40
0.0
  9
$DIMTOL
 70
     0
  9
$DIMLIM
 70
     0
  9
$DIMTIH
 70
     0
  9
$DIMTOH
 70
     0
  9
$DIMSE1
 70
     0
  9
$DIMSE2
 70
     0
  9
$DIMTAD
 70
     1
  9
$DIMZIN
 70
     8
  9
$DIMBLK
  1

  9
$DIMASO
 70
     1
  9
$DIMSHO
 70
     1
  9
$DIMPOST
  1

  9
$DIMAPOST
  1

  9
$DIMALT
 70
     0
  9
$DIMALTD
 70
     3
  9
$DIMALTF
 40
0.03937007874016
  9
$DIMLFAC
 40
1.0
  9
$DIMTOFL
 70
     1
  9
$DIMTVP
 40
0.0
  9
$DIMTIX
 70
     0
  9
$DIMSOXD
 70
     0
  9
$DIMSAH
 70
     0
  9
$DIMBLK1
  1

  9
$DIMBLK2
  1

  9
$DIMSTYLE
  2
ISO-25
  9
$DIMCLRD
 70
     0
  9
$DIMCLRE
 70
     0
  9
$DIMCLRT
 70
     0
  9
$DIMTFAC
 40
1.0
  9
$DIMGAP
 40
0.625
  9
$DIMJUST
 70
     0
  9
$DIMSD1
 70
     0
  9
$DIMSD2
 70
     0
  9
$DIMTOLJ
 70
     0
  9
$DIMTZIN
 70
     8
  9
$DIMALTZ
 70
     0
  9
$DIMALTTZ
 70
     0
  9
$DIMUPT
 70
     0
  9
$DIMDEC
 70
     2
  9
$DIMTDEC
 70
     2
  9
$DIMALTU
 70
     2
  9
$DIMALTTD
 70
     3
  9
$DIMTXSTY
  7
Standard
  9
$DIMAUNIT
 70
     0
  9
$DIMADEC
 70
     0
  9
$DIMALTRND
 40
0.0
  9
$DIMAZIN
 70
     0
  9
$DIMDSEP
 70
    44
  9
$DIMATFIT
 70
     3
  9
$DIMFRAC
 70
     0
  9
$DIMLDRBLK
  1

  9
$DIMLUNIT
 70
     2
  9
$DIMLWD
 70
    -2
  9
$DIMLWE
 70
    -2
  9
$DIMTMOVE
 70
     0
  9
$DIMFXL
 40
1.0
  9
$DIMFXLON
 70
     0
  9
$DIMJOGANG
 40
0.7853981633974483
  9
$DIMTFILL
 70
     0
  9
$DIMTFILLCLR
 70
     0
  9
$DIMARCSYM
 70
     0
  9
$DIMLTYPE
  6

  9
$DIMLTEX1
  6

  9
$DIMLTEX2
  6

  9
$DIMTXTDIRECTION
 70
     0
  9
$LUNITS
 70
     2
  9
$LUPREC
 70
     4
  9
$SKETCHINC
 40
1.0
  9
$FILLETRAD
 40
0.0
  9
$AUNITS
 70
     0
  9
$AUPREC
 70
     0
  9
$MENU
  1
.
  9
$ELEVATION
 40
0.0
  9
$PELEVATION
 40
0.0
  9
$THICKNESS
 40
0.0
  9
$LIMCHECK
 70
     0
  9
$CHAMFERA
 40
0.0
  9
$CHAMFERB
 40
0.0
  9
$CHAMFERC
 40
0.0
  9
$CHAMFERD
 40
0.0
  9
$SKPOLY
 70
     0
  9
$TDCREATE
 40
2461206.704553935
  9
$TDUCREATE
 40
2461206.621220602
  9
$TDUPDATE
 40
2461206.704553935
  9
$TDUUPDATE
 40
2461206.621220602
  9
$TDINDWG
 40
0.0000000116
  9
$TDUSRTIMER
 40
0.0000000116
  9
$USRTIMER
 70
     1
  9
$ANGBASE
 50
0.0
  9
$ANGDIR
 70
     0
  9
$PDMODE
 70
     0
  9
$PDSIZE
 40
0.0
  9
$PLINEWID
 40
0.0
  9
$SPLFRAME
 70
     0
  9
$SPLINETYPE
 70
     6
  9
$SPLINESEGS
 70
     8
  9
$HANDSEED
  5
27D
  9
$SURFTAB1
 70
     6
  9
$SURFTAB2
 70
     6
  9
$SURFTYPE
 70
     6
  9
$SURFU
 70
     6
  9
$SURFV
 70
     6
  9
$UCSBASE
  2

  9
$UCSNAME
  2

  9
$UCSORG
 10
0.0
 20
0.0
 30
0.0
  9
$UCSXDIR
 10
1.0
 20
0.0
 30
0.0
  9
$UCSYDIR
 10
0.0
 20
1.0
 30
0.0
  9
$UCSORTHOREF
  2

  9
$UCSORTHOVIEW
 70
     0
  9
$UCSORGTOP
 10
0.0
 20
0.0
 30
0.0
  9
$UCSORGBOTTOM
 10
0.0
 20
0.0
 30
0.0
  9
$UCSORGLEFT
 10
0.0
 20
0.0
 30
0.0
  9
$UCSORGRIGHT
 10
0.0
 20
0.0
 30
0.0
  9
$UCSORGFRONT
 10
0.0
 20
0.0
 30
0.0
  9
$UCSORGBACK
 10
0.0
 20
0.0
 30
0.0
  9
$PUCSBASE
  2

  9
$PUCSNAME
  2

  9
$PUCSORG
 10
0.0
 20
0.0
 30
0.0
  9
$PUCSXDIR
 10
1.0
 20
0.0
 30
0.0
  9
$PUCSYDIR
 10
0.0
 20
1.0
 30
0.0
  9
$PUCSORTHOREF
  2

  9
$PUCSORTHOVIEW
 70
     0
  9
$PUCSORGTOP
 10
0.0
 20
0.0
 30
0.0
  9
$PUCSORGBOTTOM
 10
0.0
 20
0.0
 30
0.0
  9
$PUCSORGLEFT
 10
0.0
 20
0.0
 30
0.0
  9
$PUCSORGRIGHT
 10
0.0
 20
0.0
 30
0.0
  9
$PUCSORGFRONT
 10
0.0
 20
0.0
 30
0.0
  9
$PUCSORGBACK
 10
0.0
 20
0.0
 30
0.0
  9
$USERI1
 70
     0
  9
$USERI2
 70
     0
  9
$USERI3
 70
     0
  9
$USERI4
 70
     0
  9
$USERI5
 70
     0
  9
$USERR1
 40
0.0
  9
$USERR2
 40
0.0
  9
$USERR3
 40
0.0
  9
$USERR4
 40
0.0
  9
$USERR5
 40
0.0
  9
$WORLDVIEW
 70
     1
  9
$SHADEDGE
 70
     3
  9
$SHADEDIF
 70
    70
  9
$TILEMODE
 70
     1
  9
$MAXACTVP
 70
    64
  9
$PINSBASE
 10
0.0
 20
0.0
 30
0.0
  9
$PLIMCHECK
 70
     0
  9
$PEXTMIN
 10
1.000000000000000E+20
 20
1.000000000000000E+20
 30
1.000000000000000E+20
  9
$PEXTMAX
 10
-1.000000000000000E+20
 20
-1.000000000000000E+20
 30
-1.000000000000000E+20
  9
$PLIMMIN
 10
0.0
 20
0.0
  9
$PLIMMAX
 10
420.0
 20
297.0
  9
$UNITMODE
 70
     0
  9
$VISRETAIN
 70
     1
  9
$PLINEGEN
 70
     0
  9
$PSLTSCALE
 70
     1
  9
$TREEDEPTH
 70
  3020
  9
$CMLSTYLE
  2
Standard
  9
$CMLJUST
 70
     0
  9
$CMLSCALE
 40
20.0
  9
$PROXYGRAPHICS
 70
     1
  9
$MEASUREMENT
 70
     1
  9
$CELWEIGHT
370
    -1
  9
$ENDCAPS
280
     0
  9
$JOINSTYLE
280
     0
  9
$LWDISPLAY
290
     0
  9
$INSUNITS
 70
     4
  9
$HYPERLINKBASE
  1

  9
$STYLESHEET
  1

  9
$XEDIT
290
     1
  9
$CEPSNTYPE
380
     0
  9
$PSTYLEMODE
290
     1
  9
$FINGERPRINTGUID
  2
{3394f5ad-286e-4bb0-bede-5a3f50e19b6f}
  9
$VERSIONGUID
  2
{FAEB1C32-E019-11D5-929B-00C0DF256EC4}
  9
$EXTNAMES
290
     1
  9
$PSVPSCALE
 40
0.0
  9
$OLESTARTUP
290
     0
  9
$SORTENTS
280
   127
  9
$INDEXCTL
280
     0
  9
$HIDETEXT
280
     1
  9
$XCLIPFRAME
280
     2
  9
$HALOGAP
280
     0
  9
$OBSCOLOR
 70
   257
  9
$OBSLTYPE
280
     0
  9
$INTERSECTIONDISPLAY
280
     0
  9
$INTERSECTIONCOLOR
 70
   257
  9
$DIMASSOC
280
     2
  9
$PROJECTNAME
  1

  9
$CAMERADISPLAY
290
     0
  9
$LENSLENGTH
 40
50.0
  9
$CAMERAHEIGHT
 40
0.0
  9
$STEPSPERSEC
 40
2.0
  9
$STEPSIZE
 40
6.0
  9
$3DDWFPREC
 40
2.0
  9
$PSOLWIDTH
 40
5.0
  9
$PSOLHEIGHT
 40
80.0
  9
$LOFTANG1
 40
1.570796326794897
  9
$LOFTANG2
 40
1.570796326794897
  9
$LOFTMAG1
 40
0.0
  9
$LOFTMAG2
 40
0.0
  9
$LOFTPARAM
 70
     7
  9
$LOFTNORMALS
280
     1
  9
$LATITUDE
 40
37.795
  9
$LONGITUDE
 40
-122.394
  9
$NORTHDIRECTION
 40
0.0
  9
$TIMEZONE
 70
 -8000
  9
$LIGHTGLYPHDISPLAY
280
     1
  9
$TILEMODELIGHTSYNCH
280
     1
  9
$CMATERIAL
347
44
  9
$SOLIDHIST
280
     0
  9
$SHOWHIST
280
     1
  9
$DWFFRAME
280
     2
  9
$DGNFRAME
280
     2
  9
$REALWORLDSCALE
290
     1
  9
$INTERFERECOLOR
 62
   256
  9
$CSHADOW
280
     0
  9
$SHADOWPLANELOCATION
 40
0.0
  0
ENDSEC
  0
SECTION
  2
CLASSES
  0
CLASS
  1
ACDBDICTIONARYWDFLT
  2
AcDbDictionaryWithDefault
  3
ObjectDBX Classes
 90
        0
 91
        3
280
     0
281
     0
  0
CLASS
  1
VISUALSTYLE
  2
AcDbVisualStyle
  3
ObjectDBX Classes
 90
     4095
 91
        3
280
     0
281
     0
  0
CLASS
  1
MATERIAL
  2
AcDbMaterial
  3
ObjectDBX Classes
 90
     1153
 91
        3
280
     0
281
     0
  0
CLASS
  1
SCALE
  2
AcDbScale
  3
ObjectDBX Classes
 90
     1153
 91
        3
280
     0
281
     0
  0
CLASS
  1
TABLESTYLE
  2
AcDbTableStyle
  3
ObjectDBX Classes
 90
     4095
 91
        3
280
     0
281
     0
  0
CLASS
  1
MLEADERSTYLE
  2
AcDbMLeaderStyle
  3
ACDB_MLEADERSTYLE_CLASS
 90
     4095
 91
        3
280
     0
281
     0
  0
CLASS
  1
SUN
  2
AcDbSun
  3
SCENEOE
 90
     1153
 91
        3
280
     0
281
     0
  0
CLASS
  1
DICTIONARYVAR
  2
AcDbDictionaryVar
  3
ObjectDBX Classes
 90
        0
 91
        3
280
     0
281
     0
  0
CLASS
  1
CELLSTYLEMAP
  2
AcDbCellStyleMap
  3
ObjectDBX Classes
 90
     1152
 91
        3
280
     0
281
     0
  0
ENDSEC
  0
SECTION
  2
TABLES
  0
TABLE
  2
VPORT
  5
8
330
0
100
AcDbSymbolTable
 70
     1
  0
VPORT
  5
29
330
8
100
AcDbSymbolTableRecord
100
AcDbViewportTableRecord
  2
*Active
 70
     0
 10
0.0
 20
0.0
 11
1.0
 21
1.0
 12
6.000169491516829
 22
374.9516949151538
 13
0.0
 23
0.0
 14
10.0
 24
10.0
 15
10.0
 25
10.0
 16
0.0
 26
0.0
 36
1.0
 17
0.0
 27
0.0
 37
0.0
 40
764.9014576270441
 41
0.5071324441793011
 42
50.0
 43
0.0
 44
0.0
 50
0.0
 51
0.0
 71
     0
 72
   100
 73
     1
 74
     3
 75
     0
 76
     0
 77
     0
 78
     0
281
     0
 65
     1
110
0.0
120
0.0
130
0.0
111
1.0
121
0.0
131
0.0
112
0.0
122
1.0
132
0.0
 79
     0
146
0.0
348
2F
 60
     3
 61
     5
292
     1
282
     1
141
0.0
142
0.0
 63
   250
361
5D
  0
ENDTAB
  0
TABLE
  2
LTYPE
  5
5
330
0
100
AcDbSymbolTable
 70
     2
  0
LTYPE
  5
14
330
5
100
AcDbSymbolTableRecord
100
AcDbLinetypeTableRecord
  2
ByBlock
 70
     0
  3

 72
    65
 73
     0
 40
0.0
  0
LTYPE
  5
15
330
5
100
AcDbSymbolTableRecord
100
AcDbLinetypeTableRecord
  2
ByLayer
 70
     0
  3

 72
    65
 73
     0
 40
0.0
  0
LTYPE
  5
16
330
5
100
AcDbSymbolTableRecord
100
AcDbLinetypeTableRecord
  2
Continuous
 70
     0
  3
Solid line
 72
    65
 73
     0
 40
0.0
  0
LTYPE
  5
13E
330
5
100
AcDbSymbolTableRecord
100
AcDbLinetypeTableRecord
  2
Dashed
 70
     0
  3

 72
    65
 73
     2
 40
2.0
 49
1.0
 74
     0
 49
-1.0
 74
     0
  0
ENDTAB
  0
TABLE
  2
LAYER
  5
2
330
0
100
AcDbSymbolTable
 70
     5
  0
LAYER
  5
10
330
2
100
AcDbSymbolTableRecord
100
AcDbLayerTableRecord
  2
0
 70
     0
 62
     7
  6
Continuous
370
    -3
390
F
347
46
348
0
  0
LAYER
  5
5E
330
2
100
AcDbSymbolTableRecord
100
AcDbLayerTableRecord
  2
AM_6
 70
     0
 62
    -2
  6
Continuous
370
    35
390
F
347
46
348
0
  0
LAYER
  5
9F
330
2
100
AcDbSymbolTableRecord
100
AcDbLayerTableRecord
  2
AM_0
 70
     0
 62
     7
  6
Continuous
370
    50
390
F
347
46
348
0
  0
LAYER
  5
C9
330
2
100
AcDbSymbolTableRecord
100
AcDbLayerTableRecord
  2
AM_4
 70
     0
 62
     3
  6
Continuous
370
    25
390
F
347
46
348
0
  0
LAYER
  5
13F
330
2
100
AcDbSymbolTableRecord
100
AcDbLayerTableRecord
  2
AM_9
 70
     0
 62
     6
  6
Dashed
370
    25
390
F
347
46
348
0
  0
ENDTAB
  0
TABLE
  2
STYLE
  5
3
330
0
100
AcDbSymbolTable
 70
     1
  0
STYLE
  5
11
330
3
100
AcDbSymbolTableRecord
100
AcDbTextStyleTableRecord
  2
Standard
 70
     0
 40
0.0
 41
1.0
 50
0.0
 71
     0
 42
2.5
  3
txt
  4

  0
ENDTAB
  0
TABLE
  2
VIEW
  5
6
330
0
100
AcDbSymbolTable
 70
     0
  0
ENDTAB
  0
TABLE
  2
UCS
  5
7
330
0
100
AcDbSymbolTable
 70
     0
  0
ENDTAB
  0
TABLE
  2
APPID
  5
9
330
0
100
AcDbSymbolTable
 70
     1
  0
APPID
  5
12
330
9
100
AcDbSymbolTableRecord
100
AcDbRegAppTableRecord
  2
ACAD
 70
     0
  0
ENDTAB
  0
TABLE
  2
DIMSTYLE
  5
A
330
0
100
AcDbSymbolTable
 70
     1
100
AcDbDimStyleTable
  0
DIMSTYLE
105
27
330
A
100
AcDbSymbolTableRecord
100
AcDbDimStyleTableRecord
  2
ISO-25
 70
     0
 41
2.5
 42
0.625
 43
3.75
 44
1.25
 73
     0
 74
     0
 77
     1
 78
     8
140
2.5
141
2.5
143
0.03937007874016
147
0.625
171
     3
172
     1
178
     0
271
     2
272
     2
274
     3
278
    44
283
     0
284
     8
340
11
  0
ENDTAB
  0
TABLE
  2
BLOCK_RECORD
  5
1
330
0
100
AcDbSymbolTable
 70
    14
  0
BLOCK_RECORD
  5
1F
330
1
100
AcDbSymbolTableRecord
100
AcDbBlockTableRecord
  2
*Model_Space
340
22
 70
     0
280
     1
281
     0
  0
BLOCK_RECORD
  5
1B
330
1
100
AcDbSymbolTableRecord
100
AcDbBlockTableRecord
  2
*Paper_Space
340
1E
 70
     0
280
     1
281
     0
  0
BLOCK_RECORD
  5
23
330
1
100
AcDbSymbolTableRecord
100
AcDbBlockTableRecord
  2
*Paper_Space0
340
26
 70
     0
280
     1
281
     0
  0
BLOCK_RECORD
  5
7D
330
1
100
AcDbSymbolTableRecord
100
AcDbBlockTableRecord
  2
1_4MXM36AVJU9_PART13_0_in_4MXM36AVJU9_2
340
0
102
{BLKREFS
331
7E
102
}
 70
     0
280
     1
281
     0
  0
BLOCK_RECORD
  5
A5
330
1
100
AcDbSymbolTableRecord
100
AcDbBlockTableRecord
  2
2_4MXM36AVJU9_PART12_0_in_4MXM36AVJU9_2
340
0
102
{BLKREFS
331
A6
102
}
 70
     0
280
     1
281
     0
  0
BLOCK_RECORD
  5
D0
330
1
100
AcDbSymbolTableRecord
100
AcDbBlockTableRecord
  2
3_4MXM36AVJU9_PART11_0_in_4MXM36AVJU9_2
340
0
102
{BLKREFS
331
D1
102
}
 70
     0
280
     1
281
     0
  0
BLOCK_RECORD
  5
F4
330
1
100
AcDbSymbolTableRecord
100
AcDbBlockTableRecord
  2
4_4MXM36AVJU9_PART10_0_in_4MXM36AVJU9_2
340
0
102
{BLKREFS
331
F5
102
}
 70
     0
280
     1
281
     0
  0
BLOCK_RECORD
  5
11C
330
1
100
AcDbSymbolTableRecord
100
AcDbBlockTableRecord
  2
5_4MXM36AVJU9_PART9_0_in_4MXM36AVJU9_2
340
0
102
{BLKREFS
331
11D
102
}
 70
     0
280
     1
281
     0
  0
BLOCK_RECORD
  5
143
330
1
100
AcDbSymbolTableRecord
100
AcDbBlockTableRecord
  2
6_4MXM36AVJU9_PART8_0_in_4MXM36AVJU9_2
340
0
102
{BLKREFS
331
144
102
}
 70
     0
280
     1
281
     0
  0
BLOCK_RECORD
  5
169
330
1
100
AcDbSymbolTableRecord
100
AcDbBlockTableRecord
  2
7_4MXM36AVJU9_PART7_0_in_4MXM36AVJU9_2
340
0
102
{BLKREFS
331
16A
102
}
 70
     0
280
     1
281
     0
  0
BLOCK_RECORD
  5
18F
330
1
100
AcDbSymbolTableRecord
100
AcDbBlockTableRecord
  2
8_4MXM36AVJU9_PART6_0_in_4MXM36AVJU9_2
340
0
102
{BLKREFS
331
190
102
}
 70
     0
280
     1
281
     0
  0
BLOCK_RECORD
  5
1B5
330
1
100
AcDbSymbolTableRecord
100
AcDbBlockTableRecord
  2
9_4MXM36AVJU9_PART5_0_in_4MXM36AVJU9_2
340
0
102
{BLKREFS
331
1B6
102
}
 70
     0
280
     1
281
     0
  0
BLOCK_RECORD
  5
1DA
330
1
100
AcDbSymbolTableRecord
100
AcDbBlockTableRecord
  2
10_4MXM36AVJU9_PART4_0_in_4MXM36AVJU9_2
340
0
102
{BLKREFS
331
1DB
102
}
 70
     0
280
     1
281
     0
  0
BLOCK_RECORD
  5
200
330
1
100
AcDbSymbolTableRecord
100
AcDbBlockTableRecord
  2
11_4MXM36AVJU9_PART3_0_in_4MXM36AVJU9_2
340
0
102
{BLKREFS
331
201
102
}
 70
     0
280
     1
281
     0
  0
BLOCK_RECORD
  5
226
330
1
100
AcDbSymbolTableRecord
100
AcDbBlockTableRecord
  2
12_4MXM36AVJU9_PART2_0_in_4MXM36AVJU9_2
340
0
102
{BLKREFS
331
227
102
}
 70
     0
280
     1
281
     0
  0
BLOCK_RECORD
  5
24C
330
1
100
AcDbSymbolTableRecord
100
AcDbBlockTableRecord
  2
13_4MXM36AVJU9_PART1_0_in_4MXM36AVJU9_2
340
0
102
{BLKREFS
331
24D
102
}
 70
     0
280
     1
281
     0
  0
ENDTAB
  0
ENDSEC
  0
SECTION
  2
BLOCKS
  0
BLOCK
  5
20
330
1F
100
AcDbEntity
  8
0
100
AcDbBlockBegin
  2
*Model_Space
 70
     2
 10
0.0
 20
0.0
 30
0.0
  3
*Model_Space
  1

  0
ENDBLK
  5
21
330
1F
100
AcDbEntity
  8
0
100
AcDbBlockEnd
  0
BLOCK
  5
1C
330
1B
100
AcDbEntity
 67
     1
  8
0
100
AcDbBlockBegin
  2
*Paper_Space
 70
     0
 10
0.0
 20
0.0
 30
0.0
  3
*Paper_Space
  1

  0
ENDBLK
  5
1D
330
1B
100
AcDbEntity
 67
     1
  8
0
100
AcDbBlockEnd
  0
BLOCK
  5
24
330
23
100
AcDbEntity
  8
0
100
AcDbBlockBegin
  2
*Paper_Space0
 70
     0
 10
0.0
 20
0.0
 30
0.0
  3
*Paper_Space0
  1

  0
ENDBLK
  5
25
330
23
100
AcDbEntity
  8
0
100
AcDbBlockEnd
  0
BLOCK
  5
7F
330
7D
100
AcDbEntity
  8
0
100
AcDbBlockBegin
  2
1_4MXM36AVJU9_PART13_0_in_4MXM36AVJU9_2
 70
     2
 10
0.0
 20
0.0
 30
0.0
  3
1_4MXM36AVJU9_PART13_0_in_4MXM36AVJU9_2
  1

  0
ATTDEF
  5
81
330
7D
100
AcDbEntity
  8
AM_6
100
AcDbText
 10
165.3374999999901
 20
749.2999999998631
 30
0.0
 40
0.5
  1
4MXM36AVJU9_PART13
100
AcDbAttributeDefinition
  3

  2
NB
 70
     8
280
     0
  0
ATTDEF
  5
82
330
7D
100
AcDbEntity
  8
AM_6
100
AcDbText
 10
165.3374999999901
 20
748.7999999998631
 30
0.0
 40
0.5
  1

100
AcDbAttributeDefinition
  3

  2
NN
 70
     8
280
     0
  0
ATTDEF
  5
83
330
7D
100
AcDbEntity
  8
AM_6
100
AcDbText
 10
165.3374999999901
 20
748.2999999998631
 30
0.0
 40
0.5
  1

100
AcDbAttributeDefinition
  3

  2
NT
 70
     8
280
     0
  0
ATTDEF
  5
84
330
7D
100
AcDbEntity
  8
AM_6
100
AcDbText
 10
165.3374999999901
 20
747.7999999998631
 30
0.0
 40
0.5
  1
$PARTNUMBER._PART13
100
AcDbAttributeDefinition
  3

  2
NBSYN
 70
     8
280
     0
  0
ATTDEF
  5
85
330
7D
100
AcDbEntity
  8
AM_6
100
AcDbText
 10
165.3374999999901
 20
747.2999999998631
 30
0.0
 40
0.5
  1
4MXM36AVJU9_PART13
100
AcDbAttributeDefinition
  3

  2
LINA
 70
     8
280
     0
  0
ATTDEF
  5
86
330
7D
100
AcDbEntity
  8
AM_6
100
AcDbText
 10
165.3374999999901
 20
746.7999999998631
 30
0.0
 40
0.5
  1
Daikin
100
AcDbAttributeDefinition
  3

  2
CATALOG
 70
     8
280
     0
  0
ATTDEF
  5
87
330
7D
100
AcDbEntity
  8
AM_6
100
AcDbText
 10
165.3374999999901
 20
746.2999999998631
 30
0.0
 40
0.5
  1
4MXM36AVJU9
100
AcDbAttributeDefinition
  3

  2
PARTNUMBER
 70
     8
280
     0
  0
ATTDEF
  5
88
330
7D
100
AcDbEntity
  8
AM_6
100
AcDbText
 10
165.3374999999901
 20
745.7999999998631
 30
0.0
 40
0.5
  1
Multi Zone Heat Pump Outdoor Units
100
AcDbAttributeDefinition
  3

  2
DESCRIPTION
 70
     8
280
     0
  0
ATTDEF
  5
89
330
7D
100
AcDbEntity
  8
AM_6
100
AcDbText
 10
165.3374999999901
 20
745.2999999998631
 30
0.0
 40
0.5
  1
12.6250
100
AcDbAttributeDefinition
  3

  2
OVERALL_DEPTH
 70
     8
280
     0
  0
ATTDEF
  5
8A
330
7D
100
AcDbEntity
  8
AM_6
100
AcDbText
 10
165.3374999999901
 20
744.7999999998631
 30
0.0
 40
0.5
  1
29.5000
100
AcDbAttributeDefinition
  3

  2
OVERALL_HEIGHT
 70
     8
280
     0
  0
ATTDEF
  5
8B
330
7D
100
AcDbEntity
  8
AM_6
100
AcDbText
 10
165.3374999999901
 20
744.2999999998631
 30
0.0
 40
0.5
  1
34.2500
100
AcDbAttributeDefinition
  3

  2
OVERALL_WIDTH
 70
     8
280
     0
  0
ATTDEF
  5
8C
330
7D
100
AcDbEntity
  8
AM_6
100
AcDbText
 10
165.3374999999901
 20
743.7999999998631
 30
0.0
 40
0.5
  1
https://daikincomfort.com/
100
AcDbAttributeDefinition
  3

  2
URL
 70
     8
280
     0
  0
ATTDEF
  5
8D
330
7D
100
AcDbEntity
  8
AM_6
100
AcDbText
 10
165.3374999999901
 20
743.2999999998631
 30
0.0
 40
0.5
  1
Download Revit Family (RFA)
100
AcDbAttributeDefinition
  3

  2
RFA_FAMILY
 70
     8
280
     0
  0
ATTDEF
  5
8E
330
7D
100
AcDbEntity
  8
AM_6
100
AcDbText
 10
165.3374999999901
 20
742.7999999998631
 30
0.0
 40
0.5
  1
daikin
100
AcDbAttributeDefinition
  3

  2
COMPANY
 70
     8
280
     0
  0
ATTDEF
  5
8F
330
7D
100
AcDbEntity
  8
AM_6
100
AcDbText
 10
165.3374999999901
 20
742.2999999998631
 30
0.0
 40
0.5
  1
{$CADENAS_DATA/23d-libs/daikin/multi20zone20systems/multi20zone20outdoor20units/heat_pump_unit-multi_zone-outdoor-daikin-mxm.prj},240 {VTYP=3D},{NB=4MXM36AVJU9_PART13},{LINA=4MXM36AVJU9_PART13},{NN=(R32) Heat_Pump_Unit-Multi_Zone-Outdoor-Daikin-MXM_
100
AcDbAttributeDefinition
  3

  2
PSOL_0
 70
     9
280
     0
  0
ATTDEF
  5
90
330
7D
100
AcDbEntity
  8
AM_6
100
AcDbText
 10
165.3374999999901
 20
741.7999999998631
 30
0.0
 40
0.5
  1
},{NOPRJ=TRUE},{DATE=03.06.2026 19:23:31},{GEOMDATE=06.03.2026 09:05:37},{VERSION=},{LINEID=30},{WBVAR=},{WBNUMERIC=}  {NB=4MXM36AVJU9_PART13},{LINA=4MXM36AVJU9_PART13},{KT=DUMMY},{PARTNUMBER=4MXM36AVJU9},{APPARENT_POWER=},{PARTNUMBERHELP=},{ASSEMBL
100
AcDbAttributeDefinition
  3

  2
PSOL_1
 70
     9
280
     0
  0
ATTDEF
  5
91
330
7D
100
AcDbEntity
  8
AM_6
100
AcDbText
 10
165.3374999999901
 20
741.2999999998631
 30
0.0
 40
0.5
  1
=},{BASE_PITCH=},{BASE_PITCH_OFFSET=},{BASE_PITCH_WIDTH=},{BASE_PITCH_WIDTH_APART=},{CATEGORY=},{CLEARANCE_VISIBILITY=},{COMPRESSOR_TYPE=},{CONDENSATE_DRAIN_CONNECTION_DIAMETER=},{CONDENSATE_DRAIN_CONNECTION_RADIUS=},{CONDENSATE_DRAIN_DEPTH_OFFSET=}
100
AcDbAttributeDefinition
  3

  2
PSOL_2
 70
     9
280
     0
  0
ATTDEF
  5
92
330
7D
100
AcDbEntity
  8
AM_6
100
AcDbText
 10
165.3374999999901
 20
740.7999999998631
 30
0.0
 40
0.5
  1
ENSATE_DRAIN_HORIZONTAL_OFFSET=},{COST=},{DEFAULT_ELEVATION=},{DESCRIPTION=Multi Zone Heat Pump Outdoor Units},{ENCLOSURE_DEPTH=},{ENCLOSURE_HEIGHT_OFFSET=},{ENCLOSURE_WIDTH=},{FAN_TYPE=},{FREQUENCY=},{FRONT_GRILL_L_X_H=},{LOAD_SUB_CLASSIFICATION_MO
100
AcDbAttributeDefinition
  3

  2
PSOL_3
 70
     9
280
     0
  0
ATTDEF
  5
93
330
7D
100
AcDbEntity
  8
AM_6
100
AcDbText
 10
165.3374999999901
 20
740.2999999998631
 30
0.0
 40
0.5
  1
{MANUFACTURER=},{MASSUNIT=},{MAXIMUM_OVERCURRENT_PROTECTION=},{MINIMUM_CIRCUIT_AMPS=},{NOMINAL_COOLING_CAPACITY=},{NOMINAL_COOLING_CAPACITY__TONS_=},{NOMINAL_HEATING_CAPACITY=},{NUMBER_OF_POLES=},{OVERALL_DEPTH=12.6250},{OVERALL_HEIGHT=29.5000},{OVE
100
AcDbAttributeDefinition
  3

  2
PSOL_4
 70
     9
280
     0
  0
ATTDEF
  5
94
330
7D
100
AcDbEntity
  8
AM_6
100
AcDbText
 10
165.3374999999901
 20
739.7999999998631
 30
0.0
 40
0.5
  1
IDTH=34.2500},{PARTTYPE=},{PHASE=},{REFRIGERANT_CHARGE=},{REFRIGERANT_LIQUID_OFFSET=},{REFRIGERANT_SUCTION_GAS_CONNECTION_DEPTH_OFFSET_ROOM_A=},{REFRIGERANT_SUCTION_GAS_CONNECTION_DIAMETER_ROOM_A=},{REFRIGERANT_SUCTION_GAS_CONNECTION_DIAMETER_ROOM_B
100
AcDbAttributeDefinition
  3

  2
PSOL_5
 70
     9
280
     0
  0
ATTDEF
  5
95
330
7D
100
AcDbEntity
  8
AM_6
100
AcDbText
 10
165.3374999999901
 20
739.2999999998631
 30
0.0
 40
0.5
  1
FRIGERANT_SUCTION_GAS_CONNECTION_RADIUS_ROOM_A=},{REFRIGERANT_SUCTION_GAS_CONNECTION_RADIUS_ROOM_B=},{REFRIGERANT_USED=},{SERIES=},{SPACE_OR_PERFOMANCE_FRONT=},{SPACE_OR_PERFOMANCE_REAR=},{SPACE_OR_PERFOMANCE_SIDE=},{SYSTEM_PERFORMANCE_COP=},{SYSTEM
100
AcDbAttributeDefinition
  3

  2
PSOL_6
 70
     9
280
     0
  0
ATTDEF
  5
96
330
7D
100
AcDbEntity
  8
AM_6
100
AcDbText
 10
165.3374999999901
 20
738.7999999998631
 30
0.0
 40
0.5
  1
RMANCE_EER2=},{SYSTEM_PERFORMANCE_HSPF2=},{SYSTEM_PERFORMANCE_SEER2=},{UNIT_WEIGHT=},{URL=https://daikincomfort.com/},{VERSION=},{VOLTAGE=},{VOLTAGE_COMMENTS=},{CLASSIFICATION_NUMBER=},{PRODUCT_PAGE_URL=},{REFRIGERANT_LIQUID_CONNECTION_ARRAY_VERTICA
100
AcDbAttributeDefinition
  3

  2
PSOL_7
 70
     9
280
     0
  0
ATTDEF
  5
97
330
7D
100
AcDbEntity
  8
AM_6
100
AcDbText
 10
165.3374999999901
 20
738.2999999998631
 30
0.0
 40
0.5
  1
ET=},{REFRIGERANT_LIQUID_CONNECTION_DIAMETER=},{REFRIGERANT_LIQUID_CONNECTION_HORIZONTAL_OFFSET=},{REFRIGERANT_LIQUID_CONNECTION_RADIUS=},{REFRIGERANT_LIQUID_CONNECTION_VERTICAL_OFFSET=},{REFRIGERANT_SUCTION_GAS_CONNECTION_ARRAY_VERTICAL_OFFSET=},{R
100
AcDbAttributeDefinition
  3

  2
PSOL_8
 70
     9
280
     0
  0
ATTDEF
  5
98
330
7D
100
AcDbEntity
  8
AM_6
100
AcDbText
 10
165.3374999999901
 20
737.7999999998631
 30
0.0
 40
0.5
  1
RANT_SUCTION_GAS_CONNECTION_DEPTH_OFFSET=},{REFRIGERANT_SUCTION_GAS_CONNECTION_DEPTH_OFFSET_ROOM_D=},{REFRIGERANT_SUCTION_GAS_CONNECTION_DEPTH_OFFSET_ROOM_E=},{REFRIGERANT_SUCTION_GAS_CONNECTION_DIAMETER_ROOM_C=},{REFRIGERANT_SUCTION_GAS_CONNECTION_
100
AcDbAttributeDefinition
  3

  2
PSOL_9
 70
     9
280
     0
  0
ATTDEF
  5
99
330
7D
100
AcDbEntity
  8
AM_6
100
AcDbText
 10
165.3374999999901
 20
737.2999999998631
 30
0.0
 40
0.5
  1
ER_ROOM_D=},{REFRIGERANT_SUCTION_GAS_CONNECTION_DIAMETER_ROOM_E=},{REFRIGERANT_SUCTION_GAS_CONNECTION_HORIZONTAL_OFFSET=},{REFRIGERANT_SUCTION_GAS_CONNECTION_RADIUS_ROOM_C=},{REFRIGERANT_SUCTION_GAS_CONNECTION_RADIUS_ROOM_D=},{REFRIGERANT_SUCTION_GA
100
AcDbAttributeDefinition
  3

  2
PSOL_10
 70
     9
280
     0
  0
ATTDEF
  5
9A
330
7D
100
AcDbEntity
  8
AM_6
100
AcDbText
 10
165.3374999999901
 20
736.7999999998631
 30
0.0
 40
0.5
  1
ECTION_RADIUS_ROOM_E=},{REFRIGERANT_SUCTION_GAS_CONNECTION_VERTICAL_OFFSET=},{RFA_FAMILY=Download Revit Family (RFA)},{PARTNUMBERMAP09=3Ton_4MXM36AVJU9},{MODEL=},{OMNICLASS_NUMBER=},{OMNICLASS_TITLE=},{REFRIGERANT_LIQUID_CONNECTION_DEPTH_OFFSET=},{R
100
AcDbAttributeDefinition
  3

  2
PSOL_11
 70
     9
280
     0
  0
ATTDEF
  5
9B
330
7D
100
AcDbEntity
  8
AM_6
100
AcDbText
 10
165.3374999999901
 20
736.2999999998631
 30
0.0
 40
0.5
  1
RANT_LIQUID_CONNECTION_DIAMETER_ROOM_A=},{REFRIGERANT_LIQUID_CONNECTION_DIAMETER_ROOM_B=},{REFRIGERANT_LIQUID_CONNECTION_RADIUS_ROOM_A=},{REFRIGERANT_LIQUID_CONNECTION_RADIUS_ROOM_B=},{REFRIGERANT_LIQUID_CONNECTION_VERTICAL_OFFSET_ROOM_A=},{REFRIGER
100
AcDbAttributeDefinition
  3

  2
PSOL_12
 70
     9
280
     0
  0
ATTDEF
  5
9C
330
7D
100
AcDbEntity
  8
AM_6
100
AcDbText
 10
165.3374999999901
 20
735.7999999998631
 30
0.0
 40
0.5
  1
QUID_CONNECTION_VERTICAL_OFFSET_ROOM_B=},{REFRIGERANT_SUCTION_GAS_CONNECTION_DEPTH_OFFSET_ROOM_B=},{REFRIGERANT_SUCTION_GAS_CONNECTION_VERTICAL_OFFSET_ROOM_A=},{REFRIGERANT_SUCTION_GAS_CONNECTION_VERTICAL_OFFSET_ROOM_B=},{REFRIGERANT_SUCTION_GAS_OFF
100
AcDbAttributeDefinition
  3

  2
PSOL_13
 70
     9
280
     0
  0
ATTDEF
  5
9D
330
7D
100
AcDbEntity
  8
AM_6
100
AcDbText
 10
165.3374999999901
 20
735.2999999998631
 30
0.0
 40
0.5
  1
{STOP_VALVE_COVER_DEPTH=},{STOP_VALVE_COVER_HEIGHT=},{STOP_VALVE_COVER_VISIBILITY=},{STOP_VALVE_COVER_WIDTH=},{DEFAULTSORTATTR=},{RFA_FAMILY_=../../_pool_/25/33/heat_pump_unit-multi_zone-outdoor-daikin-4mxm.zip},{RFA_FAMILY_ENG=../../_pool_/25/33/he
100
AcDbAttributeDefinition
  3

  2
PSOL_14
 70
     9
280
     0
  0
ATTDEF
  5
9E
330
7D
100
AcDbEntity
  8
AM_6
100
AcDbText
 10
165.3374999999901
 20
734.7999999998631
 30
0.0
 40
0.5
  1
p_unit-multi_zone-outdoor-daikin-4mxm.zip},{REVIT_FAMILY_DOWNLOAD=../../_pool_/25/33/heat_pump_unit-multi_zone-outdoor-daikin-4mxm.zip}
100
AcDbAttributeDefinition
  3

  2
PSOL_15
 70
     9
280
     0
  0
LINE
  5
A0
330
7D
100
AcDbEntity
  8
AM_0
100
AcDbLine
 10
-160.33750000001
 20
749.299999999863
 30
0.0
 11
160.33749999999
 21
749.2999999998631
 31
0.0
  0
LINE
  5
A1
330
7D
100
AcDbEntity
  8
AM_0
100
AcDbLine
 10
-160.33750000001
 20
25.39999999986509
 30
0.0
 11
-160.33750000001
 21
749.299999999863
 31
0.0
  0
LINE
  5
A2
330
7D
100
AcDbEntity
  8
AM_0
100
AcDbLine
 10
-112.236250000007
 20
25.39999999986509
 30
0.0
 11
-160.33750000001
 21
25.39999999986509
 31
0.0
  0
LINE
  5
A3
330
7D
100
AcDbEntity
  8
AM_0
100
AcDbLine
 10
160.3374999999901
 20
25.39999999986509
 30
0.0
 11
112.236249999993
 21
25.39999999986509
 31
0.0
  0
LINE
  5
A4
330
7D
100
AcDbEntity
  8
AM_0
100
AcDbLine
 10
160.33749999999
 20
749.2999999998631
 30
0.0
 11
160.3374999999901
 21
25.39999999986509
 31
0.0
  0
ENDBLK
  5
80
330
7D
100
AcDbEntity
  8
0
100
AcDbBlockEnd
  0
BLOCK
  5
A7
330
A5
100
AcDbEntity
  8
0
100
AcDbBlockBegin
  2
2_4MXM36AVJU9_PART12_0_in_4MXM36AVJU9_2
 70
     2
 10
0.0
 20
0.0
 30
0.0
  3
2_4MXM36AVJU9_PART12_0_in_4MXM36AVJU9_2
  1

  0
ATTDEF
  5
A9
330
A5
100
AcDbEntity
  8
AM_6
100
AcDbText
 10
117.236249999993
 20
699.7699999999113
 30
0.0
 40
0.5
  1
4MXM36AVJU9_PART12
100
AcDbAttributeDefinition
  3

  2
NB
 70
     8
280
     0
  0
ATTDEF
  5
AA
330
A5
100
AcDbEntity
  8
AM_6
100
AcDbText
 10
117.236249999993
 20
699.2699999999113
 30
0.0
 40
0.5
  1

100
AcDbAttributeDefinition
  3

  2
NN
 70
     8
280
     0
  0
ATTDEF
  5
AB
330
A5
100
AcDbEntity
  8
AM_6
100
AcDbText
 10
117.236249999993
 20
698.7699999999113
 30
0.0
 40
0.5
  1

100
AcDbAttributeDefinition
  3

  2
NT
 70
     8
280
     0
  0
ATTDEF
  5
AC
330
A5
100
AcDbEntity
  8
AM_6
100
AcDbText
 10
117.236249999993
 20
698.2699999999113
 30
0.0
 40
0.5
  1
$PARTNUMBER._PART12
100
AcDbAttributeDefinition
  3

  2
NBSYN
 70
     8
280
     0
  0
ATTDEF
  5
AD
330
A5
100
AcDbEntity
  8
AM_6
100
AcDbText
 10
117.236249999993
 20
697.7699999999113
 30
0.0
 40
0.5
  1
4MXM36AVJU9_PART12
100
AcDbAttributeDefinition
  3

  2
LINA
 70
     8
280
     0
  0
ATTDEF
  5
AE
330
A5
100
AcDbEntity
  8
AM_6
100
AcDbText
 10
117.236249999993
 20
697.2699999999113
 30
0.0
 40
0.5
  1
Daikin
100
AcDbAttributeDefinition
  3

  2
CATALOG
 70
     8
280
     0
  0
ATTDEF
  5
AF
330
A5
100
AcDbEntity
  8
AM_6
100
AcDbText
 10
117.236249999993
 20
696.7699999999113
 30
0.0
 40
0.5
  1
4MXM36AVJU9
100
AcDbAttributeDefinition
  3

  2
PARTNUMBER
 70
     8
280
     0
  0
ATTDEF
  5
B0
330
A5
100
AcDbEntity
  8
AM_6
100
AcDbText
 10
117.236249999993
 20
696.2699999999113
 30
0.0
 40
0.5
  1
Multi Zone Heat Pump Outdoor Units
100
AcDbAttributeDefinition
  3

  2
DESCRIPTION
 70
     8
280
     0
  0
ATTDEF
  5
B1
330
A5
100
AcDbEntity
  8
AM_6
100
AcDbText
 10
117.236249999993
 20
695.7699999999113
 30
0.0
 40
0.5
  1
12.6250
100
AcDbAttributeDefinition
  3

  2
OVERALL_DEPTH
 70
     8
280
     0
  0
ATTDEF
  5
B2
330
A5
100
AcDbEntity
  8
AM_6
100
AcDbText
 10
117.236249999993
 20
695.2699999999113
 30
0.0
 40
0.5
  1
29.5000
100
AcDbAttributeDefinition
  3

  2
OVERALL_HEIGHT
 70
     8
280
     0
  0
ATTDEF
  5
B3
330
A5
100
AcDbEntity
  8
AM_6
100
AcDbText
 10
117.236249999993
 20
694.7699999999113
 30
0.0
 40
0.5
  1
34.2500
100
AcDbAttributeDefinition
  3

  2
OVERALL_WIDTH
 70
     8
280
     0
  0
ATTDEF
  5
B4
330
A5
100
AcDbEntity
  8
AM_6
100
AcDbText
 10
117.236249999993
 20
694.2699999999113
 30
0.0
 40
0.5
  1
https://daikincomfort.com/
100
AcDbAttributeDefinition
  3

  2
URL
 70
     8
280
     0
  0
ATTDEF
  5
B5
330
A5
100
AcDbEntity
  8
AM_6
100
AcDbText
 10
117.236249999993
 20
693.7699999999113
 30
0.0
 40
0.5
  1
Download Revit Family (RFA)
100
AcDbAttributeDefinition
  3

  2
RFA_FAMILY
 70
     8
280
     0
  0
ATTDEF
  5
B6
330
A5
100
AcDbEntity
  8
AM_6
100
AcDbText
 10
117.236249999993
 20
693.2699999999113
 30
0.0
 40
0.5
  1
daikin
100
AcDbAttributeDefinition
  3

  2
COMPANY
 70
     8
280
     0
  0
ATTDEF
  5
B7
330
A5
100
AcDbEntity
  8
AM_6
100
AcDbText
 10
117.236249999993
 20
692.7699999999113
 30
0.0
 40
0.5
  1
{$CADENAS_DATA/23d-libs/daikin/multi20zone20systems/multi20zone20outdoor20units/heat_pump_unit-multi_zone-outdoor-daikin-mxm.prj},240 {VTYP=3D},{NB=4MXM36AVJU9_PART12},{LINA=4MXM36AVJU9_PART12},{NN=(R32) Heat_Pump_Unit-Multi_Zone-Outdoor-Daikin-MXM_
100
AcDbAttributeDefinition
  3

  2
PSOL_0
 70
     9
280
     0
  0
ATTDEF
  5
B8
330
A5
100
AcDbEntity
  8
AM_6
100
AcDbText
 10
117.236249999993
 20
692.2699999999113
 30
0.0
 40
0.5
  1
},{NOPRJ=TRUE},{DATE=03.06.2026 19:23:31},{GEOMDATE=06.03.2026 09:05:37},{VERSION=},{LINEID=30},{WBVAR=},{WBNUMERIC=}  {NB=4MXM36AVJU9_PART12},{LINA=4MXM36AVJU9_PART12},{KT=DUMMY},{PARTNUMBER=4MXM36AVJU9},{APPARENT_POWER=},{PARTNUMBERHELP=},{ASSEMBL
100
AcDbAttributeDefinition
  3

  2
PSOL_1
 70
     9
280
     0
  0
ATTDEF
  5
B9
330
A5
100
AcDbEntity
  8
AM_6
100
AcDbText
 10
117.236249999993
 20
691.7699999999113
 30
0.0
 40
0.5
  1
=},{BASE_PITCH=},{BASE_PITCH_OFFSET=},{BASE_PITCH_WIDTH=},{BASE_PITCH_WIDTH_APART=},{CATEGORY=},{CLEARANCE_VISIBILITY=},{COMPRESSOR_TYPE=},{CONDENSATE_DRAIN_CONNECTION_DIAMETER=},{CONDENSATE_DRAIN_CONNECTION_RADIUS=},{CONDENSATE_DRAIN_DEPTH_OFFSET=}
100
AcDbAttributeDefinition
  3

  2
PSOL_2
 70
     9
280
     0
  0
ATTDEF
  5
BA
330
A5
100
AcDbEntity
  8
AM_6
100
AcDbText
 10
117.236249999993
 20
691.2699999999113
 30
0.0
 40
0.5
  1
ENSATE_DRAIN_HORIZONTAL_OFFSET=},{COST=},{DEFAULT_ELEVATION=},{DESCRIPTION=Multi Zone Heat Pump Outdoor Units},{ENCLOSURE_DEPTH=},{ENCLOSURE_HEIGHT_OFFSET=},{ENCLOSURE_WIDTH=},{FAN_TYPE=},{FREQUENCY=},{FRONT_GRILL_L_X_H=},{LOAD_SUB_CLASSIFICATION_MO
100
AcDbAttributeDefinition
  3

  2
PSOL_3
 70
     9
280
     0
  0
ATTDEF
  5
BB
330
A5
100
AcDbEntity
  8
AM_6
100
AcDbText
 10
117.236249999993
 20
690.7699999999113
 30
0.0
 40
0.5
  1
{MANUFACTURER=},{MASSUNIT=},{MAXIMUM_OVERCURRENT_PROTECTION=},{MINIMUM_CIRCUIT_AMPS=},{NOMINAL_COOLING_CAPACITY=},{NOMINAL_COOLING_CAPACITY__TONS_=},{NOMINAL_HEATING_CAPACITY=},{NUMBER_OF_POLES=},{OVERALL_DEPTH=12.6250},{OVERALL_HEIGHT=29.5000},{OVE
100
AcDbAttributeDefinition
  3

  2
PSOL_4
 70
     9
280
     0
  0
ATTDEF
  5
BC
330
A5
100
AcDbEntity
  8
AM_6
100
AcDbText
 10
117.236249999993
 20
690.2699999999113
 30
0.0
 40
0.5
  1
IDTH=34.2500},{PARTTYPE=},{PHASE=},{REFRIGERANT_CHARGE=},{REFRIGERANT_LIQUID_OFFSET=},{REFRIGERANT_SUCTION_GAS_CONNECTION_DEPTH_OFFSET_ROOM_A=},{REFRIGERANT_SUCTION_GAS_CONNECTION_DIAMETER_ROOM_A=},{REFRIGERANT_SUCTION_GAS_CONNECTION_DIAMETER_ROOM_B
100
AcDbAttributeDefinition
  3

  2
PSOL_5
 70
     9
280
     0
  0
ATTDEF
  5
BD
330
A5
100
AcDbEntity
  8
AM_6
100
AcDbText
 10
117.236249999993
 20
689.7699999999113
 30
0.0
 40
0.5
  1
FRIGERANT_SUCTION_GAS_CONNECTION_RADIUS_ROOM_A=},{REFRIGERANT_SUCTION_GAS_CONNECTION_RADIUS_ROOM_B=},{REFRIGERANT_USED=},{SERIES=},{SPACE_OR_PERFOMANCE_FRONT=},{SPACE_OR_PERFOMANCE_REAR=},{SPACE_OR_PERFOMANCE_SIDE=},{SYSTEM_PERFORMANCE_COP=},{SYSTEM
100
AcDbAttributeDefinition
  3

  2
PSOL_6
 70
     9
280
     0
  0
ATTDEF
  5
BE
330
A5
100
AcDbEntity
  8
AM_6
100
AcDbText
 10
117.236249999993
 20
689.2699999999113
 30
0.0
 40
0.5
  1
RMANCE_EER2=},{SYSTEM_PERFORMANCE_HSPF2=},{SYSTEM_PERFORMANCE_SEER2=},{UNIT_WEIGHT=},{URL=https://daikincomfort.com/},{VERSION=},{VOLTAGE=},{VOLTAGE_COMMENTS=},{CLASSIFICATION_NUMBER=},{PRODUCT_PAGE_URL=},{REFRIGERANT_LIQUID_CONNECTION_ARRAY_VERTICA
100
AcDbAttributeDefinition
  3

  2
PSOL_7
 70
     9
280
     0
  0
ATTDEF
  5
BF
330
A5
100
AcDbEntity
  8
AM_6
100
AcDbText
 10
117.236249999993
 20
688.7699999999113
 30
0.0
 40
0.5
  1
ET=},{REFRIGERANT_LIQUID_CONNECTION_DIAMETER=},{REFRIGERANT_LIQUID_CONNECTION_HORIZONTAL_OFFSET=},{REFRIGERANT_LIQUID_CONNECTION_RADIUS=},{REFRIGERANT_LIQUID_CONNECTION_VERTICAL_OFFSET=},{REFRIGERANT_SUCTION_GAS_CONNECTION_ARRAY_VERTICAL_OFFSET=},{R
100
AcDbAttributeDefinition
  3

  2
PSOL_8
 70
     9
280
     0
  0
ATTDEF
  5
C0
330
A5
100
AcDbEntity
  8
AM_6
100
AcDbText
 10
117.236249999993
 20
688.2699999999113
 30
0.0
 40
0.5
  1
RANT_SUCTION_GAS_CONNECTION_DEPTH_OFFSET=},{REFRIGERANT_SUCTION_GAS_CONNECTION_DEPTH_OFFSET_ROOM_D=},{REFRIGERANT_SUCTION_GAS_CONNECTION_DEPTH_OFFSET_ROOM_E=},{REFRIGERANT_SUCTION_GAS_CONNECTION_DIAMETER_ROOM_C=},{REFRIGERANT_SUCTION_GAS_CONNECTION_
100
AcDbAttributeDefinition
  3

  2
PSOL_9
 70
     9
280
     0
  0
ATTDEF
  5
C1
330
A5
100
AcDbEntity
  8
AM_6
100
AcDbText
 10
117.236249999993
 20
687.7699999999113
 30
0.0
 40
0.5
  1
ER_ROOM_D=},{REFRIGERANT_SUCTION_GAS_CONNECTION_DIAMETER_ROOM_E=},{REFRIGERANT_SUCTION_GAS_CONNECTION_HORIZONTAL_OFFSET=},{REFRIGERANT_SUCTION_GAS_CONNECTION_RADIUS_ROOM_C=},{REFRIGERANT_SUCTION_GAS_CONNECTION_RADIUS_ROOM_D=},{REFRIGERANT_SUCTION_GA
100
AcDbAttributeDefinition
  3

  2
PSOL_10
 70
     9
280
     0
  0
ATTDEF
  5
C2
330
A5
100
AcDbEntity
  8
AM_6
100
AcDbText
 10
117.236249999993
 20
687.2699999999113
 30
0.0
 40
0.5
  1
ECTION_RADIUS_ROOM_E=},{REFRIGERANT_SUCTION_GAS_CONNECTION_VERTICAL_OFFSET=},{RFA_FAMILY=Download Revit Family (RFA)},{PARTNUMBERMAP09=3Ton_4MXM36AVJU9},{MODEL=},{OMNICLASS_NUMBER=},{OMNICLASS_TITLE=},{REFRIGERANT_LIQUID_CONNECTION_DEPTH_OFFSET=},{R
100
AcDbAttributeDefinition
  3

  2
PSOL_11
 70
     9
280
     0
  0
ATTDEF
  5
C3
330
A5
100
AcDbEntity
  8
AM_6
100
AcDbText
 10
117.236249999993
 20
686.7699999999113
 30
0.0
 40
0.5
  1
RANT_LIQUID_CONNECTION_DIAMETER_ROOM_A=},{REFRIGERANT_LIQUID_CONNECTION_DIAMETER_ROOM_B=},{REFRIGERANT_LIQUID_CONNECTION_RADIUS_ROOM_A=},{REFRIGERANT_LIQUID_CONNECTION_RADIUS_ROOM_B=},{REFRIGERANT_LIQUID_CONNECTION_VERTICAL_OFFSET_ROOM_A=},{REFRIGER
100
AcDbAttributeDefinition
  3

  2
PSOL_12
 70
     9
280
     0
  0
ATTDEF
  5
C4
330
A5
100
AcDbEntity
  8
AM_6
100
AcDbText
 10
117.236249999993
 20
686.2699999999113
 30
0.0
 40
0.5
  1
QUID_CONNECTION_VERTICAL_OFFSET_ROOM_B=},{REFRIGERANT_SUCTION_GAS_CONNECTION_DEPTH_OFFSET_ROOM_B=},{REFRIGERANT_SUCTION_GAS_CONNECTION_VERTICAL_OFFSET_ROOM_A=},{REFRIGERANT_SUCTION_GAS_CONNECTION_VERTICAL_OFFSET_ROOM_B=},{REFRIGERANT_SUCTION_GAS_OFF
100
AcDbAttributeDefinition
  3

  2
PSOL_13
 70
     9
280
     0
  0
ATTDEF
  5
C5
330
A5
100
AcDbEntity
  8
AM_6
100
AcDbText
 10
117.236249999993
 20
685.7699999999113
 30
0.0
 40
0.5
  1
{STOP_VALVE_COVER_DEPTH=},{STOP_VALVE_COVER_HEIGHT=},{STOP_VALVE_COVER_VISIBILITY=},{STOP_VALVE_COVER_WIDTH=},{DEFAULTSORTATTR=},{RFA_FAMILY_=../../_pool_/25/33/heat_pump_unit-multi_zone-outdoor-daikin-4mxm.zip},{RFA_FAMILY_ENG=../../_pool_/25/33/he
100
AcDbAttributeDefinition
  3

  2
PSOL_14
 70
     9
280
     0
  0
ATTDEF
  5
C6
330
A5
100
AcDbEntity
  8
AM_6
100
AcDbText
 10
117.236249999993
 20
685.2699999999113
 30
0.0
 40
0.5
  1
p_unit-multi_zone-outdoor-daikin-4mxm.zip},{REVIT_FAMILY_DOWNLOAD=../../_pool_/25/33/heat_pump_unit-multi_zone-outdoor-daikin-4mxm.zip}
100
AcDbAttributeDefinition
  3

  2
PSOL_15
 70
     9
280
     0
  0
LINE
  5
C7
330
A5
100
AcDbEntity
  8
AM_0
100
AcDbLine
 10
-112.236250000007
 20
25.3999999998771
 30
0.0
 11
-112.236250000007
 21
699.7699999999113
 31
0.0
  0
LINE
  5
C8
330
A5
100
AcDbEntity
  8
AM_0
100
AcDbLine
 10
-112.236250000007
 20
699.769999999911
 30
0.0
 11
112.236249999993
 21
699.769999999911
 31
0.0
  0
LINE
  5
CA
330
A5
100
AcDbEntity
  8
AM_4
100
AcDbLine
 10
-112.236250000007
 20
615.473749999906
 30
0.0
 11
112.236249999993
 21
615.473749999906
 31
0.0
  0
LINE
  5
CB
330
A5
100
AcDbEntity
  8
AM_0
100
AcDbLine
 10
-112.236250000007
 20
25.3999999998771
 30
0.0
 11
112.236249999993
 21
25.3999999998771
 31
0.0
  0
LINE
  5
CC
330
A5
100
AcDbEntity
  8
AM_0
100
AcDbLine
 10
-112.236250000007
 20
67.5481249999066
 30
0.0
 11
112.236249999993
 21
67.5481249999066
 31
0.0
  0
LINE
  5
CD
330
A5
100
AcDbEntity
  8
AM_0
100
AcDbLine
 10
112.236249999993
 20
699.7699999999113
 30
0.0
 11
112.236249999993
 21
25.39999999987717
 31
0.0
  0
LINE
  5
CE
330
A5
100
AcDbEntity
  8
AM_0
100
AcDbLine
 10
-112.236250000007
 20
446.881249999903
 30
0.0
 11
112.236249999993
 21
446.881249999903
 31
0.0
  0
LINE
  5
CF
330
A5
100
AcDbEntity
  8
AM_0
100
AcDbLine
 10
112.236249999993
 20
404.733124999903
 30
0.0
 11
-112.236250000007
 21
404.733124999903
 31
0.0
  0
ENDBLK
  5
A8
330
A5
100
AcDbEntity
  8
0
100
AcDbBlockEnd
  0
BLOCK
  5
D2
330
D0
100
AcDbEntity
  8
0
100
AcDbBlockBegin
  2
3_4MXM36AVJU9_PART11_0_in_4MXM36AVJU9_2
 70
     2
 10
0.0
 20
0.0
 30
0.0
  3
3_4MXM36AVJU9_PART11_0_in_4MXM36AVJU9_2
  1

  0
ATTDEF
  5
D4
330
D0
100
AcDbEntity
  8
AM_6
100
AcDbText
 10
189.149999999992
 20
25.39999999987531
 30
0.0
 40
0.5
  1
4MXM36AVJU9_PART11
100
AcDbAttributeDefinition
  3

  2
NB
 70
     8
280
     0
  0
ATTDEF
  5
D5
330
D0
100
AcDbEntity
  8
AM_6
100
AcDbText
 10
189.149999999992
 20
24.89999999987531
 30
0.0
 40
0.5
  1

100
AcDbAttributeDefinition
  3

  2
NN
 70
     8
280
     0
  0
ATTDEF
  5
D6
330
D0
100
AcDbEntity
  8
AM_6
100
AcDbText
 10
189.149999999992
 20
24.39999999987531
 30
0.0
 40
0.5
  1

100
AcDbAttributeDefinition
  3

  2
NT
 70
     8
280
     0
  0
ATTDEF
  5
D7
330
D0
100
AcDbEntity
  8
AM_6
100
AcDbText
 10
189.149999999992
 20
23.89999999987531
 30
0.0
 40
0.5
  1
$PARTNUMBER._PART11
100
AcDbAttributeDefinition
  3

  2
NBSYN
 70
     8
280
     0
  0
ATTDEF
  5
D8
330
D0
100
AcDbEntity
  8
AM_6
100
AcDbText
 10
189.149999999992
 20
23.39999999987531
 30
0.0
 40
0.5
  1
4MXM36AVJU9_PART11
100
AcDbAttributeDefinition
  3

  2
LINA
 70
     8
280
     0
  0
ATTDEF
  5
D9
330
D0
100
AcDbEntity
  8
AM_6
100
AcDbText
 10
189.149999999992
 20
22.89999999987531
 30
0.0
 40
0.5
  1
Daikin
100
AcDbAttributeDefinition
  3

  2
CATALOG
 70
     8
280
     0
  0
ATTDEF
  5
DA
330
D0
100
AcDbEntity
  8
AM_6
100
AcDbText
 10
189.149999999992
 20
22.39999999987531
 30
0.0
 40
0.5
  1
4MXM36AVJU9
100
AcDbAttributeDefinition
  3

  2
PARTNUMBER
 70
     8
280
     0
  0
ATTDEF
  5
DB
330
D0
100
AcDbEntity
  8
AM_6
100
AcDbText
 10
189.149999999992
 20
21.89999999987531
 30
0.0
 40
0.5
  1
Multi Zone Heat Pump Outdoor Units
100
AcDbAttributeDefinition
  3

  2
DESCRIPTION
 70
     8
280
     0
  0
ATTDEF
  5
DC
330
D0
100
AcDbEntity
  8
AM_6
100
AcDbText
 10
189.149999999992
 20
21.39999999987531
 30
0.0
 40
0.5
  1
12.6250
100
AcDbAttributeDefinition
  3

  2
OVERALL_DEPTH
 70
     8
280
     0
  0
ATTDEF
  5
DD
330
D0
100
AcDbEntity
  8
AM_6
100
AcDbText
 10
189.149999999992
 20
20.89999999987531
 30
0.0
 40
0.5
  1
29.5000
100
AcDbAttributeDefinition
  3

  2
OVERALL_HEIGHT
 70
     8
280
     0
  0
ATTDEF
  5
DE
330
D0
100
AcDbEntity
  8
AM_6
100
AcDbText
 10
189.149999999992
 20
20.39999999987531
 30
0.0
 40
0.5
  1
34.2500
100
AcDbAttributeDefinition
  3

  2
OVERALL_WIDTH
 70
     8
280
     0
  0
ATTDEF
  5
DF
330
D0
100
AcDbEntity
  8
AM_6
100
AcDbText
 10
189.149999999992
 20
19.89999999987531
 30
0.0
 40
0.5
  1
https://daikincomfort.com/
100
AcDbAttributeDefinition
  3

  2
URL
 70
     8
280
     0
  0
ATTDEF
  5
E0
330
D0
100
AcDbEntity
  8
AM_6
100
AcDbText
 10
189.149999999992
 20
19.39999999987531
 30
0.0
 40
0.5
  1
Download Revit Family (RFA)
100
AcDbAttributeDefinition
  3

  2
RFA_FAMILY
 70
     8
280
     0
  0
ATTDEF
  5
E1
330
D0
100
AcDbEntity
  8
AM_6
100
AcDbText
 10
189.149999999992
 20
18.89999999987531
 30
0.0
 40
0.5
  1
daikin
100
AcDbAttributeDefinition
  3

  2
COMPANY
 70
     8
280
     0
  0
ATTDEF
  5
E2
330
D0
100
AcDbEntity
  8
AM_6
100
AcDbText
 10
189.149999999992
 20
18.39999999987531
 30
0.0
 40
0.5
  1
{$CADENAS_DATA/23d-libs/daikin/multi20zone20systems/multi20zone20outdoor20units/heat_pump_unit-multi_zone-outdoor-daikin-mxm.prj},240 {VTYP=3D},{NB=4MXM36AVJU9_PART11},{LINA=4MXM36AVJU9_PART11},{NN=(R32) Heat_Pump_Unit-Multi_Zone-Outdoor-Daikin-MXM_
100
AcDbAttributeDefinition
  3

  2
PSOL_0
 70
     9
280
     0
  0
ATTDEF
  5
E3
330
D0
100
AcDbEntity
  8
AM_6
100
AcDbText
 10
189.149999999992
 20
17.89999999987531
 30
0.0
 40
0.5
  1
},{NOPRJ=TRUE},{DATE=03.06.2026 19:23:31},{GEOMDATE=06.03.2026 09:05:37},{VERSION=},{LINEID=30},{WBVAR=},{WBNUMERIC=}  {NB=4MXM36AVJU9_PART11},{LINA=4MXM36AVJU9_PART11},{KT=DUMMY},{PARTNUMBER=4MXM36AVJU9},{APPARENT_POWER=},{PARTNUMBERHELP=},{ASSEMBL
100
AcDbAttributeDefinition
  3

  2
PSOL_1
 70
     9
280
     0
  0
ATTDEF
  5
E4
330
D0
100
AcDbEntity
  8
AM_6
100
AcDbText
 10
189.149999999992
 20
17.39999999987531
 30
0.0
 40
0.5
  1
=},{BASE_PITCH=},{BASE_PITCH_OFFSET=},{BASE_PITCH_WIDTH=},{BASE_PITCH_WIDTH_APART=},{CATEGORY=},{CLEARANCE_VISIBILITY=},{COMPRESSOR_TYPE=},{CONDENSATE_DRAIN_CONNECTION_DIAMETER=},{CONDENSATE_DRAIN_CONNECTION_RADIUS=},{CONDENSATE_DRAIN_DEPTH_OFFSET=}
100
AcDbAttributeDefinition
  3

  2
PSOL_2
 70
     9
280
     0
  0
ATTDEF
  5
E5
330
D0
100
AcDbEntity
  8
AM_6
100
AcDbText
 10
189.149999999992
 20
16.89999999987531
 30
0.0
 40
0.5
  1
ENSATE_DRAIN_HORIZONTAL_OFFSET=},{COST=},{DEFAULT_ELEVATION=},{DESCRIPTION=Multi Zone Heat Pump Outdoor Units},{ENCLOSURE_DEPTH=},{ENCLOSURE_HEIGHT_OFFSET=},{ENCLOSURE_WIDTH=},{FAN_TYPE=},{FREQUENCY=},{FRONT_GRILL_L_X_H=},{LOAD_SUB_CLASSIFICATION_MO
100
AcDbAttributeDefinition
  3

  2
PSOL_3
 70
     9
280
     0
  0
ATTDEF
  5
E6
330
D0
100
AcDbEntity
  8
AM_6
100
AcDbText
 10
189.149999999992
 20
16.39999999987531
 30
0.0
 40
0.5
  1
{MANUFACTURER=},{MASSUNIT=},{MAXIMUM_OVERCURRENT_PROTECTION=},{MINIMUM_CIRCUIT_AMPS=},{NOMINAL_COOLING_CAPACITY=},{NOMINAL_COOLING_CAPACITY__TONS_=},{NOMINAL_HEATING_CAPACITY=},{NUMBER_OF_POLES=},{OVERALL_DEPTH=12.6250},{OVERALL_HEIGHT=29.5000},{OVE
100
AcDbAttributeDefinition
  3

  2
PSOL_4
 70
     9
280
     0
  0
ATTDEF
  5
E7
330
D0
100
AcDbEntity
  8
AM_6
100
AcDbText
 10
189.149999999992
 20
15.89999999987531
 30
0.0
 40
0.5
  1
IDTH=34.2500},{PARTTYPE=},{PHASE=},{REFRIGERANT_CHARGE=},{REFRIGERANT_LIQUID_OFFSET=},{REFRIGERANT_SUCTION_GAS_CONNECTION_DEPTH_OFFSET_ROOM_A=},{REFRIGERANT_SUCTION_GAS_CONNECTION_DIAMETER_ROOM_A=},{REFRIGERANT_SUCTION_GAS_CONNECTION_DIAMETER_ROOM_B
100
AcDbAttributeDefinition
  3

  2
PSOL_5
 70
     9
280
     0
  0
ATTDEF
  5
E8
330
D0
100
AcDbEntity
  8
AM_6
100
AcDbText
 10
189.149999999992
 20
15.39999999987531
 30
0.0
 40
0.5
  1
FRIGERANT_SUCTION_GAS_CONNECTION_RADIUS_ROOM_A=},{REFRIGERANT_SUCTION_GAS_CONNECTION_RADIUS_ROOM_B=},{REFRIGERANT_USED=},{SERIES=},{SPACE_OR_PERFOMANCE_FRONT=},{SPACE_OR_PERFOMANCE_REAR=},{SPACE_OR_PERFOMANCE_SIDE=},{SYSTEM_PERFORMANCE_COP=},{SYSTEM
100
AcDbAttributeDefinition
  3

  2
PSOL_6
 70
     9
280
     0
  0
ATTDEF
  5
E9
330
D0
100
AcDbEntity
  8
AM_6
100
AcDbText
 10
189.149999999992
 20
14.89999999987531
 30
0.0
 40
0.5
  1
RMANCE_EER2=},{SYSTEM_PERFORMANCE_HSPF2=},{SYSTEM_PERFORMANCE_SEER2=},{UNIT_WEIGHT=},{URL=https://daikincomfort.com/},{VERSION=},{VOLTAGE=},{VOLTAGE_COMMENTS=},{CLASSIFICATION_NUMBER=},{PRODUCT_PAGE_URL=},{REFRIGERANT_LIQUID_CONNECTION_ARRAY_VERTICA
100
AcDbAttributeDefinition
  3

  2
PSOL_7
 70
     9
280
     0
  0
ATTDEF
  5
EA
330
D0
100
AcDbEntity
  8
AM_6
100
AcDbText
 10
189.149999999992
 20
14.39999999987531
 30
0.0
 40
0.5
  1
ET=},{REFRIGERANT_LIQUID_CONNECTION_DIAMETER=},{REFRIGERANT_LIQUID_CONNECTION_HORIZONTAL_OFFSET=},{REFRIGERANT_LIQUID_CONNECTION_RADIUS=},{REFRIGERANT_LIQUID_CONNECTION_VERTICAL_OFFSET=},{REFRIGERANT_SUCTION_GAS_CONNECTION_ARRAY_VERTICAL_OFFSET=},{R
100
AcDbAttributeDefinition
  3

  2
PSOL_8
 70
     9
280
     0
  0
ATTDEF
  5
EB
330
D0
100
AcDbEntity
  8
AM_6
100
AcDbText
 10
189.149999999992
 20
13.89999999987531
 30
0.0
 40
0.5
  1
RANT_SUCTION_GAS_CONNECTION_DEPTH_OFFSET=},{REFRIGERANT_SUCTION_GAS_CONNECTION_DEPTH_OFFSET_ROOM_D=},{REFRIGERANT_SUCTION_GAS_CONNECTION_DEPTH_OFFSET_ROOM_E=},{REFRIGERANT_SUCTION_GAS_CONNECTION_DIAMETER_ROOM_C=},{REFRIGERANT_SUCTION_GAS_CONNECTION_
100
AcDbAttributeDefinition
  3

  2
PSOL_9
 70
     9
280
     0
  0
ATTDEF
  5
EC
330
D0
100
AcDbEntity
  8
AM_6
100
AcDbText
 10
189.149999999992
 20
13.39999999987531
 30
0.0
 40
0.5
  1
ER_ROOM_D=},{REFRIGERANT_SUCTION_GAS_CONNECTION_DIAMETER_ROOM_E=},{REFRIGERANT_SUCTION_GAS_CONNECTION_HORIZONTAL_OFFSET=},{REFRIGERANT_SUCTION_GAS_CONNECTION_RADIUS_ROOM_C=},{REFRIGERANT_SUCTION_GAS_CONNECTION_RADIUS_ROOM_D=},{REFRIGERANT_SUCTION_GA
100
AcDbAttributeDefinition
  3

  2
PSOL_10
 70
     9
280
     0
  0
ATTDEF
  5
ED
330
D0
100
AcDbEntity
  8
AM_6
100
AcDbText
 10
189.149999999992
 20
12.89999999987531
 30
0.0
 40
0.5
  1
ECTION_RADIUS_ROOM_E=},{REFRIGERANT_SUCTION_GAS_CONNECTION_VERTICAL_OFFSET=},{RFA_FAMILY=Download Revit Family (RFA)},{PARTNUMBERMAP09=3Ton_4MXM36AVJU9},{MODEL=},{OMNICLASS_NUMBER=},{OMNICLASS_TITLE=},{REFRIGERANT_LIQUID_CONNECTION_DEPTH_OFFSET=},{R
100
AcDbAttributeDefinition
  3

  2
PSOL_11
 70
     9
280
     0
  0
ATTDEF
  5
EE
330
D0
100
AcDbEntity
  8
AM_6
100
AcDbText
 10
189.149999999992
 20
12.39999999987531
 30
0.0
 40
0.5
  1
RANT_LIQUID_CONNECTION_DIAMETER_ROOM_A=},{REFRIGERANT_LIQUID_CONNECTION_DIAMETER_ROOM_B=},{REFRIGERANT_LIQUID_CONNECTION_RADIUS_ROOM_A=},{REFRIGERANT_LIQUID_CONNECTION_RADIUS_ROOM_B=},{REFRIGERANT_LIQUID_CONNECTION_VERTICAL_OFFSET_ROOM_A=},{REFRIGER
100
AcDbAttributeDefinition
  3

  2
PSOL_12
 70
     9
280
     0
  0
ATTDEF
  5
EF
330
D0
100
AcDbEntity
  8
AM_6
100
AcDbText
 10
189.149999999992
 20
11.89999999987531
 30
0.0
 40
0.5
  1
QUID_CONNECTION_VERTICAL_OFFSET_ROOM_B=},{REFRIGERANT_SUCTION_GAS_CONNECTION_DEPTH_OFFSET_ROOM_B=},{REFRIGERANT_SUCTION_GAS_CONNECTION_VERTICAL_OFFSET_ROOM_A=},{REFRIGERANT_SUCTION_GAS_CONNECTION_VERTICAL_OFFSET_ROOM_B=},{REFRIGERANT_SUCTION_GAS_OFF
100
AcDbAttributeDefinition
  3

  2
PSOL_13
 70
     9
280
     0
  0
ATTDEF
  5
F0
330
D0
100
AcDbEntity
  8
AM_6
100
AcDbText
 10
189.149999999992
 20
11.39999999987531
 30
0.0
 40
0.5
  1
{STOP_VALVE_COVER_DEPTH=},{STOP_VALVE_COVER_HEIGHT=},{STOP_VALVE_COVER_VISIBILITY=},{STOP_VALVE_COVER_WIDTH=},{DEFAULTSORTATTR=},{RFA_FAMILY_=../../_pool_/25/33/heat_pump_unit-multi_zone-outdoor-daikin-4mxm.zip},{RFA_FAMILY_ENG=../../_pool_/25/33/he
100
AcDbAttributeDefinition
  3

  2
PSOL_14
 70
     9
280
     0
  0
ATTDEF
  5
F1
330
D0
100
AcDbEntity
  8
AM_6
100
AcDbText
 10
189.149999999992
 20
10.89999999987531
 30
0.0
 40
0.5
  1
p_unit-multi_zone-outdoor-daikin-4mxm.zip},{REVIT_FAMILY_DOWNLOAD=../../_pool_/25/33/heat_pump_unit-multi_zone-outdoor-daikin-4mxm.zip}
100
AcDbAttributeDefinition
  3

  2
PSOL_15
 70
     9
280
     0
  0
LINE
  5
F2
330
D0
100
AcDbEntity
  8
AM_0
100
AcDbLine
 10
161.131249999991
 20
25.3999999998749
 30
0.0
 11
160.3374999999901
 21
25.3999999998749
 31
0.0
  0
LINE
  5
F3
330
D0
100
AcDbEntity
  8
AM_0
100
AcDbLine
 10
184.149999999992
 20
6.34999999987562
 30
0.0
 11
161.1312499999913
 21
25.39999999987531
 31
0.0
  0
ENDBLK
  5
D3
330
D0
100
AcDbEntity
  8
0
100
AcDbBlockEnd
  0
BLOCK
  5
F6
330
F4
100
AcDbEntity
  8
0
100
AcDbBlockBegin
  2
4_4MXM36AVJU9_PART10_0_in_4MXM36AVJU9_2
 70
     2
 10
0.0
 20
0.0
 30
0.0
  3
4_4MXM36AVJU9_PART10_0_in_4MXM36AVJU9_2
  1

  0
ATTDEF
  5
F8
330
F4
100
AcDbEntity
  8
AM_6
100
AcDbText
 10
189.149999999992
 20
25.39999999987579
 30
0.0
 40
0.5
  1
4MXM36AVJU9_PART10
100
AcDbAttributeDefinition
  3

  2
NB
 70
     8
280
     0
  0
ATTDEF
  5
F9
330
F4
100
AcDbEntity
  8
AM_6
100
AcDbText
 10
189.149999999992
 20
24.89999999987579
 30
0.0
 40
0.5
  1

100
AcDbAttributeDefinition
  3

  2
NN
 70
     8
280
     0
  0
ATTDEF
  5
FA
330
F4
100
AcDbEntity
  8
AM_6
100
AcDbText
 10
189.149999999992
 20
24.39999999987579
 30
0.0
 40
0.5
  1

100
AcDbAttributeDefinition
  3

  2
NT
 70
     8
280
     0
  0
ATTDEF
  5
FB
330
F4
100
AcDbEntity
  8
AM_6
100
AcDbText
 10
189.149999999992
 20
23.89999999987579
 30
0.0
 40
0.5
  1
$PARTNUMBER._PART10
100
AcDbAttributeDefinition
  3

  2
NBSYN
 70
     8
280
     0
  0
ATTDEF
  5
FC
330
F4
100
AcDbEntity
  8
AM_6
100
AcDbText
 10
189.149999999992
 20
23.39999999987579
 30
0.0
 40
0.5
  1
4MXM36AVJU9_PART10
100
AcDbAttributeDefinition
  3

  2
LINA
 70
     8
280
     0
  0
ATTDEF
  5
FD
330
F4
100
AcDbEntity
  8
AM_6
100
AcDbText
 10
189.149999999992
 20
22.89999999987579
 30
0.0
 40
0.5
  1
Daikin
100
AcDbAttributeDefinition
  3

  2
CATALOG
 70
     8
280
     0
  0
ATTDEF
  5
FE
330
F4
100
AcDbEntity
  8
AM_6
100
AcDbText
 10
189.149999999992
 20
22.39999999987579
 30
0.0
 40
0.5
  1
4MXM36AVJU9
100
AcDbAttributeDefinition
  3

  2
PARTNUMBER
 70
     8
280
     0
  0
ATTDEF
  5
FF
330
F4
100
AcDbEntity
  8
AM_6
100
AcDbText
 10
189.149999999992
 20
21.89999999987579
 30
0.0
 40
0.5
  1
Multi Zone Heat Pump Outdoor Units
100
AcDbAttributeDefinition
  3

  2
DESCRIPTION
 70
     8
280
     0
  0
ATTDEF
  5
100
330
F4
100
AcDbEntity
  8
AM_6
100
AcDbText
 10
189.149999999992
 20
21.39999999987579
 30
0.0
 40
0.5
  1
12.6250
100
AcDbAttributeDefinition
  3

  2
OVERALL_DEPTH
 70
     8
280
     0
  0
ATTDEF
  5
101
330
F4
100
AcDbEntity
  8
AM_6
100
AcDbText
 10
189.149999999992
 20
20.89999999987579
 30
0.0
 40
0.5
  1
29.5000
100
AcDbAttributeDefinition
  3

  2
OVERALL_HEIGHT
 70
     8
280
     0
  0
ATTDEF
  5
102
330
F4
100
AcDbEntity
  8
AM_6
100
AcDbText
 10
189.149999999992
 20
20.39999999987579
 30
0.0
 40
0.5
  1
34.2500
100
AcDbAttributeDefinition
  3

  2
OVERALL_WIDTH
 70
     8
280
     0
  0
ATTDEF
  5
103
330
F4
100
AcDbEntity
  8
AM_6
100
AcDbText
 10
189.149999999992
 20
19.89999999987579
 30
0.0
 40
0.5
  1
https://daikincomfort.com/
100
AcDbAttributeDefinition
  3

  2
URL
 70
     8
280
     0
  0
ATTDEF
  5
104
330
F4
100
AcDbEntity
  8
AM_6
100
AcDbText
 10
189.149999999992
 20
19.39999999987579
 30
0.0
 40
0.5
  1
Download Revit Family (RFA)
100
AcDbAttributeDefinition
  3

  2
RFA_FAMILY
 70
     8
280
     0
  0
ATTDEF
  5
105
330
F4
100
AcDbEntity
  8
AM_6
100
AcDbText
 10
189.149999999992
 20
18.89999999987579
 30
0.0
 40
0.5
  1
daikin
100
AcDbAttributeDefinition
  3

  2
COMPANY
 70
     8
280
     0
  0
ATTDEF
  5
106
330
F4
100
AcDbEntity
  8
AM_6
100
AcDbText
 10
189.149999999992
 20
18.39999999987579
 30
0.0
 40
0.5
  1
{$CADENAS_DATA/23d-libs/daikin/multi20zone20systems/multi20zone20outdoor20units/heat_pump_unit-multi_zone-outdoor-daikin-mxm.prj},240 {VTYP=3D},{NB=4MXM36AVJU9_PART10},{LINA=4MXM36AVJU9_PART10},{NN=(R32) Heat_Pump_Unit-Multi_Zone-Outdoor-Daikin-MXM_
100
AcDbAttributeDefinition
  3

  2
PSOL_0
 70
     9
280
     0
  0
ATTDEF
  5
107
330
F4
100
AcDbEntity
  8
AM_6
100
AcDbText
 10
189.149999999992
 20
17.89999999987579
 30
0.0
 40
0.5
  1
},{NOPRJ=TRUE},{DATE=03.06.2026 19:23:31},{GEOMDATE=06.03.2026 09:05:37},{VERSION=},{LINEID=30},{WBVAR=},{WBNUMERIC=}  {NB=4MXM36AVJU9_PART10},{LINA=4MXM36AVJU9_PART10},{KT=DUMMY},{PARTNUMBER=4MXM36AVJU9},{APPARENT_POWER=},{PARTNUMBERHELP=},{ASSEMBL
100
AcDbAttributeDefinition
  3

  2
PSOL_1
 70
     9
280
     0
  0
ATTDEF
  5
108
330
F4
100
AcDbEntity
  8
AM_6
100
AcDbText
 10
189.149999999992
 20
17.39999999987579
 30
0.0
 40
0.5
  1
=},{BASE_PITCH=},{BASE_PITCH_OFFSET=},{BASE_PITCH_WIDTH=},{BASE_PITCH_WIDTH_APART=},{CATEGORY=},{CLEARANCE_VISIBILITY=},{COMPRESSOR_TYPE=},{CONDENSATE_DRAIN_CONNECTION_DIAMETER=},{CONDENSATE_DRAIN_CONNECTION_RADIUS=},{CONDENSATE_DRAIN_DEPTH_OFFSET=}
100
AcDbAttributeDefinition
  3

  2
PSOL_2
 70
     9
280
     0
  0
ATTDEF
  5
109
330
F4
100
AcDbEntity
  8
AM_6
100
AcDbText
 10
189.149999999992
 20
16.89999999987579
 30
0.0
 40
0.5
  1
ENSATE_DRAIN_HORIZONTAL_OFFSET=},{COST=},{DEFAULT_ELEVATION=},{DESCRIPTION=Multi Zone Heat Pump Outdoor Units},{ENCLOSURE_DEPTH=},{ENCLOSURE_HEIGHT_OFFSET=},{ENCLOSURE_WIDTH=},{FAN_TYPE=},{FREQUENCY=},{FRONT_GRILL_L_X_H=},{LOAD_SUB_CLASSIFICATION_MO
100
AcDbAttributeDefinition
  3

  2
PSOL_3
 70
     9
280
     0
  0
ATTDEF
  5
10A
330
F4
100
AcDbEntity
  8
AM_6
100
AcDbText
 10
189.149999999992
 20
16.39999999987579
 30
0.0
 40
0.5
  1
{MANUFACTURER=},{MASSUNIT=},{MAXIMUM_OVERCURRENT_PROTECTION=},{MINIMUM_CIRCUIT_AMPS=},{NOMINAL_COOLING_CAPACITY=},{NOMINAL_COOLING_CAPACITY__TONS_=},{NOMINAL_HEATING_CAPACITY=},{NUMBER_OF_POLES=},{OVERALL_DEPTH=12.6250},{OVERALL_HEIGHT=29.5000},{OVE
100
AcDbAttributeDefinition
  3

  2
PSOL_4
 70
     9
280
     0
  0
ATTDEF
  5
10B
330
F4
100
AcDbEntity
  8
AM_6
100
AcDbText
 10
189.149999999992
 20
15.89999999987579
 30
0.0
 40
0.5
  1
IDTH=34.2500},{PARTTYPE=},{PHASE=},{REFRIGERANT_CHARGE=},{REFRIGERANT_LIQUID_OFFSET=},{REFRIGERANT_SUCTION_GAS_CONNECTION_DEPTH_OFFSET_ROOM_A=},{REFRIGERANT_SUCTION_GAS_CONNECTION_DIAMETER_ROOM_A=},{REFRIGERANT_SUCTION_GAS_CONNECTION_DIAMETER_ROOM_B
100
AcDbAttributeDefinition
  3

  2
PSOL_5
 70
     9
280
     0
  0
ATTDEF
  5
10C
330
F4
100
AcDbEntity
  8
AM_6
100
AcDbText
 10
189.149999999992
 20
15.39999999987579
 30
0.0
 40
0.5
  1
FRIGERANT_SUCTION_GAS_CONNECTION_RADIUS_ROOM_A=},{REFRIGERANT_SUCTION_GAS_CONNECTION_RADIUS_ROOM_B=},{REFRIGERANT_USED=},{SERIES=},{SPACE_OR_PERFOMANCE_FRONT=},{SPACE_OR_PERFOMANCE_REAR=},{SPACE_OR_PERFOMANCE_SIDE=},{SYSTEM_PERFORMANCE_COP=},{SYSTEM
100
AcDbAttributeDefinition
  3

  2
PSOL_6
 70
     9
280
     0
  0
ATTDEF
  5
10D
330
F4
100
AcDbEntity
  8
AM_6
100
AcDbText
 10
189.149999999992
 20
14.89999999987579
 30
0.0
 40
0.5
  1
RMANCE_EER2=},{SYSTEM_PERFORMANCE_HSPF2=},{SYSTEM_PERFORMANCE_SEER2=},{UNIT_WEIGHT=},{URL=https://daikincomfort.com/},{VERSION=},{VOLTAGE=},{VOLTAGE_COMMENTS=},{CLASSIFICATION_NUMBER=},{PRODUCT_PAGE_URL=},{REFRIGERANT_LIQUID_CONNECTION_ARRAY_VERTICA
100
AcDbAttributeDefinition
  3

  2
PSOL_7
 70
     9
280
     0
  0
ATTDEF
  5
10E
330
F4
100
AcDbEntity
  8
AM_6
100
AcDbText
 10
189.149999999992
 20
14.39999999987579
 30
0.0
 40
0.5
  1
ET=},{REFRIGERANT_LIQUID_CONNECTION_DIAMETER=},{REFRIGERANT_LIQUID_CONNECTION_HORIZONTAL_OFFSET=},{REFRIGERANT_LIQUID_CONNECTION_RADIUS=},{REFRIGERANT_LIQUID_CONNECTION_VERTICAL_OFFSET=},{REFRIGERANT_SUCTION_GAS_CONNECTION_ARRAY_VERTICAL_OFFSET=},{R
100
AcDbAttributeDefinition
  3

  2
PSOL_8
 70
     9
280
     0
  0
ATTDEF
  5
10F
330
F4
100
AcDbEntity
  8
AM_6
100
AcDbText
 10
189.149999999992
 20
13.89999999987579
 30
0.0
 40
0.5
  1
RANT_SUCTION_GAS_CONNECTION_DEPTH_OFFSET=},{REFRIGERANT_SUCTION_GAS_CONNECTION_DEPTH_OFFSET_ROOM_D=},{REFRIGERANT_SUCTION_GAS_CONNECTION_DEPTH_OFFSET_ROOM_E=},{REFRIGERANT_SUCTION_GAS_CONNECTION_DIAMETER_ROOM_C=},{REFRIGERANT_SUCTION_GAS_CONNECTION_
100
AcDbAttributeDefinition
  3

  2
PSOL_9
 70
     9
280
     0
  0
ATTDEF
  5
110
330
F4
100
AcDbEntity
  8
AM_6
100
AcDbText
 10
189.149999999992
 20
13.39999999987579
 30
0.0
 40
0.5
  1
ER_ROOM_D=},{REFRIGERANT_SUCTION_GAS_CONNECTION_DIAMETER_ROOM_E=},{REFRIGERANT_SUCTION_GAS_CONNECTION_HORIZONTAL_OFFSET=},{REFRIGERANT_SUCTION_GAS_CONNECTION_RADIUS_ROOM_C=},{REFRIGERANT_SUCTION_GAS_CONNECTION_RADIUS_ROOM_D=},{REFRIGERANT_SUCTION_GA
100
AcDbAttributeDefinition
  3

  2
PSOL_10
 70
     9
280
     0
  0
ATTDEF
  5
111
330
F4
100
AcDbEntity
  8
AM_6
100
AcDbText
 10
189.149999999992
 20
12.89999999987579
 30
0.0
 40
0.5
  1
ECTION_RADIUS_ROOM_E=},{REFRIGERANT_SUCTION_GAS_CONNECTION_VERTICAL_OFFSET=},{RFA_FAMILY=Download Revit Family (RFA)},{PARTNUMBERMAP09=3Ton_4MXM36AVJU9},{MODEL=},{OMNICLASS_NUMBER=},{OMNICLASS_TITLE=},{REFRIGERANT_LIQUID_CONNECTION_DEPTH_OFFSET=},{R
100
AcDbAttributeDefinition
  3

  2
PSOL_11
 70
     9
280
     0
  0
ATTDEF
  5
112
330
F4
100
AcDbEntity
  8
AM_6
100
AcDbText
 10
189.149999999992
 20
12.39999999987579
 30
0.0
 40
0.5
  1
RANT_LIQUID_CONNECTION_DIAMETER_ROOM_A=},{REFRIGERANT_LIQUID_CONNECTION_DIAMETER_ROOM_B=},{REFRIGERANT_LIQUID_CONNECTION_RADIUS_ROOM_A=},{REFRIGERANT_LIQUID_CONNECTION_RADIUS_ROOM_B=},{REFRIGERANT_LIQUID_CONNECTION_VERTICAL_OFFSET_ROOM_A=},{REFRIGER
100
AcDbAttributeDefinition
  3

  2
PSOL_12
 70
     9
280
     0
  0
ATTDEF
  5
113
330
F4
100
AcDbEntity
  8
AM_6
100
AcDbText
 10
189.149999999992
 20
11.89999999987579
 30
0.0
 40
0.5
  1
QUID_CONNECTION_VERTICAL_OFFSET_ROOM_B=},{REFRIGERANT_SUCTION_GAS_CONNECTION_DEPTH_OFFSET_ROOM_B=},{REFRIGERANT_SUCTION_GAS_CONNECTION_VERTICAL_OFFSET_ROOM_A=},{REFRIGERANT_SUCTION_GAS_CONNECTION_VERTICAL_OFFSET_ROOM_B=},{REFRIGERANT_SUCTION_GAS_OFF
100
AcDbAttributeDefinition
  3

  2
PSOL_13
 70
     9
280
     0
  0
ATTDEF
  5
114
330
F4
100
AcDbEntity
  8
AM_6
100
AcDbText
 10
189.149999999992
 20
11.39999999987579
 30
0.0
 40
0.5
  1
{STOP_VALVE_COVER_DEPTH=},{STOP_VALVE_COVER_HEIGHT=},{STOP_VALVE_COVER_VISIBILITY=},{STOP_VALVE_COVER_WIDTH=},{DEFAULTSORTATTR=},{RFA_FAMILY_=../../_pool_/25/33/heat_pump_unit-multi_zone-outdoor-daikin-4mxm.zip},{RFA_FAMILY_ENG=../../_pool_/25/33/he
100
AcDbAttributeDefinition
  3

  2
PSOL_14
 70
     9
280
     0
  0
ATTDEF
  5
115
330
F4
100
AcDbEntity
  8
AM_6
100
AcDbText
 10
189.149999999992
 20
10.89999999987579
 30
0.0
 40
0.5
  1
p_unit-multi_zone-outdoor-daikin-4mxm.zip},{REVIT_FAMILY_DOWNLOAD=../../_pool_/25/33/heat_pump_unit-multi_zone-outdoor-daikin-4mxm.zip}
100
AcDbAttributeDefinition
  3

  2
PSOL_15
 70
     9
280
     0
  0
LINE
  5
116
330
F4
100
AcDbEntity
  8
AM_0
100
AcDbLine
 10
184.149999999992
 20
6.349999999845691
 30
0.0
 11
151.9039062499913
 21
25.39999999987571
 31
0.0
  0
LINE
  5
117
330
F4
100
AcDbEntity
  8
AM_0
100
AcDbLine
 10
184.149999999992
 20
-0.0000000000638892
 30
0.0
 11
184.149999999992
 21
6.349999999845701
 31
0.0
  0
LINE
  5
118
330
F4
100
AcDbEntity
  8
AM_0
100
AcDbLine
 10
-160.33750000001
 20
25.3999999998753
 30
0.0
 11
-161.131250000008
 21
25.3999999998753
 31
0.0
  0
LINE
  5
119
330
F4
100
AcDbEntity
  8
AM_0
100
AcDbLine
 10
-161.1312500000084
 20
25.39999999987579
 30
0.0
 11
-184.1500000000091
 21
6.349999999876666
 31
0.0
  0
LINE
  5
11A
330
F4
100
AcDbEntity
  8
AM_0
100
AcDbLine
 10
-184.150000000009
 20
6.34999999987653
 30
0.0
 11
-184.150000000009
 21
-0.000000000063889
 31
0.0
  0
LINE
  5
11B
330
F4
100
AcDbEntity
  8
AM_0
100
AcDbLine
 10
-184.150000000009
 20
-0.0000000000638892
 30
0.0
 11
184.149999999992
 21
-0.0000000000638892
 31
0.0
  0
ENDBLK
  5
F7
330
F4
100
AcDbEntity
  8
0
100
AcDbBlockEnd
  0
BLOCK
  5
11E
330
11C
100
AcDbEntity
  8
0
100
AcDbBlockBegin
  2
5_4MXM36AVJU9_PART9_0_in_4MXM36AVJU9_2
 70
     2
 10
0.0
 20
0.0
 30
0.0
  3
5_4MXM36AVJU9_PART9_0_in_4MXM36AVJU9_2
  1

  0
ATTDEF
  5
120
330
11C
100
AcDbEntity
  8
AM_6
100
AcDbText
 10
-118.03125000001
 20
374.6499999999381
 30
0.0
 40
0.5
  1
4MXM36AVJU9_PART9
100
AcDbAttributeDefinition
  3

  2
NB
 70
     8
280
     0
  0
ATTDEF
  5
121
330
11C
100
AcDbEntity
  8
AM_6
100
AcDbText
 10
-118.03125000001
 20
374.1499999999381
 30
0.0
 40
0.5
  1

100
AcDbAttributeDefinition
  3

  2
NN
 70
     8
280
     0
  0
ATTDEF
  5
122
330
11C
100
AcDbEntity
  8
AM_6
100
AcDbText
 10
-118.03125000001
 20
373.6499999999381
 30
0.0
 40
0.5
  1

100
AcDbAttributeDefinition
  3

  2
NT
 70
     8
280
     0
  0
ATTDEF
  5
123
330
11C
100
AcDbEntity
  8
AM_6
100
AcDbText
 10
-118.03125000001
 20
373.1499999999381
 30
0.0
 40
0.5
  1
$PARTNUMBER._PART9
100
AcDbAttributeDefinition
  3

  2
NBSYN
 70
     8
280
     0
  0
ATTDEF
  5
124
330
11C
100
AcDbEntity
  8
AM_6
100
AcDbText
 10
-118.03125000001
 20
372.6499999999381
 30
0.0
 40
0.5
  1
4MXM36AVJU9_PART9
100
AcDbAttributeDefinition
  3

  2
LINA
 70
     8
280
     0
  0
ATTDEF
  5
125
330
11C
100
AcDbEntity
  8
AM_6
100
AcDbText
 10
-118.03125000001
 20
372.1499999999381
 30
0.0
 40
0.5
  1
Daikin
100
AcDbAttributeDefinition
  3

  2
CATALOG
 70
     8
280
     0
  0
ATTDEF
  5
126
330
11C
100
AcDbEntity
  8
AM_6
100
AcDbText
 10
-118.03125000001
 20
371.6499999999381
 30
0.0
 40
0.5
  1
4MXM36AVJU9
100
AcDbAttributeDefinition
  3

  2
PARTNUMBER
 70
     8
280
     0
  0
ATTDEF
  5
127
330
11C
100
AcDbEntity
  8
AM_6
100
AcDbText
 10
-118.03125000001
 20
371.1499999999381
 30
0.0
 40
0.5
  1
Multi Zone Heat Pump Outdoor Units
100
AcDbAttributeDefinition
  3

  2
DESCRIPTION
 70
     8
280
     0
  0
ATTDEF
  5
128
330
11C
100
AcDbEntity
  8
AM_6
100
AcDbText
 10
-118.03125000001
 20
370.6499999999381
 30
0.0
 40
0.5
  1
12.6250
100
AcDbAttributeDefinition
  3

  2
OVERALL_DEPTH
 70
     8
280
     0
  0
ATTDEF
  5
129
330
11C
100
AcDbEntity
  8
AM_6
100
AcDbText
 10
-118.03125000001
 20
370.1499999999381
 30
0.0
 40
0.5
  1
29.5000
100
AcDbAttributeDefinition
  3

  2
OVERALL_HEIGHT
 70
     8
280
     0
  0
ATTDEF
  5
12A
330
11C
100
AcDbEntity
  8
AM_6
100
AcDbText
 10
-118.03125000001
 20
369.6499999999381
 30
0.0
 40
0.5
  1
34.2500
100
AcDbAttributeDefinition
  3

  2
OVERALL_WIDTH
 70
     8
280
     0
  0
ATTDEF
  5
12B
330
11C
100
AcDbEntity
  8
AM_6
100
AcDbText
 10
-118.03125000001
 20
369.1499999999381
 30
0.0
 40
0.5
  1
https://daikincomfort.com/
100
AcDbAttributeDefinition
  3

  2
URL
 70
     8
280
     0
  0
ATTDEF
  5
12C
330
11C
100
AcDbEntity
  8
AM_6
100
AcDbText
 10
-118.03125000001
 20
368.6499999999381
 30
0.0
 40
0.5
  1
Download Revit Family (RFA)
100
AcDbAttributeDefinition
  3

  2
RFA_FAMILY
 70
     8
280
     0
  0
ATTDEF
  5
12D
330
11C
100
AcDbEntity
  8
AM_6
100
AcDbText
 10
-118.03125000001
 20
368.1499999999381
 30
0.0
 40
0.5
  1
daikin
100
AcDbAttributeDefinition
  3

  2
COMPANY
 70
     8
280
     0
  0
ATTDEF
  5
12E
330
11C
100
AcDbEntity
  8
AM_6
100
AcDbText
 10
-118.03125000001
 20
367.6499999999381
 30
0.0
 40
0.5
  1
{$CADENAS_DATA/23d-libs/daikin/multi20zone20systems/multi20zone20outdoor20units/heat_pump_unit-multi_zone-outdoor-daikin-mxm.prj},237 {VTYP=3D},{NB=4MXM36AVJU9_PART9},{LINA=4MXM36AVJU9_PART9},{NN=(R32) Heat_Pump_Unit-Multi_Zone-Outdoor-Daikin-MXM_PA
100
AcDbAttributeDefinition
  3

  2
PSOL_0
 70
     9
280
     0
  0
ATTDEF
  5
12F
330
11C
100
AcDbEntity
  8
AM_6
100
AcDbText
 10
-118.03125000001
 20
367.1499999999381
 30
0.0
 40
0.5
  1
NOPRJ=TRUE},{DATE=03.06.2026 19:23:31},{GEOMDATE=06.03.2026 09:05:37},{VERSION=},{LINEID=30},{WBVAR=},{WBNUMERIC=}  {NB=4MXM36AVJU9_PART9},{LINA=4MXM36AVJU9_PART9},{KT=DUMMY},{PARTNUMBER=4MXM36AVJU9},{APPARENT_POWER=},{PARTNUMBERHELP=},{ASSEMBLY_COD
100
AcDbAttributeDefinition
  3

  2
PSOL_1
 70
     9
280
     0
  0
ATTDEF
  5
130
330
11C
100
AcDbEntity
  8
AM_6
100
AcDbText
 10
-118.03125000001
 20
366.6499999999381
 30
0.0
 40
0.5
  1
ASE_PITCH=},{BASE_PITCH_OFFSET=},{BASE_PITCH_WIDTH=},{BASE_PITCH_WIDTH_APART=},{CATEGORY=},{CLEARANCE_VISIBILITY=},{COMPRESSOR_TYPE=},{CONDENSATE_DRAIN_CONNECTION_DIAMETER=},{CONDENSATE_DRAIN_CONNECTION_RADIUS=},{CONDENSATE_DRAIN_DEPTH_OFFSET=},{CON
100
AcDbAttributeDefinition
  3

  2
PSOL_2
 70
     9
280
     0
  0
ATTDEF
  5
131
330
11C
100
AcDbEntity
  8
AM_6
100
AcDbText
 10
-118.03125000001
 20
366.1499999999381
 30
0.0
 40
0.5
  1
E_DRAIN_HORIZONTAL_OFFSET=},{COST=},{DEFAULT_ELEVATION=},{DESCRIPTION=Multi Zone Heat Pump Outdoor Units},{ENCLOSURE_DEPTH=},{ENCLOSURE_HEIGHT_OFFSET=},{ENCLOSURE_WIDTH=},{FAN_TYPE=},{FREQUENCY=},{FRONT_GRILL_L_X_H=},{LOAD_SUB_CLASSIFICATION_MOTOR=}
100
AcDbAttributeDefinition
  3

  2
PSOL_3
 70
     9
280
     0
  0
ATTDEF
  5
132
330
11C
100
AcDbEntity
  8
AM_6
100
AcDbText
 10
-118.03125000001
 20
365.6499999999381
 30
0.0
 40
0.5
  1
FACTURER=},{MASSUNIT=},{MAXIMUM_OVERCURRENT_PROTECTION=},{MINIMUM_CIRCUIT_AMPS=},{NOMINAL_COOLING_CAPACITY=},{NOMINAL_COOLING_CAPACITY__TONS_=},{NOMINAL_HEATING_CAPACITY=},{NUMBER_OF_POLES=},{OVERALL_DEPTH=12.6250},{OVERALL_HEIGHT=29.5000},{OVERALL_
100
AcDbAttributeDefinition
  3

  2
PSOL_4
 70
     9
280
     0
  0
ATTDEF
  5
133
330
11C
100
AcDbEntity
  8
AM_6
100
AcDbText
 10
-118.03125000001
 20
365.1499999999381
 30
0.0
 40
0.5
  1
34.2500},{PARTTYPE=},{PHASE=},{REFRIGERANT_CHARGE=},{REFRIGERANT_LIQUID_OFFSET=},{REFRIGERANT_SUCTION_GAS_CONNECTION_DEPTH_OFFSET_ROOM_A=},{REFRIGERANT_SUCTION_GAS_CONNECTION_DIAMETER_ROOM_A=},{REFRIGERANT_SUCTION_GAS_CONNECTION_DIAMETER_ROOM_B=},{R
100
AcDbAttributeDefinition
  3

  2
PSOL_5
 70
     9
280
     0
  0
ATTDEF
  5
134
330
11C
100
AcDbEntity
  8
AM_6
100
AcDbText
 10
-118.03125000001
 20
364.6499999999381
 30
0.0
 40
0.5
  1
RANT_SUCTION_GAS_CONNECTION_RADIUS_ROOM_A=},{REFRIGERANT_SUCTION_GAS_CONNECTION_RADIUS_ROOM_B=},{REFRIGERANT_USED=},{SERIES=},{SPACE_OR_PERFOMANCE_FRONT=},{SPACE_OR_PERFOMANCE_REAR=},{SPACE_OR_PERFOMANCE_SIDE=},{SYSTEM_PERFORMANCE_COP=},{SYSTEM_PERF
100
AcDbAttributeDefinition
  3

  2
PSOL_6
 70
     9
280
     0
  0
ATTDEF
  5
135
330
11C
100
AcDbEntity
  8
AM_6
100
AcDbText
 10
-118.03125000001
 20
364.1499999999381
 30
0.0
 40
0.5
  1
E_EER2=},{SYSTEM_PERFORMANCE_HSPF2=},{SYSTEM_PERFORMANCE_SEER2=},{UNIT_WEIGHT=},{URL=https://daikincomfort.com/},{VERSION=},{VOLTAGE=},{VOLTAGE_COMMENTS=},{CLASSIFICATION_NUMBER=},{PRODUCT_PAGE_URL=},{REFRIGERANT_LIQUID_CONNECTION_ARRAY_VERTICAL_OFF
100
AcDbAttributeDefinition
  3

  2
PSOL_7
 70
     9
280
     0
  0
ATTDEF
  5
136
330
11C
100
AcDbEntity
  8
AM_6
100
AcDbText
 10
-118.03125000001
 20
363.6499999999381
 30
0.0
 40
0.5
  1
{REFRIGERANT_LIQUID_CONNECTION_DIAMETER=},{REFRIGERANT_LIQUID_CONNECTION_HORIZONTAL_OFFSET=},{REFRIGERANT_LIQUID_CONNECTION_RADIUS=},{REFRIGERANT_LIQUID_CONNECTION_VERTICAL_OFFSET=},{REFRIGERANT_SUCTION_GAS_CONNECTION_ARRAY_VERTICAL_OFFSET=},{REFRIG
100
AcDbAttributeDefinition
  3

  2
PSOL_8
 70
     9
280
     0
  0
ATTDEF
  5
137
330
11C
100
AcDbEntity
  8
AM_6
100
AcDbText
 10
-118.03125000001
 20
363.1499999999381
 30
0.0
 40
0.5
  1
SUCTION_GAS_CONNECTION_DEPTH_OFFSET=},{REFRIGERANT_SUCTION_GAS_CONNECTION_DEPTH_OFFSET_ROOM_D=},{REFRIGERANT_SUCTION_GAS_CONNECTION_DEPTH_OFFSET_ROOM_E=},{REFRIGERANT_SUCTION_GAS_CONNECTION_DIAMETER_ROOM_C=},{REFRIGERANT_SUCTION_GAS_CONNECTION_DIAME
100
AcDbAttributeDefinition
  3

  2
PSOL_9
 70
     9
280
     0
  0
ATTDEF
  5
138
330
11C
100
AcDbEntity
  8
AM_6
100
AcDbText
 10
-118.03125000001
 20
362.6499999999381
 30
0.0
 40
0.5
  1
OM_D=},{REFRIGERANT_SUCTION_GAS_CONNECTION_DIAMETER_ROOM_E=},{REFRIGERANT_SUCTION_GAS_CONNECTION_HORIZONTAL_OFFSET=},{REFRIGERANT_SUCTION_GAS_CONNECTION_RADIUS_ROOM_C=},{REFRIGERANT_SUCTION_GAS_CONNECTION_RADIUS_ROOM_D=},{REFRIGERANT_SUCTION_GAS_CON
100
AcDbAttributeDefinition
  3

  2
PSOL_10
 70
     9
280
     0
  0
ATTDEF
  5
139
330
11C
100
AcDbEntity
  8
AM_6
100
AcDbText
 10
-118.03125000001
 20
362.1499999999381
 30
0.0
 40
0.5
  1
N_RADIUS_ROOM_E=},{REFRIGERANT_SUCTION_GAS_CONNECTION_VERTICAL_OFFSET=},{RFA_FAMILY=Download Revit Family (RFA)},{PARTNUMBERMAP09=3Ton_4MXM36AVJU9},{MODEL=},{OMNICLASS_NUMBER=},{OMNICLASS_TITLE=},{REFRIGERANT_LIQUID_CONNECTION_DEPTH_OFFSET=},{REFRIG
100
AcDbAttributeDefinition
  3

  2
PSOL_11
 70
     9
280
     0
  0
ATTDEF
  5
13A
330
11C
100
AcDbEntity
  8
AM_6
100
AcDbText
 10
-118.03125000001
 20
361.6499999999381
 30
0.0
 40
0.5
  1
LIQUID_CONNECTION_DIAMETER_ROOM_A=},{REFRIGERANT_LIQUID_CONNECTION_DIAMETER_ROOM_B=},{REFRIGERANT_LIQUID_CONNECTION_RADIUS_ROOM_A=},{REFRIGERANT_LIQUID_CONNECTION_RADIUS_ROOM_B=},{REFRIGERANT_LIQUID_CONNECTION_VERTICAL_OFFSET_ROOM_A=},{REFRIGERANT_L
100
AcDbAttributeDefinition
  3

  2
PSOL_12
 70
     9
280
     0
  0
ATTDEF
  5
13B
330
11C
100
AcDbEntity
  8
AM_6
100
AcDbText
 10
-118.03125000001
 20
361.1499999999381
 30
0.0
 40
0.5
  1
CONNECTION_VERTICAL_OFFSET_ROOM_B=},{REFRIGERANT_SUCTION_GAS_CONNECTION_DEPTH_OFFSET_ROOM_B=},{REFRIGERANT_SUCTION_GAS_CONNECTION_VERTICAL_OFFSET_ROOM_A=},{REFRIGERANT_SUCTION_GAS_CONNECTION_VERTICAL_OFFSET_ROOM_B=},{REFRIGERANT_SUCTION_GAS_OFFSET=}
100
AcDbAttributeDefinition
  3

  2
PSOL_13
 70
     9
280
     0
  0
ATTDEF
  5
13C
330
11C
100
AcDbEntity
  8
AM_6
100
AcDbText
 10
-118.03125000001
 20
360.6499999999381
 30
0.0
 40
0.5
  1
_VALVE_COVER_DEPTH=},{STOP_VALVE_COVER_HEIGHT=},{STOP_VALVE_COVER_VISIBILITY=},{STOP_VALVE_COVER_WIDTH=},{DEFAULTSORTATTR=},{RFA_FAMILY_=../../_pool_/25/33/heat_pump_unit-multi_zone-outdoor-daikin-4mxm.zip},{RFA_FAMILY_ENG=../../_pool_/25/33/heat_pu
100
AcDbAttributeDefinition
  3

  2
PSOL_14
 70
     9
280
     0
  0
ATTDEF
  5
13D
330
11C
100
AcDbEntity
  8
AM_6
100
AcDbText
 10
-118.03125000001
 20
360.1499999999381
 30
0.0
 40
0.5
  1
t-multi_zone-outdoor-daikin-4mxm.zip},{REVIT_FAMILY_DOWNLOAD=../../_pool_/25/33/heat_pump_unit-multi_zone-outdoor-daikin-4mxm.zip}
100
AcDbAttributeDefinition
  3

  2
PSOL_15
 70
     9
280
     0
  0
LINE
  5
140
330
11C
100
AcDbEntity
  8
AM_9
100
AcDbLine
 10
-138.90625000001
 20
374.6499999999378
 30
0.0
 11
-123.03125000001
 21
374.6499999999381
 31
0.0
  0
LINE
  5
141
330
11C
100
AcDbEntity
  8
AM_9
100
AcDbLine
 10
-138.90625000001
 20
374.6499999999378
 30
0.0
 11
-138.90625000001
 21
25.39999999993808
 31
0.0
  0
LINE
  5
142
330
11C
100
AcDbEntity
  8
AM_9
100
AcDbLine
 10
-123.03125000001
 20
25.39999999993808
 30
0.0
 11
-123.03125000001
 21
374.6499999999378
 31
0.0
  0
ENDBLK
  5
11F
330
11C
100
AcDbEntity
  8
0
100
AcDbBlockEnd
  0
BLOCK
  5
145
330
143
100
AcDbEntity
  8
0
100
AcDbBlockBegin
  2
6_4MXM36AVJU9_PART8_0_in_4MXM36AVJU9_2
 70
     2
 10
0.0
 20
0.0
 30
0.0
  3
6_4MXM36AVJU9_PART8_0_in_4MXM36AVJU9_2
  1

  0
ATTDEF
  5
147
330
143
100
AcDbEntity
  8
AM_6
100
AcDbText
 10
89.13749999999092
 20
284.162499999847
 30
0.0
 40
0.5
  1
4MXM36AVJU9_PART8
100
AcDbAttributeDefinition
  3

  2
NB
 70
     8
280
     0
  0
ATTDEF
  5
148
330
143
100
AcDbEntity
  8
AM_6
100
AcDbText
 10
89.13749999999092
 20
283.662499999847
 30
0.0
 40
0.5
  1

100
AcDbAttributeDefinition
  3

  2
NN
 70
     8
280
     0
  0
ATTDEF
  5
149
330
143
100
AcDbEntity
  8
AM_6
100
AcDbText
 10
89.13749999999092
 20
283.162499999847
 30
0.0
 40
0.5
  1

100
AcDbAttributeDefinition
  3

  2
NT
 70
     8
280
     0
  0
ATTDEF
  5
14A
330
143
100
AcDbEntity
  8
AM_6
100
AcDbText
 10
89.13749999999092
 20
282.662499999847
 30
0.0
 40
0.5
  1
$PARTNUMBER._PART8
100
AcDbAttributeDefinition
  3

  2
NBSYN
 70
     8
280
     0
  0
ATTDEF
  5
14B
330
143
100
AcDbEntity
  8
AM_6
100
AcDbText
 10
89.13749999999092
 20
282.162499999847
 30
0.0
 40
0.5
  1
4MXM36AVJU9_PART8
100
AcDbAttributeDefinition
  3

  2
LINA
 70
     8
280
     0
  0
ATTDEF
  5
14C
330
143
100
AcDbEntity
  8
AM_6
100
AcDbText
 10
89.13749999999092
 20
281.662499999847
 30
0.0
 40
0.5
  1
Daikin
100
AcDbAttributeDefinition
  3

  2
CATALOG
 70
     8
280
     0
  0
ATTDEF
  5
14D
330
143
100
AcDbEntity
  8
AM_6
100
AcDbText
 10
89.13749999999092
 20
281.162499999847
 30
0.0
 40
0.5
  1
4MXM36AVJU9
100
AcDbAttributeDefinition
  3

  2
PARTNUMBER
 70
     8
280
     0
  0
ATTDEF
  5
14E
330
143
100
AcDbEntity
  8
AM_6
100
AcDbText
 10
89.13749999999092
 20
280.662499999847
 30
0.0
 40
0.5
  1
Multi Zone Heat Pump Outdoor Units
100
AcDbAttributeDefinition
  3

  2
DESCRIPTION
 70
     8
280
     0
  0
ATTDEF
  5
14F
330
143
100
AcDbEntity
  8
AM_6
100
AcDbText
 10
89.13749999999092
 20
280.162499999847
 30
0.0
 40
0.5
  1
12.6250
100
AcDbAttributeDefinition
  3

  2
OVERALL_DEPTH
 70
     8
280
     0
  0
ATTDEF
  5
150
330
143
100
AcDbEntity
  8
AM_6
100
AcDbText
 10
89.13749999999092
 20
279.662499999847
 30
0.0
 40
0.5
  1
29.5000
100
AcDbAttributeDefinition
  3

  2
OVERALL_HEIGHT
 70
     8
280
     0
  0
ATTDEF
  5
151
330
143
100
AcDbEntity
  8
AM_6
100
AcDbText
 10
89.13749999999092
 20
279.162499999847
 30
0.0
 40
0.5
  1
34.2500
100
AcDbAttributeDefinition
  3

  2
OVERALL_WIDTH
 70
     8
280
     0
  0
ATTDEF
  5
152
330
143
100
AcDbEntity
  8
AM_6
100
AcDbText
 10
89.13749999999092
 20
278.662499999847
 30
0.0
 40
0.5
  1
https://daikincomfort.com/
100
AcDbAttributeDefinition
  3

  2
URL
 70
     8
280
     0
  0
ATTDEF
  5
153
330
143
100
AcDbEntity
  8
AM_6
100
AcDbText
 10
89.13749999999092
 20
278.162499999847
 30
0.0
 40
0.5
  1
Download Revit Family (RFA)
100
AcDbAttributeDefinition
  3

  2
RFA_FAMILY
 70
     8
280
     0
  0
ATTDEF
  5
154
330
143
100
AcDbEntity
  8
AM_6
100
AcDbText
 10
89.13749999999092
 20
277.662499999847
 30
0.0
 40
0.5
  1
daikin
100
AcDbAttributeDefinition
  3

  2
COMPANY
 70
     8
280
     0
  0
ATTDEF
  5
155
330
143
100
AcDbEntity
  8
AM_6
100
AcDbText
 10
89.13749999999092
 20
277.162499999847
 30
0.0
 40
0.5
  1
{$CADENAS_DATA/23d-libs/daikin/multi20zone20systems/multi20zone20outdoor20units/heat_pump_unit-multi_zone-outdoor-daikin-mxm.prj},237 {VTYP=3D},{NB=4MXM36AVJU9_PART8},{LINA=4MXM36AVJU9_PART8},{NN=(R32) Heat_Pump_Unit-Multi_Zone-Outdoor-Daikin-MXM_PA
100
AcDbAttributeDefinition
  3

  2
PSOL_0
 70
     9
280
     0
  0
ATTDEF
  5
156
330
143
100
AcDbEntity
  8
AM_6
100
AcDbText
 10
89.13749999999092
 20
276.662499999847
 30
0.0
 40
0.5
  1
NOPRJ=TRUE},{DATE=03.06.2026 19:23:31},{GEOMDATE=06.03.2026 09:05:37},{VERSION=},{LINEID=30},{WBVAR=},{WBNUMERIC=}  {NB=4MXM36AVJU9_PART8},{LINA=4MXM36AVJU9_PART8},{KT=DUMMY},{PARTNUMBER=4MXM36AVJU9},{APPARENT_POWER=},{PARTNUMBERHELP=},{ASSEMBLY_COD
100
AcDbAttributeDefinition
  3

  2
PSOL_1
 70
     9
280
     0
  0
ATTDEF
  5
157
330
143
100
AcDbEntity
  8
AM_6
100
AcDbText
 10
89.13749999999092
 20
276.162499999847
 30
0.0
 40
0.5
  1
ASE_PITCH=},{BASE_PITCH_OFFSET=},{BASE_PITCH_WIDTH=},{BASE_PITCH_WIDTH_APART=},{CATEGORY=},{CLEARANCE_VISIBILITY=},{COMPRESSOR_TYPE=},{CONDENSATE_DRAIN_CONNECTION_DIAMETER=},{CONDENSATE_DRAIN_CONNECTION_RADIUS=},{CONDENSATE_DRAIN_DEPTH_OFFSET=},{CON
100
AcDbAttributeDefinition
  3

  2
PSOL_2
 70
     9
280
     0
  0
ATTDEF
  5
158
330
143
100
AcDbEntity
  8
AM_6
100
AcDbText
 10
89.13749999999092
 20
275.662499999847
 30
0.0
 40
0.5
  1
E_DRAIN_HORIZONTAL_OFFSET=},{COST=},{DEFAULT_ELEVATION=},{DESCRIPTION=Multi Zone Heat Pump Outdoor Units},{ENCLOSURE_DEPTH=},{ENCLOSURE_HEIGHT_OFFSET=},{ENCLOSURE_WIDTH=},{FAN_TYPE=},{FREQUENCY=},{FRONT_GRILL_L_X_H=},{LOAD_SUB_CLASSIFICATION_MOTOR=}
100
AcDbAttributeDefinition
  3

  2
PSOL_3
 70
     9
280
     0
  0
ATTDEF
  5
159
330
143
100
AcDbEntity
  8
AM_6
100
AcDbText
 10
89.13749999999092
 20
275.162499999847
 30
0.0
 40
0.5
  1
FACTURER=},{MASSUNIT=},{MAXIMUM_OVERCURRENT_PROTECTION=},{MINIMUM_CIRCUIT_AMPS=},{NOMINAL_COOLING_CAPACITY=},{NOMINAL_COOLING_CAPACITY__TONS_=},{NOMINAL_HEATING_CAPACITY=},{NUMBER_OF_POLES=},{OVERALL_DEPTH=12.6250},{OVERALL_HEIGHT=29.5000},{OVERALL_
100
AcDbAttributeDefinition
  3

  2
PSOL_4
 70
     9
280
     0
  0
ATTDEF
  5
15A
330
143
100
AcDbEntity
  8
AM_6
100
AcDbText
 10
89.13749999999092
 20
274.662499999847
 30
0.0
 40
0.5
  1
34.2500},{PARTTYPE=},{PHASE=},{REFRIGERANT_CHARGE=},{REFRIGERANT_LIQUID_OFFSET=},{REFRIGERANT_SUCTION_GAS_CONNECTION_DEPTH_OFFSET_ROOM_A=},{REFRIGERANT_SUCTION_GAS_CONNECTION_DIAMETER_ROOM_A=},{REFRIGERANT_SUCTION_GAS_CONNECTION_DIAMETER_ROOM_B=},{R
100
AcDbAttributeDefinition
  3

  2
PSOL_5
 70
     9
280
     0
  0
ATTDEF
  5
15B
330
143
100
AcDbEntity
  8
AM_6
100
AcDbText
 10
89.13749999999092
 20
274.162499999847
 30
0.0
 40
0.5
  1
RANT_SUCTION_GAS_CONNECTION_RADIUS_ROOM_A=},{REFRIGERANT_SUCTION_GAS_CONNECTION_RADIUS_ROOM_B=},{REFRIGERANT_USED=},{SERIES=},{SPACE_OR_PERFOMANCE_FRONT=},{SPACE_OR_PERFOMANCE_REAR=},{SPACE_OR_PERFOMANCE_SIDE=},{SYSTEM_PERFORMANCE_COP=},{SYSTEM_PERF
100
AcDbAttributeDefinition
  3

  2
PSOL_6
 70
     9
280
     0
  0
ATTDEF
  5
15C
330
143
100
AcDbEntity
  8
AM_6
100
AcDbText
 10
89.13749999999092
 20
273.662499999847
 30
0.0
 40
0.5
  1
E_EER2=},{SYSTEM_PERFORMANCE_HSPF2=},{SYSTEM_PERFORMANCE_SEER2=},{UNIT_WEIGHT=},{URL=https://daikincomfort.com/},{VERSION=},{VOLTAGE=},{VOLTAGE_COMMENTS=},{CLASSIFICATION_NUMBER=},{PRODUCT_PAGE_URL=},{REFRIGERANT_LIQUID_CONNECTION_ARRAY_VERTICAL_OFF
100
AcDbAttributeDefinition
  3

  2
PSOL_7
 70
     9
280
     0
  0
ATTDEF
  5
15D
330
143
100
AcDbEntity
  8
AM_6
100
AcDbText
 10
89.13749999999092
 20
273.162499999847
 30
0.0
 40
0.5
  1
{REFRIGERANT_LIQUID_CONNECTION_DIAMETER=},{REFRIGERANT_LIQUID_CONNECTION_HORIZONTAL_OFFSET=},{REFRIGERANT_LIQUID_CONNECTION_RADIUS=},{REFRIGERANT_LIQUID_CONNECTION_VERTICAL_OFFSET=},{REFRIGERANT_SUCTION_GAS_CONNECTION_ARRAY_VERTICAL_OFFSET=},{REFRIG
100
AcDbAttributeDefinition
  3

  2
PSOL_8
 70
     9
280
     0
  0
ATTDEF
  5
15E
330
143
100
AcDbEntity
  8
AM_6
100
AcDbText
 10
89.13749999999092
 20
272.662499999847
 30
0.0
 40
0.5
  1
SUCTION_GAS_CONNECTION_DEPTH_OFFSET=},{REFRIGERANT_SUCTION_GAS_CONNECTION_DEPTH_OFFSET_ROOM_D=},{REFRIGERANT_SUCTION_GAS_CONNECTION_DEPTH_OFFSET_ROOM_E=},{REFRIGERANT_SUCTION_GAS_CONNECTION_DIAMETER_ROOM_C=},{REFRIGERANT_SUCTION_GAS_CONNECTION_DIAME
100
AcDbAttributeDefinition
  3

  2
PSOL_9
 70
     9
280
     0
  0
ATTDEF
  5
15F
330
143
100
AcDbEntity
  8
AM_6
100
AcDbText
 10
89.13749999999092
 20
272.162499999847
 30
0.0
 40
0.5
  1
OM_D=},{REFRIGERANT_SUCTION_GAS_CONNECTION_DIAMETER_ROOM_E=},{REFRIGERANT_SUCTION_GAS_CONNECTION_HORIZONTAL_OFFSET=},{REFRIGERANT_SUCTION_GAS_CONNECTION_RADIUS_ROOM_C=},{REFRIGERANT_SUCTION_GAS_CONNECTION_RADIUS_ROOM_D=},{REFRIGERANT_SUCTION_GAS_CON
100
AcDbAttributeDefinition
  3

  2
PSOL_10
 70
     9
280
     0
  0
ATTDEF
  5
160
330
143
100
AcDbEntity
  8
AM_6
100
AcDbText
 10
89.13749999999092
 20
271.662499999847
 30
0.0
 40
0.5
  1
N_RADIUS_ROOM_E=},{REFRIGERANT_SUCTION_GAS_CONNECTION_VERTICAL_OFFSET=},{RFA_FAMILY=Download Revit Family (RFA)},{PARTNUMBERMAP09=3Ton_4MXM36AVJU9},{MODEL=},{OMNICLASS_NUMBER=},{OMNICLASS_TITLE=},{REFRIGERANT_LIQUID_CONNECTION_DEPTH_OFFSET=},{REFRIG
100
AcDbAttributeDefinition
  3

  2
PSOL_11
 70
     9
280
     0
  0
ATTDEF
  5
161
330
143
100
AcDbEntity
  8
AM_6
100
AcDbText
 10
89.13749999999092
 20
271.162499999847
 30
0.0
 40
0.5
  1
LIQUID_CONNECTION_DIAMETER_ROOM_A=},{REFRIGERANT_LIQUID_CONNECTION_DIAMETER_ROOM_B=},{REFRIGERANT_LIQUID_CONNECTION_RADIUS_ROOM_A=},{REFRIGERANT_LIQUID_CONNECTION_RADIUS_ROOM_B=},{REFRIGERANT_LIQUID_CONNECTION_VERTICAL_OFFSET_ROOM_A=},{REFRIGERANT_L
100
AcDbAttributeDefinition
  3

  2
PSOL_12
 70
     9
280
     0
  0
ATTDEF
  5
162
330
143
100
AcDbEntity
  8
AM_6
100
AcDbText
 10
89.13749999999092
 20
270.662499999847
 30
0.0
 40
0.5
  1
CONNECTION_VERTICAL_OFFSET_ROOM_B=},{REFRIGERANT_SUCTION_GAS_CONNECTION_DEPTH_OFFSET_ROOM_B=},{REFRIGERANT_SUCTION_GAS_CONNECTION_VERTICAL_OFFSET_ROOM_A=},{REFRIGERANT_SUCTION_GAS_CONNECTION_VERTICAL_OFFSET_ROOM_B=},{REFRIGERANT_SUCTION_GAS_OFFSET=}
100
AcDbAttributeDefinition
  3

  2
PSOL_13
 70
     9
280
     0
  0
ATTDEF
  5
163
330
143
100
AcDbEntity
  8
AM_6
100
AcDbText
 10
89.13749999999092
 20
270.162499999847
 30
0.0
 40
0.5
  1
_VALVE_COVER_DEPTH=},{STOP_VALVE_COVER_HEIGHT=},{STOP_VALVE_COVER_VISIBILITY=},{STOP_VALVE_COVER_WIDTH=},{DEFAULTSORTATTR=},{RFA_FAMILY_=../../_pool_/25/33/heat_pump_unit-multi_zone-outdoor-daikin-4mxm.zip},{RFA_FAMILY_ENG=../../_pool_/25/33/heat_pu
100
AcDbAttributeDefinition
  3

  2
PSOL_14
 70
     9
280
     0
  0
ATTDEF
  5
164
330
143
100
AcDbEntity
  8
AM_6
100
AcDbText
 10
89.13749999999092
 20
269.662499999847
 30
0.0
 40
0.5
  1
t-multi_zone-outdoor-daikin-4mxm.zip},{REVIT_FAMILY_DOWNLOAD=../../_pool_/25/33/heat_pump_unit-multi_zone-outdoor-daikin-4mxm.zip}
100
AcDbAttributeDefinition
  3

  2
PSOL_15
 70
     9
280
     0
  0
LINE
  5
165
330
143
100
AcDbEntity
  8
AM_9
100
AcDbLine
 10
-0.0000000000081712
 20
268.287499999847
 30
0.0
 11
84.13749999999092
 21
268.287499999847
 31
0.0
  0
LINE
  5
166
330
143
100
AcDbEntity
  8
AM_9
100
AcDbLine
 10
84.13749999999092
 20
284.162499999847
 30
0.0
 11
-0.0000000000081753
 21
284.162499999847
 31
0.0
  0
LINE
  5
167
330
143
100
AcDbEntity
  8
AM_9
100
AcDbLine
 10
-0.0000000000081712
 20
268.287499999847
 30
0.0
 11
-0.0000000000081712
 21
284.162499999847
 31
0.0
  0
LINE
  5
168
330
143
100
AcDbEntity
  8
AM_9
100
AcDbLine
 10
84.13749999999092
 20
284.162499999847
 30
0.0
 11
84.13749999999092
 21
268.287499999847
 31
0.0
  0
ENDBLK
  5
146
330
143
100
AcDbEntity
  8
0
100
AcDbBlockEnd
  0
BLOCK
  5
16B
330
169
100
AcDbEntity
  8
0
100
AcDbBlockBegin
  2
7_4MXM36AVJU9_PART7_0_in_4MXM36AVJU9_2
 70
     2
 10
0.0
 20
0.0
 30
0.0
  3
7_4MXM36AVJU9_PART7_0_in_4MXM36AVJU9_2
  1

  0
ATTDEF
  5
16D
330
169
100
AcDbEntity
  8
AM_6
100
AcDbText
 10
70.08749999999293
 20
247.649999999875
 30
0.0
 40
0.5
  1
4MXM36AVJU9_PART7
100
AcDbAttributeDefinition
  3

  2
NB
 70
     8
280
     0
  0
ATTDEF
  5
16E
330
169
100
AcDbEntity
  8
AM_6
100
AcDbText
 10
70.08749999999293
 20
247.149999999875
 30
0.0
 40
0.5
  1

100
AcDbAttributeDefinition
  3

  2
NN
 70
     8
280
     0
  0
ATTDEF
  5
16F
330
169
100
AcDbEntity
  8
AM_6
100
AcDbText
 10
70.08749999999293
 20
246.649999999875
 30
0.0
 40
0.5
  1

100
AcDbAttributeDefinition
  3

  2
NT
 70
     8
280
     0
  0
ATTDEF
  5
170
330
169
100
AcDbEntity
  8
AM_6
100
AcDbText
 10
70.08749999999293
 20
246.149999999875
 30
0.0
 40
0.5
  1
$PARTNUMBER._PART7
100
AcDbAttributeDefinition
  3

  2
NBSYN
 70
     8
280
     0
  0
ATTDEF
  5
171
330
169
100
AcDbEntity
  8
AM_6
100
AcDbText
 10
70.08749999999293
 20
245.649999999875
 30
0.0
 40
0.5
  1
4MXM36AVJU9_PART7
100
AcDbAttributeDefinition
  3

  2
LINA
 70
     8
280
     0
  0
ATTDEF
  5
172
330
169
100
AcDbEntity
  8
AM_6
100
AcDbText
 10
70.08749999999293
 20
245.149999999875
 30
0.0
 40
0.5
  1
Daikin
100
AcDbAttributeDefinition
  3

  2
CATALOG
 70
     8
280
     0
  0
ATTDEF
  5
173
330
169
100
AcDbEntity
  8
AM_6
100
AcDbText
 10
70.08749999999293
 20
244.649999999875
 30
0.0
 40
0.5
  1
4MXM36AVJU9
100
AcDbAttributeDefinition
  3

  2
PARTNUMBER
 70
     8
280
     0
  0
ATTDEF
  5
174
330
169
100
AcDbEntity
  8
AM_6
100
AcDbText
 10
70.08749999999293
 20
244.149999999875
 30
0.0
 40
0.5
  1
Multi Zone Heat Pump Outdoor Units
100
AcDbAttributeDefinition
  3

  2
DESCRIPTION
 70
     8
280
     0
  0
ATTDEF
  5
175
330
169
100
AcDbEntity
  8
AM_6
100
AcDbText
 10
70.08749999999293
 20
243.649999999875
 30
0.0
 40
0.5
  1
12.6250
100
AcDbAttributeDefinition
  3

  2
OVERALL_DEPTH
 70
     8
280
     0
  0
ATTDEF
  5
176
330
169
100
AcDbEntity
  8
AM_6
100
AcDbText
 10
70.08749999999293
 20
243.149999999875
 30
0.0
 40
0.5
  1
29.5000
100
AcDbAttributeDefinition
  3

  2
OVERALL_HEIGHT
 70
     8
280
     0
  0
ATTDEF
  5
177
330
169
100
AcDbEntity
  8
AM_6
100
AcDbText
 10
70.08749999999293
 20
242.649999999875
 30
0.0
 40
0.5
  1
34.2500
100
AcDbAttributeDefinition
  3

  2
OVERALL_WIDTH
 70
     8
280
     0
  0
ATTDEF
  5
178
330
169
100
AcDbEntity
  8
AM_6
100
AcDbText
 10
70.08749999999293
 20
242.149999999875
 30
0.0
 40
0.5
  1
https://daikincomfort.com/
100
AcDbAttributeDefinition
  3

  2
URL
 70
     8
280
     0
  0
ATTDEF
  5
179
330
169
100
AcDbEntity
  8
AM_6
100
AcDbText
 10
70.08749999999293
 20
241.649999999875
 30
0.0
 40
0.5
  1
Download Revit Family (RFA)
100
AcDbAttributeDefinition
  3

  2
RFA_FAMILY
 70
     8
280
     0
  0
ATTDEF
  5
17A
330
169
100
AcDbEntity
  8
AM_6
100
AcDbText
 10
70.08749999999293
 20
241.149999999875
 30
0.0
 40
0.5
  1
daikin
100
AcDbAttributeDefinition
  3

  2
COMPANY
 70
     8
280
     0
  0
ATTDEF
  5
17B
330
169
100
AcDbEntity
  8
AM_6
100
AcDbText
 10
70.08749999999293
 20
240.649999999875
 30
0.0
 40
0.5
  1
{$CADENAS_DATA/23d-libs/daikin/multi20zone20systems/multi20zone20outdoor20units/heat_pump_unit-multi_zone-outdoor-daikin-mxm.prj},237 {VTYP=3D},{NB=4MXM36AVJU9_PART7},{LINA=4MXM36AVJU9_PART7},{NN=(R32) Heat_Pump_Unit-Multi_Zone-Outdoor-Daikin-MXM_PA
100
AcDbAttributeDefinition
  3

  2
PSOL_0
 70
     9
280
     0
  0
ATTDEF
  5
17C
330
169
100
AcDbEntity
  8
AM_6
100
AcDbText
 10
70.08749999999293
 20
240.149999999875
 30
0.0
 40
0.5
  1
NOPRJ=TRUE},{DATE=03.06.2026 19:23:31},{GEOMDATE=06.03.2026 09:05:37},{VERSION=},{LINEID=30},{WBVAR=},{WBNUMERIC=}  {NB=4MXM36AVJU9_PART7},{LINA=4MXM36AVJU9_PART7},{KT=DUMMY},{PARTNUMBER=4MXM36AVJU9},{APPARENT_POWER=},{PARTNUMBERHELP=},{ASSEMBLY_COD
100
AcDbAttributeDefinition
  3

  2
PSOL_1
 70
     9
280
     0
  0
ATTDEF
  5
17D
330
169
100
AcDbEntity
  8
AM_6
100
AcDbText
 10
70.08749999999293
 20
239.649999999875
 30
0.0
 40
0.5
  1
ASE_PITCH=},{BASE_PITCH_OFFSET=},{BASE_PITCH_WIDTH=},{BASE_PITCH_WIDTH_APART=},{CATEGORY=},{CLEARANCE_VISIBILITY=},{COMPRESSOR_TYPE=},{CONDENSATE_DRAIN_CONNECTION_DIAMETER=},{CONDENSATE_DRAIN_CONNECTION_RADIUS=},{CONDENSATE_DRAIN_DEPTH_OFFSET=},{CON
100
AcDbAttributeDefinition
  3

  2
PSOL_2
 70
     9
280
     0
  0
ATTDEF
  5
17E
330
169
100
AcDbEntity
  8
AM_6
100
AcDbText
 10
70.08749999999293
 20
239.149999999875
 30
0.0
 40
0.5
  1
E_DRAIN_HORIZONTAL_OFFSET=},{COST=},{DEFAULT_ELEVATION=},{DESCRIPTION=Multi Zone Heat Pump Outdoor Units},{ENCLOSURE_DEPTH=},{ENCLOSURE_HEIGHT_OFFSET=},{ENCLOSURE_WIDTH=},{FAN_TYPE=},{FREQUENCY=},{FRONT_GRILL_L_X_H=},{LOAD_SUB_CLASSIFICATION_MOTOR=}
100
AcDbAttributeDefinition
  3

  2
PSOL_3
 70
     9
280
     0
  0
ATTDEF
  5
17F
330
169
100
AcDbEntity
  8
AM_6
100
AcDbText
 10
70.08749999999293
 20
238.649999999875
 30
0.0
 40
0.5
  1
FACTURER=},{MASSUNIT=},{MAXIMUM_OVERCURRENT_PROTECTION=},{MINIMUM_CIRCUIT_AMPS=},{NOMINAL_COOLING_CAPACITY=},{NOMINAL_COOLING_CAPACITY__TONS_=},{NOMINAL_HEATING_CAPACITY=},{NUMBER_OF_POLES=},{OVERALL_DEPTH=12.6250},{OVERALL_HEIGHT=29.5000},{OVERALL_
100
AcDbAttributeDefinition
  3

  2
PSOL_4
 70
     9
280
     0
  0
ATTDEF
  5
180
330
169
100
AcDbEntity
  8
AM_6
100
AcDbText
 10
70.08749999999293
 20
238.149999999875
 30
0.0
 40
0.5
  1
34.2500},{PARTTYPE=},{PHASE=},{REFRIGERANT_CHARGE=},{REFRIGERANT_LIQUID_OFFSET=},{REFRIGERANT_SUCTION_GAS_CONNECTION_DEPTH_OFFSET_ROOM_A=},{REFRIGERANT_SUCTION_GAS_CONNECTION_DIAMETER_ROOM_A=},{REFRIGERANT_SUCTION_GAS_CONNECTION_DIAMETER_ROOM_B=},{R
100
AcDbAttributeDefinition
  3

  2
PSOL_5
 70
     9
280
     0
  0
ATTDEF
  5
181
330
169
100
AcDbEntity
  8
AM_6
100
AcDbText
 10
70.08749999999293
 20
237.649999999875
 30
0.0
 40
0.5
  1
RANT_SUCTION_GAS_CONNECTION_RADIUS_ROOM_A=},{REFRIGERANT_SUCTION_GAS_CONNECTION_RADIUS_ROOM_B=},{REFRIGERANT_USED=},{SERIES=},{SPACE_OR_PERFOMANCE_FRONT=},{SPACE_OR_PERFOMANCE_REAR=},{SPACE_OR_PERFOMANCE_SIDE=},{SYSTEM_PERFORMANCE_COP=},{SYSTEM_PERF
100
AcDbAttributeDefinition
  3

  2
PSOL_6
 70
     9
280
     0
  0
ATTDEF
  5
182
330
169
100
AcDbEntity
  8
AM_6
100
AcDbText
 10
70.08749999999293
 20
237.149999999875
 30
0.0
 40
0.5
  1
E_EER2=},{SYSTEM_PERFORMANCE_HSPF2=},{SYSTEM_PERFORMANCE_SEER2=},{UNIT_WEIGHT=},{URL=https://daikincomfort.com/},{VERSION=},{VOLTAGE=},{VOLTAGE_COMMENTS=},{CLASSIFICATION_NUMBER=},{PRODUCT_PAGE_URL=},{REFRIGERANT_LIQUID_CONNECTION_ARRAY_VERTICAL_OFF
100
AcDbAttributeDefinition
  3

  2
PSOL_7
 70
     9
280
     0
  0
ATTDEF
  5
183
330
169
100
AcDbEntity
  8
AM_6
100
AcDbText
 10
70.08749999999293
 20
236.649999999875
 30
0.0
 40
0.5
  1
{REFRIGERANT_LIQUID_CONNECTION_DIAMETER=},{REFRIGERANT_LIQUID_CONNECTION_HORIZONTAL_OFFSET=},{REFRIGERANT_LIQUID_CONNECTION_RADIUS=},{REFRIGERANT_LIQUID_CONNECTION_VERTICAL_OFFSET=},{REFRIGERANT_SUCTION_GAS_CONNECTION_ARRAY_VERTICAL_OFFSET=},{REFRIG
100
AcDbAttributeDefinition
  3

  2
PSOL_8
 70
     9
280
     0
  0
ATTDEF
  5
184
330
169
100
AcDbEntity
  8
AM_6
100
AcDbText
 10
70.08749999999293
 20
236.149999999875
 30
0.0
 40
0.5
  1
SUCTION_GAS_CONNECTION_DEPTH_OFFSET=},{REFRIGERANT_SUCTION_GAS_CONNECTION_DEPTH_OFFSET_ROOM_D=},{REFRIGERANT_SUCTION_GAS_CONNECTION_DEPTH_OFFSET_ROOM_E=},{REFRIGERANT_SUCTION_GAS_CONNECTION_DIAMETER_ROOM_C=},{REFRIGERANT_SUCTION_GAS_CONNECTION_DIAME
100
AcDbAttributeDefinition
  3

  2
PSOL_9
 70
     9
280
     0
  0
ATTDEF
  5
185
330
169
100
AcDbEntity
  8
AM_6
100
AcDbText
 10
70.08749999999293
 20
235.649999999875
 30
0.0
 40
0.5
  1
OM_D=},{REFRIGERANT_SUCTION_GAS_CONNECTION_DIAMETER_ROOM_E=},{REFRIGERANT_SUCTION_GAS_CONNECTION_HORIZONTAL_OFFSET=},{REFRIGERANT_SUCTION_GAS_CONNECTION_RADIUS_ROOM_C=},{REFRIGERANT_SUCTION_GAS_CONNECTION_RADIUS_ROOM_D=},{REFRIGERANT_SUCTION_GAS_CON
100
AcDbAttributeDefinition
  3

  2
PSOL_10
 70
     9
280
     0
  0
ATTDEF
  5
186
330
169
100
AcDbEntity
  8
AM_6
100
AcDbText
 10
70.08749999999293
 20
235.149999999875
 30
0.0
 40
0.5
  1
N_RADIUS_ROOM_E=},{REFRIGERANT_SUCTION_GAS_CONNECTION_VERTICAL_OFFSET=},{RFA_FAMILY=Download Revit Family (RFA)},{PARTNUMBERMAP09=3Ton_4MXM36AVJU9},{MODEL=},{OMNICLASS_NUMBER=},{OMNICLASS_TITLE=},{REFRIGERANT_LIQUID_CONNECTION_DEPTH_OFFSET=},{REFRIG
100
AcDbAttributeDefinition
  3

  2
PSOL_11
 70
     9
280
     0
  0
ATTDEF
  5
187
330
169
100
AcDbEntity
  8
AM_6
100
AcDbText
 10
70.08749999999293
 20
234.649999999875
 30
0.0
 40
0.5
  1
LIQUID_CONNECTION_DIAMETER_ROOM_A=},{REFRIGERANT_LIQUID_CONNECTION_DIAMETER_ROOM_B=},{REFRIGERANT_LIQUID_CONNECTION_RADIUS_ROOM_A=},{REFRIGERANT_LIQUID_CONNECTION_RADIUS_ROOM_B=},{REFRIGERANT_LIQUID_CONNECTION_VERTICAL_OFFSET_ROOM_A=},{REFRIGERANT_L
100
AcDbAttributeDefinition
  3

  2
PSOL_12
 70
     9
280
     0
  0
ATTDEF
  5
188
330
169
100
AcDbEntity
  8
AM_6
100
AcDbText
 10
70.08749999999293
 20
234.149999999875
 30
0.0
 40
0.5
  1
CONNECTION_VERTICAL_OFFSET_ROOM_B=},{REFRIGERANT_SUCTION_GAS_CONNECTION_DEPTH_OFFSET_ROOM_B=},{REFRIGERANT_SUCTION_GAS_CONNECTION_VERTICAL_OFFSET_ROOM_A=},{REFRIGERANT_SUCTION_GAS_CONNECTION_VERTICAL_OFFSET_ROOM_B=},{REFRIGERANT_SUCTION_GAS_OFFSET=}
100
AcDbAttributeDefinition
  3

  2
PSOL_13
 70
     9
280
     0
  0
ATTDEF
  5
189
330
169
100
AcDbEntity
  8
AM_6
100
AcDbText
 10
70.08749999999293
 20
233.649999999875
 30
0.0
 40
0.5
  1
_VALVE_COVER_DEPTH=},{STOP_VALVE_COVER_HEIGHT=},{STOP_VALVE_COVER_VISIBILITY=},{STOP_VALVE_COVER_WIDTH=},{DEFAULTSORTATTR=},{RFA_FAMILY_=../../_pool_/25/33/heat_pump_unit-multi_zone-outdoor-daikin-4mxm.zip},{RFA_FAMILY_ENG=../../_pool_/25/33/heat_pu
100
AcDbAttributeDefinition
  3

  2
PSOL_14
 70
     9
280
     0
  0
ATTDEF
  5
18A
330
169
100
AcDbEntity
  8
AM_6
100
AcDbText
 10
70.08749999999293
 20
233.149999999875
 30
0.0
 40
0.5
  1
t-multi_zone-outdoor-daikin-4mxm.zip},{REVIT_FAMILY_DOWNLOAD=../../_pool_/25/33/heat_pump_unit-multi_zone-outdoor-daikin-4mxm.zip}
100
AcDbAttributeDefinition
  3

  2
PSOL_15
 70
     9
280
     0
  0
LINE
  5
18B
330
169
100
AcDbEntity
  8
AM_9
100
AcDbLine
 10
-0.0000000000084054
 20
241.299999999875
 30
0.0
 11
65.08749999999293
 21
241.299999999875
 31
0.0
  0
LINE
  5
18C
330
169
100
AcDbEntity
  8
AM_9
100
AcDbLine
 10
65.08749999999293
 20
247.649999999875
 30
0.0
 11
-0.0000000000083989
 21
247.649999999875
 31
0.0
  0
LINE
  5
18D
330
169
100
AcDbEntity
  8
AM_9
100
AcDbLine
 10
-0.0000000000084054
 20
241.299999999875
 30
0.0
 11
-0.0000000000084054
 21
247.649999999875
 31
0.0
  0
LINE
  5
18E
330
169
100
AcDbEntity
  8
AM_9
100
AcDbLine
 10
65.08749999999293
 20
247.649999999875
 30
0.0
 11
65.08749999999293
 21
241.299999999875
 31
0.0
  0
ENDBLK
  5
16C
330
169
100
AcDbEntity
  8
0
100
AcDbBlockEnd
  0
BLOCK
  5
191
330
18F
100
AcDbEntity
  8
0
100
AcDbBlockBegin
  2
8_4MXM36AVJU9_PART6_0_in_4MXM36AVJU9_2
 70
     2
 10
0.0
 20
0.0
 30
0.0
  3
8_4MXM36AVJU9_PART6_0_in_4MXM36AVJU9_2
  1

  0
ATTDEF
  5
193
330
18F
100
AcDbEntity
  8
AM_6
100
AcDbText
 10
70.08749999999293
 20
304.799999999875
 30
0.0
 40
0.5
  1
4MXM36AVJU9_PART6
100
AcDbAttributeDefinition
  3

  2
NB
 70
     8
280
     0
  0
ATTDEF
  5
194
330
18F
100
AcDbEntity
  8
AM_6
100
AcDbText
 10
70.08749999999293
 20
304.299999999875
 30
0.0
 40
0.5
  1

100
AcDbAttributeDefinition
  3

  2
NN
 70
     8
280
     0
  0
ATTDEF
  5
195
330
18F
100
AcDbEntity
  8
AM_6
100
AcDbText
 10
70.08749999999293
 20
303.799999999875
 30
0.0
 40
0.5
  1

100
AcDbAttributeDefinition
  3

  2
NT
 70
     8
280
     0
  0
ATTDEF
  5
196
330
18F
100
AcDbEntity
  8
AM_6
100
AcDbText
 10
70.08749999999293
 20
303.299999999875
 30
0.0
 40
0.5
  1
$PARTNUMBER._PART6
100
AcDbAttributeDefinition
  3

  2
NBSYN
 70
     8
280
     0
  0
ATTDEF
  5
197
330
18F
100
AcDbEntity
  8
AM_6
100
AcDbText
 10
70.08749999999293
 20
302.799999999875
 30
0.0
 40
0.5
  1
4MXM36AVJU9_PART6
100
AcDbAttributeDefinition
  3

  2
LINA
 70
     8
280
     0
  0
ATTDEF
  5
198
330
18F
100
AcDbEntity
  8
AM_6
100
AcDbText
 10
70.08749999999293
 20
302.299999999875
 30
0.0
 40
0.5
  1
Daikin
100
AcDbAttributeDefinition
  3

  2
CATALOG
 70
     8
280
     0
  0
ATTDEF
  5
199
330
18F
100
AcDbEntity
  8
AM_6
100
AcDbText
 10
70.08749999999293
 20
301.799999999875
 30
0.0
 40
0.5
  1
4MXM36AVJU9
100
AcDbAttributeDefinition
  3

  2
PARTNUMBER
 70
     8
280
     0
  0
ATTDEF
  5
19A
330
18F
100
AcDbEntity
  8
AM_6
100
AcDbText
 10
70.08749999999293
 20
301.299999999875
 30
0.0
 40
0.5
  1
Multi Zone Heat Pump Outdoor Units
100
AcDbAttributeDefinition
  3

  2
DESCRIPTION
 70
     8
280
     0
  0
ATTDEF
  5
19B
330
18F
100
AcDbEntity
  8
AM_6
100
AcDbText
 10
70.08749999999293
 20
300.799999999875
 30
0.0
 40
0.5
  1
12.6250
100
AcDbAttributeDefinition
  3

  2
OVERALL_DEPTH
 70
     8
280
     0
  0
ATTDEF
  5
19C
330
18F
100
AcDbEntity
  8
AM_6
100
AcDbText
 10
70.08749999999293
 20
300.299999999875
 30
0.0
 40
0.5
  1
29.5000
100
AcDbAttributeDefinition
  3

  2
OVERALL_HEIGHT
 70
     8
280
     0
  0
ATTDEF
  5
19D
330
18F
100
AcDbEntity
  8
AM_6
100
AcDbText
 10
70.08749999999293
 20
299.799999999875
 30
0.0
 40
0.5
  1
34.2500
100
AcDbAttributeDefinition
  3

  2
OVERALL_WIDTH
 70
     8
280
     0
  0
ATTDEF
  5
19E
330
18F
100
AcDbEntity
  8
AM_6
100
AcDbText
 10
70.08749999999293
 20
299.299999999875
 30
0.0
 40
0.5
  1
https://daikincomfort.com/
100
AcDbAttributeDefinition
  3

  2
URL
 70
     8
280
     0
  0
ATTDEF
  5
19F
330
18F
100
AcDbEntity
  8
AM_6
100
AcDbText
 10
70.08749999999293
 20
298.799999999875
 30
0.0
 40
0.5
  1
Download Revit Family (RFA)
100
AcDbAttributeDefinition
  3

  2
RFA_FAMILY
 70
     8
280
     0
  0
ATTDEF
  5
1A0
330
18F
100
AcDbEntity
  8
AM_6
100
AcDbText
 10
70.08749999999293
 20
298.299999999875
 30
0.0
 40
0.5
  1
daikin
100
AcDbAttributeDefinition
  3

  2
COMPANY
 70
     8
280
     0
  0
ATTDEF
  5
1A1
330
18F
100
AcDbEntity
  8
AM_6
100
AcDbText
 10
70.08749999999293
 20
297.799999999875
 30
0.0
 40
0.5
  1
{$CADENAS_DATA/23d-libs/daikin/multi20zone20systems/multi20zone20outdoor20units/heat_pump_unit-multi_zone-outdoor-daikin-mxm.prj},237 {VTYP=3D},{NB=4MXM36AVJU9_PART6},{LINA=4MXM36AVJU9_PART6},{NN=(R32) Heat_Pump_Unit-Multi_Zone-Outdoor-Daikin-MXM_PA
100
AcDbAttributeDefinition
  3

  2
PSOL_0
 70
     9
280
     0
  0
ATTDEF
  5
1A2
330
18F
100
AcDbEntity
  8
AM_6
100
AcDbText
 10
70.08749999999293
 20
297.299999999875
 30
0.0
 40
0.5
  1
NOPRJ=TRUE},{DATE=03.06.2026 19:23:31},{GEOMDATE=06.03.2026 09:05:37},{VERSION=},{LINEID=30},{WBVAR=},{WBNUMERIC=}  {NB=4MXM36AVJU9_PART6},{LINA=4MXM36AVJU9_PART6},{KT=DUMMY},{PARTNUMBER=4MXM36AVJU9},{APPARENT_POWER=},{PARTNUMBERHELP=},{ASSEMBLY_COD
100
AcDbAttributeDefinition
  3

  2
PSOL_1
 70
     9
280
     0
  0
ATTDEF
  5
1A3
330
18F
100
AcDbEntity
  8
AM_6
100
AcDbText
 10
70.08749999999293
 20
296.799999999875
 30
0.0
 40
0.5
  1
ASE_PITCH=},{BASE_PITCH_OFFSET=},{BASE_PITCH_WIDTH=},{BASE_PITCH_WIDTH_APART=},{CATEGORY=},{CLEARANCE_VISIBILITY=},{COMPRESSOR_TYPE=},{CONDENSATE_DRAIN_CONNECTION_DIAMETER=},{CONDENSATE_DRAIN_CONNECTION_RADIUS=},{CONDENSATE_DRAIN_DEPTH_OFFSET=},{CON
100
AcDbAttributeDefinition
  3

  2
PSOL_2
 70
     9
280
     0
  0
ATTDEF
  5
1A4
330
18F
100
AcDbEntity
  8
AM_6
100
AcDbText
 10
70.08749999999293
 20
296.299999999875
 30
0.0
 40
0.5
  1
E_DRAIN_HORIZONTAL_OFFSET=},{COST=},{DEFAULT_ELEVATION=},{DESCRIPTION=Multi Zone Heat Pump Outdoor Units},{ENCLOSURE_DEPTH=},{ENCLOSURE_HEIGHT_OFFSET=},{ENCLOSURE_WIDTH=},{FAN_TYPE=},{FREQUENCY=},{FRONT_GRILL_L_X_H=},{LOAD_SUB_CLASSIFICATION_MOTOR=}
100
AcDbAttributeDefinition
  3

  2
PSOL_3
 70
     9
280
     0
  0
ATTDEF
  5
1A5
330
18F
100
AcDbEntity
  8
AM_6
100
AcDbText
 10
70.08749999999293
 20
295.799999999875
 30
0.0
 40
0.5
  1
FACTURER=},{MASSUNIT=},{MAXIMUM_OVERCURRENT_PROTECTION=},{MINIMUM_CIRCUIT_AMPS=},{NOMINAL_COOLING_CAPACITY=},{NOMINAL_COOLING_CAPACITY__TONS_=},{NOMINAL_HEATING_CAPACITY=},{NUMBER_OF_POLES=},{OVERALL_DEPTH=12.6250},{OVERALL_HEIGHT=29.5000},{OVERALL_
100
AcDbAttributeDefinition
  3

  2
PSOL_4
 70
     9
280
     0
  0
ATTDEF
  5
1A6
330
18F
100
AcDbEntity
  8
AM_6
100
AcDbText
 10
70.08749999999293
 20
295.299999999875
 30
0.0
 40
0.5
  1
34.2500},{PARTTYPE=},{PHASE=},{REFRIGERANT_CHARGE=},{REFRIGERANT_LIQUID_OFFSET=},{REFRIGERANT_SUCTION_GAS_CONNECTION_DEPTH_OFFSET_ROOM_A=},{REFRIGERANT_SUCTION_GAS_CONNECTION_DIAMETER_ROOM_A=},{REFRIGERANT_SUCTION_GAS_CONNECTION_DIAMETER_ROOM_B=},{R
100
AcDbAttributeDefinition
  3

  2
PSOL_5
 70
     9
280
     0
  0
ATTDEF
  5
1A7
330
18F
100
AcDbEntity
  8
AM_6
100
AcDbText
 10
70.08749999999293
 20
294.799999999875
 30
0.0
 40
0.5
  1
RANT_SUCTION_GAS_CONNECTION_RADIUS_ROOM_A=},{REFRIGERANT_SUCTION_GAS_CONNECTION_RADIUS_ROOM_B=},{REFRIGERANT_USED=},{SERIES=},{SPACE_OR_PERFOMANCE_FRONT=},{SPACE_OR_PERFOMANCE_REAR=},{SPACE_OR_PERFOMANCE_SIDE=},{SYSTEM_PERFORMANCE_COP=},{SYSTEM_PERF
100
AcDbAttributeDefinition
  3

  2
PSOL_6
 70
     9
280
     0
  0
ATTDEF
  5
1A8
330
18F
100
AcDbEntity
  8
AM_6
100
AcDbText
 10
70.08749999999293
 20
294.299999999875
 30
0.0
 40
0.5
  1
E_EER2=},{SYSTEM_PERFORMANCE_HSPF2=},{SYSTEM_PERFORMANCE_SEER2=},{UNIT_WEIGHT=},{URL=https://daikincomfort.com/},{VERSION=},{VOLTAGE=},{VOLTAGE_COMMENTS=},{CLASSIFICATION_NUMBER=},{PRODUCT_PAGE_URL=},{REFRIGERANT_LIQUID_CONNECTION_ARRAY_VERTICAL_OFF
100
AcDbAttributeDefinition
  3

  2
PSOL_7
 70
     9
280
     0
  0
ATTDEF
  5
1A9
330
18F
100
AcDbEntity
  8
AM_6
100
AcDbText
 10
70.08749999999293
 20
293.799999999875
 30
0.0
 40
0.5
  1
{REFRIGERANT_LIQUID_CONNECTION_DIAMETER=},{REFRIGERANT_LIQUID_CONNECTION_HORIZONTAL_OFFSET=},{REFRIGERANT_LIQUID_CONNECTION_RADIUS=},{REFRIGERANT_LIQUID_CONNECTION_VERTICAL_OFFSET=},{REFRIGERANT_SUCTION_GAS_CONNECTION_ARRAY_VERTICAL_OFFSET=},{REFRIG
100
AcDbAttributeDefinition
  3

  2
PSOL_8
 70
     9
280
     0
  0
ATTDEF
  5
1AA
330
18F
100
AcDbEntity
  8
AM_6
100
AcDbText
 10
70.08749999999293
 20
293.299999999875
 30
0.0
 40
0.5
  1
SUCTION_GAS_CONNECTION_DEPTH_OFFSET=},{REFRIGERANT_SUCTION_GAS_CONNECTION_DEPTH_OFFSET_ROOM_D=},{REFRIGERANT_SUCTION_GAS_CONNECTION_DEPTH_OFFSET_ROOM_E=},{REFRIGERANT_SUCTION_GAS_CONNECTION_DIAMETER_ROOM_C=},{REFRIGERANT_SUCTION_GAS_CONNECTION_DIAME
100
AcDbAttributeDefinition
  3

  2
PSOL_9
 70
     9
280
     0
  0
ATTDEF
  5
1AB
330
18F
100
AcDbEntity
  8
AM_6
100
AcDbText
 10
70.08749999999293
 20
292.799999999875
 30
0.0
 40
0.5
  1
OM_D=},{REFRIGERANT_SUCTION_GAS_CONNECTION_DIAMETER_ROOM_E=},{REFRIGERANT_SUCTION_GAS_CONNECTION_HORIZONTAL_OFFSET=},{REFRIGERANT_SUCTION_GAS_CONNECTION_RADIUS_ROOM_C=},{REFRIGERANT_SUCTION_GAS_CONNECTION_RADIUS_ROOM_D=},{REFRIGERANT_SUCTION_GAS_CON
100
AcDbAttributeDefinition
  3

  2
PSOL_10
 70
     9
280
     0
  0
ATTDEF
  5
1AC
330
18F
100
AcDbEntity
  8
AM_6
100
AcDbText
 10
70.08749999999293
 20
292.299999999875
 30
0.0
 40
0.5
  1
N_RADIUS_ROOM_E=},{REFRIGERANT_SUCTION_GAS_CONNECTION_VERTICAL_OFFSET=},{RFA_FAMILY=Download Revit Family (RFA)},{PARTNUMBERMAP09=3Ton_4MXM36AVJU9},{MODEL=},{OMNICLASS_NUMBER=},{OMNICLASS_TITLE=},{REFRIGERANT_LIQUID_CONNECTION_DEPTH_OFFSET=},{REFRIG
100
AcDbAttributeDefinition
  3

  2
PSOL_11
 70
     9
280
     0
  0
ATTDEF
  5
1AD
330
18F
100
AcDbEntity
  8
AM_6
100
AcDbText
 10
70.08749999999293
 20
291.799999999875
 30
0.0
 40
0.5
  1
LIQUID_CONNECTION_DIAMETER_ROOM_A=},{REFRIGERANT_LIQUID_CONNECTION_DIAMETER_ROOM_B=},{REFRIGERANT_LIQUID_CONNECTION_RADIUS_ROOM_A=},{REFRIGERANT_LIQUID_CONNECTION_RADIUS_ROOM_B=},{REFRIGERANT_LIQUID_CONNECTION_VERTICAL_OFFSET_ROOM_A=},{REFRIGERANT_L
100
AcDbAttributeDefinition
  3

  2
PSOL_12
 70
     9
280
     0
  0
ATTDEF
  5
1AE
330
18F
100
AcDbEntity
  8
AM_6
100
AcDbText
 10
70.08749999999293
 20
291.299999999875
 30
0.0
 40
0.5
  1
CONNECTION_VERTICAL_OFFSET_ROOM_B=},{REFRIGERANT_SUCTION_GAS_CONNECTION_DEPTH_OFFSET_ROOM_B=},{REFRIGERANT_SUCTION_GAS_CONNECTION_VERTICAL_OFFSET_ROOM_A=},{REFRIGERANT_SUCTION_GAS_CONNECTION_VERTICAL_OFFSET_ROOM_B=},{REFRIGERANT_SUCTION_GAS_OFFSET=}
100
AcDbAttributeDefinition
  3

  2
PSOL_13
 70
     9
280
     0
  0
ATTDEF
  5
1AF
330
18F
100
AcDbEntity
  8
AM_6
100
AcDbText
 10
70.08749999999293
 20
290.799999999875
 30
0.0
 40
0.5
  1
_VALVE_COVER_DEPTH=},{STOP_VALVE_COVER_HEIGHT=},{STOP_VALVE_COVER_VISIBILITY=},{STOP_VALVE_COVER_WIDTH=},{DEFAULTSORTATTR=},{RFA_FAMILY_=../../_pool_/25/33/heat_pump_unit-multi_zone-outdoor-daikin-4mxm.zip},{RFA_FAMILY_ENG=../../_pool_/25/33/heat_pu
100
AcDbAttributeDefinition
  3

  2
PSOL_14
 70
     9
280
     0
  0
ATTDEF
  5
1B0
330
18F
100
AcDbEntity
  8
AM_6
100
AcDbText
 10
70.08749999999293
 20
290.299999999875
 30
0.0
 40
0.5
  1
t-multi_zone-outdoor-daikin-4mxm.zip},{REVIT_FAMILY_DOWNLOAD=../../_pool_/25/33/heat_pump_unit-multi_zone-outdoor-daikin-4mxm.zip}
100
AcDbAttributeDefinition
  3

  2
PSOL_15
 70
     9
280
     0
  0
LINE
  5
1B1
330
18F
100
AcDbEntity
  8
AM_9
100
AcDbLine
 10
-0.0000000000084054
 20
298.449999999875
 30
0.0
 11
65.08749999999293
 21
298.449999999875
 31
0.0
  0
LINE
  5
1B2
330
18F
100
AcDbEntity
  8
AM_9
100
AcDbLine
 10
65.08749999999293
 20
304.799999999875
 30
0.0
 11
-0.0000000000083989
 21
304.799999999875
 31
0.0
  0
LINE
  5
1B3
330
18F
100
AcDbEntity
  8
AM_9
100
AcDbLine
 10
-0.0000000000084054
 20
298.449999999875
 30
0.0
 11
-0.0000000000084054
 21
304.799999999875
 31
0.0
  0
LINE
  5
1B4
330
18F
100
AcDbEntity
  8
AM_9
100
AcDbLine
 10
65.08749999999293
 20
304.799999999875
 30
0.0
 11
65.08749999999293
 21
298.449999999875
 31
0.0
  0
ENDBLK
  5
192
330
18F
100
AcDbEntity
  8
0
100
AcDbBlockEnd
  0
BLOCK
  5
1B7
330
1B5
100
AcDbEntity
  8
0
100
AcDbBlockBegin
  2
9_4MXM36AVJU9_PART5_0_in_4MXM36AVJU9_2
 70
     2
 10
0.0
 20
0.0
 30
0.0
  3
9_4MXM36AVJU9_PART5_0_in_4MXM36AVJU9_2
  1

  0
ATTDEF
  5
1B9
330
1B5
100
AcDbEntity
  8
AM_6
100
AcDbText
 10
70.08749999999293
 20
336.549999999875
 30
0.0
 40
0.5
  1
4MXM36AVJU9_PART5
100
AcDbAttributeDefinition
  3

  2
NB
 70
     8
280
     0
  0
ATTDEF
  5
1BA
330
1B5
100
AcDbEntity
  8
AM_6
100
AcDbText
 10
70.08749999999293
 20
336.049999999875
 30
0.0
 40
0.5
  1

100
AcDbAttributeDefinition
  3

  2
NN
 70
     8
280
     0
  0
ATTDEF
  5
1BB
330
1B5
100
AcDbEntity
  8
AM_6
100
AcDbText
 10
70.08749999999293
 20
335.549999999875
 30
0.0
 40
0.5
  1

100
AcDbAttributeDefinition
  3

  2
NT
 70
     8
280
     0
  0
ATTDEF
  5
1BC
330
1B5
100
AcDbEntity
  8
AM_6
100
AcDbText
 10
70.08749999999293
 20
335.049999999875
 30
0.0
 40
0.5
  1
$PARTNUMBER._PART5
100
AcDbAttributeDefinition
  3

  2
NBSYN
 70
     8
280
     0
  0
ATTDEF
  5
1BD
330
1B5
100
AcDbEntity
  8
AM_6
100
AcDbText
 10
70.08749999999293
 20
334.549999999875
 30
0.0
 40
0.5
  1
4MXM36AVJU9_PART5
100
AcDbAttributeDefinition
  3

  2
LINA
 70
     8
280
     0
  0
ATTDEF
  5
1BE
330
1B5
100
AcDbEntity
  8
AM_6
100
AcDbText
 10
70.08749999999293
 20
334.049999999875
 30
0.0
 40
0.5
  1
Daikin
100
AcDbAttributeDefinition
  3

  2
CATALOG
 70
     8
280
     0
  0
ATTDEF
  5
1BF
330
1B5
100
AcDbEntity
  8
AM_6
100
AcDbText
 10
70.08749999999293
 20
333.549999999875
 30
0.0
 40
0.5
  1
4MXM36AVJU9
100
AcDbAttributeDefinition
  3

  2
PARTNUMBER
 70
     8
280
     0
  0
ATTDEF
  5
1C0
330
1B5
100
AcDbEntity
  8
AM_6
100
AcDbText
 10
70.08749999999293
 20
333.049999999875
 30
0.0
 40
0.5
  1
Multi Zone Heat Pump Outdoor Units
100
AcDbAttributeDefinition
  3

  2
DESCRIPTION
 70
     8
280
     0
  0
ATTDEF
  5
1C1
330
1B5
100
AcDbEntity
  8
AM_6
100
AcDbText
 10
70.08749999999293
 20
332.549999999875
 30
0.0
 40
0.5
  1
12.6250
100
AcDbAttributeDefinition
  3

  2
OVERALL_DEPTH
 70
     8
280
     0
  0
ATTDEF
  5
1C2
330
1B5
100
AcDbEntity
  8
AM_6
100
AcDbText
 10
70.08749999999293
 20
332.049999999875
 30
0.0
 40
0.5
  1
29.5000
100
AcDbAttributeDefinition
  3

  2
OVERALL_HEIGHT
 70
     8
280
     0
  0
ATTDEF
  5
1C3
330
1B5
100
AcDbEntity
  8
AM_6
100
AcDbText
 10
70.08749999999293
 20
331.549999999875
 30
0.0
 40
0.5
  1
34.2500
100
AcDbAttributeDefinition
  3

  2
OVERALL_WIDTH
 70
     8
280
     0
  0
ATTDEF
  5
1C4
330
1B5
100
AcDbEntity
  8
AM_6
100
AcDbText
 10
70.08749999999293
 20
331.049999999875
 30
0.0
 40
0.5
  1
https://daikincomfort.com/
100
AcDbAttributeDefinition
  3

  2
URL
 70
     8
280
     0
  0
ATTDEF
  5
1C5
330
1B5
100
AcDbEntity
  8
AM_6
100
AcDbText
 10
70.08749999999293
 20
330.549999999875
 30
0.0
 40
0.5
  1
Download Revit Family (RFA)
100
AcDbAttributeDefinition
  3

  2
RFA_FAMILY
 70
     8
280
     0
  0
ATTDEF
  5
1C6
330
1B5
100
AcDbEntity
  8
AM_6
100
AcDbText
 10
70.08749999999293
 20
330.049999999875
 30
0.0
 40
0.5
  1
daikin
100
AcDbAttributeDefinition
  3

  2
COMPANY
 70
     8
280
     0
  0
ATTDEF
  5
1C7
330
1B5
100
AcDbEntity
  8
AM_6
100
AcDbText
 10
70.08749999999293
 20
329.549999999875
 30
0.0
 40
0.5
  1
{$CADENAS_DATA/23d-libs/daikin/multi20zone20systems/multi20zone20outdoor20units/heat_pump_unit-multi_zone-outdoor-daikin-mxm.prj},237 {VTYP=3D},{NB=4MXM36AVJU9_PART5},{LINA=4MXM36AVJU9_PART5},{NN=(R32) Heat_Pump_Unit-Multi_Zone-Outdoor-Daikin-MXM_PA
100
AcDbAttributeDefinition
  3

  2
PSOL_0
 70
     9
280
     0
  0
ATTDEF
  5
1C8
330
1B5
100
AcDbEntity
  8
AM_6
100
AcDbText
 10
70.08749999999293
 20
329.049999999875
 30
0.0
 40
0.5
  1
NOPRJ=TRUE},{DATE=03.06.2026 19:23:31},{GEOMDATE=06.03.2026 09:05:37},{VERSION=},{LINEID=30},{WBVAR=},{WBNUMERIC=}  {NB=4MXM36AVJU9_PART5},{LINA=4MXM36AVJU9_PART5},{KT=DUMMY},{PARTNUMBER=4MXM36AVJU9},{APPARENT_POWER=},{PARTNUMBERHELP=},{ASSEMBLY_COD
100
AcDbAttributeDefinition
  3

  2
PSOL_1
 70
     9
280
     0
  0
ATTDEF
  5
1C9
330
1B5
100
AcDbEntity
  8
AM_6
100
AcDbText
 10
70.08749999999293
 20
328.549999999875
 30
0.0
 40
0.5
  1
ASE_PITCH=},{BASE_PITCH_OFFSET=},{BASE_PITCH_WIDTH=},{BASE_PITCH_WIDTH_APART=},{CATEGORY=},{CLEARANCE_VISIBILITY=},{COMPRESSOR_TYPE=},{CONDENSATE_DRAIN_CONNECTION_DIAMETER=},{CONDENSATE_DRAIN_CONNECTION_RADIUS=},{CONDENSATE_DRAIN_DEPTH_OFFSET=},{CON
100
AcDbAttributeDefinition
  3

  2
PSOL_2
 70
     9
280
     0
  0
ATTDEF
  5
1CA
330
1B5
100
AcDbEntity
  8
AM_6
100
AcDbText
 10
70.08749999999293
 20
328.049999999875
 30
0.0
 40
0.5
  1
E_DRAIN_HORIZONTAL_OFFSET=},{COST=},{DEFAULT_ELEVATION=},{DESCRIPTION=Multi Zone Heat Pump Outdoor Units},{ENCLOSURE_DEPTH=},{ENCLOSURE_HEIGHT_OFFSET=},{ENCLOSURE_WIDTH=},{FAN_TYPE=},{FREQUENCY=},{FRONT_GRILL_L_X_H=},{LOAD_SUB_CLASSIFICATION_MOTOR=}
100
AcDbAttributeDefinition
  3

  2
PSOL_3
 70
     9
280
     0
  0
ATTDEF
  5
1CB
330
1B5
100
AcDbEntity
  8
AM_6
100
AcDbText
 10
70.08749999999293
 20
327.549999999875
 30
0.0
 40
0.5
  1
FACTURER=},{MASSUNIT=},{MAXIMUM_OVERCURRENT_PROTECTION=},{MINIMUM_CIRCUIT_AMPS=},{NOMINAL_COOLING_CAPACITY=},{NOMINAL_COOLING_CAPACITY__TONS_=},{NOMINAL_HEATING_CAPACITY=},{NUMBER_OF_POLES=},{OVERALL_DEPTH=12.6250},{OVERALL_HEIGHT=29.5000},{OVERALL_
100
AcDbAttributeDefinition
  3

  2
PSOL_4
 70
     9
280
     0
  0
ATTDEF
  5
1CC
330
1B5
100
AcDbEntity
  8
AM_6
100
AcDbText
 10
70.08749999999293
 20
327.049999999875
 30
0.0
 40
0.5
  1
34.2500},{PARTTYPE=},{PHASE=},{REFRIGERANT_CHARGE=},{REFRIGERANT_LIQUID_OFFSET=},{REFRIGERANT_SUCTION_GAS_CONNECTION_DEPTH_OFFSET_ROOM_A=},{REFRIGERANT_SUCTION_GAS_CONNECTION_DIAMETER_ROOM_A=},{REFRIGERANT_SUCTION_GAS_CONNECTION_DIAMETER_ROOM_B=},{R
100
AcDbAttributeDefinition
  3

  2
PSOL_5
 70
     9
280
     0
  0
ATTDEF
  5
1CD
330
1B5
100
AcDbEntity
  8
AM_6
100
AcDbText
 10
70.08749999999293
 20
326.549999999875
 30
0.0
 40
0.5
  1
RANT_SUCTION_GAS_CONNECTION_RADIUS_ROOM_A=},{REFRIGERANT_SUCTION_GAS_CONNECTION_RADIUS_ROOM_B=},{REFRIGERANT_USED=},{SERIES=},{SPACE_OR_PERFOMANCE_FRONT=},{SPACE_OR_PERFOMANCE_REAR=},{SPACE_OR_PERFOMANCE_SIDE=},{SYSTEM_PERFORMANCE_COP=},{SYSTEM_PERF
100
AcDbAttributeDefinition
  3

  2
PSOL_6
 70
     9
280
     0
  0
ATTDEF
  5
1CE
330
1B5
100
AcDbEntity
  8
AM_6
100
AcDbText
 10
70.08749999999293
 20
326.049999999875
 30
0.0
 40
0.5
  1
E_EER2=},{SYSTEM_PERFORMANCE_HSPF2=},{SYSTEM_PERFORMANCE_SEER2=},{UNIT_WEIGHT=},{URL=https://daikincomfort.com/},{VERSION=},{VOLTAGE=},{VOLTAGE_COMMENTS=},{CLASSIFICATION_NUMBER=},{PRODUCT_PAGE_URL=},{REFRIGERANT_LIQUID_CONNECTION_ARRAY_VERTICAL_OFF
100
AcDbAttributeDefinition
  3

  2
PSOL_7
 70
     9
280
     0
  0
ATTDEF
  5
1CF
330
1B5
100
AcDbEntity
  8
AM_6
100
AcDbText
 10
70.08749999999293
 20
325.549999999875
 30
0.0
 40
0.5
  1
{REFRIGERANT_LIQUID_CONNECTION_DIAMETER=},{REFRIGERANT_LIQUID_CONNECTION_HORIZONTAL_OFFSET=},{REFRIGERANT_LIQUID_CONNECTION_RADIUS=},{REFRIGERANT_LIQUID_CONNECTION_VERTICAL_OFFSET=},{REFRIGERANT_SUCTION_GAS_CONNECTION_ARRAY_VERTICAL_OFFSET=},{REFRIG
100
AcDbAttributeDefinition
  3

  2
PSOL_8
 70
     9
280
     0
  0
ATTDEF
  5
1D0
330
1B5
100
AcDbEntity
  8
AM_6
100
AcDbText
 10
70.08749999999293
 20
325.049999999875
 30
0.0
 40
0.5
  1
SUCTION_GAS_CONNECTION_DEPTH_OFFSET=},{REFRIGERANT_SUCTION_GAS_CONNECTION_DEPTH_OFFSET_ROOM_D=},{REFRIGERANT_SUCTION_GAS_CONNECTION_DEPTH_OFFSET_ROOM_E=},{REFRIGERANT_SUCTION_GAS_CONNECTION_DIAMETER_ROOM_C=},{REFRIGERANT_SUCTION_GAS_CONNECTION_DIAME
100
AcDbAttributeDefinition
  3

  2
PSOL_9
 70
     9
280
     0
  0
ATTDEF
  5
1D1
330
1B5
100
AcDbEntity
  8
AM_6
100
AcDbText
 10
70.08749999999293
 20
324.549999999875
 30
0.0
 40
0.5
  1
OM_D=},{REFRIGERANT_SUCTION_GAS_CONNECTION_DIAMETER_ROOM_E=},{REFRIGERANT_SUCTION_GAS_CONNECTION_HORIZONTAL_OFFSET=},{REFRIGERANT_SUCTION_GAS_CONNECTION_RADIUS_ROOM_C=},{REFRIGERANT_SUCTION_GAS_CONNECTION_RADIUS_ROOM_D=},{REFRIGERANT_SUCTION_GAS_CON
100
AcDbAttributeDefinition
  3

  2
PSOL_10
 70
     9
280
     0
  0
ATTDEF
  5
1D2
330
1B5
100
AcDbEntity
  8
AM_6
100
AcDbText
 10
70.08749999999293
 20
324.049999999875
 30
0.0
 40
0.5
  1
N_RADIUS_ROOM_E=},{REFRIGERANT_SUCTION_GAS_CONNECTION_VERTICAL_OFFSET=},{RFA_FAMILY=Download Revit Family (RFA)},{PARTNUMBERMAP09=3Ton_4MXM36AVJU9},{MODEL=},{OMNICLASS_NUMBER=},{OMNICLASS_TITLE=},{REFRIGERANT_LIQUID_CONNECTION_DEPTH_OFFSET=},{REFRIG
100
AcDbAttributeDefinition
  3

  2
PSOL_11
 70
     9
280
     0
  0
ATTDEF
  5
1D3
330
1B5
100
AcDbEntity
  8
AM_6
100
AcDbText
 10
70.08749999999293
 20
323.549999999875
 30
0.0
 40
0.5
  1
LIQUID_CONNECTION_DIAMETER_ROOM_A=},{REFRIGERANT_LIQUID_CONNECTION_DIAMETER_ROOM_B=},{REFRIGERANT_LIQUID_CONNECTION_RADIUS_ROOM_A=},{REFRIGERANT_LIQUID_CONNECTION_RADIUS_ROOM_B=},{REFRIGERANT_LIQUID_CONNECTION_VERTICAL_OFFSET_ROOM_A=},{REFRIGERANT_L
100
AcDbAttributeDefinition
  3

  2
PSOL_12
 70
     9
280
     0
  0
ATTDEF
  5
1D4
330
1B5
100
AcDbEntity
  8
AM_6
100
AcDbText
 10
70.08749999999293
 20
323.049999999875
 30
0.0
 40
0.5
  1
CONNECTION_VERTICAL_OFFSET_ROOM_B=},{REFRIGERANT_SUCTION_GAS_CONNECTION_DEPTH_OFFSET_ROOM_B=},{REFRIGERANT_SUCTION_GAS_CONNECTION_VERTICAL_OFFSET_ROOM_A=},{REFRIGERANT_SUCTION_GAS_CONNECTION_VERTICAL_OFFSET_ROOM_B=},{REFRIGERANT_SUCTION_GAS_OFFSET=}
100
AcDbAttributeDefinition
  3

  2
PSOL_13
 70
     9
280
     0
  0
ATTDEF
  5
1D5
330
1B5
100
AcDbEntity
  8
AM_6
100
AcDbText
 10
70.08749999999293
 20
322.549999999875
 30
0.0
 40
0.5
  1
_VALVE_COVER_DEPTH=},{STOP_VALVE_COVER_HEIGHT=},{STOP_VALVE_COVER_VISIBILITY=},{STOP_VALVE_COVER_WIDTH=},{DEFAULTSORTATTR=},{RFA_FAMILY_=../../_pool_/25/33/heat_pump_unit-multi_zone-outdoor-daikin-4mxm.zip},{RFA_FAMILY_ENG=../../_pool_/25/33/heat_pu
100
AcDbAttributeDefinition
  3

  2
PSOL_14
 70
     9
280
     0
  0
ATTDEF
  5
1D6
330
1B5
100
AcDbEntity
  8
AM_6
100
AcDbText
 10
70.08749999999293
 20
322.049999999875
 30
0.0
 40
0.5
  1
t-multi_zone-outdoor-daikin-4mxm.zip},{REVIT_FAMILY_DOWNLOAD=../../_pool_/25/33/heat_pump_unit-multi_zone-outdoor-daikin-4mxm.zip}
100
AcDbAttributeDefinition
  3

  2
PSOL_15
 70
     9
280
     0
  0
LINE
  5
1D7
330
1B5
100
AcDbEntity
  8
AM_9
100
AcDbLine
 10
-0.0000000000084054
 20
330.199999999875
 30
0.0
 11
65.08749999999293
 21
330.199999999875
 31
0.0
  0
LINE
  5
1D8
330
1B5
100
AcDbEntity
  8
AM_9
100
AcDbLine
 10
65.08749999999293
 20
336.549999999875
 30
0.0
 11
-0.0000000000083989
 21
336.549999999875
 31
0.0
  0
LINE
  5
1D9
330
1B5
100
AcDbEntity
  8
AM_9
100
AcDbLine
 10
65.08749999999293
 20
336.549999999875
 30
0.0
 11
65.08749999999293
 21
330.199999999875
 31
0.0
  0
ENDBLK
  5
1B8
330
1B5
100
AcDbEntity
  8
0
100
AcDbBlockEnd
  0
BLOCK
  5
1DC
330
1DA
100
AcDbEntity
  8
0
100
AcDbBlockBegin
  2
10_4MXM36AVJU9_PART4_0_in_4MXM36AVJU9_2
 70
     2
 10
0.0
 20
0.0
 30
0.0
  3
10_4MXM36AVJU9_PART4_0_in_4MXM36AVJU9_2
  1

  0
ATTDEF
  5
1DE
330
1DA
100
AcDbEntity
  8
AM_6
100
AcDbText
 10
70.08749999999293
 20
419.099999999875
 30
0.0
 40
0.5
  1
4MXM36AVJU9_PART4
100
AcDbAttributeDefinition
  3

  2
NB
 70
     8
280
     0
  0
ATTDEF
  5
1DF
330
1DA
100
AcDbEntity
  8
AM_6
100
AcDbText
 10
70.08749999999293
 20
418.599999999875
 30
0.0
 40
0.5
  1

100
AcDbAttributeDefinition
  3

  2
NN
 70
     8
280
     0
  0
ATTDEF
  5
1E0
330
1DA
100
AcDbEntity
  8
AM_6
100
AcDbText
 10
70.08749999999293
 20
418.099999999875
 30
0.0
 40
0.5
  1

100
AcDbAttributeDefinition
  3

  2
NT
 70
     8
280
     0
  0
ATTDEF
  5
1E1
330
1DA
100
AcDbEntity
  8
AM_6
100
AcDbText
 10
70.08749999999293
 20
417.599999999875
 30
0.0
 40
0.5
  1
$PARTNUMBER._PART4
100
AcDbAttributeDefinition
  3

  2
NBSYN
 70
     8
280
     0
  0
ATTDEF
  5
1E2
330
1DA
100
AcDbEntity
  8
AM_6
100
AcDbText
 10
70.08749999999293
 20
417.099999999875
 30
0.0
 40
0.5
  1
4MXM36AVJU9_PART4
100
AcDbAttributeDefinition
  3

  2
LINA
 70
     8
280
     0
  0
ATTDEF
  5
1E3
330
1DA
100
AcDbEntity
  8
AM_6
100
AcDbText
 10
70.08749999999293
 20
416.599999999875
 30
0.0
 40
0.5
  1
Daikin
100
AcDbAttributeDefinition
  3

  2
CATALOG
 70
     8
280
     0
  0
ATTDEF
  5
1E4
330
1DA
100
AcDbEntity
  8
AM_6
100
AcDbText
 10
70.08749999999293
 20
416.099999999875
 30
0.0
 40
0.5
  1
4MXM36AVJU9
100
AcDbAttributeDefinition
  3

  2
PARTNUMBER
 70
     8
280
     0
  0
ATTDEF
  5
1E5
330
1DA
100
AcDbEntity
  8
AM_6
100
AcDbText
 10
70.08749999999293
 20
415.599999999875
 30
0.0
 40
0.5
  1
Multi Zone Heat Pump Outdoor Units
100
AcDbAttributeDefinition
  3

  2
DESCRIPTION
 70
     8
280
     0
  0
ATTDEF
  5
1E6
330
1DA
100
AcDbEntity
  8
AM_6
100
AcDbText
 10
70.08749999999293
 20
415.099999999875
 30
0.0
 40
0.5
  1
12.6250
100
AcDbAttributeDefinition
  3

  2
OVERALL_DEPTH
 70
     8
280
     0
  0
ATTDEF
  5
1E7
330
1DA
100
AcDbEntity
  8
AM_6
100
AcDbText
 10
70.08749999999293
 20
414.599999999875
 30
0.0
 40
0.5
  1
29.5000
100
AcDbAttributeDefinition
  3

  2
OVERALL_HEIGHT
 70
     8
280
     0
  0
ATTDEF
  5
1E8
330
1DA
100
AcDbEntity
  8
AM_6
100
AcDbText
 10
70.08749999999293
 20
414.099999999875
 30
0.0
 40
0.5
  1
34.2500
100
AcDbAttributeDefinition
  3

  2
OVERALL_WIDTH
 70
     8
280
     0
  0
ATTDEF
  5
1E9
330
1DA
100
AcDbEntity
  8
AM_6
100
AcDbText
 10
70.08749999999293
 20
413.599999999875
 30
0.0
 40
0.5
  1
https://daikincomfort.com/
100
AcDbAttributeDefinition
  3

  2
URL
 70
     8
280
     0
  0
ATTDEF
  5
1EA
330
1DA
100
AcDbEntity
  8
AM_6
100
AcDbText
 10
70.08749999999293
 20
413.099999999875
 30
0.0
 40
0.5
  1
Download Revit Family (RFA)
100
AcDbAttributeDefinition
  3

  2
RFA_FAMILY
 70
     8
280
     0
  0
ATTDEF
  5
1EB
330
1DA
100
AcDbEntity
  8
AM_6
100
AcDbText
 10
70.08749999999293
 20
412.599999999875
 30
0.0
 40
0.5
  1
daikin
100
AcDbAttributeDefinition
  3

  2
COMPANY
 70
     8
280
     0
  0
ATTDEF
  5
1EC
330
1DA
100
AcDbEntity
  8
AM_6
100
AcDbText
 10
70.08749999999293
 20
412.099999999875
 30
0.0
 40
0.5
  1
{$CADENAS_DATA/23d-libs/daikin/multi20zone20systems/multi20zone20outdoor20units/heat_pump_unit-multi_zone-outdoor-daikin-mxm.prj},237 {VTYP=3D},{NB=4MXM36AVJU9_PART4},{LINA=4MXM36AVJU9_PART4},{NN=(R32) Heat_Pump_Unit-Multi_Zone-Outdoor-Daikin-MXM_PA
100
AcDbAttributeDefinition
  3

  2
PSOL_0
 70
     9
280
     0
  0
ATTDEF
  5
1ED
330
1DA
100
AcDbEntity
  8
AM_6
100
AcDbText
 10
70.08749999999293
 20
411.599999999875
 30
0.0
 40
0.5
  1
NOPRJ=TRUE},{DATE=03.06.2026 19:23:31},{GEOMDATE=06.03.2026 09:05:37},{VERSION=},{LINEID=30},{WBVAR=},{WBNUMERIC=}  {NB=4MXM36AVJU9_PART4},{LINA=4MXM36AVJU9_PART4},{KT=DUMMY},{PARTNUMBER=4MXM36AVJU9},{APPARENT_POWER=},{PARTNUMBERHELP=},{ASSEMBLY_COD
100
AcDbAttributeDefinition
  3

  2
PSOL_1
 70
     9
280
     0
  0
ATTDEF
  5
1EE
330
1DA
100
AcDbEntity
  8
AM_6
100
AcDbText
 10
70.08749999999293
 20
411.099999999875
 30
0.0
 40
0.5
  1
ASE_PITCH=},{BASE_PITCH_OFFSET=},{BASE_PITCH_WIDTH=},{BASE_PITCH_WIDTH_APART=},{CATEGORY=},{CLEARANCE_VISIBILITY=},{COMPRESSOR_TYPE=},{CONDENSATE_DRAIN_CONNECTION_DIAMETER=},{CONDENSATE_DRAIN_CONNECTION_RADIUS=},{CONDENSATE_DRAIN_DEPTH_OFFSET=},{CON
100
AcDbAttributeDefinition
  3

  2
PSOL_2
 70
     9
280
     0
  0
ATTDEF
  5
1EF
330
1DA
100
AcDbEntity
  8
AM_6
100
AcDbText
 10
70.08749999999293
 20
410.599999999875
 30
0.0
 40
0.5
  1
E_DRAIN_HORIZONTAL_OFFSET=},{COST=},{DEFAULT_ELEVATION=},{DESCRIPTION=Multi Zone Heat Pump Outdoor Units},{ENCLOSURE_DEPTH=},{ENCLOSURE_HEIGHT_OFFSET=},{ENCLOSURE_WIDTH=},{FAN_TYPE=},{FREQUENCY=},{FRONT_GRILL_L_X_H=},{LOAD_SUB_CLASSIFICATION_MOTOR=}
100
AcDbAttributeDefinition
  3

  2
PSOL_3
 70
     9
280
     0
  0
ATTDEF
  5
1F0
330
1DA
100
AcDbEntity
  8
AM_6
100
AcDbText
 10
70.08749999999293
 20
410.099999999875
 30
0.0
 40
0.5
  1
FACTURER=},{MASSUNIT=},{MAXIMUM_OVERCURRENT_PROTECTION=},{MINIMUM_CIRCUIT_AMPS=},{NOMINAL_COOLING_CAPACITY=},{NOMINAL_COOLING_CAPACITY__TONS_=},{NOMINAL_HEATING_CAPACITY=},{NUMBER_OF_POLES=},{OVERALL_DEPTH=12.6250},{OVERALL_HEIGHT=29.5000},{OVERALL_
100
AcDbAttributeDefinition
  3

  2
PSOL_4
 70
     9
280
     0
  0
ATTDEF
  5
1F1
330
1DA
100
AcDbEntity
  8
AM_6
100
AcDbText
 10
70.08749999999293
 20
409.599999999875
 30
0.0
 40
0.5
  1
34.2500},{PARTTYPE=},{PHASE=},{REFRIGERANT_CHARGE=},{REFRIGERANT_LIQUID_OFFSET=},{REFRIGERANT_SUCTION_GAS_CONNECTION_DEPTH_OFFSET_ROOM_A=},{REFRIGERANT_SUCTION_GAS_CONNECTION_DIAMETER_ROOM_A=},{REFRIGERANT_SUCTION_GAS_CONNECTION_DIAMETER_ROOM_B=},{R
100
AcDbAttributeDefinition
  3

  2
PSOL_5
 70
     9
280
     0
  0
ATTDEF
  5
1F2
330
1DA
100
AcDbEntity
  8
AM_6
100
AcDbText
 10
70.08749999999293
 20
409.099999999875
 30
0.0
 40
0.5
  1
RANT_SUCTION_GAS_CONNECTION_RADIUS_ROOM_A=},{REFRIGERANT_SUCTION_GAS_CONNECTION_RADIUS_ROOM_B=},{REFRIGERANT_USED=},{SERIES=},{SPACE_OR_PERFOMANCE_FRONT=},{SPACE_OR_PERFOMANCE_REAR=},{SPACE_OR_PERFOMANCE_SIDE=},{SYSTEM_PERFORMANCE_COP=},{SYSTEM_PERF
100
AcDbAttributeDefinition
  3

  2
PSOL_6
 70
     9
280
     0
  0
ATTDEF
  5
1F3
330
1DA
100
AcDbEntity
  8
AM_6
100
AcDbText
 10
70.08749999999293
 20
408.599999999875
 30
0.0
 40
0.5
  1
E_EER2=},{SYSTEM_PERFORMANCE_HSPF2=},{SYSTEM_PERFORMANCE_SEER2=},{UNIT_WEIGHT=},{URL=https://daikincomfort.com/},{VERSION=},{VOLTAGE=},{VOLTAGE_COMMENTS=},{CLASSIFICATION_NUMBER=},{PRODUCT_PAGE_URL=},{REFRIGERANT_LIQUID_CONNECTION_ARRAY_VERTICAL_OFF
100
AcDbAttributeDefinition
  3

  2
PSOL_7
 70
     9
280
     0
  0
ATTDEF
  5
1F4
330
1DA
100
AcDbEntity
  8
AM_6
100
AcDbText
 10
70.08749999999293
 20
408.099999999875
 30
0.0
 40
0.5
  1
{REFRIGERANT_LIQUID_CONNECTION_DIAMETER=},{REFRIGERANT_LIQUID_CONNECTION_HORIZONTAL_OFFSET=},{REFRIGERANT_LIQUID_CONNECTION_RADIUS=},{REFRIGERANT_LIQUID_CONNECTION_VERTICAL_OFFSET=},{REFRIGERANT_SUCTION_GAS_CONNECTION_ARRAY_VERTICAL_OFFSET=},{REFRIG
100
AcDbAttributeDefinition
  3

  2
PSOL_8
 70
     9
280
     0
  0
ATTDEF
  5
1F5
330
1DA
100
AcDbEntity
  8
AM_6
100
AcDbText
 10
70.08749999999293
 20
407.599999999875
 30
0.0
 40
0.5
  1
SUCTION_GAS_CONNECTION_DEPTH_OFFSET=},{REFRIGERANT_SUCTION_GAS_CONNECTION_DEPTH_OFFSET_ROOM_D=},{REFRIGERANT_SUCTION_GAS_CONNECTION_DEPTH_OFFSET_ROOM_E=},{REFRIGERANT_SUCTION_GAS_CONNECTION_DIAMETER_ROOM_C=},{REFRIGERANT_SUCTION_GAS_CONNECTION_DIAME
100
AcDbAttributeDefinition
  3

  2
PSOL_9
 70
     9
280
     0
  0
ATTDEF
  5
1F6
330
1DA
100
AcDbEntity
  8
AM_6
100
AcDbText
 10
70.08749999999293
 20
407.099999999875
 30
0.0
 40
0.5
  1
OM_D=},{REFRIGERANT_SUCTION_GAS_CONNECTION_DIAMETER_ROOM_E=},{REFRIGERANT_SUCTION_GAS_CONNECTION_HORIZONTAL_OFFSET=},{REFRIGERANT_SUCTION_GAS_CONNECTION_RADIUS_ROOM_C=},{REFRIGERANT_SUCTION_GAS_CONNECTION_RADIUS_ROOM_D=},{REFRIGERANT_SUCTION_GAS_CON
100
AcDbAttributeDefinition
  3

  2
PSOL_10
 70
     9
280
     0
  0
ATTDEF
  5
1F7
330
1DA
100
AcDbEntity
  8
AM_6
100
AcDbText
 10
70.08749999999293
 20
406.599999999875
 30
0.0
 40
0.5
  1
N_RADIUS_ROOM_E=},{REFRIGERANT_SUCTION_GAS_CONNECTION_VERTICAL_OFFSET=},{RFA_FAMILY=Download Revit Family (RFA)},{PARTNUMBERMAP09=3Ton_4MXM36AVJU9},{MODEL=},{OMNICLASS_NUMBER=},{OMNICLASS_TITLE=},{REFRIGERANT_LIQUID_CONNECTION_DEPTH_OFFSET=},{REFRIG
100
AcDbAttributeDefinition
  3

  2
PSOL_11
 70
     9
280
     0
  0
ATTDEF
  5
1F8
330
1DA
100
AcDbEntity
  8
AM_6
100
AcDbText
 10
70.08749999999293
 20
406.099999999875
 30
0.0
 40
0.5
  1
LIQUID_CONNECTION_DIAMETER_ROOM_A=},{REFRIGERANT_LIQUID_CONNECTION_DIAMETER_ROOM_B=},{REFRIGERANT_LIQUID_CONNECTION_RADIUS_ROOM_A=},{REFRIGERANT_LIQUID_CONNECTION_RADIUS_ROOM_B=},{REFRIGERANT_LIQUID_CONNECTION_VERTICAL_OFFSET_ROOM_A=},{REFRIGERANT_L
100
AcDbAttributeDefinition
  3

  2
PSOL_12
 70
     9
280
     0
  0
ATTDEF
  5
1F9
330
1DA
100
AcDbEntity
  8
AM_6
100
AcDbText
 10
70.08749999999293
 20
405.599999999875
 30
0.0
 40
0.5
  1
CONNECTION_VERTICAL_OFFSET_ROOM_B=},{REFRIGERANT_SUCTION_GAS_CONNECTION_DEPTH_OFFSET_ROOM_B=},{REFRIGERANT_SUCTION_GAS_CONNECTION_VERTICAL_OFFSET_ROOM_A=},{REFRIGERANT_SUCTION_GAS_CONNECTION_VERTICAL_OFFSET_ROOM_B=},{REFRIGERANT_SUCTION_GAS_OFFSET=}
100
AcDbAttributeDefinition
  3

  2
PSOL_13
 70
     9
280
     0
  0
ATTDEF
  5
1FA
330
1DA
100
AcDbEntity
  8
AM_6
100
AcDbText
 10
70.08749999999293
 20
405.099999999875
 30
0.0
 40
0.5
  1
_VALVE_COVER_DEPTH=},{STOP_VALVE_COVER_HEIGHT=},{STOP_VALVE_COVER_VISIBILITY=},{STOP_VALVE_COVER_WIDTH=},{DEFAULTSORTATTR=},{RFA_FAMILY_=../../_pool_/25/33/heat_pump_unit-multi_zone-outdoor-daikin-4mxm.zip},{RFA_FAMILY_ENG=../../_pool_/25/33/heat_pu
100
AcDbAttributeDefinition
  3

  2
PSOL_14
 70
     9
280
     0
  0
ATTDEF
  5
1FB
330
1DA
100
AcDbEntity
  8
AM_6
100
AcDbText
 10
70.08749999999293
 20
404.599999999875
 30
0.0
 40
0.5
  1
t-multi_zone-outdoor-daikin-4mxm.zip},{REVIT_FAMILY_DOWNLOAD=../../_pool_/25/33/heat_pump_unit-multi_zone-outdoor-daikin-4mxm.zip}
100
AcDbAttributeDefinition
  3

  2
PSOL_15
 70
     9
280
     0
  0
LINE
  5
1FC
330
1DA
100
AcDbEntity
  8
AM_9
100
AcDbLine
 10
-0.0000000000084054
 20
412.749999999875
 30
0.0
 11
65.08749999999293
 21
412.749999999875
 31
0.0
  0
LINE
  5
1FD
330
1DA
100
AcDbEntity
  8
AM_9
100
AcDbLine
 10
65.08749999999293
 20
419.099999999875
 30
0.0
 11
-0.0000000000083989
 21
419.099999999875
 31
0.0
  0
LINE
  5
1FE
330
1DA
100
AcDbEntity
  8
AM_9
100
AcDbLine
 10
-0.0000000000084054
 20
412.749999999875
 30
0.0
 11
-0.0000000000084054
 21
419.099999999875
 31
0.0
  0
LINE
  5
1FF
330
1DA
100
AcDbEntity
  8
AM_9
100
AcDbLine
 10
65.08749999999293
 20
419.099999999875
 30
0.0
 11
65.08749999999293
 21
412.749999999875
 31
0.0
  0
ENDBLK
  5
1DD
330
1DA
100
AcDbEntity
  8
0
100
AcDbBlockEnd
  0
BLOCK
  5
202
330
200
100
AcDbEntity
  8
0
100
AcDbBlockBegin
  2
11_4MXM36AVJU9_PART3_0_in_4MXM36AVJU9_2
 70
     2
 10
0.0
 20
0.0
 30
0.0
  3
11_4MXM36AVJU9_PART3_0_in_4MXM36AVJU9_2
  1

  0
ATTDEF
  5
204
330
200
100
AcDbEntity
  8
AM_6
100
AcDbText
 10
89.13749999997474
 20
344.487499999875
 30
0.0
 40
0.5
  1
4MXM36AVJU9_PART3
100
AcDbAttributeDefinition
  3

  2
NB
 70
     8
280
     0
  0
ATTDEF
  5
205
330
200
100
AcDbEntity
  8
AM_6
100
AcDbText
 10
89.13749999997474
 20
343.987499999875
 30
0.0
 40
0.5
  1

100
AcDbAttributeDefinition
  3

  2
NN
 70
     8
280
     0
  0
ATTDEF
  5
206
330
200
100
AcDbEntity
  8
AM_6
100
AcDbText
 10
89.13749999997474
 20
343.487499999875
 30
0.0
 40
0.5
  1

100
AcDbAttributeDefinition
  3

  2
NT
 70
     8
280
     0
  0
ATTDEF
  5
207
330
200
100
AcDbEntity
  8
AM_6
100
AcDbText
 10
89.13749999997474
 20
342.987499999875
 30
0.0
 40
0.5
  1
$PARTNUMBER._PART3
100
AcDbAttributeDefinition
  3

  2
NBSYN
 70
     8
280
     0
  0
ATTDEF
  5
208
330
200
100
AcDbEntity
  8
AM_6
100
AcDbText
 10
89.13749999997474
 20
342.487499999875
 30
0.0
 40
0.5
  1
4MXM36AVJU9_PART3
100
AcDbAttributeDefinition
  3

  2
LINA
 70
     8
280
     0
  0
ATTDEF
  5
209
330
200
100
AcDbEntity
  8
AM_6
100
AcDbText
 10
89.13749999997474
 20
341.987499999875
 30
0.0
 40
0.5
  1
Daikin
100
AcDbAttributeDefinition
  3

  2
CATALOG
 70
     8
280
     0
  0
ATTDEF
  5
20A
330
200
100
AcDbEntity
  8
AM_6
100
AcDbText
 10
89.13749999997474
 20
341.487499999875
 30
0.0
 40
0.5
  1
4MXM36AVJU9
100
AcDbAttributeDefinition
  3

  2
PARTNUMBER
 70
     8
280
     0
  0
ATTDEF
  5
20B
330
200
100
AcDbEntity
  8
AM_6
100
AcDbText
 10
89.13749999997474
 20
340.987499999875
 30
0.0
 40
0.5
  1
Multi Zone Heat Pump Outdoor Units
100
AcDbAttributeDefinition
  3

  2
DESCRIPTION
 70
     8
280
     0
  0
ATTDEF
  5
20C
330
200
100
AcDbEntity
  8
AM_6
100
AcDbText
 10
89.13749999997474
 20
340.487499999875
 30
0.0
 40
0.5
  1
12.6250
100
AcDbAttributeDefinition
  3

  2
OVERALL_DEPTH
 70
     8
280
     0
  0
ATTDEF
  5
20D
330
200
100
AcDbEntity
  8
AM_6
100
AcDbText
 10
89.13749999997474
 20
339.987499999875
 30
0.0
 40
0.5
  1
29.5000
100
AcDbAttributeDefinition
  3

  2
OVERALL_HEIGHT
 70
     8
280
     0
  0
ATTDEF
  5
20E
330
200
100
AcDbEntity
  8
AM_6
100
AcDbText
 10
89.13749999997474
 20
339.487499999875
 30
0.0
 40
0.5
  1
34.2500
100
AcDbAttributeDefinition
  3

  2
OVERALL_WIDTH
 70
     8
280
     0
  0
ATTDEF
  5
20F
330
200
100
AcDbEntity
  8
AM_6
100
AcDbText
 10
89.13749999997474
 20
338.987499999875
 30
0.0
 40
0.5
  1
https://daikincomfort.com/
100
AcDbAttributeDefinition
  3

  2
URL
 70
     8
280
     0
  0
ATTDEF
  5
210
330
200
100
AcDbEntity
  8
AM_6
100
AcDbText
 10
89.13749999997474
 20
338.487499999875
 30
0.0
 40
0.5
  1
Download Revit Family (RFA)
100
AcDbAttributeDefinition
  3

  2
RFA_FAMILY
 70
     8
280
     0
  0
ATTDEF
  5
211
330
200
100
AcDbEntity
  8
AM_6
100
AcDbText
 10
89.13749999997474
 20
337.987499999875
 30
0.0
 40
0.5
  1
daikin
100
AcDbAttributeDefinition
  3

  2
COMPANY
 70
     8
280
     0
  0
ATTDEF
  5
212
330
200
100
AcDbEntity
  8
AM_6
100
AcDbText
 10
89.13749999997474
 20
337.487499999875
 30
0.0
 40
0.5
  1
{$CADENAS_DATA/23d-libs/daikin/multi20zone20systems/multi20zone20outdoor20units/heat_pump_unit-multi_zone-outdoor-daikin-mxm.prj},237 {VTYP=3D},{NB=4MXM36AVJU9_PART3},{LINA=4MXM36AVJU9_PART3},{NN=(R32) Heat_Pump_Unit-Multi_Zone-Outdoor-Daikin-MXM_PA
100
AcDbAttributeDefinition
  3

  2
PSOL_0
 70
     9
280
     0
  0
ATTDEF
  5
213
330
200
100
AcDbEntity
  8
AM_6
100
AcDbText
 10
89.13749999997474
 20
336.987499999875
 30
0.0
 40
0.5
  1
NOPRJ=TRUE},{DATE=03.06.2026 19:23:31},{GEOMDATE=06.03.2026 09:05:37},{VERSION=},{LINEID=30},{WBVAR=},{WBNUMERIC=}  {NB=4MXM36AVJU9_PART3},{LINA=4MXM36AVJU9_PART3},{KT=DUMMY},{PARTNUMBER=4MXM36AVJU9},{APPARENT_POWER=},{PARTNUMBERHELP=},{ASSEMBLY_COD
100
AcDbAttributeDefinition
  3

  2
PSOL_1
 70
     9
280
     0
  0
ATTDEF
  5
214
330
200
100
AcDbEntity
  8
AM_6
100
AcDbText
 10
89.13749999997474
 20
336.487499999875
 30
0.0
 40
0.5
  1
ASE_PITCH=},{BASE_PITCH_OFFSET=},{BASE_PITCH_WIDTH=},{BASE_PITCH_WIDTH_APART=},{CATEGORY=},{CLEARANCE_VISIBILITY=},{COMPRESSOR_TYPE=},{CONDENSATE_DRAIN_CONNECTION_DIAMETER=},{CONDENSATE_DRAIN_CONNECTION_RADIUS=},{CONDENSATE_DRAIN_DEPTH_OFFSET=},{CON
100
AcDbAttributeDefinition
  3

  2
PSOL_2
 70
     9
280
     0
  0
ATTDEF
  5
215
330
200
100
AcDbEntity
  8
AM_6
100
AcDbText
 10
89.13749999997474
 20
335.987499999875
 30
0.0
 40
0.5
  1
E_DRAIN_HORIZONTAL_OFFSET=},{COST=},{DEFAULT_ELEVATION=},{DESCRIPTION=Multi Zone Heat Pump Outdoor Units},{ENCLOSURE_DEPTH=},{ENCLOSURE_HEIGHT_OFFSET=},{ENCLOSURE_WIDTH=},{FAN_TYPE=},{FREQUENCY=},{FRONT_GRILL_L_X_H=},{LOAD_SUB_CLASSIFICATION_MOTOR=}
100
AcDbAttributeDefinition
  3

  2
PSOL_3
 70
     9
280
     0
  0
ATTDEF
  5
216
330
200
100
AcDbEntity
  8
AM_6
100
AcDbText
 10
89.13749999997474
 20
335.487499999875
 30
0.0
 40
0.5
  1
FACTURER=},{MASSUNIT=},{MAXIMUM_OVERCURRENT_PROTECTION=},{MINIMUM_CIRCUIT_AMPS=},{NOMINAL_COOLING_CAPACITY=},{NOMINAL_COOLING_CAPACITY__TONS_=},{NOMINAL_HEATING_CAPACITY=},{NUMBER_OF_POLES=},{OVERALL_DEPTH=12.6250},{OVERALL_HEIGHT=29.5000},{OVERALL_
100
AcDbAttributeDefinition
  3

  2
PSOL_4
 70
     9
280
     0
  0
ATTDEF
  5
217
330
200
100
AcDbEntity
  8
AM_6
100
AcDbText
 10
89.13749999997474
 20
334.987499999875
 30
0.0
 40
0.5
  1
34.2500},{PARTTYPE=},{PHASE=},{REFRIGERANT_CHARGE=},{REFRIGERANT_LIQUID_OFFSET=},{REFRIGERANT_SUCTION_GAS_CONNECTION_DEPTH_OFFSET_ROOM_A=},{REFRIGERANT_SUCTION_GAS_CONNECTION_DIAMETER_ROOM_A=},{REFRIGERANT_SUCTION_GAS_CONNECTION_DIAMETER_ROOM_B=},{R
100
AcDbAttributeDefinition
  3

  2
PSOL_5
 70
     9
280
     0
  0
ATTDEF
  5
218
330
200
100
AcDbEntity
  8
AM_6
100
AcDbText
 10
89.13749999997474
 20
334.487499999875
 30
0.0
 40
0.5
  1
RANT_SUCTION_GAS_CONNECTION_RADIUS_ROOM_A=},{REFRIGERANT_SUCTION_GAS_CONNECTION_RADIUS_ROOM_B=},{REFRIGERANT_USED=},{SERIES=},{SPACE_OR_PERFOMANCE_FRONT=},{SPACE_OR_PERFOMANCE_REAR=},{SPACE_OR_PERFOMANCE_SIDE=},{SYSTEM_PERFORMANCE_COP=},{SYSTEM_PERF
100
AcDbAttributeDefinition
  3

  2
PSOL_6
 70
     9
280
     0
  0
ATTDEF
  5
219
330
200
100
AcDbEntity
  8
AM_6
100
AcDbText
 10
89.13749999997474
 20
333.987499999875
 30
0.0
 40
0.5
  1
E_EER2=},{SYSTEM_PERFORMANCE_HSPF2=},{SYSTEM_PERFORMANCE_SEER2=},{UNIT_WEIGHT=},{URL=https://daikincomfort.com/},{VERSION=},{VOLTAGE=},{VOLTAGE_COMMENTS=},{CLASSIFICATION_NUMBER=},{PRODUCT_PAGE_URL=},{REFRIGERANT_LIQUID_CONNECTION_ARRAY_VERTICAL_OFF
100
AcDbAttributeDefinition
  3

  2
PSOL_7
 70
     9
280
     0
  0
ATTDEF
  5
21A
330
200
100
AcDbEntity
  8
AM_6
100
AcDbText
 10
89.13749999997474
 20
333.487499999875
 30
0.0
 40
0.5
  1
{REFRIGERANT_LIQUID_CONNECTION_DIAMETER=},{REFRIGERANT_LIQUID_CONNECTION_HORIZONTAL_OFFSET=},{REFRIGERANT_LIQUID_CONNECTION_RADIUS=},{REFRIGERANT_LIQUID_CONNECTION_VERTICAL_OFFSET=},{REFRIGERANT_SUCTION_GAS_CONNECTION_ARRAY_VERTICAL_OFFSET=},{REFRIG
100
AcDbAttributeDefinition
  3

  2
PSOL_8
 70
     9
280
     0
  0
ATTDEF
  5
21B
330
200
100
AcDbEntity
  8
AM_6
100
AcDbText
 10
89.13749999997474
 20
332.987499999875
 30
0.0
 40
0.5
  1
SUCTION_GAS_CONNECTION_DEPTH_OFFSET=},{REFRIGERANT_SUCTION_GAS_CONNECTION_DEPTH_OFFSET_ROOM_D=},{REFRIGERANT_SUCTION_GAS_CONNECTION_DEPTH_OFFSET_ROOM_E=},{REFRIGERANT_SUCTION_GAS_CONNECTION_DIAMETER_ROOM_C=},{REFRIGERANT_SUCTION_GAS_CONNECTION_DIAME
100
AcDbAttributeDefinition
  3

  2
PSOL_9
 70
     9
280
     0
  0
ATTDEF
  5
21C
330
200
100
AcDbEntity
  8
AM_6
100
AcDbText
 10
89.13749999997474
 20
332.487499999875
 30
0.0
 40
0.5
  1
OM_D=},{REFRIGERANT_SUCTION_GAS_CONNECTION_DIAMETER_ROOM_E=},{REFRIGERANT_SUCTION_GAS_CONNECTION_HORIZONTAL_OFFSET=},{REFRIGERANT_SUCTION_GAS_CONNECTION_RADIUS_ROOM_C=},{REFRIGERANT_SUCTION_GAS_CONNECTION_RADIUS_ROOM_D=},{REFRIGERANT_SUCTION_GAS_CON
100
AcDbAttributeDefinition
  3

  2
PSOL_10
 70
     9
280
     0
  0
ATTDEF
  5
21D
330
200
100
AcDbEntity
  8
AM_6
100
AcDbText
 10
89.13749999997474
 20
331.987499999875
 30
0.0
 40
0.5
  1
N_RADIUS_ROOM_E=},{REFRIGERANT_SUCTION_GAS_CONNECTION_VERTICAL_OFFSET=},{RFA_FAMILY=Download Revit Family (RFA)},{PARTNUMBERMAP09=3Ton_4MXM36AVJU9},{MODEL=},{OMNICLASS_NUMBER=},{OMNICLASS_TITLE=},{REFRIGERANT_LIQUID_CONNECTION_DEPTH_OFFSET=},{REFRIG
100
AcDbAttributeDefinition
  3

  2
PSOL_11
 70
     9
280
     0
  0
ATTDEF
  5
21E
330
200
100
AcDbEntity
  8
AM_6
100
AcDbText
 10
89.13749999997474
 20
331.487499999875
 30
0.0
 40
0.5
  1
LIQUID_CONNECTION_DIAMETER_ROOM_A=},{REFRIGERANT_LIQUID_CONNECTION_DIAMETER_ROOM_B=},{REFRIGERANT_LIQUID_CONNECTION_RADIUS_ROOM_A=},{REFRIGERANT_LIQUID_CONNECTION_RADIUS_ROOM_B=},{REFRIGERANT_LIQUID_CONNECTION_VERTICAL_OFFSET_ROOM_A=},{REFRIGERANT_L
100
AcDbAttributeDefinition
  3

  2
PSOL_12
 70
     9
280
     0
  0
ATTDEF
  5
21F
330
200
100
AcDbEntity
  8
AM_6
100
AcDbText
 10
89.13749999997474
 20
330.987499999875
 30
0.0
 40
0.5
  1
CONNECTION_VERTICAL_OFFSET_ROOM_B=},{REFRIGERANT_SUCTION_GAS_CONNECTION_DEPTH_OFFSET_ROOM_B=},{REFRIGERANT_SUCTION_GAS_CONNECTION_VERTICAL_OFFSET_ROOM_A=},{REFRIGERANT_SUCTION_GAS_CONNECTION_VERTICAL_OFFSET_ROOM_B=},{REFRIGERANT_SUCTION_GAS_OFFSET=}
100
AcDbAttributeDefinition
  3

  2
PSOL_13
 70
     9
280
     0
  0
ATTDEF
  5
220
330
200
100
AcDbEntity
  8
AM_6
100
AcDbText
 10
89.13749999997474
 20
330.487499999875
 30
0.0
 40
0.5
  1
_VALVE_COVER_DEPTH=},{STOP_VALVE_COVER_HEIGHT=},{STOP_VALVE_COVER_VISIBILITY=},{STOP_VALVE_COVER_WIDTH=},{DEFAULTSORTATTR=},{RFA_FAMILY_=../../_pool_/25/33/heat_pump_unit-multi_zone-outdoor-daikin-4mxm.zip},{RFA_FAMILY_ENG=../../_pool_/25/33/heat_pu
100
AcDbAttributeDefinition
  3

  2
PSOL_14
 70
     9
280
     0
  0
ATTDEF
  5
221
330
200
100
AcDbEntity
  8
AM_6
100
AcDbText
 10
89.13749999997474
 20
329.987499999875
 30
0.0
 40
0.5
  1
t-multi_zone-outdoor-daikin-4mxm.zip},{REVIT_FAMILY_DOWNLOAD=../../_pool_/25/33/heat_pump_unit-multi_zone-outdoor-daikin-4mxm.zip}
100
AcDbAttributeDefinition
  3

  2
PSOL_15
 70
     9
280
     0
  0
LINE
  5
222
330
200
100
AcDbEntity
  8
AM_9
100
AcDbLine
 10
-0.0000000000083996
 20
328.612499999875
 30
0.0
 11
84.13749999997474
 21
328.612499999875
 31
0.0
  0
LINE
  5
223
330
200
100
AcDbEntity
  8
AM_9
100
AcDbLine
 10
84.13749999997474
 20
344.487499999875
 30
0.0
 11
-0.0000000000083973
 21
344.487499999875
 31
0.0
  0
LINE
  5
224
330
200
100
AcDbEntity
  8
AM_9
100
AcDbLine
 10
-0.0000000000083996
 20
328.612499999875
 30
0.0
 11
-0.0000000000083996
 21
344.487499999875
 31
0.0
  0
LINE
  5
225
330
200
100
AcDbEntity
  8
AM_9
100
AcDbLine
 10
84.13749999997474
 20
344.487499999875
 30
0.0
 11
84.13749999997474
 21
328.612499999875
 31
0.0
  0
ENDBLK
  5
203
330
200
100
AcDbEntity
  8
0
100
AcDbBlockEnd
  0
BLOCK
  5
228
330
226
100
AcDbEntity
  8
0
100
AcDbBlockBegin
  2
12_4MXM36AVJU9_PART2_0_in_4MXM36AVJU9_2
 70
     2
 10
0.0
 20
0.0
 30
0.0
  3
12_4MXM36AVJU9_PART2_0_in_4MXM36AVJU9_2
  1

  0
ATTDEF
  5
22A
330
226
100
AcDbEntity
  8
AM_6
100
AcDbText
 10
89.13749999999332
 20
403.224999999875
 30
0.0
 40
0.5
  1
4MXM36AVJU9_PART2
100
AcDbAttributeDefinition
  3

  2
NB
 70
     8
280
     0
  0
ATTDEF
  5
22B
330
226
100
AcDbEntity
  8
AM_6
100
AcDbText
 10
89.13749999999332
 20
402.724999999875
 30
0.0
 40
0.5
  1

100
AcDbAttributeDefinition
  3

  2
NN
 70
     8
280
     0
  0
ATTDEF
  5
22C
330
226
100
AcDbEntity
  8
AM_6
100
AcDbText
 10
89.13749999999332
 20
402.224999999875
 30
0.0
 40
0.5
  1

100
AcDbAttributeDefinition
  3

  2
NT
 70
     8
280
     0
  0
ATTDEF
  5
22D
330
226
100
AcDbEntity
  8
AM_6
100
AcDbText
 10
89.13749999999332
 20
401.724999999875
 30
0.0
 40
0.5
  1
$PARTNUMBER._PART2
100
AcDbAttributeDefinition
  3

  2
NBSYN
 70
     8
280
     0
  0
ATTDEF
  5
22E
330
226
100
AcDbEntity
  8
AM_6
100
AcDbText
 10
89.13749999999332
 20
401.224999999875
 30
0.0
 40
0.5
  1
4MXM36AVJU9_PART2
100
AcDbAttributeDefinition
  3

  2
LINA
 70
     8
280
     0
  0
ATTDEF
  5
22F
330
226
100
AcDbEntity
  8
AM_6
100
AcDbText
 10
89.13749999999332
 20
400.724999999875
 30
0.0
 40
0.5
  1
Daikin
100
AcDbAttributeDefinition
  3

  2
CATALOG
 70
     8
280
     0
  0
ATTDEF
  5
230
330
226
100
AcDbEntity
  8
AM_6
100
AcDbText
 10
89.13749999999332
 20
400.224999999875
 30
0.0
 40
0.5
  1
4MXM36AVJU9
100
AcDbAttributeDefinition
  3

  2
PARTNUMBER
 70
     8
280
     0
  0
ATTDEF
  5
231
330
226
100
AcDbEntity
  8
AM_6
100
AcDbText
 10
89.13749999999332
 20
399.724999999875
 30
0.0
 40
0.5
  1
Multi Zone Heat Pump Outdoor Units
100
AcDbAttributeDefinition
  3

  2
DESCRIPTION
 70
     8
280
     0
  0
ATTDEF
  5
232
330
226
100
AcDbEntity
  8
AM_6
100
AcDbText
 10
89.13749999999332
 20
399.224999999875
 30
0.0
 40
0.5
  1
12.6250
100
AcDbAttributeDefinition
  3

  2
OVERALL_DEPTH
 70
     8
280
     0
  0
ATTDEF
  5
233
330
226
100
AcDbEntity
  8
AM_6
100
AcDbText
 10
89.13749999999332
 20
398.724999999875
 30
0.0
 40
0.5
  1
29.5000
100
AcDbAttributeDefinition
  3

  2
OVERALL_HEIGHT
 70
     8
280
     0
  0
ATTDEF
  5
234
330
226
100
AcDbEntity
  8
AM_6
100
AcDbText
 10
89.13749999999332
 20
398.224999999875
 30
0.0
 40
0.5
  1
34.2500
100
AcDbAttributeDefinition
  3

  2
OVERALL_WIDTH
 70
     8
280
     0
  0
ATTDEF
  5
235
330
226
100
AcDbEntity
  8
AM_6
100
AcDbText
 10
89.13749999999332
 20
397.724999999875
 30
0.0
 40
0.5
  1
https://daikincomfort.com/
100
AcDbAttributeDefinition
  3

  2
URL
 70
     8
280
     0
  0
ATTDEF
  5
236
330
226
100
AcDbEntity
  8
AM_6
100
AcDbText
 10
89.13749999999332
 20
397.224999999875
 30
0.0
 40
0.5
  1
Download Revit Family (RFA)
100
AcDbAttributeDefinition
  3

  2
RFA_FAMILY
 70
     8
280
     0
  0
ATTDEF
  5
237
330
226
100
AcDbEntity
  8
AM_6
100
AcDbText
 10
89.13749999999332
 20
396.724999999875
 30
0.0
 40
0.5
  1
daikin
100
AcDbAttributeDefinition
  3

  2
COMPANY
 70
     8
280
     0
  0
ATTDEF
  5
238
330
226
100
AcDbEntity
  8
AM_6
100
AcDbText
 10
89.13749999999332
 20
396.224999999875
 30
0.0
 40
0.5
  1
{$CADENAS_DATA/23d-libs/daikin/multi20zone20systems/multi20zone20outdoor20units/heat_pump_unit-multi_zone-outdoor-daikin-mxm.prj},237 {VTYP=3D},{NB=4MXM36AVJU9_PART2},{LINA=4MXM36AVJU9_PART2},{NN=(R32) Heat_Pump_Unit-Multi_Zone-Outdoor-Daikin-MXM_PA
100
AcDbAttributeDefinition
  3

  2
PSOL_0
 70
     9
280
     0
  0
ATTDEF
  5
239
330
226
100
AcDbEntity
  8
AM_6
100
AcDbText
 10
89.13749999999332
 20
395.724999999875
 30
0.0
 40
0.5
  1
NOPRJ=TRUE},{DATE=03.06.2026 19:23:31},{GEOMDATE=06.03.2026 09:05:37},{VERSION=},{LINEID=30},{WBVAR=},{WBNUMERIC=}  {NB=4MXM36AVJU9_PART2},{LINA=4MXM36AVJU9_PART2},{KT=DUMMY},{PARTNUMBER=4MXM36AVJU9},{APPARENT_POWER=},{PARTNUMBERHELP=},{ASSEMBLY_COD
100
AcDbAttributeDefinition
  3

  2
PSOL_1
 70
     9
280
     0
  0
ATTDEF
  5
23A
330
226
100
AcDbEntity
  8
AM_6
100
AcDbText
 10
89.13749999999332
 20
395.224999999875
 30
0.0
 40
0.5
  1
ASE_PITCH=},{BASE_PITCH_OFFSET=},{BASE_PITCH_WIDTH=},{BASE_PITCH_WIDTH_APART=},{CATEGORY=},{CLEARANCE_VISIBILITY=},{COMPRESSOR_TYPE=},{CONDENSATE_DRAIN_CONNECTION_DIAMETER=},{CONDENSATE_DRAIN_CONNECTION_RADIUS=},{CONDENSATE_DRAIN_DEPTH_OFFSET=},{CON
100
AcDbAttributeDefinition
  3

  2
PSOL_2
 70
     9
280
     0
  0
ATTDEF
  5
23B
330
226
100
AcDbEntity
  8
AM_6
100
AcDbText
 10
89.13749999999332
 20
394.724999999875
 30
0.0
 40
0.5
  1
E_DRAIN_HORIZONTAL_OFFSET=},{COST=},{DEFAULT_ELEVATION=},{DESCRIPTION=Multi Zone Heat Pump Outdoor Units},{ENCLOSURE_DEPTH=},{ENCLOSURE_HEIGHT_OFFSET=},{ENCLOSURE_WIDTH=},{FAN_TYPE=},{FREQUENCY=},{FRONT_GRILL_L_X_H=},{LOAD_SUB_CLASSIFICATION_MOTOR=}
100
AcDbAttributeDefinition
  3

  2
PSOL_3
 70
     9
280
     0
  0
ATTDEF
  5
23C
330
226
100
AcDbEntity
  8
AM_6
100
AcDbText
 10
89.13749999999332
 20
394.224999999875
 30
0.0
 40
0.5
  1
FACTURER=},{MASSUNIT=},{MAXIMUM_OVERCURRENT_PROTECTION=},{MINIMUM_CIRCUIT_AMPS=},{NOMINAL_COOLING_CAPACITY=},{NOMINAL_COOLING_CAPACITY__TONS_=},{NOMINAL_HEATING_CAPACITY=},{NUMBER_OF_POLES=},{OVERALL_DEPTH=12.6250},{OVERALL_HEIGHT=29.5000},{OVERALL_
100
AcDbAttributeDefinition
  3

  2
PSOL_4
 70
     9
280
     0
  0
ATTDEF
  5
23D
330
226
100
AcDbEntity
  8
AM_6
100
AcDbText
 10
89.13749999999332
 20
393.724999999875
 30
0.0
 40
0.5
  1
34.2500},{PARTTYPE=},{PHASE=},{REFRIGERANT_CHARGE=},{REFRIGERANT_LIQUID_OFFSET=},{REFRIGERANT_SUCTION_GAS_CONNECTION_DEPTH_OFFSET_ROOM_A=},{REFRIGERANT_SUCTION_GAS_CONNECTION_DIAMETER_ROOM_A=},{REFRIGERANT_SUCTION_GAS_CONNECTION_DIAMETER_ROOM_B=},{R
100
AcDbAttributeDefinition
  3

  2
PSOL_5
 70
     9
280
     0
  0
ATTDEF
  5
23E
330
226
100
AcDbEntity
  8
AM_6
100
AcDbText
 10
89.13749999999332
 20
393.224999999875
 30
0.0
 40
0.5
  1
RANT_SUCTION_GAS_CONNECTION_RADIUS_ROOM_A=},{REFRIGERANT_SUCTION_GAS_CONNECTION_RADIUS_ROOM_B=},{REFRIGERANT_USED=},{SERIES=},{SPACE_OR_PERFOMANCE_FRONT=},{SPACE_OR_PERFOMANCE_REAR=},{SPACE_OR_PERFOMANCE_SIDE=},{SYSTEM_PERFORMANCE_COP=},{SYSTEM_PERF
100
AcDbAttributeDefinition
  3

  2
PSOL_6
 70
     9
280
     0
  0
ATTDEF
  5
23F
330
226
100
AcDbEntity
  8
AM_6
100
AcDbText
 10
89.13749999999332
 20
392.724999999875
 30
0.0
 40
0.5
  1
E_EER2=},{SYSTEM_PERFORMANCE_HSPF2=},{SYSTEM_PERFORMANCE_SEER2=},{UNIT_WEIGHT=},{URL=https://daikincomfort.com/},{VERSION=},{VOLTAGE=},{VOLTAGE_COMMENTS=},{CLASSIFICATION_NUMBER=},{PRODUCT_PAGE_URL=},{REFRIGERANT_LIQUID_CONNECTION_ARRAY_VERTICAL_OFF
100
AcDbAttributeDefinition
  3

  2
PSOL_7
 70
     9
280
     0
  0
ATTDEF
  5
240
330
226
100
AcDbEntity
  8
AM_6
100
AcDbText
 10
89.13749999999332
 20
392.224999999875
 30
0.0
 40
0.5
  1
{REFRIGERANT_LIQUID_CONNECTION_DIAMETER=},{REFRIGERANT_LIQUID_CONNECTION_HORIZONTAL_OFFSET=},{REFRIGERANT_LIQUID_CONNECTION_RADIUS=},{REFRIGERANT_LIQUID_CONNECTION_VERTICAL_OFFSET=},{REFRIGERANT_SUCTION_GAS_CONNECTION_ARRAY_VERTICAL_OFFSET=},{REFRIG
100
AcDbAttributeDefinition
  3

  2
PSOL_8
 70
     9
280
     0
  0
ATTDEF
  5
241
330
226
100
AcDbEntity
  8
AM_6
100
AcDbText
 10
89.13749999999332
 20
391.724999999875
 30
0.0
 40
0.5
  1
SUCTION_GAS_CONNECTION_DEPTH_OFFSET=},{REFRIGERANT_SUCTION_GAS_CONNECTION_DEPTH_OFFSET_ROOM_D=},{REFRIGERANT_SUCTION_GAS_CONNECTION_DEPTH_OFFSET_ROOM_E=},{REFRIGERANT_SUCTION_GAS_CONNECTION_DIAMETER_ROOM_C=},{REFRIGERANT_SUCTION_GAS_CONNECTION_DIAME
100
AcDbAttributeDefinition
  3

  2
PSOL_9
 70
     9
280
     0
  0
ATTDEF
  5
242
330
226
100
AcDbEntity
  8
AM_6
100
AcDbText
 10
89.13749999999332
 20
391.224999999875
 30
0.0
 40
0.5
  1
OM_D=},{REFRIGERANT_SUCTION_GAS_CONNECTION_DIAMETER_ROOM_E=},{REFRIGERANT_SUCTION_GAS_CONNECTION_HORIZONTAL_OFFSET=},{REFRIGERANT_SUCTION_GAS_CONNECTION_RADIUS_ROOM_C=},{REFRIGERANT_SUCTION_GAS_CONNECTION_RADIUS_ROOM_D=},{REFRIGERANT_SUCTION_GAS_CON
100
AcDbAttributeDefinition
  3

  2
PSOL_10
 70
     9
280
     0
  0
ATTDEF
  5
243
330
226
100
AcDbEntity
  8
AM_6
100
AcDbText
 10
89.13749999999332
 20
390.724999999875
 30
0.0
 40
0.5
  1
N_RADIUS_ROOM_E=},{REFRIGERANT_SUCTION_GAS_CONNECTION_VERTICAL_OFFSET=},{RFA_FAMILY=Download Revit Family (RFA)},{PARTNUMBERMAP09=3Ton_4MXM36AVJU9},{MODEL=},{OMNICLASS_NUMBER=},{OMNICLASS_TITLE=},{REFRIGERANT_LIQUID_CONNECTION_DEPTH_OFFSET=},{REFRIG
100
AcDbAttributeDefinition
  3

  2
PSOL_11
 70
     9
280
     0
  0
ATTDEF
  5
244
330
226
100
AcDbEntity
  8
AM_6
100
AcDbText
 10
89.13749999999332
 20
390.224999999875
 30
0.0
 40
0.5
  1
LIQUID_CONNECTION_DIAMETER_ROOM_A=},{REFRIGERANT_LIQUID_CONNECTION_DIAMETER_ROOM_B=},{REFRIGERANT_LIQUID_CONNECTION_RADIUS_ROOM_A=},{REFRIGERANT_LIQUID_CONNECTION_RADIUS_ROOM_B=},{REFRIGERANT_LIQUID_CONNECTION_VERTICAL_OFFSET_ROOM_A=},{REFRIGERANT_L
100
AcDbAttributeDefinition
  3

  2
PSOL_12
 70
     9
280
     0
  0
ATTDEF
  5
245
330
226
100
AcDbEntity
  8
AM_6
100
AcDbText
 10
89.13749999999332
 20
389.724999999875
 30
0.0
 40
0.5
  1
CONNECTION_VERTICAL_OFFSET_ROOM_B=},{REFRIGERANT_SUCTION_GAS_CONNECTION_DEPTH_OFFSET_ROOM_B=},{REFRIGERANT_SUCTION_GAS_CONNECTION_VERTICAL_OFFSET_ROOM_A=},{REFRIGERANT_SUCTION_GAS_CONNECTION_VERTICAL_OFFSET_ROOM_B=},{REFRIGERANT_SUCTION_GAS_OFFSET=}
100
AcDbAttributeDefinition
  3

  2
PSOL_13
 70
     9
280
     0
  0
ATTDEF
  5
246
330
226
100
AcDbEntity
  8
AM_6
100
AcDbText
 10
89.13749999999332
 20
389.224999999875
 30
0.0
 40
0.5
  1
_VALVE_COVER_DEPTH=},{STOP_VALVE_COVER_HEIGHT=},{STOP_VALVE_COVER_VISIBILITY=},{STOP_VALVE_COVER_WIDTH=},{DEFAULTSORTATTR=},{RFA_FAMILY_=../../_pool_/25/33/heat_pump_unit-multi_zone-outdoor-daikin-4mxm.zip},{RFA_FAMILY_ENG=../../_pool_/25/33/heat_pu
100
AcDbAttributeDefinition
  3

  2
PSOL_14
 70
     9
280
     0
  0
ATTDEF
  5
247
330
226
100
AcDbEntity
  8
AM_6
100
AcDbText
 10
89.13749999999332
 20
388.724999999875
 30
0.0
 40
0.5
  1
t-multi_zone-outdoor-daikin-4mxm.zip},{REVIT_FAMILY_DOWNLOAD=../../_pool_/25/33/heat_pump_unit-multi_zone-outdoor-daikin-4mxm.zip}
100
AcDbAttributeDefinition
  3

  2
PSOL_15
 70
     9
280
     0
  0
LINE
  5
248
330
226
100
AcDbEntity
  8
AM_9
100
AcDbLine
 10
-0.0000000000083996
 20
390.524999999875
 30
0.0
 11
84.13749999999332
 21
390.524999999875
 31
0.0
  0
LINE
  5
249
330
226
100
AcDbEntity
  8
AM_9
100
AcDbLine
 10
84.13749999999332
 20
403.224999999875
 30
0.0
 11
-0.0000000000083973
 21
403.224999999875
 31
0.0
  0
LINE
  5
24A
330
226
100
AcDbEntity
  8
AM_9
100
AcDbLine
 10
-0.0000000000083996
 20
390.524999999875
 30
0.0
 11
-0.0000000000083996
 21
403.224999999875
 31
0.0
  0
LINE
  5
24B
330
226
100
AcDbEntity
  8
AM_9
100
AcDbLine
 10
84.13749999999332
 20
403.224999999875
 30
0.0
 11
84.13749999999332
 21
390.524999999875
 31
0.0
  0
ENDBLK
  5
229
330
226
100
AcDbEntity
  8
0
100
AcDbBlockEnd
  0
BLOCK
  5
24E
330
24C
100
AcDbEntity
  8
0
100
AcDbBlockBegin
  2
13_4MXM36AVJU9_PART1_0_in_4MXM36AVJU9_2
 70
     2
 10
0.0
 20
0.0
 30
0.0
  3
13_4MXM36AVJU9_PART1_0_in_4MXM36AVJU9_2
  1

  0
ATTDEF
  5
250
330
24C
100
AcDbEntity
  8
AM_6
100
AcDbText
 10
98.66249999999263
 20
461.962499999874
 30
0.0
 40
0.5
  1
4MXM36AVJU9_PART1
100
AcDbAttributeDefinition
  3

  2
NB
 70
     8
280
     0
  0
ATTDEF
  5
251
330
24C
100
AcDbEntity
  8
AM_6
100
AcDbText
 10
98.66249999999263
 20
461.462499999874
 30
0.0
 40
0.5
  1

100
AcDbAttributeDefinition
  3

  2
NN
 70
     8
280
     0
  0
ATTDEF
  5
252
330
24C
100
AcDbEntity
  8
AM_6
100
AcDbText
 10
98.66249999999263
 20
460.962499999874
 30
0.0
 40
0.5
  1

100
AcDbAttributeDefinition
  3

  2
NT
 70
     8
280
     0
  0
ATTDEF
  5
253
330
24C
100
AcDbEntity
  8
AM_6
100
AcDbText
 10
98.66249999999263
 20
460.462499999874
 30
0.0
 40
0.5
  1
$PARTNUMBER._PART1
100
AcDbAttributeDefinition
  3

  2
NBSYN
 70
     8
280
     0
  0
ATTDEF
  5
254
330
24C
100
AcDbEntity
  8
AM_6
100
AcDbText
 10
98.66249999999263
 20
459.962499999874
 30
0.0
 40
0.5
  1
4MXM36AVJU9_PART1
100
AcDbAttributeDefinition
  3

  2
LINA
 70
     8
280
     0
  0
ATTDEF
  5
255
330
24C
100
AcDbEntity
  8
AM_6
100
AcDbText
 10
98.66249999999263
 20
459.462499999874
 30
0.0
 40
0.5
  1
Daikin
100
AcDbAttributeDefinition
  3

  2
CATALOG
 70
     8
280
     0
  0
ATTDEF
  5
256
330
24C
100
AcDbEntity
  8
AM_6
100
AcDbText
 10
98.66249999999263
 20
458.962499999874
 30
0.0
 40
0.5
  1
4MXM36AVJU9
100
AcDbAttributeDefinition
  3

  2
PARTNUMBER
 70
     8
280
     0
  0
ATTDEF
  5
257
330
24C
100
AcDbEntity
  8
AM_6
100
AcDbText
 10
98.66249999999263
 20
458.462499999874
 30
0.0
 40
0.5
  1
Multi Zone Heat Pump Outdoor Units
100
AcDbAttributeDefinition
  3

  2
DESCRIPTION
 70
     8
280
     0
  0
ATTDEF
  5
258
330
24C
100
AcDbEntity
  8
AM_6
100
AcDbText
 10
98.66249999999263
 20
457.962499999874
 30
0.0
 40
0.5
  1
12.6250
100
AcDbAttributeDefinition
  3

  2
OVERALL_DEPTH
 70
     8
280
     0
  0
ATTDEF
  5
259
330
24C
100
AcDbEntity
  8
AM_6
100
AcDbText
 10
98.66249999999263
 20
457.462499999874
 30
0.0
 40
0.5
  1
29.5000
100
AcDbAttributeDefinition
  3

  2
OVERALL_HEIGHT
 70
     8
280
     0
  0
ATTDEF
  5
25A
330
24C
100
AcDbEntity
  8
AM_6
100
AcDbText
 10
98.66249999999263
 20
456.962499999874
 30
0.0
 40
0.5
  1
34.2500
100
AcDbAttributeDefinition
  3

  2
OVERALL_WIDTH
 70
     8
280
     0
  0
ATTDEF
  5
25B
330
24C
100
AcDbEntity
  8
AM_6
100
AcDbText
 10
98.66249999999263
 20
456.462499999874
 30
0.0
 40
0.5
  1
https://daikincomfort.com/
100
AcDbAttributeDefinition
  3

  2
URL
 70
     8
280
     0
  0
ATTDEF
  5
25C
330
24C
100
AcDbEntity
  8
AM_6
100
AcDbText
 10
98.66249999999263
 20
455.962499999874
 30
0.0
 40
0.5
  1
Download Revit Family (RFA)
100
AcDbAttributeDefinition
  3

  2
RFA_FAMILY
 70
     8
280
     0
  0
ATTDEF
  5
25D
330
24C
100
AcDbEntity
  8
AM_6
100
AcDbText
 10
98.66249999999263
 20
455.462499999874
 30
0.0
 40
0.5
  1
daikin
100
AcDbAttributeDefinition
  3

  2
COMPANY
 70
     8
280
     0
  0
ATTDEF
  5
25E
330
24C
100
AcDbEntity
  8
AM_6
100
AcDbText
 10
98.66249999999263
 20
454.962499999874
 30
0.0
 40
0.5
  1
{$CADENAS_DATA/23d-libs/daikin/multi20zone20systems/multi20zone20outdoor20units/heat_pump_unit-multi_zone-outdoor-daikin-mxm.prj},237 {VTYP=3D},{NB=4MXM36AVJU9_PART1},{LINA=4MXM36AVJU9_PART1},{NN=(R32) Heat_Pump_Unit-Multi_Zone-Outdoor-Daikin-MXM_PA
100
AcDbAttributeDefinition
  3

  2
PSOL_0
 70
     9
280
     0
  0
ATTDEF
  5
25F
330
24C
100
AcDbEntity
  8
AM_6
100
AcDbText
 10
98.66249999999263
 20
454.462499999874
 30
0.0
 40
0.5
  1
NOPRJ=TRUE},{DATE=03.06.2026 19:23:31},{GEOMDATE=06.03.2026 09:05:37},{VERSION=},{LINEID=30},{WBVAR=},{WBNUMERIC=}  {NB=4MXM36AVJU9_PART1},{LINA=4MXM36AVJU9_PART1},{KT=DUMMY},{PARTNUMBER=4MXM36AVJU9},{APPARENT_POWER=},{PARTNUMBERHELP=},{ASSEMBLY_COD
100
AcDbAttributeDefinition
  3

  2
PSOL_1
 70
     9
280
     0
  0
ATTDEF
  5
260
330
24C
100
AcDbEntity
  8
AM_6
100
AcDbText
 10
98.66249999999263
 20
453.962499999874
 30
0.0
 40
0.5
  1
ASE_PITCH=},{BASE_PITCH_OFFSET=},{BASE_PITCH_WIDTH=},{BASE_PITCH_WIDTH_APART=},{CATEGORY=},{CLEARANCE_VISIBILITY=},{COMPRESSOR_TYPE=},{CONDENSATE_DRAIN_CONNECTION_DIAMETER=},{CONDENSATE_DRAIN_CONNECTION_RADIUS=},{CONDENSATE_DRAIN_DEPTH_OFFSET=},{CON
100
AcDbAttributeDefinition
  3

  2
PSOL_2
 70
     9
280
     0
  0
ATTDEF
  5
261
330
24C
100
AcDbEntity
  8
AM_6
100
AcDbText
 10
98.66249999999263
 20
453.462499999874
 30
0.0
 40
0.5
  1
E_DRAIN_HORIZONTAL_OFFSET=},{COST=},{DEFAULT_ELEVATION=},{DESCRIPTION=Multi Zone Heat Pump Outdoor Units},{ENCLOSURE_DEPTH=},{ENCLOSURE_HEIGHT_OFFSET=},{ENCLOSURE_WIDTH=},{FAN_TYPE=},{FREQUENCY=},{FRONT_GRILL_L_X_H=},{LOAD_SUB_CLASSIFICATION_MOTOR=}
100
AcDbAttributeDefinition
  3

  2
PSOL_3
 70
     9
280
     0
  0
ATTDEF
  5
262
330
24C
100
AcDbEntity
  8
AM_6
100
AcDbText
 10
98.66249999999263
 20
452.962499999874
 30
0.0
 40
0.5
  1
FACTURER=},{MASSUNIT=},{MAXIMUM_OVERCURRENT_PROTECTION=},{MINIMUM_CIRCUIT_AMPS=},{NOMINAL_COOLING_CAPACITY=},{NOMINAL_COOLING_CAPACITY__TONS_=},{NOMINAL_HEATING_CAPACITY=},{NUMBER_OF_POLES=},{OVERALL_DEPTH=12.6250},{OVERALL_HEIGHT=29.5000},{OVERALL_
100
AcDbAttributeDefinition
  3

  2
PSOL_4
 70
     9
280
     0
  0
ATTDEF
  5
263
330
24C
100
AcDbEntity
  8
AM_6
100
AcDbText
 10
98.66249999999263
 20
452.462499999874
 30
0.0
 40
0.5
  1
34.2500},{PARTTYPE=},{PHASE=},{REFRIGERANT_CHARGE=},{REFRIGERANT_LIQUID_OFFSET=},{REFRIGERANT_SUCTION_GAS_CONNECTION_DEPTH_OFFSET_ROOM_A=},{REFRIGERANT_SUCTION_GAS_CONNECTION_DIAMETER_ROOM_A=},{REFRIGERANT_SUCTION_GAS_CONNECTION_DIAMETER_ROOM_B=},{R
100
AcDbAttributeDefinition
  3

  2
PSOL_5
 70
     9
280
     0
  0
ATTDEF
  5
264
330
24C
100
AcDbEntity
  8
AM_6
100
AcDbText
 10
98.66249999999263
 20
451.962499999874
 30
0.0
 40
0.5
  1
RANT_SUCTION_GAS_CONNECTION_RADIUS_ROOM_A=},{REFRIGERANT_SUCTION_GAS_CONNECTION_RADIUS_ROOM_B=},{REFRIGERANT_USED=},{SERIES=},{SPACE_OR_PERFOMANCE_FRONT=},{SPACE_OR_PERFOMANCE_REAR=},{SPACE_OR_PERFOMANCE_SIDE=},{SYSTEM_PERFORMANCE_COP=},{SYSTEM_PERF
100
AcDbAttributeDefinition
  3

  2
PSOL_6
 70
     9
280
     0
  0
ATTDEF
  5
265
330
24C
100
AcDbEntity
  8
AM_6
100
AcDbText
 10
98.66249999999263
 20
451.462499999874
 30
0.0
 40
0.5
  1
E_EER2=},{SYSTEM_PERFORMANCE_HSPF2=},{SYSTEM_PERFORMANCE_SEER2=},{UNIT_WEIGHT=},{URL=https://daikincomfort.com/},{VERSION=},{VOLTAGE=},{VOLTAGE_COMMENTS=},{CLASSIFICATION_NUMBER=},{PRODUCT_PAGE_URL=},{REFRIGERANT_LIQUID_CONNECTION_ARRAY_VERTICAL_OFF
100
AcDbAttributeDefinition
  3

  2
PSOL_7
 70
     9
280
     0
  0
ATTDEF
  5
266
330
24C
100
AcDbEntity
  8
AM_6
100
AcDbText
 10
98.66249999999263
 20
450.962499999874
 30
0.0
 40
0.5
  1
{REFRIGERANT_LIQUID_CONNECTION_DIAMETER=},{REFRIGERANT_LIQUID_CONNECTION_HORIZONTAL_OFFSET=},{REFRIGERANT_LIQUID_CONNECTION_RADIUS=},{REFRIGERANT_LIQUID_CONNECTION_VERTICAL_OFFSET=},{REFRIGERANT_SUCTION_GAS_CONNECTION_ARRAY_VERTICAL_OFFSET=},{REFRIG
100
AcDbAttributeDefinition
  3

  2
PSOL_8
 70
     9
280
     0
  0
ATTDEF
  5
267
330
24C
100
AcDbEntity
  8
AM_6
100
AcDbText
 10
98.66249999999263
 20
450.462499999874
 30
0.0
 40
0.5
  1
SUCTION_GAS_CONNECTION_DEPTH_OFFSET=},{REFRIGERANT_SUCTION_GAS_CONNECTION_DEPTH_OFFSET_ROOM_D=},{REFRIGERANT_SUCTION_GAS_CONNECTION_DEPTH_OFFSET_ROOM_E=},{REFRIGERANT_SUCTION_GAS_CONNECTION_DIAMETER_ROOM_C=},{REFRIGERANT_SUCTION_GAS_CONNECTION_DIAME
100
AcDbAttributeDefinition
  3

  2
PSOL_9
 70
     9
280
     0
  0
ATTDEF
  5
268
330
24C
100
AcDbEntity
  8
AM_6
100
AcDbText
 10
98.66249999999263
 20
449.962499999874
 30
0.0
 40
0.5
  1
OM_D=},{REFRIGERANT_SUCTION_GAS_CONNECTION_DIAMETER_ROOM_E=},{REFRIGERANT_SUCTION_GAS_CONNECTION_HORIZONTAL_OFFSET=},{REFRIGERANT_SUCTION_GAS_CONNECTION_RADIUS_ROOM_C=},{REFRIGERANT_SUCTION_GAS_CONNECTION_RADIUS_ROOM_D=},{REFRIGERANT_SUCTION_GAS_CON
100
AcDbAttributeDefinition
  3

  2
PSOL_10
 70
     9
280
     0
  0
ATTDEF
  5
269
330
24C
100
AcDbEntity
  8
AM_6
100
AcDbText
 10
98.66249999999263
 20
449.462499999874
 30
0.0
 40
0.5
  1
N_RADIUS_ROOM_E=},{REFRIGERANT_SUCTION_GAS_CONNECTION_VERTICAL_OFFSET=},{RFA_FAMILY=Download Revit Family (RFA)},{PARTNUMBERMAP09=3Ton_4MXM36AVJU9},{MODEL=},{OMNICLASS_NUMBER=},{OMNICLASS_TITLE=},{REFRIGERANT_LIQUID_CONNECTION_DEPTH_OFFSET=},{REFRIG
100
AcDbAttributeDefinition
  3

  2
PSOL_11
 70
     9
280
     0
  0
ATTDEF
  5
26A
330
24C
100
AcDbEntity
  8
AM_6
100
AcDbText
 10
98.66249999999263
 20
448.962499999874
 30
0.0
 40
0.5
  1
LIQUID_CONNECTION_DIAMETER_ROOM_A=},{REFRIGERANT_LIQUID_CONNECTION_DIAMETER_ROOM_B=},{REFRIGERANT_LIQUID_CONNECTION_RADIUS_ROOM_A=},{REFRIGERANT_LIQUID_CONNECTION_RADIUS_ROOM_B=},{REFRIGERANT_LIQUID_CONNECTION_VERTICAL_OFFSET_ROOM_A=},{REFRIGERANT_L
100
AcDbAttributeDefinition
  3

  2
PSOL_12
 70
     9
280
     0
  0
ATTDEF
  5
26B
330
24C
100
AcDbEntity
  8
AM_6
100
AcDbText
 10
98.66249999999263
 20
448.462499999874
 30
0.0
 40
0.5
  1
CONNECTION_VERTICAL_OFFSET_ROOM_B=},{REFRIGERANT_SUCTION_GAS_CONNECTION_DEPTH_OFFSET_ROOM_B=},{REFRIGERANT_SUCTION_GAS_CONNECTION_VERTICAL_OFFSET_ROOM_A=},{REFRIGERANT_SUCTION_GAS_CONNECTION_VERTICAL_OFFSET_ROOM_B=},{REFRIGERANT_SUCTION_GAS_OFFSET=}
100
AcDbAttributeDefinition
  3

  2
PSOL_13
 70
     9
280
     0
  0
ATTDEF
  5
26C
330
24C
100
AcDbEntity
  8
AM_6
100
AcDbText
 10
98.66249999999263
 20
447.962499999874
 30
0.0
 40
0.5
  1
_VALVE_COVER_DEPTH=},{STOP_VALVE_COVER_HEIGHT=},{STOP_VALVE_COVER_VISIBILITY=},{STOP_VALVE_COVER_WIDTH=},{DEFAULTSORTATTR=},{RFA_FAMILY_=../../_pool_/25/33/heat_pump_unit-multi_zone-outdoor-daikin-4mxm.zip},{RFA_FAMILY_ENG=../../_pool_/25/33/heat_pu
100
AcDbAttributeDefinition
  3

  2
PSOL_14
 70
     9
280
     0
  0
ATTDEF
  5
26D
330
24C
100
AcDbEntity
  8
AM_6
100
AcDbText
 10
98.66249999999263
 20
447.462499999874
 30
0.0
 40
0.5
  1
t-multi_zone-outdoor-daikin-4mxm.zip},{REVIT_FAMILY_DOWNLOAD=../../_pool_/25/33/heat_pump_unit-multi_zone-outdoor-daikin-4mxm.zip}
100
AcDbAttributeDefinition
  3

  2
PSOL_15
 70
     9
280
     0
  0
LINE
  5
26E
330
24C
100
AcDbEntity
  8
AM_9
100
AcDbLine
 10
-0.0000000000083996
 20
452.437499999874
 30
0.0
 11
93.66249999999263
 21
452.437499999874
 31
0.0
  0
LINE
  5
26F
330
24C
100
AcDbEntity
  8
AM_9
100
AcDbLine
 10
93.66249999999263
 20
461.962499999874
 30
0.0
 11
-0.0000000000083973
 21
461.962499999874
 31
0.0
  0
LINE
  5
270
330
24C
100
AcDbEntity
  8
AM_9
100
AcDbLine
 10
-0.0000000000083996
 20
452.437499999874
 30
0.0
 11
-0.0000000000083996
 21
461.962499999874
 31
0.0
  0
LINE
  5
271
330
24C
100
AcDbEntity
  8
AM_9
100
AcDbLine
 10
93.66249999999263
 20
461.962499999874
 30
0.0
 11
93.66249999999263
 21
452.437499999874
 31
0.0
  0
ENDBLK
  5
24F
330
24C
100
AcDbEntity
  8
0
100
AcDbBlockEnd
  0
ENDSEC
  0
SECTION
  2
ENTITIES
  0
ATTDEF
  5
5F
330
1F
100
AcDbEntity
  8
AM_6
100
AcDbText
 10
189.149999999992
 20
749.2999999998631
 30
0.0
 40
0.5
  1
4MXM36AVJU9
100
AcDbAttributeDefinition
  3

  2
NB
 70
     8
280
     0
  0
ATTDEF
  5
60
330
1F
100
AcDbEntity
  8
AM_6
100
AcDbText
 10
189.149999999992
 20
748.7999999998631
 30
0.0
 40
0.5
  1
(R32) Heat_Pump_Unit-Multi_Zone-Outdoor-Daikin-MXM
100
AcDbAttributeDefinition
  3

  2
NN
 70
     8
280
     0
  0
ATTDEF
  5
61
330
1F
100
AcDbEntity
  8
AM_6
100
AcDbText
 10
189.149999999992
 20
748.2999999998631
 30
0.0
 40
0.5
  1

100
AcDbAttributeDefinition
  3

  2
NT
 70
     8
280
     0
  0
ATTDEF
  5
62
330
1F
100
AcDbEntity
  8
AM_6
100
AcDbText
 10
189.149999999992
 20
747.7999999998631
 30
0.0
 40
0.5
  1
$PARTNUMBER.
100
AcDbAttributeDefinition
  3

  2
NBSYN
 70
     8
280
     0
  0
ATTDEF
  5
63
330
1F
100
AcDbEntity
  8
AM_6
100
AcDbText
 10
189.149999999992
 20
747.2999999998631
 30
0.0
 40
0.5
  1
4MXM36AVJU9
100
AcDbAttributeDefinition
  3

  2
LINA
 70
     8
280
     0
  0
ATTDEF
  5
64
330
1F
100
AcDbEntity
  8
AM_6
100
AcDbText
 10
189.149999999992
 20
746.7999999998631
 30
0.0
 40
0.5
  1
Daikin
100
AcDbAttributeDefinition
  3

  2
CATALOG
 70
     8
280
     0
  0
ATTDEF
  5
65
330
1F
100
AcDbEntity
  8
AM_6
100
AcDbText
 10
189.149999999992
 20
746.2999999998631
 30
0.0
 40
0.5
  1
4MXM36AVJU9
100
AcDbAttributeDefinition
  3

  2
PARTNUMBER
 70
     8
280
     0
  0
ATTDEF
  5
66
330
1F
100
AcDbEntity
  8
AM_6
100
AcDbText
 10
189.149999999992
 20
745.7999999998631
 30
0.0
 40
0.5
  1
Multi Zone Heat Pump Outdoor Units
100
AcDbAttributeDefinition
  3

  2
DESCRIPTION
 70
     8
280
     0
  0
ATTDEF
  5
67
330
1F
100
AcDbEntity
  8
AM_6
100
AcDbText
 10
189.149999999992
 20
745.2999999998631
 30
0.0
 40
0.5
  1
12.6250
100
AcDbAttributeDefinition
  3

  2
OVERALL_DEPTH
 70
     8
280
     0
  0
ATTDEF
  5
68
330
1F
100
AcDbEntity
  8
AM_6
100
AcDbText
 10
189.149999999992
 20
744.7999999998631
 30
0.0
 40
0.5
  1
29.5000
100
AcDbAttributeDefinition
  3

  2
OVERALL_HEIGHT
 70
     8
280
     0
  0
ATTDEF
  5
69
330
1F
100
AcDbEntity
  8
AM_6
100
AcDbText
 10
189.149999999992
 20
744.2999999998631
 30
0.0
 40
0.5
  1
34.2500
100
AcDbAttributeDefinition
  3

  2
OVERALL_WIDTH
 70
     8
280
     0
  0
ATTDEF
  5
6A
330
1F
100
AcDbEntity
  8
AM_6
100
AcDbText
 10
189.149999999992
 20
743.7999999998631
 30
0.0
 40
0.5
  1
https://daikincomfort.com/
100
AcDbAttributeDefinition
  3

  2
URL
 70
     8
280
     0
  0
ATTDEF
  5
6B
330
1F
100
AcDbEntity
  8
AM_6
100
AcDbText
 10
189.149999999992
 20
743.2999999998631
 30
0.0
 40
0.5
  1
Download Revit Family (RFA)
100
AcDbAttributeDefinition
  3

  2
RFA_FAMILY
 70
     8
280
     0
  0
ATTDEF
  5
6C
330
1F
100
AcDbEntity
  8
AM_6
100
AcDbText
 10
189.149999999992
 20
742.7999999998631
 30
0.0
 40
0.5
  1
daikin
100
AcDbAttributeDefinition
  3

  2
COMPANY
 70
     8
280
     0
  0
ATTDEF
  5
6D
330
1F
100
AcDbEntity
  8
AM_6
100
AcDbText
 10
189.149999999992
 20
742.2999999998631
 30
0.0
 40
0.5
  1
{$CADENAS_DATA/23d-libs/daikin/multi20zone20systems/multi20zone20outdoor20units/heat_pump_unit-multi_zone-outdoor-daikin-mxm.prj},217 {STYP=ASS},{VTYP=3D},{NB=4MXM36AVJU9},{LINA=4MXM36AVJU9},{NN=(R32) Heat_Pump_Unit-Multi_Zone-Outdoor-Daikin-MXM},{D
100
AcDbAttributeDefinition
  3

  2
PSOL_0
 70
     9
280
     0
  0
ATTDEF
  5
6E
330
1F
100
AcDbEntity
  8
AM_6
100
AcDbText
 10
189.149999999992
 20
741.7999999998631
 30
0.0
 40
0.5
  1
.06.2026 19:23:31},{GEOMDATE=06.03.2026 09:05:37},{VERSION=},{LINEID=30},{WBVAR=},{WBNUMERIC=}  {NB=4MXM36AVJU9},{LINA=4MXM36AVJU9},{KT=DUMMY},{PARTNUMBER=4MXM36AVJU9},{APPARENT_POWER=},{PARTNUMBERHELP=},{ASSEMBLY_CODE=},{BASE_PITCH=},{BASE_PITCH_OF
100
AcDbAttributeDefinition
  3

  2
PSOL_1
 70
     9
280
     0
  0
ATTDEF
  5
6F
330
1F
100
AcDbEntity
  8
AM_6
100
AcDbText
 10
189.149999999992
 20
741.2999999998631
 30
0.0
 40
0.5
  1
,{BASE_PITCH_WIDTH=},{BASE_PITCH_WIDTH_APART=},{CATEGORY=},{CLEARANCE_VISIBILITY=},{COMPRESSOR_TYPE=},{CONDENSATE_DRAIN_CONNECTION_DIAMETER=},{CONDENSATE_DRAIN_CONNECTION_RADIUS=},{CONDENSATE_DRAIN_DEPTH_OFFSET=},{CONDENSATE_DRAIN_HORIZONTAL_OFFSET=
100
AcDbAttributeDefinition
  3

  2
PSOL_2
 70
     9
280
     0
  0
ATTDEF
  5
70
330
1F
100
AcDbEntity
  8
AM_6
100
AcDbText
 10
189.149999999992
 20
740.7999999998631
 30
0.0
 40
0.5
  1
T=},{DEFAULT_ELEVATION=},{DESCRIPTION=Multi Zone Heat Pump Outdoor Units},{ENCLOSURE_DEPTH=},{ENCLOSURE_HEIGHT_OFFSET=},{ENCLOSURE_WIDTH=},{FAN_TYPE=},{FREQUENCY=},{FRONT_GRILL_L_X_H=},{LOAD_SUB_CLASSIFICATION_MOTOR=},{MANUFACTURER=},{MASSUNIT=},{MA
100
AcDbAttributeDefinition
  3

  2
PSOL_3
 70
     9
280
     0
  0
ATTDEF
  5
71
330
1F
100
AcDbEntity
  8
AM_6
100
AcDbText
 10
189.149999999992
 20
740.2999999998631
 30
0.0
 40
0.5
  1
OVERCURRENT_PROTECTION=},{MINIMUM_CIRCUIT_AMPS=},{NOMINAL_COOLING_CAPACITY=},{NOMINAL_COOLING_CAPACITY__TONS_=},{NOMINAL_HEATING_CAPACITY=},{NUMBER_OF_POLES=},{OVERALL_DEPTH=12.6250},{OVERALL_HEIGHT=29.5000},{OVERALL_WIDTH=34.2500},{PARTTYPE=},{PHAS
100
AcDbAttributeDefinition
  3

  2
PSOL_4
 70
     9
280
     0
  0
ATTDEF
  5
72
330
1F
100
AcDbEntity
  8
AM_6
100
AcDbText
 10
189.149999999992
 20
739.7999999998631
 30
0.0
 40
0.5
  1
EFRIGERANT_CHARGE=},{REFRIGERANT_LIQUID_OFFSET=},{REFRIGERANT_SUCTION_GAS_CONNECTION_DEPTH_OFFSET_ROOM_A=},{REFRIGERANT_SUCTION_GAS_CONNECTION_DIAMETER_ROOM_A=},{REFRIGERANT_SUCTION_GAS_CONNECTION_DIAMETER_ROOM_B=},{REFRIGERANT_SUCTION_GAS_CONNECTIO
100
AcDbAttributeDefinition
  3

  2
PSOL_5
 70
     9
280
     0
  0
ATTDEF
  5
73
330
1F
100
AcDbEntity
  8
AM_6
100
AcDbText
 10
189.149999999992
 20
739.2999999998631
 30
0.0
 40
0.5
  1
US_ROOM_A=},{REFRIGERANT_SUCTION_GAS_CONNECTION_RADIUS_ROOM_B=},{REFRIGERANT_USED=},{SERIES=},{SPACE_OR_PERFOMANCE_FRONT=},{SPACE_OR_PERFOMANCE_REAR=},{SPACE_OR_PERFOMANCE_SIDE=},{SYSTEM_PERFORMANCE_COP=},{SYSTEM_PERFORMANCE_EER2=},{SYSTEM_PERFORMAN
100
AcDbAttributeDefinition
  3

  2
PSOL_6
 70
     9
280
     0
  0
ATTDEF
  5
74
330
1F
100
AcDbEntity
  8
AM_6
100
AcDbText
 10
189.149999999992
 20
738.7999999998631
 30
0.0
 40
0.5
  1
F2=},{SYSTEM_PERFORMANCE_SEER2=},{UNIT_WEIGHT=},{URL=https://daikincomfort.com/},{VERSION=},{VOLTAGE=},{VOLTAGE_COMMENTS=},{CLASSIFICATION_NUMBER=},{PRODUCT_PAGE_URL=},{REFRIGERANT_LIQUID_CONNECTION_ARRAY_VERTICAL_OFFSET=},{REFRIGERANT_LIQUID_CONNEC
100
AcDbAttributeDefinition
  3

  2
PSOL_7
 70
     9
280
     0
  0
ATTDEF
  5
75
330
1F
100
AcDbEntity
  8
AM_6
100
AcDbText
 10
189.149999999992
 20
738.2999999998631
 30
0.0
 40
0.5
  1
IAMETER=},{REFRIGERANT_LIQUID_CONNECTION_HORIZONTAL_OFFSET=},{REFRIGERANT_LIQUID_CONNECTION_RADIUS=},{REFRIGERANT_LIQUID_CONNECTION_VERTICAL_OFFSET=},{REFRIGERANT_SUCTION_GAS_CONNECTION_ARRAY_VERTICAL_OFFSET=},{REFRIGERANT_SUCTION_GAS_CONNECTION_DEP
100
AcDbAttributeDefinition
  3

  2
PSOL_8
 70
     9
280
     0
  0
ATTDEF
  5
76
330
1F
100
AcDbEntity
  8
AM_6
100
AcDbText
 10
189.149999999992
 20
737.7999999998631
 30
0.0
 40
0.5
  1
SET=},{REFRIGERANT_SUCTION_GAS_CONNECTION_DEPTH_OFFSET_ROOM_D=},{REFRIGERANT_SUCTION_GAS_CONNECTION_DEPTH_OFFSET_ROOM_E=},{REFRIGERANT_SUCTION_GAS_CONNECTION_DIAMETER_ROOM_C=},{REFRIGERANT_SUCTION_GAS_CONNECTION_DIAMETER_ROOM_D=},{REFRIGERANT_SUCTIO
100
AcDbAttributeDefinition
  3

  2
PSOL_9
 70
     9
280
     0
  0
ATTDEF
  5
77
330
1F
100
AcDbEntity
  8
AM_6
100
AcDbText
 10
189.149999999992
 20
737.2999999998631
 30
0.0
 40
0.5
  1
CONNECTION_DIAMETER_ROOM_E=},{REFRIGERANT_SUCTION_GAS_CONNECTION_HORIZONTAL_OFFSET=},{REFRIGERANT_SUCTION_GAS_CONNECTION_RADIUS_ROOM_C=},{REFRIGERANT_SUCTION_GAS_CONNECTION_RADIUS_ROOM_D=},{REFRIGERANT_SUCTION_GAS_CONNECTION_RADIUS_ROOM_E=},{REFRIGE
100
AcDbAttributeDefinition
  3

  2
PSOL_10
 70
     9
280
     0
  0
ATTDEF
  5
78
330
1F
100
AcDbEntity
  8
AM_6
100
AcDbText
 10
189.149999999992
 20
736.7999999998631
 30
0.0
 40
0.5
  1
UCTION_GAS_CONNECTION_VERTICAL_OFFSET=},{RFA_FAMILY=Download Revit Family (RFA)},{PARTNUMBERMAP09=3Ton_4MXM36AVJU9},{MODEL=},{OMNICLASS_NUMBER=},{OMNICLASS_TITLE=},{REFRIGERANT_LIQUID_CONNECTION_DEPTH_OFFSET=},{REFRIGERANT_LIQUID_CONNECTION_DIAMETER
100
AcDbAttributeDefinition
  3

  2
PSOL_11
 70
     9
280
     0
  0
ATTDEF
  5
79
330
1F
100
AcDbEntity
  8
AM_6
100
AcDbText
 10
189.149999999992
 20
736.2999999998631
 30
0.0
 40
0.5
  1
A=},{REFRIGERANT_LIQUID_CONNECTION_DIAMETER_ROOM_B=},{REFRIGERANT_LIQUID_CONNECTION_RADIUS_ROOM_A=},{REFRIGERANT_LIQUID_CONNECTION_RADIUS_ROOM_B=},{REFRIGERANT_LIQUID_CONNECTION_VERTICAL_OFFSET_ROOM_A=},{REFRIGERANT_LIQUID_CONNECTION_VERTICAL_OFFSET
100
AcDbAttributeDefinition
  3

  2
PSOL_12
 70
     9
280
     0
  0
ATTDEF
  5
7A
330
1F
100
AcDbEntity
  8
AM_6
100
AcDbText
 10
189.149999999992
 20
735.7999999998631
 30
0.0
 40
0.5
  1
B=},{REFRIGERANT_SUCTION_GAS_CONNECTION_DEPTH_OFFSET_ROOM_B=},{REFRIGERANT_SUCTION_GAS_CONNECTION_VERTICAL_OFFSET_ROOM_A=},{REFRIGERANT_SUCTION_GAS_CONNECTION_VERTICAL_OFFSET_ROOM_B=},{REFRIGERANT_SUCTION_GAS_OFFSET=},{STOP_VALVE_COVER_DEPTH=},{STOP
100
AcDbAttributeDefinition
  3

  2
PSOL_13
 70
     9
280
     0
  0
ATTDEF
  5
7B
330
1F
100
AcDbEntity
  8
AM_6
100
AcDbText
 10
189.149999999992
 20
735.2999999998631
 30
0.0
 40
0.5
  1
_COVER_HEIGHT=},{STOP_VALVE_COVER_VISIBILITY=},{STOP_VALVE_COVER_WIDTH=},{DEFAULTSORTATTR=},{RFA_FAMILY_=../../_pool_/25/33/heat_pump_unit-multi_zone-outdoor-daikin-4mxm.zip},{RFA_FAMILY_ENG=../../_pool_/25/33/heat_pump_unit-multi_zone-outdoor-daiki
100
AcDbAttributeDefinition
  3

  2
PSOL_14
 70
     9
280
     0
  0
ATTDEF
  5
7C
330
1F
100
AcDbEntity
  8
AM_6
100
AcDbText
 10
189.149999999992
 20
734.7999999998631
 30
0.0
 40
0.5
  1
.zip},{REVIT_FAMILY_DOWNLOAD=../../_pool_/25/33/heat_pump_unit-multi_zone-outdoor-daikin-4mxm.zip}
100
AcDbAttributeDefinition
  3

  2
PSOL_15
 70
     9
280
     0
  0
INSERT
  5
7E
330
1F
100
AcDbEntity
  8
0
100
AcDbBlockReference
  2
1_4MXM36AVJU9_PART13_0_in_4MXM36AVJU9_2
 10
0.0
 20
0.0
 30
0.0
  0
INSERT
  5
A6
330
1F
100
AcDbEntity
  8
0
100
AcDbBlockReference
  2
2_4MXM36AVJU9_PART12_0_in_4MXM36AVJU9_2
 10
0.0
 20
0.0
 30
0.0
  0
INSERT
  5
D1
330
1F
100
AcDbEntity
  8
0
100
AcDbBlockReference
  2
3_4MXM36AVJU9_PART11_0_in_4MXM36AVJU9_2
 10
0.0
 20
0.0
 30
0.0
  0
INSERT
  5
F5
330
1F
100
AcDbEntity
  8
0
100
AcDbBlockReference
  2
4_4MXM36AVJU9_PART10_0_in_4MXM36AVJU9_2
 10
0.0
 20
0.0
 30
0.0
  0
INSERT
  5
11D
330
1F
100
AcDbEntity
  8
0
100
AcDbBlockReference
  2
5_4MXM36AVJU9_PART9_0_in_4MXM36AVJU9_2
 10
0.0
 20
0.0
 30
0.0
  0
INSERT
  5
144
330
1F
100
AcDbEntity
  8
0
100
AcDbBlockReference
  2
6_4MXM36AVJU9_PART8_0_in_4MXM36AVJU9_2
 10
0.0
 20
0.0
 30
0.0
  0
INSERT
  5
16A
330
1F
100
AcDbEntity
  8
0
100
AcDbBlockReference
  2
7_4MXM36AVJU9_PART7_0_in_4MXM36AVJU9_2
 10
0.0
 20
0.0
 30
0.0
  0
INSERT
  5
190
330
1F
100
AcDbEntity
  8
0
100
AcDbBlockReference
  2
8_4MXM36AVJU9_PART6_0_in_4MXM36AVJU9_2
 10
0.0
 20
0.0
 30
0.0
  0
INSERT
  5
1B6
330
1F
100
AcDbEntity
  8
0
100
AcDbBlockReference
  2
9_4MXM36AVJU9_PART5_0_in_4MXM36AVJU9_2
 10
0.0
 20
0.0
 30
0.0
  0
INSERT
  5
1DB
330
1F
100
AcDbEntity
  8
0
100
AcDbBlockReference
  2
10_4MXM36AVJU9_PART4_0_in_4MXM36AVJU9_2
 10
0.0
 20
0.0
 30
0.0
  0
INSERT
  5
201
330
1F
100
AcDbEntity
  8
0
100
AcDbBlockReference
  2
11_4MXM36AVJU9_PART3_0_in_4MXM36AVJU9_2
 10
0.0
 20
0.0
 30
0.0
  0
INSERT
  5
227
330
1F
100
AcDbEntity
  8
0
100
AcDbBlockReference
  2
12_4MXM36AVJU9_PART2_0_in_4MXM36AVJU9_2
 10
0.0
 20
0.0
 30
0.0
  0
INSERT
  5
24D
330
1F
100
AcDbEntity
  8
0
100
AcDbBlockReference
  2
13_4MXM36AVJU9_PART1_0_in_4MXM36AVJU9_2
 10
0.0
 20
0.0
 30
0.0
  0
ENDSEC
  0
SECTION
  2
OBJECTS
  0
DICTIONARY
  5
C
330
0
100
AcDbDictionary
281
     1
  3
ACAD_DETAILVIEWSTYLE
350
279
  3
ACAD_GROUP
350
D
  3
ACAD_LAYOUT
350
1A
  3
ACAD_MATERIAL
350
43
  3
ACAD_MLEADERSTYLE
350
5B
  3
ACAD_MLINESTYLE
350
17
  3
ACAD_PLOTSETTINGS
350
19
  3
ACAD_PLOTSTYLENAME
350
E
  3
ACAD_SCALELIST
350
47
  3
ACAD_SECTIONVIEWSTYLE
350
27A
  3
ACAD_TABLESTYLE
350
59
  3
ACAD_VISUALSTYLE
350
2A
  3
ACDB_RECOMPOSE_DATA
350
276
  3
AcDbVariableDictionary
350
272
  0
SUN
  5
5D
330
29
100
AcDbSun
 90
        1
290
     0
 63
     7
421
 16777215
 40
1.0
291
     1
 91
  2455826
 92
 54000000
292
     0
 70
     2
 71
   256
280
     1
  0
DICTIONARY
  5
279
102
{ACAD_REACTORS
330
C
102
}
330
C
100
AcDbDictionary
281
     1
  0
DICTIONARY
  5
D
102
{ACAD_REACTORS
330
C
102
}
330
C
100
AcDbDictionary
281
     1
  0
DICTIONARY
  5
1A
102
{ACAD_REACTORS
330
C
102
}
330
C
100
AcDbDictionary
281
     1
  3
Layout1
350
1E
  3
Layout2
350
26
  3
Model
350
22
  0
DICTIONARY
  5
43
102
{ACAD_REACTORS
330
C
102
}
330
C
100
AcDbDictionary
281
     1
  3
ByBlock
350
45
  3
ByLayer
350
44
  3
Global
350
46
  0
DICTIONARY
  5
5B
102
{ACAD_REACTORS
330
C
102
}
330
C
100
AcDbDictionary
281
     1
  3
Standard
350
5C
  0
DICTIONARY
  5
17
102
{ACAD_REACTORS
330
C
102
}
330
C
100
AcDbDictionary
281
     1
  3
Standard
350
18
  0
DICTIONARY
  5
19
102
{ACAD_REACTORS
330
C
102
}
330
C
100
AcDbDictionary
281
     1
  0
ACDBDICTIONARYWDFLT
  5
E
102
{ACAD_REACTORS
330
C
102
}
330
C
100
AcDbDictionary
281
     1
  3
Normal
350
F
100
AcDbDictionaryWithDefault
340
F
  0
DICTIONARY
  5
47
102
{ACAD_REACTORS
330
C
102
}
330
C
100
AcDbDictionary
281
     1
  3
A0
350
48
  3
A1
350
49
  3
A2
350
4A
  3
A3
350
4B
  3
A4
350
4C
  3
A5
350
4D
  3
A6
350
4E
  3
A7
350
4F
  3
A8
350
50
  3
A9
350
51
  3
B0
350
52
  3
B1
350
53
  3
B2
350
54
  3
B3
350
55
  3
B4
350
56
  3
B5
350
57
  3
B6
350
58
  0
DICTIONARY
  5
27A
102
{ACAD_REACTORS
330
C
102
}
330
C
100
AcDbDictionary
281
     1
  0
DICTIONARY
  5
59
102
{ACAD_REACTORS
330
C
102
}
330
C
100
AcDbDictionary
281
     1
  3
Standard
350
5A
  0
DICTIONARY
  5
2A
102
{ACAD_REACTORS
330
C
102
}
330
C
100
AcDbDictionary
281
     1
  3
2dWireframe
350
2F
  3
Basic
350
32
  3
Brighten
350
36
  3
ColorChange
350
3A
  3
Conceptual
350
34
  3
Dim
350
35
  3
EdgeColorOff
350
3D
  3
Facepattern
350
39
  3
Flat
350
2B
  3
FlatWithEdges
350
2C
  3
Gouraud
350
2D
  3
GouraudWithEdges
350
2E
  3
Hidden
350
31
  3
JitterOff
350
3B
  3
Linepattern
350
38
  3
OverhangOff
350
3C
  3
Realistic
350
33
  3
Shaded
350
42
  3
Shaded with edges
350
41
  3
Shades of Gray
350
3E
  3
Sketchy
350
3F
  3
Thicken
350
37
  3
Wireframe
350
30
  3
X-Ray
350
40
  0
XRECORD
  5
276
102
{ACAD_REACTORS
330
C
102
}
330
C
100
AcDbXrecord
280
     1
 90
        1
330
5A
  0
DICTIONARY
  5
272
102
{ACAD_REACTORS
330
C
102
}
330
C
100
AcDbDictionary
281
     1
  3
CANNOSCALE
350
273
  3
CENTEREXE
350
27B
  3
CENTERLTYPEFILE
350
27C
  3
CMLEADERSTYLE
350
278
  3
CTABLESTYLE
350
277
  0
LAYOUT
  5
1E
102
{ACAD_REACTORS
330
1A
102
}
330
1A
100
AcDbPlotSettings
  1

  2
none_device
  4

  6

 40
0.0
 41
0.0
 42
0.0
 43
0.0
 44
0.0
 45
0.0
 46
0.0
 47
0.0
 48
0.0
 49
0.0
140
0.0
141
0.0
142
1.0
143
1.0
 70
   688
 72
     1
 73
     0
 74
     5
  7

 75
    16
 76
     0
 77
     2
 78
   300
147
1.0
148
0.0
149
0.0
100
AcDbLayout
  1
Layout1
 70
     1
 71
     1
 10
0.0
 20
0.0
 11
420.0
 21
297.0
 12
0.0
 22
0.0
 32
0.0
 14
1.000000000000000E+20
 24
1.000000000000000E+20
 34
1.000000000000000E+20
 15
-1.000000000000000E+20
 25
-1.000000000000000E+20
 35
-1.000000000000000E+20
146
0.0
 13
0.0
 23
0.0
 33
0.0
 16
1.0
 26
0.0
 36
0.0
 17
0.0
 27
1.0
 37
0.0
 76
     0
330
1B
  0
LAYOUT
  5
26
102
{ACAD_REACTORS
330
1A
102
}
330
1A
100
AcDbPlotSettings
  1

  2
none_device
  4

  6

 40
0.0
 41
0.0
 42
0.0
 43
0.0
 44
0.0
 45
0.0
 46
0.0
 47
0.0
 48
0.0
 49
0.0
140
0.0
141
0.0
142
1.0
143
1.0
 70
   688
 72
     1
 73
     0
 74
     5
  7

 75
    16
 76
     0
 77
     2
 78
   300
147
1.0
148
0.0
149
0.0
100
AcDbLayout
  1
Layout2
 70
     1
 71
     2
 10
0.0
 20
0.0
 11
0.0
 21
0.0
 12
0.0
 22
0.0
 32
0.0
 14
0.0
 24
0.0
 34
0.0
 15
0.0
 25
0.0
 35
0.0
146
0.0
 13
0.0
 23
0.0
 33
0.0
 16
1.0
 26
0.0
 36
0.0
 17
0.0
 27
1.0
 37
0.0
 76
     0
330
23
  0
LAYOUT
  5
22
102
{ACAD_REACTORS
330
1A
102
}
330
1A
100
AcDbPlotSettings
  1

  2
none_device
  4
Letter_(8.50_x_11.00_Inches)
  6

 40
6.35
 41
6.35
 42
6.35000508
 43
6.35000508
 44
215.9
 45
279.4
 46
0.0
 47
0.0
 48
0.0
 49
0.0
140
0.0
141
0.0
142
1.0
143
1.0
 70
  1712
 72
     1
 73
     0
 74
     0
  7

 75
     0
 76
     0
 77
     2
 78
   300
147
1.0
148
0.0
149
0.0
100
AcDbLayout
  1
Model
 70
     1
 71
     0
 10
0.0
 20
0.0
 11
420.0
 21
297.0
 12
0.0
 22
0.0
 32
0.0
 14
-184.1500000000091
 24
-0.0000000000638892
 34
0.0
 15
196.0669491525344
 25
749.8054237286766
 35
0.0
146
0.0
 13
0.0
 23
0.0
 33
0.0
 16
1.0
 26
0.0
 36
0.0
 17
0.0
 27
1.0
 37
0.0
 76
     0
330
1F
331
29
  0
MATERIAL
  5
45
102
{ACAD_REACTORS
330
43
102
}
330
43
100
AcDbMaterial
  1
ByBlock
 72
     1
 94
      127
  0
MATERIAL
  5
44
102
{ACAD_REACTORS
330
43
102
}
330
43
100
AcDbMaterial
  1
ByLayer
 72
     1
 94
      127
  0
MATERIAL
  5
46
102
{ACAD_REACTORS
330
43
102
}
330
43
100
AcDbMaterial
  1
Global
 72
     1
 94
      127
  0
MLEADERSTYLE
  5
5C
102
{ACAD_REACTORS
330
5B
102
}
330
5B
100
AcDbMLeaderStyle
179
     2
170
     2
171
     1
172
     0
 90
        2
 40
0.0
 41
0.0
173
     1
 91
-1056964608
340
14
 92
       -2
290
     1
 42
2.0
291
     1
 43
8.0
  3
Standard
341
0
 44
4.0
300

342
11
174
     1
178
     6
175
     1
176
     0
 93
-1056964608
 45
4.0
292
     0
297
     0
 46
4.0
343
0
 94
-1056964608
 47
1.0
 49
1.0
140
1.0
293
     1
141
0.0
294
     1
177
     0
142
1.0
295
     0
296
     0
143
3.75
271
     0
272
     9
273
     9
298
     0
  0
MLINESTYLE
  5
18
102
{ACAD_REACTORS
330
17
102
}
330
17
100
AcDbMlineStyle
  2
Standard
 70
     0
  3

 62
   256
 51
90.0
 52
90.0
 71
     2
 49
0.5
 62
   256
  6
BYLAYER
 49
-0.5
 62
   256
  6
BYLAYER
  0
ACDBPLACEHOLDER
  5
F
102
{ACAD_REACTORS
330
E
102
}
330
E
  0
SCALE
  5
48
102
{ACAD_REACTORS
330
47
102
}
330
47
100
AcDbScale
 70
     0
300
1:1
140
1.0
141
1.0
290
     1
  0
SCALE
  5
49
102
{ACAD_REACTORS
330
47
102
}
330
47
100
AcDbScale
 70
     0
300
1:2
140
1.0
141
2.0
290
     0
  0
SCALE
  5
4A
102
{ACAD_REACTORS
330
47
102
}
330
47
100
AcDbScale
 70
     0
300
1:4
140
1.0
141
4.0
290
     0
  0
SCALE
  5
4B
102
{ACAD_REACTORS
330
47
102
}
330
47
100
AcDbScale
 70
     0
300
1:5
140
1.0
141
5.0
290
     0
  0
SCALE
  5
4C
102
{ACAD_REACTORS
330
47
102
}
330
47
100
AcDbScale
 70
     0
300
1:8
140
1.0
141
8.0
290
     0
  0
SCALE
  5
4D
102
{ACAD_REACTORS
330
47
102
}
330
47
100
AcDbScale
 70
     0
300
1:10
140
1.0
141
10.0
290
     0
  0
SCALE
  5
4E
102
{ACAD_REACTORS
330
47
102
}
330
47
100
AcDbScale
 70
     0
300
1:16
140
1.0
141
16.0
290
     0
  0
SCALE
  5
4F
102
{ACAD_REACTORS
330
47
102
}
330
47
100
AcDbScale
 70
     0
300
1:20
140
1.0
141
20.0
290
     0
  0
SCALE
  5
50
102
{ACAD_REACTORS
330
47
102
}
330
47
100
AcDbScale
 70
     0
300
1:30
140
1.0
141
30.0
290
     0
  0
SCALE
  5
51
102
{ACAD_REACTORS
330
47
102
}
330
47
100
AcDbScale
 70
     0
300
1:40
140
1.0
141
40.0
290
     0
  0
SCALE
  5
52
102
{ACAD_REACTORS
330
47
102
}
330
47
100
AcDbScale
 70
     0
300
1:50
140
1.0
141
50.0
290
     0
  0
SCALE
  5
53
102
{ACAD_REACTORS
330
47
102
}
330
47
100
AcDbScale
 70
     0
300
1:100
140
1.0
141
100.0
290
     0
  0
SCALE
  5
54
102
{ACAD_REACTORS
330
47
102
}
330
47
100
AcDbScale
 70
     0
300
2:1
140
2.0
141
1.0
290
     0
  0
SCALE
  5
55
102
{ACAD_REACTORS
330
47
102
}
330
47
100
AcDbScale
 70
     0
300
4:1
140
4.0
141
1.0
290
     0
  0
SCALE
  5
56
102
{ACAD_REACTORS
330
47
102
}
330
47
100
AcDbScale
 70
     0
300
8:1
140
8.0
141
1.0
290
     0
  0
SCALE
  5
57
102
{ACAD_REACTORS
330
47
102
}
330
47
100
AcDbScale
 70
     0
300
10:1
140
10.0
141
1.0
290
     0
  0
SCALE
  5
58
102
{ACAD_REACTORS
330
47
102
}
330
47
100
AcDbScale
 70
     0
300
100:1
140
100.0
141
1.0
290
     0
  0
TABLESTYLE
  5
5A
102
{ACAD_REACTORS
330
59
102
}
102
{ACAD_XDICTIONARY
360
274
102
}
330
59
100
AcDbTableStyle
  3
Standard
 70
     0
 71
     0
 40
0.06
 41
0.06
280
     0
281
     0
  7
Standard
140
4.5
170
     2
 62
     0
 63
   257
283
     0
 90
        4
 91
        0
  1

274
    -2
284
     1
 64
     0
275
    -2
285
     1
 65
     0
276
    -2
286
     1
 66
     0
277
    -2
287
     1
 67
     0
278
    -2
288
     1
 68
     0
279
    -2
289
     1
 69
     0
  7
Standard
140
6.0
170
     5
 62
     0
 63
   257
283
     0
 90
        4
 91
        0
  1

274
    -2
284
     1
 64
     0
275
    -2
285
     1
 65
     0
276
    -2
286
     1
 66
     0
277
    -2
287
     1
 67
     0
278
    -2
288
     1
 68
     0
279
    -2
289
     1
 69
     0
  7
Standard
140
4.5
170
     5
 62
     0
 63
   257
283
     0
 90
        4
 91
        0
  1

274
    -2
284
     1
 64
     0
275
    -2
285
     1
 65
     0
276
    -2
286
     1
 66
     0
277
    -2
287
     1
 67
     0
278
    -2
288
     1
 68
     0
279
    -2
289
     1
 69
     0
  0
VISUALSTYLE
  5
2F
102
{ACAD_REACTORS
330
2A
102
}
330
2A
100
AcDbVisualStyle
  2
2dWireframe
 70
     4
177
     3
291
     0
 70
    58
 90
        0
176
     1
 90
        2
176
     1
 90
        0
176
     1
 90
        0
176
     1
 40
0.6
176
     1
 40
30.0
176
     1
 62
     7
420
 16777215
176
     1
 90
        1
176
     1
 90
        4
176
     1
 62
     7
176
     1
 62
   257
176
     1
 90
        1
176
     1
 90
        1
176
     1
 40
1.0
176
     1
 90
        0
176
     1
 62
   257
176
     1
 40
1.0
176
     1
 90
        1
176
     1
 90
        6
176
     1
 90
        2
176
     1
 62
     7
176
     1
 90
        5
176
     1
 90
        0
176
     1
 90
        0
176
     1
290
     0
176
     1
 90
        1
176
     1
 40
0.0
176
     1
 90
        0
176
     1
290
     1
176
     1
290
     1
176
     1
290
     0
176
     1
290
     0
176
     1
290
     0
176
     1
290
     0
176
     1
290
     0
176
     1
290
     0
176
     1
290
     0
176
     1
 90
       50
176
     1
 40
0.0
176
     1
 40
1.0
176
     1
 90
        0
176
     1
 62
    18
420
        0
176
     1
 90
       50
176
     1
 90
        3
176
     1
 62
     5
420
      255
176
     1
290
     0
176
     1
 90
       50
176
     1
 90
       50
176
     1
 90
       50
176
     1
290
     0
176
     1
 90
       50
176
     1
 62
   256
176
     0
 40
1.0
176
     0
 90
        2
176
     1
  1
strokes_ogs.tif
176
     1
290
     0
176
     1
 40
1.0
176
     1
 40
1.0
176
     1
  0
VISUALSTYLE
  5
32
102
{ACAD_REACTORS
330
2A
102
}
330
2A
100
AcDbVisualStyle
  2
Basic
 70
     7
177
     3
291
     1
 70
    58
 90
        1
176
     1
 90
        0
176
     1
 90
        1
176
     1
 90
        0
176
     1
 40
0.6
176
     1
 40
30.0
176
     1
 62
     7
420
 16777215
176
     1
 90
        0
176
     1
 90
        4
176
     1
 62
     7
176
     1
 62
   257
176
     1
 90
        1
176
     1
 90
        1
176
     1
 40
1.0
176
     1
 90
        8
176
     1
 62
     7
176
     1
 40
1.0
176
     1
 90
        1
176
     1
 90
        6
176
     1
 90
        2
176
     1
 62
     7
176
     1
 90
        5
176
     1
 90
        0
176
     1
 90
        0
176
     1
290
     0
176
     1
 90
        1
176
     1
 40
0.0
176
     1
 90
        0
176
     1
290
     0
176
     1
290
     1
176
     1
290
     1
176
     1
290
     0
176
     1
290
     0
176
     1
290
     0
176
     1
290
     0
176
     1
290
     0
176
     1
290
     0
176
     1
 90
       50
176
     1
 40
0.0
176
     1
 40
1.0
176
     1
 90
        0
176
     1
 62
    18
420
        0
176
     1
 90
       50
176
     1
 90
        3
176
     1
 62
     5
420
      255
176
     1
290
     0
176
     1
 90
       50
176
     1
 90
       50
176
     1
 90
       50
176
     1
290
     0
176
     1
 90
       50
176
     1
 62
   256
176
     0
 40
1.0
176
     0
 90
        2
176
     1
  1
strokes_ogs.tif
176
     1
290
     0
176
     1
 40
1.0
176
     1
 40
1.0
176
     1
  0
VISUALSTYLE
  5
36
102
{ACAD_REACTORS
330
2A
102
}
330
2A
100
AcDbVisualStyle
  2
Brighten
 70
    12
177
     3
291
     1
 70
    58
 90
        2
176
     1
 90
        2
176
     1
 90
        0
176
     1
 90
        0
176
     1
 40
0.6
176
     1
 40
30.0
176
     1
 62
     7
420
 16777215
176
     1
 90
        1
176
     1
 90
        4
176
     1
 62
     7
176
     1
 62
   257
176
     1
 90
        1
176
     1
 90
        1
176
     1
 40
1.0
176
     1
 90
        8
176
     1
 62
     7
176
     1
 40
1.0
176
     1
 90
        1
176
     1
 90
        6
176
     1
 90
        2
176
     1
 62
     7
176
     1
 90
        5
176
     1
 90
        0
176
     1
 90
        0
176
     1
290
     0
176
     1
 90
        1
176
     1
 40
50.0
176
     1
 90
        0
176
     1
290
     0
176
     1
290
     1
176
     1
290
     1
176
     1
290
     0
176
     1
290
     0
176
     1
290
     0
176
     1
290
     0
176
     1
290
     0
176
     1
290
     0
176
     1
 90
       50
176
     1
 40
0.0
176
     1
 40
1.0
176
     1
 90
        0
176
     1
 62
    18
420
        0
176
     1
 90
       50
176
     1
 90
        3
176
     1
 62
     5
420
      255
176
     1
290
     0
176
     1
 90
       50
176
     1
 90
       50
176
     1
 90
       50
176
     1
290
     0
176
     1
 90
       50
176
     1
 62
   256
176
     0
 40
1.0
176
     0
 90
        2
176
     1
  1
strokes_ogs.tif
176
     1
290
     0
176
     1
 40
1.0
176
     1
 40
1.0
176
     1
  0
VISUALSTYLE
  5
3A
102
{ACAD_REACTORS
330
2A
102
}
330
2A
100
AcDbVisualStyle
  2
ColorChange
 70
    16
177
     3
291
     1
 70
    58
 90
        2
176
     1
 90
        2
176
     1
 90
        3
176
     1
 90
        0
176
     1
 40
0.6
176
     1
 40
30.0
176
     1
 62
     8
420
  8421504
176
     1
 90
        1
176
     1
 90
        4
176
     1
 62
     7
176
     1
 62
   257
176
     1
 90
        1
176
     1
 90
        1
176
     1
 40
1.0
176
     1
 90
        8
176
     1
 62
     8
420
  8421504
176
     1
 40
1.0
176
     1
 90
        1
176
     1
 90
        6
176
     1
 90
        2
176
     1
 62
     7
176
     1
 90
        5
176
     1
 90
        0
176
     1
 90
        0
176
     1
290
     0
176
     1
 90
        1
176
     1
 40
0.0
176
     1
 90
        0
176
     1
290
     0
176
     1
290
     1
176
     1
290
     1
176
     1
290
     0
176
     1
290
     0
176
     1
290
     0
176
     1
290
     0
176
     1
290
     0
176
     1
290
     0
176
     1
 90
       50
176
     1
 40
0.0
176
     1
 40
1.0
176
     1
 90
        0
176
     1
 62
    18
420
        0
176
     1
 90
       50
176
     1
 90
        3
176
     1
 62
     5
420
      255
176
     1
290
     0
176
     1
 90
       50
176
     1
 90
       50
176
     1
 90
       50
176
     1
290
     0
176
     1
 90
       50
176
     1
 62
   256
176
     0
 40
1.0
176
     0
 90
        2
176
     1
  1
strokes_ogs.tif
176
     1
290
     0
176
     1
 40
1.0
176
     1
 40
1.0
176
     1
  0
VISUALSTYLE
  5
34
102
{ACAD_REACTORS
330
2A
102
}
330
2A
100
AcDbVisualStyle
  2
Conceptual
 70
     9
177
     3
291
     0
 70
    58
 90
        3
176
     1
 90
        2
176
     1
 90
        0
176
     1
 90
        0
176
     1
 40
0.6
176
     1
 40
30.0
176
     1
 62
     7
420
 16777215
176
     1
 90
        2
176
     1
 90
        2
176
     1
 62
     7
176
     1
 62
   257
176
     1
 90
        1
176
     1
 90
        1
176
     1
 40
179.0
176
     1
 90
        8
176
     1
 62
     7
176
     1
 40
1.0
176
     1
 90
        1
176
     1
 90
        6
176
     1
 90
        2
176
     1
 62
     7
176
     1
 90
        3
176
     1
 90
        0
176
     1
 90
        0
176
     1
290
     0
176
     1
 90
        1
176
     1
 40
0.0
176
     1
 90
        0
176
     1
290
     0
176
     1
290
     1
176
     1
290
     1
176
     1
290
     0
176
     1
290
     0
176
     1
290
     0
176
     1
290
     0
176
     1
290
     0
176
     1
290
     0
176
     1
 90
       50
176
     1
 40
0.0
176
     1
 40
1.0
176
     1
 90
        0
176
     1
 62
    18
420
        0
176
     1
 90
       50
176
     1
 90
        3
176
     1
 62
     5
420
      255
176
     1
290
     0
176
     1
 90
       50
176
     1
 90
       50
176
     1
 90
       50
176
     1
290
     0
176
     1
 90
       50
176
     1
 62
   256
176
     0
 40
1.0
176
     0
 90
        2
176
     1
  1
strokes_ogs.tif
176
     1
290
     0
176
     1
 40
1.0
176
     1
 40
1.0
176
     1
  0
VISUALSTYLE
  5
35
102
{ACAD_REACTORS
330
2A
102
}
330
2A
100
AcDbVisualStyle
  2
Dim
 70
    11
177
     3
291
     1
 70
    58
 90
        2
176
     1
 90
        2
176
     1
 90
        0
176
     1
 90
        0
176
     1
 40
0.6
176
     1
 40
30.0
176
     1
 62
     7
420
 16777215
176
     1
 90
        1
176
     1
 90
        4
176
     1
 62
     7
176
     1
 62
   257
176
     1
 90
        1
176
     1
 90
        1
176
     1
 40
1.0
176
     1
 90
        8
176
     1
 62
     7
176
     1
 40
1.0
176
     1
 90
        1
176
     1
 90
        6
176
     1
 90
        2
176
     1
 62
     7
176
     1
 90
        5
176
     1
 90
        0
176
     1
 90
        0
176
     1
290
     0
176
     1
 90
        1
176
     1
 40
-50.0
176
     1
 90
        0
176
     1
290
     0
176
     1
290
     1
176
     1
290
     1
176
     1
290
     0
176
     1
290
     0
176
     1
290
     0
176
     1
290
     0
176
     1
290
     0
176
     1
290
     0
176
     1
 90
       50
176
     1
 40
0.0
176
     1
 40
1.0
176
     1
 90
        0
176
     1
 62
    18
420
        0
176
     1
 90
       50
176
     1
 90
        3
176
     1
 62
     5
420
      255
176
     1
290
     0
176
     1
 90
       50
176
     1
 90
       50
176
     1
 90
       50
176
     1
290
     0
176
     1
 90
       50
176
     1
 62
   256
176
     0
 40
1.0
176
     0
 90
        2
176
     1
  1
strokes_ogs.tif
176
     1
290
     0
176
     1
 40
1.0
176
     1
 40
1.0
176
     1
  0
VISUALSTYLE
  5
3D
102
{ACAD_REACTORS
330
2A
102
}
330
2A
100
AcDbVisualStyle
  2
EdgeColorOff
 70
    22
177
     3
291
     1
 70
    58
 90
        2
176
     0
 90
        2
176
     0
 90
        0
176
     0
 90
        0
176
     0
 40
0.6
176
     0
 40
30.0
176
     0
 62
     7
420
 16777215
176
     0
 90
        1
176
     0
 90
        4
176
     0
 62
     7
176
     0
 62
   257
176
     0
 90
        1
176
     0
 90
        1
176
     0
 40
1.0
176
     0
 90
        8
176
     2
 62
     7
176
     0
 40
1.0
176
     0
 90
        1
176
     0
 90
        6
176
     0
 90
        2
176
     0
 62
     7
176
     0
 90
        5
176
     0
 90
        0
176
     0
 90
        0
176
     0
290
     0
176
     0
 90
        1
176
     0
 40
0.0
176
     0
 90
        0
176
     0
290
     0
176
     0
290
     1
176
     0
290
     1
176
     0
290
     0
176
     0
290
     0
176
     0
290
     0
176
     0
290
     0
176
     0
290
     0
176
     0
290
     0
176
     0
 90
       50
176
     0
 40
0.0
176
     0
 40
1.0
176
     0
 90
        0
176
     0
 62
    18
420
        0
176
     0
 90
       50
176
     0
 90
        3
176
     0
 62
     5
420
      255
176
     0
290
     0
176
     0
 90
       50
176
     0
 90
       50
176
     0
 90
       50
176
     0
290
     0
176
     0
 90
       50
176
     0
 62
   256
176
     0
 40
1.0
176
     0
 90
        2
176
     0
  1
strokes_ogs.tif
176
     0
290
     0
176
     0
 40
1.0
176
     0
 40
1.0
176
     0
  0
VISUALSTYLE
  5
39
102
{ACAD_REACTORS
330
2A
102
}
330
2A
100
AcDbVisualStyle
  2
Facepattern
 70
    15
177
     3
291
     1
 70
    58
 90
        2
176
     1
 90
        2
176
     1
 90
        0
176
     1
 90
        0
176
     1
 40
0.6
176
     1
 40
30.0
176
     1
 62
     7
420
 16777215
176
     1
 90
        1
176
     1
 90
        4
176
     1
 62
     7
176
     1
 62
   257
176
     1
 90
        1
176
     1
 90
        1
176
     1
 40
1.0
176
     1
 90
        8
176
     1
 62
     7
176
     1
 40
1.0
176
     1
 90
        1
176
     1
 90
        6
176
     1
 90
        2
176
     1
 62
     7
176
     1
 90
        5
176
     1
 90
        0
176
     1
 90
        0
176
     1
290
     0
176
     1
 90
        1
176
     1
 40
0.0
176
     1
 90
        0
176
     1
290
     0
176
     1
290
     1
176
     1
290
     1
176
     1
290
     0
176
     1
290
     0
176
     1
290
     0
176
     1
290
     0
176
     1
290
     0
176
     1
290
     0
176
     1
 90
       50
176
     1
 40
0.0
176
     1
 40
1.0
176
     1
 90
        0
176
     1
 62
    18
420
        0
176
     1
 90
       50
176
     1
 90
        3
176
     1
 62
     5
420
      255
176
     1
290
     0
176
     1
 90
       50
176
     1
 90
       50
176
     1
 90
       50
176
     1
290
     0
176
     1
 90
       50
176
     1
 62
   256
176
     0
 40
1.0
176
     0
 90
        2
176
     1
  1
strokes_ogs.tif
176
     1
290
     0
176
     1
 40
1.0
176
     1
 40
1.0
176
     1
  0
VISUALSTYLE
  5
2B
102
{ACAD_REACTORS
330
2A
102
}
330
2A
100
AcDbVisualStyle
  2
Flat
 70
     0
177
     3
291
     1
 70
    58
 90
        2
176
     1
 90
        1
176
     1
 90
        1
176
     1
 90
        2
176
     1
 40
0.6
176
     1
 40
30.0
176
     1
 62
     7
420
 16777215
176
     1
 90
        0
176
     1
 90
        0
176
     1
 62
     7
176
     1
 62
   257
176
     1
 90
        1
176
     1
 90
        1
176
     1
 40
1.0
176
     1
 90
        8
176
     1
 62
     7
176
     1
 40
1.0
176
     1
 90
        1
176
     1
 90
        6
176
     1
 90
        2
176
     1
 62
     7
176
     1
 90
        5
176
     1
 90
        0
176
     1
 90
        0
176
     1
290
     0
176
     1
 90
       13
176
     1
 40
0.0
176
     1
 90
        0
176
     1
290
     0
176
     1
290
     1
176
     1
290
     1
176
     1
290
     0
176
     1
290
     0
176
     1
290
     0
176
     1
290
     0
176
     1
290
     0
176
     1
290
     0
176
     1
 90
       50
176
     1
 40
0.0
176
     1
 40
1.0
176
     1
 90
        0
176
     1
 62
    18
420
        0
176
     1
 90
       50
176
     1
 90
        3
176
     1
 62
     5
420
      255
176
     1
290
     0
176
     1
 90
       50
176
     1
 90
       50
176
     1
 90
       50
176
     1
290
     0
176
     1
 90
       50
176
     1
 62
   256
176
     0
 40
1.0
176
     0
 90
        2
176
     1
  1
strokes_ogs.tif
176
     1
290
     0
176
     1
 40
1.0
176
     1
 40
1.0
176
     1
  0
VISUALSTYLE
  5
2C
102
{ACAD_REACTORS
330
2A
102
}
330
2A
100
AcDbVisualStyle
  2
FlatWithEdges
 70
     1
177
     3
291
     1
 70
    58
 90
        2
176
     1
 90
        1
176
     1
 90
        1
176
     1
 90
        2
176
     1
 40
0.6
176
     1
 40
30.0
176
     1
 62
     7
420
 16777215
176
     1
 90
        1
176
     1
 90
        0
176
     1
 62
     7
176
     1
 62
   257
176
     1
 90
        1
176
     1
 90
        1
176
     1
 40
1.0
176
     1
 90
        0
176
     1
 62
   257
176
     1
 40
1.0
176
     1
 90
        1
176
     1
 90
        6
176
     1
 90
        2
176
     1
 62
     7
176
     1
 90
        5
176
     1
 90
        0
176
     1
 90
        0
176
     1
290
     0
176
     1
 90
       13
176
     1
 40
0.0
176
     1
 90
        0
176
     1
290
     0
176
     1
290
     1
176
     1
290
     1
176
     1
290
     0
176
     1
290
     0
176
     1
290
     0
176
     1
290
     0
176
     1
290
     0
176
     1
290
     0
176
     1
 90
       50
176
     1
 40
0.0
176
     1
 40
1.0
176
     1
 90
        0
176
     1
 62
    18
420
        0
176
     1
 90
       50
176
     1
 90
        3
176
     1
 62
     5
420
      255
176
     1
290
     0
176
     1
 90
       50
176
     1
 90
       50
176
     1
 90
       50
176
     1
290
     0
176
     1
 90
       50
176
     1
 62
   256
176
     0
 40
1.0
176
     0
 90
        2
176
     1
  1
strokes_ogs.tif
176
     1
290
     0
176
     1
 40
1.0
176
     1
 40
1.0
176
     1
  0
VISUALSTYLE
  5
2D
102
{ACAD_REACTORS
330
2A
102
}
330
2A
100
AcDbVisualStyle
  2
Gouraud
 70
     2
177
     3
291
     1
 70
    58
 90
        2
176
     1
 90
        2
176
     1
 90
        1
176
     1
 90
        2
176
     1
 40
0.6
176
     1
 40
30.0
176
     1
 62
     7
420
 16777215
176
     1
 90
        0
176
     1
 90
        0
176
     1
 62
     7
176
     1
 62
   257
176
     1
 90
        1
176
     1
 90
        1
176
     1
 40
1.0
176
     1
 90
        0
176
     1
 62
     7
176
     1
 40
1.0
176
     1
 90
        1
176
     1
 90
        6
176
     1
 90
        2
176
     1
 62
     7
176
     1
 90
        5
176
     1
 90
        0
176
     1
 90
        0
176
     1
290
     0
176
     1
 90
       13
176
     1
 40
0.0
176
     1
 90
        0
176
     1
290
     0
176
     1
290
     1
176
     1
290
     1
176
     1
290
     0
176
     1
290
     0
176
     1
290
     0
176
     1
290
     0
176
     1
290
     0
176
     1
290
     0
176
     1
 90
       50
176
     1
 40
0.0
176
     1
 40
1.0
176
     1
 90
        0
176
     1
 62
    18
420
        0
176
     1
 90
       50
176
     1
 90
        3
176
     1
 62
     5
420
      255
176
     1
290
     0
176
     1
 90
       50
176
     1
 90
       50
176
     1
 90
       50
176
     1
290
     0
176
     1
 90
       50
176
     1
 62
   256
176
     0
 40
1.0
176
     0
 90
        2
176
     1
  1
strokes_ogs.tif
176
     1
290
     0
176
     1
 40
1.0
176
     1
 40
1.0
176
     1
  0
VISUALSTYLE
  5
2E
102
{ACAD_REACTORS
330
2A
102
}
330
2A
100
AcDbVisualStyle
  2
GouraudWithEdges
 70
     3
177
     3
291
     1
 70
    58
 90
        2
176
     1
 90
        2
176
     1
 90
        1
176
     1
 90
        2
176
     1
 40
0.6
176
     1
 40
30.0
176
     1
 62
     7
420
 16777215
176
     1
 90
        1
176
     1
 90
        0
176
     1
 62
     7
176
     1
 62
   257
176
     1
 90
        1
176
     1
 90
        1
176
     1
 40
1.0
176
     1
 90
        0
176
     1
 62
   257
176
     1
 40
1.0
176
     1
 90
        1
176
     1
 90
        6
176
     1
 90
        2
176
     1
 62
     7
176
     1
 90
        5
176
     1
 90
        0
176
     1
 90
        0
176
     1
290
     0
176
     1
 90
       13
176
     1
 40
0.0
176
     1
 90
        0
176
     1
290
     0
176
     1
290
     1
176
     1
290
     1
176
     1
290
     0
176
     1
290
     0
176
     1
290
     0
176
     1
290
     0
176
     1
290
     0
176
     1
290
     0
176
     1
 90
       50
176
     1
 40
0.0
176
     1
 40
1.0
176
     1
 90
        0
176
     1
 62
    18
420
        0
176
     1
 90
       50
176
     1
 90
        3
176
     1
 62
     5
420
      255
176
     1
290
     0
176
     1
 90
       50
176
     1
 90
       50
176
     1
 90
       50
176
     1
290
     0
176
     1
 90
       50
176
     1
 62
   256
176
     0
 40
1.0
176
     0
 90
        2
176
     1
  1
strokes_ogs.tif
176
     1
290
     0
176
     1
 40
1.0
176
     1
 40
1.0
176
     1
  0
VISUALSTYLE
  5
31
102
{ACAD_REACTORS
330
2A
102
}
330
2A
100
AcDbVisualStyle
  2
Hidden
 70
     6
177
     3
291
     0
 70
    58
 90
        1
176
     1
 90
        2
176
     1
 90
        2
176
     1
 90
        0
176
     1
 40
0.6
176
     1
 40
30.0
176
     1
 62
     7
420
 16777215
176
     1
 90
        2
176
     1
 90
        2
176
     1
 62
     7
176
     1
 62
   257
176
     1
 90
        2
176
     1
 90
        1
176
     1
 40
40.0
176
     1
 90
        0
176
     1
 62
   257
176
     1
 40
1.0
176
     1
 90
        1
176
     1
 90
        6
176
     1
 90
        2
176
     1
 62
     7
176
     1
 90
        3
176
     1
 90
        0
176
     1
 90
        0
176
     1
290
     0
176
     1
 90
        1
176
     1
 40
0.0
176
     1
 90
        0
176
     1
290
     0
176
     1
290
     1
176
     1
290
     1
176
     1
290
     0
176
     1
290
     0
176
     1
290
     0
176
     1
290
     0
176
     1
290
     0
176
     1
290
     0
176
     1
 90
       50
176
     1
 40
0.0
176
     1
 40
1.0
176
     1
 90
        0
176
     1
 62
    18
420
        0
176
     1
 90
       50
176
     1
 90
        3
176
     1
 62
     5
420
      255
176
     1
290
     0
176
     1
 90
       50
176
     1
 90
       50
176
     1
 90
       50
176
     1
290
     0
176
     1
 90
       50
176
     1
 62
   256
176
     0
 40
1.0
176
     0
 90
        2
176
     1
  1
strokes_ogs.tif
176
     1
290
     0
176
     1
 40
1.0
176
     1
 40
1.0
176
     1
  0
VISUALSTYLE
  5
3B
102
{ACAD_REACTORS
330
2A
102
}
330
2A
100
AcDbVisualStyle
  2
JitterOff
 70
    20
177
     3
291
     1
 70
    58
 90
        2
176
     0
 90
        2
176
     0
 90
        0
176
     0
 90
        0
176
     0
 40
0.6
176
     0
 40
30.0
176
     0
 62
     7
420
 16777215
176
     0
 90
        1
176
     0
 90
        4
176
     0
 62
     7
176
     0
 62
   257
176
     0
 90
        1
176
     0
 90
        1
176
     0
 40
1.0
176
     0
 90
       10
176
     2
 62
     7
176
     0
 40
1.0
176
     0
 90
        1
176
     0
 90
        6
176
     0
 90
        2
176
     0
 62
     7
176
     0
 90
        5
176
     0
 90
        0
176
     0
 90
        0
176
     0
290
     0
176
     0
 90
        1
176
     0
 40
0.0
176
     0
 90
        0
176
     0
290
     0
176
     0
290
     1
176
     0
290
     1
176
     0
290
     0
176
     0
290
     0
176
     0
290
     0
176
     0
290
     0
176
     0
290
     0
176
     0
290
     0
176
     0
 90
       50
176
     0
 40
0.0
176
     0
 40
1.0
176
     0
 90
        0
176
     0
 62
    18
420
        0
176
     0
 90
       50
176
     0
 90
        3
176
     0
 62
     5
420
      255
176
     0
290
     0
176
     0
 90
       50
176
     0
 90
       50
176
     0
 90
       50
176
     0
290
     0
176
     0
 90
       50
176
     0
 62
   256
176
     0
 40
1.0
176
     0
 90
        2
176
     0
  1
strokes_ogs.tif
176
     0
290
     0
176
     0
 40
1.0
176
     0
 40
1.0
176
     0
  0
VISUALSTYLE
  5
38
102
{ACAD_REACTORS
330
2A
102
}
330
2A
100
AcDbVisualStyle
  2
Linepattern
 70
    14
177
     3
291
     1
 70
    58
 90
        2
176
     1
 90
        2
176
     1
 90
        0
176
     1
 90
        0
176
     1
 40
0.6
176
     1
 40
30.0
176
     1
 62
     7
420
 16777215
176
     1
 90
        1
176
     1
 90
        4
176
     1
 62
     7
176
     1
 62
   257
176
     1
 90
        7
176
     1
 90
        7
176
     1
 40
1.0
176
     1
 90
        8
176
     1
 62
     7
176
     1
 40
1.0
176
     1
 90
        1
176
     1
 90
        6
176
     1
 90
        2
176
     1
 62
     7
176
     1
 90
        5
176
     1
 90
        0
176
     1
 90
        0
176
     1
290
     0
176
     1
 90
        1
176
     1
 40
0.0
176
     1
 90
        0
176
     1
290
     0
176
     1
290
     1
176
     1
290
     1
176
     1
290
     0
176
     1
290
     0
176
     1
290
     0
176
     1
290
     0
176
     1
290
     0
176
     1
290
     0
176
     1
 90
       50
176
     1
 40
0.0
176
     1
 40
1.0
176
     1
 90
        0
176
     1
 62
    18
420
        0
176
     1
 90
       50
176
     1
 90
        3
176
     1
 62
     5
420
      255
176
     1
290
     0
176
     1
 90
       50
176
     1
 90
       50
176
     1
 90
       50
176
     1
290
     0
176
     1
 90
       50
176
     1
 62
   256
176
     0
 40
1.0
176
     0
 90
        2
176
     1
  1
strokes_ogs.tif
176
     1
290
     0
176
     1
 40
1.0
176
     1
 40
1.0
176
     1
  0
VISUALSTYLE
  5
3C
102
{ACAD_REACTORS
330
2A
102
}
330
2A
100
AcDbVisualStyle
  2
OverhangOff
 70
    21
177
     3
291
     1
 70
    58
 90
        2
176
     0
 90
        2
176
     0
 90
        0
176
     0
 90
        0
176
     0
 40
0.6
176
     0
 40
30.0
176
     0
 62
     7
420
 16777215
176
     0
 90
        1
176
     0
 90
        4
176
     0
 62
     7
176
     0
 62
   257
176
     0
 90
        1
176
     0
 90
        1
176
     0
 40
1.0
176
     0
 90
        9
176
     2
 62
     7
176
     0
 40
1.0
176
     0
 90
        1
176
     0
 90
        6
176
     0
 90
        2
176
     0
 62
     7
176
     0
 90
        5
176
     0
 90
        0
176
     0
 90
        0
176
     0
290
     0
176
     0
 90
        1
176
     0
 40
0.0
176
     0
 90
        0
176
     0
290
     0
176
     0
290
     1
176
     0
290
     1
176
     0
290
     0
176
     0
290
     0
176
     0
290
     0
176
     0
290
     0
176
     0
290
     0
176
     0
290
     0
176
     0
 90
       50
176
     0
 40
0.0
176
     0
 40
1.0
176
     0
 90
        0
176
     0
 62
    18
420
        0
176
     0
 90
       50
176
     0
 90
        3
176
     0
 62
     5
420
      255
176
     0
290
     0
176
     0
 90
       50
176
     0
 90
       50
176
     0
 90
       50
176
     0
290
     0
176
     0
 90
       50
176
     0
 62
   256
176
     0
 40
1.0
176
     0
 90
        2
176
     0
  1
strokes_ogs.tif
176
     0
290
     0
176
     0
 40
1.0
176
     0
 40
1.0
176
     0
  0
VISUALSTYLE
  5
33
102
{ACAD_REACTORS
330
2A
102
}
330
2A
100
AcDbVisualStyle
  2
Realistic
 70
     8
177
     3
291
     0
 70
    58
 90
        2
176
     1
 90
        3
176
     1
 90
        0
176
     1
 90
        2
176
     1
 40
0.6
176
     1
 40
30.0
176
     1
 62
     7
420
 16777215
176
     1
 90
        0
176
     1
 90
        0
176
     1
 62
     7
176
     1
 62
   257
176
     1
 90
        1
176
     1
 90
        1
176
     1
 40
1.0
176
     1
 90
        8
176
     1
 62
   257
176
     1
 40
1.0
176
     1
 90
        1
176
     1
 90
        6
176
     1
 90
        2
176
     1
 62
     7
176
     1
 90
        3
176
     1
 90
        0
176
     1
 90
        0
176
     1
290
     0
176
     1
 90
       13
176
     1
 40
0.0
176
     1
 90
        0
176
     1
290
     0
176
     1
290
     1
176
     1
290
     1
176
     1
290
     0
176
     1
290
     0
176
     1
290
     0
176
     1
290
     0
176
     1
290
     0
176
     1
290
     0
176
     1
 90
       50
176
     1
 40
0.0
176
     1
 40
1.0
176
     1
 90
        0
176
     1
 62
    18
420
        0
176
     1
 90
       50
176
     1
 90
        3
176
     1
 62
     5
420
      255
176
     1
290
     0
176
     1
 90
       50
176
     1
 90
       50
176
     1
 90
       50
176
     1
290
     0
176
     1
 90
       50
176
     1
 62
   256
176
     0
 40
1.0
176
     0
 90
        2
176
     1
  1
strokes_ogs.tif
176
     1
290
     0
176
     1
 40
1.0
176
     1
 40
1.0
176
     1
  0
VISUALSTYLE
  5
42
102
{ACAD_REACTORS
330
2A
102
}
330
2A
100
AcDbVisualStyle
  2
Shaded
 70
    27
177
     3
291
     0
 70
    58
 90
        2
176
     1
 90
        2
176
     1
 90
        1
176
     1
 90
        2
176
     1
 40
0.6
176
     1
 40
30.0
176
     1
 62
     7
420
 16777215
176
     1
 90
        0
176
     1
 90
        4
176
     1
 62
     7
176
     1
 62
   257
176
     1
 90
        1
176
     1
 90
        1
176
     1
 40
1.0
176
     1
 90
        8
176
     1
 62
   257
176
     1
 40
1.0
176
     1
 90
        1
176
     1
 90
        6
176
     1
 90
        2
176
     1
 62
     8
420
  7895160
176
     1
 90
        3
176
     1
 90
        0
176
     1
 90
        0
176
     1
290
     0
176
     1
 90
        5
176
     1
 40
0.0
176
     1
 90
        0
176
     1
290
     0
176
     1
290
     1
176
     1
290
     1
176
     1
290
     0
176
     1
290
     0
176
     1
290
     0
176
     1
290
     0
176
     1
290
     0
176
     1
290
     0
176
     1
 90
       50
176
     1
 40
0.0
176
     1
 40
1.0
176
     1
 90
        0
176
     1
 62
    18
420
        0
176
     1
 90
       50
176
     1
 90
        3
176
     1
 62
     5
420
      255
176
     1
290
     0
176
     1
 90
       50
176
     1
 90
       50
176
     1
 90
       50
176
     1
290
     0
176
     1
 90
       50
176
     1
 62
   256
176
     0
 40
1.0
176
     0
 90
        2
176
     1
  1
strokes_ogs.tif
176
     1
290
     0
176
     1
 40
1.0
176
     1
 40
1.0
176
     1
  0
VISUALSTYLE
  5
41
102
{ACAD_REACTORS
330
2A
102
}
330
2A
100
AcDbVisualStyle
  2
Shaded with edges
 70
    26
177
     3
291
     0
 70
    58
 90
        2
176
     1
 90
        2
176
     1
 90
        1
176
     1
 90
        2
176
     1
 40
0.6
176
     1
 40
30.0
176
     1
 62
     7
420
 16777215
176
     1
 90
        1
176
     1
 90
       10
176
     1
 62
     7
176
     1
 62
   257
176
     1
 90
        2
176
     1
 90
        1
176
     1
 40
1.0
176
     1
 90
        8
176
     1
 62
   257
176
     1
 40
1.0
176
     1
 90
        1
176
     1
 90
        6
176
     1
 90
        2
176
     1
 62
     7
176
     1
 90
        3
176
     1
 90
        0
176
     1
 90
        0
176
     1
290
     0
176
     1
 90
        5
176
     1
 40
0.0
176
     1
 90
        0
176
     1
290
     0
176
     1
290
     1
176
     1
290
     1
176
     1
290
     0
176
     1
290
     0
176
     1
290
     0
176
     1
290
     0
176
     1
290
     0
176
     1
290
     0
176
     1
 90
       50
176
     1
 40
0.0
176
     1
 40
1.0
176
     1
 90
        0
176
     1
 62
    18
420
        0
176
     1
 90
       50
176
     1
 90
        3
176
     1
 62
     5
420
      255
176
     1
290
     0
176
     1
 90
       50
176
     1
 90
       50
176
     1
 90
       50
176
     1
290
     0
176
     1
 90
       50
176
     1
 62
   256
176
     0
 40
1.0
176
     0
 90
        2
176
     1
  1
strokes_ogs.tif
176
     1
290
     0
176
     1
 40
1.0
176
     1
 40
1.0
176
     1
  0
VISUALSTYLE
  5
3E
102
{ACAD_REACTORS
330
2A
102
}
330
2A
100
AcDbVisualStyle
  2
Shades of Gray
 70
    23
177
     3
291
     0
 70
    58
 90
        2
176
     1
 90
        2
176
     1
 90
        3
176
     1
 90
        0
176
     1
 40
0.6
176
     1
 40
30.0
176
     1
 62
     7
420
 16777215
176
     1
 90
        2
176
     1
 90
        2
176
     1
 62
     7
176
     1
 62
     7
176
     1
 90
        1
176
     1
 90
        1
176
     1
 40
40.0
176
     1
 90
        8
176
     1
 62
     7
176
     1
 40
1.0
176
     1
 90
        1
176
     1
 90
        6
176
     1
 90
        2
176
     1
 62
     7
176
     1
 90
        3
176
     1
 90
        0
176
     1
 90
        0
176
     1
290
     0
176
     1
 90
        1
176
     1
 40
0.0
176
     1
 90
        0
176
     1
290
     0
176
     1
290
     1
176
     1
290
     1
176
     1
290
     0
176
     1
290
     0
176
     1
290
     0
176
     1
290
     0
176
     1
290
     0
176
     1
290
     0
176
     1
 90
       50
176
     1
 40
0.0
176
     1
 40
1.0
176
     1
 90
        0
176
     1
 62
    18
420
        0
176
     1
 90
       50
176
     1
 90
        3
176
     1
 62
     5
420
      255
176
     1
290
     0
176
     1
 90
       50
176
     1
 90
       50
176
     1
 90
       50
176
     1
290
     0
176
     1
 90
       50
176
     1
 62
   256
176
     0
 40
1.0
176
     0
 90
        2
176
     1
  1
strokes_ogs.tif
176
     1
290
     0
176
     1
 40
1.0
176
     1
 40
1.0
176
     1
  0
VISUALSTYLE
  5
3F
102
{ACAD_REACTORS
330
2A
102
}
330
2A
100
AcDbVisualStyle
  2
Sketchy
 70
    24
177
     3
291
     0
 70
    58
 90
        1
176
     1
 90
        2
176
     1
 90
        2
176
     1
 90
        0
176
     1
 40
0.6
176
     1
 40
30.0
176
     1
 62
     7
420
 16777215
176
     1
 90
        2
176
     1
 90
        2
176
     1
 62
     7
176
     1
 62
     7
176
     1
 90
        1
176
     1
 90
        1
176
     1
 40
40.0
176
     1
 90
       11
176
     1
 62
     7
176
     1
 40
1.0
176
     1
 90
        1
176
     1
 90
        6
176
     1
 90
        2
176
     1
 62
     7
176
     1
 90
        6
176
     1
 90
        0
176
     1
 90
        0
176
     1
290
     0
176
     1
 90
        1
176
     1
 40
0.0
176
     1
 90
        0
176
     1
290
     0
176
     1
290
     1
176
     1
290
     1
176
     1
290
     0
176
     1
290
     0
176
     1
290
     0
176
     1
290
     0
176
     1
290
     0
176
     1
290
     0
176
     1
 90
       50
176
     1
 40
0.0
176
     1
 40
1.0
176
     1
 90
        0
176
     1
 62
    18
420
        0
176
     1
 90
       50
176
     1
 90
        3
176
     1
 62
     5
420
      255
176
     1
290
     0
176
     1
 90
       50
176
     1
 90
       50
176
     1
 90
       50
176
     1
290
     0
176
     1
 90
       50
176
     1
 62
   256
176
     0
 40
1.0
176
     0
 90
        2
176
     1
  1
strokes_ogs.tif
176
     1
290
     0
176
     1
 40
1.0
176
     1
 40
1.0
176
     1
  0
VISUALSTYLE
  5
37
102
{ACAD_REACTORS
330
2A
102
}
330
2A
100
AcDbVisualStyle
  2
Thicken
 70
    13
177
     3
291
     1
 70
    58
 90
        2
176
     1
 90
        2
176
     1
 90
        0
176
     1
 90
        0
176
     1
 40
0.6
176
     1
 40
30.0
176
     1
 62
     7
420
 16777215
176
     1
 90
        1
176
     1
 90
        4
176
     1
 62
     7
176
     1
 62
   257
176
     1
 90
        1
176
     1
 90
        1
176
     1
 40
1.0
176
     1
 90
       12
176
     1
 62
     7
176
     1
 40
1.0
176
     1
 90
        1
176
     1
 90
        6
176
     1
 90
        2
176
     1
 62
     7
176
     1
 90
        5
176
     1
 90
        0
176
     1
 90
        0
176
     1
290
     0
176
     1
 90
        1
176
     1
 40
0.0
176
     1
 90
        0
176
     1
290
     0
176
     1
290
     1
176
     1
290
     1
176
     1
290
     0
176
     1
290
     0
176
     1
290
     0
176
     1
290
     0
176
     1
290
     0
176
     1
290
     0
176
     1
 90
       50
176
     1
 40
0.0
176
     1
 40
1.0
176
     1
 90
        0
176
     1
 62
    18
420
        0
176
     1
 90
       50
176
     1
 90
        3
176
     1
 62
     5
420
      255
176
     1
290
     0
176
     1
 90
       50
176
     1
 90
       50
176
     1
 90
       50
176
     1
290
     0
176
     1
 90
       50
176
     1
 62
   256
176
     0
 40
1.0
176
     0
 90
        2
176
     1
  1
strokes_ogs.tif
176
     1
290
     0
176
     1
 40
1.0
176
     1
 40
1.0
176
     1
  0
VISUALSTYLE
  5
30
102
{ACAD_REACTORS
330
2A
102
}
330
2A
100
AcDbVisualStyle
  2
Wireframe
 70
     5
177
     3
291
     0
 70
    58
 90
        0
176
     1
 90
        2
176
     1
 90
        0
176
     1
 90
        0
176
     1
 40
0.6
176
     1
 40
30.0
176
     1
 62
     7
420
 16777215
176
     1
 90
        1
176
     1
 90
        4
176
     1
 62
     7
176
     1
 62
   257
176
     1
 90
        1
176
     1
 90
        1
176
     1
 40
1.0
176
     1
 90
        0
176
     1
 62
   257
176
     1
 40
1.0
176
     1
 90
        1
176
     1
 90
        6
176
     1
 90
        2
176
     1
 62
     7
176
     1
 90
        3
176
     1
 90
        0
176
     1
 90
        0
176
     1
290
     0
176
     1
 90
        1
176
     1
 40
0.0
176
     1
 90
        0
176
     1
290
     0
176
     1
290
     1
176
     1
290
     1
176
     1
290
     0
176
     1
290
     0
176
     1
290
     0
176
     1
290
     0
176
     1
290
     0
176
     1
290
     0
176
     1
 90
       50
176
     1
 40
0.0
176
     1
 40
1.0
176
     1
 90
        0
176
     1
 62
    18
420
        0
176
     1
 90
       50
176
     1
 90
        3
176
     1
 62
     5
420
      255
176
     1
290
     0
176
     1
 90
       50
176
     1
 90
       50
176
     1
 90
       50
176
     1
290
     0
176
     1
 90
       50
176
     1
 62
   256
176
     0
 40
1.0
176
     0
 90
        2
176
     1
  1
strokes_ogs.tif
176
     1
290
     0
176
     1
 40
1.0
176
     1
 40
1.0
176
     1
  0
VISUALSTYLE
  5
40
102
{ACAD_REACTORS
330
2A
102
}
330
2A
100
AcDbVisualStyle
  2
X-Ray
 70
    25
177
     3
291
     0
 70
    58
 90
        2
176
     1
 90
        2
176
     1
 90
        1
176
     1
 90
        1
176
     1
 40
0.5
176
     1
 40
30.0
176
     1
 62
     7
420
 16777215
176
     1
 90
        1
176
     1
 90
        0
176
     1
 62
     7
176
     1
 62
   257
176
     1
 90
        1
176
     1
 90
        1
176
     1
 40
1.0
176
     1
 90
        8
176
     1
 62
     7
176
     1
 40
1.0
176
     1
 90
        1
176
     1
 90
        6
176
     1
 90
        2
176
     1
 62
     7
176
     1
 90
        3
176
     1
 90
        0
176
     1
 90
        0
176
     1
290
     0
176
     1
 90
       13
176
     1
 40
0.0
176
     1
 90
        0
176
     1
290
     0
176
     1
290
     1
176
     1
290
     1
176
     1
290
     0
176
     1
290
     0
176
     1
290
     0
176
     1
290
     0
176
     1
290
     0
176
     1
290
     0
176
     1
 90
       50
176
     1
 40
0.0
176
     1
 40
1.0
176
     1
 90
        0
176
     1
 62
    18
420
        0
176
     1
 90
       50
176
     1
 90
        3
176
     1
 62
     5
420
      255
176
     1
290
     0
176
     1
 90
       50
176
     1
 90
       50
176
     1
 90
       50
176
     1
290
     0
176
     1
 90
       50
176
     1
 62
   256
176
     0
 40
1.0
176
     0
 90
        2
176
     1
  1
strokes_ogs.tif
176
     1
290
     0
176
     1
 40
1.0
176
     1
 40
1.0
176
     1
  0
DICTIONARYVAR
  5
273
102
{ACAD_REACTORS
330
272
102
}
330
272
100
DictionaryVariables
280
     0
  1
1:1
  0
DICTIONARYVAR
  5
27B
102
{ACAD_REACTORS
330
272
102
}
330
272
100
DictionaryVariables
280
     0
  1
3.500000
  0
DICTIONARYVAR
  5
27C
102
{ACAD_REACTORS
330
272
102
}
330
272
100
DictionaryVariables
280
     0
  1
acadiso.lin
  0
DICTIONARYVAR
  5
278
102
{ACAD_REACTORS
330
272
102
}
330
272
100
DictionaryVariables
280
     0
  1
Standard
  0
DICTIONARYVAR
  5
277
102
{ACAD_REACTORS
330
272
102
}
330
272
100
DictionaryVariables
280
     0
  1
Standard
  0
DICTIONARY
  5
274
330
5A
100
AcDbDictionary
280
     1
281
     1
  3
ACAD_ROUNDTRIP_2008_TABLESTYLE_CELLSTYLEMAP
360
275
  0
CELLSTYLEMAP
  5
275
102
{ACAD_REACTORS
330
274
102
}
330
274
100
AcDbCellStyleMap
 90
        3
300
CELLSTYLE
  1
TABLEFORMAT_BEGIN
 90
        5
170
     1
 91
        0
 92
    32768
 62
   257
 93
        1
300
CONTENTFORMAT
  1
CONTENTFORMAT_BEGIN
 90
        0
 91
        0
 92
        4
 93
        0
300

 40
0.0
140
1.0
 94
        5
 62
     0
340
11
144
6.0
309
CONTENTFORMAT_END
171
     1
301
MARGIN
  1
CELLMARGIN_BEGIN
 40
1.5
 40
1.5
 40
1.5
 40
1.5
 40
1.5
 40
1.5
309
CELLMARGIN_END
 94
        6
 95
        1
302
GRIDFORMAT
  1
GRIDFORMAT_BEGIN
 90
        0
 91
        1
 62
     0
 92
       -2
340
14
 93
        0
 40
0.045
309
GRIDFORMAT_END
 95
        2
302
GRIDFORMAT
  1
GRIDFORMAT_BEGIN
 90
        0
 91
        1
 62
     0
 92
       -2
340
14
 93
        0
 40
0.045
309
GRIDFORMAT_END
 95
        4
302
GRIDFORMAT
  1
GRIDFORMAT_BEGIN
 90
        0
 91
        1
 62
     0
 92
       -2
340
14
 93
        0
 40
0.045
309
GRIDFORMAT_END
 95
        8
302
GRIDFORMAT
  1
GRIDFORMAT_BEGIN
 90
        0
 91
        1
 62
     0
 92
       -2
340
14
 93
        0
 40
0.045
309
GRIDFORMAT_END
 95
       16
302
GRIDFORMAT
  1
GRIDFORMAT_BEGIN
 90
        0
 91
        1
 62
     0
 92
       -2
340
14
 93
        0
 40
0.045
309
GRIDFORMAT_END
 95
       32
302
GRIDFORMAT
  1
GRIDFORMAT_BEGIN
 90
        0
 91
        1
 62
     0
 92
       -2
340
14
 93
        0
 40
0.045
309
GRIDFORMAT_END
309
TABLEFORMAT_END
  1
CELLSTYLE_BEGIN
 90
        1
 91
        1
300
_TITLE
309
CELLSTYLE_END
300
CELLSTYLE
  1
TABLEFORMAT_BEGIN
 90
        5
170
     1
 91
        0
 92
        0
 62
   257
 93
        1
300
CONTENTFORMAT
  1
CONTENTFORMAT_BEGIN
 90
        0
 91
        0
 92
        4
 93
        0
300

 40
0.0
140
1.0
 94
        5
 62
     0
340
11
144
4.5
309
CONTENTFORMAT_END
171
     1
301
MARGIN
  1
CELLMARGIN_BEGIN
 40
1.5
 40
1.5
 40
1.5
 40
1.5
 40
1.5
 40
1.5
309
CELLMARGIN_END
 94
        6
 95
        1
302
GRIDFORMAT
  1
GRIDFORMAT_BEGIN
 90
        0
 91
        1
 62
     0
 92
       -2
340
14
 93
        0
 40
0.045
309
GRIDFORMAT_END
 95
        2
302
GRIDFORMAT
  1
GRIDFORMAT_BEGIN
 90
        0
 91
        1
 62
     0
 92
       -2
340
14
 93
        0
 40
0.045
309
GRIDFORMAT_END
 95
        4
302
GRIDFORMAT
  1
GRIDFORMAT_BEGIN
 90
        0
 91
        1
 62
     0
 92
       -2
340
14
 93
        0
 40
0.045
309
GRIDFORMAT_END
 95
        8
302
GRIDFORMAT
  1
GRIDFORMAT_BEGIN
 90
        0
 91
        1
 62
     0
 92
       -2
340
14
 93
        0
 40
0.045
309
GRIDFORMAT_END
 95
       16
302
GRIDFORMAT
  1
GRIDFORMAT_BEGIN
 90
        0
 91
        1
 62
     0
 92
       -2
340
14
 93
        0
 40
0.045
309
GRIDFORMAT_END
 95
       32
302
GRIDFORMAT
  1
GRIDFORMAT_BEGIN
 90
        0
 91
        1
 62
     0
 92
       -2
340
14
 93
        0
 40
0.045
309
GRIDFORMAT_END
309
TABLEFORMAT_END
  1
CELLSTYLE_BEGIN
 90
        2
 91
        1
300
_HEADER
309
CELLSTYLE_END
300
CELLSTYLE
  1
TABLEFORMAT_BEGIN
 90
        5
170
     1
 91
        0
 92
        0
 62
   257
 93
        1
300
CONTENTFORMAT
  1
CONTENTFORMAT_BEGIN
 90
        0
 91
        0
 92
        4
 93
        0
300

 40
0.0
140
1.0
 94
        2
 62
     0
340
11
144
4.5
309
CONTENTFORMAT_END
171
     1
301
MARGIN
  1
CELLMARGIN_BEGIN
 40
1.5
 40
1.5
 40
1.5
 40
1.5
 40
1.5
 40
1.5
309
CELLMARGIN_END
 94
        6
 95
        1
302
GRIDFORMAT
  1
GRIDFORMAT_BEGIN
 90
        0
 91
        1
 62
     0
 92
       -2
340
14
 93
        0
 40
0.045
309
GRIDFORMAT_END
 95
        2
302
GRIDFORMAT
  1
GRIDFORMAT_BEGIN
 90
        0
 91
        1
 62
     0
 92
       -2
340
14
 93
        0
 40
0.045
309
GRIDFORMAT_END
 95
        4
302
GRIDFORMAT
  1
GRIDFORMAT_BEGIN
 90
        0
 91
        1
 62
     0
 92
       -2
340
14
 93
        0
 40
0.045
309
GRIDFORMAT_END
 95
        8
302
GRIDFORMAT
  1
GRIDFORMAT_BEGIN
 90
        0
 91
        1
 62
     0
 92
       -2
340
14
 93
        0
 40
0.045
309
GRIDFORMAT_END
 95
       16
302
GRIDFORMAT
  1
GRIDFORMAT_BEGIN
 90
        0
 91
        1
 62
     0
 92
       -2
340
14
 93
        0
 40
0.045
309
GRIDFORMAT_END
 95
       32
302
GRIDFORMAT
  1
GRIDFORMAT_BEGIN
 90
        0
 91
        1
 62
     0
 92
       -2
340
14
 93
        0
 40
0.045
309
GRIDFORMAT_END
309
TABLEFORMAT_END
  1
CELLSTYLE_BEGIN
 90
        3
 91
        2
300
_DATA
309
CELLSTYLE_END
  0
ENDSEC
  0
EOF
