  0
SECTION
  2
HEADER
  9
$ACADVER
  1
AC1027
  9
$ACADMAINTVER
 70
   105
  9
$DWGCODEPAGE
  3
ANSI_1252
  9
$COMMENTS
  1
File was created by Cadenas
  9
$LASTSAVEDBY
  1
psService
  9
$CUSTOMPROPERTYTAG
  1
NB
  9
$CUSTOMPROPERTY
  1
DHG_Gas_Electric-Daikin-DHG0903DH000001S-300
  9
$CUSTOMPROPERTYTAG
  1
NN
  9
$CUSTOMPROPERTY
  1
(R32) DHG Series 7.5 - 12.5 Tons Gas Electric
  9
$CUSTOMPROPERTYTAG
  1
NT
  9
$CUSTOMPROPERTY
  1

  9
$CUSTOMPROPERTYTAG
  1
NBSYN
  9
$CUSTOMPROPERTY
  1
DHG_Gas_Electric-Daikin-$PN.-$LOG.
  9
$CUSTOMPROPERTYTAG
  1
LINA
  9
$CUSTOMPROPERTY
  1
DHG_Gas_Electric-Daikin-DHG0903DH000001S-208 VAC -230 VAC
  9
$CUSTOMPROPERTYTAG
  1
CATALOG
  9
$CUSTOMPROPERTY
  1
Daikin
  9
$CUSTOMPROPERTYTAG
  1
PN
  9
$CUSTOMPROPERTY
  1
DHG0903DH000001S
  9
$CUSTOMPROPERTYTAG
  1
LOG
  9
$CUSTOMPROPERTY
  1
300
  9
$CUSTOMPROPERTYTAG
  1
DESC
  9
$CUSTOMPROPERTY
  1
DHG 7½ Ton Light Commercial Packaged Gas Electric R32
  9
$CUSTOMPROPERTYTAG
  1
OD
  9
$CUSTOMPROPERTY
  1
60.3750
  9
$CUSTOMPROPERTYTAG
  1
OH
  9
$CUSTOMPROPERTY
  1
54.600
  9
$CUSTOMPROPERTYTAG
  1
OW
  9
$CUSTOMPROPERTY
  1
93.750
  9
$CUSTOMPROPERTYTAG
  1
URL
  9
$CUSTOMPROPERTY
  1
https://daikincomfort.com
  9
$CUSTOMPROPERTYTAG
  1
RFAFAMILY
  9
$CUSTOMPROPERTY
  1
Download Revit Family (RFA)
  9
$CUSTOMPROPERTYTAG
  1
COMPANY
  9
$CUSTOMPROPERTY
  1
daikin
  9
$REQUIREDVERSIONS
160
                 0
  9
$INSBASE
 10
0.0
 20
0.0
 30
0.0
  9
$EXTMIN
 10
-30.4035
 20
-6.599999999999999
 30
0.0
  9
$EXTMAX
 10
39.47148863899802
 20
60.83107372881356
 30
0.0
  9
$LIMMIN
 10
0.0
 20
0.0
  9
$LIMMAX
 10
12.0
 20
9.0
  9
$ORTHOMODE
 70
     0
  9
$REGENMODE
 70
     1
  9
$FILLMODE
 70
     1
  9
$QTEXTMODE
 70
     0
  9
$MIRRTEXT
 70
     1
  9
$LTSCALE
 40
1.0
  9
$ATTMODE
 70
     1
  9
$TEXTSIZE
 40
0.2
  9
$TRACEWID
 40
0.05
  9
$TEXTSTYLE
  7
Standard
  9
$CLAYER
  8
0
  9
$CELTYPE
  6
ByLayer
  9
$CECOLOR
 62
   256
  9
$CELTSCALE
 40
1.0
  9
$DISPSILH
 70
     0
  9
$DIMSCALE
 40
1.0
  9
$DIMASZ
 40
0.18
  9
$DIMEXO
 40
0.0625
  9
$DIMDLI
 40
0.38
  9
$DIMRND
 40
0.0
  9
$DIMDLE
 40
0.0
  9
$DIMEXE
 40
0.18
  9
$DIMTP
 40
0.0
  9
$DIMTM
 40
0.0
  9
$DIMTXT
 40
0.18
  9
$DIMCEN
 40
0.09
  9
$DIMTSZ
 40
0.0
  9
$DIMTOL
 70
     0
  9
$DIMLIM
 70
     0
  9
$DIMTIH
 70
     1
  9
$DIMTOH
 70
     1
  9
$DIMSE1
 70
     0
  9
$DIMSE2
 70
     0
  9
$DIMTAD
 70
     0
  9
$DIMZIN
 70
     0
  9
$DIMBLK
  1

  9
$DIMASO
 70
     1
  9
$DIMSHO
 70
     1
  9
$DIMPOST
  1

  9
$DIMAPOST
  1

  9
$DIMALT
 70
     0
  9
$DIMALTD
 70
     2
  9
$DIMALTF
 40
25.4
  9
$DIMLFAC
 40
1.0
  9
$DIMTOFL
 70
     0
  9
$DIMTVP
 40
0.0
  9
$DIMTIX
 70
     0
  9
$DIMSOXD
 70
     0
  9
$DIMSAH
 70
     0
  9
$DIMBLK1
  1

  9
$DIMBLK2
  1

  9
$DIMSTYLE
  2
Standard
  9
$DIMCLRD
 70
     0
  9
$DIMCLRE
 70
     0
  9
$DIMCLRT
 70
     0
  9
$DIMTFAC
 40
1.0
  9
$DIMGAP
 40
0.09
  9
$DIMJUST
 70
     0
  9
$DIMSD1
 70
     0
  9
$DIMSD2
 70
     0
  9
$DIMTOLJ
 70
     1
  9
$DIMTZIN
 70
     0
  9
$DIMALTZ
 70
     0
  9
$DIMALTTZ
 70
     0
  9
$DIMUPT
 70
     0
  9
$DIMDEC
 70
     4
  9
$DIMTDEC
 70
     4
  9
$DIMALTU
 70
     2
  9
$DIMALTTD
 70
     2
  9
$DIMTXSTY
  7
Standard
  9
$DIMAUNIT
 70
     0
  9
$DIMADEC
 70
     0
  9
$DIMALTRND
 40
0.0
  9
$DIMAZIN
 70
     0
  9
$DIMDSEP
 70
    46
  9
$DIMATFIT
 70
     3
  9
$DIMFRAC
 70
     0
  9
$DIMLDRBLK
  1

  9
$DIMLUNIT
 70
     2
  9
$DIMLWD
 70
    -2
  9
$DIMLWE
 70
    -2
  9
$DIMTMOVE
 70
     0
  9
$DIMFXL
 40
1.0
  9
$DIMFXLON
 70
     0
  9
$DIMJOGANG
 40
0.7853981633974483
  9
$DIMTFILL
 70
     0
  9
$DIMTFILLCLR
 70
     0
  9
$DIMARCSYM
 70
     0
  9
$DIMLTYPE
  6

  9
$DIMLTEX1
  6

  9
$DIMLTEX2
  6

  9
$DIMTXTDIRECTION
 70
     0
  9
$LUNITS
 70
     2
  9
$LUPREC
 70
     4
  9
$SKETCHINC
 40
0.1
  9
$FILLETRAD
 40
0.0
  9
$AUNITS
 70
     0
  9
$AUPREC
 70
     0
  9
$MENU
  1
.
  9
$ELEVATION
 40
0.0
  9
$PELEVATION
 40
0.0
  9
$THICKNESS
 40
0.0
  9
$LIMCHECK
 70
     0
  9
$CHAMFERA
 40
0.0
  9
$CHAMFERB
 40
0.0
  9
$CHAMFERC
 40
0.0
  9
$CHAMFERD
 40
0.0
  9
$SKPOLY
 70
     0
  9
$TDCREATE
 40
2461206.687821898
  9
$TDUCREATE
 40
2461206.604488565
  9
$TDUPDATE
 40
2461206.687822801
  9
$TDUUPDATE
 40
2461206.604489468
  9
$TDINDWG
 40
0.0000000116
  9
$TDUSRTIMER
 40
0.0000000116
  9
$USRTIMER
 70
     1
  9
$ANGBASE
 50
0.0
  9
$ANGDIR
 70
     0
  9
$PDMODE
 70
     0
  9
$PDSIZE
 40
0.0
  9
$PLINEWID
 40
0.0
  9
$SPLFRAME
 70
     0
  9
$SPLINETYPE
 70
     6
  9
$SPLINESEGS
 70
     8
  9
$HANDSEED
  5
BD0
  9
$SURFTAB1
 70
     6
  9
$SURFTAB2
 70
     6
  9
$SURFTYPE
 70
     6
  9
$SURFU
 70
     6
  9
$SURFV
 70
     6
  9
$UCSBASE
  2

  9
$UCSNAME
  2

  9
$UCSORG
 10
0.0
 20
0.0
 30
0.0
  9
$UCSXDIR
 10
1.0
 20
0.0
 30
0.0
  9
$UCSYDIR
 10
0.0
 20
1.0
 30
0.0
  9
$UCSORTHOREF
  2

  9
$UCSORTHOVIEW
 70
     0
  9
$UCSORGTOP
 10
0.0
 20
0.0
 30
0.0
  9
$UCSORGBOTTOM
 10
0.0
 20
0.0
 30
0.0
  9
$UCSORGLEFT
 10
0.0
 20
0.0
 30
0.0
  9
$UCSORGRIGHT
 10
0.0
 20
0.0
 30
0.0
  9
$UCSORGFRONT
 10
0.0
 20
0.0
 30
0.0
  9
$UCSORGBACK
 10
0.0
 20
0.0
 30
0.0
  9
$PUCSBASE
  2

  9
$PUCSNAME
  2

  9
$PUCSORG
 10
0.0
 20
0.0
 30
0.0
  9
$PUCSXDIR
 10
1.0
 20
0.0
 30
0.0
  9
$PUCSYDIR
 10
0.0
 20
1.0
 30
0.0
  9
$PUCSORTHOREF
  2

  9
$PUCSORTHOVIEW
 70
     0
  9
$PUCSORGTOP
 10
0.0
 20
0.0
 30
0.0
  9
$PUCSORGBOTTOM
 10
0.0
 20
0.0
 30
0.0
  9
$PUCSORGLEFT
 10
0.0
 20
0.0
 30
0.0
  9
$PUCSORGRIGHT
 10
0.0
 20
0.0
 30
0.0
  9
$PUCSORGFRONT
 10
0.0
 20
0.0
 30
0.0
  9
$PUCSORGBACK
 10
0.0
 20
0.0
 30
0.0
  9
$USERI1
 70
     0
  9
$USERI2
 70
     0
  9
$USERI3
 70
     0
  9
$USERI4
 70
     0
  9
$USERI5
 70
     0
  9
$USERR1
 40
0.0
  9
$USERR2
 40
0.0
  9
$USERR3
 40
0.0
  9
$USERR4
 40
0.0
  9
$USERR5
 40
0.0
  9
$WORLDVIEW
 70
     1
  9
$SHADEDGE
 70
     3
  9
$SHADEDIF
 70
    70
  9
$TILEMODE
 70
     1
  9
$MAXACTVP
 70
    64
  9
$PINSBASE
 10
0.0
 20
0.0
 30
0.0
  9
$PLIMCHECK
 70
     0
  9
$PEXTMIN
 10
1.000000000000000E+20
 20
1.000000000000000E+20
 30
1.000000000000000E+20
  9
$PEXTMAX
 10
-1.000000000000000E+20
 20
-1.000000000000000E+20
 30
-1.000000000000000E+20
  9
$PLIMMIN
 10
0.0
 20
0.0
  9
$PLIMMAX
 10
12.0
 20
9.0
  9
$UNITMODE
 70
     0
  9
$VISRETAIN
 70
     1
  9
$PLINEGEN
 70
     0
  9
$PSLTSCALE
 70
     1
  9
$TREEDEPTH
 70
  3020
  9
$CMLSTYLE
  2
Standard
  9
$CMLJUST
 70
     0
  9
$CMLSCALE
 40
1.0
  9
$PROXYGRAPHICS
 70
     1
  9
$MEASUREMENT
 70
     0
  9
$CELWEIGHT
370
    -1
  9
$ENDCAPS
280
     0
  9
$JOINSTYLE
280
     0
  9
$LWDISPLAY
290
     0
  9
$INSUNITS
 70
     1
  9
$HYPERLINKBASE
  1

  9
$STYLESHEET
  1

  9
$XEDIT
290
     1
  9
$CEPSNTYPE
380
     0
  9
$PSTYLEMODE
290
     1
  9
$FINGERPRINTGUID
  2
{2afee0ae-1e08-4229-aca7-35a8a34fef3c}
  9
$VERSIONGUID
  2
{FAEB1C32-E019-11D5-929B-00C0DF256EC4}
  9
$EXTNAMES
290
     1
  9
$PSVPSCALE
 40
0.0
  9
$OLESTARTUP
290
     0
  9
$SORTENTS
280
   127
  9
$INDEXCTL
280
     0
  9
$HIDETEXT
280
     1
  9
$XCLIPFRAME
280
     2
  9
$HALOGAP
280
     0
  9
$OBSCOLOR
 70
   257
  9
$OBSLTYPE
280
     0
  9
$INTERSECTIONDISPLAY
280
     0
  9
$INTERSECTIONCOLOR
 70
   257
  9
$DIMASSOC
280
     2
  9
$PROJECTNAME
  1

  9
$CAMERADISPLAY
290
     0
  9
$LENSLENGTH
 40
50.0
  9
$CAMERAHEIGHT
 40
0.0
  9
$STEPSPERSEC
 40
2.0
  9
$STEPSIZE
 40
6.0
  9
$3DDWFPREC
 40
2.0
  9
$PSOLWIDTH
 40
0.25
  9
$PSOLHEIGHT
 40
4.0
  9
$LOFTANG1
 40
1.570796326794897
  9
$LOFTANG2
 40
1.570796326794897
  9
$LOFTMAG1
 40
0.0
  9
$LOFTMAG2
 40
0.0
  9
$LOFTPARAM
 70
     7
  9
$LOFTNORMALS
280
     1
  9
$LATITUDE
 40
37.795
  9
$LONGITUDE
 40
-122.394
  9
$NORTHDIRECTION
 40
0.0
  9
$TIMEZONE
 70
 -8000
  9
$LIGHTGLYPHDISPLAY
280
     1
  9
$TILEMODELIGHTSYNCH
280
     1
  9
$CMATERIAL
347
44
  9
$SOLIDHIST
280
     0
  9
$SHOWHIST
280
     1
  9
$DWFFRAME
280
     2
  9
$DGNFRAME
280
     2
  9
$REALWORLDSCALE
290
     1
  9
$INTERFERECOLOR
 62
   256
  9
$CSHADOW
280
     0
  9
$SHADOWPLANELOCATION
 40
0.0
  0
ENDSEC
  0
SECTION
  2
CLASSES
  0
CLASS
  1
ACDBDICTIONARYWDFLT
  2
AcDbDictionaryWithDefault
  3
ObjectDBX Classes
 90
        0
 91
        3
280
     0
281
     0
  0
CLASS
  1
VISUALSTYLE
  2
AcDbVisualStyle
  3
ObjectDBX Classes
 90
     4095
 91
        3
280
     0
281
     0
  0
CLASS
  1
MATERIAL
  2
AcDbMaterial
  3
ObjectDBX Classes
 90
     1153
 91
        3
280
     0
281
     0
  0
CLASS
  1
SCALE
  2
AcDbScale
  3
ObjectDBX Classes
 90
     1153
 91
        3
280
     0
281
     0
  0
CLASS
  1
TABLESTYLE
  2
AcDbTableStyle
  3
ObjectDBX Classes
 90
     4095
 91
        3
280
     0
281
     0
  0
CLASS
  1
MLEADERSTYLE
  2
AcDbMLeaderStyle
  3
ACDB_MLEADERSTYLE_CLASS
 90
     4095
 91
        3
280
     0
281
     0
  0
CLASS
  1
SUN
  2
AcDbSun
  3
SCENEOE
 90
     1153
 91
        3
280
     0
281
     0
  0
CLASS
  1
DICTIONARYVAR
  2
AcDbDictionaryVar
  3
ObjectDBX Classes
 90
        0
 91
        3
280
     0
281
     0
  0
CLASS
  1
CELLSTYLEMAP
  2
AcDbCellStyleMap
  3
ObjectDBX Classes
 90
     1152
 91
        3
280
     0
281
     0
  0
ENDSEC
  0
SECTION
  2
TABLES
  0
TABLE
  2
VPORT
  5
8
330
0
100
AcDbSymbolTable
 70
     1
  0
VPORT
  5
29
330
8
100
AcDbSymbolTableRecord
100
AcDbViewportTableRecord
  2
*Active
 70
     0
 10
0.0
 20
0.0
 11
1.0
 21
1.0
 12
4.573146861871894
 22
27.16451991525424
 13
0.0
 23
0.0
 14
0.5
 24
0.5
 15
0.5
 25
0.5
 16
0.0
 26
0.0
 36
1.0
 17
0.0
 27
0.0
 37
0.0
 40
68.87962062711865
 41
1.035899427850891
 42
50.0
 43
0.0
 44
0.0
 50
0.0
 51
0.0
 71
     0
 72
   100
 73
     1
 74
     3
 75
     0
 76
     0
 77
     0
 78
     0
281
     0
 65
     1
110
0.0
120
0.0
130
0.0
111
1.0
121
0.0
131
0.0
112
0.0
122
1.0
132
0.0
 79
     0
146
0.0
348
2F
 60
     3
 61
     5
292
     1
282
     1
141
0.0
142
0.0
 63
   250
361
5D
  0
ENDTAB
  0
TABLE
  2
LTYPE
  5
5
330
0
100
AcDbSymbolTable
 70
     3
  0
LTYPE
  5
14
330
5
100
AcDbSymbolTableRecord
100
AcDbLinetypeTableRecord
  2
ByBlock
 70
     0
  3

 72
    65
 73
     0
 40
0.0
  0
LTYPE
  5
15
330
5
100
AcDbSymbolTableRecord
100
AcDbLinetypeTableRecord
  2
ByLayer
 70
     0
  3

 72
    65
 73
     0
 40
0.0
  0
LTYPE
  5
16
330
5
100
AcDbSymbolTableRecord
100
AcDbLinetypeTableRecord
  2
Continuous
 70
     0
  3
Solid line
 72
    65
 73
     0
 40
0.0
  0
LTYPE
  5
74
330
5
100
AcDbSymbolTableRecord
100
AcDbLinetypeTableRecord
  2
Dashed
 70
     0
  3

 72
    65
 73
     2
 40
2.0
 49
1.0
 74
     0
 49
-1.0
 74
     0
  0
LTYPE
  5
BA4
330
5
100
AcDbSymbolTableRecord
100
AcDbLinetypeTableRecord
  2
Center
 70
     0
  3

 72
    65
 73
     4
 40
1.5
 49
0.45
 74
     0
 49
-0.5
 74
     0
 49
0.05
 74
     0
 49
-0.5
 74
     0
  0
ENDTAB
  0
TABLE
  2
LAYER
  5
2
330
0
100
AcDbSymbolTable
 70
     7
  0
LAYER
  5
10
330
2
100
AcDbSymbolTableRecord
100
AcDbLayerTableRecord
  2
0
 70
     0
 62
     7
  6
Continuous
370
    -3
390
F
347
46
348
0
  0
LAYER
  5
5E
330
2
100
AcDbSymbolTableRecord
100
AcDbLayerTableRecord
  2
AM_6
 70
     0
 62
    -2
  6
Continuous
370
    35
390
F
347
46
348
0
  0
LAYER
  5
75
330
2
100
AcDbSymbolTableRecord
100
AcDbLayerTableRecord
  2
AM_9
 70
     0
 62
     6
  6
Dashed
370
    25
390
F
347
46
348
0
  0
LAYER
  5
A6
330
2
100
AcDbSymbolTableRecord
100
AcDbLayerTableRecord
  2
AM_4
 70
     0
 62
     3
  6
Continuous
370
    25
390
F
347
46
348
0
  0
LAYER
  5
AD
330
2
100
AcDbSymbolTableRecord
100
AcDbLayerTableRecord
  2
AM_0
 70
     0
 62
     7
  6
Continuous
370
    50
390
F
347
46
348
0
  0
LAYER
  5
BA5
330
2
100
AcDbSymbolTableRecord
100
AcDbLayerTableRecord
  2
AM_7
 70
     0
 62
     7
  6
Center
370
    25
390
F
347
46
348
0
  0
LAYER
  5
BB9
330
2
100
AcDbSymbolTableRecord
100
AcDbLayerTableRecord
  2
2d ConnectionPoints
 70
     0
 62
     7
  6
Continuous
370
    50
390
F
347
46
348
0
  0
ENDTAB
  0
TABLE
  2
STYLE
  5
3
330
0
100
AcDbSymbolTable
 70
     1
  0
STYLE
  5
11
330
3
100
AcDbSymbolTableRecord
100
AcDbTextStyleTableRecord
  2
Standard
 70
     0
 40
0.0
 41
1.0
 50
0.0
 71
     0
 42
0.2
  3
txt
  4

  0
ENDTAB
  0
TABLE
  2
VIEW
  5
6
330
0
100
AcDbSymbolTable
 70
     0
  0
ENDTAB
  0
TABLE
  2
UCS
  5
7
330
0
100
AcDbSymbolTable
 70
     0
  0
ENDTAB
  0
TABLE
  2
APPID
  5
9
330
0
100
AcDbSymbolTable
 70
     1
  0
APPID
  5
12
330
9
100
AcDbSymbolTableRecord
100
AcDbRegAppTableRecord
  2
ACAD
 70
     0
  0
ENDTAB
  0
TABLE
  2
DIMSTYLE
  5
A
330
0
100
AcDbSymbolTable
 70
     1
100
AcDbDimStyleTable
  0
DIMSTYLE
105
27
330
A
100
AcDbSymbolTableRecord
100
AcDbDimStyleTableRecord
  2
Standard
 70
     0
178
     0
340
11
  0
ENDTAB
  0
TABLE
  2
BLOCK_RECORD
  5
1
330
0
100
AcDbSymbolTable
 70
     1
  0
BLOCK_RECORD
  5
1F
330
1
100
AcDbSymbolTableRecord
100
AcDbBlockTableRecord
  2
*Model_Space
340
22
 70
     0
280
     1
281
     0
  0
BLOCK_RECORD
  5
1B
330
1
100
AcDbSymbolTableRecord
100
AcDbBlockTableRecord
  2
*Paper_Space
340
1E
 70
     0
280
     1
281
     0
  0
BLOCK_RECORD
  5
23
330
1
100
AcDbSymbolTableRecord
100
AcDbBlockTableRecord
  2
*Paper_Space0
340
26
 70
     0
280
     1
281
     0
  0
ENDTAB
  0
ENDSEC
  0
SECTION
  2
BLOCKS
  0
BLOCK
  5
20
330
1F
100
AcDbEntity
  8
0
100
AcDbBlockBegin
  2
*Model_Space
 70
     2
 10
0.0
 20
0.0
 30
0.0
  3
*Model_Space
  1

  0
ENDBLK
  5
21
330
1F
100
AcDbEntity
  8
0
100
AcDbBlockEnd
  0
BLOCK
  5
1C
330
1B
100
AcDbEntity
 67
     1
  8
0
100
AcDbBlockBegin
  2
*Paper_Space
 70
     0
 10
0.0
 20
0.0
 30
0.0
  3
*Paper_Space
  1

  0
ENDBLK
  5
1D
330
1B
100
AcDbEntity
 67
     1
  8
0
100
AcDbBlockEnd
  0
BLOCK
  5
24
330
23
100
AcDbEntity
  8
0
100
AcDbBlockBegin
  2
*Paper_Space0
 70
     0
 10
0.0
 20
0.0
 30
0.0
  3
*Paper_Space0
  1

  0
ENDBLK
  5
25
330
23
100
AcDbEntity
  8
0
100
AcDbBlockEnd
  0
ENDSEC
  0
SECTION
  2
ENTITIES
  0
ATTDEF
  5
5F
330
1F
100
AcDbEntity
  8
AM_6
100
AcDbText
 10
35.21623440170988
 20
60.32565
 30
0.0
 40
0.5
  1
DHG_Gas_Electric-Daikin-DHG0903DH000001S-300
100
AcDbAttributeDefinition
  3

  2
NB
 70
     8
280
     0
  0
ATTDEF
  5
60
330
1F
100
AcDbEntity
  8
AM_6
100
AcDbText
 10
35.21623440170988
 20
59.82565
 30
0.0
 40
0.5
  1
(R32) DHG Series 7.5 - 12.5 Tons Gas Electric
100
AcDbAttributeDefinition
  3

  2
NN
 70
     8
280
     0
  0
ATTDEF
  5
61
330
1F
100
AcDbEntity
  8
AM_6
100
AcDbText
 10
35.21623440170988
 20
59.32565
 30
0.0
 40
0.5
  1

100
AcDbAttributeDefinition
  3

  2
NT
 70
     8
280
     0
  0
ATTDEF
  5
62
330
1F
100
AcDbEntity
  8
AM_6
100
AcDbText
 10
35.21623440170988
 20
58.82565
 30
0.0
 40
0.5
  1
DHG_Gas_Electric-Daikin-$PN.-$LOG.
100
AcDbAttributeDefinition
  3

  2
NBSYN
 70
     8
280
     0
  0
ATTDEF
  5
63
330
1F
100
AcDbEntity
  8
AM_6
100
AcDbText
 10
35.21623440170988
 20
58.32565
 30
0.0
 40
0.5
  1
DHG_Gas_Electric-Daikin-DHG0903DH000001S-208 VAC -230 VAC
100
AcDbAttributeDefinition
  3

  2
LINA
 70
     8
280
     0
  0
ATTDEF
  5
64
330
1F
100
AcDbEntity
  8
AM_6
100
AcDbText
 10
35.21623440170988
 20
57.82565
 30
0.0
 40
0.5
  1
Daikin
100
AcDbAttributeDefinition
  3

  2
CATALOG
 70
     8
280
     0
  0
ATTDEF
  5
65
330
1F
100
AcDbEntity
  8
AM_6
100
AcDbText
 10
35.21623440170988
 20
57.32565
 30
0.0
 40
0.5
  1
DHG0903DH000001S
100
AcDbAttributeDefinition
  3

  2
PN
 70
     8
280
     0
  0
ATTDEF
  5
66
330
1F
100
AcDbEntity
  8
AM_6
100
AcDbText
 10
35.21623440170988
 20
56.82565
 30
0.0
 40
0.5
  1
300
100
AcDbAttributeDefinition
  3

  2
LOG
 70
     8
280
     0
  0
ATTDEF
  5
67
330
1F
100
AcDbEntity
  8
AM_6
100
AcDbText
 10
35.21623440170988
 20
56.32565
 30
0.0
 40
0.5
  1
DHG 7½ Ton Light Commercial Packaged Gas Electric R32
100
AcDbAttributeDefinition
  3

  2
DESC
 70
     8
280
     0
  0
ATTDEF
  5
68
330
1F
100
AcDbEntity
  8
AM_6
100
AcDbText
 10
35.21623440170988
 20
55.82565
 30
0.0
 40
0.5
  1
60.3750
100
AcDbAttributeDefinition
  3

  2
OD
 70
     8
280
     0
  0
ATTDEF
  5
69
330
1F
100
AcDbEntity
  8
AM_6
100
AcDbText
 10
35.21623440170988
 20
55.32565
 30
0.0
 40
0.5
  1
54.600
100
AcDbAttributeDefinition
  3

  2
OH
 70
     8
280
     0
  0
ATTDEF
  5
6A
330
1F
100
AcDbEntity
  8
AM_6
100
AcDbText
 10
35.21623440170988
 20
54.82565
 30
0.0
 40
0.5
  1
93.750
100
AcDbAttributeDefinition
  3

  2
OW
 70
     8
280
     0
  0
ATTDEF
  5
6B
330
1F
100
AcDbEntity
  8
AM_6
100
AcDbText
 10
35.21623440170988
 20
54.32565
 30
0.0
 40
0.5
  1
https://daikincomfort.com
100
AcDbAttributeDefinition
  3

  2
URL
 70
     8
280
     0
  0
ATTDEF
  5
6C
330
1F
100
AcDbEntity
  8
AM_6
100
AcDbText
 10
35.21623440170988
 20
53.82565
 30
0.0
 40
0.5
  1
Download Revit Family (RFA)
100
AcDbAttributeDefinition
  3

  2
RFAFAMILY
 70
     8
280
     0
  0
ATTDEF
  5
6D
330
1F
100
AcDbEntity
  8
AM_6
100
AcDbText
 10
35.21623440170988
 20
53.32565
 30
0.0
 40
0.5
  1
daikin
100
AcDbAttributeDefinition
  3

  2
COMPANY
 70
     8
280
     0
  0
ATTDEF
  5
6E
330
1F
100
AcDbEntity
  8
AM_6
100
AcDbText
 10
35.21623440170988
 20
52.82565
 30
0.0
 40
0.5
  1
{$CADENAS_DATA/23d-libs/daikin/light20commercial20rooftop20package20units/gas-electric/dhg/dhg_gas_electric_090_120.prj},287 {VTYP=3D},{NB=DHG_Gas_Electric-Daikin-DHG0903DH000001S-300},{LINA=DHG_Gas_Electric-Daikin-DHG0903DH000001S-208 VAC -230 VAC}
100
AcDbAttributeDefinition
  3

  2
PSOL_0
 70
     9
280
     0
  0
ATTDEF
  5
6F
330
1F
100
AcDbEntity
  8
AM_6
100
AcDbText
 10
35.21623440170988
 20
52.32565
 30
0.0
 40
0.5
  1
R32) DHG Series 7.5 - 12.5 Tons Gas Electric},{DATE=03.06.2026 19:23:09},{GEOMDATE=22.10.2025 11:30:00},{VERSION=},{LINEID=760},{WBVAR=LOG},{WBNUMERIC=LOG}  {NB=DHG_Gas_Electric-Daikin-DHG0903DH000001S-300},{LINA=DHG_Gas_Electric-Daikin-DHG0903DH000
100
AcDbAttributeDefinition
  3

  2
PSOL_1
 70
     9
280
     0
  0
ATTDEF
  5
70
330
1F
100
AcDbEntity
  8
AM_6
100
AcDbText
 10
35.21623440170988
 20
51.82565
 30
0.0
 40
0.5
  1
08 VAC -230 VAC},{KT=DUMMY},{PN=DHG0903DH000001S},{LOG=300},{ST=dsg120},{DESC=DHG 7½ Ton Light Commercial Packaged Gas Electric R32},{W=93.8},{D=60.36},{H=54.6},{W12=29.763},{D12=29.826},{H12=27.300},{PNH=DHG090},{F=60 Hz},{P=3},{V=230.0},{VC=208 VA
100
AcDbAttributeDefinition
  3

  2
PSOL_2
 70
     9
280
     0
  0
ATTDEF
  5
71
330
1F
100
AcDbEntity
  8
AM_6
100
AcDbText
 10
35.21623440170988
 20
51.32565
 30
0.0
 40
0.5
  1
 VAC},{MCA=39.400},{MOP=50},{UW=0.1253 kip},{UWV=1253.00},{OD=60.3750},{OH=54.600},{OW=93.750},{CT=Scroll},{RU=R-32},{RC=122.4/115 oz.},{SPL=82.9 dB},{EER=12.500},{IEER=17.500},{EER2=N/A},{SEER2=N/A},{NCC=90000},{NHCH=182.25},{NHCL=136.69},{M=Daikin
100
AcDbAttributeDefinition
  3

  2
PSOL_3
 70
     9
280
     0
  0
ATTDEF
  5
72
330
1F
100
AcDbEntity
  8
AM_6
100
AcDbText
 10
35.21623440170988
 20
50.82565
 30
0.0
 40
0.5
  1
EL=DHG090},{URL=https://daikincomfort.com},{CAL=9062.000},{NOP=3},{NPT=20},{RFAFAMILY=Download Revit Family (RFA)},{RFAFAMILYPATH=../../../light20commercial20rooftop20package20units/gas-electric/dhg/rooftop_unit_daikin_dhg_series-7.5_12.5_ton.rfa},{
100
AcDbAttributeDefinition
  3

  2
PSOL_4
 70
     9
280
     0
  0
ATTDEF
  5
73
330
1F
100
AcDbEntity
  8
AM_6
100
AcDbText
 10
35.21623440170988
 20
50.32565
 30
0.0
 40
0.5
  1
7.750},{RACW=14.000},{SACH=29.500},{SACW=15.000}
100
AcDbAttributeDefinition
  3

  2
PSOL_5
 70
     9
280
     0
  0
LINE
  5
76
330
1F
100
AcDbEntity
  8
AM_9
100
AcDbLine
 10
26.58499999999999
 20
53.25
 30
0.0
 11
26.58499999999999
 21
4.492000000000018
 31
0.0
  0
LINE
  5
77
330
1F
100
AcDbEntity
  8
AM_9
100
AcDbLine
 10
-26.585
 20
53.25
 30
0.0
 11
-26.585
 21
4.492000000000018
 31
0.0
  0
LINE
  5
78
330
1F
100
AcDbEntity
  8
AM_9
100
AcDbLine
 10
-27.96400000000001
 20
53.25
 30
0.0
 11
-27.96400000000001
 21
4.492000000000018
 31
0.0
  0
LINE
  5
79
330
1F
100
AcDbEntity
  8
AM_9
100
AcDbLine
 10
27.142
 20
53.25
 30
0.0
 11
27.142
 21
4.492000000000018
 31
0.0
  0
LINE
  5
7A
330
1F
100
AcDbEntity
  8
AM_9
100
AcDbLine
 10
27.964
 20
53.25
 30
0.0
 11
27.964
 21
4.492000000000018
 31
0.0
  0
LINE
  5
7B
330
1F
100
AcDbEntity
  8
AM_9
100
AcDbLine
 10
-27.14200000000001
 20
53.25
 30
0.0
 11
-27.14200000000001
 21
4.492000000000018
 31
0.0
  0
LINE
  5
7C
330
1F
100
AcDbEntity
  8
AM_9
100
AcDbLine
 10
27.21
 20
53.25
 30
0.0
 11
27.21
 21
4.492
 31
0.0
  0
LINE
  5
7D
330
1F
100
AcDbEntity
  8
AM_9
100
AcDbLine
 10
27.896
 20
4.492
 30
0.0
 11
27.896
 21
53.25
 31
0.0
  0
LINE
  5
7E
330
1F
100
AcDbEntity
  8
AM_9
100
AcDbLine
 10
-27.93000000000001
 20
4.492
 30
0.0
 11
-27.93000000000001
 21
53.25
 31
0.0
  0
LINE
  5
7F
330
1F
100
AcDbEntity
  8
AM_9
100
AcDbLine
 10
-23.76095595396178
 20
53.573
 30
0.0
 11
-23.76095595396179
 21
5.999999999999995
 31
0.0
  0
LINE
  5
80
330
1F
100
AcDbEntity
  8
AM_9
100
AcDbLine
 10
23.76095595396178
 20
53.573
 30
0.0
 11
23.76095595396178
 21
5.999999999999999
 31
0.0
  0
LINE
  5
81
330
1F
100
AcDbEntity
  8
AM_9
100
AcDbLine
 10
-27.21
 20
4.492
 30
0.0
 11
-27.21
 21
53.25
 31
0.0
  0
LINE
  5
82
330
1F
100
AcDbEntity
  8
AM_9
100
AcDbLine
 10
-27.89600000000001
 20
53.25
 30
0.0
 11
-27.89600000000001
 21
4.492
 31
0.0
  0
LINE
  5
83
330
1F
100
AcDbEntity
  8
AM_9
100
AcDbLine
 10
-27.86200000000001
 20
53.25
 30
0.0
 11
-27.86200000000001
 21
6.000000000000021
 31
0.0
  0
LINE
  5
84
330
1F
100
AcDbEntity
  8
AM_9
100
AcDbLine
 10
-27.17600000000002
 20
53.25
 30
0.0
 11
-27.17600000000001
 21
4.492
 31
0.0
  0
LINE
  5
85
330
1F
100
AcDbEntity
  8
AM_9
100
AcDbLine
 10
-27.24400000000001
 20
53.25
 30
0.0
 11
-27.24400000000001
 21
6.000000000000021
 31
0.0
  0
LINE
  5
86
330
1F
100
AcDbEntity
  8
AM_9
100
AcDbLine
 10
27.244
 20
53.25
 30
0.0
 11
27.244
 21
6.000000000000021
 31
0.0
  0
LINE
  5
87
330
1F
100
AcDbEntity
  8
AM_9
100
AcDbLine
 10
27.176
 20
53.25
 30
0.0
 11
27.176
 21
4.492
 31
0.0
  0
LINE
  5
88
330
1F
100
AcDbEntity
  8
AM_9
100
AcDbLine
 10
27.93000000000001
 20
53.25
 30
0.0
 11
27.93
 21
4.492
 31
0.0
  0
LINE
  5
89
330
1F
100
AcDbEntity
  8
AM_9
100
AcDbLine
 10
27.862
 20
53.25
 30
0.0
 11
27.862
 21
6.000000000000021
 31
0.0
  0
LINE
  5
8A
330
1F
100
AcDbEntity
  8
AM_9
100
AcDbLine
 10
-7.228000000000002
 20
53.31
 30
0.0
 11
-7.228000000000002
 21
4.577999999999999
 31
0.0
  0
LINE
  5
8B
330
1F
100
AcDbEntity
  8
AM_9
100
AcDbLine
 10
7.227999999999996
 20
4.578
 30
0.0
 11
7.227999999999996
 21
53.31
 31
0.0
  0
LINE
  5
8C
330
1F
100
AcDbEntity
  8
AM_9
100
AcDbLine
 10
7.227999999999996
 20
53.31
 30
0.0
 11
-7.228000000000002
 21
53.31
 31
0.0
  0
LINE
  5
8D
330
1F
100
AcDbEntity
  8
AM_9
100
AcDbLine
 10
-7.228000000000002
 20
4.577999999999999
 30
0.0
 11
7.227999999999996
 21
4.578
 31
0.0
  0
ARC
  5
8E
330
1F
100
AcDbEntity
  8
AM_9
100
AcDbCircle
 10
-14.732
 20
0.8700000000000025
 30
0.0
 40
0.2500000000000018
100
AcDbArc
 50
180.0000000000005
 51
269.9999999999992
  0
LINE
  5
8F
330
1F
100
AcDbEntity
  8
AM_9
100
AcDbLine
 10
-14.982
 20
0.8700000000000003
 30
0.0
 11
-14.982
 21
2.49
 31
0.0
  0
ARC
  5
90
330
1F
100
AcDbEntity
  8
AM_9
100
AcDbCircle
 10
-14.732
 20
2.490000000000002
 30
0.0
 40
0.2499999999999982
100
AcDbArc
 50
89.99999999999957
 51
180.0000000000005
  0
LINE
  5
91
330
1F
100
AcDbEntity
  8
AM_9
100
AcDbLine
 10
-14.732
 20
2.74
 30
0.0
 11
-7.232000000000003
 21
2.74
 31
0.0
  0
ARC
  5
92
330
1F
100
AcDbEntity
  8
AM_9
100
AcDbCircle
 10
-7.232000000000002
 20
2.490000000000001
 30
0.0
 40
0.2499999999999991
100
AcDbArc
 50
359.9999999999998
 51
90.0000000000002
  0
LINE
  5
93
330
1F
100
AcDbEntity
  8
AM_9
100
AcDbLine
 10
-6.982000000000003
 20
2.49
 30
0.0
 11
-6.982000000000003
 21
0.87
 31
0.0
  0
ARC
  5
94
330
1F
100
AcDbEntity
  8
AM_9
100
AcDbCircle
 10
-7.232000000000006
 20
0.8700000000000031
 30
0.0
 40
0.2500000000000031
100
AcDbArc
 50
270.0000000000002
 51
359.9999999999993
  0
LINE
  5
95
330
1F
100
AcDbEntity
  8
AM_9
100
AcDbLine
 10
-14.732
 20
0.6200000000000015
 30
0.0
 11
-7.232000000000006
 21
0.62
 31
0.0
  0
ARC
  5
96
330
1F
100
AcDbEntity
  8
AM_9
100
AcDbCircle
 10
5.767999999999995
 20
0.8699999999999997
 30
0.0
 40
0.2499999999999982
100
AcDbArc
 50
179.9999999999998
 51
270.0000000000002
  0
LINE
  5
97
330
1F
100
AcDbEntity
  8
AM_9
100
AcDbLine
 10
5.517999999999997
 20
0.8700000000000003
 30
0.0
 11
5.517999999999998
 21
2.49
 31
0.0
  0
ARC
  5
98
330
1F
100
AcDbEntity
  8
AM_9
100
AcDbCircle
 10
5.767999999999998
 20
2.490000000000001
 30
0.0
 40
0.2499999999999996
100
AcDbArc
 50
90.0000000000002
 51
180.0000000000002
  0
LINE
  5
99
330
1F
100
AcDbEntity
  8
AM_9
100
AcDbLine
 10
5.767999999999997
 20
2.74
 30
0.0
 11
13.268
 21
2.74
 31
0.0
  0
ARC
  5
9A
330
1F
100
AcDbEntity
  8
AM_9
100
AcDbCircle
 10
13.26799999999999
 20
2.489999999999997
 30
0.0
 40
0.2500000000000053
100
AcDbArc
 50
0.0000000000006107
 51
89.99999999999876
  0
LINE
  5
9B
330
1F
100
AcDbEntity
  8
AM_9
100
AcDbLine
 10
13.518
 20
2.49
 30
0.0
 11
13.518
 21
0.87
 31
0.0
  0
ARC
  5
9C
330
1F
100
AcDbEntity
  8
AM_9
100
AcDbCircle
 10
13.268
 20
0.8699999999999954
 30
0.0
 40
0.2499999999999954
100
AcDbArc
 50
269.9999999999987
 51
0.0000000000010432
  0
LINE
  5
9D
330
1F
100
AcDbEntity
  8
AM_9
100
AcDbLine
 10
5.767999999999996
 20
0.6200000000000009
 30
0.0
 11
13.268
 21
0.62
 31
0.0
  0
LINE
  5
9E
330
1F
100
AcDbEntity
  8
AM_9
100
AcDbLine
 10
-29.562
 20
53.25
 30
0.0
 11
-29.562
 21
6.000000000000021
 31
0.0
  0
LINE
  5
9F
330
1F
100
AcDbEntity
  8
AM_9
100
AcDbLine
 10
29.562
 20
53.25
 30
0.0
 11
29.562
 21
6.000000000000021
 31
0.0
  0
LINE
  5
A0
330
1F
100
AcDbEntity
  8
AM_9
100
AcDbLine
 10
-29.52800000000001
 20
53.25
 30
0.0
 11
-29.52800000000001
 21
6.000000000000021
 31
0.0
  0
LINE
  5
A1
330
1F
100
AcDbEntity
  8
AM_9
100
AcDbLine
 10
-29.7635
 20
53.25
 30
0.0
 11
-26.585
 21
53.25
 31
0.0
  0
LINE
  5
A2
330
1F
100
AcDbEntity
  8
AM_9
100
AcDbLine
 10
-29.59600000000001
 20
53.25
 30
0.0
 11
-29.59600000000001
 21
6.000000000000021
 31
0.0
  0
LINE
  5
A3
330
1F
100
AcDbEntity
  8
AM_9
100
AcDbLine
 10
26.58499999999999
 20
53.25
 30
0.0
 11
29.7635
 21
53.25
 31
0.0
  0
LINE
  5
A4
330
1F
100
AcDbEntity
  8
AM_9
100
AcDbLine
 10
29.596
 20
53.25
 30
0.0
 11
29.596
 21
6.000000000000021
 31
0.0
  0
LINE
  5
A5
330
1F
100
AcDbEntity
  8
AM_9
100
AcDbLine
 10
29.528
 20
53.25
 30
0.0
 11
29.528
 21
6.000000000000021
 31
0.0
  0
LINE
  5
A7
330
1F
100
AcDbEntity
  8
AM_4
100
AcDbLine
 10
30.113
 20
29.71530366252916
 30
0.0
 11
30.113
 21
4.492000000000018
 31
0.0
  0
LINE
  5
A8
330
1F
100
AcDbEntity
  8
AM_9
100
AcDbLine
 10
30.113
 20
29.75050305266311
 30
0.0
 11
30.113
 21
29.71530366252916
 31
0.0
  0
LINE
  5
A9
330
1F
100
AcDbEntity
  8
AM_4
100
AcDbLine
 10
30.113
 20
53.25
 30
0.0
 11
30.113
 21
29.75050305266311
 31
0.0
  0
LINE
  5
AA
330
1F
100
AcDbEntity
  8
AM_4
100
AcDbLine
 10
-30.11300000000001
 20
27.675
 30
0.0
 11
-30.11300000000001
 21
4.492000000000018
 31
0.0
  0
LINE
  5
AB
330
1F
100
AcDbEntity
  8
AM_9
100
AcDbLine
 10
-30.11300000000001
 20
28.425
 30
0.0
 11
-30.11300000000001
 21
27.675
 31
0.0
  0
LINE
  5
AC
330
1F
100
AcDbEntity
  8
AM_4
100
AcDbLine
 10
-30.11300000000001
 20
53.25
 30
0.0
 11
-30.11300000000001
 21
28.425
 31
0.0
  0
LINE
  5
AE
330
1F
100
AcDbEntity
  8
AM_0
100
AcDbLine
 10
-30.181
 20
27.675
 30
0.0
 11
-30.181
 21
0.0
 31
0.0
  0
LINE
  5
AF
330
1F
100
AcDbEntity
  8
AM_9
100
AcDbLine
 10
-30.181
 20
28.425
 30
0.0
 11
-30.181
 21
27.675
 31
0.0
  0
LINE
  5
B0
330
1F
100
AcDbEntity
  8
AM_0
100
AcDbLine
 10
-30.181
 20
53.25
 30
0.0
 11
-30.181
 21
28.425
 31
0.0
  0
LINE
  5
B1
330
1F
100
AcDbEntity
  8
AM_0
100
AcDbLine
 10
-30.14700000000001
 20
27.675
 30
0.0
 11
-30.14700000000001
 21
4.492000000000018
 31
0.0
  0
LINE
  5
B2
330
1F
100
AcDbEntity
  8
AM_9
100
AcDbLine
 10
-30.14700000000001
 20
28.425
 30
0.0
 11
-30.14700000000001
 21
27.675
 31
0.0
  0
LINE
  5
B3
330
1F
100
AcDbEntity
  8
AM_0
100
AcDbLine
 10
-30.14700000000001
 20
53.25
 30
0.0
 11
-30.14700000000001
 21
28.425
 31
0.0
  0
LINE
  5
B4
330
1F
100
AcDbEntity
  8
AM_0
100
AcDbLine
 10
-30.181
 20
53.25
 30
0.0
 11
-29.7635
 21
53.25
 31
0.0
  0
LINE
  5
B5
330
1F
100
AcDbEntity
  8
AM_9
100
AcDbLine
 10
30.147
 20
1.723451631716999
 30
0.0
 11
30.147
 21
0.0
 31
0.0
  0
LINE
  5
B6
330
1F
100
AcDbEntity
  8
AM_9
100
AcDbLine
 10
-30.14700000000001
 20
4.003000000000017
 30
0.0
 11
-30.14700000000001
 21
2.276548368283001
 31
0.0
  0
LINE
  5
B7
330
1F
100
AcDbEntity
  8
AM_9
100
AcDbLine
 10
-30.14700000000001
 20
1.723451631717007
 30
0.0
 11
-30.14700000000001
 21
0.0
 31
0.0
  0
LINE
  5
B8
330
1F
100
AcDbEntity
  8
AM_0
100
AcDbLine
 10
30.181
 20
29.69708311744384
 30
0.0
 11
30.181
 21
0.0
 31
0.0
  0
LINE
  5
B9
330
1F
100
AcDbEntity
  8
AM_9
100
AcDbLine
 10
30.181
 20
29.73228250757779
 30
0.0
 11
30.181
 21
29.69708311744384
 31
0.0
  0
LINE
  5
BA
330
1F
100
AcDbEntity
  8
AM_0
100
AcDbLine
 10
30.181
 20
53.25
 30
0.0
 11
30.181
 21
29.73228250757779
 31
0.0
  0
LINE
  5
BB
330
1F
100
AcDbEntity
  8
AM_0
100
AcDbLine
 10
29.7635
 20
53.25
 30
0.0
 11
30.181
 21
53.25
 31
0.0
  0
LINE
  5
BC
330
1F
100
AcDbEntity
  8
AM_0
100
AcDbLine
 10
30.147
 20
29.7061933899865
 30
0.0
 11
30.147
 21
4.492000000000018
 31
0.0
  0
LINE
  5
BD
330
1F
100
AcDbEntity
  8
AM_9
100
AcDbLine
 10
30.147
 20
29.74139278012045
 30
0.0
 11
30.147
 21
29.7061933899865
 31
0.0
  0
LINE
  5
BE
330
1F
100
AcDbEntity
  8
AM_0
100
AcDbLine
 10
30.147
 20
53.25
 30
0.0
 11
30.147
 21
29.74139278012045
 31
0.0
  0
LINE
  5
BF
330
1F
100
AcDbEntity
  8
AM_9
100
AcDbLine
 10
16.81652683326086
 20
54.6167758846658
 30
0.0
 11
16.81652683326086
 21
54.6
 31
0.0
  0
LINE
  5
C0
330
1F
100
AcDbEntity
  8
AM_9
100
AcDbLine
 10
17.1188616169154
 20
54.61677588464964
 30
0.0
 11
16.81652683326086
 21
54.6167758846658
 31
0.0
  0
LINE
  5
C1
330
1F
100
AcDbEntity
  8
AM_9
100
AcDbLine
 10
-10.51947316673914
 20
54.6167758846658
 30
0.0
 11
-10.51947316673914
 21
54.6
 31
0.0
  0
LINE
  5
C2
330
1F
100
AcDbEntity
  8
AM_9
100
AcDbLine
 10
-10.21713838311499
 20
54.61677588466848
 30
0.0
 11
-10.51947316673914
 21
54.6167758846658
 31
0.0
  0
LINE
  5
C3
330
1F
100
AcDbEntity
  8
AM_9
100
AcDbLine
 10
-28.10082643013961
 20
11.6420000000001
 30
0.0
 11
-28.10082643013961
 21
11.5910000000001
 31
0.0
  0
LINE
  5
C4
330
1F
100
AcDbEntity
  8
AM_9
100
AcDbLine
 10
-28.10082643013961
 20
38.65200000000009
 30
0.0
 11
-28.10082643013961
 21
38.60100000000008
 31
0.0
  0
LINE
  5
C5
330
1F
100
AcDbEntity
  8
AM_9
100
AcDbLine
 10
-28.10082643013961
 20
30.51200000000012
 30
0.0
 11
-28.10082643013961
 21
30.46100000000012
 31
0.0
  0
LINE
  5
C6
330
1F
100
AcDbEntity
  8
AM_9
100
AcDbLine
 10
-28.10082643013961
 20
49.01200000000001
 30
0.0
 11
-28.10082643013961
 21
48.96100000000001
 31
0.0
  0
LINE
  5
C7
330
1F
100
AcDbEntity
  8
AM_9
100
AcDbLine
 10
-28.10082643013961
 20
46.42200000000003
 30
0.0
 11
-28.10082643013961
 21
46.37100000000003
 31
0.0
  0
LINE
  5
C8
330
1F
100
AcDbEntity
  8
AM_9
100
AcDbLine
 10
-28.10082643013961
 20
36.0620000000001
 30
0.0
 11
-28.10082643013961
 21
36.0110000000001
 31
0.0
  0
LINE
  5
C9
330
1F
100
AcDbEntity
  8
AM_9
100
AcDbLine
 10
-28.10082643013961
 20
8.682000000000102
 30
0.0
 11
-28.10082643013961
 21
8.6310000000001
 31
0.0
  0
LINE
  5
CA
330
1F
100
AcDbEntity
  8
AM_9
100
AcDbLine
 10
-28.10082643013961
 20
50.492
 30
0.0
 11
-28.10082643013961
 21
50.441
 31
0.0
  0
LINE
  5
CB
330
1F
100
AcDbEntity
  8
AM_9
100
AcDbLine
 10
-28.10082643013961
 20
19.7820000000001
 30
0.0
 11
-28.10082643013961
 21
19.73100000000009
 31
0.0
  0
LINE
  5
CC
330
1F
100
AcDbEntity
  8
AM_9
100
AcDbLine
 10
-28.10082643013961
 20
18.30200000000009
 30
0.0
 11
-28.10082643013961
 21
18.25100000000009
 31
0.0
  0
LINE
  5
CD
330
1F
100
AcDbEntity
  8
AM_9
100
AcDbLine
 10
-28.10082643013961
 20
7.5720000000001
 30
0.0
 11
-28.10082643013961
 21
7.521000000000097
 31
0.0
  0
LINE
  5
CE
330
1F
100
AcDbEntity
  8
AM_9
100
AcDbLine
 10
-28.10082643013961
 20
13.12200000000009
 30
0.0
 11
-28.10082643013961
 21
13.07100000000009
 31
0.0
  0
LINE
  5
CF
330
1F
100
AcDbEntity
  8
AM_9
100
AcDbLine
 10
-28.10082643013961
 20
29.40200000000012
 30
0.0
 11
-28.10082643013961
 21
29.35100000000012
 31
0.0
  0
LINE
  5
D0
330
1F
100
AcDbEntity
  8
AM_9
100
AcDbLine
 10
-28.10082643013961
 20
19.41200000000009
 30
0.0
 11
-28.10082643013961
 21
19.36100000000009
 31
0.0
  0
LINE
  5
D1
330
1F
100
AcDbEntity
  8
AM_9
100
AcDbLine
 10
-28.10082643013961
 20
40.13200000000008
 30
0.0
 11
-28.10082643013961
 21
40.08100000000007
 31
0.0
  0
LINE
  5
D2
330
1F
100
AcDbEntity
  8
AM_9
100
AcDbLine
 10
-28.10082643013961
 20
7.202000000000099
 30
0.0
 11
-28.10082643013961
 21
7.151000000000097
 31
0.0
  0
LINE
  5
D3
330
1F
100
AcDbEntity
  8
AM_9
100
AcDbLine
 10
-28.10082643013961
 20
6.832000000000106
 30
0.0
 11
-28.10082643013961
 21
6.781000000000104
 31
0.0
  0
LINE
  5
D4
330
1F
100
AcDbEntity
  8
AM_9
100
AcDbLine
 10
-28.10082643013961
 20
29.03200000000012
 30
0.0
 11
-28.10082643013961
 21
28.98100000000012
 31
0.0
  0
LINE
  5
D5
330
1F
100
AcDbEntity
  8
AM_9
100
AcDbLine
 10
-28.10082643013961
 20
28.29200000000012
 30
0.0
 11
-28.10082643013961
 21
28.24100000000012
 31
0.0
  0
LINE
  5
D6
330
1F
100
AcDbEntity
  8
AM_9
100
AcDbLine
 10
-28.10082643013961
 20
8.3120000000001
 30
0.0
 11
-28.10082643013961
 21
8.261000000000099
 31
0.0
  0
LINE
  5
D7
330
1F
100
AcDbEntity
  8
AM_9
100
AcDbLine
 10
-28.10082643013961
 20
7.942000000000101
 30
0.0
 11
-28.10082643013961
 21
7.891000000000098
 31
0.0
  0
LINE
  5
D8
330
1F
100
AcDbEntity
  8
AM_9
100
AcDbLine
 10
-28.10082643013961
 20
6.462000000000106
 30
0.0
 11
-28.10082643013961
 21
6.411000000000104
 31
0.0
  0
LINE
  5
D9
330
1F
100
AcDbEntity
  8
AM_9
100
AcDbLine
 10
-28.10082643013961
 20
28.66200000000012
 30
0.0
 11
-28.10082643013961
 21
28.61100000000012
 31
0.0
  0
LINE
  5
DA
330
1F
100
AcDbEntity
  8
AM_9
100
AcDbLine
 10
-28.10082643013961
 20
45.68200000000004
 30
0.0
 11
-28.10082643013961
 21
45.63100000000004
 31
0.0
  0
LINE
  5
DB
330
1F
100
AcDbEntity
  8
AM_9
100
AcDbLine
 10
-28.10082643013961
 20
49.38200000000001
 30
0.0
 11
-28.10082643013961
 21
49.33100000000001
 31
0.0
  0
LINE
  5
DC
330
1F
100
AcDbEntity
  8
AM_9
100
AcDbLine
 10
-28.10082643013961
 20
44.20200000000005
 30
0.0
 11
-28.10082643013961
 21
44.15100000000005
 31
0.0
  0
LINE
  5
DD
330
1F
100
AcDbEntity
  8
AM_9
100
AcDbLine
 10
-28.10082643013961
 20
51.232
 30
0.0
 11
-28.10082643013961
 21
51.181
 31
0.0
  0
LINE
  5
DE
330
1F
100
AcDbEntity
  8
AM_9
100
AcDbLine
 10
-28.10082643013961
 20
47.90200000000002
 30
0.0
 11
-28.10082643013961
 21
47.85100000000001
 31
0.0
  0
LINE
  5
DF
330
1F
100
AcDbEntity
  8
AM_9
100
AcDbLine
 10
-28.10082643013961
 20
39.76200000000008
 30
0.0
 11
-28.10082643013961
 21
39.71100000000008
 31
0.0
  0
LINE
  5
E0
330
1F
100
AcDbEntity
  8
AM_9
100
AcDbLine
 10
-28.10082643013961
 20
27.55200000000012
 30
0.0
 11
-28.10082643013961
 21
27.50100000000011
 31
0.0
  0
LINE
  5
E1
330
1F
100
AcDbEntity
  8
AM_9
100
AcDbLine
 10
-28.10082643013961
 20
40.87200000000008
 30
0.0
 11
-28.10082643013961
 21
40.82100000000007
 31
0.0
  0
LINE
  5
E2
330
1F
100
AcDbEntity
  8
AM_9
100
AcDbLine
 10
-28.10082643013961
 20
16.82200000000009
 30
0.0
 11
-28.10082643013961
 21
16.77100000000009
 31
0.0
  0
LINE
  5
E3
330
1F
100
AcDbEntity
  8
AM_9
100
AcDbLine
 10
-28.10082643013961
 20
50.12200000000001
 30
0.0
 11
-28.10082643013961
 21
50.07100000000001
 31
0.0
  0
LINE
  5
E4
330
1F
100
AcDbEntity
  8
AM_9
100
AcDbLine
 10
-28.10082643013961
 20
27.18200000000012
 30
0.0
 11
-28.10082643013961
 21
27.13100000000011
 31
0.0
  0
LINE
  5
E5
330
1F
100
AcDbEntity
  8
AM_9
100
AcDbLine
 10
-28.10082643013961
 20
35.32200000000011
 30
0.0
 11
-28.10082643013961
 21
35.27100000000011
 31
0.0
  0
LINE
  5
E6
330
1F
100
AcDbEntity
  8
AM_9
100
AcDbLine
 10
-28.10082643013961
 20
29.77200000000012
 30
0.0
 11
-28.10082643013961
 21
29.72100000000012
 31
0.0
  0
LINE
  5
E7
330
1F
100
AcDbEntity
  8
AM_9
100
AcDbLine
 10
-28.10082643013961
 20
46.05200000000004
 30
0.0
 11
-28.10082643013961
 21
46.00100000000003
 31
0.0
  0
LINE
  5
E8
330
1F
100
AcDbEntity
  8
AM_9
100
AcDbLine
 10
-28.10082643013961
 20
36.4320000000001
 30
0.0
 11
-28.10082643013961
 21
36.3810000000001
 31
0.0
  0
LINE
  5
E9
330
1F
100
AcDbEntity
  8
AM_9
100
AcDbLine
 10
-28.10082643013961
 20
13.49200000000009
 30
0.0
 11
-28.10082643013961
 21
13.44100000000009
 31
0.0
  0
LINE
  5
EA
330
1F
100
AcDbEntity
  8
AM_9
100
AcDbLine
 10
-28.10082643013961
 20
34.95200000000011
 30
0.0
 11
-28.10082643013961
 21
34.90100000000011
 31
0.0
  0
LINE
  5
EB
330
1F
100
AcDbEntity
  8
AM_9
100
AcDbLine
 10
-28.10082643013961
 20
50.86199999999999
 30
0.0
 11
-28.10082643013961
 21
50.81099999999999
 31
0.0
  0
LINE
  5
EC
330
1F
100
AcDbEntity
  8
AM_9
100
AcDbLine
 10
-28.10082643013961
 20
37.54200000000009
 30
0.0
 11
-28.10082643013961
 21
37.49100000000009
 31
0.0
  0
LINE
  5
ED
330
1F
100
AcDbEntity
  8
AM_9
100
AcDbLine
 10
-28.10082643013961
 20
32.36200000000013
 30
0.0
 11
-28.10082643013961
 21
32.31100000000013
 31
0.0
  0
LINE
  5
EE
330
1F
100
AcDbEntity
  8
AM_9
100
AcDbLine
 10
-28.10082643013961
 20
25.33200000000011
 30
0.0
 11
-28.10082643013961
 21
25.28100000000011
 31
0.0
  0
LINE
  5
EF
330
1F
100
AcDbEntity
  8
AM_9
100
AcDbLine
 10
-28.10082643013961
 20
34.58200000000011
 30
0.0
 11
-28.10082643013961
 21
34.53100000000011
 31
0.0
  0
LINE
  5
F0
330
1F
100
AcDbEntity
  8
AM_9
100
AcDbLine
 10
-28.10082643013961
 20
23.85200000000011
 30
0.0
 11
-28.10082643013961
 21
23.8010000000001
 31
0.0
  0
LINE
  5
F1
330
1F
100
AcDbEntity
  8
AM_9
100
AcDbLine
 10
-28.10082643013961
 20
45.31200000000004
 30
0.0
 11
-28.10082643013961
 21
45.26100000000004
 31
0.0
  0
LINE
  5
F2
330
1F
100
AcDbEntity
  8
AM_9
100
AcDbLine
 10
-28.10082643013961
 20
10.16200000000009
 30
0.0
 11
-28.10082643013961
 21
10.11100000000009
 31
0.0
  0
LINE
  5
F3
330
1F
100
AcDbEntity
  8
AM_9
100
AcDbLine
 10
-28.10082643013961
 20
30.14200000000012
 30
0.0
 11
-28.10082643013961
 21
30.09100000000012
 31
0.0
  0
LINE
  5
F4
330
1F
100
AcDbEntity
  8
AM_9
100
AcDbLine
 10
-28.10082643013961
 20
15.34200000000009
 30
0.0
 11
-28.10082643013961
 21
15.29100000000009
 31
0.0
  0
LINE
  5
F5
330
1F
100
AcDbEntity
  8
AM_9
100
AcDbLine
 10
-28.10082643013961
 20
17.93200000000009
 30
0.0
 11
-28.10082643013961
 21
17.88100000000009
 31
0.0
  0
LINE
  5
F6
330
1F
100
AcDbEntity
  8
AM_9
100
AcDbLine
 10
-28.10082643013961
 20
39.39200000000008
 30
0.0
 11
-28.10082643013961
 21
39.34100000000008
 31
0.0
  0
LINE
  5
F7
330
1F
100
AcDbEntity
  8
AM_9
100
AcDbLine
 10
-28.10082643013961
 20
41.98200000000006
 30
0.0
 11
-28.10082643013961
 21
41.93100000000005
 31
0.0
  0
LINE
  5
F8
330
1F
100
AcDbEntity
  8
AM_9
100
AcDbLine
 10
-28.10082643013961
 20
20.5220000000001
 30
0.0
 11
-28.10082643013961
 21
20.4710000000001
 31
0.0
  0
LINE
  5
F9
330
1F
100
AcDbEntity
  8
AM_9
100
AcDbLine
 10
-28.10082643013961
 20
36.8020000000001
 30
0.0
 11
-28.10082643013961
 21
36.7510000000001
 31
0.0
  0
LINE
  5
FA
330
1F
100
AcDbEntity
  8
AM_9
100
AcDbLine
 10
-28.10082643013961
 20
17.56200000000009
 30
0.0
 11
-28.10082643013961
 21
17.51100000000009
 31
0.0
  0
LINE
  5
FB
330
1F
100
AcDbEntity
  8
AM_9
100
AcDbLine
 10
-28.10082643013961
 20
20.1520000000001
 30
0.0
 11
-28.10082643013961
 21
20.1010000000001
 31
0.0
  0
LINE
  5
FC
330
1F
100
AcDbEntity
  8
AM_9
100
AcDbLine
 10
-28.10082643013961
 20
41.61200000000007
 30
0.0
 11
-28.10082643013961
 21
41.56100000000006
 31
0.0
  0
LINE
  5
FD
330
1F
100
AcDbEntity
  8
AM_9
100
AcDbLine
 10
-28.10082643013961
 20
18.67200000000009
 30
0.0
 11
-28.10082643013961
 21
18.62100000000009
 31
0.0
  0
LINE
  5
FE
330
1F
100
AcDbEntity
  8
AM_9
100
AcDbLine
 10
-28.10082643013961
 20
9.052000000000103
 30
0.0
 11
-28.10082643013961
 21
9.0010000000001
 31
0.0
  0
LINE
  5
FF
330
1F
100
AcDbEntity
  8
AM_9
100
AcDbLine
 10
-28.10082643013961
 20
27.92200000000011
 30
0.0
 11
-28.10082643013961
 21
27.87100000000011
 31
0.0
  0
LINE
  5
100
330
1F
100
AcDbEntity
  8
AM_9
100
AcDbLine
 10
-28.10082643013961
 20
12.0120000000001
 30
0.0
 11
-28.10082643013961
 21
11.9610000000001
 31
0.0
  0
LINE
  5
101
330
1F
100
AcDbEntity
  8
AM_9
100
AcDbLine
 10
-28.10082643013961
 20
46.79200000000003
 30
0.0
 11
-28.10082643013961
 21
46.74100000000003
 31
0.0
  0
LINE
  5
102
330
1F
100
AcDbEntity
  8
AM_9
100
AcDbLine
 10
-28.10082643013961
 20
42.72200000000006
 30
0.0
 11
-28.10082643013961
 21
42.67100000000006
 31
0.0
  0
LINE
  5
103
330
1F
100
AcDbEntity
  8
AM_9
100
AcDbLine
 10
-28.10082643013961
 20
14.23200000000009
 30
0.0
 11
-28.10082643013961
 21
14.18100000000008
 31
0.0
  0
LINE
  5
104
330
1F
100
AcDbEntity
  8
AM_9
100
AcDbLine
 10
-28.10082643013961
 20
35.69200000000011
 30
0.0
 11
-28.10082643013961
 21
35.6410000000001
 31
0.0
  0
LINE
  5
105
330
1F
100
AcDbEntity
  8
AM_9
100
AcDbLine
 10
-28.10082643013961
 20
24.96200000000011
 30
0.0
 11
-28.10082643013961
 21
24.91100000000011
 31
0.0
  0
LINE
  5
106
330
1F
100
AcDbEntity
  8
AM_9
100
AcDbLine
 10
-28.10082643013961
 20
43.83200000000006
 30
0.0
 11
-28.10082643013961
 21
43.78100000000005
 31
0.0
  0
LINE
  5
107
330
1F
100
AcDbEntity
  8
AM_9
100
AcDbLine
 10
-28.10082643013961
 20
23.48200000000011
 30
0.0
 11
-28.10082643013961
 21
23.4310000000001
 31
0.0
  0
LINE
  5
108
330
1F
100
AcDbEntity
  8
AM_9
100
AcDbLine
 10
-28.10082643013961
 20
13.86200000000009
 30
0.0
 11
-28.10082643013961
 21
13.81100000000009
 31
0.0
  0
LINE
  5
109
330
1F
100
AcDbEntity
  8
AM_9
100
AcDbLine
 10
-28.10082643013961
 20
16.45200000000009
 30
0.0
 11
-28.10082643013961
 21
16.40100000000009
 31
0.0
  0
LINE
  5
10A
330
1F
100
AcDbEntity
  8
AM_9
100
AcDbLine
 10
-28.10082643013961
 20
24.59200000000011
 30
0.0
 11
-28.10082643013961
 21
24.54100000000011
 31
0.0
  0
LINE
  5
10B
330
1F
100
AcDbEntity
  8
AM_9
100
AcDbLine
 10
-28.10082643013961
 20
43.46200000000005
 30
0.0
 11
-28.10082643013961
 21
43.41100000000005
 31
0.0
  0
LINE
  5
10C
330
1F
100
AcDbEntity
  8
AM_9
100
AcDbLine
 10
-28.10082643013961
 20
37.91200000000009
 30
0.0
 11
-28.10082643013961
 21
37.86100000000009
 31
0.0
  0
LINE
  5
10D
330
1F
100
AcDbEntity
  8
AM_9
100
AcDbLine
 10
-28.10082643013961
 20
49.75200000000001
 30
0.0
 11
-28.10082643013961
 21
49.70100000000001
 31
0.0
  0
LINE
  5
10E
330
1F
100
AcDbEntity
  8
AM_9
100
AcDbLine
 10
-28.10082643013961
 20
40.50200000000007
 30
0.0
 11
-28.10082643013961
 21
40.45100000000007
 31
0.0
  0
LINE
  5
10F
330
1F
100
AcDbEntity
  8
AM_9
100
AcDbLine
 10
-28.10082643013961
 20
24.22200000000011
 30
0.0
 11
-28.10082643013961
 21
24.17100000000011
 31
0.0
  0
LINE
  5
110
330
1F
100
AcDbEntity
  8
AM_9
100
AcDbLine
 10
-28.10082643013961
 20
16.08200000000009
 30
0.0
 11
-28.10082643013961
 21
16.03100000000009
 31
0.0
  0
LINE
  5
111
330
1F
100
AcDbEntity
  8
AM_9
100
AcDbLine
 10
-28.10082643013961
 20
22.7420000000001
 30
0.0
 11
-28.10082643013961
 21
22.6910000000001
 31
0.0
  0
LINE
  5
112
330
1F
100
AcDbEntity
  8
AM_9
100
AcDbLine
 10
-28.10082643013961
 20
44.94200000000004
 30
0.0
 11
-28.10082643013961
 21
44.89100000000003
 31
0.0
  0
LINE
  5
113
330
1F
100
AcDbEntity
  8
AM_9
100
AcDbLine
 10
-28.10082643013961
 20
26.44200000000011
 30
0.0
 11
-28.10082643013961
 21
26.39100000000011
 31
0.0
  0
LINE
  5
114
330
1F
100
AcDbEntity
  8
AM_9
100
AcDbLine
 10
-28.10082643013961
 20
10.5320000000001
 30
0.0
 11
-28.10082643013961
 21
10.48100000000009
 31
0.0
  0
LINE
  5
115
330
1F
100
AcDbEntity
  8
AM_9
100
AcDbLine
 10
-28.10082643013961
 20
15.71200000000009
 30
0.0
 11
-28.10082643013961
 21
15.66100000000009
 31
0.0
  0
LINE
  5
116
330
1F
100
AcDbEntity
  8
AM_9
100
AcDbLine
 10
-28.10082643013961
 20
33.10200000000012
 30
0.0
 11
-28.10082643013961
 21
33.05100000000012
 31
0.0
  0
LINE
  5
117
330
1F
100
AcDbEntity
  8
AM_9
100
AcDbLine
 10
-28.10082643013961
 20
37.1720000000001
 30
0.0
 11
-28.10082643013961
 21
37.12100000000009
 31
0.0
  0
LINE
  5
118
330
1F
100
AcDbEntity
  8
AM_9
100
AcDbLine
 10
-28.10082643013961
 20
31.62200000000013
 30
0.0
 11
-28.10082643013961
 21
31.57100000000013
 31
0.0
  0
LINE
  5
119
330
1F
100
AcDbEntity
  8
AM_9
100
AcDbLine
 10
-28.10082643013961
 20
43.09200000000006
 30
0.0
 11
-28.10082643013961
 21
43.04100000000005
 31
0.0
  0
LINE
  5
11A
330
1F
100
AcDbEntity
  8
AM_9
100
AcDbLine
 10
-28.10082643013961
 20
12.75200000000009
 30
0.0
 11
-28.10082643013961
 21
12.70100000000009
 31
0.0
  0
LINE
  5
11B
330
1F
100
AcDbEntity
  8
AM_9
100
AcDbLine
 10
-28.10082643013961
 20
22.0020000000001
 30
0.0
 11
-28.10082643013961
 21
21.9510000000001
 31
0.0
  0
LINE
  5
11C
330
1F
100
AcDbEntity
  8
AM_9
100
AcDbLine
 10
-28.10082643013961
 20
34.21200000000012
 30
0.0
 11
-28.10082643013961
 21
34.16100000000012
 31
0.0
  0
LINE
  5
11D
330
1F
100
AcDbEntity
  8
AM_9
100
AcDbLine
 10
-28.10082643013961
 20
39.02200000000008
 30
0.0
 11
-28.10082643013961
 21
38.97100000000008
 31
0.0
  0
LINE
  5
11E
330
1F
100
AcDbEntity
  8
AM_9
100
AcDbLine
 10
-28.10082643013961
 20
23.11200000000011
 30
0.0
 11
-28.10082643013961
 21
23.0610000000001
 31
0.0
  0
LINE
  5
11F
330
1F
100
AcDbEntity
  8
AM_9
100
AcDbLine
 10
-28.10082643013961
 20
25.70200000000011
 30
0.0
 11
-28.10082643013961
 21
25.65100000000011
 31
0.0
  0
LINE
  5
120
330
1F
100
AcDbEntity
  8
AM_9
100
AcDbLine
 10
-28.10082643013961
 20
44.57200000000005
 30
0.0
 11
-28.10082643013961
 21
44.52100000000004
 31
0.0
  0
LINE
  5
121
330
1F
100
AcDbEntity
  8
AM_9
100
AcDbLine
 10
-28.10082643013961
 20
17.19200000000009
 30
0.0
 11
-28.10082643013961
 21
17.14100000000009
 31
0.0
  0
LINE
  5
122
330
1F
100
AcDbEntity
  8
AM_9
100
AcDbLine
 10
-28.10082643013961
 20
20.8920000000001
 30
0.0
 11
-28.10082643013961
 21
20.8410000000001
 31
0.0
  0
LINE
  5
123
330
1F
100
AcDbEntity
  8
AM_9
100
AcDbLine
 10
-28.10082643013961
 20
26.07200000000011
 30
0.0
 11
-28.10082643013961
 21
26.02100000000011
 31
0.0
  0
LINE
  5
124
330
1F
100
AcDbEntity
  8
AM_9
100
AcDbLine
 10
-28.10082643013961
 20
9.792000000000096
 30
0.0
 11
-28.10082643013961
 21
9.741000000000092
 31
0.0
  0
LINE
  5
125
330
1F
100
AcDbEntity
  8
AM_9
100
AcDbLine
 10
-28.10082643013961
 20
38.28200000000009
 30
0.0
 11
-28.10082643013961
 21
38.23100000000009
 31
0.0
  0
LINE
  5
126
330
1F
100
AcDbEntity
  8
AM_9
100
AcDbLine
 10
-28.10082643013961
 20
48.64200000000002
 30
0.0
 11
-28.10082643013961
 21
48.59100000000002
 31
0.0
  0
LINE
  5
127
330
1F
100
AcDbEntity
  8
AM_9
100
AcDbLine
 10
-28.10082643013961
 20
31.99200000000013
 30
0.0
 11
-28.10082643013961
 21
31.94100000000013
 31
0.0
  0
LINE
  5
128
330
1F
100
AcDbEntity
  8
AM_9
100
AcDbLine
 10
-28.10082643013961
 20
41.24200000000007
 30
0.0
 11
-28.10082643013961
 21
41.19100000000007
 31
0.0
  0
LINE
  5
129
330
1F
100
AcDbEntity
  8
AM_9
100
AcDbLine
 10
-28.10082643013961
 20
12.38200000000009
 30
0.0
 11
-28.10082643013961
 21
12.33100000000009
 31
0.0
  0
LINE
  5
12A
330
1F
100
AcDbEntity
  8
AM_9
100
AcDbLine
 10
-28.10082643013961
 20
26.81200000000011
 30
0.0
 11
-28.10082643013961
 21
26.76100000000011
 31
0.0
  0
LINE
  5
12B
330
1F
100
AcDbEntity
  8
AM_9
100
AcDbLine
 10
-28.10082643013961
 20
48.27200000000002
 30
0.0
 11
-28.10082643013961
 21
48.22100000000002
 31
0.0
  0
LINE
  5
12C
330
1F
100
AcDbEntity
  8
AM_9
100
AcDbLine
 10
-28.10082643013961
 20
42.35200000000006
 30
0.0
 11
-28.10082643013961
 21
42.30100000000006
 31
0.0
  0
LINE
  5
12D
330
1F
100
AcDbEntity
  8
AM_9
100
AcDbLine
 10
-28.10082643013961
 20
19.04200000000009
 30
0.0
 11
-28.10082643013961
 21
18.99100000000009
 31
0.0
  0
LINE
  5
12E
330
1F
100
AcDbEntity
  8
AM_9
100
AcDbLine
 10
-28.10082643013961
 20
22.3720000000001
 30
0.0
 11
-28.10082643013961
 21
22.3210000000001
 31
0.0
  0
LINE
  5
12F
330
1F
100
AcDbEntity
  8
AM_9
100
AcDbLine
 10
-28.10082643013961
 20
21.2620000000001
 30
0.0
 11
-28.10082643013961
 21
21.2110000000001
 31
0.0
  0
LINE
  5
130
330
1F
100
AcDbEntity
  8
AM_9
100
AcDbLine
 10
-28.10082643013961
 20
32.73200000000013
 30
0.0
 11
-28.10082643013961
 21
32.68100000000013
 31
0.0
  0
LINE
  5
131
330
1F
100
AcDbEntity
  8
AM_9
100
AcDbLine
 10
-28.10082643013961
 20
14.60200000000009
 30
0.0
 11
-28.10082643013961
 21
14.55100000000008
 31
0.0
  0
LINE
  5
132
330
1F
100
AcDbEntity
  8
AM_9
100
AcDbLine
 10
-28.10082643013961
 20
33.84200000000012
 30
0.0
 11
-28.10082643013961
 21
33.79100000000012
 31
0.0
  0
LINE
  5
133
330
1F
100
AcDbEntity
  8
AM_9
100
AcDbLine
 10
-28.10082643013961
 20
9.422000000000104
 30
0.0
 11
-28.10082643013961
 21
9.3710000000001
 31
0.0
  0
LINE
  5
134
330
1F
100
AcDbEntity
  8
AM_9
100
AcDbLine
 10
-28.10082643013961
 20
30.88200000000013
 30
0.0
 11
-28.10082643013961
 21
30.83100000000012
 31
0.0
  0
LINE
  5
135
330
1F
100
AcDbEntity
  8
AM_9
100
AcDbLine
 10
-28.10082643013961
 20
14.97200000000009
 30
0.0
 11
-28.10082643013961
 21
14.92100000000008
 31
0.0
  0
LINE
  5
136
330
1F
100
AcDbEntity
  8
AM_9
100
AcDbLine
 10
-28.10082643013961
 20
11.2720000000001
 30
0.0
 11
-28.10082643013961
 21
11.2210000000001
 31
0.0
  0
LINE
  5
137
330
1F
100
AcDbEntity
  8
AM_9
100
AcDbLine
 10
-28.10082643013961
 20
10.9020000000001
 30
0.0
 11
-28.10082643013961
 21
10.8510000000001
 31
0.0
  0
LINE
  5
138
330
1F
100
AcDbEntity
  8
AM_9
100
AcDbLine
 10
-28.10082643013961
 20
31.25200000000013
 30
0.0
 11
-28.10082643013961
 21
31.20100000000012
 31
0.0
  0
LINE
  5
139
330
1F
100
AcDbEntity
  8
AM_9
100
AcDbLine
 10
-28.10082643013961
 20
33.47200000000012
 30
0.0
 11
-28.10082643013961
 21
33.42100000000012
 31
0.0
  0
LINE
  5
13A
330
1F
100
AcDbEntity
  8
AM_9
100
AcDbLine
 10
-28.10082643013961
 20
21.6320000000001
 30
0.0
 11
-28.10082643013961
 21
21.5810000000001
 31
0.0
  0
LINE
  5
13B
330
1F
100
AcDbEntity
  8
AM_9
100
AcDbLine
 10
-28.10082643013961
 20
47.16200000000003
 30
0.0
 11
-28.10082643013961
 21
47.11100000000003
 31
0.0
  0
LINE
  5
13C
330
1F
100
AcDbEntity
  8
AM_9
100
AcDbLine
 10
-28.10082643013961
 20
47.53200000000002
 30
0.0
 11
-28.10082643013961
 21
47.48100000000002
 31
0.0
  0
LINE
  5
13D
330
1F
100
AcDbEntity
  8
AM_9
100
AcDbLine
 10
29.7635
 20
5.999999999999999
 30
0.0
 11
23.76095595396178
 21
5.999999999999999
 31
0.0
  0
LINE
  5
13E
330
1F
100
AcDbEntity
  8
AM_9
100
AcDbLine
 10
28.16091768409044
 20
53.573
 30
0.0
 11
28.16091768409044
 21
5.999999999999995
 31
0.0
  0
LINE
  5
13F
330
1F
100
AcDbEntity
  8
AM_9
100
AcDbLine
 10
-28.16091768409043
 20
50.81099999999999
 30
0.0
 11
-28.16091768409044
 21
50.492
 31
0.0
  0
LINE
  5
140
330
1F
100
AcDbEntity
  8
AM_9
100
AcDbLine
 10
-28.16091768409043
 20
50.441
 30
0.0
 11
-28.16091768409044
 21
50.12200000000001
 31
0.0
  0
LINE
  5
141
330
1F
100
AcDbEntity
  8
AM_9
100
AcDbLine
 10
-28.16091768409043
 20
50.07100000000001
 30
0.0
 11
-28.16091768409044
 21
49.75200000000001
 31
0.0
  0
LINE
  5
142
330
1F
100
AcDbEntity
  8
AM_9
100
AcDbLine
 10
-28.16091768409043
 20
49.70100000000001
 30
0.0
 11
-28.16091768409044
 21
49.38200000000001
 31
0.0
  0
LINE
  5
143
330
1F
100
AcDbEntity
  8
AM_9
100
AcDbLine
 10
-28.16091768409043
 20
49.33100000000001
 30
0.0
 11
-28.16091768409044
 21
49.01200000000001
 31
0.0
  0
LINE
  5
144
330
1F
100
AcDbEntity
  8
AM_9
100
AcDbLine
 10
-28.16091768409043
 20
48.96100000000001
 30
0.0
 11
-28.16091768409044
 21
48.64200000000002
 31
0.0
  0
LINE
  5
145
330
1F
100
AcDbEntity
  8
AM_9
100
AcDbLine
 10
-28.16091768409043
 20
48.59100000000002
 30
0.0
 11
-28.16091768409044
 21
48.27200000000002
 31
0.0
  0
LINE
  5
146
330
1F
100
AcDbEntity
  8
AM_9
100
AcDbLine
 10
-28.16091768409043
 20
48.22100000000002
 30
0.0
 11
-28.16091768409044
 21
47.90200000000002
 31
0.0
  0
LINE
  5
147
330
1F
100
AcDbEntity
  8
AM_9
100
AcDbLine
 10
-28.16091768409043
 20
47.85100000000001
 30
0.0
 11
-28.16091768409044
 21
47.53200000000002
 31
0.0
  0
LINE
  5
148
330
1F
100
AcDbEntity
  8
AM_9
100
AcDbLine
 10
-28.16091768409043
 20
47.48100000000002
 30
0.0
 11
-28.16091768409044
 21
47.16200000000003
 31
0.0
  0
LINE
  5
149
330
1F
100
AcDbEntity
  8
AM_9
100
AcDbLine
 10
-28.16091768409043
 20
47.11100000000003
 30
0.0
 11
-28.16091768409044
 21
46.79200000000003
 31
0.0
  0
LINE
  5
14A
330
1F
100
AcDbEntity
  8
AM_9
100
AcDbLine
 10
-28.16091768409043
 20
46.74100000000003
 30
0.0
 11
-28.16091768409044
 21
46.42200000000003
 31
0.0
  0
LINE
  5
14B
330
1F
100
AcDbEntity
  8
AM_9
100
AcDbLine
 10
-28.16091768409043
 20
46.37100000000003
 30
0.0
 11
-28.16091768409044
 21
46.05200000000004
 31
0.0
  0
LINE
  5
14C
330
1F
100
AcDbEntity
  8
AM_9
100
AcDbLine
 10
-28.16091768409043
 20
46.00100000000003
 30
0.0
 11
-28.16091768409044
 21
45.68200000000004
 31
0.0
  0
LINE
  5
14D
330
1F
100
AcDbEntity
  8
AM_9
100
AcDbLine
 10
-28.16091768409043
 20
45.63100000000004
 30
0.0
 11
-28.16091768409044
 21
45.31200000000004
 31
0.0
  0
LINE
  5
14E
330
1F
100
AcDbEntity
  8
AM_9
100
AcDbLine
 10
-28.16091768409043
 20
45.26100000000004
 30
0.0
 11
-28.16091768409044
 21
44.94200000000004
 31
0.0
  0
LINE
  5
14F
330
1F
100
AcDbEntity
  8
AM_9
100
AcDbLine
 10
-28.16091768409043
 20
44.89100000000003
 30
0.0
 11
-28.16091768409044
 21
44.57200000000005
 31
0.0
  0
LINE
  5
150
330
1F
100
AcDbEntity
  8
AM_9
100
AcDbLine
 10
-28.16091768409043
 20
44.52100000000004
 30
0.0
 11
-28.16091768409044
 21
44.20200000000005
 31
0.0
  0
LINE
  5
151
330
1F
100
AcDbEntity
  8
AM_9
100
AcDbLine
 10
-28.16091768409043
 20
44.15100000000005
 30
0.0
 11
-28.16091768409044
 21
43.83200000000006
 31
0.0
  0
LINE
  5
152
330
1F
100
AcDbEntity
  8
AM_9
100
AcDbLine
 10
-28.16091768409043
 20
43.78100000000005
 30
0.0
 11
-28.16091768409044
 21
43.46200000000005
 31
0.0
  0
LINE
  5
153
330
1F
100
AcDbEntity
  8
AM_9
100
AcDbLine
 10
-28.16091768409043
 20
43.41100000000005
 30
0.0
 11
-28.16091768409044
 21
43.09200000000006
 31
0.0
  0
LINE
  5
154
330
1F
100
AcDbEntity
  8
AM_9
100
AcDbLine
 10
-28.16091768409043
 20
43.04100000000005
 30
0.0
 11
-28.16091768409044
 21
42.72200000000006
 31
0.0
  0
LINE
  5
155
330
1F
100
AcDbEntity
  8
AM_9
100
AcDbLine
 10
-28.16091768409043
 20
42.67100000000006
 30
0.0
 11
-28.16091768409044
 21
42.35200000000006
 31
0.0
  0
LINE
  5
156
330
1F
100
AcDbEntity
  8
AM_9
100
AcDbLine
 10
-28.16091768409043
 20
42.30100000000006
 30
0.0
 11
-28.16091768409044
 21
41.98200000000006
 31
0.0
  0
LINE
  5
157
330
1F
100
AcDbEntity
  8
AM_9
100
AcDbLine
 10
-28.16091768409043
 20
41.93100000000005
 30
0.0
 11
-28.16091768409044
 21
41.61200000000007
 31
0.0
  0
LINE
  5
158
330
1F
100
AcDbEntity
  8
AM_9
100
AcDbLine
 10
-28.16091768409043
 20
41.56100000000006
 30
0.0
 11
-28.16091768409044
 21
41.24200000000007
 31
0.0
  0
LINE
  5
159
330
1F
100
AcDbEntity
  8
AM_9
100
AcDbLine
 10
-28.16091768409043
 20
41.19100000000007
 30
0.0
 11
-28.16091768409044
 21
40.87200000000008
 31
0.0
  0
LINE
  5
15A
330
1F
100
AcDbEntity
  8
AM_9
100
AcDbLine
 10
-28.16091768409043
 20
40.82100000000007
 30
0.0
 11
-28.16091768409044
 21
40.50200000000007
 31
0.0
  0
LINE
  5
15B
330
1F
100
AcDbEntity
  8
AM_9
100
AcDbLine
 10
-28.16091768409043
 20
40.45100000000007
 30
0.0
 11
-28.16091768409044
 21
40.13200000000008
 31
0.0
  0
LINE
  5
15C
330
1F
100
AcDbEntity
  8
AM_9
100
AcDbLine
 10
-28.16091768409043
 20
40.08100000000007
 30
0.0
 11
-28.16091768409044
 21
39.76200000000008
 31
0.0
  0
LINE
  5
15D
330
1F
100
AcDbEntity
  8
AM_9
100
AcDbLine
 10
-28.16091768409043
 20
39.71100000000008
 30
0.0
 11
-28.16091768409044
 21
39.39200000000008
 31
0.0
  0
LINE
  5
15E
330
1F
100
AcDbEntity
  8
AM_9
100
AcDbLine
 10
-28.16091768409043
 20
39.34100000000008
 30
0.0
 11
-28.16091768409044
 21
39.02200000000008
 31
0.0
  0
LINE
  5
15F
330
1F
100
AcDbEntity
  8
AM_9
100
AcDbLine
 10
-28.16091768409043
 20
38.97100000000008
 30
0.0
 11
-28.16091768409044
 21
38.65200000000009
 31
0.0
  0
LINE
  5
160
330
1F
100
AcDbEntity
  8
AM_9
100
AcDbLine
 10
-28.16091768409043
 20
38.60100000000008
 30
0.0
 11
-28.16091768409044
 21
38.28200000000009
 31
0.0
  0
LINE
  5
161
330
1F
100
AcDbEntity
  8
AM_9
100
AcDbLine
 10
-28.16091768409043
 20
38.23100000000009
 30
0.0
 11
-28.16091768409044
 21
37.91200000000009
 31
0.0
  0
LINE
  5
162
330
1F
100
AcDbEntity
  8
AM_9
100
AcDbLine
 10
-28.16091768409043
 20
37.86100000000009
 30
0.0
 11
-28.16091768409044
 21
37.54200000000009
 31
0.0
  0
LINE
  5
163
330
1F
100
AcDbEntity
  8
AM_9
100
AcDbLine
 10
-28.16091768409043
 20
37.49100000000009
 30
0.0
 11
-28.16091768409044
 21
37.1720000000001
 31
0.0
  0
LINE
  5
164
330
1F
100
AcDbEntity
  8
AM_9
100
AcDbLine
 10
-28.16091768409043
 20
37.12100000000009
 30
0.0
 11
-28.16091768409044
 21
36.8020000000001
 31
0.0
  0
LINE
  5
165
330
1F
100
AcDbEntity
  8
AM_9
100
AcDbLine
 10
-28.16091768409043
 20
36.7510000000001
 30
0.0
 11
-28.16091768409044
 21
36.4320000000001
 31
0.0
  0
LINE
  5
166
330
1F
100
AcDbEntity
  8
AM_9
100
AcDbLine
 10
-28.16091768409043
 20
36.3810000000001
 30
0.0
 11
-28.16091768409044
 21
36.0620000000001
 31
0.0
  0
LINE
  5
167
330
1F
100
AcDbEntity
  8
AM_9
100
AcDbLine
 10
-28.16091768409043
 20
36.0110000000001
 30
0.0
 11
-28.16091768409044
 21
35.69200000000011
 31
0.0
  0
LINE
  5
168
330
1F
100
AcDbEntity
  8
AM_9
100
AcDbLine
 10
-28.16091768409043
 20
35.6410000000001
 30
0.0
 11
-28.16091768409044
 21
35.32200000000011
 31
0.0
  0
LINE
  5
169
330
1F
100
AcDbEntity
  8
AM_9
100
AcDbLine
 10
-28.16091768409043
 20
35.27100000000011
 30
0.0
 11
-28.16091768409044
 21
34.95200000000011
 31
0.0
  0
LINE
  5
16A
330
1F
100
AcDbEntity
  8
AM_9
100
AcDbLine
 10
-28.16091768409043
 20
34.90100000000011
 30
0.0
 11
-28.16091768409044
 21
34.58200000000011
 31
0.0
  0
LINE
  5
16B
330
1F
100
AcDbEntity
  8
AM_9
100
AcDbLine
 10
-28.16091768409043
 20
34.53100000000011
 30
0.0
 11
-28.16091768409044
 21
34.21200000000012
 31
0.0
  0
LINE
  5
16C
330
1F
100
AcDbEntity
  8
AM_9
100
AcDbLine
 10
-28.16091768409043
 20
34.16100000000012
 30
0.0
 11
-28.16091768409044
 21
33.84200000000012
 31
0.0
  0
LINE
  5
16D
330
1F
100
AcDbEntity
  8
AM_9
100
AcDbLine
 10
-28.16091768409043
 20
33.79100000000012
 30
0.0
 11
-28.16091768409044
 21
33.47200000000012
 31
0.0
  0
LINE
  5
16E
330
1F
100
AcDbEntity
  8
AM_9
100
AcDbLine
 10
-28.16091768409043
 20
33.42100000000012
 30
0.0
 11
-28.16091768409044
 21
33.10200000000012
 31
0.0
  0
LINE
  5
16F
330
1F
100
AcDbEntity
  8
AM_9
100
AcDbLine
 10
-28.16091768409043
 20
33.05100000000012
 30
0.0
 11
-28.16091768409044
 21
32.73200000000013
 31
0.0
  0
LINE
  5
170
330
1F
100
AcDbEntity
  8
AM_9
100
AcDbLine
 10
-28.16091768409043
 20
32.68100000000013
 30
0.0
 11
-28.16091768409044
 21
32.36200000000013
 31
0.0
  0
LINE
  5
171
330
1F
100
AcDbEntity
  8
AM_9
100
AcDbLine
 10
-28.16091768409043
 20
32.31100000000013
 30
0.0
 11
-28.16091768409044
 21
31.99200000000013
 31
0.0
  0
LINE
  5
172
330
1F
100
AcDbEntity
  8
AM_9
100
AcDbLine
 10
-28.16091768409043
 20
31.94100000000013
 30
0.0
 11
-28.16091768409044
 21
31.62200000000013
 31
0.0
  0
LINE
  5
173
330
1F
100
AcDbEntity
  8
AM_9
100
AcDbLine
 10
-28.16091768409043
 20
31.57100000000013
 30
0.0
 11
-28.16091768409044
 21
31.25200000000013
 31
0.0
  0
LINE
  5
174
330
1F
100
AcDbEntity
  8
AM_9
100
AcDbLine
 10
-28.16091768409043
 20
31.20100000000012
 30
0.0
 11
-28.16091768409044
 21
30.88200000000013
 31
0.0
  0
LINE
  5
175
330
1F
100
AcDbEntity
  8
AM_9
100
AcDbLine
 10
-28.16091768409043
 20
30.83100000000012
 30
0.0
 11
-28.16091768409044
 21
30.51200000000012
 31
0.0
  0
LINE
  5
176
330
1F
100
AcDbEntity
  8
AM_9
100
AcDbLine
 10
-28.16091768409043
 20
30.46100000000012
 30
0.0
 11
-28.16091768409044
 21
30.14200000000012
 31
0.0
  0
LINE
  5
177
330
1F
100
AcDbEntity
  8
AM_9
100
AcDbLine
 10
-28.16091768409043
 20
30.09100000000012
 30
0.0
 11
-28.16091768409044
 21
29.77200000000012
 31
0.0
  0
LINE
  5
178
330
1F
100
AcDbEntity
  8
AM_9
100
AcDbLine
 10
-28.16091768409043
 20
29.72100000000012
 30
0.0
 11
-28.16091768409044
 21
29.40200000000012
 31
0.0
  0
LINE
  5
179
330
1F
100
AcDbEntity
  8
AM_9
100
AcDbLine
 10
-28.16091768409043
 20
29.35100000000012
 30
0.0
 11
-28.16091768409044
 21
29.03200000000012
 31
0.0
  0
LINE
  5
17A
330
1F
100
AcDbEntity
  8
AM_9
100
AcDbLine
 10
-28.16091768409043
 20
28.98100000000012
 30
0.0
 11
-28.16091768409044
 21
28.66200000000012
 31
0.0
  0
LINE
  5
17B
330
1F
100
AcDbEntity
  8
AM_9
100
AcDbLine
 10
-28.16091768409043
 20
28.61100000000012
 30
0.0
 11
-28.16091768409044
 21
28.29200000000012
 31
0.0
  0
LINE
  5
17C
330
1F
100
AcDbEntity
  8
AM_9
100
AcDbLine
 10
-28.16091768409043
 20
28.24100000000012
 30
0.0
 11
-28.16091768409044
 21
27.92200000000011
 31
0.0
  0
LINE
  5
17D
330
1F
100
AcDbEntity
  8
AM_9
100
AcDbLine
 10
-28.16091768409043
 20
27.87100000000011
 30
0.0
 11
-28.16091768409044
 21
27.55200000000012
 31
0.0
  0
LINE
  5
17E
330
1F
100
AcDbEntity
  8
AM_9
100
AcDbLine
 10
-28.16091768409043
 20
27.50100000000011
 30
0.0
 11
-28.16091768409044
 21
27.18200000000012
 31
0.0
  0
LINE
  5
17F
330
1F
100
AcDbEntity
  8
AM_9
100
AcDbLine
 10
-28.16091768409043
 20
27.13100000000011
 30
0.0
 11
-28.16091768409044
 21
26.81200000000011
 31
0.0
  0
LINE
  5
180
330
1F
100
AcDbEntity
  8
AM_9
100
AcDbLine
 10
-28.16091768409043
 20
26.76100000000011
 30
0.0
 11
-28.16091768409044
 21
26.44200000000011
 31
0.0
  0
LINE
  5
181
330
1F
100
AcDbEntity
  8
AM_9
100
AcDbLine
 10
-28.16091768409043
 20
26.39100000000011
 30
0.0
 11
-28.16091768409044
 21
26.07200000000011
 31
0.0
  0
LINE
  5
182
330
1F
100
AcDbEntity
  8
AM_9
100
AcDbLine
 10
-28.16091768409043
 20
26.02100000000011
 30
0.0
 11
-28.16091768409044
 21
25.70200000000011
 31
0.0
  0
LINE
  5
183
330
1F
100
AcDbEntity
  8
AM_9
100
AcDbLine
 10
-28.16091768409043
 20
25.65100000000011
 30
0.0
 11
-28.16091768409044
 21
25.33200000000011
 31
0.0
  0
LINE
  5
184
330
1F
100
AcDbEntity
  8
AM_9
100
AcDbLine
 10
-28.16091768409043
 20
25.28100000000011
 30
0.0
 11
-28.16091768409044
 21
24.96200000000011
 31
0.0
  0
LINE
  5
185
330
1F
100
AcDbEntity
  8
AM_9
100
AcDbLine
 10
-28.16091768409043
 20
24.91100000000011
 30
0.0
 11
-28.16091768409044
 21
24.59200000000011
 31
0.0
  0
LINE
  5
186
330
1F
100
AcDbEntity
  8
AM_9
100
AcDbLine
 10
-28.16091768409043
 20
24.54100000000011
 30
0.0
 11
-28.16091768409044
 21
24.22200000000011
 31
0.0
  0
LINE
  5
187
330
1F
100
AcDbEntity
  8
AM_9
100
AcDbLine
 10
-28.16091768409043
 20
24.17100000000011
 30
0.0
 11
-28.16091768409044
 21
23.85200000000011
 31
0.0
  0
LINE
  5
188
330
1F
100
AcDbEntity
  8
AM_9
100
AcDbLine
 10
-28.16091768409043
 20
23.8010000000001
 30
0.0
 11
-28.16091768409044
 21
23.48200000000011
 31
0.0
  0
LINE
  5
189
330
1F
100
AcDbEntity
  8
AM_9
100
AcDbLine
 10
-28.16091768409043
 20
23.4310000000001
 30
0.0
 11
-28.16091768409044
 21
23.11200000000011
 31
0.0
  0
LINE
  5
18A
330
1F
100
AcDbEntity
  8
AM_9
100
AcDbLine
 10
-28.16091768409043
 20
23.0610000000001
 30
0.0
 11
-28.16091768409044
 21
22.7420000000001
 31
0.0
  0
LINE
  5
18B
330
1F
100
AcDbEntity
  8
AM_9
100
AcDbLine
 10
-28.16091768409043
 20
22.6910000000001
 30
0.0
 11
-28.16091768409044
 21
22.3720000000001
 31
0.0
  0
LINE
  5
18C
330
1F
100
AcDbEntity
  8
AM_9
100
AcDbLine
 10
-28.16091768409043
 20
22.3210000000001
 30
0.0
 11
-28.16091768409044
 21
22.0020000000001
 31
0.0
  0
LINE
  5
18D
330
1F
100
AcDbEntity
  8
AM_9
100
AcDbLine
 10
-28.16091768409043
 20
21.9510000000001
 30
0.0
 11
-28.16091768409044
 21
21.6320000000001
 31
0.0
  0
LINE
  5
18E
330
1F
100
AcDbEntity
  8
AM_9
100
AcDbLine
 10
-28.16091768409043
 20
21.5810000000001
 30
0.0
 11
-28.16091768409044
 21
21.2620000000001
 31
0.0
  0
LINE
  5
18F
330
1F
100
AcDbEntity
  8
AM_9
100
AcDbLine
 10
-28.16091768409043
 20
21.2110000000001
 30
0.0
 11
-28.16091768409044
 21
20.8920000000001
 31
0.0
  0
LINE
  5
190
330
1F
100
AcDbEntity
  8
AM_9
100
AcDbLine
 10
-28.16091768409043
 20
20.8410000000001
 30
0.0
 11
-28.16091768409044
 21
20.5220000000001
 31
0.0
  0
LINE
  5
191
330
1F
100
AcDbEntity
  8
AM_9
100
AcDbLine
 10
-28.16091768409043
 20
20.4710000000001
 30
0.0
 11
-28.16091768409044
 21
20.1520000000001
 31
0.0
  0
LINE
  5
192
330
1F
100
AcDbEntity
  8
AM_9
100
AcDbLine
 10
-28.16091768409043
 20
20.1010000000001
 30
0.0
 11
-28.16091768409044
 21
19.7820000000001
 31
0.0
  0
LINE
  5
193
330
1F
100
AcDbEntity
  8
AM_9
100
AcDbLine
 10
-28.16091768409043
 20
19.73100000000009
 30
0.0
 11
-28.16091768409044
 21
19.41200000000009
 31
0.0
  0
LINE
  5
194
330
1F
100
AcDbEntity
  8
AM_9
100
AcDbLine
 10
-28.16091768409043
 20
19.36100000000009
 30
0.0
 11
-28.16091768409044
 21
19.04200000000009
 31
0.0
  0
LINE
  5
195
330
1F
100
AcDbEntity
  8
AM_9
100
AcDbLine
 10
-28.16091768409043
 20
18.99100000000009
 30
0.0
 11
-28.16091768409044
 21
18.67200000000009
 31
0.0
  0
LINE
  5
196
330
1F
100
AcDbEntity
  8
AM_9
100
AcDbLine
 10
-28.16091768409043
 20
18.62100000000009
 30
0.0
 11
-28.16091768409044
 21
18.30200000000009
 31
0.0
  0
LINE
  5
197
330
1F
100
AcDbEntity
  8
AM_9
100
AcDbLine
 10
-28.16091768409043
 20
18.25100000000009
 30
0.0
 11
-28.16091768409044
 21
17.93200000000009
 31
0.0
  0
LINE
  5
198
330
1F
100
AcDbEntity
  8
AM_9
100
AcDbLine
 10
-28.16091768409043
 20
17.88100000000009
 30
0.0
 11
-28.16091768409044
 21
17.56200000000009
 31
0.0
  0
LINE
  5
199
330
1F
100
AcDbEntity
  8
AM_9
100
AcDbLine
 10
-28.16091768409043
 20
17.51100000000009
 30
0.0
 11
-28.16091768409044
 21
17.19200000000009
 31
0.0
  0
LINE
  5
19A
330
1F
100
AcDbEntity
  8
AM_9
100
AcDbLine
 10
-28.16091768409043
 20
17.14100000000009
 30
0.0
 11
-28.16091768409044
 21
16.82200000000009
 31
0.0
  0
LINE
  5
19B
330
1F
100
AcDbEntity
  8
AM_9
100
AcDbLine
 10
-28.16091768409043
 20
16.77100000000009
 30
0.0
 11
-28.16091768409044
 21
16.45200000000009
 31
0.0
  0
LINE
  5
19C
330
1F
100
AcDbEntity
  8
AM_9
100
AcDbLine
 10
-28.16091768409043
 20
16.40100000000009
 30
0.0
 11
-28.16091768409044
 21
16.08200000000009
 31
0.0
  0
LINE
  5
19D
330
1F
100
AcDbEntity
  8
AM_9
100
AcDbLine
 10
-28.16091768409043
 20
16.03100000000009
 30
0.0
 11
-28.16091768409044
 21
15.71200000000009
 31
0.0
  0
LINE
  5
19E
330
1F
100
AcDbEntity
  8
AM_9
100
AcDbLine
 10
-28.16091768409043
 20
15.66100000000009
 30
0.0
 11
-28.16091768409044
 21
15.34200000000009
 31
0.0
  0
LINE
  5
19F
330
1F
100
AcDbEntity
  8
AM_9
100
AcDbLine
 10
-28.16091768409043
 20
15.29100000000009
 30
0.0
 11
-28.16091768409044
 21
14.97200000000009
 31
0.0
  0
LINE
  5
1A0
330
1F
100
AcDbEntity
  8
AM_9
100
AcDbLine
 10
-28.16091768409043
 20
14.92100000000008
 30
0.0
 11
-28.16091768409044
 21
14.60200000000009
 31
0.0
  0
LINE
  5
1A1
330
1F
100
AcDbEntity
  8
AM_9
100
AcDbLine
 10
-28.16091768409043
 20
14.55100000000008
 30
0.0
 11
-28.16091768409044
 21
14.23200000000009
 31
0.0
  0
LINE
  5
1A2
330
1F
100
AcDbEntity
  8
AM_9
100
AcDbLine
 10
-28.16091768409043
 20
14.18100000000008
 30
0.0
 11
-28.16091768409044
 21
13.86200000000009
 31
0.0
  0
LINE
  5
1A3
330
1F
100
AcDbEntity
  8
AM_9
100
AcDbLine
 10
-28.16091768409043
 20
13.81100000000009
 30
0.0
 11
-28.16091768409044
 21
13.49200000000009
 31
0.0
  0
LINE
  5
1A4
330
1F
100
AcDbEntity
  8
AM_9
100
AcDbLine
 10
-28.16091768409043
 20
13.44100000000009
 30
0.0
 11
-28.16091768409044
 21
13.12200000000009
 31
0.0
  0
LINE
  5
1A5
330
1F
100
AcDbEntity
  8
AM_9
100
AcDbLine
 10
-28.16091768409043
 20
13.07100000000009
 30
0.0
 11
-28.16091768409044
 21
12.75200000000009
 31
0.0
  0
LINE
  5
1A6
330
1F
100
AcDbEntity
  8
AM_9
100
AcDbLine
 10
-28.16091768409043
 20
12.70100000000009
 30
0.0
 11
-28.16091768409044
 21
12.38200000000009
 31
0.0
  0
LINE
  5
1A7
330
1F
100
AcDbEntity
  8
AM_9
100
AcDbLine
 10
-28.16091768409043
 20
12.33100000000009
 30
0.0
 11
-28.16091768409044
 21
12.0120000000001
 31
0.0
  0
LINE
  5
1A8
330
1F
100
AcDbEntity
  8
AM_9
100
AcDbLine
 10
-28.16091768409043
 20
11.9610000000001
 30
0.0
 11
-28.16091768409044
 21
11.6420000000001
 31
0.0
  0
LINE
  5
1A9
330
1F
100
AcDbEntity
  8
AM_9
100
AcDbLine
 10
-28.16091768409043
 20
11.5910000000001
 30
0.0
 11
-28.16091768409044
 21
11.2720000000001
 31
0.0
  0
LINE
  5
1AA
330
1F
100
AcDbEntity
  8
AM_9
100
AcDbLine
 10
-28.16091768409043
 20
11.2210000000001
 30
0.0
 11
-28.16091768409044
 21
10.9020000000001
 31
0.0
  0
LINE
  5
1AB
330
1F
100
AcDbEntity
  8
AM_9
100
AcDbLine
 10
-28.16091768409043
 20
10.8510000000001
 30
0.0
 11
-28.16091768409044
 21
10.5320000000001
 31
0.0
  0
LINE
  5
1AC
330
1F
100
AcDbEntity
  8
AM_9
100
AcDbLine
 10
-28.16091768409043
 20
10.48100000000009
 30
0.0
 11
-28.16091768409044
 21
10.16200000000009
 31
0.0
  0
LINE
  5
1AD
330
1F
100
AcDbEntity
  8
AM_9
100
AcDbLine
 10
-28.16091768409043
 20
10.11100000000009
 30
0.0
 11
-28.16091768409044
 21
9.792000000000096
 31
0.0
  0
LINE
  5
1AE
330
1F
100
AcDbEntity
  8
AM_9
100
AcDbLine
 10
-28.16091768409043
 20
9.741000000000092
 30
0.0
 11
-28.16091768409044
 21
9.422000000000104
 31
0.0
  0
LINE
  5
1AF
330
1F
100
AcDbEntity
  8
AM_9
100
AcDbLine
 10
-28.16091768409043
 20
9.3710000000001
 30
0.0
 11
-28.16091768409044
 21
9.052000000000103
 31
0.0
  0
LINE
  5
1B0
330
1F
100
AcDbEntity
  8
AM_9
100
AcDbLine
 10
-28.16091768409043
 20
9.0010000000001
 30
0.0
 11
-28.16091768409044
 21
8.682000000000102
 31
0.0
  0
LINE
  5
1B1
330
1F
100
AcDbEntity
  8
AM_9
100
AcDbLine
 10
-28.16091768409043
 20
8.6310000000001
 30
0.0
 11
-28.16091768409044
 21
8.3120000000001
 31
0.0
  0
LINE
  5
1B2
330
1F
100
AcDbEntity
  8
AM_9
100
AcDbLine
 10
-28.16091768409043
 20
8.261000000000099
 30
0.0
 11
-28.16091768409044
 21
7.942000000000101
 31
0.0
  0
LINE
  5
1B3
330
1F
100
AcDbEntity
  8
AM_9
100
AcDbLine
 10
-28.16091768409043
 20
7.891000000000098
 30
0.0
 11
-28.16091768409044
 21
7.5720000000001
 31
0.0
  0
LINE
  5
1B4
330
1F
100
AcDbEntity
  8
AM_9
100
AcDbLine
 10
-28.16091768409043
 20
7.521000000000097
 30
0.0
 11
-28.16091768409044
 21
7.202000000000099
 31
0.0
  0
LINE
  5
1B5
330
1F
100
AcDbEntity
  8
AM_9
100
AcDbLine
 10
-28.16091768409043
 20
7.151000000000097
 30
0.0
 11
-28.16091768409044
 21
6.832000000000106
 31
0.0
  0
LINE
  5
1B6
330
1F
100
AcDbEntity
  8
AM_9
100
AcDbLine
 10
-28.16091768409043
 20
6.781000000000104
 30
0.0
 11
-28.16091768409044
 21
6.462000000000106
 31
0.0
  0
LINE
  5
1B7
330
1F
100
AcDbEntity
  8
AM_9
100
AcDbLine
 10
-28.16091768409043
 20
6.411000000000104
 30
0.0
 11
-28.16091768409044
 21
5.999999999999995
 31
0.0
  0
LINE
  5
1B8
330
1F
100
AcDbEntity
  8
AM_9
100
AcDbLine
 10
-28.16091768409043
 20
53.573
 30
0.0
 11
-28.16091768409044
 21
51.232
 31
0.0
  0
LINE
  5
1B9
330
1F
100
AcDbEntity
  8
AM_9
100
AcDbLine
 10
-28.16091768409043
 20
51.181
 30
0.0
 11
-28.16091768409044
 21
50.86199999999999
 31
0.0
  0
LINE
  5
1BA
330
1F
100
AcDbEntity
  8
AM_9
100
AcDbLine
 10
-23.76095595396179
 20
5.999999999999995
 30
0.0
 11
-29.7635
 21
5.999999999999999
 31
0.0
  0
LINE
  5
1BB
330
1F
100
AcDbEntity
  8
AM_9
100
AcDbLine
 10
-30.181
 20
1.062505466682607
 30
0.0
 11
-30.14700000000001
 21
1.062505466682607
 31
0.0
  0
LWPOLYLINE
  5
1BC
330
1F
100
AcDbEntity
  8
AM_9
100
AcDbPolyline
 90
       11
 70
     0
 43
0.0
 10
-30.14700000000001
 20
2.276548368283001
 10
-30.14268289626279
 20
2.210560247618669
 10
-30.13676905670776
 20
2.170768675603081
 10
-30.13148153279616
 20
2.144270610496742
 10
-30.12719681825717
 20
2.127066659241447
 10
-30.12379250583991
 20
2.116065032508292
 10
-30.12106578649931
 20
2.109112313916583
 10
-30.11786472117148
 20
2.103300644497165
 10
-30.1161269836875
 20
2.101300236890067
 10
-30.11459703009076
 20
2.100248090200393
 10
-30.114
 20
2.100021351826109
  0
LINE
  5
1BD
330
1F
100
AcDbEntity
  8
AM_9
100
AcDbLine
 10
-30.14700000000001
 20
2.937494533317407
 30
0.0
 11
-30.181
 21
2.937494533317393
 31
0.0
  0
LINE
  5
1BE
330
1F
100
AcDbEntity
  8
AM_9
100
AcDbLine
 10
30.181
 20
2.937494533317393
 30
0.0
 11
30.147
 21
2.937494533317393
 31
0.0
  0
LINE
  5
1BF
330
1F
100
AcDbEntity
  8
AM_9
100
AcDbLine
 10
30.147
 20
4.003
 30
0.0
 11
30.14699999999999
 21
2.276548368283007
 31
0.0
  0
LWPOLYLINE
  5
1C0
330
1F
100
AcDbEntity
  8
AM_9
100
AcDbPolyline
 90
        6
 70
     0
 43
0.0
 10
30.114
 20
2.100021351826103
 10
30.11555317922675
 20
2.100826727746761
 10
30.11761188055156
 20
2.10295744259151
 10
30.12326346672841
 20
2.114581032213103
 10
30.13551146834247
 20
2.163881293118791
 10
30.14699999999999
 20
2.276548368283007
  0
LWPOLYLINE
  5
1C1
330
1F
100
AcDbEntity
  8
AM_9
100
AcDbPolyline
 90
       11
 70
     0
 43
0.0
 10
30.147
 20
1.723451631716999
 10
30.14268289626276
 20
1.789439752381365
 10
30.13676905670775
 20
1.829231324396834
 10
30.13148153279616
 20
1.855729389503144
 10
30.12719681825718
 20
1.872933340758433
 10
30.12379250583992
 20
1.883934967491611
 10
30.12106578649933
 20
1.890887686083333
 10
30.11786472117158
 20
1.896699355502654
 10
30.11612698368759
 20
1.898699763109827
 10
30.11459703009085
 20
1.899751909799555
 10
30.114
 20
1.899978648173905
  0
LINE
  5
1C2
330
1F
100
AcDbEntity
  8
AM_9
100
AcDbLine
 10
30.147
 20
1.062505466682607
 30
0.0
 11
30.181
 21
1.062505466682607
 31
0.0
  0
LINE
  5
1C3
330
1F
100
AcDbEntity
  8
AM_9
100
AcDbLine
 10
15.38875584922448
 20
5.453
 30
0.0
 11
15.38875584922448
 21
5.226000000000001
 31
0.0
  0
LINE
  5
1C4
330
1F
100
AcDbEntity
  8
AM_9
100
AcDbLine
 10
-15.38875584922448
 20
5.453
 30
0.0
 11
-15.38875584922448
 21
5.226000000000001
 31
0.0
  0
LINE
  5
1C5
330
1F
100
AcDbEntity
  8
AM_9
100
AcDbLine
 10
-11.5642558492245
 20
5.738
 30
0.0
 11
-11.5642558492245
 21
5.453
 31
0.0
  0
LINE
  5
1C6
330
1F
100
AcDbEntity
  8
AM_9
100
AcDbLine
 10
11.5642558492245
 20
5.738
 30
0.0
 11
11.5642558492245
 21
5.453
 31
0.0
  0
LINE
  5
1C7
330
1F
100
AcDbEntity
  8
AM_9
100
AcDbLine
 10
4.76372993890888
 20
54.61677588465901
 30
0.0
 11
4.542405516368543
 21
54.61677588465901
 31
0.0
  0
LINE
  5
1C8
330
1F
100
AcDbEntity
  8
AM_9
100
AcDbLine
 10
4.76372993890888
 20
54.61677588465901
 30
0.0
 11
4.76372993890888
 21
54.6
 31
0.0
  0
LINE
  5
1C9
330
1F
100
AcDbEntity
  8
AM_9
100
AcDbLine
 10
-22.57227006109112
 20
54.61677588466587
 30
0.0
 11
-22.79359448360219
 21
54.61677588466587
 31
0.0
  0
LINE
  5
1CA
330
1F
100
AcDbEntity
  8
AM_9
100
AcDbLine
 10
-22.57227006109112
 20
54.61677588466587
 30
0.0
 11
-22.57227006109112
 21
54.6
 31
0.0
  0
LINE
  5
1CB
330
1F
100
AcDbEntity
  8
AM_9
100
AcDbLine
 10
5.401591967130953
 20
54.63514755224736
 30
0.0
 11
5.401591967130952
 21
54.6
 31
0.0
  0
LINE
  5
1CC
330
1F
100
AcDbEntity
  8
AM_9
100
AcDbLine
 10
16.58305312682211
 20
54.63514755224736
 30
0.0
 11
16.58305312682211
 21
54.6
 31
0.0
  0
LINE
  5
1CD
330
1F
100
AcDbEntity
  8
AM_9
100
AcDbLine
 10
-21.93440803286905
 20
54.63514755224735
 30
0.0
 11
-21.93440803286904
 21
54.6
 31
0.0
  0
LINE
  5
1CE
330
1F
100
AcDbEntity
  8
AM_9
100
AcDbLine
 10
-10.75294687317789
 20
54.63514755224735
 30
0.0
 11
-10.75294687317789
 21
54.6
 31
0.0
  0
LINE
  5
1CF
330
1F
100
AcDbEntity
  8
AM_9
100
AcDbLine
 10
-21.84954773995755
 20
54.6565572287432
 30
0.0
 11
-21.84954773995756
 21
54.6
 31
0.0
  0
LINE
  5
1D0
330
1F
100
AcDbEntity
  8
AM_9
100
AcDbLine
 10
-10.78400789615608
 20
54.6565572287432
 30
0.0
 11
-10.78400789615608
 21
54.6
 31
0.0
  0
LINE
  5
1D1
330
1F
100
AcDbEntity
  8
AM_9
100
AcDbLine
 10
5.486452260042461
 20
54.6565572287432
 30
0.0
 11
5.486452260042441
 21
54.6
 31
0.0
  0
LINE
  5
1D2
330
1F
100
AcDbEntity
  8
AM_9
100
AcDbLine
 10
16.55199210384391
 20
54.6565572287432
 30
0.0
 11
16.55199210384392
 21
54.6
 31
0.0
  0
LINE
  5
1D3
330
1F
100
AcDbEntity
  8
AM_9
100
AcDbLine
 10
-21.54758524267208
 20
54.73273999427428
 30
0.0
 11
-21.54758524267213
 21
54.6
 31
0.0
  0
LINE
  5
1D4
330
1F
100
AcDbEntity
  8
AM_9
100
AcDbLine
 10
-10.89453384115274
 20
54.73273999427427
 30
0.0
 11
-10.89453384115274
 21
54.6
 31
0.0
  0
LINE
  5
1D5
330
1F
100
AcDbEntity
  8
AM_9
100
AcDbLine
 10
5.788414757327848
 20
54.73273999427426
 30
0.0
 11
5.788414757327867
 21
54.6
 31
0.0
  0
LINE
  5
1D6
330
1F
100
AcDbEntity
  8
AM_9
100
AcDbLine
 10
16.44146615884726
 20
54.73273999427427
 30
0.0
 11
16.44146615884726
 21
54.6
 31
0.0
  0
LINE
  5
1D7
330
1F
100
AcDbEntity
  8
AM_9
100
AcDbLine
 10
-21.46272420403106
 20
54.75414967077011
 30
0.0
 11
-21.46272420403104
 21
54.6
 31
0.0
  0
LINE
  5
1D8
330
1F
100
AcDbEntity
  8
AM_9
100
AcDbLine
 10
-10.9255951370869
 20
54.75414967077011
 30
0.0
 11
-10.92559513708691
 21
54.6
 31
0.0
  0
LINE
  5
1D9
330
1F
100
AcDbEntity
  8
AM_9
100
AcDbLine
 10
5.873275795968969
 20
54.75414967077012
 30
0.0
 11
5.873275795968958
 21
54.6
 31
0.0
  0
LINE
  5
1DA
330
1F
100
AcDbEntity
  8
AM_9
100
AcDbLine
 10
16.41040486291308
 20
54.75414967077012
 30
0.0
 11
16.41040486291309
 21
54.6
 31
0.0
  0
LINE
  5
1DB
330
1F
100
AcDbEntity
  8
AM_9
100
AcDbLine
 10
-21.14449367056198
 20
54.83443595762954
 30
0.0
 11
-21.14449367056196
 21
54.6
 31
0.0
  0
LINE
  5
1DC
330
1F
100
AcDbEntity
  8
AM_9
100
AcDbLine
 10
-11.04207559659647
 20
54.83443595762955
 30
0.0
 11
-11.04207559659647
 21
54.6
 31
0.0
  0
LINE
  5
1DD
330
1F
100
AcDbEntity
  8
AM_9
100
AcDbLine
 10
6.191506329437982
 20
54.83443595762954
 30
0.0
 11
6.191506329438045
 21
54.6
 31
0.0
  0
LINE
  5
1DE
330
1F
100
AcDbEntity
  8
AM_9
100
AcDbLine
 10
16.29392440340353
 20
54.83443595762955
 30
0.0
 11
16.29392440340353
 21
54.6
 31
0.0
  0
LINE
  5
1DF
330
1F
100
AcDbEntity
  8
AM_9
100
AcDbLine
 10
6.276368270400018
 20
54.8558456341254
 30
0.0
 11
6.276368270399996
 21
54.6
 31
0.0
  0
LINE
  5
1E0
330
1F
100
AcDbEntity
  8
AM_9
100
AcDbLine
 10
16.26286277719699
 20
54.8558456341254
 30
0.0
 11
16.262862777197
 21
54.6
 31
0.0
  0
LINE
  5
1E1
330
1F
100
AcDbEntity
  8
AM_9
100
AcDbLine
 10
-21.05963172960001
 20
54.8558456341254
 30
0.0
 11
-21.0596317296
 21
54.6
 31
0.0
  0
LINE
  5
1E2
330
1F
100
AcDbEntity
  8
AM_9
100
AcDbLine
 10
-11.073137222803
 20
54.8558456341254
 30
0.0
 11
-11.073137222803
 21
54.6
 31
0.0
  0
LINE
  5
1E3
330
1F
100
AcDbEntity
  8
AM_9
100
AcDbLine
 10
-17.33612792461224
 20
5.453
 30
0.0
 11
-17.33612792461224
 21
5.226000000000001
 31
0.0
  0
LINE
  5
1E4
330
1F
100
AcDbEntity
  8
AM_9
100
AcDbLine
 10
17.33612792461223
 20
5.453
 30
0.0
 11
17.33612792461224
 21
5.226000000000001
 31
0.0
  0
LINE
  5
1E5
330
1F
100
AcDbEntity
  8
AM_9
100
AcDbLine
 10
6.585408992092642
 20
54.93381253936445
 30
0.0
 11
6.585408992092607
 21
54.6
 31
0.0
  0
LINE
  5
1E6
330
1F
100
AcDbEntity
  8
AM_9
100
AcDbLine
 10
16.14974602225363
 20
54.93381253936445
 30
0.0
 11
16.14974602225363
 21
54.6
 31
0.0
  0
LINE
  5
1E7
330
1F
100
AcDbEntity
  8
AM_9
100
AcDbLine
 10
-20.75059100790737
 20
54.93381253936445
 30
0.0
 11
-20.75059100790739
 21
54.6
 31
0.0
  0
LINE
  5
1E8
330
1F
100
AcDbEntity
  8
AM_9
100
AcDbLine
 10
-11.18625397774637
 20
54.93381253936445
 30
0.0
 11
-11.18625397774637
 21
54.6
 31
0.0
  0
LINE
  5
1E9
330
1F
100
AcDbEntity
  8
AM_9
100
AcDbLine
 10
-20.66572803372946
 20
54.9552222158603
 30
0.0
 11
-20.66572803372946
 21
54.6
 31
0.0
  0
LINE
  5
1EA
330
1F
100
AcDbEntity
  8
AM_9
100
AcDbLine
 10
-11.21731598213619
 20
54.9552222158603
 30
0.0
 11
-11.2173159821362
 21
54.6
 31
0.0
  0
LINE
  5
1EB
330
1F
100
AcDbEntity
  8
AM_9
100
AcDbLine
 10
6.670271966270489
 20
54.95522221586029
 30
0.0
 11
6.670271966270541
 21
54.6
 31
0.0
  0
LINE
  5
1EC
330
1F
100
AcDbEntity
  8
AM_9
100
AcDbLine
 10
16.11868401786382
 20
54.95522221586029
 30
0.0
 11
16.1186840178638
 21
54.6
 31
0.0
  0
LINE
  5
1ED
330
1F
100
AcDbEntity
  8
AM_9
100
AcDbLine
 10
-20.3559760255532
 20
55.03336753507015
 30
0.0
 11
-20.35597602555321
 21
54.6
 31
0.0
  0
LINE
  5
1EE
330
1F
100
AcDbEntity
  8
AM_9
100
AcDbLine
 10
-11.33069308600195
 20
55.03336753507014
 30
0.0
 11
-11.33069308600195
 21
54.6
 31
0.0
  0
LINE
  5
1EF
330
1F
100
AcDbEntity
  8
AM_9
100
AcDbLine
 10
6.98002397444681
 20
55.03336753507015
 30
0.0
 11
6.980023974446795
 21
54.6
 31
0.0
  0
LINE
  5
1F0
330
1F
100
AcDbEntity
  8
AM_9
100
AcDbLine
 10
16.00530691399805
 20
55.03336753507014
 30
0.0
 11
16.00530691399805
 21
54.6
 31
0.0
  0
LINE
  5
1F1
330
1F
100
AcDbEntity
  8
AM_9
100
AcDbLine
 10
-20.27111182984822
 20
55.05477721156598
 30
0.0
 11
-20.27111182984817
 21
54.6
 31
0.0
  0
LINE
  5
1F2
330
1F
100
AcDbEntity
  8
AM_9
100
AcDbLine
 10
-11.36175553750171
 20
55.05477721156598
 30
0.0
 11
-11.36175553750172
 21
54.6
 31
0.0
  0
LINE
  5
1F3
330
1F
100
AcDbEntity
  8
AM_9
100
AcDbLine
 10
7.064888170151821
 20
55.05477721156599
 30
0.0
 11
7.064888170151833
 21
54.6
 31
0.0
  0
LINE
  5
1F4
330
1F
100
AcDbEntity
  8
AM_9
100
AcDbLine
 10
15.97424446249827
 20
55.05477721156599
 30
0.0
 11
15.97424446249827
 21
54.6
 31
0.0
  0
LINE
  5
1F5
330
1F
100
AcDbEntity
  8
AM_9
100
AcDbLine
 10
-19.96206216805991
 20
55.13274411680506
 30
0.0
 11
-19.96206216805994
 21
54.6
 31
0.0
  0
LINE
  5
1F6
330
1F
100
AcDbEntity
  8
AM_9
100
AcDbLine
 10
-11.47487556474721
 20
55.13274411680504
 30
0.0
 11
-11.47487556474721
 21
54.6
 31
0.0
  0
LINE
  5
1F7
330
1F
100
AcDbEntity
  8
AM_9
100
AcDbLine
 10
7.37393783194007
 20
55.13274411680504
 30
0.0
 11
7.373937831940057
 21
54.6
 31
0.0
  0
LINE
  5
1F8
330
1F
100
AcDbEntity
  8
AM_9
100
AcDbLine
 10
15.86112443525279
 20
55.13274411680504
 30
0.0
 11
15.86112443525279
 21
54.6
 31
0.0
  0
LINE
  5
1F9
330
1F
100
AcDbEntity
  8
AM_9
100
AcDbLine
 10
-19.87719651936483
 20
55.15415379330089
 30
0.0
 11
-19.8771965193648
 21
54.6
 31
0.0
  0
LINE
  5
1FA
330
1F
100
AcDbEntity
  8
AM_9
100
AcDbLine
 10
-11.50593854807826
 20
55.15415379330089
 30
0.0
 11
-11.50593854807827
 21
54.6
 31
0.0
  0
LINE
  5
1FB
330
1F
100
AcDbEntity
  8
AM_9
100
AcDbLine
 10
7.458803480635202
 20
55.15415379330089
 30
0.0
 11
7.4588034806352
 21
54.6
 31
0.0
  0
LINE
  5
1FC
330
1F
100
AcDbEntity
  8
AM_9
100
AcDbLine
 10
15.83006145192172
 20
55.15415379330089
 30
0.0
 11
15.83006145192172
 21
54.6
 31
0.0
  0
LINE
  5
1FD
330
1F
100
AcDbEntity
  8
AM_9
100
AcDbLine
 10
-28.44937493447775
 20
50.441
 30
0.0
 11
-28.44937493447775
 21
50.492
 31
0.0
  0
LINE
  5
1FE
330
1F
100
AcDbEntity
  8
AM_9
100
AcDbLine
 10
-27.7635
 20
50.441
 30
0.0
 11
-28.44937493447775
 21
50.441
 31
0.0
  0
LINE
  5
1FF
330
1F
100
AcDbEntity
  8
AM_9
100
AcDbLine
 10
-27.7635
 20
50.492
 30
0.0
 11
-27.7635
 21
50.441
 31
0.0
  0
LINE
  5
200
330
1F
100
AcDbEntity
  8
AM_9
100
AcDbLine
 10
-27.7635
 20
50.492
 30
0.0
 11
-28.44937493447775
 21
50.492
 31
0.0
  0
LINE
  5
201
330
1F
100
AcDbEntity
  8
AM_9
100
AcDbLine
 10
-28.44937493447775
 20
41.56100000000006
 30
0.0
 11
-28.44937493447775
 21
41.61200000000007
 31
0.0
  0
LINE
  5
202
330
1F
100
AcDbEntity
  8
AM_9
100
AcDbLine
 10
-27.7635
 20
41.61200000000007
 30
0.0
 11
-28.44937493447775
 21
41.61200000000007
 31
0.0
  0
LINE
  5
203
330
1F
100
AcDbEntity
  8
AM_9
100
AcDbLine
 10
-27.7635
 20
41.61200000000007
 30
0.0
 11
-27.7635
 21
41.56100000000006
 31
0.0
  0
LINE
  5
204
330
1F
100
AcDbEntity
  8
AM_9
100
AcDbLine
 10
-27.7635
 20
41.56100000000006
 30
0.0
 11
-28.44937493447775
 21
41.56100000000006
 31
0.0
  0
LINE
  5
205
330
1F
100
AcDbEntity
  8
AM_9
100
AcDbLine
 10
-27.7635
 20
39.76200000000008
 30
0.0
 11
-27.7635
 21
39.71100000000008
 31
0.0
  0
LINE
  5
206
330
1F
100
AcDbEntity
  8
AM_9
100
AcDbLine
 10
-27.7635
 20
40.50200000000007
 30
0.0
 11
-27.7635
 21
40.45100000000007
 31
0.0
  0
LINE
  5
207
330
1F
100
AcDbEntity
  8
AM_9
100
AcDbLine
 10
-27.7635
 20
50.12200000000001
 30
0.0
 11
-27.7635
 21
50.07100000000001
 31
0.0
  0
LINE
  5
208
330
1F
100
AcDbEntity
  8
AM_9
100
AcDbLine
 10
-28.44937493447775
 20
47.85100000000001
 30
0.0
 11
-28.44937493447775
 21
47.90200000000002
 31
0.0
  0
LINE
  5
209
330
1F
100
AcDbEntity
  8
AM_9
100
AcDbLine
 10
-27.7635
 20
47.90200000000002
 30
0.0
 11
-27.7635
 21
47.85100000000001
 31
0.0
  0
LINE
  5
20A
330
1F
100
AcDbEntity
  8
AM_9
100
AcDbLine
 10
-27.7635
 20
47.90200000000002
 30
0.0
 11
-28.44937493447775
 21
47.90200000000002
 31
0.0
  0
LINE
  5
20B
330
1F
100
AcDbEntity
  8
AM_9
100
AcDbLine
 10
-27.7635
 20
47.85100000000001
 30
0.0
 11
-28.44937493447775
 21
47.85100000000001
 31
0.0
  0
LINE
  5
20C
330
1F
100
AcDbEntity
  8
AM_9
100
AcDbLine
 10
-27.7635
 20
49.75200000000001
 30
0.0
 11
-27.7635
 21
49.70100000000001
 31
0.0
  0
LINE
  5
20D
330
1F
100
AcDbEntity
  8
AM_9
100
AcDbLine
 10
-28.44937493447775
 20
35.6410000000001
 30
0.0
 11
-28.44937493447775
 21
35.69200000000011
 31
0.0
  0
LINE
  5
20E
330
1F
100
AcDbEntity
  8
AM_9
100
AcDbLine
 10
-27.7635
 20
35.69200000000011
 30
0.0
 11
-28.44937493447775
 21
35.69200000000011
 31
0.0
  0
LINE
  5
20F
330
1F
100
AcDbEntity
  8
AM_9
100
AcDbLine
 10
-27.7635
 20
35.6410000000001
 30
0.0
 11
-28.44937493447775
 21
35.6410000000001
 31
0.0
  0
LINE
  5
210
330
1F
100
AcDbEntity
  8
AM_9
100
AcDbLine
 10
-27.7635
 20
35.69200000000011
 30
0.0
 11
-27.7635
 21
35.6410000000001
 31
0.0
  0
LINE
  5
211
330
1F
100
AcDbEntity
  8
AM_9
100
AcDbLine
 10
-28.44937493447775
 20
35.27100000000011
 30
0.0
 11
-28.44937493447775
 21
35.32200000000011
 31
0.0
  0
LINE
  5
212
330
1F
100
AcDbEntity
  8
AM_9
100
AcDbLine
 10
-27.7635
 20
35.32200000000011
 30
0.0
 11
-28.44937493447775
 21
35.32200000000011
 31
0.0
  0
LINE
  5
213
330
1F
100
AcDbEntity
  8
AM_9
100
AcDbLine
 10
-27.7635
 20
35.27100000000011
 30
0.0
 11
-28.44937493447775
 21
35.27100000000011
 31
0.0
  0
LINE
  5
214
330
1F
100
AcDbEntity
  8
AM_9
100
AcDbLine
 10
-27.7635
 20
35.32200000000011
 30
0.0
 11
-27.7635
 21
35.27100000000011
 31
0.0
  0
LINE
  5
215
330
1F
100
AcDbEntity
  8
AM_9
100
AcDbLine
 10
-27.7635
 20
30.83100000000012
 30
0.0
 11
-28.44937493447775
 21
30.83100000000012
 31
0.0
  0
LINE
  5
216
330
1F
100
AcDbEntity
  8
AM_9
100
AcDbLine
 10
-27.7635
 20
39.39200000000008
 30
0.0
 11
-27.7635
 21
39.34100000000008
 31
0.0
  0
LINE
  5
217
330
1F
100
AcDbEntity
  8
AM_9
100
AcDbLine
 10
-28.44937493447775
 20
50.07100000000001
 30
0.0
 11
-28.44937493447775
 21
50.12200000000001
 31
0.0
  0
LINE
  5
218
330
1F
100
AcDbEntity
  8
AM_9
100
AcDbLine
 10
-27.7635
 20
50.07100000000001
 30
0.0
 11
-28.44937493447775
 21
50.07100000000001
 31
0.0
  0
LINE
  5
219
330
1F
100
AcDbEntity
  8
AM_9
100
AcDbLine
 10
-27.7635
 20
50.12200000000001
 30
0.0
 11
-28.44937493447775
 21
50.12200000000001
 31
0.0
  0
LINE
  5
21A
330
1F
100
AcDbEntity
  8
AM_9
100
AcDbLine
 10
-27.7635
 20
34.21200000000012
 30
0.0
 11
-27.7635
 21
34.16100000000012
 31
0.0
  0
LINE
  5
21B
330
1F
100
AcDbEntity
  8
AM_9
100
AcDbLine
 10
-27.7635
 20
8.261000000000099
 30
0.0
 11
-28.44937493447775
 21
8.261000000000099
 31
0.0
  0
LINE
  5
21C
330
1F
100
AcDbEntity
  8
AM_9
100
AcDbLine
 10
-27.7635
 20
29.03200000000012
 30
0.0
 11
-28.44937493447775
 21
29.03200000000012
 31
0.0
  0
LINE
  5
21D
330
1F
100
AcDbEntity
  8
AM_9
100
AcDbLine
 10
-27.7635
 20
39.34100000000008
 30
0.0
 11
-28.44937493447775
 21
39.34100000000008
 31
0.0
  0
LINE
  5
21E
330
1F
100
AcDbEntity
  8
AM_9
100
AcDbLine
 10
-28.44937493447775
 20
8.6310000000001
 30
0.0
 11
-28.44937493447775
 21
8.682000000000102
 31
0.0
  0
LINE
  5
21F
330
1F
100
AcDbEntity
  8
AM_9
100
AcDbLine
 10
-27.7635
 20
8.6310000000001
 30
0.0
 11
-28.44937493447775
 21
8.6310000000001
 31
0.0
  0
LINE
  5
220
330
1F
100
AcDbEntity
  8
AM_9
100
AcDbLine
 10
-27.7635
 20
8.682000000000102
 30
0.0
 11
-28.44937493447775
 21
8.682000000000102
 31
0.0
  0
LINE
  5
221
330
1F
100
AcDbEntity
  8
AM_9
100
AcDbLine
 10
-27.7635
 20
8.682000000000102
 30
0.0
 11
-27.7635
 21
8.6310000000001
 31
0.0
  0
LINE
  5
222
330
1F
100
AcDbEntity
  8
AM_9
100
AcDbLine
 10
-28.44937493447775
 20
41.93100000000005
 30
0.0
 11
-28.44937493447775
 21
41.98200000000006
 31
0.0
  0
LINE
  5
223
330
1F
100
AcDbEntity
  8
AM_9
100
AcDbLine
 10
-27.7635
 20
41.93100000000005
 30
0.0
 11
-28.44937493447775
 21
41.93100000000005
 31
0.0
  0
LINE
  5
224
330
1F
100
AcDbEntity
  8
AM_9
100
AcDbLine
 10
-27.7635
 20
41.98200000000006
 30
0.0
 11
-27.7635
 21
41.93100000000005
 31
0.0
  0
LINE
  5
225
330
1F
100
AcDbEntity
  8
AM_9
100
AcDbLine
 10
-27.7635
 20
41.98200000000006
 30
0.0
 11
-28.44937493447775
 21
41.98200000000006
 31
0.0
  0
LINE
  5
226
330
1F
100
AcDbEntity
  8
AM_9
100
AcDbLine
 10
-27.7635
 20
25.70200000000011
 30
0.0
 11
-27.7635
 21
25.65100000000011
 31
0.0
  0
LINE
  5
227
330
1F
100
AcDbEntity
  8
AM_9
100
AcDbLine
 10
-28.44937493447775
 20
39.71100000000008
 30
0.0
 11
-28.44937493447775
 21
39.76200000000008
 31
0.0
  0
LINE
  5
228
330
1F
100
AcDbEntity
  8
AM_9
100
AcDbLine
 10
-27.7635
 20
39.76200000000008
 30
0.0
 11
-28.44937493447775
 21
39.76200000000008
 31
0.0
  0
LINE
  5
229
330
1F
100
AcDbEntity
  8
AM_9
100
AcDbLine
 10
-27.7635
 20
39.71100000000008
 30
0.0
 11
-28.44937493447775
 21
39.71100000000008
 31
0.0
  0
LINE
  5
22A
330
1F
100
AcDbEntity
  8
AM_9
100
AcDbLine
 10
-28.44937493447775
 20
7.891000000000098
 30
0.0
 11
-28.44937493447775
 21
7.942000000000101
 31
0.0
  0
LINE
  5
22B
330
1F
100
AcDbEntity
  8
AM_9
100
AcDbLine
 10
-27.7635
 20
7.942000000000101
 30
0.0
 11
-28.44937493447775
 21
7.942000000000101
 31
0.0
  0
LINE
  5
22C
330
1F
100
AcDbEntity
  8
AM_9
100
AcDbLine
 10
-27.7635
 20
7.891000000000098
 30
0.0
 11
-28.44937493447775
 21
7.891000000000098
 31
0.0
  0
LINE
  5
22D
330
1F
100
AcDbEntity
  8
AM_9
100
AcDbLine
 10
-27.7635
 20
7.942000000000101
 30
0.0
 11
-27.7635
 21
7.891000000000098
 31
0.0
  0
LINE
  5
22E
330
1F
100
AcDbEntity
  8
AM_9
100
AcDbLine
 10
-28.44937493447775
 20
34.90100000000011
 30
0.0
 11
-28.44937493447775
 21
34.95200000000011
 31
0.0
  0
LINE
  5
22F
330
1F
100
AcDbEntity
  8
AM_9
100
AcDbLine
 10
-27.7635
 20
34.95200000000011
 30
0.0
 11
-28.44937493447775
 21
34.95200000000011
 31
0.0
  0
LINE
  5
230
330
1F
100
AcDbEntity
  8
AM_9
100
AcDbLine
 10
-27.7635
 20
34.90100000000011
 30
0.0
 11
-28.44937493447775
 21
34.90100000000011
 31
0.0
  0
LINE
  5
231
330
1F
100
AcDbEntity
  8
AM_9
100
AcDbLine
 10
-27.7635
 20
34.95200000000011
 30
0.0
 11
-27.7635
 21
34.90100000000011
 31
0.0
  0
LINE
  5
232
330
1F
100
AcDbEntity
  8
AM_9
100
AcDbLine
 10
-27.7635
 20
26.07200000000011
 30
0.0
 11
-27.7635
 21
26.02100000000011
 31
0.0
  0
LINE
  5
233
330
1F
100
AcDbEntity
  8
AM_9
100
AcDbLine
 10
-27.7635
 20
28.66200000000012
 30
0.0
 11
-27.7635
 21
28.61100000000012
 31
0.0
  0
LINE
  5
234
330
1F
100
AcDbEntity
  8
AM_9
100
AcDbLine
 10
-28.44937493447775
 20
39.34100000000008
 30
0.0
 11
-28.44937493447775
 21
39.39200000000008
 31
0.0
  0
LINE
  5
235
330
1F
100
AcDbEntity
  8
AM_9
100
AcDbLine
 10
-27.7635
 20
39.39200000000008
 30
0.0
 11
-28.44937493447775
 21
39.39200000000008
 31
0.0
  0
LINE
  5
236
330
1F
100
AcDbEntity
  8
AM_9
100
AcDbLine
 10
-27.7635
 20
48.59100000000002
 30
0.0
 11
-28.44937493447775
 21
48.59100000000002
 31
0.0
  0
LINE
  5
237
330
1F
100
AcDbEntity
  8
AM_9
100
AcDbLine
 10
-28.44937493447775
 20
34.53100000000011
 30
0.0
 11
-28.44937493447775
 21
34.58200000000011
 31
0.0
  0
LINE
  5
238
330
1F
100
AcDbEntity
  8
AM_9
100
AcDbLine
 10
-27.7635
 20
34.58200000000011
 30
0.0
 11
-28.44937493447775
 21
34.58200000000011
 31
0.0
  0
LINE
  5
239
330
1F
100
AcDbEntity
  8
AM_9
100
AcDbLine
 10
-27.7635
 20
34.58200000000011
 30
0.0
 11
-27.7635
 21
34.53100000000011
 31
0.0
  0
LINE
  5
23A
330
1F
100
AcDbEntity
  8
AM_9
100
AcDbLine
 10
-27.7635
 20
34.53100000000011
 30
0.0
 11
-28.44937493447775
 21
34.53100000000011
 31
0.0
  0
LINE
  5
23B
330
1F
100
AcDbEntity
  8
AM_9
100
AcDbLine
 10
-28.44937493447775
 20
23.8010000000001
 30
0.0
 11
-28.44937493447775
 21
23.85200000000011
 31
0.0
  0
LINE
  5
23C
330
1F
100
AcDbEntity
  8
AM_9
100
AcDbLine
 10
-27.7635
 20
23.85200000000011
 30
0.0
 11
-27.7635
 21
23.8010000000001
 31
0.0
  0
LINE
  5
23D
330
1F
100
AcDbEntity
  8
AM_9
100
AcDbLine
 10
-27.7635
 20
23.8010000000001
 30
0.0
 11
-28.44937493447775
 21
23.8010000000001
 31
0.0
  0
LINE
  5
23E
330
1F
100
AcDbEntity
  8
AM_9
100
AcDbLine
 10
-27.7635
 20
23.85200000000011
 30
0.0
 11
-28.44937493447775
 21
23.85200000000011
 31
0.0
  0
LINE
  5
23F
330
1F
100
AcDbEntity
  8
AM_9
100
AcDbLine
 10
-28.44937493447775
 20
28.98100000000012
 30
0.0
 11
-28.44937493447775
 21
29.03200000000012
 31
0.0
  0
LINE
  5
240
330
1F
100
AcDbEntity
  8
AM_9
100
AcDbLine
 10
-27.7635
 20
29.03200000000012
 30
0.0
 11
-27.7635
 21
28.98100000000012
 31
0.0
  0
LINE
  5
241
330
1F
100
AcDbEntity
  8
AM_9
100
AcDbLine
 10
-27.7635
 20
28.98100000000012
 30
0.0
 11
-28.44937493447775
 21
28.98100000000012
 31
0.0
  0
LINE
  5
242
330
1F
100
AcDbEntity
  8
AM_9
100
AcDbLine
 10
-27.7635
 20
23.48200000000011
 30
0.0
 11
-27.7635
 21
23.4310000000001
 31
0.0
  0
LINE
  5
243
330
1F
100
AcDbEntity
  8
AM_9
100
AcDbLine
 10
-27.7635
 20
34.16100000000012
 30
0.0
 11
-28.44937493447775
 21
34.16100000000012
 31
0.0
  0
LINE
  5
244
330
1F
100
AcDbEntity
  8
AM_9
100
AcDbLine
 10
-27.7635
 20
8.3120000000001
 30
0.0
 11
-28.44937493447775
 21
8.3120000000001
 31
0.0
  0
LINE
  5
245
330
1F
100
AcDbEntity
  8
AM_9
100
AcDbLine
 10
-27.7635
 20
26.07200000000011
 30
0.0
 11
-28.44937493447775
 21
26.07200000000011
 31
0.0
  0
LINE
  5
246
330
1F
100
AcDbEntity
  8
AM_9
100
AcDbLine
 10
-27.7635
 20
29.77200000000012
 30
0.0
 11
-27.7635
 21
29.72100000000012
 31
0.0
  0
LINE
  5
247
330
1F
100
AcDbEntity
  8
AM_9
100
AcDbLine
 10
-27.7635
 20
25.70200000000011
 30
0.0
 11
-28.44937493447775
 21
25.70200000000011
 31
0.0
  0
LINE
  5
248
330
1F
100
AcDbEntity
  8
AM_9
100
AcDbLine
 10
-28.44937493447775
 20
30.83100000000012
 30
0.0
 11
-28.44937493447775
 21
30.88200000000013
 31
0.0
  0
LINE
  5
249
330
1F
100
AcDbEntity
  8
AM_9
100
AcDbLine
 10
-27.7635
 20
30.88200000000013
 30
0.0
 11
-28.44937493447775
 21
30.88200000000013
 31
0.0
  0
LINE
  5
24A
330
1F
100
AcDbEntity
  8
AM_9
100
AcDbLine
 10
-27.7635
 20
30.88200000000013
 30
0.0
 11
-27.7635
 21
30.83100000000012
 31
0.0
  0
LINE
  5
24B
330
1F
100
AcDbEntity
  8
AM_9
100
AcDbLine
 10
-28.44937493447775
 20
23.4310000000001
 30
0.0
 11
-28.44937493447775
 21
23.48200000000011
 31
0.0
  0
LINE
  5
24C
330
1F
100
AcDbEntity
  8
AM_9
100
AcDbLine
 10
-27.7635
 20
23.4310000000001
 30
0.0
 11
-28.44937493447775
 21
23.4310000000001
 31
0.0
  0
LINE
  5
24D
330
1F
100
AcDbEntity
  8
AM_9
100
AcDbLine
 10
-27.7635
 20
23.48200000000011
 30
0.0
 11
-28.44937493447775
 21
23.48200000000011
 31
0.0
  0
LINE
  5
24E
330
1F
100
AcDbEntity
  8
AM_9
100
AcDbLine
 10
-27.7635
 20
28.61100000000012
 30
0.0
 11
-28.44937493447775
 21
28.61100000000012
 31
0.0
  0
LINE
  5
24F
330
1F
100
AcDbEntity
  8
AM_9
100
AcDbLine
 10
-27.7635
 20
50.86199999999999
 30
0.0
 11
-28.44937493447775
 21
50.86199999999999
 31
0.0
  0
LINE
  5
250
330
1F
100
AcDbEntity
  8
AM_9
100
AcDbLine
 10
-28.44937493447775
 20
30.46100000000012
 30
0.0
 11
-28.44937493447775
 21
30.51200000000012
 31
0.0
  0
LINE
  5
251
330
1F
100
AcDbEntity
  8
AM_9
100
AcDbLine
 10
-27.7635
 20
30.51200000000012
 30
0.0
 11
-28.44937493447775
 21
30.51200000000012
 31
0.0
  0
LINE
  5
252
330
1F
100
AcDbEntity
  8
AM_9
100
AcDbLine
 10
-27.7635
 20
30.51200000000012
 30
0.0
 11
-27.7635
 21
30.46100000000012
 31
0.0
  0
LINE
  5
253
330
1F
100
AcDbEntity
  8
AM_9
100
AcDbLine
 10
-27.7635
 20
30.46100000000012
 30
0.0
 11
-28.44937493447775
 21
30.46100000000012
 31
0.0
  0
LINE
  5
254
330
1F
100
AcDbEntity
  8
AM_9
100
AcDbLine
 10
-27.7635
 20
30.14200000000012
 30
0.0
 11
-27.7635
 21
30.09100000000012
 31
0.0
  0
LINE
  5
255
330
1F
100
AcDbEntity
  8
AM_9
100
AcDbLine
 10
-27.7635
 20
24.96200000000011
 30
0.0
 11
-28.44937493447775
 21
24.96200000000011
 31
0.0
  0
LINE
  5
256
330
1F
100
AcDbEntity
  8
AM_9
100
AcDbLine
 10
-27.7635
 20
8.3120000000001
 30
0.0
 11
-27.7635
 21
8.261000000000099
 31
0.0
  0
LINE
  5
257
330
1F
100
AcDbEntity
  8
AM_9
100
AcDbLine
 10
-28.44937493447775
 20
8.261000000000099
 30
0.0
 11
-28.44937493447775
 21
8.3120000000001
 31
0.0
  0
LINE
  5
258
330
1F
100
AcDbEntity
  8
AM_9
100
AcDbLine
 10
-28.44937493447775
 20
28.61100000000012
 30
0.0
 11
-28.44937493447775
 21
28.66200000000012
 31
0.0
  0
LINE
  5
259
330
1F
100
AcDbEntity
  8
AM_9
100
AcDbLine
 10
-27.7635
 20
28.66200000000012
 30
0.0
 11
-28.44937493447775
 21
28.66200000000012
 31
0.0
  0
LINE
  5
25A
330
1F
100
AcDbEntity
  8
AM_9
100
AcDbLine
 10
-28.44937493447775
 20
24.54100000000011
 30
0.0
 11
-28.44937493447775
 21
24.59200000000011
 31
0.0
  0
LINE
  5
25B
330
1F
100
AcDbEntity
  8
AM_9
100
AcDbLine
 10
-27.7635
 20
24.54100000000011
 30
0.0
 11
-28.44937493447775
 21
24.54100000000011
 31
0.0
  0
LINE
  5
25C
330
1F
100
AcDbEntity
  8
AM_9
100
AcDbLine
 10
-27.7635
 20
24.59200000000011
 30
0.0
 11
-28.44937493447775
 21
24.59200000000011
 31
0.0
  0
LINE
  5
25D
330
1F
100
AcDbEntity
  8
AM_9
100
AcDbLine
 10
-27.7635
 20
24.59200000000011
 30
0.0
 11
-27.7635
 21
24.54100000000011
 31
0.0
  0
LINE
  5
25E
330
1F
100
AcDbEntity
  8
AM_9
100
AcDbLine
 10
-28.44937493447775
 20
29.72100000000012
 30
0.0
 11
-28.44937493447775
 21
29.77200000000012
 31
0.0
  0
LINE
  5
25F
330
1F
100
AcDbEntity
  8
AM_9
100
AcDbLine
 10
-27.7635
 20
29.72100000000012
 30
0.0
 11
-28.44937493447775
 21
29.72100000000012
 31
0.0
  0
LINE
  5
260
330
1F
100
AcDbEntity
  8
AM_9
100
AcDbLine
 10
-27.7635
 20
29.77200000000012
 30
0.0
 11
-28.44937493447775
 21
29.77200000000012
 31
0.0
  0
LINE
  5
261
330
1F
100
AcDbEntity
  8
AM_9
100
AcDbLine
 10
-27.7635
 20
50.86199999999999
 30
0.0
 11
-27.7635
 21
50.81099999999999
 31
0.0
  0
LINE
  5
262
330
1F
100
AcDbEntity
  8
AM_9
100
AcDbLine
 10
-28.44937493447775
 20
40.08100000000007
 30
0.0
 11
-28.44937493447775
 21
40.13200000000008
 31
0.0
  0
LINE
  5
263
330
1F
100
AcDbEntity
  8
AM_9
100
AcDbLine
 10
-27.7635
 20
40.13200000000008
 30
0.0
 11
-27.7635
 21
40.08100000000007
 31
0.0
  0
LINE
  5
264
330
1F
100
AcDbEntity
  8
AM_9
100
AcDbLine
 10
-27.7635
 20
40.08100000000007
 30
0.0
 11
-28.44937493447775
 21
40.08100000000007
 31
0.0
  0
LINE
  5
265
330
1F
100
AcDbEntity
  8
AM_9
100
AcDbLine
 10
-27.7635
 20
40.13200000000008
 30
0.0
 11
-28.44937493447775
 21
40.13200000000008
 31
0.0
  0
LINE
  5
266
330
1F
100
AcDbEntity
  8
AM_9
100
AcDbLine
 10
-27.7635
 20
48.64200000000002
 30
0.0
 11
-27.7635
 21
48.59100000000002
 31
0.0
  0
LINE
  5
267
330
1F
100
AcDbEntity
  8
AM_9
100
AcDbLine
 10
-27.7635
 20
37.12100000000009
 30
0.0
 11
-28.44937493447775
 21
37.12100000000009
 31
0.0
  0
LINE
  5
268
330
1F
100
AcDbEntity
  8
AM_9
100
AcDbLine
 10
-28.44937493447775
 20
26.39100000000011
 30
0.0
 11
-28.44937493447775
 21
26.44200000000011
 31
0.0
  0
LINE
  5
269
330
1F
100
AcDbEntity
  8
AM_9
100
AcDbLine
 10
-27.7635
 20
26.44200000000011
 30
0.0
 11
-27.7635
 21
26.39100000000011
 31
0.0
  0
LINE
  5
26A
330
1F
100
AcDbEntity
  8
AM_9
100
AcDbLine
 10
-27.7635
 20
26.39100000000011
 30
0.0
 11
-28.44937493447775
 21
26.39100000000011
 31
0.0
  0
LINE
  5
26B
330
1F
100
AcDbEntity
  8
AM_9
100
AcDbLine
 10
-27.7635
 20
26.44200000000011
 30
0.0
 11
-28.44937493447775
 21
26.44200000000011
 31
0.0
  0
LINE
  5
26C
330
1F
100
AcDbEntity
  8
AM_9
100
AcDbLine
 10
-27.7635
 20
47.53200000000002
 30
0.0
 11
-27.7635
 21
47.48100000000002
 31
0.0
  0
LINE
  5
26D
330
1F
100
AcDbEntity
  8
AM_9
100
AcDbLine
 10
-28.44937493447775
 20
20.8410000000001
 30
0.0
 11
-28.44937493447775
 21
20.8920000000001
 31
0.0
  0
LINE
  5
26E
330
1F
100
AcDbEntity
  8
AM_9
100
AcDbLine
 10
-27.7635
 20
20.8410000000001
 30
0.0
 11
-28.44937493447775
 21
20.8410000000001
 31
0.0
  0
LINE
  5
26F
330
1F
100
AcDbEntity
  8
AM_9
100
AcDbLine
 10
-27.7635
 20
20.8920000000001
 30
0.0
 11
-27.7635
 21
20.8410000000001
 31
0.0
  0
LINE
  5
270
330
1F
100
AcDbEntity
  8
AM_9
100
AcDbLine
 10
-27.7635
 20
20.8920000000001
 30
0.0
 11
-28.44937493447775
 21
20.8920000000001
 31
0.0
  0
LINE
  5
271
330
1F
100
AcDbEntity
  8
AM_9
100
AcDbLine
 10
-27.7635
 20
20.5220000000001
 30
0.0
 11
-27.7635
 21
20.4710000000001
 31
0.0
  0
LINE
  5
272
330
1F
100
AcDbEntity
  8
AM_9
100
AcDbLine
 10
-28.44937493447775
 20
31.20100000000012
 30
0.0
 11
-28.44937493447775
 21
31.25200000000013
 31
0.0
  0
LINE
  5
273
330
1F
100
AcDbEntity
  8
AM_9
100
AcDbLine
 10
-27.7635
 20
31.20100000000012
 30
0.0
 11
-28.44937493447775
 21
31.20100000000012
 31
0.0
  0
LINE
  5
274
330
1F
100
AcDbEntity
  8
AM_9
100
AcDbLine
 10
-27.7635
 20
31.25200000000013
 30
0.0
 11
-28.44937493447775
 21
31.25200000000013
 31
0.0
  0
LINE
  5
275
330
1F
100
AcDbEntity
  8
AM_9
100
AcDbLine
 10
-27.7635
 20
31.25200000000013
 30
0.0
 11
-27.7635
 21
31.20100000000012
 31
0.0
  0
LINE
  5
276
330
1F
100
AcDbEntity
  8
AM_9
100
AcDbLine
 10
-28.44937493447775
 20
20.4710000000001
 30
0.0
 11
-28.44937493447775
 21
20.5220000000001
 31
0.0
  0
LINE
  5
277
330
1F
100
AcDbEntity
  8
AM_9
100
AcDbLine
 10
-27.7635
 20
20.4710000000001
 30
0.0
 11
-28.44937493447775
 21
20.4710000000001
 31
0.0
  0
LINE
  5
278
330
1F
100
AcDbEntity
  8
AM_9
100
AcDbLine
 10
-27.7635
 20
20.5220000000001
 30
0.0
 11
-28.44937493447775
 21
20.5220000000001
 31
0.0
  0
LINE
  5
279
330
1F
100
AcDbEntity
  8
AM_9
100
AcDbLine
 10
-28.44937493447775
 20
25.65100000000011
 30
0.0
 11
-28.44937493447775
 21
25.70200000000011
 31
0.0
  0
LINE
  5
27A
330
1F
100
AcDbEntity
  8
AM_9
100
AcDbLine
 10
-27.7635
 20
25.65100000000011
 30
0.0
 11
-28.44937493447775
 21
25.65100000000011
 31
0.0
  0
LINE
  5
27B
330
1F
100
AcDbEntity
  8
AM_9
100
AcDbLine
 10
-27.7635
 20
25.33200000000011
 30
0.0
 11
-27.7635
 21
25.28100000000011
 31
0.0
  0
LINE
  5
27C
330
1F
100
AcDbEntity
  8
AM_9
100
AcDbLine
 10
-28.44937493447775
 20
26.02100000000011
 30
0.0
 11
-28.44937493447775
 21
26.07200000000011
 31
0.0
  0
LINE
  5
27D
330
1F
100
AcDbEntity
  8
AM_9
100
AcDbLine
 10
-27.7635
 20
26.02100000000011
 30
0.0
 11
-28.44937493447775
 21
26.02100000000011
 31
0.0
  0
LINE
  5
27E
330
1F
100
AcDbEntity
  8
AM_9
100
AcDbLine
 10
-28.44937493447775
 20
50.81099999999999
 30
0.0
 11
-28.44937493447775
 21
50.86199999999999
 31
0.0
  0
LINE
  5
27F
330
1F
100
AcDbEntity
  8
AM_9
100
AcDbLine
 10
-27.7635
 20
50.81099999999999
 30
0.0
 11
-28.44937493447775
 21
50.81099999999999
 31
0.0
  0
LINE
  5
280
330
1F
100
AcDbEntity
  8
AM_9
100
AcDbLine
 10
-27.7635
 20
19.73100000000009
 30
0.0
 11
-28.44937493447775
 21
19.73100000000009
 31
0.0
  0
LINE
  5
281
330
1F
100
AcDbEntity
  8
AM_9
100
AcDbLine
 10
-27.7635
 20
24.96200000000011
 30
0.0
 11
-27.7635
 21
24.91100000000011
 31
0.0
  0
LINE
  5
282
330
1F
100
AcDbEntity
  8
AM_9
100
AcDbLine
 10
-27.7635
 20
19.7820000000001
 30
0.0
 11
-28.44937493447775
 21
19.7820000000001
 31
0.0
  0
LINE
  5
283
330
1F
100
AcDbEntity
  8
AM_9
100
AcDbLine
 10
-28.44937493447775
 20
24.91100000000011
 30
0.0
 11
-28.44937493447775
 21
24.96200000000011
 31
0.0
  0
LINE
  5
284
330
1F
100
AcDbEntity
  8
AM_9
100
AcDbLine
 10
-27.7635
 20
24.91100000000011
 30
0.0
 11
-28.44937493447775
 21
24.91100000000011
 31
0.0
  0
LINE
  5
285
330
1F
100
AcDbEntity
  8
AM_9
100
AcDbLine
 10
-27.7635
 20
19.41200000000009
 30
0.0
 11
-27.7635
 21
19.36100000000009
 31
0.0
  0
LINE
  5
286
330
1F
100
AcDbEntity
  8
AM_9
100
AcDbLine
 10
-28.44937493447775
 20
19.36100000000009
 30
0.0
 11
-28.44937493447775
 21
19.41200000000009
 31
0.0
  0
LINE
  5
287
330
1F
100
AcDbEntity
  8
AM_9
100
AcDbLine
 10
-27.7635
 20
19.41200000000009
 30
0.0
 11
-28.44937493447775
 21
19.41200000000009
 31
0.0
  0
LINE
  5
288
330
1F
100
AcDbEntity
  8
AM_9
100
AcDbLine
 10
-27.7635
 20
19.36100000000009
 30
0.0
 11
-28.44937493447775
 21
19.36100000000009
 31
0.0
  0
LINE
  5
289
330
1F
100
AcDbEntity
  8
AM_9
100
AcDbLine
 10
-27.7635
 20
30.14200000000012
 30
0.0
 11
-28.44937493447775
 21
30.14200000000012
 31
0.0
  0
LINE
  5
28A
330
1F
100
AcDbEntity
  8
AM_9
100
AcDbLine
 10
-27.7635
 20
40.87200000000008
 30
0.0
 11
-28.44937493447775
 21
40.87200000000008
 31
0.0
  0
LINE
  5
28B
330
1F
100
AcDbEntity
  8
AM_9
100
AcDbLine
 10
-27.7635
 20
18.99100000000009
 30
0.0
 11
-28.44937493447775
 21
18.99100000000009
 31
0.0
  0
LINE
  5
28C
330
1F
100
AcDbEntity
  8
AM_9
100
AcDbLine
 10
-27.7635
 20
24.22200000000011
 30
0.0
 11
-27.7635
 21
24.17100000000011
 31
0.0
  0
LINE
  5
28D
330
1F
100
AcDbEntity
  8
AM_9
100
AcDbLine
 10
-28.44937493447775
 20
24.17100000000011
 30
0.0
 11
-28.44937493447775
 21
24.22200000000011
 31
0.0
  0
LINE
  5
28E
330
1F
100
AcDbEntity
  8
AM_9
100
AcDbLine
 10
-27.7635
 20
24.17100000000011
 30
0.0
 11
-28.44937493447775
 21
24.17100000000011
 31
0.0
  0
LINE
  5
28F
330
1F
100
AcDbEntity
  8
AM_9
100
AcDbLine
 10
-27.7635
 20
24.22200000000011
 30
0.0
 11
-28.44937493447775
 21
24.22200000000011
 31
0.0
  0
LINE
  5
290
330
1F
100
AcDbEntity
  8
AM_9
100
AcDbLine
 10
-28.44937493447775
 20
29.35100000000012
 30
0.0
 11
-28.44937493447775
 21
29.40200000000012
 31
0.0
  0
LINE
  5
291
330
1F
100
AcDbEntity
  8
AM_9
100
AcDbLine
 10
-27.7635
 20
29.40200000000012
 30
0.0
 11
-28.44937493447775
 21
29.40200000000012
 31
0.0
  0
LINE
  5
292
330
1F
100
AcDbEntity
  8
AM_9
100
AcDbLine
 10
-27.7635
 20
29.35100000000012
 30
0.0
 11
-28.44937493447775
 21
29.35100000000012
 31
0.0
  0
LINE
  5
293
330
1F
100
AcDbEntity
  8
AM_9
100
AcDbLine
 10
-27.7635
 20
29.40200000000012
 30
0.0
 11
-27.7635
 21
29.35100000000012
 31
0.0
  0
LINE
  5
294
330
1F
100
AcDbEntity
  8
AM_9
100
AcDbLine
 10
-27.7635
 20
18.67200000000009
 30
0.0
 11
-28.44937493447775
 21
18.67200000000009
 31
0.0
  0
LINE
  5
295
330
1F
100
AcDbEntity
  8
AM_9
100
AcDbLine
 10
-27.7635
 20
18.30200000000009
 30
0.0
 11
-27.7635
 21
18.25100000000009
 31
0.0
  0
LINE
  5
296
330
1F
100
AcDbEntity
  8
AM_9
100
AcDbLine
 10
-28.44937493447775
 20
18.25100000000009
 30
0.0
 11
-28.44937493447775
 21
18.30200000000009
 31
0.0
  0
LINE
  5
297
330
1F
100
AcDbEntity
  8
AM_9
100
AcDbLine
 10
-27.7635
 20
18.25100000000009
 30
0.0
 11
-28.44937493447775
 21
18.25100000000009
 31
0.0
  0
LINE
  5
298
330
1F
100
AcDbEntity
  8
AM_9
100
AcDbLine
 10
-27.7635
 20
18.30200000000009
 30
0.0
 11
-28.44937493447775
 21
18.30200000000009
 31
0.0
  0
LINE
  5
299
330
1F
100
AcDbEntity
  8
AM_9
100
AcDbLine
 10
-27.7635
 20
17.93200000000009
 30
0.0
 11
-27.7635
 21
17.88100000000009
 31
0.0
  0
LINE
  5
29A
330
1F
100
AcDbEntity
  8
AM_9
100
AcDbLine
 10
-27.7635
 20
17.88100000000009
 30
0.0
 11
-28.44937493447775
 21
17.88100000000009
 31
0.0
  0
LINE
  5
29B
330
1F
100
AcDbEntity
  8
AM_9
100
AcDbLine
 10
-27.7635
 20
17.93200000000009
 30
0.0
 11
-28.44937493447775
 21
17.93200000000009
 31
0.0
  0
LINE
  5
29C
330
1F
100
AcDbEntity
  8
AM_9
100
AcDbLine
 10
-27.7635
 20
39.02200000000008
 30
0.0
 11
-27.7635
 21
38.97100000000008
 31
0.0
  0
LINE
  5
29D
330
1F
100
AcDbEntity
  8
AM_9
100
AcDbLine
 10
-28.44937493447775
 20
49.70100000000001
 30
0.0
 11
-28.44937493447775
 21
49.75200000000001
 31
0.0
  0
LINE
  5
29E
330
1F
100
AcDbEntity
  8
AM_9
100
AcDbLine
 10
-27.7635
 20
49.70100000000001
 30
0.0
 11
-28.44937493447775
 21
49.70100000000001
 31
0.0
  0
LINE
  5
29F
330
1F
100
AcDbEntity
  8
AM_9
100
AcDbLine
 10
-27.7635
 20
49.75200000000001
 30
0.0
 11
-28.44937493447775
 21
49.75200000000001
 31
0.0
  0
LINE
  5
2A0
330
1F
100
AcDbEntity
  8
AM_9
100
AcDbLine
 10
-28.44937493447775
 20
28.24100000000012
 30
0.0
 11
-28.44937493447775
 21
28.29200000000012
 31
0.0
  0
LINE
  5
2A1
330
1F
100
AcDbEntity
  8
AM_9
100
AcDbLine
 10
-27.7635
 20
28.29200000000012
 30
0.0
 11
-27.7635
 21
28.24100000000012
 31
0.0
  0
LINE
  5
2A2
330
1F
100
AcDbEntity
  8
AM_9
100
AcDbLine
 10
-27.7635
 20
28.24100000000012
 30
0.0
 11
-28.44937493447775
 21
28.24100000000012
 31
0.0
  0
LINE
  5
2A3
330
1F
100
AcDbEntity
  8
AM_9
100
AcDbLine
 10
-27.7635
 20
28.29200000000012
 30
0.0
 11
-28.44937493447775
 21
28.29200000000012
 31
0.0
  0
LINE
  5
2A4
330
1F
100
AcDbEntity
  8
AM_9
100
AcDbLine
 10
-27.7635
 20
20.1520000000001
 30
0.0
 11
-28.44937493447775
 21
20.1520000000001
 31
0.0
  0
LINE
  5
2A5
330
1F
100
AcDbEntity
  8
AM_9
100
AcDbLine
 10
-27.7635
 20
25.33200000000011
 30
0.0
 11
-28.44937493447775
 21
25.33200000000011
 31
0.0
  0
LINE
  5
2A6
330
1F
100
AcDbEntity
  8
AM_9
100
AcDbLine
 10
-27.7635
 20
27.92200000000011
 30
0.0
 11
-28.44937493447775
 21
27.92200000000011
 31
0.0
  0
LINE
  5
2A7
330
1F
100
AcDbEntity
  8
AM_9
100
AcDbLine
 10
-27.7635
 20
17.19200000000009
 30
0.0
 11
-28.44937493447775
 21
17.19200000000009
 31
0.0
  0
LINE
  5
2A8
330
1F
100
AcDbEntity
  8
AM_9
100
AcDbLine
 10
-27.7635
 20
38.28200000000009
 30
0.0
 11
-27.7635
 21
38.23100000000009
 31
0.0
  0
LINE
  5
2A9
330
1F
100
AcDbEntity
  8
AM_9
100
AcDbLine
 10
-27.7635
 20
49.01200000000001
 30
0.0
 11
-27.7635
 21
48.96100000000001
 31
0.0
  0
LINE
  5
2AA
330
1F
100
AcDbEntity
  8
AM_9
100
AcDbLine
 10
-28.44937493447775
 20
16.77100000000009
 30
0.0
 11
-28.44937493447775
 21
16.82200000000009
 31
0.0
  0
LINE
  5
2AB
330
1F
100
AcDbEntity
  8
AM_9
100
AcDbLine
 10
-27.7635
 20
16.82200000000009
 30
0.0
 11
-28.44937493447775
 21
16.82200000000009
 31
0.0
  0
LINE
  5
2AC
330
1F
100
AcDbEntity
  8
AM_9
100
AcDbLine
 10
-27.7635
 20
16.82200000000009
 30
0.0
 11
-27.7635
 21
16.77100000000009
 31
0.0
  0
LINE
  5
2AD
330
1F
100
AcDbEntity
  8
AM_9
100
AcDbLine
 10
-27.7635
 20
16.77100000000009
 30
0.0
 11
-28.44937493447775
 21
16.77100000000009
 31
0.0
  0
LINE
  5
2AE
330
1F
100
AcDbEntity
  8
AM_9
100
AcDbLine
 10
-28.44937493447775
 20
48.96100000000001
 30
0.0
 11
-28.44937493447775
 21
49.01200000000001
 31
0.0
  0
LINE
  5
2AF
330
1F
100
AcDbEntity
  8
AM_9
100
AcDbLine
 10
-27.7635
 20
48.96100000000001
 30
0.0
 11
-28.44937493447775
 21
48.96100000000001
 31
0.0
  0
LINE
  5
2B0
330
1F
100
AcDbEntity
  8
AM_9
100
AcDbLine
 10
-27.7635
 20
49.01200000000001
 30
0.0
 11
-28.44937493447775
 21
49.01200000000001
 31
0.0
  0
LINE
  5
2B1
330
1F
100
AcDbEntity
  8
AM_9
100
AcDbLine
 10
-27.7635
 20
37.86100000000009
 30
0.0
 11
-28.44937493447775
 21
37.86100000000009
 31
0.0
  0
LINE
  5
2B2
330
1F
100
AcDbEntity
  8
AM_9
100
AcDbLine
 10
-28.44937493447775
 20
48.59100000000002
 30
0.0
 11
-28.44937493447775
 21
48.64200000000002
 31
0.0
  0
LINE
  5
2B3
330
1F
100
AcDbEntity
  8
AM_9
100
AcDbLine
 10
-27.7635
 20
48.64200000000002
 30
0.0
 11
-28.44937493447775
 21
48.64200000000002
 31
0.0
  0
LINE
  5
2B4
330
1F
100
AcDbEntity
  8
AM_9
100
AcDbLine
 10
-27.7635
 20
40.45100000000007
 30
0.0
 11
-28.44937493447775
 21
40.45100000000007
 31
0.0
  0
LINE
  5
2B5
330
1F
100
AcDbEntity
  8
AM_9
100
AcDbLine
 10
-28.44937493447775
 20
40.45100000000007
 30
0.0
 11
-28.44937493447775
 21
40.50200000000007
 31
0.0
  0
LINE
  5
2B6
330
1F
100
AcDbEntity
  8
AM_9
100
AcDbLine
 10
-27.7635
 20
40.50200000000007
 30
0.0
 11
-28.44937493447775
 21
40.50200000000007
 31
0.0
  0
LINE
  5
2B7
330
1F
100
AcDbEntity
  8
AM_9
100
AcDbLine
 10
-27.7635
 20
26.81200000000011
 30
0.0
 11
-28.44937493447775
 21
26.81200000000011
 31
0.0
  0
LINE
  5
2B8
330
1F
100
AcDbEntity
  8
AM_9
100
AcDbLine
 10
-27.7635
 20
21.2620000000001
 30
0.0
 11
-28.44937493447775
 21
21.2620000000001
 31
0.0
  0
LINE
  5
2B9
330
1F
100
AcDbEntity
  8
AM_9
100
AcDbLine
 10
-27.7635
 20
15.71200000000009
 30
0.0
 11
-28.44937493447775
 21
15.71200000000009
 31
0.0
  0
LINE
  5
2BA
330
1F
100
AcDbEntity
  8
AM_9
100
AcDbLine
 10
-27.7635
 20
15.34200000000009
 30
0.0
 11
-27.7635
 21
15.29100000000009
 31
0.0
  0
LINE
  5
2BB
330
1F
100
AcDbEntity
  8
AM_9
100
AcDbLine
 10
-28.44937493447775
 20
15.29100000000009
 30
0.0
 11
-28.44937493447775
 21
15.34200000000009
 31
0.0
  0
LINE
  5
2BC
330
1F
100
AcDbEntity
  8
AM_9
100
AcDbLine
 10
-27.7635
 20
15.29100000000009
 30
0.0
 11
-28.44937493447775
 21
15.29100000000009
 31
0.0
  0
LINE
  5
2BD
330
1F
100
AcDbEntity
  8
AM_9
100
AcDbLine
 10
-27.7635
 20
15.34200000000009
 30
0.0
 11
-28.44937493447775
 21
15.34200000000009
 31
0.0
  0
LINE
  5
2BE
330
1F
100
AcDbEntity
  8
AM_9
100
AcDbLine
 10
-27.7635
 20
36.8020000000001
 30
0.0
 11
-28.44937493447775
 21
36.8020000000001
 31
0.0
  0
LINE
  5
2BF
330
1F
100
AcDbEntity
  8
AM_9
100
AcDbLine
 10
-27.7635
 20
14.97200000000009
 30
0.0
 11
-27.7635
 21
14.92100000000008
 31
0.0
  0
LINE
  5
2C0
330
1F
100
AcDbEntity
  8
AM_9
100
AcDbLine
 10
-28.44937493447775
 20
14.92100000000008
 30
0.0
 11
-28.44937493447775
 21
14.97200000000009
 31
0.0
  0
LINE
  5
2C1
330
1F
100
AcDbEntity
  8
AM_9
100
AcDbLine
 10
-27.7635
 20
14.92100000000008
 30
0.0
 11
-28.44937493447775
 21
14.92100000000008
 31
0.0
  0
LINE
  5
2C2
330
1F
100
AcDbEntity
  8
AM_9
100
AcDbLine
 10
-27.7635
 20
14.97200000000009
 30
0.0
 11
-28.44937493447775
 21
14.97200000000009
 31
0.0
  0
LINE
  5
2C3
330
1F
100
AcDbEntity
  8
AM_9
100
AcDbLine
 10
-28.44937493447775
 20
20.1010000000001
 30
0.0
 11
-28.44937493447775
 21
20.1520000000001
 31
0.0
  0
LINE
  5
2C4
330
1F
100
AcDbEntity
  8
AM_9
100
AcDbLine
 10
-27.7635
 20
20.1010000000001
 30
0.0
 11
-28.44937493447775
 21
20.1010000000001
 31
0.0
  0
LINE
  5
2C5
330
1F
100
AcDbEntity
  8
AM_9
100
AcDbLine
 10
-27.7635
 20
20.1520000000001
 30
0.0
 11
-27.7635
 21
20.1010000000001
 31
0.0
  0
LINE
  5
2C6
330
1F
100
AcDbEntity
  8
AM_9
100
AcDbLine
 10
-27.7635
 20
14.60200000000009
 30
0.0
 11
-27.7635
 21
14.55100000000008
 31
0.0
  0
LINE
  5
2C7
330
1F
100
AcDbEntity
  8
AM_9
100
AcDbLine
 10
-28.44937493447775
 20
25.28100000000011
 30
0.0
 11
-28.44937493447775
 21
25.33200000000011
 31
0.0
  0
LINE
  5
2C8
330
1F
100
AcDbEntity
  8
AM_9
100
AcDbLine
 10
-27.7635
 20
25.28100000000011
 30
0.0
 11
-28.44937493447775
 21
25.28100000000011
 31
0.0
  0
LINE
  5
2C9
330
1F
100
AcDbEntity
  8
AM_9
100
AcDbLine
 10
-27.7635
 20
19.7820000000001
 30
0.0
 11
-27.7635
 21
19.73100000000009
 31
0.0
  0
LINE
  5
2CA
330
1F
100
AcDbEntity
  8
AM_9
100
AcDbLine
 10
-27.7635
 20
14.60200000000009
 30
0.0
 11
-28.44937493447775
 21
14.60200000000009
 31
0.0
  0
LINE
  5
2CB
330
1F
100
AcDbEntity
  8
AM_9
100
AcDbLine
 10
-28.44937493447775
 20
19.73100000000009
 30
0.0
 11
-28.44937493447775
 21
19.7820000000001
 31
0.0
  0
LINE
  5
2CC
330
1F
100
AcDbEntity
  8
AM_9
100
AcDbLine
 10
-27.7635
 20
14.23200000000009
 30
0.0
 11
-27.7635
 21
14.18100000000009
 31
0.0
  0
LINE
  5
2CD
330
1F
100
AcDbEntity
  8
AM_9
100
AcDbLine
 10
-27.7635
 20
14.18100000000009
 30
0.0
 11
-28.44937493447775
 21
14.18100000000009
 31
0.0
  0
LINE
  5
2CE
330
1F
100
AcDbEntity
  8
AM_9
100
AcDbLine
 10
-28.44937493447775
 20
14.18100000000009
 30
0.0
 11
-28.44937493447775
 21
14.23200000000009
 31
0.0
  0
LINE
  5
2CF
330
1F
100
AcDbEntity
  8
AM_9
100
AcDbLine
 10
-27.7635
 20
14.23200000000009
 30
0.0
 11
-28.44937493447775
 21
14.23200000000009
 31
0.0
  0
LINE
  5
2D0
330
1F
100
AcDbEntity
  8
AM_9
100
AcDbLine
 10
-27.7635
 20
13.86200000000009
 30
0.0
 11
-27.7635
 21
13.81100000000009
 31
0.0
  0
LINE
  5
2D1
330
1F
100
AcDbEntity
  8
AM_9
100
AcDbLine
 10
-27.7635
 20
13.81100000000009
 30
0.0
 11
-28.44937493447775
 21
13.81100000000009
 31
0.0
  0
LINE
  5
2D2
330
1F
100
AcDbEntity
  8
AM_9
100
AcDbLine
 10
-27.7635
 20
19.04200000000009
 30
0.0
 11
-27.7635
 21
18.99100000000009
 31
0.0
  0
LINE
  5
2D3
330
1F
100
AcDbEntity
  8
AM_9
100
AcDbLine
 10
-27.7635
 20
13.86200000000009
 30
0.0
 11
-28.44937493447775
 21
13.86200000000009
 31
0.0
  0
LINE
  5
2D4
330
1F
100
AcDbEntity
  8
AM_9
100
AcDbLine
 10
-27.7635
 20
13.49200000000009
 30
0.0
 11
-27.7635
 21
13.44100000000009
 31
0.0
  0
LINE
  5
2D5
330
1F
100
AcDbEntity
  8
AM_9
100
AcDbLine
 10
-27.7635
 20
13.44100000000009
 30
0.0
 11
-28.44937493447775
 21
13.44100000000009
 31
0.0
  0
LINE
  5
2D6
330
1F
100
AcDbEntity
  8
AM_9
100
AcDbLine
 10
-28.44937493447775
 20
13.44100000000009
 30
0.0
 11
-28.44937493447775
 21
13.49200000000009
 31
0.0
  0
LINE
  5
2D7
330
1F
100
AcDbEntity
  8
AM_9
100
AcDbLine
 10
-27.7635
 20
13.49200000000009
 30
0.0
 11
-28.44937493447775
 21
13.49200000000009
 31
0.0
  0
LINE
  5
2D8
330
1F
100
AcDbEntity
  8
AM_9
100
AcDbLine
 10
-27.7635
 20
13.12200000000009
 30
0.0
 11
-27.7635
 21
13.07100000000009
 31
0.0
  0
LINE
  5
2D9
330
1F
100
AcDbEntity
  8
AM_9
100
AcDbLine
 10
-27.7635
 20
13.07100000000009
 30
0.0
 11
-28.44937493447775
 21
13.07100000000009
 31
0.0
  0
LINE
  5
2DA
330
1F
100
AcDbEntity
  8
AM_9
100
AcDbLine
 10
-28.44937493447775
 20
13.07100000000009
 30
0.0
 11
-28.44937493447775
 21
13.12200000000009
 31
0.0
  0
LINE
  5
2DB
330
1F
100
AcDbEntity
  8
AM_9
100
AcDbLine
 10
-27.7635
 20
13.12200000000009
 30
0.0
 11
-28.44937493447775
 21
13.12200000000009
 31
0.0
  0
LINE
  5
2DC
330
1F
100
AcDbEntity
  8
AM_9
100
AcDbLine
 10
-27.7635
 20
12.75200000000009
 30
0.0
 11
-27.7635
 21
12.70100000000009
 31
0.0
  0
LINE
  5
2DD
330
1F
100
AcDbEntity
  8
AM_9
100
AcDbLine
 10
-27.7635
 20
12.70100000000009
 30
0.0
 11
-28.44937493447775
 21
12.70100000000009
 31
0.0
  0
LINE
  5
2DE
330
1F
100
AcDbEntity
  8
AM_9
100
AcDbLine
 10
-28.44937493447775
 20
12.70100000000009
 30
0.0
 11
-28.44937493447775
 21
12.75200000000009
 31
0.0
  0
LINE
  5
2DF
330
1F
100
AcDbEntity
  8
AM_9
100
AcDbLine
 10
-27.7635
 20
12.75200000000009
 30
0.0
 11
-28.44937493447775
 21
12.75200000000009
 31
0.0
  0
LINE
  5
2E0
330
1F
100
AcDbEntity
  8
AM_9
100
AcDbLine
 10
-28.44937493447775
 20
34.16100000000012
 30
0.0
 11
-28.44937493447775
 21
34.21200000000012
 31
0.0
  0
LINE
  5
2E1
330
1F
100
AcDbEntity
  8
AM_9
100
AcDbLine
 10
-27.7635
 20
34.21200000000012
 30
0.0
 11
-28.44937493447775
 21
34.21200000000012
 31
0.0
  0
LINE
  5
2E2
330
1F
100
AcDbEntity
  8
AM_9
100
AcDbLine
 10
-28.44937493447775
 20
17.88100000000009
 30
0.0
 11
-28.44937493447775
 21
17.93200000000009
 31
0.0
  0
LINE
  5
2E3
330
1F
100
AcDbEntity
  8
AM_9
100
AcDbLine
 10
-27.7635
 20
23.11200000000011
 30
0.0
 11
-27.7635
 21
23.0610000000001
 31
0.0
  0
LINE
  5
2E4
330
1F
100
AcDbEntity
  8
AM_9
100
AcDbLine
 10
-27.7635
 20
38.97100000000008
 30
0.0
 11
-28.44937493447775
 21
38.97100000000008
 31
0.0
  0
LINE
  5
2E5
330
1F
100
AcDbEntity
  8
AM_9
100
AcDbLine
 10
-28.44937493447775
 20
17.51100000000009
 30
0.0
 11
-28.44937493447775
 21
17.56200000000009
 31
0.0
  0
LINE
  5
2E6
330
1F
100
AcDbEntity
  8
AM_9
100
AcDbLine
 10
-27.7635
 20
17.51100000000009
 30
0.0
 11
-28.44937493447775
 21
17.51100000000009
 31
0.0
  0
LINE
  5
2E7
330
1F
100
AcDbEntity
  8
AM_9
100
AcDbLine
 10
-27.7635
 20
17.56200000000009
 30
0.0
 11
-27.7635
 21
17.51100000000009
 31
0.0
  0
LINE
  5
2E8
330
1F
100
AcDbEntity
  8
AM_9
100
AcDbLine
 10
-27.7635
 20
17.56200000000009
 30
0.0
 11
-28.44937493447775
 21
17.56200000000009
 31
0.0
  0
LINE
  5
2E9
330
1F
100
AcDbEntity
  8
AM_9
100
AcDbLine
 10
-27.7635
 20
39.02200000000008
 30
0.0
 11
-28.44937493447775
 21
39.02200000000008
 31
0.0
  0
LINE
  5
2EA
330
1F
100
AcDbEntity
  8
AM_9
100
AcDbLine
 10
-28.44937493447775
 20
14.55100000000008
 30
0.0
 11
-28.44937493447775
 21
14.60200000000009
 31
0.0
  0
LINE
  5
2EB
330
1F
100
AcDbEntity
  8
AM_9
100
AcDbLine
 10
-27.7635
 20
14.55100000000008
 30
0.0
 11
-28.44937493447775
 21
14.55100000000008
 31
0.0
  0
LINE
  5
2EC
330
1F
100
AcDbEntity
  8
AM_9
100
AcDbLine
 10
-28.44937493447775
 20
49.33100000000001
 30
0.0
 11
-28.44937493447775
 21
49.38200000000001
 31
0.0
  0
LINE
  5
2ED
330
1F
100
AcDbEntity
  8
AM_9
100
AcDbLine
 10
-27.7635
 20
49.33100000000001
 30
0.0
 11
-28.44937493447775
 21
49.33100000000001
 31
0.0
  0
LINE
  5
2EE
330
1F
100
AcDbEntity
  8
AM_9
100
AcDbLine
 10
-27.7635
 20
49.38200000000001
 30
0.0
 11
-27.7635
 21
49.33100000000001
 31
0.0
  0
LINE
  5
2EF
330
1F
100
AcDbEntity
  8
AM_9
100
AcDbLine
 10
-27.7635
 20
49.38200000000001
 30
0.0
 11
-28.44937493447775
 21
49.38200000000001
 31
0.0
  0
LINE
  5
2F0
330
1F
100
AcDbEntity
  8
AM_9
100
AcDbLine
 10
-27.7635
 20
11.6420000000001
 30
0.0
 11
-27.7635
 21
11.5910000000001
 31
0.0
  0
LINE
  5
2F1
330
1F
100
AcDbEntity
  8
AM_9
100
AcDbLine
 10
-27.7635
 20
27.55200000000012
 30
0.0
 11
-27.7635
 21
27.50100000000011
 31
0.0
  0
LINE
  5
2F2
330
1F
100
AcDbEntity
  8
AM_9
100
AcDbLine
 10
-27.7635
 20
11.6420000000001
 30
0.0
 11
-28.44937493447775
 21
11.6420000000001
 31
0.0
  0
LINE
  5
2F3
330
1F
100
AcDbEntity
  8
AM_9
100
AcDbLine
 10
-27.7635
 20
33.10200000000012
 30
0.0
 11
-28.44937493447775
 21
33.10200000000012
 31
0.0
  0
LINE
  5
2F4
330
1F
100
AcDbEntity
  8
AM_9
100
AcDbLine
 10
-27.7635
 20
32.73200000000013
 30
0.0
 11
-27.7635
 21
32.68100000000013
 31
0.0
  0
LINE
  5
2F5
330
1F
100
AcDbEntity
  8
AM_9
100
AcDbLine
 10
-27.7635
 20
11.2210000000001
 30
0.0
 11
-28.44937493447775
 21
11.2210000000001
 31
0.0
  0
LINE
  5
2F6
330
1F
100
AcDbEntity
  8
AM_9
100
AcDbLine
 10
-27.7635
 20
16.45200000000009
 30
0.0
 11
-27.7635
 21
16.40100000000009
 31
0.0
  0
LINE
  5
2F7
330
1F
100
AcDbEntity
  8
AM_9
100
AcDbLine
 10
-28.44937493447775
 20
13.81100000000009
 30
0.0
 11
-28.44937493447775
 21
13.86200000000009
 31
0.0
  0
LINE
  5
2F8
330
1F
100
AcDbEntity
  8
AM_9
100
AcDbLine
 10
-28.44937493447775
 20
27.13100000000011
 30
0.0
 11
-28.44937493447775
 21
27.18200000000012
 31
0.0
  0
LINE
  5
2F9
330
1F
100
AcDbEntity
  8
AM_9
100
AcDbLine
 10
-27.7635
 20
27.18200000000012
 30
0.0
 11
-28.44937493447775
 21
27.18200000000012
 31
0.0
  0
LINE
  5
2FA
330
1F
100
AcDbEntity
  8
AM_9
100
AcDbLine
 10
-27.7635
 20
27.18200000000012
 30
0.0
 11
-27.7635
 21
27.13100000000011
 31
0.0
  0
LINE
  5
2FB
330
1F
100
AcDbEntity
  8
AM_9
100
AcDbLine
 10
-27.7635
 20
27.13100000000011
 30
0.0
 11
-28.44937493447775
 21
27.13100000000011
 31
0.0
  0
LINE
  5
2FC
330
1F
100
AcDbEntity
  8
AM_9
100
AcDbLine
 10
-27.7635
 20
16.45200000000009
 30
0.0
 11
-28.44937493447775
 21
16.45200000000009
 31
0.0
  0
LINE
  5
2FD
330
1F
100
AcDbEntity
  8
AM_9
100
AcDbLine
 10
-27.7635
 20
48.22100000000002
 30
0.0
 11
-28.44937493447775
 21
48.22100000000002
 31
0.0
  0
LINE
  5
2FE
330
1F
100
AcDbEntity
  8
AM_9
100
AcDbLine
 10
-28.44937493447775
 20
48.22100000000002
 30
0.0
 11
-28.44937493447775
 21
48.27200000000002
 31
0.0
  0
LINE
  5
2FF
330
1F
100
AcDbEntity
  8
AM_9
100
AcDbLine
 10
-27.7635
 20
48.27200000000002
 30
0.0
 11
-28.44937493447775
 21
48.27200000000002
 31
0.0
  0
LINE
  5
300
330
1F
100
AcDbEntity
  8
AM_9
100
AcDbLine
 10
-27.7635
 20
48.27200000000002
 30
0.0
 11
-27.7635
 21
48.22100000000002
 31
0.0
  0
LINE
  5
301
330
1F
100
AcDbEntity
  8
AM_9
100
AcDbLine
 10
-28.44937493447775
 20
26.76100000000011
 30
0.0
 11
-28.44937493447775
 21
26.81200000000011
 31
0.0
  0
LINE
  5
302
330
1F
100
AcDbEntity
  8
AM_9
100
AcDbLine
 10
-27.7635
 20
26.81200000000011
 30
0.0
 11
-27.7635
 21
26.76100000000011
 31
0.0
  0
LINE
  5
303
330
1F
100
AcDbEntity
  8
AM_9
100
AcDbLine
 10
-27.7635
 20
26.76100000000011
 30
0.0
 11
-28.44937493447775
 21
26.76100000000011
 31
0.0
  0
LINE
  5
304
330
1F
100
AcDbEntity
  8
AM_9
100
AcDbLine
 10
-27.7635
 20
15.71200000000009
 30
0.0
 11
-27.7635
 21
15.66100000000009
 31
0.0
  0
LINE
  5
305
330
1F
100
AcDbEntity
  8
AM_9
100
AcDbLine
 10
-27.7635
 20
10.5320000000001
 30
0.0
 11
-28.44937493447775
 21
10.5320000000001
 31
0.0
  0
LINE
  5
306
330
1F
100
AcDbEntity
  8
AM_9
100
AcDbLine
 10
-28.44937493447775
 20
15.66100000000009
 30
0.0
 11
-28.44937493447775
 21
15.71200000000009
 31
0.0
  0
LINE
  5
307
330
1F
100
AcDbEntity
  8
AM_9
100
AcDbLine
 10
-27.7635
 20
15.66100000000009
 30
0.0
 11
-28.44937493447775
 21
15.66100000000009
 31
0.0
  0
LINE
  5
308
330
1F
100
AcDbEntity
  8
AM_9
100
AcDbLine
 10
-27.7635
 20
10.16200000000009
 30
0.0
 11
-27.7635
 21
10.11100000000009
 31
0.0
  0
LINE
  5
309
330
1F
100
AcDbEntity
  8
AM_9
100
AcDbLine
 10
-27.7635
 20
31.57100000000013
 30
0.0
 11
-28.44937493447775
 21
31.57100000000013
 31
0.0
  0
LINE
  5
30A
330
1F
100
AcDbEntity
  8
AM_9
100
AcDbLine
 10
-28.44937493447775
 20
10.11100000000009
 30
0.0
 11
-28.44937493447775
 21
10.16200000000009
 31
0.0
  0
LINE
  5
30B
330
1F
100
AcDbEntity
  8
AM_9
100
AcDbLine
 10
-27.7635
 20
10.11100000000009
 30
0.0
 11
-28.44937493447775
 21
10.11100000000009
 31
0.0
  0
LINE
  5
30C
330
1F
100
AcDbEntity
  8
AM_9
100
AcDbLine
 10
-27.7635
 20
10.16200000000009
 30
0.0
 11
-28.44937493447775
 21
10.16200000000009
 31
0.0
  0
LINE
  5
30D
330
1F
100
AcDbEntity
  8
AM_9
100
AcDbLine
 10
-27.7635
 20
31.62200000000013
 30
0.0
 11
-28.44937493447775
 21
31.62200000000013
 31
0.0
  0
LINE
  5
30E
330
1F
100
AcDbEntity
  8
AM_9
100
AcDbLine
 10
-27.7635
 20
9.792000000000096
 30
0.0
 11
-27.7635
 21
9.741000000000092
 31
0.0
  0
LINE
  5
30F
330
1F
100
AcDbEntity
  8
AM_9
100
AcDbLine
 10
-28.44937493447775
 20
9.741000000000092
 30
0.0
 11
-28.44937493447775
 21
9.792000000000096
 31
0.0
  0
LINE
  5
310
330
1F
100
AcDbEntity
  8
AM_9
100
AcDbLine
 10
-27.7635
 20
9.741000000000092
 30
0.0
 11
-28.44937493447775
 21
9.741000000000092
 31
0.0
  0
LINE
  5
311
330
1F
100
AcDbEntity
  8
AM_9
100
AcDbLine
 10
-27.7635
 20
9.792000000000096
 30
0.0
 11
-28.44937493447775
 21
9.792000000000096
 31
0.0
  0
LINE
  5
312
330
1F
100
AcDbEntity
  8
AM_9
100
AcDbLine
 10
-27.7635
 20
9.422000000000104
 30
0.0
 11
-27.7635
 21
9.3710000000001
 31
0.0
  0
LINE
  5
313
330
1F
100
AcDbEntity
  8
AM_9
100
AcDbLine
 10
-27.7635
 20
9.3710000000001
 30
0.0
 11
-28.44937493447775
 21
9.3710000000001
 31
0.0
  0
LINE
  5
314
330
1F
100
AcDbEntity
  8
AM_9
100
AcDbLine
 10
-28.44937493447775
 20
9.3710000000001
 30
0.0
 11
-28.44937493447775
 21
9.422000000000104
 31
0.0
  0
LINE
  5
315
330
1F
100
AcDbEntity
  8
AM_9
100
AcDbLine
 10
-27.7635
 20
9.422000000000104
 30
0.0
 11
-28.44937493447775
 21
9.422000000000104
 31
0.0
  0
LINE
  5
316
330
1F
100
AcDbEntity
  8
AM_9
100
AcDbLine
 10
-27.7635
 20
9.052000000000103
 30
0.0
 11
-27.7635
 21
9.0010000000001
 31
0.0
  0
LINE
  5
317
330
1F
100
AcDbEntity
  8
AM_9
100
AcDbLine
 10
-27.7635
 20
9.0010000000001
 30
0.0
 11
-28.44937493447775
 21
9.0010000000001
 31
0.0
  0
LINE
  5
318
330
1F
100
AcDbEntity
  8
AM_9
100
AcDbLine
 10
-28.44937493447775
 20
9.0010000000001
 30
0.0
 11
-28.44937493447775
 21
9.052000000000103
 31
0.0
  0
LINE
  5
319
330
1F
100
AcDbEntity
  8
AM_9
100
AcDbLine
 10
-27.7635
 20
9.052000000000103
 30
0.0
 11
-28.44937493447775
 21
9.052000000000103
 31
0.0
  0
LINE
  5
31A
330
1F
100
AcDbEntity
  8
AM_9
100
AcDbLine
 10
-28.44937493447775
 20
41.19100000000007
 30
0.0
 11
-28.44937493447775
 21
41.24200000000007
 31
0.0
  0
LINE
  5
31B
330
1F
100
AcDbEntity
  8
AM_9
100
AcDbLine
 10
-27.7635
 20
41.19100000000007
 30
0.0
 11
-28.44937493447775
 21
41.19100000000007
 31
0.0
  0
LINE
  5
31C
330
1F
100
AcDbEntity
  8
AM_9
100
AcDbLine
 10
-27.7635
 20
41.24200000000007
 30
0.0
 11
-27.7635
 21
41.19100000000007
 31
0.0
  0
LINE
  5
31D
330
1F
100
AcDbEntity
  8
AM_9
100
AcDbLine
 10
-27.7635
 20
41.24200000000007
 30
0.0
 11
-28.44937493447775
 21
41.24200000000007
 31
0.0
  0
LINE
  5
31E
330
1F
100
AcDbEntity
  8
AM_9
100
AcDbLine
 10
-27.7635
 20
30.09100000000012
 30
0.0
 11
-28.44937493447775
 21
30.09100000000012
 31
0.0
  0
LINE
  5
31F
330
1F
100
AcDbEntity
  8
AM_9
100
AcDbLine
 10
-28.44937493447775
 20
30.09100000000012
 30
0.0
 11
-28.44937493447775
 21
30.14200000000012
 31
0.0
  0
LINE
  5
320
330
1F
100
AcDbEntity
  8
AM_9
100
AcDbLine
 10
-28.44937493447775
 20
40.82100000000007
 30
0.0
 11
-28.44937493447775
 21
40.87200000000008
 31
0.0
  0
LINE
  5
321
330
1F
100
AcDbEntity
  8
AM_9
100
AcDbLine
 10
-27.7635
 20
40.82100000000007
 30
0.0
 11
-28.44937493447775
 21
40.82100000000007
 31
0.0
  0
LINE
  5
322
330
1F
100
AcDbEntity
  8
AM_9
100
AcDbLine
 10
-27.7635
 20
40.87200000000008
 30
0.0
 11
-27.7635
 21
40.82100000000007
 31
0.0
  0
LINE
  5
323
330
1F
100
AcDbEntity
  8
AM_9
100
AcDbLine
 10
-27.7635
 20
46.00100000000003
 30
0.0
 11
-28.44937493447775
 21
46.00100000000003
 31
0.0
  0
LINE
  5
324
330
1F
100
AcDbEntity
  8
AM_9
100
AcDbLine
 10
-28.44937493447775
 20
46.00100000000003
 30
0.0
 11
-28.44937493447775
 21
46.05200000000004
 31
0.0
  0
LINE
  5
325
330
1F
100
AcDbEntity
  8
AM_9
100
AcDbLine
 10
-27.7635
 20
46.05200000000004
 30
0.0
 11
-28.44937493447775
 21
46.05200000000004
 31
0.0
  0
LINE
  5
326
330
1F
100
AcDbEntity
  8
AM_9
100
AcDbLine
 10
-27.7635
 20
46.05200000000004
 30
0.0
 11
-27.7635
 21
46.00100000000003
 31
0.0
  0
LINE
  5
327
330
1F
100
AcDbEntity
  8
AM_9
100
AcDbLine
 10
-28.44937493447775
 20
18.99100000000009
 30
0.0
 11
-28.44937493447775
 21
19.04200000000009
 31
0.0
  0
LINE
  5
328
330
1F
100
AcDbEntity
  8
AM_9
100
AcDbLine
 10
-27.7635
 20
19.04200000000009
 30
0.0
 11
-28.44937493447775
 21
19.04200000000009
 31
0.0
  0
LINE
  5
329
330
1F
100
AcDbEntity
  8
AM_9
100
AcDbLine
 10
-27.7635
 20
7.5720000000001
 30
0.0
 11
-27.7635
 21
7.521000000000097
 31
0.0
  0
LINE
  5
32A
330
1F
100
AcDbEntity
  8
AM_9
100
AcDbLine
 10
-27.7635
 20
7.5720000000001
 30
0.0
 11
-28.44937493447775
 21
7.5720000000001
 31
0.0
  0
LINE
  5
32B
330
1F
100
AcDbEntity
  8
AM_9
100
AcDbLine
 10
-27.7635
 20
7.202000000000099
 30
0.0
 11
-27.7635
 21
7.151000000000097
 31
0.0
  0
LINE
  5
32C
330
1F
100
AcDbEntity
  8
AM_9
100
AcDbLine
 10
-27.7635
 20
7.151000000000097
 30
0.0
 11
-28.44937493447775
 21
7.151000000000097
 31
0.0
  0
LINE
  5
32D
330
1F
100
AcDbEntity
  8
AM_9
100
AcDbLine
 10
-28.44937493447775
 20
7.151000000000097
 30
0.0
 11
-28.44937493447775
 21
7.202000000000099
 31
0.0
  0
LINE
  5
32E
330
1F
100
AcDbEntity
  8
AM_9
100
AcDbLine
 10
-27.7635
 20
7.202000000000099
 30
0.0
 11
-28.44937493447775
 21
7.202000000000099
 31
0.0
  0
LINE
  5
32F
330
1F
100
AcDbEntity
  8
AM_9
100
AcDbLine
 10
-27.7635
 20
12.38200000000009
 30
0.0
 11
-28.44937493447775
 21
12.38200000000009
 31
0.0
  0
LINE
  5
330
330
1F
100
AcDbEntity
  8
AM_9
100
AcDbLine
 10
-28.44937493447775
 20
6.781000000000104
 30
0.0
 11
-28.44937493447775
 21
6.832000000000106
 31
0.0
  0
LINE
  5
331
330
1F
100
AcDbEntity
  8
AM_9
100
AcDbLine
 10
-27.7635
 20
6.781000000000104
 30
0.0
 11
-28.44937493447775
 21
6.781000000000104
 31
0.0
  0
LINE
  5
332
330
1F
100
AcDbEntity
  8
AM_9
100
AcDbLine
 10
-27.7635
 20
6.832000000000106
 30
0.0
 11
-27.7635
 21
6.781000000000104
 31
0.0
  0
LINE
  5
333
330
1F
100
AcDbEntity
  8
AM_9
100
AcDbLine
 10
-27.7635
 20
6.832000000000106
 30
0.0
 11
-28.44937493447775
 21
6.832000000000106
 31
0.0
  0
LINE
  5
334
330
1F
100
AcDbEntity
  8
AM_9
100
AcDbLine
 10
-27.7635
 20
6.462000000000106
 30
0.0
 11
-27.7635
 21
6.411000000000104
 31
0.0
  0
LINE
  5
335
330
1F
100
AcDbEntity
  8
AM_9
100
AcDbLine
 10
-28.44937493447775
 20
6.411000000000104
 30
0.0
 11
-28.44937493447775
 21
6.462000000000106
 31
0.0
  0
LINE
  5
336
330
1F
100
AcDbEntity
  8
AM_9
100
AcDbLine
 10
-27.7635
 20
6.411000000000104
 30
0.0
 11
-28.44937493447775
 21
6.411000000000104
 31
0.0
  0
LINE
  5
337
330
1F
100
AcDbEntity
  8
AM_9
100
AcDbLine
 10
-27.7635
 20
6.462000000000106
 30
0.0
 11
-28.44937493447775
 21
6.462000000000106
 31
0.0
  0
LINE
  5
338
330
1F
100
AcDbEntity
  8
AM_9
100
AcDbLine
 10
-27.7635
 20
51.232
 30
0.0
 11
-27.7635
 21
51.181
 31
0.0
  0
LINE
  5
339
330
1F
100
AcDbEntity
  8
AM_9
100
AcDbLine
 10
-28.44937493447775
 20
51.181
 30
0.0
 11
-28.44937493447775
 21
51.232
 31
0.0
  0
LINE
  5
33A
330
1F
100
AcDbEntity
  8
AM_9
100
AcDbLine
 10
-27.7635
 20
51.181
 30
0.0
 11
-28.44937493447775
 21
51.181
 31
0.0
  0
LINE
  5
33B
330
1F
100
AcDbEntity
  8
AM_9
100
AcDbLine
 10
-27.7635
 20
51.232
 30
0.0
 11
-28.44937493447775
 21
51.232
 31
0.0
  0
LINE
  5
33C
330
1F
100
AcDbEntity
  8
AM_9
100
AcDbLine
 10
-28.44937493447775
 20
16.40100000000009
 30
0.0
 11
-28.44937493447775
 21
16.45200000000009
 31
0.0
  0
LINE
  5
33D
330
1F
100
AcDbEntity
  8
AM_9
100
AcDbLine
 10
-27.7635
 20
16.40100000000009
 30
0.0
 11
-28.44937493447775
 21
16.40100000000009
 31
0.0
  0
LINE
  5
33E
330
1F
100
AcDbEntity
  8
AM_9
100
AcDbLine
 10
-27.7635
 20
37.91200000000009
 30
0.0
 11
-27.7635
 21
37.86100000000009
 31
0.0
  0
LINE
  5
33F
330
1F
100
AcDbEntity
  8
AM_9
100
AcDbLine
 10
-27.7635
 20
16.08200000000009
 30
0.0
 11
-28.44937493447775
 21
16.08200000000009
 31
0.0
  0
LINE
  5
340
330
1F
100
AcDbEntity
  8
AM_9
100
AcDbLine
 10
-28.44937493447775
 20
21.2110000000001
 30
0.0
 11
-28.44937493447775
 21
21.2620000000001
 31
0.0
  0
LINE
  5
341
330
1F
100
AcDbEntity
  8
AM_9
100
AcDbLine
 10
-27.7635
 20
21.2620000000001
 30
0.0
 11
-27.7635
 21
21.2110000000001
 31
0.0
  0
LINE
  5
342
330
1F
100
AcDbEntity
  8
AM_9
100
AcDbLine
 10
-27.7635
 20
21.2110000000001
 30
0.0
 11
-28.44937493447775
 21
21.2110000000001
 31
0.0
  0
LINE
  5
343
330
1F
100
AcDbEntity
  8
AM_9
100
AcDbLine
 10
-28.44937493447775
 20
37.49100000000009
 30
0.0
 11
-28.44937493447775
 21
37.54200000000009
 31
0.0
  0
LINE
  5
344
330
1F
100
AcDbEntity
  8
AM_9
100
AcDbLine
 10
-27.7635
 20
37.54200000000009
 30
0.0
 11
-27.7635
 21
37.49100000000009
 31
0.0
  0
LINE
  5
345
330
1F
100
AcDbEntity
  8
AM_9
100
AcDbLine
 10
-27.7635
 20
37.49100000000009
 30
0.0
 11
-28.44937493447775
 21
37.49100000000009
 31
0.0
  0
LINE
  5
346
330
1F
100
AcDbEntity
  8
AM_9
100
AcDbLine
 10
-27.7635
 20
37.54200000000009
 30
0.0
 11
-28.44937493447775
 21
37.54200000000009
 31
0.0
  0
LINE
  5
347
330
1F
100
AcDbEntity
  8
AM_9
100
AcDbLine
 10
-27.7635
 20
37.1720000000001
 30
0.0
 11
-27.7635
 21
37.12100000000009
 31
0.0
  0
LINE
  5
348
330
1F
100
AcDbEntity
  8
AM_9
100
AcDbLine
 10
-27.7635
 20
42.72200000000006
 30
0.0
 11
-28.44937493447775
 21
42.72200000000006
 31
0.0
  0
LINE
  5
349
330
1F
100
AcDbEntity
  8
AM_9
100
AcDbLine
 10
-28.44937493447775
 20
37.12100000000009
 30
0.0
 11
-28.44937493447775
 21
37.1720000000001
 31
0.0
  0
LINE
  5
34A
330
1F
100
AcDbEntity
  8
AM_9
100
AcDbLine
 10
-27.7635
 20
37.1720000000001
 30
0.0
 11
-28.44937493447775
 21
37.1720000000001
 31
0.0
  0
LINE
  5
34B
330
1F
100
AcDbEntity
  8
AM_9
100
AcDbLine
 10
-27.7635
 20
36.8020000000001
 30
0.0
 11
-27.7635
 21
36.7510000000001
 31
0.0
  0
LINE
  5
34C
330
1F
100
AcDbEntity
  8
AM_9
100
AcDbLine
 10
-27.7635
 20
47.48100000000002
 30
0.0
 11
-28.44937493447775
 21
47.48100000000002
 31
0.0
  0
LINE
  5
34D
330
1F
100
AcDbEntity
  8
AM_9
100
AcDbLine
 10
-28.44937493447775
 20
47.48100000000002
 30
0.0
 11
-28.44937493447775
 21
47.53200000000002
 31
0.0
  0
LINE
  5
34E
330
1F
100
AcDbEntity
  8
AM_9
100
AcDbLine
 10
-27.7635
 20
47.53200000000002
 30
0.0
 11
-28.44937493447775
 21
47.53200000000002
 31
0.0
  0
LINE
  5
34F
330
1F
100
AcDbEntity
  8
AM_9
100
AcDbLine
 10
-27.7635
 20
47.16200000000003
 30
0.0
 11
-27.7635
 21
47.11100000000003
 31
0.0
  0
LINE
  5
350
330
1F
100
AcDbEntity
  8
AM_9
100
AcDbLine
 10
-27.7635
 20
47.11100000000003
 30
0.0
 11
-28.44937493447775
 21
47.11100000000003
 31
0.0
  0
LINE
  5
351
330
1F
100
AcDbEntity
  8
AM_9
100
AcDbLine
 10
-28.44937493447775
 20
47.11100000000003
 30
0.0
 11
-28.44937493447775
 21
47.16200000000003
 31
0.0
  0
LINE
  5
352
330
1F
100
AcDbEntity
  8
AM_9
100
AcDbLine
 10
-27.7635
 20
47.16200000000003
 30
0.0
 11
-28.44937493447775
 21
47.16200000000003
 31
0.0
  0
LINE
  5
353
330
1F
100
AcDbEntity
  8
AM_9
100
AcDbLine
 10
-27.7635
 20
46.79200000000003
 30
0.0
 11
-27.7635
 21
46.74100000000003
 31
0.0
  0
LINE
  5
354
330
1F
100
AcDbEntity
  8
AM_9
100
AcDbLine
 10
-27.7635
 20
46.74100000000003
 30
0.0
 11
-28.44937493447775
 21
46.74100000000003
 31
0.0
  0
LINE
  5
355
330
1F
100
AcDbEntity
  8
AM_9
100
AcDbLine
 10
-28.44937493447775
 20
46.74100000000003
 30
0.0
 11
-28.44937493447775
 21
46.79200000000003
 31
0.0
  0
LINE
  5
356
330
1F
100
AcDbEntity
  8
AM_9
100
AcDbLine
 10
-27.7635
 20
46.79200000000003
 30
0.0
 11
-28.44937493447775
 21
46.79200000000003
 31
0.0
  0
LINE
  5
357
330
1F
100
AcDbEntity
  8
AM_9
100
AcDbLine
 10
-27.7635
 20
46.42200000000003
 30
0.0
 11
-27.7635
 21
46.37100000000003
 31
0.0
  0
LINE
  5
358
330
1F
100
AcDbEntity
  8
AM_9
100
AcDbLine
 10
-27.7635
 20
46.37100000000003
 30
0.0
 11
-28.44937493447775
 21
46.37100000000003
 31
0.0
  0
LINE
  5
359
330
1F
100
AcDbEntity
  8
AM_9
100
AcDbLine
 10
-28.44937493447775
 20
46.37100000000003
 30
0.0
 11
-28.44937493447775
 21
46.42200000000003
 31
0.0
  0
LINE
  5
35A
330
1F
100
AcDbEntity
  8
AM_9
100
AcDbLine
 10
-27.7635
 20
46.42200000000003
 30
0.0
 11
-28.44937493447775
 21
46.42200000000003
 31
0.0
  0
LINE
  5
35B
330
1F
100
AcDbEntity
  8
AM_9
100
AcDbLine
 10
-27.7635
 20
10.9020000000001
 30
0.0
 11
-27.7635
 21
10.8510000000001
 31
0.0
  0
LINE
  5
35C
330
1F
100
AcDbEntity
  8
AM_9
100
AcDbLine
 10
-27.7635
 20
45.68200000000004
 30
0.0
 11
-27.7635
 21
45.63100000000004
 31
0.0
  0
LINE
  5
35D
330
1F
100
AcDbEntity
  8
AM_9
100
AcDbLine
 10
-27.7635
 20
45.63100000000004
 30
0.0
 11
-28.44937493447775
 21
45.63100000000004
 31
0.0
  0
LINE
  5
35E
330
1F
100
AcDbEntity
  8
AM_9
100
AcDbLine
 10
-28.44937493447775
 20
45.63100000000004
 30
0.0
 11
-28.44937493447775
 21
45.68200000000004
 31
0.0
  0
LINE
  5
35F
330
1F
100
AcDbEntity
  8
AM_9
100
AcDbLine
 10
-27.7635
 20
45.68200000000004
 30
0.0
 11
-28.44937493447775
 21
45.68200000000004
 31
0.0
  0
LINE
  5
360
330
1F
100
AcDbEntity
  8
AM_9
100
AcDbLine
 10
-27.7635
 20
45.31200000000004
 30
0.0
 11
-27.7635
 21
45.26100000000004
 31
0.0
  0
LINE
  5
361
330
1F
100
AcDbEntity
  8
AM_9
100
AcDbLine
 10
-27.7635
 20
45.26100000000004
 30
0.0
 11
-28.44937493447775
 21
45.26100000000004
 31
0.0
  0
LINE
  5
362
330
1F
100
AcDbEntity
  8
AM_9
100
AcDbLine
 10
-28.44937493447775
 20
45.26100000000004
 30
0.0
 11
-28.44937493447775
 21
45.31200000000004
 31
0.0
  0
LINE
  5
363
330
1F
100
AcDbEntity
  8
AM_9
100
AcDbLine
 10
-27.7635
 20
45.31200000000004
 30
0.0
 11
-28.44937493447775
 21
45.31200000000004
 31
0.0
  0
LINE
  5
364
330
1F
100
AcDbEntity
  8
AM_9
100
AcDbLine
 10
-27.7635
 20
44.94200000000004
 30
0.0
 11
-27.7635
 21
44.89100000000003
 31
0.0
  0
LINE
  5
365
330
1F
100
AcDbEntity
  8
AM_9
100
AcDbLine
 10
-27.7635
 20
44.89100000000003
 30
0.0
 11
-28.44937493447775
 21
44.89100000000003
 31
0.0
  0
LINE
  5
366
330
1F
100
AcDbEntity
  8
AM_9
100
AcDbLine
 10
-28.44937493447775
 20
44.89100000000003
 30
0.0
 11
-28.44937493447775
 21
44.94200000000004
 31
0.0
  0
LINE
  5
367
330
1F
100
AcDbEntity
  8
AM_9
100
AcDbLine
 10
-27.7635
 20
44.94200000000004
 30
0.0
 11
-28.44937493447775
 21
44.94200000000004
 31
0.0
  0
LINE
  5
368
330
1F
100
AcDbEntity
  8
AM_9
100
AcDbLine
 10
-27.7635
 20
44.57200000000005
 30
0.0
 11
-27.7635
 21
44.52100000000004
 31
0.0
  0
LINE
  5
369
330
1F
100
AcDbEntity
  8
AM_9
100
AcDbLine
 10
-27.7635
 20
44.52100000000004
 30
0.0
 11
-28.44937493447775
 21
44.52100000000004
 31
0.0
  0
LINE
  5
36A
330
1F
100
AcDbEntity
  8
AM_9
100
AcDbLine
 10
-27.7635
 20
12.01200000000009
 30
0.0
 11
-27.7635
 21
11.96100000000009
 31
0.0
  0
LINE
  5
36B
330
1F
100
AcDbEntity
  8
AM_9
100
AcDbLine
 10
-28.44937493447775
 20
11.96100000000009
 30
0.0
 11
-28.44937493447775
 21
12.01200000000009
 31
0.0
  0
LINE
  5
36C
330
1F
100
AcDbEntity
  8
AM_9
100
AcDbLine
 10
-27.7635
 20
11.96100000000009
 30
0.0
 11
-28.44937493447775
 21
11.96100000000009
 31
0.0
  0
LINE
  5
36D
330
1F
100
AcDbEntity
  8
AM_9
100
AcDbLine
 10
-27.7635
 20
12.01200000000009
 30
0.0
 11
-28.44937493447775
 21
12.01200000000009
 31
0.0
  0
LINE
  5
36E
330
1F
100
AcDbEntity
  8
AM_9
100
AcDbLine
 10
-27.7635
 20
22.7420000000001
 30
0.0
 11
-28.44937493447775
 21
22.7420000000001
 31
0.0
  0
LINE
  5
36F
330
1F
100
AcDbEntity
  8
AM_9
100
AcDbLine
 10
-28.44937493447775
 20
44.15100000000005
 30
0.0
 11
-28.44937493447775
 21
44.20200000000005
 31
0.0
  0
LINE
  5
370
330
1F
100
AcDbEntity
  8
AM_9
100
AcDbLine
 10
-27.7635
 20
44.15100000000005
 30
0.0
 11
-28.44937493447775
 21
44.15100000000005
 31
0.0
  0
LINE
  5
371
330
1F
100
AcDbEntity
  8
AM_9
100
AcDbLine
 10
-27.7635
 20
44.20200000000005
 30
0.0
 11
-27.7635
 21
44.15100000000005
 31
0.0
  0
LINE
  5
372
330
1F
100
AcDbEntity
  8
AM_9
100
AcDbLine
 10
-27.7635
 20
44.20200000000005
 30
0.0
 11
-28.44937493447775
 21
44.20200000000005
 31
0.0
  0
LINE
  5
373
330
1F
100
AcDbEntity
  8
AM_9
100
AcDbLine
 10
-27.7635
 20
33.05100000000012
 30
0.0
 11
-28.44937493447775
 21
33.05100000000012
 31
0.0
  0
LINE
  5
374
330
1F
100
AcDbEntity
  8
AM_9
100
AcDbLine
 10
-28.44937493447775
 20
11.5910000000001
 30
0.0
 11
-28.44937493447775
 21
11.6420000000001
 31
0.0
  0
LINE
  5
375
330
1F
100
AcDbEntity
  8
AM_9
100
AcDbLine
 10
-27.7635
 20
11.5910000000001
 30
0.0
 11
-28.44937493447775
 21
11.5910000000001
 31
0.0
  0
LINE
  5
376
330
1F
100
AcDbEntity
  8
AM_9
100
AcDbLine
 10
-28.44937493447775
 20
22.3210000000001
 30
0.0
 11
-28.44937493447775
 21
22.3720000000001
 31
0.0
  0
LINE
  5
377
330
1F
100
AcDbEntity
  8
AM_9
100
AcDbLine
 10
-27.7635
 20
22.3720000000001
 30
0.0
 11
-27.7635
 21
22.3210000000001
 31
0.0
  0
LINE
  5
378
330
1F
100
AcDbEntity
  8
AM_9
100
AcDbLine
 10
-27.7635
 20
22.3720000000001
 30
0.0
 11
-28.44937493447775
 21
22.3720000000001
 31
0.0
  0
LINE
  5
379
330
1F
100
AcDbEntity
  8
AM_9
100
AcDbLine
 10
-27.7635
 20
22.3210000000001
 30
0.0
 11
-28.44937493447775
 21
22.3210000000001
 31
0.0
  0
LINE
  5
37A
330
1F
100
AcDbEntity
  8
AM_9
100
AcDbLine
 10
-27.7635
 20
43.78100000000005
 30
0.0
 11
-28.44937493447775
 21
43.78100000000005
 31
0.0
  0
LINE
  5
37B
330
1F
100
AcDbEntity
  8
AM_9
100
AcDbLine
 10
-27.7635
 20
22.0020000000001
 30
0.0
 11
-27.7635
 21
21.9510000000001
 31
0.0
  0
LINE
  5
37C
330
1F
100
AcDbEntity
  8
AM_9
100
AcDbLine
 10
-27.7635
 20
43.83200000000006
 30
0.0
 11
-28.44937493447775
 21
43.83200000000006
 31
0.0
  0
LINE
  5
37D
330
1F
100
AcDbEntity
  8
AM_9
100
AcDbLine
 10
-27.7635
 20
27.55200000000012
 30
0.0
 11
-28.44937493447775
 21
27.55200000000012
 31
0.0
  0
LINE
  5
37E
330
1F
100
AcDbEntity
  8
AM_9
100
AcDbLine
 10
-27.7635
 20
11.2720000000001
 30
0.0
 11
-28.44937493447775
 21
11.2720000000001
 31
0.0
  0
LINE
  5
37F
330
1F
100
AcDbEntity
  8
AM_9
100
AcDbLine
 10
-27.7635
 20
43.41100000000005
 30
0.0
 11
-28.44937493447775
 21
43.41100000000005
 31
0.0
  0
LINE
  5
380
330
1F
100
AcDbEntity
  8
AM_9
100
AcDbLine
 10
-27.7635
 20
32.68100000000013
 30
0.0
 11
-28.44937493447775
 21
32.68100000000013
 31
0.0
  0
LINE
  5
381
330
1F
100
AcDbEntity
  8
AM_9
100
AcDbLine
 10
-28.44937493447775
 20
32.68100000000013
 30
0.0
 11
-28.44937493447775
 21
32.73200000000013
 31
0.0
  0
LINE
  5
382
330
1F
100
AcDbEntity
  8
AM_9
100
AcDbLine
 10
-27.7635
 20
32.73200000000013
 30
0.0
 11
-28.44937493447775
 21
32.73200000000013
 31
0.0
  0
LINE
  5
383
330
1F
100
AcDbEntity
  8
AM_9
100
AcDbLine
 10
-27.7635
 20
10.9020000000001
 30
0.0
 11
-28.44937493447775
 21
10.9020000000001
 31
0.0
  0
LINE
  5
384
330
1F
100
AcDbEntity
  8
AM_9
100
AcDbLine
 10
-27.7635
 20
16.03100000000009
 30
0.0
 11
-28.44937493447775
 21
16.03100000000009
 31
0.0
  0
LINE
  5
385
330
1F
100
AcDbEntity
  8
AM_9
100
AcDbLine
 10
-28.44937493447775
 20
16.03100000000009
 30
0.0
 11
-28.44937493447775
 21
16.08200000000009
 31
0.0
  0
LINE
  5
386
330
1F
100
AcDbEntity
  8
AM_9
100
AcDbLine
 10
-27.7635
 20
16.08200000000009
 30
0.0
 11
-27.7635
 21
16.03100000000009
 31
0.0
  0
LINE
  5
387
330
1F
100
AcDbEntity
  8
AM_9
100
AcDbLine
 10
-28.44937493447775
 20
10.48100000000009
 30
0.0
 11
-28.44937493447775
 21
10.5320000000001
 31
0.0
  0
LINE
  5
388
330
1F
100
AcDbEntity
  8
AM_9
100
AcDbLine
 10
-27.7635
 20
10.48100000000009
 30
0.0
 11
-28.44937493447775
 21
10.48100000000009
 31
0.0
  0
LINE
  5
389
330
1F
100
AcDbEntity
  8
AM_9
100
AcDbLine
 10
-27.7635
 20
10.5320000000001
 30
0.0
 11
-27.7635
 21
10.48100000000009
 31
0.0
  0
LINE
  5
38A
330
1F
100
AcDbEntity
  8
AM_9
100
AcDbLine
 10
-27.7635
 20
42.72200000000006
 30
0.0
 11
-27.7635
 21
42.67100000000006
 31
0.0
  0
LINE
  5
38B
330
1F
100
AcDbEntity
  8
AM_9
100
AcDbLine
 10
-27.7635
 20
42.67100000000006
 30
0.0
 11
-28.44937493447775
 21
42.67100000000006
 31
0.0
  0
LINE
  5
38C
330
1F
100
AcDbEntity
  8
AM_9
100
AcDbLine
 10
-28.44937493447775
 20
42.67100000000006
 30
0.0
 11
-28.44937493447775
 21
42.72200000000006
 31
0.0
  0
LINE
  5
38D
330
1F
100
AcDbEntity
  8
AM_9
100
AcDbLine
 10
-28.44937493447775
 20
31.94100000000013
 30
0.0
 11
-28.44937493447775
 21
31.99200000000013
 31
0.0
  0
LINE
  5
38E
330
1F
100
AcDbEntity
  8
AM_9
100
AcDbLine
 10
-27.7635
 20
31.99200000000013
 30
0.0
 11
-28.44937493447775
 21
31.99200000000013
 31
0.0
  0
LINE
  5
38F
330
1F
100
AcDbEntity
  8
AM_9
100
AcDbLine
 10
-27.7635
 20
31.94100000000013
 30
0.0
 11
-28.44937493447775
 21
31.94100000000013
 31
0.0
  0
LINE
  5
390
330
1F
100
AcDbEntity
  8
AM_9
100
AcDbLine
 10
-27.7635
 20
31.99200000000013
 30
0.0
 11
-27.7635
 21
31.94100000000013
 31
0.0
  0
LINE
  5
391
330
1F
100
AcDbEntity
  8
AM_9
100
AcDbLine
 10
-27.7635
 20
42.35200000000006
 30
0.0
 11
-27.7635
 21
42.30100000000006
 31
0.0
  0
LINE
  5
392
330
1F
100
AcDbEntity
  8
AM_9
100
AcDbLine
 10
-27.7635
 20
42.30100000000006
 30
0.0
 11
-28.44937493447775
 21
42.30100000000006
 31
0.0
  0
LINE
  5
393
330
1F
100
AcDbEntity
  8
AM_9
100
AcDbLine
 10
-28.44937493447775
 20
42.30100000000006
 30
0.0
 11
-28.44937493447775
 21
42.35200000000006
 31
0.0
  0
LINE
  5
394
330
1F
100
AcDbEntity
  8
AM_9
100
AcDbLine
 10
-27.7635
 20
42.35200000000006
 30
0.0
 11
-28.44937493447775
 21
42.35200000000006
 31
0.0
  0
LINE
  5
395
330
1F
100
AcDbEntity
  8
AM_9
100
AcDbLine
 10
-27.7635
 20
36.3810000000001
 30
0.0
 11
-28.44937493447775
 21
36.3810000000001
 31
0.0
  0
LINE
  5
396
330
1F
100
AcDbEntity
  8
AM_9
100
AcDbLine
 10
-27.7635
 20
36.4320000000001
 30
0.0
 11
-28.44937493447775
 21
36.4320000000001
 31
0.0
  0
LINE
  5
397
330
1F
100
AcDbEntity
  8
AM_9
100
AcDbLine
 10
-27.7635
 20
17.19200000000009
 30
0.0
 11
-27.7635
 21
17.14100000000009
 31
0.0
  0
LINE
  5
398
330
1F
100
AcDbEntity
  8
AM_9
100
AcDbLine
 10
-27.7635
 20
36.0620000000001
 30
0.0
 11
-27.7635
 21
36.0110000000001
 31
0.0
  0
LINE
  5
399
330
1F
100
AcDbEntity
  8
AM_9
100
AcDbLine
 10
-27.7635
 20
36.0110000000001
 30
0.0
 11
-28.44937493447775
 21
36.0110000000001
 31
0.0
  0
LINE
  5
39A
330
1F
100
AcDbEntity
  8
AM_9
100
AcDbLine
 10
-27.7635
 20
38.65200000000009
 30
0.0
 11
-28.44937493447775
 21
38.65200000000009
 31
0.0
  0
LINE
  5
39B
330
1F
100
AcDbEntity
  8
AM_9
100
AcDbLine
 10
-27.7635
 20
38.28200000000009
 30
0.0
 11
-28.44937493447775
 21
38.28200000000009
 31
0.0
  0
LINE
  5
39C
330
1F
100
AcDbEntity
  8
AM_9
100
AcDbLine
 10
-27.7635
 20
43.46200000000005
 30
0.0
 11
-27.7635
 21
43.41100000000005
 31
0.0
  0
LINE
  5
39D
330
1F
100
AcDbEntity
  8
AM_9
100
AcDbLine
 10
-27.7635
 20
37.91200000000009
 30
0.0
 11
-28.44937493447775
 21
37.91200000000009
 31
0.0
  0
LINE
  5
39E
330
1F
100
AcDbEntity
  8
AM_9
100
AcDbLine
 10
-28.44937493447775
 20
32.31100000000013
 30
0.0
 11
-28.44937493447775
 21
32.36200000000013
 31
0.0
  0
LINE
  5
39F
330
1F
100
AcDbEntity
  8
AM_9
100
AcDbLine
 10
-27.7635
 20
32.36200000000013
 30
0.0
 11
-28.44937493447775
 21
32.36200000000013
 31
0.0
  0
LINE
  5
3A0
330
1F
100
AcDbEntity
  8
AM_9
100
AcDbLine
 10
-27.7635
 20
32.31100000000013
 30
0.0
 11
-28.44937493447775
 21
32.31100000000013
 31
0.0
  0
LINE
  5
3A1
330
1F
100
AcDbEntity
  8
AM_9
100
AcDbLine
 10
-27.7635
 20
32.36200000000013
 30
0.0
 11
-27.7635
 21
32.31100000000013
 31
0.0
  0
LINE
  5
3A2
330
1F
100
AcDbEntity
  8
AM_9
100
AcDbLine
 10
-27.7635
 20
18.62100000000009
 30
0.0
 11
-28.44937493447775
 21
18.62100000000009
 31
0.0
  0
LINE
  5
3A3
330
1F
100
AcDbEntity
  8
AM_9
100
AcDbLine
 10
-28.44937493447775
 20
18.62100000000009
 30
0.0
 11
-28.44937493447775
 21
18.67200000000009
 31
0.0
  0
LINE
  5
3A4
330
1F
100
AcDbEntity
  8
AM_9
100
AcDbLine
 10
-27.7635
 20
18.67200000000009
 30
0.0
 11
-27.7635
 21
18.62100000000009
 31
0.0
  0
LINE
  5
3A5
330
1F
100
AcDbEntity
  8
AM_9
100
AcDbLine
 10
-27.7635
 20
7.521000000000097
 30
0.0
 11
-28.44937493447775
 21
7.521000000000097
 31
0.0
  0
LINE
  5
3A6
330
1F
100
AcDbEntity
  8
AM_9
100
AcDbLine
 10
-28.44937493447775
 20
7.521000000000097
 30
0.0
 11
-28.44937493447775
 21
7.5720000000001
 31
0.0
  0
LINE
  5
3A7
330
1F
100
AcDbEntity
  8
AM_9
100
AcDbLine
 10
-27.7635
 20
38.23100000000009
 30
0.0
 11
-28.44937493447775
 21
38.23100000000009
 31
0.0
  0
LINE
  5
3A8
330
1F
100
AcDbEntity
  8
AM_9
100
AcDbLine
 10
-28.44937493447775
 20
31.57100000000013
 30
0.0
 11
-28.44937493447775
 21
31.62200000000013
 31
0.0
  0
LINE
  5
3A9
330
1F
100
AcDbEntity
  8
AM_9
100
AcDbLine
 10
-27.7635
 20
31.62200000000013
 30
0.0
 11
-27.7635
 21
31.57100000000013
 31
0.0
  0
LINE
  5
3AA
330
1F
100
AcDbEntity
  8
AM_9
100
AcDbLine
 10
-27.7635
 20
23.0610000000001
 30
0.0
 11
-28.44937493447775
 21
23.0610000000001
 31
0.0
  0
LINE
  5
3AB
330
1F
100
AcDbEntity
  8
AM_9
100
AcDbLine
 10
-27.7635
 20
33.84200000000012
 30
0.0
 11
-27.7635
 21
33.79100000000012
 31
0.0
  0
LINE
  5
3AC
330
1F
100
AcDbEntity
  8
AM_9
100
AcDbLine
 10
-27.7635
 20
33.84200000000012
 30
0.0
 11
-28.44937493447775
 21
33.84200000000012
 31
0.0
  0
LINE
  5
3AD
330
1F
100
AcDbEntity
  8
AM_9
100
AcDbLine
 10
-28.44937493447775
 20
38.97100000000008
 30
0.0
 11
-28.44937493447775
 21
39.02200000000008
 31
0.0
  0
LINE
  5
3AE
330
1F
100
AcDbEntity
  8
AM_9
100
AcDbLine
 10
-27.7635
 20
33.47200000000012
 30
0.0
 11
-27.7635
 21
33.42100000000012
 31
0.0
  0
LINE
  5
3AF
330
1F
100
AcDbEntity
  8
AM_9
100
AcDbLine
 10
-27.7635
 20
17.14100000000009
 30
0.0
 11
-28.44937493447775
 21
17.14100000000009
 31
0.0
  0
LINE
  5
3B0
330
1F
100
AcDbEntity
  8
AM_9
100
AcDbLine
 10
-27.7635
 20
38.60100000000008
 30
0.0
 11
-28.44937493447775
 21
38.60100000000008
 31
0.0
  0
LINE
  5
3B1
330
1F
100
AcDbEntity
  8
AM_9
100
AcDbLine
 10
-28.44937493447775
 20
17.14100000000009
 30
0.0
 11
-28.44937493447775
 21
17.19200000000009
 31
0.0
  0
LINE
  5
3B2
330
1F
100
AcDbEntity
  8
AM_9
100
AcDbLine
 10
-28.44937493447775
 20
38.60100000000008
 30
0.0
 11
-28.44937493447775
 21
38.65200000000009
 31
0.0
  0
LINE
  5
3B3
330
1F
100
AcDbEntity
  8
AM_9
100
AcDbLine
 10
-27.7635
 20
38.65200000000009
 30
0.0
 11
-27.7635
 21
38.60100000000008
 31
0.0
  0
LINE
  5
3B4
330
1F
100
AcDbEntity
  8
AM_9
100
AcDbLine
 10
-27.7635
 20
33.10200000000012
 30
0.0
 11
-27.7635
 21
33.05100000000012
 31
0.0
  0
LINE
  5
3B5
330
1F
100
AcDbEntity
  8
AM_9
100
AcDbLine
 10
-28.44937493447775
 20
33.05100000000012
 30
0.0
 11
-28.44937493447775
 21
33.10200000000012
 31
0.0
  0
LINE
  5
3B6
330
1F
100
AcDbEntity
  8
AM_9
100
AcDbLine
 10
-28.44937493447775
 20
38.23100000000009
 30
0.0
 11
-28.44937493447775
 21
38.28200000000009
 31
0.0
  0
LINE
  5
3B7
330
1F
100
AcDbEntity
  8
AM_9
100
AcDbLine
 10
-28.44937493447775
 20
27.50100000000011
 30
0.0
 11
-28.44937493447775
 21
27.55200000000012
 31
0.0
  0
LINE
  5
3B8
330
1F
100
AcDbEntity
  8
AM_9
100
AcDbLine
 10
-27.7635
 20
27.50100000000011
 30
0.0
 11
-28.44937493447775
 21
27.50100000000011
 31
0.0
  0
LINE
  5
3B9
330
1F
100
AcDbEntity
  8
AM_9
100
AcDbLine
 10
-28.44937493447775
 20
36.7510000000001
 30
0.0
 11
-28.44937493447775
 21
36.8020000000001
 31
0.0
  0
LINE
  5
3BA
330
1F
100
AcDbEntity
  8
AM_9
100
AcDbLine
 10
-27.7635
 20
36.7510000000001
 30
0.0
 11
-28.44937493447775
 21
36.7510000000001
 31
0.0
  0
LINE
  5
3BB
330
1F
100
AcDbEntity
  8
AM_9
100
AcDbLine
 10
-28.44937493447775
 20
21.9510000000001
 30
0.0
 11
-28.44937493447775
 21
22.0020000000001
 31
0.0
  0
LINE
  5
3BC
330
1F
100
AcDbEntity
  8
AM_9
100
AcDbLine
 10
-27.7635
 20
21.9510000000001
 30
0.0
 11
-28.44937493447775
 21
21.9510000000001
 31
0.0
  0
LINE
  5
3BD
330
1F
100
AcDbEntity
  8
AM_9
100
AcDbLine
 10
-27.7635
 20
22.0020000000001
 30
0.0
 11
-28.44937493447775
 21
22.0020000000001
 31
0.0
  0
LINE
  5
3BE
330
1F
100
AcDbEntity
  8
AM_9
100
AcDbLine
 10
-28.44937493447775
 20
10.8510000000001
 30
0.0
 11
-28.44937493447775
 21
10.9020000000001
 31
0.0
  0
LINE
  5
3BF
330
1F
100
AcDbEntity
  8
AM_9
100
AcDbLine
 10
-27.7635
 20
10.8510000000001
 30
0.0
 11
-28.44937493447775
 21
10.8510000000001
 31
0.0
  0
LINE
  5
3C0
330
1F
100
AcDbEntity
  8
AM_9
100
AcDbLine
 10
-28.44937493447775
 20
37.86100000000009
 30
0.0
 11
-28.44937493447775
 21
37.91200000000009
 31
0.0
  0
LINE
  5
3C1
330
1F
100
AcDbEntity
  8
AM_9
100
AcDbLine
 10
-27.7635
 20
43.09200000000006
 30
0.0
 11
-28.44937493447775
 21
43.09200000000006
 31
0.0
  0
LINE
  5
3C2
330
1F
100
AcDbEntity
  8
AM_9
100
AcDbLine
 10
-28.44937493447775
 20
36.0110000000001
 30
0.0
 11
-28.44937493447775
 21
36.0620000000001
 31
0.0
  0
LINE
  5
3C3
330
1F
100
AcDbEntity
  8
AM_9
100
AcDbLine
 10
-27.7635
 20
36.0620000000001
 30
0.0
 11
-28.44937493447775
 21
36.0620000000001
 31
0.0
  0
LINE
  5
3C4
330
1F
100
AcDbEntity
  8
AM_9
100
AcDbLine
 10
-27.7635
 20
43.83200000000006
 30
0.0
 11
-27.7635
 21
43.78100000000005
 31
0.0
  0
LINE
  5
3C5
330
1F
100
AcDbEntity
  8
AM_9
100
AcDbLine
 10
-27.7635
 20
11.2720000000001
 30
0.0
 11
-27.7635
 21
11.2210000000001
 31
0.0
  0
LINE
  5
3C6
330
1F
100
AcDbEntity
  8
AM_9
100
AcDbLine
 10
-27.7635
 20
36.4320000000001
 30
0.0
 11
-27.7635
 21
36.3810000000001
 31
0.0
  0
LINE
  5
3C7
330
1F
100
AcDbEntity
  8
AM_9
100
AcDbLine
 10
-28.44937493447775
 20
33.79100000000012
 30
0.0
 11
-28.44937493447775
 21
33.84200000000012
 31
0.0
  0
LINE
  5
3C8
330
1F
100
AcDbEntity
  8
AM_9
100
AcDbLine
 10
-27.7635
 20
33.79100000000012
 30
0.0
 11
-28.44937493447775
 21
33.79100000000012
 31
0.0
  0
LINE
  5
3C9
330
1F
100
AcDbEntity
  8
AM_9
100
AcDbLine
 10
-28.44937493447775
 20
36.3810000000001
 30
0.0
 11
-28.44937493447775
 21
36.4320000000001
 31
0.0
  0
LINE
  5
3CA
330
1F
100
AcDbEntity
  8
AM_9
100
AcDbLine
 10
-27.7635
 20
44.57200000000005
 30
0.0
 11
-28.44937493447775
 21
44.57200000000005
 31
0.0
  0
LINE
  5
3CB
330
1F
100
AcDbEntity
  8
AM_9
100
AcDbLine
 10
-27.7635
 20
33.42100000000012
 30
0.0
 11
-28.44937493447775
 21
33.42100000000012
 31
0.0
  0
LINE
  5
3CC
330
1F
100
AcDbEntity
  8
AM_9
100
AcDbLine
 10
-28.44937493447775
 20
33.42100000000012
 30
0.0
 11
-28.44937493447775
 21
33.47200000000012
 31
0.0
  0
LINE
  5
3CD
330
1F
100
AcDbEntity
  8
AM_9
100
AcDbLine
 10
-27.7635
 20
33.47200000000012
 30
0.0
 11
-28.44937493447775
 21
33.47200000000012
 31
0.0
  0
LINE
  5
3CE
330
1F
100
AcDbEntity
  8
AM_9
100
AcDbLine
 10
-28.44937493447775
 20
27.87100000000011
 30
0.0
 11
-28.44937493447775
 21
27.92200000000011
 31
0.0
  0
LINE
  5
3CF
330
1F
100
AcDbEntity
  8
AM_9
100
AcDbLine
 10
-27.7635
 20
27.87100000000011
 30
0.0
 11
-28.44937493447775
 21
27.87100000000011
 31
0.0
  0
LINE
  5
3D0
330
1F
100
AcDbEntity
  8
AM_9
100
AcDbLine
 10
-27.7635
 20
27.92200000000011
 30
0.0
 11
-27.7635
 21
27.87100000000011
 31
0.0
  0
LINE
  5
3D1
330
1F
100
AcDbEntity
  8
AM_9
100
AcDbLine
 10
-27.7635
 20
21.6320000000001
 30
0.0
 11
-27.7635
 21
21.5810000000001
 31
0.0
  0
LINE
  5
3D2
330
1F
100
AcDbEntity
  8
AM_9
100
AcDbLine
 10
-28.44937493447775
 20
43.41100000000005
 30
0.0
 11
-28.44937493447775
 21
43.46200000000005
 31
0.0
  0
LINE
  5
3D3
330
1F
100
AcDbEntity
  8
AM_9
100
AcDbLine
 10
-27.7635
 20
43.46200000000005
 30
0.0
 11
-28.44937493447775
 21
43.46200000000005
 31
0.0
  0
LINE
  5
3D4
330
1F
100
AcDbEntity
  8
AM_9
100
AcDbLine
 10
-28.44937493447775
 20
43.78100000000005
 30
0.0
 11
-28.44937493447775
 21
43.83200000000006
 31
0.0
  0
LINE
  5
3D5
330
1F
100
AcDbEntity
  8
AM_9
100
AcDbLine
 10
-27.7635
 20
43.09200000000006
 30
0.0
 11
-27.7635
 21
43.04100000000005
 31
0.0
  0
LINE
  5
3D6
330
1F
100
AcDbEntity
  8
AM_9
100
AcDbLine
 10
-28.44937493447775
 20
23.0610000000001
 30
0.0
 11
-28.44937493447775
 21
23.11200000000011
 31
0.0
  0
LINE
  5
3D7
330
1F
100
AcDbEntity
  8
AM_9
100
AcDbLine
 10
-27.7635
 20
23.11200000000011
 30
0.0
 11
-28.44937493447775
 21
23.11200000000011
 31
0.0
  0
LINE
  5
3D8
330
1F
100
AcDbEntity
  8
AM_9
100
AcDbLine
 10
-28.44937493447775
 20
44.52100000000004
 30
0.0
 11
-28.44937493447775
 21
44.57200000000005
 31
0.0
  0
LINE
  5
3D9
330
1F
100
AcDbEntity
  8
AM_9
100
AcDbLine
 10
-28.44937493447775
 20
21.5810000000001
 30
0.0
 11
-28.44937493447775
 21
21.6320000000001
 31
0.0
  0
LINE
  5
3DA
330
1F
100
AcDbEntity
  8
AM_9
100
AcDbLine
 10
-27.7635
 20
21.6320000000001
 30
0.0
 11
-28.44937493447775
 21
21.6320000000001
 31
0.0
  0
LINE
  5
3DB
330
1F
100
AcDbEntity
  8
AM_9
100
AcDbLine
 10
-27.7635
 20
21.5810000000001
 30
0.0
 11
-28.44937493447775
 21
21.5810000000001
 31
0.0
  0
LINE
  5
3DC
330
1F
100
AcDbEntity
  8
AM_9
100
AcDbLine
 10
-28.44937493447775
 20
43.04100000000005
 30
0.0
 11
-28.44937493447775
 21
43.09200000000006
 31
0.0
  0
LINE
  5
3DD
330
1F
100
AcDbEntity
  8
AM_9
100
AcDbLine
 10
-27.7635
 20
43.04100000000005
 30
0.0
 11
-28.44937493447775
 21
43.04100000000005
 31
0.0
  0
LINE
  5
3DE
330
1F
100
AcDbEntity
  8
AM_9
100
AcDbLine
 10
-28.44937493447775
 20
12.33100000000009
 30
0.0
 11
-28.44937493447775
 21
12.38200000000009
 31
0.0
  0
LINE
  5
3DF
330
1F
100
AcDbEntity
  8
AM_9
100
AcDbLine
 10
-27.7635
 20
12.38200000000009
 30
0.0
 11
-27.7635
 21
12.33100000000009
 31
0.0
  0
LINE
  5
3E0
330
1F
100
AcDbEntity
  8
AM_9
100
AcDbLine
 10
-27.7635
 20
12.33100000000009
 30
0.0
 11
-28.44937493447775
 21
12.33100000000009
 31
0.0
  0
LINE
  5
3E1
330
1F
100
AcDbEntity
  8
AM_9
100
AcDbLine
 10
-27.7635
 20
22.6910000000001
 30
0.0
 11
-28.44937493447775
 21
22.6910000000001
 31
0.0
  0
LINE
  5
3E2
330
1F
100
AcDbEntity
  8
AM_9
100
AcDbLine
 10
-28.44937493447775
 20
22.6910000000001
 30
0.0
 11
-28.44937493447775
 21
22.7420000000001
 31
0.0
  0
LINE
  5
3E3
330
1F
100
AcDbEntity
  8
AM_9
100
AcDbLine
 10
-27.7635
 20
22.7420000000001
 30
0.0
 11
-27.7635
 21
22.6910000000001
 31
0.0
  0
LINE
  5
3E4
330
1F
100
AcDbEntity
  8
AM_9
100
AcDbLine
 10
-28.44937493447775
 20
11.2210000000001
 30
0.0
 11
-28.44937493447775
 21
11.2720000000001
 31
0.0
  0
LINE
  5
3E5
330
1F
100
AcDbEntity
  8
AM_9
100
AcDbLine
 10
-13.51162792461226
 20
5.738
 30
0.0
 11
-13.51162792461226
 21
5.453
 31
0.0
  0
LINE
  5
3E6
330
1F
100
AcDbEntity
  8
AM_9
100
AcDbLine
 10
13.51162792461225
 20
5.738
 30
0.0
 11
13.51162792461225
 21
5.453
 31
0.0
  0
LINE
  5
3E7
330
1F
100
AcDbEntity
  8
AM_9
100
AcDbLine
 10
-19.56743382583059
 20
55.23229911251074
 30
0.0
 11
-19.56743382583057
 21
54.6
 31
0.0
  0
LINE
  5
3E8
330
1F
100
AcDbEntity
  8
AM_9
100
AcDbLine
 10
-11.61931956305649
 20
55.23229911251074
 30
0.0
 11
-11.61931956305649
 21
54.6
 31
0.0
  0
LINE
  5
3E9
330
1F
100
AcDbEntity
  8
AM_9
100
AcDbLine
 10
7.768566174169427
 20
55.23229911251074
 30
0.0
 11
7.768566174169427
 21
54.6
 31
0.0
  0
LINE
  5
3EA
330
1F
100
AcDbEntity
  8
AM_9
100
AcDbLine
 10
15.7166804369435
 20
55.23229911251074
 30
0.0
 11
15.7166804369435
 21
54.6
 31
0.0
  0
LINE
  5
3EB
330
1F
100
AcDbEntity
  8
AM_9
100
AcDbLine
 10
-19.48256642357352
 20
55.25370878900659
 30
0.0
 11
-19.48256642357352
 21
54.6
 31
0.0
  0
LINE
  5
3EC
330
1F
100
AcDbEntity
  8
AM_9
100
AcDbLine
 10
-11.65038318823577
 20
55.25370878900659
 30
0.0
 11
-11.65038318823577
 21
54.6
 31
0.0
  0
LINE
  5
3ED
330
1F
100
AcDbEntity
  8
AM_9
100
AcDbLine
 10
7.853433576426459
 20
55.25370878900659
 30
0.0
 11
7.853433576426481
 21
54.6
 31
0.0
  0
LINE
  5
3EE
330
1F
100
AcDbEntity
  8
AM_9
100
AcDbLine
 10
15.68561681176424
 20
55.25370878900659
 30
0.0
 11
15.68561681176423
 21
54.6
 31
0.0
  0
LINE
  5
3EF
330
1F
100
AcDbEntity
  8
AM_9
100
AcDbLine
 10
-19.17279666358254
 20
55.33185410821645
 30
0.0
 11
-19.17279666358258
 21
54.6
 31
0.0
  0
LINE
  5
3F0
330
1F
100
AcDbEntity
  8
AM_9
100
AcDbLine
 10
-11.76376678971666
 20
55.33185410821644
 30
0.0
 11
-11.76376678971666
 21
54.6
 31
0.0
  0
LINE
  5
3F1
330
1F
100
AcDbEntity
  8
AM_9
100
AcDbLine
 10
-15.57223321028335
 20
55.33185410821645
 30
0.0
 11
-16.01737889587062
 21
55.33185410821644
 31
0.0
  0
LINE
  5
3F2
330
1F
100
AcDbEntity
  8
AM_9
100
AcDbLine
 10
8.163203336417457
 20
55.33185410821645
 30
0.0
 11
8.163203336417409
 21
54.6
 31
0.0
  0
LINE
  5
3F3
330
1F
100
AcDbEntity
  8
AM_9
100
AcDbLine
 10
15.57223321028334
 20
55.33185410821644
 30
0.0
 11
15.57223321028334
 21
54.6
 31
0.0
  0
LINE
  5
3F4
330
1F
100
AcDbEntity
  8
AM_9
100
AcDbLine
 10
11.76376678971664
 20
55.33185410821645
 30
0.0
 11
11.31862110413418
 21
55.33185410821644
 31
0.0
  0
LINE
  5
3F5
330
1F
100
AcDbEntity
  8
AM_9
100
AcDbLine
 10
8.248072877830193
 20
55.35326378471229
 30
0.0
 11
8.248072877830179
 21
54.6
 31
0.0
  0
LINE
  5
3F6
330
1F
100
AcDbEntity
  8
AM_9
100
AcDbLine
 10
15.54116880211873
 20
55.35326378471229
 30
0.0
 11
15.54116880211873
 21
54.6
 31
0.0
  0
LINE
  5
3F7
330
1F
100
AcDbEntity
  8
AM_9
100
AcDbLine
 10
11.79483119788125
 20
55.35326378471229
 30
0.0
 11
11.35187873460526
 21
55.35326378471229
 31
0.0
  0
LINE
  5
3F8
330
1F
100
AcDbEntity
  8
AM_9
100
AcDbLine
 10
-19.08792712216981
 20
55.35326378471229
 30
0.0
 11
-19.08792712216982
 21
54.6
 31
0.0
  0
LINE
  5
3F9
330
1F
100
AcDbEntity
  8
AM_9
100
AcDbLine
 10
-11.79483119788127
 20
55.35326378471229
 30
0.0
 11
-11.79483119788127
 21
54.6
 31
0.0
  0
LINE
  5
3FA
330
1F
100
AcDbEntity
  8
AM_9
100
AcDbLine
 10
-15.54116880211874
 20
55.35326378471229
 30
0.0
 11
-15.98412126539941
 21
55.35326378471229
 31
0.0
  0
LINE
  5
3FB
330
1F
100
AcDbEntity
  8
AM_9
100
AcDbLine
 10
-20.52187207538775
 20
5.453
 30
0.0
 11
-20.52187207538775
 21
5.226000000000001
 31
0.0
  0
LINE
  5
3FC
330
1F
100
AcDbEntity
  8
AM_9
100
AcDbLine
 10
20.52187207538775
 20
5.453
 30
0.0
 11
20.52187207538775
 21
5.226000000000001
 31
0.0
  0
LINE
  5
3FD
330
1F
100
AcDbEntity
  8
AM_9
100
AcDbLine
 10
8.557144053190932
 20
55.43123068995133
 30
0.0
 11
8.557144053190932
 21
54.6
 31
0.0
  0
LINE
  5
3FE
330
1F
100
AcDbEntity
  8
AM_9
100
AcDbLine
 10
15.42804090035918
 20
55.43123068995133
 30
0.0
 11
15.42804090035918
 21
54.6
 31
0.0
  0
LINE
  5
3FF
330
1F
100
AcDbEntity
  8
AM_9
100
AcDbLine
 10
11.9079590996408
 20
55.43123068995133
 30
0.0
 11
11.47295962394849
 21
55.43123068995133
 31
0.0
  0
LINE
  5
400
330
1F
100
AcDbEntity
  8
AM_9
100
AcDbLine
 10
-18.77885594680907
 20
55.43123068995133
 30
0.0
 11
-18.77885594680907
 21
54.6
 31
0.0
  0
LINE
  5
401
330
1F
100
AcDbEntity
  8
AM_9
100
AcDbLine
 10
-11.90795909964081
 20
55.43123068995133
 30
0.0
 11
-11.90795909964081
 21
54.6
 31
0.0
  0
LINE
  5
402
330
1F
100
AcDbEntity
  8
AM_9
100
AcDbLine
 10
-15.42804090035919
 20
55.43123068995133
 30
0.0
 11
-15.8630403760557
 21
55.43123068995133
 31
0.0
  0
LINE
  5
403
330
1F
100
AcDbEntity
  8
AM_9
100
AcDbLine
 10
-18.69398376398923
 20
55.45264036644718
 30
0.0
 11
-18.69398376398924
 21
54.6
 31
0.0
  0
LINE
  5
404
330
1F
100
AcDbEntity
  8
AM_9
100
AcDbLine
 10
-11.93902447462751
 20
55.45264036644718
 30
0.0
 11
-11.93902447462751
 21
54.6
 31
0.0
  0
LINE
  5
405
330
1F
100
AcDbEntity
  8
AM_9
100
AcDbLine
 10
-15.3969755253725
 20
55.45264036644718
 30
0.0
 11
-15.82980084806336
 21
55.45264036644719
 31
0.0
  0
LINE
  5
406
330
1F
100
AcDbEntity
  8
AM_9
100
AcDbLine
 10
8.64201623601077
 20
55.45264036644719
 30
0.0
 11
8.642016236010756
 21
54.6
 31
0.0
  0
LINE
  5
407
330
1F
100
AcDbEntity
  8
AM_9
100
AcDbLine
 10
15.39697552537248
 20
55.45264036644719
 30
0.0
 11
15.39697552537249
 21
54.6
 31
0.0
  0
LINE
  5
408
330
1F
100
AcDbEntity
  8
AM_9
100
AcDbLine
 10
11.9390244746275
 20
55.45264036644719
 30
0.0
 11
11.5061991519407
 21
55.45264036644718
 31
0.0
  0
LINE
  5
409
330
1F
100
AcDbEntity
  8
AM_9
100
AcDbLine
 10
-18.38419451698885
 20
55.53078568565704
 30
0.0
 11
-18.38419451698889
 21
54.6
 31
0.0
  0
LINE
  5
40A
330
1F
100
AcDbEntity
  8
AM_9
100
AcDbLine
 10
-12.05241520884889
 20
55.53078568565703
 30
0.0
 11
-12.05241520884889
 21
54.6
 31
0.0
  0
LINE
  5
40B
330
1F
100
AcDbEntity
  8
AM_9
100
AcDbLine
 10
-15.28358479115112
 20
55.53078568565704
 30
0.0
 11
-15.708512410206
 21
55.53078568565703
 31
0.0
  0
LINE
  5
40C
330
1F
100
AcDbEntity
  8
AM_9
100
AcDbLine
 10
8.951805483011134
 20
55.53078568565704
 30
0.0
 11
8.951805483011109
 21
54.6
 31
0.0
  0
LINE
  5
40D
330
1F
100
AcDbEntity
  8
AM_9
100
AcDbLine
 10
15.28358479115111
 20
55.53078568565703
 30
0.0
 11
15.28358479115111
 21
54.6
 31
0.0
  0
LINE
  5
40E
330
1F
100
AcDbEntity
  8
AM_9
100
AcDbLine
 10
12.05241520884888
 20
55.53078568565704
 30
0.0
 11
11.62748758979759
 21
55.53078568565703
 31
0.0
  0
LINE
  5
40F
330
1F
100
AcDbEntity
  8
AM_9
100
AcDbLine
 10
9.036680992925104
 20
55.55219536215288
 30
0.0
 11
9.036680992925112
 21
54.6
 31
0.0
  0
LINE
  5
410
330
1F
100
AcDbEntity
  8
AM_9
100
AcDbLine
 10
15.25251819836343
 20
55.55219536215288
 30
0.0
 11
15.25251819836343
 21
54.6
 31
0.0
  0
LINE
  5
411
330
1F
100
AcDbEntity
  8
AM_9
100
AcDbLine
 10
12.08348180163656
 20
55.55219536215288
 30
0.0
 11
11.66058602765228
 21
55.55219536215289
 31
0.0
  0
LINE
  5
412
330
1F
100
AcDbEntity
  8
AM_9
100
AcDbLine
 10
-18.2993190070749
 20
55.55219536215288
 30
0.0
 11
-18.29931900707489
 21
54.6
 31
0.0
  0
LINE
  5
413
330
1F
100
AcDbEntity
  8
AM_9
100
AcDbLine
 10
-12.08348180163656
 20
55.55219536215288
 30
0.0
 11
-12.08348180163657
 21
54.6
 31
0.0
  0
LINE
  5
414
330
1F
100
AcDbEntity
  8
AM_9
100
AcDbLine
 10
-15.25251819836343
 20
55.55219536215288
 30
0.0
 11
-15.67541397235132
 21
55.55219536215288
 31
0.0
  0
LINE
  5
415
330
1F
100
AcDbEntity
  8
AM_9
100
AcDbLine
 10
-17.98951602015601
 20
55.63034068136274
 30
0.0
 11
-17.98951602015604
 21
54.6
 31
0.0
  0
LINE
  5
416
330
1F
100
AcDbEntity
  8
AM_9
100
AcDbLine
 10
-12.19687756501717
 20
55.63034068136273
 30
0.0
 11
-12.19687756501717
 21
54.6
 31
0.0
  0
LINE
  5
417
330
1F
100
AcDbEntity
  8
AM_9
100
AcDbLine
 10
-15.13912243498284
 20
55.63034068136274
 30
0.0
 11
-15.55738356611047
 21
55.63034068136273
 31
0.0
  0
LINE
  5
418
330
1F
100
AcDbEntity
  8
AM_9
100
AcDbLine
 10
9.346483979843953
 20
55.63034068136272
 30
0.0
 11
9.346483979843962
 21
54.6
 31
0.0
  0
LINE
  5
419
330
1F
100
AcDbEntity
  8
AM_9
100
AcDbLine
 10
15.13912243498283
 20
55.63034068136273
 30
0.0
 11
15.13912243498283
 21
54.6
 31
0.0
  0
LINE
  5
41A
330
1F
100
AcDbEntity
  8
AM_9
100
AcDbLine
 10
12.19687756501717
 20
55.63034068136272
 30
0.0
 11
11.77861643389262
 21
55.63034068136273
 31
0.0
  0
LINE
  5
41B
330
1F
100
AcDbEntity
  8
AM_9
100
AcDbLine
 10
9.43136375416764
 20
55.65175035785857
 30
0.0
 11
9.431363754167661
 21
54.6
 31
0.0
  0
LINE
  5
41C
330
1F
100
AcDbEntity
  8
AM_9
100
AcDbLine
 10
15.10805428131287
 20
55.65175035785857
 30
0.0
 11
15.10805428131287
 21
54.6
 31
0.0
  0
LINE
  5
41D
330
1F
100
AcDbEntity
  8
AM_9
100
AcDbLine
 10
12.22794571868712
 20
55.65175035785857
 30
0.0
 11
11.8119087595805
 21
55.65175035785858
 31
0.0
  0
LINE
  5
41E
330
1F
100
AcDbEntity
  8
AM_9
100
AcDbLine
 10
-17.90463624583232
 20
55.65175035785858
 30
0.0
 11
-17.90463624583234
 21
54.6
 31
0.0
  0
LINE
  5
41F
330
1F
100
AcDbEntity
  8
AM_9
100
AcDbLine
 10
-12.22794571868713
 20
55.65175035785858
 30
0.0
 11
-12.22794571868713
 21
54.6
 31
0.0
  0
LINE
  5
420
330
1F
100
AcDbEntity
  8
AM_9
100
AcDbLine
 10
-15.10805428131288
 20
55.65175035785858
 30
0.0
 11
-15.52409124042246
 21
55.65175035785858
 31
0.0
  0
LINE
  5
421
330
1F
100
AcDbEntity
  8
AM_9
100
AcDbLine
 10
16.69737207538775
 20
5.738
 30
0.0
 11
16.69737207538775
 21
5.453
 31
0.0
  0
LINE
  5
422
330
1F
100
AcDbEntity
  8
AM_9
100
AcDbLine
 10
-16.69737207538775
 20
5.738
 30
0.0
 11
-16.69737207538775
 21
5.453
 31
0.0
  0
LINE
  5
423
330
1F
100
AcDbEntity
  8
AM_9
100
AcDbLine
 10
-17.59552282350929
 20
55.72971726309763
 30
0.0
 11
-17.59552282350931
 21
54.6
 31
0.0
  0
LINE
  5
424
330
1F
100
AcDbEntity
  8
AM_9
100
AcDbLine
 10
-12.34108908390811
 20
55.72971726309763
 30
0.0
 11
-12.34108908390811
 21
54.6
 31
0.0
  0
LINE
  5
425
330
1F
100
AcDbEntity
  8
AM_9
100
AcDbLine
 10
-14.9949109160919
 20
55.72971726309763
 30
0.0
 11
-15.40289076914673
 21
55.72971726309763
 31
0.0
  0
LINE
  5
426
330
1F
100
AcDbEntity
  8
AM_9
100
AcDbLine
 10
9.740477176490698
 20
55.72971726309763
 30
0.0
 11
9.740477176490693
 21
54.6
 31
0.0
  0
LINE
  5
427
330
1F
100
AcDbEntity
  8
AM_9
100
AcDbLine
 10
14.99491091609189
 20
55.72971726309763
 30
0.0
 11
14.99491091609189
 21
54.6
 31
0.0
  0
LINE
  5
428
330
1F
100
AcDbEntity
  8
AM_9
100
AcDbLine
 10
12.3410890839081
 20
55.72971726309763
 30
0.0
 11
11.93310923085575
 21
55.72971726309763
 31
0.0
  0
LINE
  5
429
330
1F
100
AcDbEntity
  8
AM_9
100
AcDbLine
 10
-17.50993008684436
 20
55.75130535356428
 30
0.0
 11
-17.50993008684437
 21
54.6
 31
0.0
  0
LINE
  5
42A
330
1F
100
AcDbEntity
  8
AM_9
100
AcDbLine
 10
-12.37241819990691
 20
55.75130535356428
 30
0.0
 11
-12.3724181999069
 21
54.6
 31
0.0
  0
LINE
  5
42B
330
1F
100
AcDbEntity
  8
AM_9
100
AcDbLine
 10
-14.9635818000931
 20
55.75130535356428
 30
0.0
 11
-15.36934322445501
 21
55.75130535356427
 31
0.0
  0
LINE
  5
42C
330
1F
100
AcDbEntity
  8
AM_9
100
AcDbLine
 10
9.826069913155646
 20
55.75130535356428
 30
0.0
 11
9.82606991315562
 21
54.6
 31
0.0
  0
LINE
  5
42D
330
1F
100
AcDbEntity
  8
AM_9
100
AcDbLine
 10
14.96358180009308
 20
55.75130535356428
 30
0.0
 11
14.96358180009309
 21
54.6
 31
0.0
  0
LINE
  5
42E
330
1F
100
AcDbEntity
  8
AM_9
100
AcDbLine
 10
12.3724181999069
 20
55.75130535356428
 30
0.0
 11
11.96665677554735
 21
55.75130535356427
 31
0.0
  0
LINE
  5
42F
330
1F
100
AcDbEntity
  8
AM_9
100
AcDbLine
 10
-17.20079306842046
 20
55.82927225880332
 30
0.0
 11
-17.20079306842046
 21
54.6
 31
0.0
  0
LINE
  5
430
330
1F
100
AcDbEntity
  8
AM_9
100
AcDbLine
 10
-12.48557020190024
 20
55.82927225880333
 30
0.0
 11
-12.48557020190023
 21
54.6
 31
0.0
  0
LINE
  5
431
330
1F
100
AcDbEntity
  8
AM_9
100
AcDbLine
 10
-14.85042979809976
 20
55.82927225880332
 30
0.0
 11
-15.24822838002771
 21
55.82927225880332
 31
0.0
  0
LINE
  5
432
330
1F
100
AcDbEntity
  8
AM_9
100
AcDbLine
 10
10.13520693157953
 20
55.82927225880332
 30
0.0
 11
10.13520693157954
 21
54.6
 31
0.0
  0
LINE
  5
433
330
1F
100
AcDbEntity
  8
AM_9
100
AcDbLine
 10
14.85042979809976
 20
55.82927225880332
 30
0.0
 11
14.85042979809976
 21
54.6
 31
0.0
  0
LINE
  5
434
330
1F
100
AcDbEntity
  8
AM_9
100
AcDbLine
 10
12.48557020190024
 20
55.82927225880332
 30
0.0
 11
12.08777161997418
 21
55.82927225880332
 31
0.0
  0
LINE
  5
435
330
1F
100
AcDbEntity
  8
AM_9
100
AcDbLine
 10
10.22009980840253
 20
55.85068193529918
 30
0.0
 11
10.22009980840254
 21
54.6
 31
0.0
  0
LINE
  5
436
330
1F
100
AcDbEntity
  8
AM_9
100
AcDbLine
 10
14.8193568485822
 20
55.85068193529918
 30
0.0
 11
14.8193568485822
 21
54.6
 31
0.0
  0
LINE
  5
437
330
1F
100
AcDbEntity
  8
AM_9
100
AcDbLine
 10
12.51664315141779
 20
55.85068193529918
 30
0.0
 11
12.12101681109421
 21
55.85068193529918
 31
0.0
  0
LINE
  5
438
330
1F
100
AcDbEntity
  8
AM_9
100
AcDbLine
 10
-17.11590019159746
 20
55.85068193529918
 30
0.0
 11
-17.11590019159746
 21
54.6
 31
0.0
  0
LINE
  5
439
330
1F
100
AcDbEntity
  8
AM_9
100
AcDbLine
 10
-12.5166431514178
 20
55.85068193529918
 30
0.0
 11
-12.5166431514178
 21
54.6
 31
0.0
  0
LINE
  5
43A
330
1F
100
AcDbEntity
  8
AM_9
100
AcDbLine
 10
-14.81935684858221
 20
55.85068193529918
 30
0.0
 11
-15.21498318890756
 21
55.85068193529918
 31
0.0
  0
LINE
  5
43B
330
1F
100
AcDbEntity
  8
AM_9
100
AcDbLine
 10
-10.51947316673914
 20
54.6167758846658
 30
0.0
 11
-12.89792156306282
 21
56.158
 31
0.0
  0
LINE
  5
43C
330
1F
100
AcDbEntity
  8
AM_9
100
AcDbLine
 10
16.81652683326086
 20
54.6167758846658
 30
0.0
 11
14.43807843693718
 21
56.158
 31
0.0
  0
LINE
  5
43D
330
1F
100
AcDbEntity
  8
AM_9
100
AcDbLine
 10
-16.81380610196339
 20
55.92686470083024
 30
0.0
 11
-16.81380610196339
 21
54.6
 31
0.0
  0
LINE
  5
43E
330
1F
100
AcDbEntity
  8
AM_9
100
AcDbLine
 10
-12.62721726255699
 20
55.92686470083024
 30
0.0
 11
-12.62721726255699
 21
54.6
 31
0.0
  0
LINE
  5
43F
330
1F
100
AcDbEntity
  8
AM_9
100
AcDbLine
 10
-14.70878273744301
 20
55.92686470083024
 30
0.0
 11
-15.09991254652883
 21
55.92686470083024
 31
0.0
  0
LINE
  5
440
330
1F
100
AcDbEntity
  8
AM_9
100
AcDbLine
 10
10.52219389803662
 20
55.92686470083024
 30
0.0
 11
10.5221938980366
 21
54.6
 31
0.0
  0
LINE
  5
441
330
1F
100
AcDbEntity
  8
AM_9
100
AcDbLine
 10
14.708782737443
 20
55.92686470083023
 30
0.0
 11
14.708782737443
 21
54.6
 31
0.0
  0
LINE
  5
442
330
1F
100
AcDbEntity
  8
AM_9
100
AcDbLine
 10
12.627217262557
 20
55.92686470083024
 30
0.0
 11
12.23608745347252
 21
55.92686470083023
 31
0.0
  0
LINE
  5
443
330
1F
100
AcDbEntity
  8
AM_9
100
AcDbLine
 10
-16.72890299775386
 20
55.94827437732609
 30
0.0
 11
-16.72890299775389
 21
54.6
 31
0.0
  0
LINE
  5
444
330
1F
100
AcDbEntity
  8
AM_9
100
AcDbLine
 10
-12.65829395555784
 20
55.94827437732609
 30
0.0
 11
-12.65829395555783
 21
54.6
 31
0.0
  0
LINE
  5
445
330
1F
100
AcDbEntity
  8
AM_9
100
AcDbLine
 10
-14.67770604444218
 20
55.94827437732609
 30
0.0
 11
-15.066581349632
 21
55.94827437732609
 31
0.0
  0
LINE
  5
446
330
1F
100
AcDbEntity
  8
AM_9
100
AcDbLine
 10
10.60709700224611
 20
55.94827437732609
 30
0.0
 11
10.60709700224611
 21
54.6
 31
0.0
  0
LINE
  5
447
330
1F
100
AcDbEntity
  8
AM_9
100
AcDbLine
 10
14.67770604444216
 20
55.94827437732609
 30
0.0
 11
14.67770604444216
 21
54.6
 31
0.0
  0
LINE
  5
448
330
1F
100
AcDbEntity
  8
AM_9
100
AcDbLine
 10
12.65829395555782
 20
55.94827437732609
 30
0.0
 11
12.26941865036923
 21
55.94827437732609
 31
0.0
  0
LINE
  5
449
330
1F
100
AcDbEntity
  8
AM_9
100
AcDbLine
 10
-12.96278667881279
 20
56.158
 30
0.0
 11
-12.96278667881279
 21
54.6
 31
0.0
  0
LINE
  5
44A
330
1F
100
AcDbEntity
  8
AM_9
100
AcDbLine
 10
-12.89218564562331
 20
56.10938219295735
 30
0.0
 11
-12.89218564562331
 21
54.6
 31
0.0
  0
LINE
  5
44B
330
1F
100
AcDbEntity
  8
AM_9
100
AcDbLine
 10
-12.77458229486787
 20
56.02838225021472
 30
0.0
 11
-12.77458229486787
 21
54.6
 31
0.0
  0
LINE
  5
44C
330
1F
100
AcDbEntity
  8
AM_9
100
AcDbLine
 10
14.3732133211872
 20
56.158
 30
0.0
 11
14.3732133211872
 21
54.6
 31
0.0
  0
LINE
  5
44D
330
1F
100
AcDbEntity
  8
AM_9
100
AcDbLine
 10
14.44381435437669
 20
56.10938219295735
 30
0.0
 11
14.44381435437669
 21
54.6
 31
0.0
  0
LINE
  5
44E
330
1F
100
AcDbEntity
  8
AM_9
100
AcDbLine
 10
14.56141770513213
 20
56.02838225021472
 30
0.0
 11
14.56141770513213
 21
54.6
 31
0.0
  0
LINE
  5
44F
330
1F
100
AcDbEntity
  8
AM_9
100
AcDbLine
 10
-2.265214417797455
 20
54.63514755224736
 30
0.0
 11
-2.265214417797454
 21
54.6
 31
0.0
  0
LINE
  5
450
330
1F
100
AcDbEntity
  8
AM_9
100
AcDbLine
 10
25.07078558220254
 20
54.63514755224736
 30
0.0
 11
25.07078558220254
 21
54.6
 31
0.0
  0
LINE
  5
451
330
1F
100
AcDbEntity
  8
AM_9
100
AcDbLine
 10
24.95486426631287
 20
54.6565572287432
 30
0.0
 11
24.95486426631286
 21
54.6
 31
0.0
  0
LINE
  5
452
330
1F
100
AcDbEntity
  8
AM_9
100
AcDbLine
 10
-2.381135733687131
 20
54.6565572287432
 30
0.0
 11
-2.381135733687134
 21
54.6
 31
0.0
  0
LINE
  5
453
330
1F
100
AcDbEntity
  8
AM_9
100
AcDbLine
 10
-12.66045189518431
 20
56.158
 30
0.0
 11
-12.66045189518431
 21
54.6
 31
0.0
  0
LINE
  5
454
330
1F
100
AcDbEntity
  8
AM_9
100
AcDbLine
 10
-12.58985086199483
 20
56.10938219295734
 30
0.0
 11
-12.58985086199483
 21
54.6
 31
0.0
  0
LINE
  5
455
330
1F
100
AcDbEntity
  8
AM_9
100
AcDbLine
 10
-12.47224751123939
 20
56.02838225021472
 30
0.0
 11
-12.47224751123939
 21
54.6
 31
0.0
  0
LINE
  5
456
330
1F
100
AcDbEntity
  8
AM_9
100
AcDbLine
 10
-12.32488247892852
 20
55.92686470083024
 30
0.0
 11
-12.32488247892852
 21
54.6
 31
0.0
  0
LINE
  5
457
330
1F
100
AcDbEntity
  8
AM_9
100
AcDbLine
 10
-12.18323541827177
 20
55.82927225880333
 30
0.0
 11
-12.18323541827176
 21
54.6
 31
0.0
  0
LINE
  5
458
330
1F
100
AcDbEntity
  8
AM_9
100
AcDbLine
 10
-12.03875430027963
 20
55.72971726309763
 30
0.0
 11
-12.03875430027963
 21
54.6
 31
0.0
  0
LINE
  5
459
330
1F
100
AcDbEntity
  8
AM_9
100
AcDbLine
 10
-11.89454278138868
 20
55.63034068136272
 30
0.0
 11
-11.89454278138869
 21
54.6
 31
0.0
  0
LINE
  5
45A
330
1F
100
AcDbEntity
  8
AM_9
100
AcDbLine
 10
-11.75008042522041
 20
55.53078568565703
 30
0.0
 11
-11.75008042522041
 21
54.6
 31
0.0
  0
LINE
  5
45B
330
1F
100
AcDbEntity
  8
AM_9
100
AcDbLine
 10
-11.60562431601233
 20
55.43123068995133
 30
0.0
 11
-11.60562431601234
 21
54.6
 31
0.0
  0
LINE
  5
45C
330
1F
100
AcDbEntity
  8
AM_9
100
AcDbLine
 10
-11.46143200608818
 20
55.33185410821644
 30
0.0
 11
-11.46143200608818
 21
54.6
 31
0.0
  0
LINE
  5
45D
330
1F
100
AcDbEntity
  8
AM_9
100
AcDbLine
 10
-11.31698477942802
 20
55.23229911251074
 30
0.0
 11
-11.31698477942801
 21
54.6
 31
0.0
  0
LINE
  5
45E
330
1F
100
AcDbEntity
  8
AM_9
100
AcDbLine
 10
-11.17254078111873
 20
55.13274411680504
 30
0.0
 11
-11.17254078111873
 21
54.6
 31
0.0
  0
LINE
  5
45F
330
1F
100
AcDbEntity
  8
AM_9
100
AcDbLine
 10
-11.02835830237346
 20
55.03336753507014
 30
0.0
 11
-11.02835830237347
 21
54.6
 31
0.0
  0
LINE
  5
460
330
1F
100
AcDbEntity
  8
AM_9
100
AcDbLine
 10
-10.8839191941179
 20
54.93381253936445
 30
0.0
 11
-10.88391919411789
 21
54.6
 31
0.0
  0
LINE
  5
461
330
1F
100
AcDbEntity
  8
AM_9
100
AcDbLine
 10
-10.739740812968
 20
54.83443595762956
 30
0.0
 11
-10.73974081296799
 21
54.6
 31
0.0
  0
LINE
  5
462
330
1F
100
AcDbEntity
  8
AM_9
100
AcDbLine
 10
-10.59219905752425
 20
54.73273999427426
 30
0.0
 11
-10.59219905752426
 21
54.6
 31
0.0
  0
LINE
  5
463
330
1F
100
AcDbEntity
  8
AM_9
100
AcDbLine
 10
-12.59558677943434
 20
56.158
 30
0.0
 11
-10.21713838311499
 21
54.61677588466848
 31
0.0
  0
LINE
  5
464
330
1F
100
AcDbEntity
  8
AM_9
100
AcDbLine
 10
-10.4816731125276
 20
54.6565572287432
 30
0.0
 11
-10.4816731125276
 21
54.6
 31
0.0
  0
LINE
  5
465
330
1F
100
AcDbEntity
  8
AM_9
100
AcDbLine
 10
-10.45061208954941
 20
54.63514755224736
 30
0.0
 11
-10.45061208954941
 21
54.6
 31
0.0
  0
LINE
  5
466
330
1F
100
AcDbEntity
  8
AM_9
100
AcDbLine
 10
-10.21713838311499
 20
54.61677588466848
 30
0.0
 11
-10.21713838311066
 21
54.6
 31
0.0
  0
LINE
  5
467
330
1F
100
AcDbEntity
  8
AM_9
100
AcDbLine
 10
14.67554810481569
 20
56.158
 30
0.0
 11
14.67554810481569
 21
54.6
 31
0.0
  0
LINE
  5
468
330
1F
100
AcDbEntity
  8
AM_9
100
AcDbLine
 10
14.74614913800516
 20
56.10938219295735
 30
0.0
 11
14.74614913800517
 21
54.6
 31
0.0
  0
LINE
  5
469
330
1F
100
AcDbEntity
  8
AM_9
100
AcDbLine
 10
14.86375248876061
 20
56.02838225021472
 30
0.0
 11
14.86375248876061
 21
54.6
 31
0.0
  0
LINE
  5
46A
330
1F
100
AcDbEntity
  8
AM_9
100
AcDbLine
 10
15.01111752107147
 20
55.92686470083024
 30
0.0
 11
15.01111752107148
 21
54.6
 31
0.0
  0
LINE
  5
46B
330
1F
100
AcDbEntity
  8
AM_9
100
AcDbLine
 10
15.15276458172824
 20
55.82927225880333
 30
0.0
 11
15.15276458172824
 21
54.6
 31
0.0
  0
LINE
  5
46C
330
1F
100
AcDbEntity
  8
AM_9
100
AcDbLine
 10
15.29724569972036
 20
55.72971726309763
 30
0.0
 11
15.29724569972037
 21
54.6
 31
0.0
  0
LINE
  5
46D
330
1F
100
AcDbEntity
  8
AM_9
100
AcDbLine
 10
15.44145721861132
 20
55.63034068136272
 30
0.0
 11
15.44145721861131
 21
54.6
 31
0.0
  0
LINE
  5
46E
330
1F
100
AcDbEntity
  8
AM_9
100
AcDbLine
 10
15.5859195747796
 20
55.53078568565703
 30
0.0
 11
15.58591957477959
 21
54.6
 31
0.0
  0
LINE
  5
46F
330
1F
100
AcDbEntity
  8
AM_9
100
AcDbLine
 10
15.73037568398766
 20
55.43123068995133
 30
0.0
 11
15.73037568398766
 21
54.6
 31
0.0
  0
LINE
  5
470
330
1F
100
AcDbEntity
  8
AM_9
100
AcDbLine
 10
15.87456799391182
 20
55.33185410821643
 30
0.0
 11
15.87456799391182
 21
54.6
 31
0.0
  0
LINE
  5
471
330
1F
100
AcDbEntity
  8
AM_9
100
AcDbLine
 10
16.01901522057199
 20
55.23229911251074
 30
0.0
 11
16.01901522057199
 21
54.6
 31
0.0
  0
LINE
  5
472
330
1F
100
AcDbEntity
  8
AM_9
100
AcDbLine
 10
16.16345921888127
 20
55.13274411680504
 30
0.0
 11
16.16345921888128
 21
54.6
 31
0.0
  0
LINE
  5
473
330
1F
100
AcDbEntity
  8
AM_9
100
AcDbLine
 10
16.30764169762652
 20
55.03336753507015
 30
0.0
 11
16.30764169762653
 21
54.6
 31
0.0
  0
LINE
  5
474
330
1F
100
AcDbEntity
  8
AM_9
100
AcDbLine
 10
16.45208080588211
 20
54.93381253936445
 30
0.0
 11
16.45208080588211
 21
54.6
 31
0.0
  0
LINE
  5
475
330
1F
100
AcDbEntity
  8
AM_9
100
AcDbLine
 10
16.59625918703201
 20
54.83443595762954
 30
0.0
 11
16.59625918703201
 21
54.6
 31
0.0
  0
LINE
  5
476
330
1F
100
AcDbEntity
  8
AM_9
100
AcDbLine
 10
16.74380094247575
 20
54.73273999427426
 30
0.0
 11
16.74380094247574
 21
54.6
 31
0.0
  0
LINE
  5
477
330
1F
100
AcDbEntity
  8
AM_9
100
AcDbLine
 10
14.74041322056566
 20
56.158
 30
0.0
 11
17.1188616169154
 21
54.61677588464964
 31
0.0
  0
LINE
  5
478
330
1F
100
AcDbEntity
  8
AM_9
100
AcDbLine
 10
16.8543268874724
 20
54.6565572287432
 30
0.0
 11
16.8543268874724
 21
54.6
 31
0.0
  0
LINE
  5
479
330
1F
100
AcDbEntity
  8
AM_9
100
AcDbLine
 10
16.88538791045059
 20
54.63514755224736
 30
0.0
 11
16.88538791045059
 21
54.6
 31
0.0
  0
LINE
  5
47A
330
1F
100
AcDbEntity
  8
AM_9
100
AcDbLine
 10
17.1188616169154
 20
54.61677588464964
 30
0.0
 11
17.11886161688934
 21
54.6
 31
0.0
  0
LINE
  5
47B
330
1F
100
AcDbEntity
  8
AM_9
100
AcDbLine
 10
-1.31286832201954
 20
54.61677588467271
 30
0.0
 11
-1.393878683176317
 21
54.61677588467271
 31
0.0
  0
LINE
  5
47C
330
1F
100
AcDbEntity
  8
AM_9
100
AcDbLine
 10
-1.393878683176317
 20
54.61677588467271
 30
0.0
 11
-1.393878683136631
 21
54.6
 31
0.0
  0
LINE
  5
47D
330
1F
100
AcDbEntity
  8
AM_9
100
AcDbLine
 10
26.02313167798046
 20
54.61677588466134
 30
0.0
 11
25.94212131688895
 21
54.61677588466134
 31
0.0
  0
LINE
  5
47E
330
1F
100
AcDbEntity
  8
AM_9
100
AcDbLine
 10
25.94212131688895
 20
54.61677588466134
 30
0.0
 11
25.94212131686338
 21
54.6
 31
0.0
  0
LINE
  5
47F
330
1F
100
AcDbEntity
  8
AM_9
100
AcDbLine
 10
24.54237582403078
 20
54.73273999427427
 30
0.0
 11
24.54237582403079
 21
54.6
 31
0.0
  0
LINE
  5
480
330
1F
100
AcDbEntity
  8
AM_9
100
AcDbLine
 10
-2.793624175969214
 20
54.73273999427427
 30
0.0
 11
-2.793624175969212
 21
54.6
 31
0.0
  0
LINE
  5
481
330
1F
100
AcDbEntity
  8
AM_9
100
AcDbLine
 10
24.42645348945553
 20
54.75414967077012
 30
0.0
 11
24.42645348945553
 21
54.6
 31
0.0
  0
LINE
  5
482
330
1F
100
AcDbEntity
  8
AM_9
100
AcDbLine
 10
16.71273964654157
 20
54.75414967077012
 30
0.0
 11
16.71273964654157
 21
54.6
 31
0.0
  0
LINE
  5
483
330
1F
100
AcDbEntity
  8
AM_9
100
AcDbLine
 10
-2.90954651054447
 20
54.75414967077012
 30
0.0
 11
-2.909546510544473
 21
54.6
 31
0.0
  0
LINE
  5
484
330
1F
100
AcDbEntity
  8
AM_9
100
AcDbLine
 10
-10.62326035345843
 20
54.75414967077012
 30
0.0
 11
-10.62326035345843
 21
54.6
 31
0.0
  0
LINE
  5
485
330
1F
100
AcDbEntity
  8
AM_9
100
AcDbLine
 10
-16.41119734643107
 20
56.02838225021472
 30
0.0
 11
-16.41119734643105
 21
54.6
 31
0.0
  0
LINE
  5
486
330
1F
100
AcDbEntity
  8
AM_9
100
AcDbLine
 10
-14.56141770513214
 20
56.02838225021472
 30
0.0
 11
-14.94191936959923
 21
56.02838225021472
 31
0.0
  0
LINE
  5
487
330
1F
100
AcDbEntity
  8
AM_9
100
AcDbLine
 10
10.92480265356894
 20
56.02838225021472
 30
0.0
 11
10.92480265356895
 21
54.6
 31
0.0
  0
LINE
  5
488
330
1F
100
AcDbEntity
  8
AM_9
100
AcDbLine
 10
12.77458229486787
 20
56.02838225021472
 30
0.0
 11
12.39408063040153
 21
56.02838225021472
 31
0.0
  0
LINE
  5
489
330
1F
100
AcDbEntity
  8
AM_9
100
AcDbLine
 10
23.99174249647687
 20
54.83443595762955
 30
0.0
 11
23.99174249647687
 21
54.6
 31
0.0
  0
LINE
  5
48A
330
1F
100
AcDbEntity
  8
AM_9
100
AcDbLine
 10
-3.344257503523127
 20
54.83443595762955
 30
0.0
 11
-3.344257503523126
 21
54.6
 31
0.0
  0
LINE
  5
48B
330
1F
100
AcDbEntity
  8
AM_9
100
AcDbLine
 10
-13.05071018996208
 20
55.66
 30
0.0
 11
-13.05071018996208
 21
56.158
 31
0.0
  0
LINE
  5
48C
330
1F
100
AcDbEntity
  8
AM_9
100
AcDbLine
 10
14.30528981003792
 20
55.66
 30
0.0
 11
14.30528981003792
 21
56.158
 31
0.0
  0
LINE
  5
48D
330
1F
100
AcDbEntity
  8
AM_9
100
AcDbLine
 10
23.87581892930839
 20
54.8558456341254
 30
0.0
 11
23.87581892930839
 21
54.6
 31
0.0
  0
LINE
  5
48E
330
1F
100
AcDbEntity
  8
AM_9
100
AcDbLine
 10
16.56519756082548
 20
54.8558456341254
 30
0.0
 11
16.56519756082548
 21
54.6
 31
0.0
  0
LINE
  5
48F
330
1F
100
AcDbEntity
  8
AM_9
100
AcDbLine
 10
-3.460181070691604
 20
54.8558456341254
 30
0.0
 11
-3.460181070691604
 21
54.6
 31
0.0
  0
LINE
  5
490
330
1F
100
AcDbEntity
  8
AM_9
100
AcDbLine
 10
-10.77080243917452
 20
54.8558456341254
 30
0.0
 11
-10.77080243917452
 21
54.6
 31
0.0
  0
LINE
  5
491
330
1F
100
AcDbEntity
  8
AM_9
100
AcDbLine
 10
12.94973389196459
 20
55.66
 30
0.0
 11
12.94973389196459
 21
56.158
 31
0.0
  0
LINE
  5
492
330
1F
100
AcDbEntity
  8
AM_9
100
AcDbLine
 10
-14.38626610803542
 20
55.66
 30
0.0
 11
-14.38626610803542
 21
56.158
 31
0.0
  0
LINE
  5
493
330
1F
100
AcDbEntity
  8
AM_9
100
AcDbLine
 10
-16.32627880924293
 20
56.04979192671057
 30
0.0
 11
-16.32627880924293
 21
54.6
 31
0.0
  0
LINE
  5
494
330
1F
100
AcDbEntity
  8
AM_9
100
AcDbLine
 10
-14.53033536326908
 20
56.04979192671057
 30
0.0
 11
-14.91191912108582
 21
56.04979192671057
 31
0.0
  0
LINE
  5
495
330
1F
100
AcDbEntity
  8
AM_9
100
AcDbLine
 10
-12.80566463673094
 20
56.04979192671057
 30
0.0
 11
-12.80566463673093
 21
54.6
 31
0.0
  0
LINE
  5
496
330
1F
100
AcDbEntity
  8
AM_9
100
AcDbLine
 10
11.00972119075707
 20
56.04979192671057
 30
0.0
 11
11.00972119075706
 21
54.6
 31
0.0
  0
LINE
  5
497
330
1F
100
AcDbEntity
  8
AM_9
100
AcDbLine
 10
12.80566463673093
 20
56.04979192671057
 30
0.0
 11
12.42408087891417
 21
56.04979192671056
 31
0.0
  0
LINE
  5
498
330
1F
100
AcDbEntity
  8
AM_9
100
AcDbLine
 10
14.53033536326906
 20
56.04979192671057
 30
0.0
 11
14.53033536326906
 21
54.6
 31
0.0
  0
LINE
  5
499
330
1F
100
AcDbEntity
  8
AM_9
100
AcDbLine
 10
23.45366145267241
 20
54.93381253936445
 30
0.0
 11
23.45366145267241
 21
54.6
 31
0.0
  0
LINE
  5
49A
330
1F
100
AcDbEntity
  8
AM_9
100
AcDbLine
 10
-3.882338547327588
 20
54.93381253936445
 30
0.0
 11
-3.882338547327588
 21
54.6
 31
0.0
  0
LINE
  5
49B
330
1F
100
AcDbEntity
  8
AM_9
100
AcDbLine
 10
23.33773647410465
 20
54.9552222158603
 30
0.0
 11
23.33773647410465
 21
54.6
 31
0.0
  0
LINE
  5
49C
330
1F
100
AcDbEntity
  8
AM_9
100
AcDbLine
 10
16.42101880149229
 20
54.9552222158603
 30
0.0
 11
16.42101880149228
 21
54.6
 31
0.0
  0
LINE
  5
49D
330
1F
100
AcDbEntity
  8
AM_9
100
AcDbLine
 10
-3.998263525895349
 20
54.9552222158603
 30
0.0
 11
-3.998263525895348
 21
54.6
 31
0.0
  0
LINE
  5
49E
330
1F
100
AcDbEntity
  8
AM_9
100
AcDbLine
 10
-10.91498119850772
 20
54.9552222158603
 30
0.0
 11
-10.91498119850772
 21
54.6
 31
0.0
  0
LINE
  5
49F
330
1F
100
AcDbEntity
  8
AM_9
100
AcDbLine
 10
-16.08989901702686
 20
56.10938219295734
 30
0.0
 11
-16.08989901702685
 21
54.6
 31
0.0
  0
LINE
  5
4A0
330
1F
100
AcDbEntity
  8
AM_9
100
AcDbLine
 10
-14.4438143543767
 20
56.10938219295734
 30
0.0
 11
-14.81596230879769
 21
56.10938219295735
 31
0.0
  0
LINE
  5
4A1
330
1F
100
AcDbEntity
  8
AM_9
100
AcDbLine
 10
11.24610098297314
 20
56.10938219295735
 30
0.0
 11
11.24610098297315
 21
54.6
 31
0.0
  0
LINE
  5
4A2
330
1F
100
AcDbEntity
  8
AM_9
100
AcDbLine
 10
12.89218564562331
 20
56.10938219295735
 30
0.0
 11
12.52003769120259
 21
56.10938219295735
 31
0.0
  0
LINE
  5
4A3
330
1F
100
AcDbEntity
  8
AM_9
100
AcDbLine
 10
-4.421392637937348
 20
55.03336753507014
 30
0.0
 11
-4.421392637937348
 21
54.6
 31
0.0
  0
LINE
  5
4A4
330
1F
100
AcDbEntity
  8
AM_9
100
AcDbLine
 10
22.91460736206265
 20
55.03336753507014
 30
0.0
 11
22.91460736206265
 21
54.6
 31
0.0
  0
LINE
  5
4A5
330
1F
100
AcDbEntity
  8
AM_9
100
AcDbLine
 10
-4.537319285142165
 20
55.054777211566
 30
0.0
 11
-4.537319285142167
 21
54.6
 31
0.0
  0
LINE
  5
4A6
330
1F
100
AcDbEntity
  8
AM_9
100
AcDbLine
 10
-11.05942075387325
 20
55.054777211566
 30
0.0
 11
-11.05942075387325
 21
54.6
 31
0.0
  0
LINE
  5
4A7
330
1F
100
AcDbEntity
  8
AM_9
100
AcDbLine
 10
22.79868071485783
 20
55.054777211566
 30
0.0
 11
22.79868071485783
 21
54.6
 31
0.0
  0
LINE
  5
4A8
330
1F
100
AcDbEntity
  8
AM_9
100
AcDbLine
 10
16.27657924612675
 20
55.054777211566
 30
0.0
 11
16.27657924612675
 21
54.6
 31
0.0
  0
LINE
  5
4A9
330
1F
100
AcDbEntity
  8
AM_9
100
AcDbLine
 10
-16.01133287329523
 20
56.129186143716
 30
0.0
 11
-16.01133287329521
 21
54.6
 31
0.0
  0
LINE
  5
4AA
330
1F
100
AcDbEntity
  8
AM_9
100
AcDbLine
 10
-14.41505714989355
 20
56.129186143716
 30
0.0
 11
-14.78518255441177
 21
56.129186143716
 31
0.0
  0
LINE
  5
4AB
330
1F
100
AcDbEntity
  8
AM_9
100
AcDbLine
 10
-12.92094285010646
 20
56.129186143716
 30
0.0
 11
-12.92094285010647
 21
54.6
 31
0.0
  0
LINE
  5
4AC
330
1F
100
AcDbEntity
  8
AM_9
100
AcDbLine
 10
11.32466712670477
 20
56.129186143716
 30
0.0
 11
11.32466712670479
 21
54.6
 31
0.0
  0
LINE
  5
4AD
330
1F
100
AcDbEntity
  8
AM_9
100
AcDbLine
 10
12.92094285010647
 20
56.129186143716
 30
0.0
 11
12.55081744558841
 21
56.12918614371601
 31
0.0
  0
LINE
  5
4AE
330
1F
100
AcDbEntity
  8
AM_9
100
AcDbLine
 10
14.41505714989353
 20
56.129186143716
 30
0.0
 11
14.41505714989352
 21
54.6
 31
0.0
  0
LINE
  5
4AF
330
1F
100
AcDbEntity
  8
AM_9
100
AcDbLine
 10
22.37651102582413
 20
55.13274411680504
 30
0.0
 11
22.37651102582413
 21
54.6
 31
0.0
  0
LINE
  5
4B0
330
1F
100
AcDbEntity
  8
AM_9
100
AcDbLine
 10
-4.959488974175871
 20
55.13274411680504
 30
0.0
 11
-4.959488974175871
 21
54.6
 31
0.0
  0
LINE
  5
4B1
330
1F
100
AcDbEntity
  8
AM_9
100
AcDbLine
 10
22.26058239379791
 20
55.15415379330089
 30
0.0
 11
22.26058239379791
 21
54.6
 31
0.0
  0
LINE
  5
4B2
330
1F
100
AcDbEntity
  8
AM_9
100
AcDbLine
 10
22.60699999999999
 20
55.15415379330089
 30
0.0
 11
19.89111308794085
 21
55.15415379330089
 31
0.0
  0
LINE
  5
4B3
330
1F
100
AcDbEntity
  8
AM_9
100
AcDbLine
 10
16.13239623555021
 20
55.15415379330089
 30
0.0
 11
16.13239623555021
 21
54.6
 31
0.0
  0
LINE
  5
4B4
330
1F
100
AcDbEntity
  8
AM_9
100
AcDbLine
 10
-5.075417606202085
 20
55.15415379330089
 30
0.0
 11
-5.075417606202085
 21
54.6
 31
0.0
  0
LINE
  5
4B5
330
1F
100
AcDbEntity
  8
AM_9
100
AcDbLine
 10
-4.729000000000008
 20
55.15415379330089
 30
0.0
 11
-7.444886912059181
 21
55.1541537933009
 31
0.0
  0
LINE
  5
4B6
330
1F
100
AcDbEntity
  8
AM_9
100
AcDbLine
 10
-11.2036037644498
 20
55.15415379330089
 30
0.0
 11
-11.2036037644498
 21
54.6
 31
0.0
  0
LINE
  5
4B7
330
1F
100
AcDbEntity
  8
AM_9
100
AcDbLine
 10
-15.89701340728633
 20
56.158
 30
0.0
 11
-15.89701340728633
 21
54.6
 31
0.0
  0
LINE
  5
4B8
330
1F
100
AcDbEntity
  8
AM_9
100
AcDbLine
 10
11.26177180084591
 20
56.158
 30
0.0
 11
4.76372993890888
 21
54.61677588465901
 31
0.0
  0
LINE
  5
4B9
330
1F
100
AcDbEntity
  8
AM_9
100
AcDbLine
 10
11.43898659271367
 20
56.158
 30
0.0
 11
11.43898659271367
 21
54.6
 31
0.0
  0
LINE
  5
4BA
330
1F
100
AcDbEntity
  8
AM_9
100
AcDbLine
 10
-16.07422819915409
 20
56.158
 30
0.0
 11
-22.57227006109112
 21
54.61677588466587
 31
0.0
  0
LINE
  5
4BB
330
1F
100
AcDbEntity
  8
AM_9
100
AcDbLine
 10
21.83743868528547
 20
55.23229911251074
 30
0.0
 11
21.83743868528547
 21
54.6
 31
0.0
  0
LINE
  5
4BC
330
1F
100
AcDbEntity
  8
AM_9
100
AcDbLine
 10
-5.49856131471453
 20
55.23229911251074
 30
0.0
 11
-5.49856131471453
 21
54.6
 31
0.0
  0
LINE
  5
4BD
330
1F
100
AcDbEntity
  8
AM_9
100
AcDbLine
 10
-5.614492342150856
 20
55.25370878900659
 30
0.0
 11
-5.614492342150858
 21
54.6
 31
0.0
  0
LINE
  5
4BE
330
1F
100
AcDbEntity
  8
AM_9
100
AcDbLine
 10
-5.287000000000011
 20
55.25370878900659
 30
0.0
 11
-7.837924314954888
 21
55.25370878900659
 31
0.0
  0
LINE
  5
4BF
330
1F
100
AcDbEntity
  8
AM_9
100
AcDbLine
 10
-11.34804840460729
 20
55.25370878900659
 30
0.0
 11
-11.34804840460729
 21
54.6
 31
0.0
  0
LINE
  5
4C0
330
1F
100
AcDbEntity
  8
AM_9
100
AcDbLine
 10
21.72150765784914
 20
55.25370878900659
 30
0.0
 11
21.72150765784914
 21
54.6
 31
0.0
  0
LINE
  5
4C1
330
1F
100
AcDbEntity
  8
AM_9
100
AcDbLine
 10
22.04900000000001
 20
55.25370878900659
 30
0.0
 11
19.49807568504508
 21
55.25370878900659
 31
0.0
  0
LINE
  5
4C2
330
1F
100
AcDbEntity
  8
AM_9
100
AcDbLine
 10
15.98795159539271
 20
55.25370878900659
 30
0.0
 11
15.98795159539271
 21
54.6
 31
0.0
  0
LINE
  5
4C3
330
1F
100
AcDbEntity
  8
AM_9
100
AcDbLine
 10
-22.79359448360219
 20
54.61677588466587
 30
0.0
 11
-16.29555262166548
 21
56.158
 31
0.0
  0
LINE
  5
4C4
330
1F
100
AcDbEntity
  8
AM_9
100
AcDbLine
 10
-22.79359448360219
 20
54.61677588466587
 30
0.0
 11
-22.79359448360251
 21
54.6
 31
0.0
  0
LINE
  5
4C5
330
1F
100
AcDbEntity
  8
AM_9
100
AcDbLine
 10
4.542405516368543
 20
54.61677588465901
 30
0.0
 11
11.04044737833451
 21
56.158
 31
0.0
  0
LINE
  5
4C6
330
1F
100
AcDbEntity
  8
AM_9
100
AcDbLine
 10
4.542405516368543
 20
54.61677588465901
 30
0.0
 11
4.542405516397487
 21
54.6
 31
0.0
  0
LINE
  5
4C7
330
1F
100
AcDbEntity
  8
AM_9
100
AcDbLine
 10
21.29835429637732
 20
55.33185410821644
 30
0.0
 11
21.29835429637733
 21
54.6
 31
0.0
  0
LINE
  5
4C8
330
1F
100
AcDbEntity
  8
AM_9
100
AcDbLine
 10
19.79603265503716
 20
55.33185410821644
 30
0.0
 11
19.1882583584076
 21
55.33185410821644
 31
0.0
  0
LINE
  5
4C9
330
1F
100
AcDbEntity
  8
AM_9
100
AcDbLine
 10
-6.037645703622678
 20
55.33185410821644
 30
0.0
 11
-6.037645703622674
 21
54.6
 31
0.0
  0
LINE
  5
4CA
330
1F
100
AcDbEntity
  8
AM_9
100
AcDbLine
 10
-7.539967344962754
 20
55.33185410821644
 30
0.0
 11
-8.147741641592392
 21
55.33185410821644
 31
0.0
  0
LINE
  5
4CB
330
1F
100
AcDbEntity
  8
AM_9
100
AcDbLine
 10
21.18242034679994
 20
55.35326378471229
 30
0.0
 11
21.18242034679994
 21
54.6
 31
0.0
  0
LINE
  5
4CC
330
1F
100
AcDbEntity
  8
AM_9
100
AcDbLine
 10
19.70577837772239
 20
55.35326378471229
 30
0.0
 11
19.08792712216981
 21
55.35326378471228
 31
0.0
  0
LINE
  5
4CD
330
1F
100
AcDbEntity
  8
AM_9
100
AcDbLine
 10
15.84350358574721
 20
55.35326378471229
 30
0.0
 11
15.84350358574721
 21
54.6
 31
0.0
  0
LINE
  5
4CE
330
1F
100
AcDbEntity
  8
AM_9
100
AcDbLine
 10
-6.153579653200059
 20
55.35326378471229
 30
0.0
 11
-6.15357965320006
 21
54.6
 31
0.0
  0
LINE
  5
4CF
330
1F
100
AcDbEntity
  8
AM_9
100
AcDbLine
 10
-7.630221622277533
 20
55.35326378471229
 30
0.0
 11
-8.24807287783019
 21
55.35326378471229
 31
0.0
  0
LINE
  5
4D0
330
1F
100
AcDbEntity
  8
AM_9
100
AcDbLine
 10
-11.49249641425279
 20
55.35326378471229
 30
0.0
 11
-11.49249641425279
 21
54.6
 31
0.0
  0
LINE
  5
4D1
330
1F
100
AcDbEntity
  8
AM_9
100
AcDbLine
 10
-6.575778730320355
 20
55.43123068995133
 30
0.0
 11
-6.575778730320353
 21
54.6
 31
0.0
  0
LINE
  5
4D2
330
1F
100
AcDbEntity
  8
AM_9
100
AcDbLine
 10
-7.958904129634098
 20
55.43123068995133
 30
0.0
 11
-8.543411026473448
 21
55.43123068995133
 31
0.0
  0
LINE
  5
4D3
330
1F
100
AcDbEntity
  8
AM_9
100
AcDbLine
 10
20.76022126967965
 20
55.43123068995133
 30
0.0
 11
20.76022126967965
 21
54.6
 31
0.0
  0
LINE
  5
4D4
330
1F
100
AcDbEntity
  8
AM_9
100
AcDbLine
 10
19.37709587036582
 20
55.43123068995133
 30
0.0
 11
18.79258897352652
 21
55.43123068995133
 31
0.0
  0
LINE
  5
4D5
330
1F
100
AcDbEntity
  8
AM_9
100
AcDbLine
 10
20.64428371187314
 20
55.45264036644718
 30
0.0
 11
20.64428371187313
 21
54.6
 31
0.0
  0
LINE
  5
4D6
330
1F
100
AcDbEntity
  8
AM_9
100
AcDbLine
 10
15.69931030900097
 20
55.45264036644718
 30
0.0
 11
15.69931030900097
 21
54.6
 31
0.0
  0
LINE
  5
4D7
330
1F
100
AcDbEntity
  8
AM_9
100
AcDbLine
 10
-6.691716288126869
 20
55.45264036644718
 30
0.0
 11
-6.691716288126869
 21
54.6
 31
0.0
  0
LINE
  5
4D8
330
1F
100
AcDbEntity
  8
AM_9
100
AcDbLine
 10
-11.63668969099903
 20
55.45264036644718
 30
0.0
 11
-11.63668969099903
 21
54.6
 31
0.0
  0
LINE
  5
4D9
330
1F
100
AcDbEntity
  8
AM_9
100
AcDbLine
 10
20.22110373065139
 20
55.53078568565703
 30
0.0
 11
20.2211037306514
 21
54.6
 31
0.0
  0
LINE
  5
4DA
330
1F
100
AcDbEntity
  8
AM_9
100
AcDbLine
 10
18.95739016308838
 20
55.53078568565703
 30
0.0
 11
18.39431175245167
 21
55.53078568565703
 31
0.0
  0
LINE
  5
4DB
330
1F
100
AcDbEntity
  8
AM_9
100
AcDbLine
 10
-7.114896269348605
 20
55.53078568565703
 30
0.0
 11
-7.114896269348603
 21
54.6
 31
0.0
  0
LINE
  5
4DC
330
1F
100
AcDbEntity
  8
AM_9
100
AcDbLine
 10
-8.378609836911552
 20
55.53078568565703
 30
0.0
 11
-8.941688247548326
 21
55.53078568565703
 31
0.0
  0
LINE
  5
4DD
330
1F
100
AcDbEntity
  8
AM_9
100
AcDbLine
 10
20.10516162794971
 20
55.55219536215289
 30
0.0
 11
20.10516162794971
 21
54.6
 31
0.0
  0
LINE
  5
4DE
330
1F
100
AcDbEntity
  8
AM_9
100
AcDbLine
 10
18.86712867040241
 20
55.55219536215289
 30
0.0
 11
18.30841237748519
 21
55.55219536215289
 31
0.0
  0
LINE
  5
4DF
330
1F
100
AcDbEntity
  8
AM_9
100
AcDbLine
 10
15.55485298199191
 20
55.55219536215289
 30
0.0
 11
15.55485298199191
 21
54.6
 31
0.0
  0
LINE
  5
4E0
330
1F
100
AcDbEntity
  8
AM_9
100
AcDbLine
 10
-7.230838372050284
 20
55.55219536215288
 30
0.0
 11
-7.230838372050285
 21
54.6
 31
0.0
  0
LINE
  5
4E1
330
1F
100
AcDbEntity
  8
AM_9
100
AcDbLine
 10
-8.468871329597507
 20
55.55219536215288
 30
0.0
 11
-9.036680992925112
 21
55.55219536215288
 31
0.0
  0
LINE
  5
4E2
330
1F
100
AcDbEntity
  8
AM_9
100
AcDbLine
 10
-11.78114701800809
 20
55.55219536215289
 30
0.0
 11
-11.78114701800809
 21
54.6
 31
0.0
  0
LINE
  5
4E3
330
1F
100
AcDbEntity
  8
AM_9
100
AcDbLine
 10
-7.65403712234974
 20
55.63034068136273
 30
0.0
 11
-7.654037122349738
 21
54.6
 31
0.0
  0
LINE
  5
4E4
330
1F
100
AcDbEntity
  8
AM_9
100
AcDbLine
 10
-8.798332299895263
 20
55.63034068136273
 30
0.0
 11
-9.341862338951705
 21
55.63034068136272
 31
0.0
  0
LINE
  5
4E5
330
1F
100
AcDbEntity
  8
AM_9
100
AcDbLine
 10
19.68196287765025
 20
55.63034068136273
 30
0.0
 11
19.68196287765025
 21
54.6
 31
0.0
  0
LINE
  5
4E6
330
1F
100
AcDbEntity
  8
AM_9
100
AcDbLine
 10
18.53766770010469
 20
55.63034068136273
 30
0.0
 11
17.99413766104826
 21
55.63034068136272
 31
0.0
  0
LINE
  5
4E7
330
1F
100
AcDbEntity
  8
AM_9
100
AcDbLine
 10
-7.769985050343402
 20
55.65175035785858
 30
0.0
 11
-7.769985050343401
 21
54.6
 31
0.0
  0
LINE
  5
4E8
330
1F
100
AcDbEntity
  8
AM_9
100
AcDbLine
 10
-8.888597333273317
 20
55.65175035785858
 30
0.0
 11
-9.431363754167661
 21
55.65175035785858
 31
0.0
  0
LINE
  5
4E9
330
1F
100
AcDbEntity
  8
AM_9
100
AcDbLine
 10
-11.92561093505865
 20
55.65175035785858
 30
0.0
 11
-11.92561093505865
 21
54.6
 31
0.0
  0
LINE
  5
4EA
330
1F
100
AcDbEntity
  8
AM_9
100
AcDbLine
 10
19.5660149496566
 20
55.65175035785858
 30
0.0
 11
19.5660149496566
 21
54.6
 31
0.0
  0
LINE
  5
4EB
330
1F
100
AcDbEntity
  8
AM_9
100
AcDbLine
 10
18.44740266672662
 20
55.65175035785858
 30
0.0
 11
17.90463624583233
 21
55.65175035785859
 31
0.0
  0
LINE
  5
4EC
330
1F
100
AcDbEntity
  8
AM_9
100
AcDbLine
 10
15.41038906494135
 20
55.65175035785858
 30
0.0
 11
15.41038906494135
 21
54.6
 31
0.0
  0
LINE
  5
4ED
330
1F
100
AcDbEntity
  8
AM_9
100
AcDbLine
 10
19.14375816211258
 20
55.72971726309763
 30
0.0
 11
19.14375816211258
 21
54.6
 31
0.0
  0
LINE
  5
4EE
330
1F
100
AcDbEntity
  8
AM_9
100
AcDbLine
 10
18.11868142815325
 20
55.72971726309763
 30
0.0
 11
17.59880542120722
 21
55.72971726309763
 31
0.0
  0
LINE
  5
4EF
330
1F
100
AcDbEntity
  8
AM_9
100
AcDbLine
 10
-8.19224183788741
 20
55.72971726309763
 30
0.0
 11
-8.192241837887408
 21
54.6
 31
0.0
  0
LINE
  5
4F0
330
1F
100
AcDbEntity
  8
AM_9
100
AcDbLine
 10
-9.217318571846716
 20
55.72971726309763
 30
0.0
 11
-9.737194578792755
 21
55.72971726309763
 31
0.0
  0
LINE
  5
4F1
330
1F
100
AcDbEntity
  8
AM_9
100
AcDbLine
 10
19.02683630944886
 20
55.75130535356427
 30
0.0
 11
19.02683630944886
 21
54.6
 31
0.0
  0
LINE
  5
4F2
330
1F
100
AcDbEntity
  8
AM_9
100
AcDbLine
 10
15.26591658372157
 20
55.75130535356428
 30
0.0
 11
15.26591658372157
 21
54.6
 31
0.0
  0
LINE
  5
4F3
330
1F
100
AcDbEntity
  8
AM_9
100
AcDbLine
 10
-8.309163690551134
 20
55.75130535356427
 30
0.0
 11
-8.309163690551133
 21
54.6
 31
0.0
  0
LINE
  5
4F4
330
1F
100
AcDbEntity
  8
AM_9
100
AcDbLine
 10
-12.07008341627842
 20
55.75130535356427
 30
0.0
 11
-12.07008341627842
 21
54.6
 31
0.0
  0
LINE
  5
4F5
330
1F
100
AcDbEntity
  8
AM_9
100
AcDbLine
 10
-8.731452710968389
 20
55.82927225880332
 30
0.0
 11
-8.731452710968389
 21
54.6
 31
0.0
  0
LINE
  5
4F6
330
1F
100
AcDbEntity
  8
AM_9
100
AcDbLine
 10
-9.63707118589005
 20
55.82927225880332
 30
0.0
 11
-10.12450738993186
 21
55.82927225880333
 31
0.0
  0
LINE
  5
4F7
330
1F
100
AcDbEntity
  8
AM_9
100
AcDbLine
 10
18.60454728903161
 20
55.82927225880332
 30
0.0
 11
18.60454728903161
 21
54.6
 31
0.0
  0
LINE
  5
4F8
330
1F
100
AcDbEntity
  8
AM_9
100
AcDbLine
 10
17.69892881410989
 20
55.82927225880333
 30
0.0
 11
17.21149261006813
 21
55.82927225880333
 31
0.0
  0
LINE
  5
4F9
330
1F
100
AcDbEntity
  8
AM_9
100
AcDbLine
 10
18.48858146269104
 20
55.85068193529918
 30
0.0
 11
18.48858146269104
 21
54.6
 31
0.0
  0
LINE
  5
4FA
330
1F
100
AcDbEntity
  8
AM_9
100
AcDbLine
 10
15.12169163221068
 20
55.85068193529918
 30
0.0
 11
15.12169163221068
 21
54.6
 31
0.0
  0
LINE
  5
4FB
330
1F
100
AcDbEntity
  8
AM_9
100
AcDbLine
 10
-8.847418537308945
 20
55.85068193529918
 30
0.0
 11
-8.847418537308945
 21
54.6
 31
0.0
  0
LINE
  5
4FC
330
1F
100
AcDbEntity
  8
AM_9
100
AcDbLine
 10
-12.21430836778932
 20
55.85068193529918
 30
0.0
 11
-12.21430836778932
 21
54.6
 31
0.0
  0
LINE
  5
4FD
330
1F
100
AcDbEntity
  8
AM_9
100
AcDbLine
 10
18.07591326191779
 20
55.92686470083023
 30
0.0
 11
18.07591326191779
 21
54.6
 31
0.0
  0
LINE
  5
4FE
330
1F
100
AcDbEntity
  8
AM_9
100
AcDbLine
 10
17.28744111149623
 20
55.92686470083024
 30
0.0
 11
16.8284547397781
 21
55.92686470083024
 31
0.0
  0
LINE
  5
4FF
330
1F
100
AcDbEntity
  8
AM_9
100
AcDbLine
 10
-9.260086738082205
 20
55.92686470083023
 30
0.0
 11
-9.260086738082203
 21
54.6
 31
0.0
  0
LINE
  5
500
330
1F
100
AcDbEntity
  8
AM_9
100
AcDbLine
 10
-10.04855888850372
 20
55.92686470083023
 30
0.0
 11
-10.50754526022192
 21
55.92686470083024
 31
0.0
  0
LINE
  5
501
330
1F
100
AcDbEntity
  8
AM_9
100
AcDbLine
 10
-9.376066535292548
 20
55.94827437732609
 30
0.0
 11
-9.376066535292548
 21
54.6
 31
0.0
  0
LINE
  5
502
330
1F
100
AcDbEntity
  8
AM_9
100
AcDbLine
 10
-10.13883105026654
 20
55.94827437732608
 30
0.0
 11
-10.60709700224611
 21
55.94827437732608
 31
0.0
  0
LINE
  5
503
330
1F
100
AcDbEntity
  8
AM_9
100
AcDbLine
 10
-12.35595917192935
 20
55.94827437732609
 30
0.0
 11
-12.35595917192935
 21
54.6
 31
0.0
  0
LINE
  5
504
330
1F
100
AcDbEntity
  8
AM_9
100
AcDbLine
 10
17.95993346470744
 20
55.94827437732609
 30
0.0
 11
17.95993346470744
 21
54.6
 31
0.0
  0
LINE
  5
505
330
1F
100
AcDbEntity
  8
AM_9
100
AcDbLine
 10
17.19716894973344
 20
55.94827437732608
 30
0.0
 11
16.72890299775388
 21
55.94827437732609
 31
0.0
  0
LINE
  5
506
330
1F
100
AcDbEntity
  8
AM_9
100
AcDbLine
 10
14.98004082807065
 20
55.94827437732609
 30
0.0
 11
14.98004082807065
 21
54.6
 31
0.0
  0
LINE
  5
507
330
1F
100
AcDbEntity
  8
AM_9
100
AcDbLine
 10
-13.40145721237164
 20
55.66
 30
0.0
 11
-13.40145721237164
 21
56.158
 31
0.0
  0
LINE
  5
508
330
1F
100
AcDbEntity
  8
AM_9
100
AcDbLine
 10
13.93454278762837
 20
55.66
 30
0.0
 11
13.93454278762837
 21
56.158
 31
0.0
  0
LINE
  5
509
330
1F
100
AcDbEntity
  8
AM_9
100
AcDbLine
 10
13.35785612984123
 20
55.66
 30
0.0
 11
13.35785612984123
 21
56.158
 31
0.0
  0
LINE
  5
50A
330
1F
100
AcDbEntity
  8
AM_9
100
AcDbLine
 10
-13.97814387015878
 20
55.66
 30
0.0
 11
-13.97814387015878
 21
56.158
 31
0.0
  0
LINE
  5
50B
330
1F
100
AcDbEntity
  8
AM_9
100
AcDbLine
 10
-9.810060525925428
 20
56.02838225021472
 30
0.0
 11
-9.810060525925424
 21
54.6
 31
0.0
  0
LINE
  5
50C
330
1F
100
AcDbEntity
  8
AM_9
100
AcDbLine
 10
-10.47659824361793
 20
56.02838225021473
 30
0.0
 11
-10.9096749674823
 21
56.02838225021472
 31
0.0
  0
LINE
  5
50D
330
1F
100
AcDbEntity
  8
AM_9
100
AcDbLine
 10
17.52593947407457
 20
56.02838225021472
 30
0.0
 11
17.52593947407457
 21
54.6
 31
0.0
  0
LINE
  5
50E
330
1F
100
AcDbEntity
  8
AM_9
100
AcDbLine
 10
16.85940175638206
 20
56.02838225021473
 30
0.0
 11
16.42632503251771
 21
56.02838225021472
 31
0.0
  0
LINE
  5
50F
330
1F
100
AcDbEntity
  8
AM_9
100
AcDbLine
 10
-9.926061404976606
 20
56.04979192671057
 30
0.0
 11
-9.926061404976608
 21
54.6
 31
0.0
  0
LINE
  5
510
330
1F
100
AcDbEntity
  8
AM_9
100
AcDbLine
 10
-10.56686903173295
 20
56.04979192671057
 30
0.0
 11
-11.00972119075707
 21
56.04979192671056
 31
0.0
  0
LINE
  5
511
330
1F
100
AcDbEntity
  8
AM_9
100
AcDbLine
 10
-12.50332985310246
 20
56.04979192671057
 30
0.0
 11
-12.50332985310246
 21
54.6
 31
0.0
  0
LINE
  5
512
330
1F
100
AcDbEntity
  8
AM_9
100
AcDbLine
 10
17.40993859502339
 20
56.04979192671056
 30
0.0
 11
17.40993859502339
 21
54.6
 31
0.0
  0
LINE
  5
513
330
1F
100
AcDbEntity
  8
AM_9
100
AcDbLine
 10
16.76913096826706
 20
56.04979192671057
 30
0.0
 11
16.32627880924293
 21
56.04979192671056
 31
0.0
  0
LINE
  5
514
330
1F
100
AcDbEntity
  8
AM_9
100
AcDbLine
 10
14.83267014689754
 20
56.04979192671057
 30
0.0
 11
14.83267014689754
 21
54.6
 31
0.0
  0
LINE
  5
515
330
1F
100
AcDbEntity
  8
AM_9
100
AcDbLine
 10
-10.24896220608507
 20
56.10938219295735
 30
0.0
 11
-10.24896220608506
 21
54.6
 31
0.0
  0
LINE
  5
516
330
1F
100
AcDbEntity
  8
AM_9
100
AcDbLine
 10
-10.81811727505018
 20
56.10938219295735
 30
0.0
 11
-11.23331418693994
 21
56.10938219295734
 31
0.0
  0
LINE
  5
517
330
1F
100
AcDbEntity
  8
AM_9
100
AcDbLine
 10
17.08703779391493
 20
56.10938219295735
 30
0.0
 11
17.08703779391493
 21
54.6
 31
0.0
  0
LINE
  5
518
330
1F
100
AcDbEntity
  8
AM_9
100
AcDbLine
 10
16.51788272494981
 20
56.10938219295735
 30
0.0
 11
16.10268581306003
 21
56.10938219295735
 31
0.0
  0
LINE
  5
519
330
1F
100
AcDbEntity
  8
AM_9
100
AcDbLine
 10
16.97971444570013
 20
56.12918614371601
 30
0.0
 11
16.97971444570013
 21
54.6
 31
0.0
  0
LINE
  5
51A
330
1F
100
AcDbEntity
  8
AM_9
100
AcDbLine
 10
16.43438669947337
 20
56.12918614371601
 30
0.0
 11
16.0113328732952
 21
56.12918614371601
 31
0.0
  0
LINE
  5
51B
330
1F
100
AcDbEntity
  8
AM_9
100
AcDbLine
 10
14.71739193352201
 20
56.12918614371601
 30
0.0
 11
14.71739193352201
 21
54.6
 31
0.0
  0
LINE
  5
51C
330
1F
100
AcDbEntity
  8
AM_9
100
AcDbLine
 10
-10.35628555429987
 20
56.12918614371601
 30
0.0
 11
-10.35628555429987
 21
54.6
 31
0.0
  0
LINE
  5
51D
330
1F
100
AcDbEntity
  8
AM_9
100
AcDbLine
 10
-10.915
 20
56.12918614371601
 30
0.0
 11
-11.32466712670479
 21
56.12918614371601
 31
0.0
  0
LINE
  5
51E
330
1F
100
AcDbEntity
  8
AM_9
100
AcDbLine
 10
-12.61860806647799
 20
56.12918614371601
 30
0.0
 11
-12.61860806647799
 21
54.6
 31
0.0
  0
LINE
  5
51F
330
1F
100
AcDbEntity
  8
AM_9
100
AcDbLine
 10
25.94212131688895
 20
54.61677588466134
 30
0.0
 11
17.06563105860266
 21
56.158
 31
0.0
  0
LINE
  5
520
330
1F
100
AcDbEntity
  8
AM_9
100
AcDbLine
 10
16.82355115098493
 20
56.158
 30
0.0
 11
16.82355115098493
 21
54.6
 31
0.0
  0
LINE
  5
521
330
1F
100
AcDbEntity
  8
AM_9
100
AcDbLine
 10
-10.51244884901507
 20
56.158
 30
0.0
 11
-10.51244884901507
 21
54.6
 31
0.0
  0
LINE
  5
522
330
1F
100
AcDbEntity
  8
AM_9
100
AcDbLine
 10
-1.393878683176317
 20
54.61677588467271
 30
0.0
 11
-10.27036894139733
 21
56.158
 31
0.0
  0
LINE
  5
523
330
1F
100
AcDbEntity
  8
AM_9
100
AcDbLine
 10
-10.72703365365746
 20
55.66
 30
0.0
 11
-10.72703365365746
 21
56.158
 31
0.0
  0
LINE
  5
524
330
1F
100
AcDbEntity
  8
AM_9
100
AcDbLine
 10
-13.03781966513138
 20
55.66
 30
0.0
 11
-13.03781966513138
 21
56.158
 31
0.0
  0
LINE
  5
525
330
1F
100
AcDbEntity
  8
AM_9
100
AcDbLine
 10
16.62896634634254
 20
55.66
 30
0.0
 11
16.62896634634254
 21
56.158
 31
0.0
  0
LINE
  5
526
330
1F
100
AcDbEntity
  8
AM_9
100
AcDbLine
 10
14.31818033486863
 20
55.66
 30
0.0
 11
14.31818033486863
 21
56.158
 31
0.0
  0
LINE
  5
527
330
1F
100
AcDbEntity
  8
AM_9
100
AcDbLine
 10
16.56880801131343
 20
55.66
 30
0.0
 11
16.56880801131343
 21
56.158
 31
0.0
  0
LINE
  5
528
330
1F
100
AcDbEntity
  8
AM_9
100
AcDbLine
 10
-10.78719198868657
 20
55.66
 30
0.0
 11
-10.78719198868657
 21
56.158
 31
0.0
  0
LINE
  5
529
330
1F
100
AcDbEntity
  8
AM_9
100
AcDbLine
 10
-5.247796250973344
 20
55.30010567633191
 30
0.0
 11
-1.31286832201954
 21
54.61677588467271
 31
0.0
  0
LINE
  5
52A
330
1F
100
AcDbEntity
  8
AM_0
100
AcDbLine
 10
-10.18935858028025
 20
56.158
 30
0.0
 11
-5.247796250973344
 21
55.30010567633191
 31
0.0
  0
LINE
  5
52B
330
1F
100
AcDbEntity
  8
AM_9
100
AcDbLine
 10
-1.31286832201954
 20
54.61677588467271
 30
0.0
 11
-1.31286832201954
 21
54.6
 31
0.0
  0
LINE
  5
52C
330
1F
100
AcDbEntity
  8
AM_9
100
AcDbLine
 10
22.08820374899119
 20
55.30010567633806
 30
0.0
 11
26.02313167798046
 21
54.61677588466134
 31
0.0
  0
LINE
  5
52D
330
1F
100
AcDbEntity
  8
AM_0
100
AcDbLine
 10
17.14664141971975
 20
56.158
 30
0.0
 11
22.08820374899119
 21
55.30010567633806
 31
0.0
  0
LINE
  5
52E
330
1F
100
AcDbEntity
  8
AM_9
100
AcDbLine
 10
26.02313167798046
 20
54.61677588466134
 30
0.0
 11
26.02313167798046
 21
54.6
 31
0.0
  0
LINE
  5
52F
330
1F
100
AcDbEntity
  8
AM_9
100
AcDbLine
 10
-16.63276537782417
 20
55.66
 30
0.0
 11
-16.63276537782417
 21
56.158
 31
0.0
  0
LINE
  5
530
330
1F
100
AcDbEntity
  8
AM_9
100
AcDbLine
 10
-14.4012652655626
 20
55.66
 30
0.0
 11
-14.4012652655626
 21
56.158
 31
0.0
  0
LINE
  5
531
330
1F
100
AcDbEntity
  8
AM_9
100
AcDbLine
 10
10.70323462217583
 20
55.66
 30
0.0
 11
10.70323462217583
 21
56.158
 31
0.0
  0
LINE
  5
532
330
1F
100
AcDbEntity
  8
AM_9
100
AcDbLine
 10
12.93473473443741
 20
55.66
 30
0.0
 11
12.93473473443741
 21
56.158
 31
0.0
  0
LINE
  5
533
330
1F
100
AcDbEntity
  8
AM_9
100
AcDbLine
 10
-16.57212022657867
 20
55.66
 30
0.0
 11
-16.57212022657867
 21
56.158
 31
0.0
  0
LINE
  5
534
330
1F
100
AcDbEntity
  8
AM_9
100
AcDbLine
 10
10.70323462217583
 20
55.66
 30
0.0
 11
13.40145721237163
 21
55.66
 31
0.0
  0
LINE
  5
535
330
1F
100
AcDbEntity
  8
AM_9
100
AcDbLine
 10
10.76387977342133
 20
55.66
 30
0.0
 11
10.76387977342133
 21
56.158
 31
0.0
  0
LINE
  5
536
330
1F
100
AcDbEntity
  8
AM_9
100
AcDbLine
 10
-1.531000000000003
 20
5.742082579046519
 30
0.0
 11
-5.750000000000001
 21
5.742082579046524
 31
0.0
  0
LINE
  5
537
330
1F
100
AcDbEntity
  8
AM_9
100
AcDbLine
 10
5.749999999999996
 20
5.742082579046525
 30
0.0
 11
1.530999999999999
 21
5.742082579046524
 31
0.0
  0
LINE
  5
538
330
1F
100
AcDbEntity
  8
AM_9
100
AcDbLine
 10
-12.36489283961134
 20
55.66
 30
0.0
 11
-12.36489283961134
 21
56.158
 31
0.0
  0
LINE
  5
539
330
1F
100
AcDbEntity
  8
AM_9
100
AcDbLine
 10
-13.38877459923175
 20
55.66
 30
0.0
 11
-13.38877459923175
 21
56.158
 31
0.0
  0
LINE
  5
53A
330
1F
100
AcDbEntity
  8
AM_9
100
AcDbLine
 10
14.97110716038866
 20
55.66
 30
0.0
 11
14.97110716038866
 21
56.158
 31
0.0
  0
LINE
  5
53B
330
1F
100
AcDbEntity
  8
AM_9
100
AcDbLine
 10
13.94722540076825
 20
55.66
 30
0.0
 11
13.94722540076825
 21
56.158
 31
0.0
  0
LINE
  5
53C
330
1F
100
AcDbEntity
  8
AM_9
100
AcDbLine
 10
-12.42408087891418
 20
55.66
 30
0.0
 11
-12.42408087891418
 21
56.158
 31
0.0
  0
LINE
  5
53D
330
1F
100
AcDbEntity
  8
AM_9
100
AcDbLine
 10
14.91191912108583
 20
55.66
 30
0.0
 11
14.91191912108583
 21
56.158
 31
0.0
  0
LINE
  5
53E
330
1F
100
AcDbEntity
  8
AM_9
100
AcDbLine
 10
12.35434777221449
 20
55.66
 30
0.0
 11
12.35434777221449
 21
56.158
 31
0.0
  0
LINE
  5
53F
330
1F
100
AcDbEntity
  8
AM_9
100
AcDbLine
 10
13.34309889420965
 20
55.66
 30
0.0
 11
13.34309889420965
 21
56.158
 31
0.0
  0
LINE
  5
540
330
1F
100
AcDbEntity
  8
AM_9
100
AcDbLine
 10
-14.9816522277855
 20
55.66
 30
0.0
 11
-14.9816522277855
 21
56.158
 31
0.0
  0
LINE
  5
541
330
1F
100
AcDbEntity
  8
AM_9
100
AcDbLine
 10
-13.99290110579036
 20
55.66
 30
0.0
 11
-13.99290110579036
 21
56.158
 31
0.0
  0
LINE
  5
542
330
1F
100
AcDbEntity
  8
AM_9
100
AcDbLine
 10
12.41401477585926
 20
55.66
 30
0.0
 11
12.41401477585926
 21
56.158
 31
0.0
  0
LINE
  5
543
330
1F
100
AcDbEntity
  8
AM_9
100
AcDbLine
 10
-14.92198522414074
 20
55.66
 30
0.0
 11
-14.92198522414074
 21
56.158
 31
0.0
  0
LWPOLYLINE
  5
544
330
1F
100
AcDbEntity
  8
AM_9
100
AcDbPolyline
 90
        3
 70
     0
 43
0.0
 10
1.335684870017688
 20
5.747
 10
1.523076737330017
 20
5.742098610126042
 10
1.530999999999999
 20
5.742082579046524
  0
LINE
  5
545
330
1F
100
AcDbEntity
  8
AM_9
100
AcDbLine
 10
-1.335684870017687
 20
5.747
 30
0.0
 11
1.335684870017688
 21
5.747
 31
0.0
  0
LINE
  5
546
330
1F
100
AcDbEntity
  8
AM_9
100
AcDbLine
 10
-1.531000000000003
 20
5.742082579046519
 30
0.0
 11
-1.335684870017687
 21
5.747
 31
0.0
  0
LINE
  5
547
330
1F
100
AcDbEntity
  8
AM_9
100
AcDbLine
 10
-12.3543477722145
 20
55.66
 30
0.0
 11
-12.3543477722145
 21
56.158
 31
0.0
  0
LINE
  5
548
330
1F
100
AcDbEntity
  8
AM_9
100
AcDbLine
 10
14.9816522277855
 20
55.66
 30
0.0
 11
14.9816522277855
 21
56.158
 31
0.0
  0
LINE
  5
549
330
1F
100
AcDbEntity
  8
AM_9
100
AcDbLine
 10
12.36489283961133
 20
55.66
 30
0.0
 11
12.36489283961133
 21
56.158
 31
0.0
  0
LINE
  5
54A
330
1F
100
AcDbEntity
  8
AM_9
100
AcDbLine
 10
-14.97110716038866
 20
55.66
 30
0.0
 11
-14.97110716038866
 21
56.158
 31
0.0
  0
LINE
  5
54B
330
1F
100
AcDbEntity
  8
AM_9
100
AcDbLine
 10
-15.665
 20
55.818
 30
0.0
 11
-15.665
 21
56.158
 31
0.0
  0
LINE
  5
54C
330
1F
100
AcDbEntity
  8
AM_9
100
AcDbLine
 10
-15.29
 20
55.818
 30
0.0
 11
-15.29
 21
56.158
 31
0.0
  0
LINE
  5
54D
330
1F
100
AcDbEntity
  8
AM_9
100
AcDbLine
 10
-16.085
 20
55.818
 30
0.0
 11
-16.085
 21
56.158
 31
0.0
  0
LINE
  5
54E
330
1F
100
AcDbEntity
  8
AM_9
100
AcDbLine
 10
-16.46
 20
56.158
 30
0.0
 11
-16.46
 21
55.818
 31
0.0
  0
LINE
  5
54F
330
1F
100
AcDbEntity
  8
AM_9
100
AcDbLine
 10
-16.46
 20
55.818
 30
0.0
 11
-15.29
 21
55.818
 31
0.0
  0
LINE
  5
550
330
1F
100
AcDbEntity
  8
AM_9
100
AcDbLine
 10
-11.335
 20
55.818
 30
0.0
 11
-11.335
 21
56.158
 31
0.0
  0
LINE
  5
551
330
1F
100
AcDbEntity
  8
AM_9
100
AcDbLine
 10
-11.71
 20
56.158
 30
0.0
 11
-11.71
 21
55.818
 31
0.0
  0
LINE
  5
552
330
1F
100
AcDbEntity
  8
AM_9
100
AcDbLine
 10
15.665
 20
55.818
 30
0.0
 11
15.665
 21
56.158
 31
0.0
  0
LINE
  5
553
330
1F
100
AcDbEntity
  8
AM_9
100
AcDbLine
 10
15.29
 20
56.158
 30
0.0
 11
15.29
 21
55.818
 31
0.0
  0
LINE
  5
554
330
1F
100
AcDbEntity
  8
AM_9
100
AcDbLine
 10
11.335
 20
55.818
 30
0.0
 11
11.335
 21
56.158
 31
0.0
  0
LINE
  5
555
330
1F
100
AcDbEntity
  8
AM_9
100
AcDbLine
 10
10.54
 20
55.818
 30
0.0
 11
11.71
 21
55.818
 31
0.0
  0
LINE
  5
556
330
1F
100
AcDbEntity
  8
AM_9
100
AcDbLine
 10
11.71
 20
55.818
 30
0.0
 11
11.71
 21
56.158
 31
0.0
  0
LINE
  5
557
330
1F
100
AcDbEntity
  8
AM_9
100
AcDbLine
 10
15.29
 20
55.818
 30
0.0
 11
16.46
 21
55.818
 31
0.0
  0
LINE
  5
558
330
1F
100
AcDbEntity
  8
AM_9
100
AcDbLine
 10
16.085
 20
55.818
 30
0.0
 11
16.085
 21
56.158
 31
0.0
  0
LINE
  5
559
330
1F
100
AcDbEntity
  8
AM_9
100
AcDbLine
 10
16.46
 20
55.818
 30
0.0
 11
16.46
 21
56.158
 31
0.0
  0
LINE
  5
55A
330
1F
100
AcDbEntity
  8
AM_9
100
AcDbLine
 10
-10.915
 20
55.818
 30
0.0
 11
-10.915
 21
56.158
 31
0.0
  0
LINE
  5
55B
330
1F
100
AcDbEntity
  8
AM_9
100
AcDbLine
 10
-11.71
 20
55.818
 30
0.0
 11
-10.54
 21
55.818
 31
0.0
  0
LINE
  5
55C
330
1F
100
AcDbEntity
  8
AM_9
100
AcDbLine
 10
-10.54
 20
55.818
 30
0.0
 11
-10.54
 21
56.158
 31
0.0
  0
LINE
  5
55D
330
1F
100
AcDbEntity
  8
AM_9
100
AcDbLine
 10
10.915
 20
55.818
 30
0.0
 11
10.915
 21
56.158
 31
0.0
  0
LINE
  5
55E
330
1F
100
AcDbEntity
  8
AM_9
100
AcDbLine
 10
10.54
 20
56.158
 30
0.0
 11
10.54
 21
55.818
 31
0.0
  0
LINE
  5
55F
330
1F
100
AcDbEntity
  8
AM_9
100
AcDbLine
 10
16.63276537782416
 20
55.66
 30
0.0
 11
16.63276537782416
 21
56.158
 31
0.0
  0
LINE
  5
560
330
1F
100
AcDbEntity
  8
AM_9
100
AcDbLine
 10
-10.70323462217584
 20
55.66
 30
0.0
 11
-10.70323462217584
 21
56.158
 31
0.0
  0
LINE
  5
561
330
1F
100
AcDbEntity
  8
AM_9
100
AcDbLine
 10
-16.90456151210202
 20
56.158
 30
0.0
 11
-16.90456151210202
 21
54.6
 31
0.0
  0
LINE
  5
562
330
1F
100
AcDbEntity
  8
AM_9
100
AcDbLine
 10
-16.11833782979771
 20
56.158
 30
0.0
 11
-16.11833782979771
 21
54.6
 31
0.0
  0
LINE
  5
563
330
1F
100
AcDbEntity
  8
AM_9
100
AcDbLine
 10
-16.9805
 20
56.158
 30
0.0
 11
-16.9805
 21
54.6
 31
0.0
  0
LINE
  5
564
330
1F
100
AcDbEntity
  8
AM_9
100
AcDbLine
 10
10.43143848789798
 20
56.158
 30
0.0
 11
10.43143848789798
 21
54.6
 31
0.0
  0
LINE
  5
565
330
1F
100
AcDbEntity
  8
AM_9
100
AcDbLine
 10
11.21766217020227
 20
56.158
 30
0.0
 11
11.21766217020227
 21
54.6
 31
0.0
  0
LINE
  5
566
330
1F
100
AcDbEntity
  8
AM_9
100
AcDbLine
 10
10.3555
 20
56.158
 30
0.0
 11
10.3555
 21
54.6
 31
0.0
  0
LINE
  5
567
330
1F
100
AcDbEntity
  8
AM_9
100
AcDbLine
 10
10.72703365365745
 20
55.66
 30
0.0
 11
10.72703365365745
 21
56.158
 31
0.0
  0
LINE
  5
568
330
1F
100
AcDbEntity
  8
AM_9
100
AcDbLine
 10
-16.60896634634254
 20
55.66
 30
0.0
 11
-16.60896634634254
 21
56.158
 31
0.0
  0
LINE
  5
569
330
1F
100
AcDbEntity
  8
AM_9
100
AcDbLine
 10
-17.06072480681722
 20
56.12918614371601
 30
0.0
 11
-17.06072480681722
 21
54.6
 31
0.0
  0
LINE
  5
56A
330
1F
100
AcDbEntity
  8
AM_9
100
AcDbLine
 10
-16.2326572958066
 20
56.12918614371601
 30
0.0
 11
-16.2326572958066
 21
54.6
 31
0.0
  0
LINE
  5
56B
330
1F
100
AcDbEntity
  8
AM_9
100
AcDbLine
 10
-17.142
 20
56.12918614371601
 30
0.0
 11
-17.142
 21
54.6
 31
0.0
  0
LINE
  5
56C
330
1F
100
AcDbEntity
  8
AM_9
100
AcDbLine
 10
10.27527519318276
 20
56.129186143716
 30
0.0
 11
10.27527519318278
 21
54.6
 31
0.0
  0
LINE
  5
56D
330
1F
100
AcDbEntity
  8
AM_9
100
AcDbLine
 10
11.10334270419338
 20
56.129186143716
 30
0.0
 11
11.1033427041934
 21
54.6
 31
0.0
  0
LINE
  5
56E
330
1F
100
AcDbEntity
  8
AM_9
100
AcDbLine
 10
10.194
 20
56.129186143716
 30
0.0
 11
10.194
 21
54.6
 31
0.0
  0
LINE
  5
56F
330
1F
100
AcDbEntity
  8
AM_9
100
AcDbLine
 10
-17.16804815503202
 20
56.10938219295735
 30
0.0
 11
-17.16804815503203
 21
54.6
 31
0.0
  0
LINE
  5
570
330
1F
100
AcDbEntity
  8
AM_9
100
AcDbLine
 10
-16.31122343953824
 20
56.10938219295735
 30
0.0
 11
-16.31122343953824
 21
54.6
 31
0.0
  0
LINE
  5
571
330
1F
100
AcDbEntity
  8
AM_9
100
AcDbLine
 10
-17.253
 20
56.10938219295735
 30
0.0
 11
-17.253
 21
54.6
 31
0.0
  0
LINE
  5
572
330
1F
100
AcDbEntity
  8
AM_9
100
AcDbLine
 10
10.16795184496798
 20
56.10938219295735
 30
0.0
 11
10.27527519318276
 21
56.129186143716
 31
0.0
  0
LINE
  5
573
330
1F
100
AcDbEntity
  8
AM_9
100
AcDbLine
 10
10.3555
 20
56.129186143716
 30
0.0
 11
10.19399999999998
 21
56.129186143716
 31
0.0
  0
LINE
  5
574
330
1F
100
AcDbEntity
  8
AM_9
100
AcDbLine
 10
10.19399999999998
 20
56.129186143716
 30
0.0
 11
10.083
 21
56.10938219295735
 31
0.0
  0
LINE
  5
575
330
1F
100
AcDbEntity
  8
AM_9
100
AcDbLine
 10
-17.16804815503202
 20
56.10938219295735
 30
0.0
 11
-17.06072480681722
 21
56.12918614371601
 31
0.0
  0
LINE
  5
576
330
1F
100
AcDbEntity
  8
AM_9
100
AcDbLine
 10
-16.9805
 20
56.12918614371601
 30
0.0
 11
-17.142
 21
56.12918614371601
 31
0.0
  0
LINE
  5
577
330
1F
100
AcDbEntity
  8
AM_9
100
AcDbLine
 10
-17.08703779391494
 20
56.10938219295735
 30
0.0
 11
-17.25299999999999
 21
56.10938219295735
 31
0.0
  0
LINE
  5
578
330
1F
100
AcDbEntity
  8
AM_9
100
AcDbLine
 10
-17.142
 20
56.12918614371601
 30
0.0
 11
-17.253
 21
56.10938219295735
 31
0.0
  0
LINE
  5
579
330
1F
100
AcDbEntity
  8
AM_9
100
AcDbLine
 10
10.16795184496798
 20
56.10938219295735
 30
0.0
 11
10.16795184496797
 21
54.6
 31
0.0
  0
LINE
  5
57A
330
1F
100
AcDbEntity
  8
AM_9
100
AcDbLine
 10
11.02477656046176
 20
56.10938219295735
 30
0.0
 11
11.02477656046175
 21
54.6
 31
0.0
  0
LINE
  5
57B
330
1F
100
AcDbEntity
  8
AM_9
100
AcDbLine
 10
10.24896220608506
 20
56.10938219295735
 30
0.0
 11
10.08300000000001
 21
56.10938219295735
 31
0.0
  0
LINE
  5
57C
330
1F
100
AcDbEntity
  8
AM_9
100
AcDbLine
 10
10.08299999999999
 20
56.10938219295735
 30
0.0
 11
10.08299999999999
 21
54.6
 31
0.0
  0
LINE
  5
57D
330
1F
100
AcDbEntity
  8
AM_9
100
AcDbLine
 10
-17.4909489561405
 20
56.04979192671056
 30
0.0
 11
-17.49094895614049
 21
54.6
 31
0.0
  0
LINE
  5
57E
330
1F
100
AcDbEntity
  8
AM_9
100
AcDbLine
 10
-16.54760323175434
 20
56.04979192671056
 30
0.0
 11
-16.54760323175433
 21
54.6
 31
0.0
  0
LINE
  5
57F
330
1F
100
AcDbEntity
  8
AM_9
100
AcDbLine
 10
-17.587
 20
56.04979192671056
 30
0.0
 11
-17.587
 21
54.6
 31
0.0
  0
LINE
  5
580
330
1F
100
AcDbEntity
  8
AM_9
100
AcDbLine
 10
9.845051043859543
 20
56.04979192671057
 30
0.0
 11
9.845051043859515
 21
54.6
 31
0.0
  0
LINE
  5
581
330
1F
100
AcDbEntity
  8
AM_9
100
AcDbLine
 10
10.78839676824568
 20
56.04979192671057
 30
0.0
 11
10.78839676824567
 21
54.6
 31
0.0
  0
LINE
  5
582
330
1F
100
AcDbEntity
  8
AM_9
100
AcDbLine
 10
9.748999999999995
 20
56.04979192671057
 30
0.0
 11
9.748999999999995
 21
54.6
 31
0.0
  0
LINE
  5
583
330
1F
100
AcDbEntity
  8
AM_9
100
AcDbLine
 10
-17.60694983519166
 20
56.02838225021472
 30
0.0
 11
-17.4909489561405
 21
56.04979192671056
 31
0.0
  0
LINE
  5
584
330
1F
100
AcDbEntity
  8
AM_9
100
AcDbLine
 10
-17.40993859502338
 20
56.04979192671056
 30
0.0
 11
-17.58700000000001
 21
56.04979192671056
 31
0.0
  0
LINE
  5
585
330
1F
100
AcDbEntity
  8
AM_9
100
AcDbLine
 10
-17.58700000000001
 20
56.04979192671056
 30
0.0
 11
-17.707
 21
56.02838225021472
 31
0.0
  0
LINE
  5
586
330
1F
100
AcDbEntity
  8
AM_9
100
AcDbLine
 10
-17.60694983519166
 20
56.02838225021472
 30
0.0
 11
-17.60694983519166
 21
54.6
 31
0.0
  0
LINE
  5
587
330
1F
100
AcDbEntity
  8
AM_9
100
AcDbLine
 10
-16.63252176894244
 20
56.02838225021472
 30
0.0
 11
-16.63252176894244
 21
54.6
 31
0.0
  0
LINE
  5
588
330
1F
100
AcDbEntity
  8
AM_9
100
AcDbLine
 10
-17.52593947407458
 20
56.02838225021472
 30
0.0
 11
-17.707
 21
56.02838225021472
 31
0.0
  0
LINE
  5
589
330
1F
100
AcDbEntity
  8
AM_9
100
AcDbLine
 10
-17.707
 20
56.02838225021472
 30
0.0
 11
-17.707
 21
54.6
 31
0.0
  0
LINE
  5
58A
330
1F
100
AcDbEntity
  8
AM_9
100
AcDbLine
 10
9.72905016480834
 20
56.02838225021473
 30
0.0
 11
9.729050164808333
 21
54.6
 31
0.0
  0
LINE
  5
58B
330
1F
100
AcDbEntity
  8
AM_9
100
AcDbLine
 10
10.70347823105755
 20
56.02838225021472
 30
0.0
 11
10.70347823105755
 21
54.6
 31
0.0
  0
LINE
  5
58C
330
1F
100
AcDbEntity
  8
AM_9
100
AcDbLine
 10
9.628999999999994
 20
56.02838225021472
 30
0.0
 11
9.628999999999994
 21
54.6
 31
0.0
  0
LINE
  5
58D
330
1F
100
AcDbEntity
  8
AM_9
100
AcDbLine
 10
9.72905016480834
 20
56.02838225021473
 30
0.0
 11
9.845051043859543
 21
56.04979192671057
 31
0.0
  0
LINE
  5
58E
330
1F
100
AcDbEntity
  8
AM_9
100
AcDbLine
 10
9.92606140497659
 20
56.04979192671057
 30
0.0
 11
9.749000000000024
 21
56.04979192671057
 31
0.0
  0
LINE
  5
58F
330
1F
100
AcDbEntity
  8
AM_9
100
AcDbLine
 10
9.810060525925422
 20
56.02838225021473
 30
0.0
 11
9.629000000000003
 21
56.02838225021473
 31
0.0
  0
LINE
  5
590
330
1F
100
AcDbEntity
  8
AM_9
100
AcDbLine
 10
9.749000000000024
 20
56.04979192671057
 30
0.0
 11
9.628999999999998
 21
56.02838225021472
 31
0.0
  0
LINE
  5
591
330
1F
100
AcDbEntity
  8
AM_9
100
AcDbLine
 10
-18.04094382582453
 20
55.94827437732609
 30
0.0
 11
-18.04094382582454
 21
54.6
 31
0.0
  0
LINE
  5
592
330
1F
100
AcDbEntity
  8
AM_9
100
AcDbLine
 10
-16.95022742026527
 20
55.94827437732609
 30
0.0
 11
-16.95022742026528
 21
54.6
 31
0.0
  0
LINE
  5
593
330
1F
100
AcDbEntity
  8
AM_9
100
AcDbLine
 10
-18.156
 20
55.94827437732609
 30
0.0
 11
-18.156
 21
54.6
 31
0.0
  0
LINE
  5
594
330
1F
100
AcDbEntity
  8
AM_9
100
AcDbLine
 10
9.295056174175446
 20
55.94827437732608
 30
0.0
 11
9.295056174175459
 21
54.6
 31
0.0
  0
LINE
  5
595
330
1F
100
AcDbEntity
  8
AM_9
100
AcDbLine
 10
10.3857725797347
 20
55.94827437732608
 30
0.0
 11
10.38577257973471
 21
54.6
 31
0.0
  0
LINE
  5
596
330
1F
100
AcDbEntity
  8
AM_9
100
AcDbLine
 10
9.179999999999998
 20
55.94827437732608
 30
0.0
 11
9.179999999999998
 21
54.6
 31
0.0
  0
LINE
  5
597
330
1F
100
AcDbEntity
  8
AM_9
100
AcDbLine
 10
9.179076376965122
 20
55.92686470083024
 30
0.0
 11
9.179076376965114
 21
54.6
 31
0.0
  0
LINE
  5
598
330
1F
100
AcDbEntity
  8
AM_9
100
AcDbLine
 10
10.30086947552521
 20
55.92686470083024
 30
0.0
 11
10.30086947552521
 21
54.6
 31
0.0
  0
LINE
  5
599
330
1F
100
AcDbEntity
  8
AM_9
100
AcDbLine
 10
9.059999999999999
 20
55.92686470083024
 30
0.0
 11
9.059999999999999
 21
54.6
 31
0.0
  0
LINE
  5
59A
330
1F
100
AcDbEntity
  8
AM_9
100
AcDbLine
 10
-18.15692362303489
 20
55.92686470083023
 30
0.0
 11
-18.15692362303489
 21
54.6
 31
0.0
  0
LINE
  5
59B
330
1F
100
AcDbEntity
  8
AM_9
100
AcDbLine
 10
-17.03513052447479
 20
55.92686470083023
 30
0.0
 11
-17.03513052447479
 21
54.6
 31
0.0
  0
LINE
  5
59C
330
1F
100
AcDbEntity
  8
AM_9
100
AcDbLine
 10
-18.27600000000001
 20
55.92686470083023
 30
0.0
 11
-18.27600000000001
 21
54.6
 31
0.0
  0
LINE
  5
59D
330
1F
100
AcDbEntity
  8
AM_9
100
AcDbLine
 10
9.179076376965122
 20
55.92686470083024
 30
0.0
 11
9.295056174175446
 21
55.94827437732608
 31
0.0
  0
LINE
  5
59E
330
1F
100
AcDbEntity
  8
AM_9
100
AcDbLine
 10
9.376066535292546
 20
55.94827437732608
 30
0.0
 11
9.179999999999982
 21
55.94827437732608
 31
0.0
  0
LINE
  5
59F
330
1F
100
AcDbEntity
  8
AM_9
100
AcDbLine
 10
9.260086738082201
 20
55.92686470083024
 30
0.0
 11
9.060000000000004
 21
55.92686470083024
 31
0.0
  0
LINE
  5
5A0
330
1F
100
AcDbEntity
  8
AM_9
100
AcDbLine
 10
9.179999999999984
 20
55.94827437732608
 30
0.0
 11
9.060000000000008
 21
55.92686470083024
 31
0.0
  0
LINE
  5
5A1
330
1F
100
AcDbEntity
  8
AM_9
100
AcDbLine
 10
-18.15692362303489
 20
55.92686470083023
 30
0.0
 11
-18.04094382582453
 21
55.94827437732609
 31
0.0
  0
LINE
  5
5A2
330
1F
100
AcDbEntity
  8
AM_9
100
AcDbLine
 10
-17.95993346470744
 20
55.94827437732609
 30
0.0
 11
-18.15599999999999
 21
55.94827437732609
 31
0.0
  0
LINE
  5
5A3
330
1F
100
AcDbEntity
  8
AM_9
100
AcDbLine
 10
-18.07591326191779
 20
55.92686470083023
 30
0.0
 11
-18.276
 21
55.92686470083023
 31
0.0
  0
LINE
  5
5A4
330
1F
100
AcDbEntity
  8
AM_9
100
AcDbLine
 10
-18.156
 20
55.94827437732609
 30
0.0
 11
-18.27600000000001
 21
55.92686470083023
 31
0.0
  0
LINE
  5
5A5
330
1F
100
AcDbEntity
  8
AM_9
100
AcDbLine
 10
-18.56959182380814
 20
55.85068193529918
 30
0.0
 11
-18.56959182380815
 21
54.6
 31
0.0
  0
LINE
  5
5A6
330
1F
100
AcDbEntity
  8
AM_9
100
AcDbLine
 10
-17.33722461410885
 20
55.85068193529918
 30
0.0
 11
-17.33722461410885
 21
54.6
 31
0.0
  0
LINE
  5
5A7
330
1F
100
AcDbEntity
  8
AM_9
100
AcDbLine
 10
-18.703
 20
55.85068193529918
 30
0.0
 11
-18.703
 21
54.6
 31
0.0
  0
LINE
  5
5A8
330
1F
100
AcDbEntity
  8
AM_9
100
AcDbLine
 10
8.766408176191868
 20
55.85068193529918
 30
0.0
 11
8.766408176191852
 21
54.6
 31
0.0
  0
LINE
  5
5A9
330
1F
100
AcDbEntity
  8
AM_9
100
AcDbLine
 10
9.998775385891154
 20
55.85068193529918
 30
0.0
 11
9.998775385891141
 21
54.6
 31
0.0
  0
LINE
  5
5AA
330
1F
100
AcDbEntity
  8
AM_9
100
AcDbLine
 10
8.632999999999992
 20
55.85068193529918
 30
0.0
 11
8.632999999999992
 21
54.6
 31
0.0
  0
LINE
  5
5AB
330
1F
100
AcDbEntity
  8
AM_9
100
AcDbLine
 10
-18.68555765014869
 20
55.82927225880333
 30
0.0
 11
-18.56959182380814
 21
55.85068193529918
 31
0.0
  0
LINE
  5
5AC
330
1F
100
AcDbEntity
  8
AM_9
100
AcDbLine
 10
-18.48858146269103
 20
55.85068193529918
 30
0.0
 11
-18.703
 21
55.85068193529918
 31
0.0
  0
LINE
  5
5AD
330
1F
100
AcDbEntity
  8
AM_9
100
AcDbLine
 10
-18.703
 20
55.85068193529918
 30
0.0
 11
-18.823
 21
55.82927225880333
 31
0.0
  0
LINE
  5
5AE
330
1F
100
AcDbEntity
  8
AM_9
100
AcDbLine
 10
-18.68555765014869
 20
55.82927225880333
 30
0.0
 11
-18.68555765014871
 21
54.6
 31
0.0
  0
LINE
  5
5AF
330
1F
100
AcDbEntity
  8
AM_9
100
AcDbLine
 10
-17.42211749093184
 20
55.82927225880332
 30
0.0
 11
-17.42211749093185
 21
54.6
 31
0.0
  0
LINE
  5
5B0
330
1F
100
AcDbEntity
  8
AM_9
100
AcDbLine
 10
-18.60454728903161
 20
55.82927225880333
 30
0.0
 11
-18.82299999999999
 21
55.82927225880333
 31
0.0
  0
LINE
  5
5B1
330
1F
100
AcDbEntity
  8
AM_9
100
AcDbLine
 10
-18.82300000000001
 20
55.82927225880332
 30
0.0
 11
-18.82300000000001
 21
54.6
 31
0.0
  0
LINE
  5
5B2
330
1F
100
AcDbEntity
  8
AM_9
100
AcDbLine
 10
8.650442349851293
 20
55.82927225880332
 30
0.0
 11
8.766408176191868
 21
55.85068193529918
 31
0.0
  0
LINE
  5
5B3
330
1F
100
AcDbEntity
  8
AM_9
100
AcDbLine
 10
8.847418537308952
 20
55.85068193529918
 30
0.0
 11
8.633000000000013
 21
55.85068193529918
 31
0.0
  0
LINE
  5
5B4
330
1F
100
AcDbEntity
  8
AM_9
100
AcDbLine
 10
8.633000000000012
 20
55.85068193529918
 30
0.0
 11
8.512999999999995
 21
55.82927225880332
 31
0.0
  0
LINE
  5
5B5
330
1F
100
AcDbEntity
  8
AM_9
100
AcDbLine
 10
8.650442349851293
 20
55.82927225880332
 30
0.0
 11
8.650442349851302
 21
54.6
 31
0.0
  0
LINE
  5
5B6
330
1F
100
AcDbEntity
  8
AM_9
100
AcDbLine
 10
9.913882509068147
 20
55.82927225880332
 30
0.0
 11
9.913882509068149
 21
54.6
 31
0.0
  0
LINE
  5
5B7
330
1F
100
AcDbEntity
  8
AM_9
100
AcDbLine
 10
8.731452710968385
 20
55.82927225880332
 30
0.0
 11
8.512999999999993
 21
55.82927225880332
 31
0.0
  0
LINE
  5
5B8
330
1F
100
AcDbEntity
  8
AM_9
100
AcDbLine
 10
8.512999999999998
 20
55.82927225880332
 30
0.0
 11
8.512999999999998
 21
54.6
 31
0.0
  0
LINE
  5
5B9
330
1F
100
AcDbEntity
  8
AM_9
100
AcDbLine
 10
13.97814387015877
 20
55.66
 30
0.0
 11
13.97814387015877
 21
56.158
 31
0.0
  0
LINE
  5
5BA
330
1F
100
AcDbEntity
  8
AM_9
100
AcDbLine
 10
14.92198522414073
 20
55.66
 30
0.0
 11
14.92198522414073
 21
56.158
 31
0.0
  0
LINE
  5
5BB
330
1F
100
AcDbEntity
  8
AM_9
100
AcDbLine
 10
-13.35785612984122
 20
55.66
 30
0.0
 11
-13.35785612984122
 21
56.158
 31
0.0
  0
LINE
  5
5BC
330
1F
100
AcDbEntity
  8
AM_9
100
AcDbLine
 10
-12.41401477585926
 20
55.66
 30
0.0
 11
-12.41401477585926
 21
56.158
 31
0.0
  0
LINE
  5
5BD
330
1F
100
AcDbEntity
  8
AM_9
100
AcDbLine
 10
13.40145721237163
 20
55.66
 30
0.0
 11
13.40145721237163
 21
56.158
 31
0.0
  0
LINE
  5
5BE
330
1F
100
AcDbEntity
  8
AM_9
100
AcDbLine
 10
12.42408087891417
 20
55.66
 30
0.0
 11
12.42408087891416
 21
56.158
 31
0.0
  0
LINE
  5
5BF
330
1F
100
AcDbEntity
  8
AM_9
100
AcDbLine
 10
-13.93454278762836
 20
55.66
 30
0.0
 11
-13.93454278762836
 21
56.158
 31
0.0
  0
LINE
  5
5C0
330
1F
100
AcDbEntity
  8
AM_9
100
AcDbLine
 10
-14.91191912108582
 20
55.66
 30
0.0
 11
-14.91191912108582
 21
56.158
 31
0.0
  0
LINE
  5
5C1
330
1F
100
AcDbEntity
  8
AM_9
100
AcDbLine
 10
-19.10784667056596
 20
55.75130535356427
 30
0.0
 11
-19.10784667056596
 21
54.6
 31
0.0
  0
LINE
  5
5C2
330
1F
100
AcDbEntity
  8
AM_9
100
AcDbLine
 10
-17.73125450935577
 20
55.75130535356427
 30
0.0
 11
-17.73125450935577
 21
54.6
 31
0.0
  0
LINE
  5
5C3
330
1F
100
AcDbEntity
  8
AM_9
100
AcDbLine
 10
-19.26000000000001
 20
55.75130535356427
 30
0.0
 11
-19.26000000000001
 21
54.6
 31
0.0
  0
LINE
  5
5C4
330
1F
100
AcDbEntity
  8
AM_9
100
AcDbLine
 10
8.228153329434045
 20
55.75130535356427
 30
0.0
 11
8.228153329434043
 21
54.6
 31
0.0
  0
LINE
  5
5C5
330
1F
100
AcDbEntity
  8
AM_9
100
AcDbLine
 10
9.604745490644225
 20
55.75130535356427
 30
0.0
 11
9.60474549064423
 21
54.6
 31
0.0
  0
LINE
  5
5C6
330
1F
100
AcDbEntity
  8
AM_9
100
AcDbLine
 10
8.075999999999999
 20
55.75130535356427
 30
0.0
 11
8.075999999999999
 21
54.6
 31
0.0
  0
LINE
  5
5C7
330
1F
100
AcDbEntity
  8
AM_9
100
AcDbLine
 10
-13.34309889420965
 20
55.66
 30
0.0
 11
-13.34309889420965
 21
56.158
 31
0.0
  0
LINE
  5
5C8
330
1F
100
AcDbEntity
  8
AM_9
100
AcDbLine
 10
13.99290110579034
 20
55.66
 30
0.0
 11
13.99290110579034
 21
56.158
 31
0.0
  0
LINE
  5
5C9
330
1F
100
AcDbEntity
  8
AM_9
100
AcDbLine
 10
-16.63276537782417
 20
55.66
 30
0.0
 11
-13.93454278762836
 21
55.66
 31
0.0
  0
LINE
  5
5CA
330
1F
100
AcDbEntity
  8
AM_9
100
AcDbLine
 10
-13.94722540076824
 20
55.66
 30
0.0
 11
-13.94722540076824
 21
56.158
 31
0.0
  0
LINE
  5
5CB
330
1F
100
AcDbEntity
  8
AM_9
100
AcDbLine
 10
13.38877459923174
 20
55.66
 30
0.0
 11
13.38877459923174
 21
56.158
 31
0.0
  0
LINE
  5
5CC
330
1F
100
AcDbEntity
  8
AM_9
100
AcDbLine
 10
-19.22476852322969
 20
55.72971726309763
 30
0.0
 11
-19.10784667056596
 21
55.75130535356427
 31
0.0
  0
LINE
  5
5CD
330
1F
100
AcDbEntity
  8
AM_9
100
AcDbLine
 10
-19.02683630944889
 20
55.75130535356427
 30
0.0
 11
-19.26
 21
55.75130535356427
 31
0.0
  0
LINE
  5
5CE
330
1F
100
AcDbEntity
  8
AM_9
100
AcDbLine
 10
-19.26
 20
55.75130535356427
 30
0.0
 11
-19.381
 21
55.72971726309763
 31
0.0
  0
LINE
  5
5CF
330
1F
100
AcDbEntity
  8
AM_9
100
AcDbLine
 10
-19.22476852322969
 20
55.72971726309763
 30
0.0
 11
-19.22476852322968
 21
54.6
 31
0.0
  0
LINE
  5
5D0
330
1F
100
AcDbEntity
  8
AM_9
100
AcDbLine
 10
-17.8168472460207
 20
55.72971726309763
 30
0.0
 11
-17.8168472460207
 21
54.6
 31
0.0
  0
LINE
  5
5D1
330
1F
100
AcDbEntity
  8
AM_9
100
AcDbLine
 10
-19.14375816211259
 20
55.72971726309763
 30
0.0
 11
-19.38100000000001
 21
55.72971726309763
 31
0.0
  0
LINE
  5
5D2
330
1F
100
AcDbEntity
  8
AM_9
100
AcDbLine
 10
-19.381
 20
55.72971726309763
 30
0.0
 11
-19.381
 21
54.6
 31
0.0
  0
LINE
  5
5D3
330
1F
100
AcDbEntity
  8
AM_9
100
AcDbLine
 10
8.111231476770318
 20
55.72971726309763
 30
0.0
 11
8.228153329434045
 21
55.75130535356427
 31
0.0
  0
LINE
  5
5D4
330
1F
100
AcDbEntity
  8
AM_9
100
AcDbLine
 10
8.30916369055112
 20
55.75130535356427
 30
0.0
 11
8.076
 21
55.75130535356427
 31
0.0
  0
LINE
  5
5D5
330
1F
100
AcDbEntity
  8
AM_9
100
AcDbLine
 10
8.075999999999997
 20
55.75130535356427
 30
0.0
 11
7.955000000000002
 21
55.72971726309763
 31
0.0
  0
LINE
  5
5D6
330
1F
100
AcDbEntity
  8
AM_9
100
AcDbLine
 10
8.111231476770318
 20
55.72971726309763
 30
0.0
 11
8.111231476770325
 21
54.6
 31
0.0
  0
LINE
  5
5D7
330
1F
100
AcDbEntity
  8
AM_9
100
AcDbLine
 10
9.519152753979299
 20
55.72971726309763
 30
0.0
 11
9.5191527539793
 21
54.6
 31
0.0
  0
LINE
  5
5D8
330
1F
100
AcDbEntity
  8
AM_9
100
AcDbLine
 10
8.192241837887407
 20
55.72971726309763
 30
0.0
 11
7.954999999999996
 21
55.72971726309763
 31
0.0
  0
LINE
  5
5D9
330
1F
100
AcDbEntity
  8
AM_9
100
AcDbLine
 10
7.955000000000002
 20
55.72971726309763
 30
0.0
 11
7.955000000000002
 21
54.6
 31
0.0
  0
LINE
  5
5DA
330
1F
100
AcDbEntity
  8
AM_9
100
AcDbLine
 10
-19.64702531077369
 20
55.65175035785858
 30
0.0
 11
-19.6470253107737
 21
54.6
 31
0.0
  0
LINE
  5
5DB
330
1F
100
AcDbEntity
  8
AM_9
100
AcDbLine
 10
-18.12596066834372
 20
55.65175035785858
 30
0.0
 11
-18.12596066834373
 21
54.6
 31
0.0
  0
LINE
  5
5DC
330
1F
100
AcDbEntity
  8
AM_9
100
AcDbLine
 10
-19.818
 20
55.65175035785858
 30
0.0
 11
-19.818
 21
54.6
 31
0.0
  0
LINE
  5
5DD
330
1F
100
AcDbEntity
  8
AM_9
100
AcDbLine
 10
7.688974689226299
 20
55.65175035785858
 30
0.0
 11
7.688974689226304
 21
54.6
 31
0.0
  0
LINE
  5
5DE
330
1F
100
AcDbEntity
  8
AM_9
100
AcDbLine
 10
9.210039331656258
 20
55.65175035785858
 30
0.0
 11
9.210039331656262
 21
54.6
 31
0.0
  0
LINE
  5
5DF
330
1F
100
AcDbEntity
  8
AM_9
100
AcDbLine
 10
7.517999999999996
 20
55.65175035785858
 30
0.0
 11
7.517999999999996
 21
54.6
 31
0.0
  0
LINE
  5
5E0
330
1F
100
AcDbEntity
  8
AM_9
100
AcDbLine
 10
-19.76297323876733
 20
55.63034068136273
 30
0.0
 11
-19.64702531077369
 21
55.65175035785858
 31
0.0
  0
LINE
  5
5E1
330
1F
100
AcDbEntity
  8
AM_9
100
AcDbLine
 10
-19.5660149496566
 20
55.65175035785858
 30
0.0
 11
-19.81799999999999
 21
55.65175035785858
 31
0.0
  0
LINE
  5
5E2
330
1F
100
AcDbEntity
  8
AM_9
100
AcDbLine
 10
-19.81799999999999
 20
55.65175035785858
 30
0.0
 11
-19.938
 21
55.63034068136273
 31
0.0
  0
LINE
  5
5E3
330
1F
100
AcDbEntity
  8
AM_9
100
AcDbLine
 10
-19.76297323876733
 20
55.63034068136273
 30
0.0
 11
-19.76297323876735
 21
54.6
 31
0.0
  0
LINE
  5
5E4
330
1F
100
AcDbEntity
  8
AM_9
100
AcDbLine
 10
-18.21084044266743
 20
55.63034068136273
 30
0.0
 11
-18.21084044266743
 21
54.6
 31
0.0
  0
LINE
  5
5E5
330
1F
100
AcDbEntity
  8
AM_9
100
AcDbLine
 10
-19.68196287765026
 20
55.63034068136273
 30
0.0
 11
-19.93799999999998
 21
55.63034068136273
 31
0.0
  0
LINE
  5
5E6
330
1F
100
AcDbEntity
  8
AM_9
100
AcDbLine
 10
-19.938
 20
55.63034068136273
 30
0.0
 11
-19.938
 21
54.6
 31
0.0
  0
LINE
  5
5E7
330
1F
100
AcDbEntity
  8
AM_9
100
AcDbLine
 10
7.573026761232661
 20
55.63034068136273
 30
0.0
 11
7.573026761232653
 21
54.6
 31
0.0
  0
LINE
  5
5E8
330
1F
100
AcDbEntity
  8
AM_9
100
AcDbLine
 10
9.125159557332568
 20
55.63034068136273
 30
0.0
 11
9.125159557332571
 21
54.6
 31
0.0
  0
LINE
  5
5E9
330
1F
100
AcDbEntity
  8
AM_9
100
AcDbLine
 10
7.398000000000001
 20
55.63034068136273
 30
0.0
 11
7.398000000000001
 21
54.6
 31
0.0
  0
LINE
  5
5EA
330
1F
100
AcDbEntity
  8
AM_9
100
AcDbLine
 10
7.573026761232661
 20
55.63034068136273
 30
0.0
 11
7.688974689226299
 21
55.65175035785858
 31
0.0
  0
LINE
  5
5EB
330
1F
100
AcDbEntity
  8
AM_9
100
AcDbLine
 10
7.769985050343402
 20
55.65175035785858
 30
0.0
 11
7.51799999999999
 21
55.65175035785858
 31
0.0
  0
LINE
  5
5EC
330
1F
100
AcDbEntity
  8
AM_9
100
AcDbLine
 10
7.654037122349739
 20
55.63034068136273
 30
0.0
 11
7.398000000000011
 21
55.63034068136273
 31
0.0
  0
LINE
  5
5ED
330
1F
100
AcDbEntity
  8
AM_9
100
AcDbLine
 10
7.517999999999991
 20
55.65175035785858
 30
0.0
 11
7.397999999999998
 21
55.63034068136273
 31
0.0
  0
LINE
  5
5EE
330
1F
100
AcDbEntity
  8
AM_9
100
AcDbLine
 10
-20.18617198906679
 20
55.55219536215289
 30
0.0
 11
-20.1861719890668
 21
54.6
 31
0.0
  0
LINE
  5
5EF
330
1F
100
AcDbEntity
  8
AM_9
100
AcDbLine
 10
-18.52064342958627
 20
55.55219536215289
 30
0.0
 11
-18.52064342958628
 21
54.6
 31
0.0
  0
LINE
  5
5F0
330
1F
100
AcDbEntity
  8
AM_9
100
AcDbLine
 10
-20.376
 20
55.55219536215289
 30
0.0
 11
-20.376
 21
54.6
 31
0.0
  0
LINE
  5
5F1
330
1F
100
AcDbEntity
  8
AM_9
100
AcDbLine
 10
7.149828010933188
 20
55.55219536215288
 30
0.0
 11
7.149828010933196
 21
54.6
 31
0.0
  0
LINE
  5
5F2
330
1F
100
AcDbEntity
  8
AM_9
100
AcDbLine
 10
8.815356570413707
 20
55.55219536215288
 30
0.0
 11
8.815356570413714
 21
54.6
 31
0.0
  0
LINE
  5
5F3
330
1F
100
AcDbEntity
  8
AM_9
100
AcDbLine
 10
6.959999999999998
 20
55.55219536215288
 30
0.0
 11
6.959999999999998
 21
54.6
 31
0.0
  0
LINE
  5
5F4
330
1F
100
AcDbEntity
  8
AM_9
100
AcDbLine
 10
7.033885908231535
 20
55.53078568565704
 30
0.0
 11
7.149828010933188
 21
55.55219536215288
 31
0.0
  0
LINE
  5
5F5
330
1F
100
AcDbEntity
  8
AM_9
100
AcDbLine
 10
7.230838372050297
 20
55.55219536215288
 30
0.0
 11
6.959999999999991
 21
55.55219536215288
 31
0.0
  0
LINE
  5
5F6
330
1F
100
AcDbEntity
  8
AM_9
100
AcDbLine
 10
6.959999999999987
 20
55.55219536215288
 30
0.0
 11
6.84
 21
55.53078568565703
 31
0.0
  0
LINE
  5
5F7
330
1F
100
AcDbEntity
  8
AM_9
100
AcDbLine
 10
7.033885908231535
 20
55.53078568565704
 30
0.0
 11
7.033885908231515
 21
54.6
 31
0.0
  0
LINE
  5
5F8
330
1F
100
AcDbEntity
  8
AM_9
100
AcDbLine
 10
8.730481060499715
 20
55.53078568565703
 30
0.0
 11
8.730481060499717
 21
54.6
 31
0.0
  0
LINE
  5
5F9
330
1F
100
AcDbEntity
  8
AM_9
100
AcDbLine
 10
7.1148962693486
 20
55.53078568565704
 30
0.0
 11
6.84000000000002
 21
55.53078568565704
 31
0.0
  0
LINE
  5
5FA
330
1F
100
AcDbEntity
  8
AM_9
100
AcDbLine
 10
6.839999999999996
 20
55.53078568565703
 30
0.0
 11
6.839999999999996
 21
54.6
 31
0.0
  0
LINE
  5
5FB
330
1F
100
AcDbEntity
  8
AM_9
100
AcDbLine
 10
-20.30211409176849
 20
55.53078568565703
 30
0.0
 11
-20.18617198906679
 21
55.55219536215289
 31
0.0
  0
LINE
  5
5FC
330
1F
100
AcDbEntity
  8
AM_9
100
AcDbLine
 10
-20.10516162794973
 20
55.55219536215289
 30
0.0
 11
-20.37599999999998
 21
55.55219536215289
 31
0.0
  0
LINE
  5
5FD
330
1F
100
AcDbEntity
  8
AM_9
100
AcDbLine
 10
-20.37599999999998
 20
55.55219536215289
 30
0.0
 11
-20.496
 21
55.53078568565703
 31
0.0
  0
LINE
  5
5FE
330
1F
100
AcDbEntity
  8
AM_9
100
AcDbLine
 10
-20.30211409176849
 20
55.53078568565703
 30
0.0
 11
-20.30211409176849
 21
54.6
 31
0.0
  0
LINE
  5
5FF
330
1F
100
AcDbEntity
  8
AM_9
100
AcDbLine
 10
-18.60551893950027
 20
55.53078568565703
 30
0.0
 11
-18.60551893950028
 21
54.6
 31
0.0
  0
LINE
  5
600
330
1F
100
AcDbEntity
  8
AM_9
100
AcDbLine
 10
-20.2211037306514
 20
55.53078568565703
 30
0.0
 11
-20.49600000000001
 21
55.53078568565703
 31
0.0
  0
LINE
  5
601
330
1F
100
AcDbEntity
  8
AM_9
100
AcDbLine
 10
-20.496
 20
55.53078568565703
 30
0.0
 11
-20.496
 21
54.6
 31
0.0
  0
LINE
  5
602
330
1F
100
AcDbEntity
  8
AM_9
100
AcDbLine
 10
-20.72529407299023
 20
55.45264036644718
 30
0.0
 11
-20.72529407299021
 21
54.6
 31
0.0
  0
LINE
  5
603
330
1F
100
AcDbEntity
  8
AM_9
100
AcDbLine
 10
-18.91530818650065
 20
55.45264036644718
 30
0.0
 11
-18.91530818650064
 21
54.6
 31
0.0
  0
LINE
  5
604
330
1F
100
AcDbEntity
  8
AM_9
100
AcDbLine
 10
-20.93399999999999
 20
55.45264036644718
 30
0.0
 11
-20.93399999999999
 21
54.6
 31
0.0
  0
LINE
  5
605
330
1F
100
AcDbEntity
  8
AM_9
100
AcDbLine
 10
6.610705927009791
 20
55.45264036644718
 30
0.0
 11
6.61070592700978
 21
54.6
 31
0.0
  0
LINE
  5
606
330
1F
100
AcDbEntity
  8
AM_9
100
AcDbLine
 10
8.420691813499369
 20
55.45264036644718
 30
0.0
 11
8.420691813499362
 21
54.6
 31
0.0
  0
LINE
  5
607
330
1F
100
AcDbEntity
  8
AM_9
100
AcDbLine
 10
6.401999999999997
 20
55.45264036644718
 30
0.0
 11
6.401999999999997
 21
54.6
 31
0.0
  0
LINE
  5
608
330
1F
100
AcDbEntity
  8
AM_9
100
AcDbLine
 10
10.625
 20
5.687000000000001
 30
0.0
 11
-10.625
 21
5.687000000000001
 31
0.0
  0
LINE
  5
609
330
1F
100
AcDbEntity
  8
AM_9
100
AcDbLine
 10
26.625
 20
3.016999999999999
 30
0.0
 11
-26.625
 21
3.016999999999999
 31
0.0
  0
LINE
  5
60A
330
1F
100
AcDbEntity
  8
AM_9
100
AcDbLine
 10
-20.84123163079674
 20
55.43123068995133
 30
0.0
 11
-20.72529407299023
 21
55.45264036644718
 31
0.0
  0
LINE
  5
60B
330
1F
100
AcDbEntity
  8
AM_9
100
AcDbLine
 10
-20.6502213634386
 20
55.45264036644718
 30
0.0
 11
-20.93400000000001
 21
55.45264036644718
 31
0.0
  0
LINE
  5
60C
330
1F
100
AcDbEntity
  8
AM_9
100
AcDbLine
 10
-20.93400000000001
 20
55.45264036644718
 30
0.0
 11
-21.05399999999999
 21
55.43123068995133
 31
0.0
  0
LINE
  5
60D
330
1F
100
AcDbEntity
  8
AM_9
100
AcDbLine
 10
6.494768369203257
 20
55.43123068995133
 30
0.0
 11
6.610705927009791
 21
55.45264036644718
 31
0.0
  0
LINE
  5
60E
330
1F
100
AcDbEntity
  8
AM_9
100
AcDbLine
 10
6.685778636561405
 20
55.45264036644718
 30
0.0
 11
6.40200000000001
 21
55.45264036644718
 31
0.0
  0
LINE
  5
60F
330
1F
100
AcDbEntity
  8
AM_9
100
AcDbLine
 10
6.402000000000009
 20
55.45264036644718
 30
0.0
 11
6.281999999999996
 21
55.43123068995133
 31
0.0
  0
LINE
  5
610
330
1F
100
AcDbEntity
  8
AM_9
100
AcDbLine
 10
6.494768369203257
 20
55.43123068995133
 30
0.0
 11
6.494768369203262
 21
54.6
 31
0.0
  0
LINE
  5
611
330
1F
100
AcDbEntity
  8
AM_9
100
AcDbLine
 10
8.335819630679536
 20
55.43123068995133
 30
0.0
 11
8.335819630679538
 21
54.6
 31
0.0
  0
LINE
  5
612
330
1F
100
AcDbEntity
  8
AM_9
100
AcDbLine
 10
6.567141050052508
 20
55.43123068995133
 30
0.0
 11
6.28199999999999
 21
55.43123068995133
 31
0.0
  0
LINE
  5
613
330
1F
100
AcDbEntity
  8
AM_9
100
AcDbLine
 10
6.281999999999997
 20
55.43123068995133
 30
0.0
 11
6.281999999999997
 21
54.6
 31
0.0
  0
LINE
  5
614
330
1F
100
AcDbEntity
  8
AM_9
100
AcDbLine
 10
-20.84123163079674
 20
55.43123068995133
 30
0.0
 11
-20.84123163079673
 21
54.6
 31
0.0
  0
LINE
  5
615
330
1F
100
AcDbEntity
  8
AM_9
100
AcDbLine
 10
-19.00018036932045
 20
55.43123068995133
 30
0.0
 11
-19.00018036932045
 21
54.6
 31
0.0
  0
LINE
  5
616
330
1F
100
AcDbEntity
  8
AM_9
100
AcDbLine
 10
-20.76885894994749
 20
55.43123068995133
 30
0.0
 11
-21.054
 21
55.43123068995133
 31
0.0
  0
LINE
  5
617
330
1F
100
AcDbEntity
  8
AM_9
100
AcDbLine
 10
-21.05399999999999
 20
55.43123068995133
 30
0.0
 11
-21.05399999999999
 21
54.6
 31
0.0
  0
LINE
  5
618
330
1F
100
AcDbEntity
  8
AM_9
100
AcDbLine
 10
23.59
 20
2.957
 30
0.0
 11
-23.59
 21
2.957
 31
0.0
  0
LINE
  5
619
330
1F
100
AcDbEntity
  8
AM_9
100
AcDbLine
 10
9.836999999999998
 20
5.747
 30
0.0
 11
7.930999999999998
 21
5.747
 31
0.0
  0
LINE
  5
61A
330
1F
100
AcDbEntity
  8
AM_9
100
AcDbLine
 10
-7.931000000000003
 20
5.747
 30
0.0
 11
-9.837000000000002
 21
5.747
 31
0.0
  0
LINE
  5
61B
330
1F
100
AcDbEntity
  8
AM_9
100
AcDbLine
 10
10.625
 20
5.627
 30
0.0
 11
-10.625
 21
5.627
 31
0.0
  0
LINE
  5
61C
330
1F
100
AcDbEntity
  8
AM_9
100
AcDbLine
 10
26.625
 20
3.077
 30
0.0
 11
-26.625
 21
3.077
 31
0.0
  0
LINE
  5
61D
330
1F
100
AcDbEntity
  8
AM_9
100
AcDbLine
 10
29.594
 20
2.964
 30
0.0
 11
23.59
 21
2.964
 31
0.0
  0
LINE
  5
61E
330
1F
100
AcDbEntity
  8
AM_9
100
AcDbLine
 10
-29.594
 20
2.964
 30
0.0
 11
-23.59
 21
2.964
 31
0.0
  0
LINE
  5
61F
330
1F
100
AcDbEntity
  8
AM_9
100
AcDbLine
 10
26.625
 20
5.047
 30
0.0
 11
-26.625
 21
5.047
 31
0.0
  0
LINE
  5
620
330
1F
100
AcDbEntity
  8
AM_9
100
AcDbLine
 10
10.625
 20
5.286999999999998
 30
0.0
 11
-10.625
 21
5.286999999999998
 31
0.0
  0
LINE
  5
621
330
1F
100
AcDbEntity
  8
AM_9
100
AcDbLine
 10
-21.26343070791702
 20
55.35326378471229
 30
0.0
 11
-21.26343070791703
 21
54.6
 31
0.0
  0
LINE
  5
622
330
1F
100
AcDbEntity
  8
AM_9
100
AcDbLine
 10
-19.3092515446812
 20
55.35326378471229
 30
0.0
 11
-19.30925154468121
 21
54.6
 31
0.0
  0
LINE
  5
623
330
1F
100
AcDbEntity
  8
AM_9
100
AcDbLine
 10
-21.491
 20
55.35326378471229
 30
0.0
 11
-21.491
 21
54.6
 31
0.0
  0
LINE
  5
624
330
1F
100
AcDbEntity
  8
AM_9
100
AcDbLine
 10
6.072569292082949
 20
55.35326378471228
 30
0.0
 11
6.072569292082965
 21
54.6
 31
0.0
  0
LINE
  5
625
330
1F
100
AcDbEntity
  8
AM_9
100
AcDbLine
 10
8.026748455318778
 20
55.35326378471228
 30
0.0
 11
8.026748455318796
 21
54.6
 31
0.0
  0
LINE
  5
626
330
1F
100
AcDbEntity
  8
AM_9
100
AcDbLine
 10
5.845
 20
55.35326378471228
 30
0.0
 11
5.845
 21
54.6
 31
0.0
  0
LINE
  5
627
330
1F
100
AcDbEntity
  8
AM_9
100
AcDbLine
 10
23.59
 20
4.104
 30
0.0
 11
23.59
 21
2.904000000000002
 31
0.0
  0
LINE
  5
628
330
1F
100
AcDbEntity
  8
AM_9
100
AcDbLine
 10
29.594
 20
2.904000000000002
 30
0.0
 11
23.59
 21
2.904000000000002
 31
0.0
  0
LINE
  5
629
330
1F
100
AcDbEntity
  8
AM_9
100
AcDbLine
 10
-23.59
 20
4.104
 30
0.0
 11
-23.59
 21
2.904000000000002
 31
0.0
  0
LINE
  5
62A
330
1F
100
AcDbEntity
  8
AM_9
100
AcDbLine
 10
-29.594
 20
2.904
 30
0.0
 11
-23.59
 21
2.904000000000002
 31
0.0
  0
LINE
  5
62B
330
1F
100
AcDbEntity
  8
AM_9
100
AcDbLine
 10
-29.594
 20
4.104
 30
0.0
 11
-23.59
 21
4.104
 31
0.0
  0
LINE
  5
62C
330
1F
100
AcDbEntity
  8
AM_9
100
AcDbLine
 10
-29.594
 20
3.024
 30
0.0
 11
-23.59
 21
3.024
 31
0.0
  0
LINE
  5
62D
330
1F
100
AcDbEntity
  8
AM_9
100
AcDbLine
 10
29.594
 20
4.104
 30
0.0
 11
23.59
 21
4.104
 31
0.0
  0
LINE
  5
62E
330
1F
100
AcDbEntity
  8
AM_9
100
AcDbLine
 10
29.594
 20
3.024
 30
0.0
 11
23.59
 21
3.024
 31
0.0
  0
LINE
  5
62F
330
1F
100
AcDbEntity
  8
AM_9
100
AcDbLine
 10
-21.37936465749438
 20
55.33185410821644
 30
0.0
 11
-21.26343070791702
 21
55.35326378471229
 31
0.0
  0
LINE
  5
630
330
1F
100
AcDbEntity
  8
AM_9
100
AcDbLine
 10
-21.18242034679993
 20
55.35326378471229
 30
0.0
 11
-21.49099999999998
 21
55.35326378471229
 31
0.0
  0
LINE
  5
631
330
1F
100
AcDbEntity
  8
AM_9
100
AcDbLine
 10
-21.49099999999998
 20
55.35326378471229
 30
0.0
 11
-21.611
 21
55.33185410821644
 31
0.0
  0
LINE
  5
632
330
1F
100
AcDbEntity
  8
AM_9
100
AcDbLine
 10
-21.37936465749438
 20
55.33185410821644
 30
0.0
 11
-21.37936465749441
 21
54.6
 31
0.0
  0
LINE
  5
633
330
1F
100
AcDbEntity
  8
AM_9
100
AcDbLine
 10
-19.39412108609398
 20
55.33185410821644
 30
0.0
 11
-19.39412108609398
 21
54.6
 31
0.0
  0
LINE
  5
634
330
1F
100
AcDbEntity
  8
AM_9
100
AcDbLine
 10
-21.29835429637733
 20
55.33185410821644
 30
0.0
 11
-21.61099999999997
 21
55.33185410821644
 31
0.0
  0
LINE
  5
635
330
1F
100
AcDbEntity
  8
AM_9
100
AcDbLine
 10
-21.611
 20
55.33185410821644
 30
0.0
 11
-21.611
 21
54.6
 31
0.0
  0
LINE
  5
636
330
1F
100
AcDbEntity
  8
AM_9
100
AcDbLine
 10
5.956635342505584
 20
55.33185410821644
 30
0.0
 11
6.072569292082949
 21
55.35326378471228
 31
0.0
  0
LINE
  5
637
330
1F
100
AcDbEntity
  8
AM_9
100
AcDbLine
 10
6.153579653200062
 20
55.35326378471228
 30
0.0
 11
5.844999999999978
 21
55.35326378471228
 31
0.0
  0
LINE
  5
638
330
1F
100
AcDbEntity
  8
AM_9
100
AcDbLine
 10
5.844999999999981
 20
55.35326378471228
 30
0.0
 11
5.725000000000005
 21
55.33185410821644
 31
0.0
  0
LINE
  5
639
330
1F
100
AcDbEntity
  8
AM_9
100
AcDbLine
 10
5.956635342505584
 20
55.33185410821644
 30
0.0
 11
5.956635342505585
 21
54.6
 31
0.0
  0
LINE
  5
63A
330
1F
100
AcDbEntity
  8
AM_9
100
AcDbLine
 10
7.941878913906021
 20
55.33185410821644
 30
0.0
 11
7.941878913906021
 21
54.6
 31
0.0
  0
LINE
  5
63B
330
1F
100
AcDbEntity
  8
AM_9
100
AcDbLine
 10
6.037645703622673
 20
55.33185410821644
 30
0.0
 11
5.724999999999998
 21
55.33185410821644
 31
0.0
  0
LINE
  5
63C
330
1F
100
AcDbEntity
  8
AM_9
100
AcDbLine
 10
5.725
 20
55.33185410821644
 30
0.0
 11
5.725
 21
54.6
 31
0.0
  0
LINE
  5
63D
330
1F
100
AcDbEntity
  8
AM_9
100
AcDbLine
 10
5.53348198103376
 20
55.25370878900659
 30
0.0
 11
5.53348198103377
 21
54.6
 31
0.0
  0
LINE
  5
63E
330
1F
100
AcDbEntity
  8
AM_9
100
AcDbLine
 10
7.632109153915082
 20
55.25370878900659
 30
0.0
 11
7.632109153915092
 21
54.6
 31
0.0
  0
LINE
  5
63F
330
1F
100
AcDbEntity
  8
AM_9
100
AcDbLine
 10
5.287
 20
55.25370878900659
 30
0.0
 11
5.287
 21
54.6
 31
0.0
  0
LINE
  5
640
330
1F
100
AcDbEntity
  8
AM_9
100
AcDbLine
 10
-21.80251801896627
 20
55.25370878900659
 30
0.0
 11
-21.80251801896623
 21
54.6
 31
0.0
  0
LINE
  5
641
330
1F
100
AcDbEntity
  8
AM_9
100
AcDbLine
 10
-19.70389084608493
 20
55.25370878900659
 30
0.0
 11
-19.70389084608491
 21
54.6
 31
0.0
  0
LINE
  5
642
330
1F
100
AcDbEntity
  8
AM_9
100
AcDbLine
 10
-22.049
 20
55.25370878900659
 30
0.0
 11
-22.049
 21
54.6
 31
0.0
  0
LINE
  5
643
330
1F
100
AcDbEntity
  8
AM_9
100
AcDbLine
 10
-21.91844904640256
 20
55.23229911251074
 30
0.0
 11
-21.91844904640256
 21
54.6
 31
0.0
  0
LINE
  5
644
330
1F
100
AcDbEntity
  8
AM_9
100
AcDbLine
 10
-19.78875824834196
 20
55.23229911251074
 30
0.0
 11
-19.78875824834196
 21
54.6
 31
0.0
  0
LINE
  5
645
330
1F
100
AcDbEntity
  8
AM_9
100
AcDbLine
 10
-22.16899999999999
 20
55.23229911251074
 30
0.0
 11
-22.16899999999999
 21
54.6
 31
0.0
  0
LINE
  5
646
330
1F
100
AcDbEntity
  8
AM_9
100
AcDbLine
 10
5.417550953597431
 20
55.23229911251074
 30
0.0
 11
5.53348198103376
 21
55.25370878900659
 31
0.0
  0
LINE
  5
647
330
1F
100
AcDbEntity
  8
AM_9
100
AcDbLine
 10
5.286999999999987
 20
55.25370878900659
 30
0.0
 11
5.167000000000002
 21
55.23229911251074
 31
0.0
  0
LINE
  5
648
330
1F
100
AcDbEntity
  8
AM_9
100
AcDbLine
 10
-21.91844904640256
 20
55.23229911251074
 30
0.0
 11
-21.80251801896627
 21
55.25370878900659
 31
0.0
  0
LINE
  5
649
330
1F
100
AcDbEntity
  8
AM_9
100
AcDbLine
 10
-22.04900000000003
 20
55.25370878900659
 30
0.0
 11
-22.16899999999999
 21
55.23229911251074
 31
0.0
  0
LINE
  5
64A
330
1F
100
AcDbEntity
  8
AM_9
100
AcDbLine
 10
5.417550953597431
 20
55.23229911251074
 30
0.0
 11
5.41755095359744
 21
54.6
 31
0.0
  0
LINE
  5
64B
330
1F
100
AcDbEntity
  8
AM_9
100
AcDbLine
 10
7.547241751658038
 20
55.23229911251074
 30
0.0
 11
7.547241751658038
 21
54.6
 31
0.0
  0
LINE
  5
64C
330
1F
100
AcDbEntity
  8
AM_9
100
AcDbLine
 10
5.167
 20
55.23229911251074
 30
0.0
 11
5.167
 21
54.6
 31
0.0
  0
LINE
  5
64D
330
1F
100
AcDbEntity
  8
AM_9
100
AcDbLine
 10
-22.34159275491499
 20
55.15415379330089
 30
0.0
 11
-22.34159275491501
 21
54.6
 31
0.0
  0
LINE
  5
64E
330
1F
100
AcDbEntity
  8
AM_9
100
AcDbLine
 10
-20.09852094187617
 20
55.15415379330089
 30
0.0
 11
-20.09852094187619
 21
54.6
 31
0.0
  0
LINE
  5
64F
330
1F
100
AcDbEntity
  8
AM_9
100
AcDbLine
 10
-22.607
 20
55.15415379330089
 30
0.0
 11
-22.607
 21
54.6
 31
0.0
  0
LINE
  5
650
330
1F
100
AcDbEntity
  8
AM_9
100
AcDbLine
 10
4.994407245084997
 20
55.15415379330089
 30
0.0
 11
4.994407245084993
 21
54.6
 31
0.0
  0
LINE
  5
651
330
1F
100
AcDbEntity
  8
AM_9
100
AcDbLine
 10
7.237479058123813
 20
55.15415379330089
 30
0.0
 11
7.23747905812381
 21
54.6
 31
0.0
  0
LINE
  5
652
330
1F
100
AcDbEntity
  8
AM_9
100
AcDbLine
 10
4.728999999999997
 20
55.15415379330089
 30
0.0
 11
4.728999999999997
 21
54.6
 31
0.0
  0
LINE
  5
653
330
1F
100
AcDbEntity
  8
AM_9
100
AcDbLine
 10
-22.45752138694123
 20
55.13274411680504
 30
0.0
 11
-22.45752138694122
 21
54.6
 31
0.0
  0
LINE
  5
654
330
1F
100
AcDbEntity
  8
AM_9
100
AcDbLine
 10
-20.18338659057133
 20
55.13274411680504
 30
0.0
 11
-20.18338659057133
 21
54.6
 31
0.0
  0
LINE
  5
655
330
1F
100
AcDbEntity
  8
AM_9
100
AcDbLine
 10
-22.727
 20
55.13274411680504
 30
0.0
 11
-22.727
 21
54.6
 31
0.0
  0
LINE
  5
656
330
1F
100
AcDbEntity
  8
AM_9
100
AcDbLine
 10
-22.45752138694123
 20
55.13274411680504
 30
0.0
 11
-22.34159275491499
 21
55.15415379330089
 31
0.0
  0
LINE
  5
657
330
1F
100
AcDbEntity
  8
AM_9
100
AcDbLine
 10
-22.60699999999997
 20
55.15415379330089
 30
0.0
 11
-22.727
 21
55.13274411680504
 31
0.0
  0
LINE
  5
658
330
1F
100
AcDbEntity
  8
AM_9
100
AcDbLine
 10
4.878478613058776
 20
55.13274411680504
 30
0.0
 11
4.994407245084997
 21
55.15415379330089
 31
0.0
  0
LINE
  5
659
330
1F
100
AcDbEntity
  8
AM_9
100
AcDbLine
 10
4.729000000000003
 20
55.15415379330089
 30
0.0
 11
4.609000000000003
 21
55.13274411680504
 31
0.0
  0
LINE
  5
65A
330
1F
100
AcDbEntity
  8
AM_9
100
AcDbLine
 10
4.878478613058776
 20
55.13274411680504
 30
0.0
 11
4.878478613058781
 21
54.6
 31
0.0
  0
LINE
  5
65B
330
1F
100
AcDbEntity
  8
AM_9
100
AcDbLine
 10
7.152613409428668
 20
55.13274411680504
 30
0.0
 11
7.152613409428668
 21
54.6
 31
0.0
  0
LINE
  5
65C
330
1F
100
AcDbEntity
  8
AM_9
100
AcDbLine
 10
4.608999999999998
 20
55.13274411680504
 30
0.0
 11
4.608999999999998
 21
54.6
 31
0.0
  0
LINE
  5
65D
330
1F
100
AcDbEntity
  8
AM_9
100
AcDbLine
 10
16.11833782979772
 20
56.158
 30
0.0
 11
16.11833782979772
 21
54.6
 31
0.0
  0
LINE
  5
65E
330
1F
100
AcDbEntity
  8
AM_9
100
AcDbLine
 10
16.90456151210202
 20
56.158
 30
0.0
 11
16.90456151210202
 21
54.6
 31
0.0
  0
LINE
  5
65F
330
1F
100
AcDbEntity
  8
AM_0
100
AcDbLine
 10
16.9805
 20
56.12918614371601
 30
0.0
 11
16.9805
 21
56.158
 31
0.0
  0
LINE
  5
660
330
1F
100
AcDbEntity
  8
AM_9
100
AcDbLine
 10
16.9805
 20
54.6
 30
0.0
 11
16.9805
 21
56.12918614371601
 31
0.0
  0
LINE
  5
661
330
1F
100
AcDbEntity
  8
AM_9
100
AcDbLine
 10
-11.21766217020228
 20
56.158
 30
0.0
 11
-11.21766217020228
 21
54.6
 31
0.0
  0
LINE
  5
662
330
1F
100
AcDbEntity
  8
AM_9
100
AcDbLine
 10
-10.43143848789798
 20
56.158
 30
0.0
 11
-10.43143848789798
 21
54.6
 31
0.0
  0
LINE
  5
663
330
1F
100
AcDbEntity
  8
AM_0
100
AcDbLine
 10
-10.3555
 20
56.12918614371601
 30
0.0
 11
-10.3555
 21
56.158
 31
0.0
  0
LINE
  5
664
330
1F
100
AcDbEntity
  8
AM_9
100
AcDbLine
 10
-10.3555
 20
54.6
 30
0.0
 11
-10.3555
 21
56.12918614371601
 31
0.0
  0
LINE
  5
665
330
1F
100
AcDbEntity
  8
AM_9
100
AcDbLine
 10
-22.87969107597488
 20
55.05477721156601
 30
0.0
 11
-22.87969107597492
 21
54.6
 31
0.0
  0
LINE
  5
666
330
1F
100
AcDbEntity
  8
AM_9
100
AcDbLine
 10
-20.49243625235952
 20
55.05477721156601
 30
0.0
 11
-20.49243625235956
 21
54.6
 31
0.0
  0
LINE
  5
667
330
1F
100
AcDbEntity
  8
AM_9
100
AcDbLine
 10
-23.164
 20
55.05477721156601
 30
0.0
 11
-23.164
 21
54.6
 31
0.0
  0
LINE
  5
668
330
1F
100
AcDbEntity
  8
AM_9
100
AcDbLine
 10
4.456308924025065
 20
55.05477721156599
 30
0.0
 11
4.456308924025076
 21
54.6
 31
0.0
  0
LINE
  5
669
330
1F
100
AcDbEntity
  8
AM_9
100
AcDbLine
 10
6.843563747640431
 20
55.05477721156599
 30
0.0
 11
6.843563747640443
 21
54.6
 31
0.0
  0
LINE
  5
66A
330
1F
100
AcDbEntity
  8
AM_9
100
AcDbLine
 10
4.171999999999996
 20
55.05477721156599
 30
0.0
 11
4.171999999999996
 21
54.6
 31
0.0
  0
LINE
  5
66B
330
1F
100
AcDbEntity
  8
AM_9
100
AcDbLine
 10
-22.99561772317975
 20
55.03336753507014
 30
0.0
 11
-22.99561772317974
 21
54.6
 31
0.0
  0
LINE
  5
66C
330
1F
100
AcDbEntity
  8
AM_9
100
AcDbLine
 10
-20.57730044806459
 20
55.03336753507015
 30
0.0
 11
-20.57730044806459
 21
54.6
 31
0.0
  0
LINE
  5
66D
330
1F
100
AcDbEntity
  8
AM_9
100
AcDbLine
 10
-23.284
 20
55.03336753507015
 30
0.0
 11
-23.284
 21
54.6
 31
0.0
  0
LINE
  5
66E
330
1F
100
AcDbEntity
  8
AM_9
100
AcDbLine
 10
-22.99561772317975
 20
55.03336753507014
 30
0.0
 11
-22.87969107597488
 21
55.05477721156601
 31
0.0
  0
LINE
  5
66F
330
1F
100
AcDbEntity
  8
AM_9
100
AcDbLine
 10
-23.16399999999996
 20
55.05477721156601
 30
0.0
 11
-23.28399999999999
 21
55.03336753507015
 31
0.0
  0
LINE
  5
670
330
1F
100
AcDbEntity
  8
AM_9
100
AcDbLine
 10
4.340382276820254
 20
55.03336753507014
 30
0.0
 11
4.456308924025065
 21
55.05477721156599
 31
0.0
  0
LINE
  5
671
330
1F
100
AcDbEntity
  8
AM_9
100
AcDbLine
 10
4.171999999999985
 20
55.05477721156599
 30
0.0
 11
4.051999999999995
 21
55.03336753507014
 31
0.0
  0
LINE
  5
672
330
1F
100
AcDbEntity
  8
AM_9
100
AcDbLine
 10
4.340382276820254
 20
55.03336753507014
 30
0.0
 11
4.34038227682026
 21
54.6
 31
0.0
  0
LINE
  5
673
330
1F
100
AcDbEntity
  8
AM_9
100
AcDbLine
 10
6.758699551935398
 20
55.03336753507014
 30
0.0
 11
6.7586995519354
 21
54.6
 31
0.0
  0
LINE
  5
674
330
1F
100
AcDbEntity
  8
AM_9
100
AcDbLine
 10
4.051999999999999
 20
55.03336753507014
 30
0.0
 11
4.051999999999999
 21
54.6
 31
0.0
  0
LINE
  5
675
330
1F
100
AcDbEntity
  8
AM_9
100
AcDbLine
 10
-11.10334270419341
 20
56.12918614371601
 30
0.0
 11
-11.10334270419341
 21
54.6
 31
0.0
  0
LINE
  5
676
330
1F
100
AcDbEntity
  8
AM_9
100
AcDbLine
 10
-10.27527519318278
 20
56.12918614371601
 30
0.0
 11
-10.27527519318278
 21
54.6
 31
0.0
  0
LINE
  5
677
330
1F
100
AcDbEntity
  8
AM_9
100
AcDbLine
 10
-10.194
 20
54.6
 30
0.0
 11
-10.194
 21
56.12918614371601
 31
0.0
  0
LINE
  5
678
330
1F
100
AcDbEntity
  8
AM_9
100
AcDbLine
 10
16.2326572958066
 20
56.12918614371601
 30
0.0
 11
16.2326572958066
 21
54.6
 31
0.0
  0
LINE
  5
679
330
1F
100
AcDbEntity
  8
AM_9
100
AcDbLine
 10
17.06072480681722
 20
56.12918614371601
 30
0.0
 11
17.06072480681722
 21
54.6
 31
0.0
  0
LINE
  5
67A
330
1F
100
AcDbEntity
  8
AM_9
100
AcDbLine
 10
17.142
 20
54.6
 30
0.0
 11
17.142
 21
56.12918614371601
 31
0.0
  0
LINE
  5
67B
330
1F
100
AcDbEntity
  8
AM_9
100
AcDbLine
 10
-11.10334270419341
 20
56.12918614371601
 30
0.0
 11
-11.02477656046176
 21
56.10938219295735
 31
0.0
  0
LINE
  5
67C
330
1F
100
AcDbEntity
  8
AM_0
100
AcDbLine
 10
-10.915
 20
56.12918614371601
 30
0.0
 11
-10.194
 21
56.12918614371601
 31
0.0
  0
LINE
  5
67D
330
1F
100
AcDbEntity
  8
AM_0
100
AcDbLine
 10
-10.083
 20
56.10938219295735
 30
0.0
 11
-10.19400000000001
 21
56.12918614371601
 31
0.0
  0
LINE
  5
67E
330
1F
100
AcDbEntity
  8
AM_9
100
AcDbLine
 10
-11.02477656046176
 20
56.10938219295735
 30
0.0
 11
-11.02477656046176
 21
54.6
 31
0.0
  0
LINE
  5
67F
330
1F
100
AcDbEntity
  8
AM_9
100
AcDbLine
 10
-10.16795184496798
 20
56.10938219295735
 30
0.0
 11
-10.16795184496798
 21
54.6
 31
0.0
  0
LINE
  5
680
330
1F
100
AcDbEntity
  8
AM_0
100
AcDbLine
 10
-10.81811727505018
 20
56.10938219295735
 30
0.0
 11
-10.083
 21
56.10938219295735
 31
0.0
  0
LINE
  5
681
330
1F
100
AcDbEntity
  8
AM_0
100
AcDbLine
 10
-10.083
 20
56.04979192671056
 30
0.0
 11
-10.083
 21
56.10938219295735
 31
0.0
  0
LINE
  5
682
330
1F
100
AcDbEntity
  8
AM_9
100
AcDbLine
 10
-10.083
 20
54.6
 30
0.0
 11
-10.083
 21
56.04979192671056
 31
0.0
  0
LINE
  5
683
330
1F
100
AcDbEntity
  8
AM_9
100
AcDbLine
 10
16.2326572958066
 20
56.12918614371601
 30
0.0
 11
16.31122343953824
 21
56.10938219295735
 31
0.0
  0
LINE
  5
684
330
1F
100
AcDbEntity
  8
AM_0
100
AcDbLine
 10
16.43438669947337
 20
56.12918614371601
 30
0.0
 11
17.14199999999998
 21
56.12918614371601
 31
0.0
  0
LINE
  5
685
330
1F
100
AcDbEntity
  8
AM_0
100
AcDbLine
 10
17.25299999999999
 20
56.10938219295735
 30
0.0
 11
17.142
 21
56.12918614371601
 31
0.0
  0
LINE
  5
686
330
1F
100
AcDbEntity
  8
AM_9
100
AcDbLine
 10
16.31122343953824
 20
56.10938219295735
 30
0.0
 11
16.31122343953824
 21
54.6
 31
0.0
  0
LINE
  5
687
330
1F
100
AcDbEntity
  8
AM_9
100
AcDbLine
 10
17.16804815503201
 20
56.10938219295735
 30
0.0
 11
17.16804815503202
 21
54.6
 31
0.0
  0
LINE
  5
688
330
1F
100
AcDbEntity
  8
AM_0
100
AcDbLine
 10
16.51788272494981
 20
56.10938219295735
 30
0.0
 11
17.25299999999999
 21
56.10938219295735
 31
0.0
  0
LINE
  5
689
330
1F
100
AcDbEntity
  8
AM_0
100
AcDbLine
 10
17.253
 20
56.04979192671056
 30
0.0
 11
17.253
 21
56.10938219295735
 31
0.0
  0
LINE
  5
68A
330
1F
100
AcDbEntity
  8
AM_9
100
AcDbLine
 10
17.253
 20
54.6
 30
0.0
 11
17.253
 21
56.04979192671056
 31
0.0
  0
LINE
  5
68B
330
1F
100
AcDbEntity
  8
AM_9
100
AcDbLine
 10
-23.41874683522177
 20
54.9552222158603
 30
0.0
 11
-23.41874683522174
 21
54.6
 31
0.0
  0
LINE
  5
68C
330
1F
100
AcDbEntity
  8
AM_9
100
AcDbLine
 10
-20.88705245624087
 20
54.9552222158603
 30
0.0
 11
-20.88705245624086
 21
54.6
 31
0.0
  0
LINE
  5
68D
330
1F
100
AcDbEntity
  8
AM_9
100
AcDbLine
 10
-23.72199999999999
 20
54.9552222158603
 30
0.0
 11
-23.72199999999999
 21
54.6
 31
0.0
  0
LINE
  5
68E
330
1F
100
AcDbEntity
  8
AM_9
100
AcDbLine
 10
3.917253164778254
 20
54.9552222158603
 30
0.0
 11
3.917253164778252
 21
54.6
 31
0.0
  0
LINE
  5
68F
330
1F
100
AcDbEntity
  8
AM_9
100
AcDbLine
 10
6.448947543759148
 20
54.9552222158603
 30
0.0
 11
6.448947543759149
 21
54.6
 31
0.0
  0
LINE
  5
690
330
1F
100
AcDbEntity
  8
AM_9
100
AcDbLine
 10
3.613999999999993
 20
54.9552222158603
 30
0.0
 11
3.613999999999993
 21
54.6
 31
0.0
  0
LINE
  5
691
330
1F
100
AcDbEntity
  8
AM_9
100
AcDbLine
 10
-23.53467181378952
 20
54.93381253936444
 30
0.0
 11
-23.5346718137895
 21
54.6
 31
0.0
  0
LINE
  5
692
330
1F
100
AcDbEntity
  8
AM_9
100
AcDbLine
 10
-20.97191543041878
 20
54.93381253936445
 30
0.0
 11
-20.97191543041878
 21
54.6
 31
0.0
  0
LINE
  5
693
330
1F
100
AcDbEntity
  8
AM_9
100
AcDbLine
 10
-23.842
 20
54.93381253936445
 30
0.0
 11
-23.842
 21
54.6
 31
0.0
  0
LINE
  5
694
330
1F
100
AcDbEntity
  8
AM_9
100
AcDbLine
 10
3.801328186210473
 20
54.93381253936444
 30
0.0
 11
3.801328186210498
 21
54.6
 31
0.0
  0
LINE
  5
695
330
1F
100
AcDbEntity
  8
AM_9
100
AcDbLine
 10
6.364084569581217
 20
54.93381253936445
 30
0.0
 11
6.364084569581221
 21
54.6
 31
0.0
  0
LINE
  5
696
330
1F
100
AcDbEntity
  8
AM_9
100
AcDbLine
 10
3.494
 20
54.93381253936445
 30
0.0
 11
3.494
 21
54.6
 31
0.0
  0
LINE
  5
697
330
1F
100
AcDbEntity
  8
AM_9
100
AcDbLine
 10
-23.53467181378952
 20
54.93381253936444
 30
0.0
 11
-23.41874683522177
 21
54.9552222158603
 31
0.0
  0
LINE
  5
698
330
1F
100
AcDbEntity
  8
AM_9
100
AcDbLine
 10
-23.72200000000002
 20
54.9552222158603
 30
0.0
 11
-23.842
 21
54.93381253936445
 31
0.0
  0
LINE
  5
699
330
1F
100
AcDbEntity
  8
AM_9
100
AcDbLine
 10
3.801328186210473
 20
54.93381253936444
 30
0.0
 11
3.917253164778254
 21
54.9552222158603
 31
0.0
  0
LINE
  5
69A
330
1F
100
AcDbEntity
  8
AM_9
100
AcDbLine
 10
3.613999999999996
 20
54.9552222158603
 30
0.0
 11
3.493999999999998
 21
54.93381253936445
 31
0.0
  0
LINE
  5
69B
330
1F
100
AcDbEntity
  8
AM_9
100
AcDbLine
 10
3.379170709574512
 20
54.8558456341254
 30
0.0
 11
3.379170709574512
 21
54.6
 31
0.0
  0
LINE
  5
69C
330
1F
100
AcDbEntity
  8
AM_9
100
AcDbLine
 10
6.055043847888606
 20
54.8558456341254
 30
0.0
 11
6.055043847888607
 21
54.6
 31
0.0
  0
LINE
  5
69D
330
1F
100
AcDbEntity
  8
AM_9
100
AcDbLine
 10
3.056999999999994
 20
54.8558456341254
 30
0.0
 11
3.056999999999994
 21
54.6
 31
0.0
  0
LINE
  5
69E
330
1F
100
AcDbEntity
  8
AM_9
100
AcDbLine
 10
-23.95682929042552
 20
54.85584563412539
 30
0.0
 11
-23.95682929042549
 21
54.6
 31
0.0
  0
LINE
  5
69F
330
1F
100
AcDbEntity
  8
AM_9
100
AcDbLine
 10
-21.28095615211141
 20
54.85584563412539
 30
0.0
 11
-21.2809561521114
 21
54.6
 31
0.0
  0
LINE
  5
6A0
330
1F
100
AcDbEntity
  8
AM_9
100
AcDbLine
 10
-24.279
 20
54.85584563412539
 30
0.0
 11
-24.279
 21
54.6
 31
0.0
  0
LINE
  5
6A1
330
1F
100
AcDbEntity
  8
AM_9
100
AcDbLine
 10
-10.625
 20
5.738
 30
0.0
 11
-10.62499999999999
 21
5.167
 31
0.0
  0
LINE
  5
6A2
330
1F
100
AcDbEntity
  8
AM_9
100
AcDbLine
 10
10.625
 20
5.226999999999999
 30
0.0
 11
-10.625
 21
5.226999999999999
 31
0.0
  0
LINE
  5
6A3
330
1F
100
AcDbEntity
  8
AM_9
100
AcDbLine
 10
-26.625
 20
5.167
 30
0.0
 11
-26.625
 21
2.964
 31
0.0
  0
LINE
  5
6A4
330
1F
100
AcDbEntity
  8
AM_9
100
AcDbLine
 10
26.625
 20
5.107
 30
0.0
 11
-26.625
 21
5.107
 31
0.0
  0
LINE
  5
6A5
330
1F
100
AcDbEntity
  8
AM_9
100
AcDbLine
 10
26.625
 20
5.167
 30
0.0
 11
26.625
 21
2.964
 31
0.0
  0
LINE
  5
6A6
330
1F
100
AcDbEntity
  8
AM_9
100
AcDbLine
 10
26.625
 20
5.167
 30
0.0
 11
-26.625
 21
5.167
 31
0.0
  0
LINE
  5
6A7
330
1F
100
AcDbEntity
  8
AM_9
100
AcDbLine
 10
10.625
 20
5.738
 30
0.0
 11
10.625
 21
5.167
 31
0.0
  0
LINE
  5
6A8
330
1F
100
AcDbEntity
  8
AM_9
100
AcDbLine
 10
3.263247142406049
 20
54.83443595762955
 30
0.0
 11
3.379170709574512
 21
54.8558456341254
 31
0.0
  0
LINE
  5
6A9
330
1F
100
AcDbEntity
  8
AM_9
100
AcDbLine
 10
3.447995828600454
 20
54.8558456341254
 30
0.0
 11
3.056999999999996
 21
54.8558456341254
 31
0.0
  0
LINE
  5
6AA
330
1F
100
AcDbEntity
  8
AM_9
100
AcDbLine
 10
3.056999999999997
 20
54.8558456341254
 30
0.0
 11
2.937000000000005
 21
54.83443595762955
 31
0.0
  0
LINE
  5
6AB
330
1F
100
AcDbEntity
  8
AM_9
100
AcDbLine
 10
3.263247142406049
 20
54.83443595762955
 30
0.0
 11
3.263247142406032
 21
54.6
 31
0.0
  0
LINE
  5
6AC
330
1F
100
AcDbEntity
  8
AM_9
100
AcDbLine
 10
5.970181906926661
 20
54.83443595762955
 30
0.0
 11
5.97018190692666
 21
54.6
 31
0.0
  0
LINE
  5
6AD
330
1F
100
AcDbEntity
  8
AM_9
100
AcDbLine
 10
3.333275655793817
 20
54.83443595762955
 30
0.0
 11
2.937000000000014
 21
54.83443595762955
 31
0.0
  0
LINE
  5
6AE
330
1F
100
AcDbEntity
  8
AM_9
100
AcDbLine
 10
2.936999999999994
 20
54.83443595762955
 30
0.0
 11
2.936999999999994
 21
54.6
 31
0.0
  0
LINE
  5
6AF
330
1F
100
AcDbEntity
  8
AM_9
100
AcDbLine
 10
-24.07275285759398
 20
54.83443595762954
 30
0.0
 11
-24.07275285759396
 21
54.6
 31
0.0
  0
LINE
  5
6B0
330
1F
100
AcDbEntity
  8
AM_9
100
AcDbLine
 10
-21.36581809307335
 20
54.83443595762954
 30
0.0
 11
-21.36581809307335
 21
54.6
 31
0.0
  0
LINE
  5
6B1
330
1F
100
AcDbEntity
  8
AM_9
100
AcDbLine
 10
-24.399
 20
54.83443595762954
 30
0.0
 11
-24.399
 21
54.6
 31
0.0
  0
LINE
  5
6B2
330
1F
100
AcDbEntity
  8
AM_9
100
AcDbLine
 10
-24.07275285759398
 20
54.83443595762954
 30
0.0
 11
-23.95682929042552
 21
54.85584563412539
 31
0.0
  0
LINE
  5
6B3
330
1F
100
AcDbEntity
  8
AM_9
100
AcDbLine
 10
-23.88800417139959
 20
54.85584563412539
 30
0.0
 11
-24.27900000000003
 21
54.85584563412539
 31
0.0
  0
LINE
  5
6B4
330
1F
100
AcDbEntity
  8
AM_9
100
AcDbLine
 10
-24.00272434420622
 20
54.83443595762954
 30
0.0
 11
-24.39900000000002
 21
54.83443595762954
 31
0.0
  0
LINE
  5
6B5
330
1F
100
AcDbEntity
  8
AM_9
100
AcDbLine
 10
-24.27900000000003
 20
54.85584563412539
 30
0.0
 11
-24.399
 21
54.83443595762954
 31
0.0
  0
LINE
  5
6B6
330
1F
100
AcDbEntity
  8
AM_9
100
AcDbLine
 10
16.54760323175433
 20
56.04979192671057
 30
0.0
 11
16.54760323175433
 21
54.6
 31
0.0
  0
LINE
  5
6B7
330
1F
100
AcDbEntity
  8
AM_9
100
AcDbLine
 10
17.49094895614048
 20
56.04979192671057
 30
0.0
 11
17.49094895614048
 21
54.6
 31
0.0
  0
LINE
  5
6B8
330
1F
100
AcDbEntity
  8
AM_9
100
AcDbLine
 10
17.587
 20
54.6
 30
0.0
 11
17.587
 21
56.04979192671057
 31
0.0
  0
LINE
  5
6B9
330
1F
100
AcDbEntity
  8
AM_9
100
AcDbLine
 10
-10.78839676824567
 20
56.04979192671057
 30
0.0
 11
-10.78839676824567
 21
54.6
 31
0.0
  0
LINE
  5
6BA
330
1F
100
AcDbEntity
  8
AM_9
100
AcDbLine
 10
-9.845051043859518
 20
56.04979192671057
 30
0.0
 11
-9.845051043859518
 21
54.6
 31
0.0
  0
LINE
  5
6BB
330
1F
100
AcDbEntity
  8
AM_9
100
AcDbLine
 10
-9.748999999999999
 20
54.6
 30
0.0
 11
-9.748999999999999
 21
56.04979192671057
 31
0.0
  0
LINE
  5
6BC
330
1F
100
AcDbEntity
  8
AM_9
100
AcDbLine
 10
-24.5074638505726
 20
54.75414967077012
 30
0.0
 11
-24.50746385057262
 21
54.6
 31
0.0
  0
LINE
  5
6BD
330
1F
100
AcDbEntity
  8
AM_9
100
AcDbLine
 10
-21.68404862654242
 20
54.75414967077012
 30
0.0
 11
-21.68404862654244
 21
54.6
 31
0.0
  0
LINE
  5
6BE
330
1F
100
AcDbEntity
  8
AM_9
100
AcDbLine
 10
-24.849
 20
54.75414967077012
 30
0.0
 11
-24.849
 21
54.6
 31
0.0
  0
LINE
  5
6BF
330
1F
100
AcDbEntity
  8
AM_9
100
AcDbLine
 10
2.828536149427358
 20
54.75414967077011
 30
0.0
 11
2.828536149427385
 21
54.6
 31
0.0
  0
LINE
  5
6C0
330
1F
100
AcDbEntity
  8
AM_9
100
AcDbLine
 10
5.651951373457551
 20
54.75414967077011
 30
0.0
 11
5.651951373457571
 21
54.6
 31
0.0
  0
LINE
  5
6C1
330
1F
100
AcDbEntity
  8
AM_9
100
AcDbLine
 10
2.487000000000001
 20
54.75414967077011
 30
0.0
 11
2.487000000000001
 21
54.6
 31
0.0
  0
LINE
  5
6C2
330
1F
100
AcDbEntity
  8
AM_9
100
AcDbLine
 10
16.54760323175433
 20
56.04979192671057
 30
0.0
 11
16.63252176894244
 21
56.02838225021472
 31
0.0
  0
LINE
  5
6C3
330
1F
100
AcDbEntity
  8
AM_0
100
AcDbLine
 10
16.76913096826706
 20
56.04979192671057
 30
0.0
 11
17.587
 21
56.04979192671057
 31
0.0
  0
LINE
  5
6C4
330
1F
100
AcDbEntity
  8
AM_0
100
AcDbLine
 10
17.70699999999999
 20
56.02838225021472
 30
0.0
 11
17.587
 21
56.04979192671057
 31
0.0
  0
LINE
  5
6C5
330
1F
100
AcDbEntity
  8
AM_9
100
AcDbLine
 10
16.63252176894244
 20
56.02838225021472
 30
0.0
 11
16.63252176894245
 21
54.6
 31
0.0
  0
LINE
  5
6C6
330
1F
100
AcDbEntity
  8
AM_9
100
AcDbLine
 10
17.60694983519164
 20
56.02838225021473
 30
0.0
 11
17.60694983519166
 21
54.6
 31
0.0
  0
LINE
  5
6C7
330
1F
100
AcDbEntity
  8
AM_0
100
AcDbLine
 10
16.85940175638206
 20
56.02838225021473
 30
0.0
 11
17.70699999999997
 21
56.02838225021473
 31
0.0
  0
LINE
  5
6C8
330
1F
100
AcDbEntity
  8
AM_0
100
AcDbLine
 10
17.707
 20
55.94827437732609
 30
0.0
 11
17.707
 21
56.02838225021472
 31
0.0
  0
LINE
  5
6C9
330
1F
100
AcDbEntity
  8
AM_9
100
AcDbLine
 10
17.707
 20
54.6
 30
0.0
 11
17.707
 21
55.94827437732609
 31
0.0
  0
LINE
  5
6CA
330
1F
100
AcDbEntity
  8
AM_9
100
AcDbLine
 10
-10.70347823105756
 20
56.02838225021472
 30
0.0
 11
-10.70347823105755
 21
54.6
 31
0.0
  0
LINE
  5
6CB
330
1F
100
AcDbEntity
  8
AM_9
100
AcDbLine
 10
-9.729050164808351
 20
56.02838225021473
 30
0.0
 11
-9.729050164808337
 21
54.6
 31
0.0
  0
LINE
  5
6CC
330
1F
100
AcDbEntity
  8
AM_0
100
AcDbLine
 10
-9.629
 20
55.94827437732608
 30
0.0
 11
-9.629
 21
56.02838225021472
 31
0.0
  0
LINE
  5
6CD
330
1F
100
AcDbEntity
  8
AM_9
100
AcDbLine
 10
-9.629
 20
54.6
 30
0.0
 11
-9.629
 21
55.94827437732608
 31
0.0
  0
LINE
  5
6CE
330
1F
100
AcDbEntity
  8
AM_9
100
AcDbLine
 10
-10.78839676824567
 20
56.04979192671057
 30
0.0
 11
-10.70347823105756
 21
56.02838225021472
 31
0.0
  0
LINE
  5
6CF
330
1F
100
AcDbEntity
  8
AM_0
100
AcDbLine
 10
-10.47659824361793
 20
56.02838225021473
 30
0.0
 11
-9.629000000000016
 21
56.02838225021473
 31
0.0
  0
LINE
  5
6D0
330
1F
100
AcDbEntity
  8
AM_0
100
AcDbLine
 10
-10.56686903173295
 20
56.04979192671057
 30
0.0
 11
-9.749000000000038
 21
56.04979192671057
 31
0.0
  0
LINE
  5
6D1
330
1F
100
AcDbEntity
  8
AM_0
100
AcDbLine
 10
-9.628999999999998
 20
56.02838225021472
 30
0.0
 11
-9.749000000000002
 21
56.04979192671057
 31
0.0
  0
LINE
  5
6D2
330
1F
100
AcDbEntity
  8
AM_9
100
AcDbLine
 10
-24.6233861851479
 20
54.73273999427426
 30
0.0
 11
-24.62338618514788
 21
54.6
 31
0.0
  0
LINE
  5
6D3
330
1F
100
AcDbEntity
  8
AM_9
100
AcDbLine
 10
-21.76890966518352
 20
54.73273999427426
 30
0.0
 11
-21.76890966518352
 21
54.6
 31
0.0
  0
LINE
  5
6D4
330
1F
100
AcDbEntity
  8
AM_9
100
AcDbLine
 10
-24.969
 20
54.73273999427426
 30
0.0
 11
-24.969
 21
54.6
 31
0.0
  0
LINE
  5
6D5
330
1F
100
AcDbEntity
  8
AM_9
100
AcDbLine
 10
-24.6233861851479
 20
54.73273999427426
 30
0.0
 11
-24.5074638505726
 21
54.75414967077012
 31
0.0
  0
LINE
  5
6D6
330
1F
100
AcDbEntity
  8
AM_9
100
AcDbLine
 10
-24.84899999999997
 20
54.75414967077012
 30
0.0
 11
-24.969
 21
54.73273999427427
 31
0.0
  0
LINE
  5
6D7
330
1F
100
AcDbEntity
  8
AM_9
100
AcDbLine
 10
2.712613814852126
 20
54.73273999427427
 30
0.0
 11
2.828536149427358
 21
54.75414967077011
 31
0.0
  0
LINE
  5
6D8
330
1F
100
AcDbEntity
  8
AM_9
100
AcDbLine
 10
2.486999999999977
 20
54.75414967077011
 30
0.0
 11
2.367000000000002
 21
54.73273999427427
 31
0.0
  0
LINE
  5
6D9
330
1F
100
AcDbEntity
  8
AM_9
100
AcDbLine
 10
2.712613814852126
 20
54.73273999427427
 30
0.0
 11
2.712613814852124
 21
54.6
 31
0.0
  0
LINE
  5
6DA
330
1F
100
AcDbEntity
  8
AM_9
100
AcDbLine
 10
5.567090334816479
 20
54.73273999427427
 30
0.0
 11
5.567090334816481
 21
54.6
 31
0.0
  0
LINE
  5
6DB
330
1F
100
AcDbEntity
  8
AM_9
100
AcDbLine
 10
2.366999999999998
 20
54.73273999427427
 30
0.0
 11
2.366999999999998
 21
54.6
 31
0.0
  0
LINE
  5
6DC
330
1F
100
AcDbEntity
  8
AM_9
100
AcDbLine
 10
14.38626610803541
 20
55.66
 30
0.0
 11
14.38626610803541
 21
56.158
 31
0.0
  0
LINE
  5
6DD
330
1F
100
AcDbEntity
  8
AM_9
100
AcDbLine
 10
16.57212022657867
 20
55.66
 30
0.0
 11
16.57212022657867
 21
56.158
 31
0.0
  0
LINE
  5
6DE
330
1F
100
AcDbEntity
  8
AM_9
100
AcDbLine
 10
-12.94973389196459
 20
55.66
 30
0.0
 11
-12.94973389196459
 21
56.158
 31
0.0
  0
LINE
  5
6DF
330
1F
100
AcDbEntity
  8
AM_9
100
AcDbLine
 10
-10.76387977342133
 20
55.66
 30
0.0
 11
-10.76387977342133
 21
56.158
 31
0.0
  0
LINE
  5
6E0
330
1F
100
AcDbEntity
  8
AM_9
100
AcDbLine
 10
-25.03587462742998
 20
54.6565572287432
 30
0.0
 11
-25.03587462742996
 21
54.6
 31
0.0
  0
LINE
  5
6E1
330
1F
100
AcDbEntity
  8
AM_9
100
AcDbLine
 10
-22.07087216246897
 20
54.6565572287432
 30
0.0
 11
-22.07087216246895
 21
54.6
 31
0.0
  0
LINE
  5
6E2
330
1F
100
AcDbEntity
  8
AM_9
100
AcDbLine
 10
-25.396
 20
54.6565572287432
 30
0.0
 11
-25.396
 21
54.6
 31
0.0
  0
LINE
  5
6E3
330
1F
100
AcDbEntity
  8
AM_9
100
AcDbLine
 10
2.300125372570057
 20
54.6565572287432
 30
0.0
 11
2.30012537257004
 21
54.6
 31
0.0
  0
LINE
  5
6E4
330
1F
100
AcDbEntity
  8
AM_9
100
AcDbLine
 10
5.265127837531063
 20
54.6565572287432
 30
0.0
 11
5.265127837531053
 21
54.6
 31
0.0
  0
LINE
  5
6E5
330
1F
100
AcDbEntity
  8
AM_9
100
AcDbLine
 10
1.939999999999996
 20
54.6565572287432
 30
0.0
 11
1.939999999999996
 21
54.6
 31
0.0
  0
LINE
  5
6E6
330
1F
100
AcDbEntity
  8
AM_9
100
AcDbLine
 10
-14.28528981003792
 20
55.66
 30
0.0
 11
-14.28528981003792
 21
56.158
 31
0.0
  0
LINE
  5
6E7
330
1F
100
AcDbEntity
  8
AM_9
100
AcDbLine
 10
-16.54880801131343
 20
55.66
 30
0.0
 11
-16.54880801131343
 21
56.158
 31
0.0
  0
LINE
  5
6E8
330
1F
100
AcDbEntity
  8
AM_9
100
AcDbLine
 10
13.05071018996207
 20
55.66
 30
0.0
 11
13.05071018996207
 21
56.158
 31
0.0
  0
LINE
  5
6E9
330
1F
100
AcDbEntity
  8
AM_9
100
AcDbLine
 10
10.78719198868656
 20
55.66
 30
0.0
 11
10.78719198868656
 21
56.158
 31
0.0
  0
LINE
  5
6EA
330
1F
100
AcDbEntity
  8
AM_9
100
AcDbLine
 10
-25.15179594331967
 20
54.63514755224735
 30
0.0
 11
-25.15179594331964
 21
54.6
 31
0.0
  0
LINE
  5
6EB
330
1F
100
AcDbEntity
  8
AM_9
100
AcDbLine
 10
-22.15573245538043
 20
54.63514755224736
 30
0.0
 11
-22.15573245538044
 21
54.6
 31
0.0
  0
LINE
  5
6EC
330
1F
100
AcDbEntity
  8
AM_9
100
AcDbLine
 10
-25.51599999999999
 20
54.63514755224736
 30
0.0
 11
-25.51599999999999
 21
54.6
 31
0.0
  0
LINE
  5
6ED
330
1F
100
AcDbEntity
  8
AM_9
100
AcDbLine
 10
-25.15179594331967
 20
54.63514755224735
 30
0.0
 11
-25.03587462742998
 21
54.6565572287432
 31
0.0
  0
LINE
  5
6EE
330
1F
100
AcDbEntity
  8
AM_9
100
AcDbLine
 10
-25.39600000000002
 20
54.6565572287432
 30
0.0
 11
-25.51600000000001
 21
54.63514755224735
 31
0.0
  0
LINE
  5
6EF
330
1F
100
AcDbEntity
  8
AM_9
100
AcDbLine
 10
2.184204056680364
 20
54.63514755224736
 30
0.0
 11
2.18420405668036
 21
54.6
 31
0.0
  0
LINE
  5
6F0
330
1F
100
AcDbEntity
  8
AM_9
100
AcDbLine
 10
5.180267544619564
 20
54.63514755224736
 30
0.0
 11
5.180267544619564
 21
54.6
 31
0.0
  0
LINE
  5
6F1
330
1F
100
AcDbEntity
  8
AM_9
100
AcDbLine
 10
1.819999999999993
 20
54.63514755224736
 30
0.0
 11
1.819999999999993
 21
54.6
 31
0.0
  0
LINE
  5
6F2
330
1F
100
AcDbEntity
  8
AM_9
100
AcDbLine
 10
2.184204056680364
 20
54.63514755224736
 30
0.0
 11
2.300125372570057
 21
54.6565572287432
 31
0.0
  0
LINE
  5
6F3
330
1F
100
AcDbEntity
  8
AM_9
100
AcDbLine
 10
1.940000000000017
 20
54.6565572287432
 30
0.0
 11
1.819999999999995
 21
54.63514755224736
 31
0.0
  0
LINE
  5
6F4
330
1F
100
AcDbEntity
  8
AM_9
100
AcDbLine
 10
14.40126526556258
 20
55.66
 30
0.0
 11
14.40126526556258
 21
56.158
 31
0.0
  0
LINE
  5
6F5
330
1F
100
AcDbEntity
  8
AM_9
100
AcDbLine
 10
-12.9347347344374
 20
55.66
 30
0.0
 11
-12.9347347344374
 21
56.158
 31
0.0
  0
LINE
  5
6F6
330
1F
100
AcDbEntity
  8
AM_9
100
AcDbLine
 10
-13.40145721237164
 20
55.66
 30
0.0
 11
-10.70323462217584
 21
55.66
 31
0.0
  0
LINE
  5
6F7
330
1F
100
AcDbEntity
  8
AM_9
100
AcDbLine
 10
13.93454278762837
 20
55.66
 30
0.0
 11
16.63276537782416
 21
55.66
 31
0.0
  0
LINE
  5
6F8
330
1F
100
AcDbEntity
  8
AM_9
100
AcDbLine
 10
-13.875
 20
55.818
 30
0.0
 11
-13.125
 21
55.818
 31
0.0
  0
LINE
  5
6F9
330
1F
100
AcDbEntity
  8
AM_9
100
AcDbLine
 10
-13.125
 20
55.818
 30
0.0
 11
-13.125
 21
56.158
 31
0.0
  0
LINE
  5
6FA
330
1F
100
AcDbEntity
  8
AM_9
100
AcDbLine
 10
-13.875
 20
55.818
 30
0.0
 11
-13.875
 21
56.158
 31
0.0
  0
LINE
  5
6FB
330
1F
100
AcDbEntity
  8
AM_9
100
AcDbLine
 10
13.875
 20
55.818
 30
0.0
 11
13.875
 21
56.158
 31
0.0
  0
LINE
  5
6FC
330
1F
100
AcDbEntity
  8
AM_9
100
AcDbLine
 10
13.125
 20
55.818
 30
0.0
 11
13.875
 21
55.818
 31
0.0
  0
LINE
  5
6FD
330
1F
100
AcDbEntity
  8
AM_9
100
AcDbLine
 10
13.125
 20
55.818
 30
0.0
 11
13.125
 21
56.158
 31
0.0
  0
LINE
  5
6FE
330
1F
100
AcDbEntity
  8
AM_9
100
AcDbLine
 10
13.03781966513137
 20
55.66
 30
0.0
 11
13.03781966513137
 21
56.158
 31
0.0
  0
LINE
  5
6FF
330
1F
100
AcDbEntity
  8
AM_9
100
AcDbLine
 10
-14.29818033486863
 20
55.66
 30
0.0
 11
-14.29818033486863
 21
56.158
 31
0.0
  0
LINE
  5
700
330
1F
100
AcDbEntity
  8
AM_9
100
AcDbLine
 10
16.95022742026528
 20
55.94827437732609
 30
0.0
 11
16.95022742026528
 21
54.6
 31
0.0
  0
LINE
  5
701
330
1F
100
AcDbEntity
  8
AM_9
100
AcDbLine
 10
18.04094382582453
 20
55.94827437732609
 30
0.0
 11
18.04094382582453
 21
54.6
 31
0.0
  0
LINE
  5
702
330
1F
100
AcDbEntity
  8
AM_9
100
AcDbLine
 10
18.156
 20
54.6
 30
0.0
 11
18.156
 21
55.94827437732609
 31
0.0
  0
LINE
  5
703
330
1F
100
AcDbEntity
  8
AM_9
100
AcDbLine
 10
-10.38577257973472
 20
55.94827437732609
 30
0.0
 11
-10.38577257973472
 21
54.6
 31
0.0
  0
LINE
  5
704
330
1F
100
AcDbEntity
  8
AM_9
100
AcDbLine
 10
-9.29505617417546
 20
55.94827437732609
 30
0.0
 11
-9.29505617417546
 21
54.6
 31
0.0
  0
LINE
  5
705
330
1F
100
AcDbEntity
  8
AM_9
100
AcDbLine
 10
-9.18
 20
54.6
 30
0.0
 11
-9.18
 21
55.94827437732609
 31
0.0
  0
LINE
  5
706
330
1F
100
AcDbEntity
  8
AM_9
100
AcDbLine
 10
17.03513052447479
 20
55.92686470083023
 30
0.0
 11
17.03513052447479
 21
54.6
 31
0.0
  0
LINE
  5
707
330
1F
100
AcDbEntity
  8
AM_9
100
AcDbLine
 10
18.15692362303486
 20
55.92686470083024
 30
0.0
 11
18.15692362303488
 21
54.6
 31
0.0
  0
LINE
  5
708
330
1F
100
AcDbEntity
  8
AM_0
100
AcDbLine
 10
18.276
 20
55.85068193529918
 30
0.0
 11
18.276
 21
55.92686470083023
 31
0.0
  0
LINE
  5
709
330
1F
100
AcDbEntity
  8
AM_9
100
AcDbLine
 10
18.276
 20
54.6
 30
0.0
 11
18.276
 21
55.85068193529918
 31
0.0
  0
LINE
  5
70A
330
1F
100
AcDbEntity
  8
AM_9
100
AcDbLine
 10
-10.38577257973472
 20
55.94827437732609
 30
0.0
 11
-10.30086947552521
 21
55.92686470083023
 31
0.0
  0
LINE
  5
70B
330
1F
100
AcDbEntity
  8
AM_0
100
AcDbLine
 10
-10.13883105026654
 20
55.94827437732608
 30
0.0
 11
-9.179999999999989
 21
55.94827437732608
 31
0.0
  0
LINE
  5
70C
330
1F
100
AcDbEntity
  8
AM_0
100
AcDbLine
 10
-9.06
 20
55.92686470083023
 30
0.0
 11
-9.179999999999996
 21
55.94827437732609
 31
0.0
  0
LINE
  5
70D
330
1F
100
AcDbEntity
  8
AM_9
100
AcDbLine
 10
16.95022742026528
 20
55.94827437732609
 30
0.0
 11
17.03513052447479
 21
55.92686470083023
 31
0.0
  0
LINE
  5
70E
330
1F
100
AcDbEntity
  8
AM_0
100
AcDbLine
 10
17.28744111149623
 20
55.92686470083024
 30
0.0
 11
18.27599999999997
 21
55.92686470083024
 31
0.0
  0
LINE
  5
70F
330
1F
100
AcDbEntity
  8
AM_0
100
AcDbLine
 10
17.19716894973344
 20
55.94827437732608
 30
0.0
 11
18.156
 21
55.94827437732608
 31
0.0
  0
LINE
  5
710
330
1F
100
AcDbEntity
  8
AM_0
100
AcDbLine
 10
18.276
 20
55.92686470083023
 30
0.0
 11
18.156
 21
55.94827437732609
 31
0.0
  0
LINE
  5
711
330
1F
100
AcDbEntity
  8
AM_9
100
AcDbLine
 10
-10.30086947552521
 20
55.92686470083023
 30
0.0
 11
-10.30086947552521
 21
54.6
 31
0.0
  0
LINE
  5
712
330
1F
100
AcDbEntity
  8
AM_9
100
AcDbLine
 10
-9.179076376965119
 20
55.92686470083024
 30
0.0
 11
-9.179076376965115
 21
54.6
 31
0.0
  0
LINE
  5
713
330
1F
100
AcDbEntity
  8
AM_0
100
AcDbLine
 10
-10.04855888850372
 20
55.92686470083023
 30
0.0
 11
-9.060000000000004
 21
55.92686470083023
 31
0.0
  0
LINE
  5
714
330
1F
100
AcDbEntity
  8
AM_0
100
AcDbLine
 10
-9.059999999999999
 20
55.85068193529917
 30
0.0
 11
-9.059999999999999
 21
55.92686470083023
 31
0.0
  0
LINE
  5
715
330
1F
100
AcDbEntity
  8
AM_9
100
AcDbLine
 10
-9.059999999999999
 20
54.6
 30
0.0
 11
-9.059999999999999
 21
55.85068193529917
 31
0.0
  0
LINE
  5
716
330
1F
100
AcDbEntity
  8
AM_9
100
AcDbLine
 10
-14.67554810481569
 20
56.158
 30
0.0
 11
-14.67554810481569
 21
54.6
 31
0.0
  0
LINE
  5
717
330
1F
100
AcDbEntity
  8
AM_9
100
AcDbLine
 10
12.66045189518431
 20
56.158
 30
0.0
 11
12.66045189518431
 21
54.6
 31
0.0
  0
LINE
  5
718
330
1F
100
AcDbEntity
  8
AM_9
100
AcDbLine
 10
-14.71739193352202
 20
56.129186143716
 30
0.0
 11
-14.71739193352201
 21
54.6
 31
0.0
  0
LINE
  5
719
330
1F
100
AcDbEntity
  8
AM_9
100
AcDbLine
 10
12.61860806647799
 20
56.12918614371601
 30
0.0
 11
12.61860806647799
 21
54.6
 31
0.0
  0
LINE
  5
71A
330
1F
100
AcDbEntity
  8
AM_9
100
AcDbLine
 10
12.58985086199482
 20
56.10938219295735
 30
0.0
 11
12.58985086199482
 21
54.6
 31
0.0
  0
LINE
  5
71B
330
1F
100
AcDbEntity
  8
AM_9
100
AcDbLine
 10
-14.74614913800518
 20
56.10938219295735
 30
0.0
 11
-14.74614913800517
 21
54.6
 31
0.0
  0
LINE
  5
71C
330
1F
100
AcDbEntity
  8
AM_9
100
AcDbLine
 10
12.58985086199482
 20
56.10938219295735
 30
0.0
 11
12.61860806647799
 21
56.12918614371601
 31
0.0
  0
LINE
  5
71D
330
1F
100
AcDbEntity
  8
AM_0
100
AcDbLine
 10
10.35628555429987
 20
56.12918614371601
 30
0.0
 11
12.55081744558841
 21
56.12918614371601
 31
0.0
  0
LINE
  5
71E
330
1F
100
AcDbEntity
  8
AM_0
100
AcDbLine
 10
10.24896220608506
 20
56.10938219295735
 30
0.0
 11
12.52003769120259
 21
56.10938219295735
 31
0.0
  0
LINE
  5
71F
330
1F
100
AcDbEntity
  8
AM_9
100
AcDbLine
 10
-14.74614913800518
 20
56.10938219295735
 30
0.0
 11
-14.71739193352202
 21
56.129186143716
 31
0.0
  0
LINE
  5
720
330
1F
100
AcDbEntity
  8
AM_0
100
AcDbLine
 10
-16.97971444570016
 20
56.129186143716
 30
0.0
 11
-14.78518255441177
 21
56.129186143716
 31
0.0
  0
LINE
  5
721
330
1F
100
AcDbEntity
  8
AM_0
100
AcDbLine
 10
-17.08703779391494
 20
56.10938219295735
 30
0.0
 11
-14.81596230879769
 21
56.10938219295735
 31
0.0
  0
LINE
  5
722
330
1F
100
AcDbEntity
  8
AM_9
100
AcDbLine
 10
-9.998775385891154
 20
55.85068193529918
 30
0.0
 11
-9.998775385891157
 21
54.6
 31
0.0
  0
LINE
  5
723
330
1F
100
AcDbEntity
  8
AM_9
100
AcDbLine
 10
-8.76640817619186
 20
55.85068193529918
 30
0.0
 11
-8.766408176191858
 21
54.6
 31
0.0
  0
LINE
  5
724
330
1F
100
AcDbEntity
  8
AM_9
100
AcDbLine
 10
-8.633000000000001
 20
54.6
 30
0.0
 11
-8.633000000000001
 21
55.85068193529918
 31
0.0
  0
LINE
  5
725
330
1F
100
AcDbEntity
  8
AM_9
100
AcDbLine
 10
17.33722461410885
 20
55.85068193529918
 30
0.0
 11
17.33722461410885
 21
54.6
 31
0.0
  0
LINE
  5
726
330
1F
100
AcDbEntity
  8
AM_9
100
AcDbLine
 10
18.56959182380814
 20
55.85068193529918
 30
0.0
 11
18.56959182380814
 21
54.6
 31
0.0
  0
LINE
  5
727
330
1F
100
AcDbEntity
  8
AM_9
100
AcDbLine
 10
18.703
 20
54.6
 30
0.0
 11
18.703
 21
55.85068193529918
 31
0.0
  0
LINE
  5
728
330
1F
100
AcDbEntity
  8
AM_0
100
AcDbLine
 10
17.14664141971975
 20
56.158
 30
0.0
 11
10.18935858028024
 21
56.158
 31
0.0
  0
LINE
  5
729
330
1F
100
AcDbEntity
  8
AM_9
100
AcDbLine
 10
5.247796250964888
 20
55.30010567633045
 30
0.0
 11
1.312868322019538
 21
54.61677588467543
 31
0.0
  0
LINE
  5
72A
330
1F
100
AcDbEntity
  8
AM_0
100
AcDbLine
 10
10.18935858028024
 20
56.158
 30
0.0
 11
5.247796250964888
 21
55.30010567633045
 31
0.0
  0
LINE
  5
72B
330
1F
100
AcDbEntity
  8
AM_9
100
AcDbLine
 10
-24.95486426631288
 20
54.6565572287432
 30
0.0
 11
-24.95486426631287
 21
54.6
 31
0.0
  0
LINE
  5
72C
330
1F
100
AcDbEntity
  8
AM_9
100
AcDbLine
 10
-24.42645348945553
 20
54.75414967077012
 30
0.0
 11
-24.42645348945553
 21
54.6
 31
0.0
  0
LINE
  5
72D
330
1F
100
AcDbEntity
  8
AM_9
100
AcDbLine
 10
-23.87581892930839
 20
54.8558456341254
 30
0.0
 11
-23.8758189293084
 21
54.6
 31
0.0
  0
LINE
  5
72E
330
1F
100
AcDbEntity
  8
AM_9
100
AcDbLine
 10
-23.33773647410461
 20
54.9552222158603
 30
0.0
 11
-23.33773647410465
 21
54.6
 31
0.0
  0
LINE
  5
72F
330
1F
100
AcDbEntity
  8
AM_9
100
AcDbLine
 10
-22.79868071485781
 20
55.054777211566
 30
0.0
 11
-22.79868071485783
 21
54.6
 31
0.0
  0
LINE
  5
730
330
1F
100
AcDbEntity
  8
AM_9
100
AcDbLine
 10
-22.2605823937979
 20
55.15415379330089
 30
0.0
 11
-22.26058239379792
 21
54.6
 31
0.0
  0
LINE
  5
731
330
1F
100
AcDbEntity
  8
AM_9
100
AcDbLine
 10
-21.72150765784914
 20
55.25370878900659
 30
0.0
 11
-21.72150765784914
 21
54.6
 31
0.0
  0
LINE
  5
732
330
1F
100
AcDbEntity
  8
AM_9
100
AcDbLine
 10
-21.18242034679993
 20
55.35326378471229
 30
0.0
 11
-21.18242034679994
 21
54.6
 31
0.0
  0
LINE
  5
733
330
1F
100
AcDbEntity
  8
AM_9
100
AcDbLine
 10
-20.6442837118731
 20
55.45264036644719
 30
0.0
 11
-20.64428371187313
 21
54.6
 31
0.0
  0
LINE
  5
734
330
1F
100
AcDbEntity
  8
AM_9
100
AcDbLine
 10
-20.10516162794973
 20
55.55219536215288
 30
0.0
 11
-20.10516162794972
 21
54.6
 31
0.0
  0
LINE
  5
735
330
1F
100
AcDbEntity
  8
AM_9
100
AcDbLine
 10
-19.5660149496566
 20
55.65175035785858
 30
0.0
 11
-19.5660149496566
 21
54.6
 31
0.0
  0
LINE
  5
736
330
1F
100
AcDbEntity
  8
AM_9
100
AcDbLine
 10
-19.02683630944889
 20
55.75130535356427
 30
0.0
 11
-19.02683630944887
 21
54.6
 31
0.0
  0
LINE
  5
737
330
1F
100
AcDbEntity
  8
AM_9
100
AcDbLine
 10
-18.48858146269103
 20
55.85068193529918
 30
0.0
 11
-18.48858146269106
 21
54.6
 31
0.0
  0
LINE
  5
738
330
1F
100
AcDbEntity
  8
AM_9
100
AcDbLine
 10
-17.95993346470744
 20
55.94827437732609
 30
0.0
 11
-17.95993346470745
 21
54.6
 31
0.0
  0
LINE
  5
739
330
1F
100
AcDbEntity
  8
AM_9
100
AcDbLine
 10
-17.40993859502338
 20
56.04979192671057
 30
0.0
 11
-17.40993859502339
 21
54.6
 31
0.0
  0
LINE
  5
73A
330
1F
100
AcDbEntity
  8
AM_9
100
AcDbLine
 10
-17.08703779391494
 20
56.04979192671057
 30
0.0
 11
-17.08703779391494
 21
54.6
 31
0.0
  0
LINE
  5
73B
330
1F
100
AcDbEntity
  8
AM_0
100
AcDbLine
 10
-17.08703779391494
 20
56.10938219295735
 30
0.0
 11
-17.08703779391494
 21
56.04979192671057
 31
0.0
  0
LINE
  5
73C
330
1F
100
AcDbEntity
  8
AM_0
100
AcDbLine
 10
-16.97971444570016
 20
56.129186143716
 30
0.0
 11
-17.08703779391494
 21
56.10938219295735
 31
0.0
  0
LINE
  5
73D
330
1F
100
AcDbEntity
  8
AM_9
100
AcDbLine
 10
-16.97971444570016
 20
56.129186143716
 30
0.0
 11
-16.97971444570013
 21
54.6
 31
0.0
  0
LINE
  5
73E
330
1F
100
AcDbEntity
  8
AM_9
100
AcDbLine
 10
-16.82355115098494
 20
56.129186143716
 30
0.0
 11
-16.82355115098494
 21
54.6
 31
0.0
  0
LINE
  5
73F
330
1F
100
AcDbEntity
  8
AM_0
100
AcDbLine
 10
-16.82355115098494
 20
56.158
 30
0.0
 11
-16.82355115098494
 21
56.129186143716
 31
0.0
  0
LINE
  5
740
330
1F
100
AcDbEntity
  8
AM_9
100
AcDbLine
 10
1.312868322019538
 20
54.61677588467543
 30
0.0
 11
1.393878683191869
 21
54.61677588467543
 31
0.0
  0
LINE
  5
741
330
1F
100
AcDbEntity
  8
AM_9
100
AcDbLine
 10
1.312868322019538
 20
54.61677588467543
 30
0.0
 11
1.312868322019538
 21
54.6
 31
0.0
  0
LINE
  5
742
330
1F
100
AcDbEntity
  8
AM_9
100
AcDbLine
 10
-26.02313167798046
 20
54.61677588465499
 30
0.0
 11
-26.02313167798046
 21
54.6
 31
0.0
  0
LINE
  5
743
330
1F
100
AcDbEntity
  8
AM_9
100
AcDbLine
 10
-25.94212131692536
 20
54.61677588465499
 30
0.0
 11
-25.94212131686337
 21
54.6
 31
0.0
  0
LINE
  5
744
330
1F
100
AcDbEntity
  8
AM_9
100
AcDbLine
 10
2.381135733687108
 20
54.6565572287432
 30
0.0
 11
2.381135733687124
 21
54.6
 31
0.0
  0
LINE
  5
745
330
1F
100
AcDbEntity
  8
AM_9
100
AcDbLine
 10
2.909546510544494
 20
54.75414967077012
 30
0.0
 11
2.909546510544467
 21
54.6
 31
0.0
  0
LINE
  5
746
330
1F
100
AcDbEntity
  8
AM_9
100
AcDbLine
 10
3.460181070691616
 20
54.8558456341254
 30
0.0
 11
3.4601810706916
 21
54.6
 31
0.0
  0
LINE
  5
747
330
1F
100
AcDbEntity
  8
AM_9
100
AcDbLine
 10
3.998263525895348
 20
54.9552222158603
 30
0.0
 11
3.998263525895342
 21
54.6
 31
0.0
  0
LINE
  5
748
330
1F
100
AcDbEntity
  8
AM_9
100
AcDbLine
 10
4.537319285142167
 20
55.054777211566
 30
0.0
 11
4.537319285142168
 21
54.6
 31
0.0
  0
LINE
  5
749
330
1F
100
AcDbEntity
  8
AM_9
100
AcDbLine
 10
5.075417606202081
 20
55.15415379330089
 30
0.0
 11
5.075417606202079
 21
54.6
 31
0.0
  0
LINE
  5
74A
330
1F
100
AcDbEntity
  8
AM_9
100
AcDbLine
 10
5.614492342150867
 20
55.25370878900659
 30
0.0
 11
5.614492342150856
 21
54.6
 31
0.0
  0
LINE
  5
74B
330
1F
100
AcDbEntity
  8
AM_9
100
AcDbLine
 10
6.153579653200062
 20
55.35326378471229
 30
0.0
 11
6.153579653200056
 21
54.6
 31
0.0
  0
LINE
  5
74C
330
1F
100
AcDbEntity
  8
AM_9
100
AcDbLine
 10
6.691716288126862
 20
55.45264036644718
 30
0.0
 11
6.691716288126871
 21
54.6
 31
0.0
  0
LINE
  5
74D
330
1F
100
AcDbEntity
  8
AM_9
100
AcDbLine
 10
7.230838372050297
 20
55.55219536215289
 30
0.0
 11
7.230838372050283
 21
54.6
 31
0.0
  0
LINE
  5
74E
330
1F
100
AcDbEntity
  8
AM_9
100
AcDbLine
 10
7.769985050343402
 20
55.65175035785858
 30
0.0
 11
7.769985050343394
 21
54.6
 31
0.0
  0
LINE
  5
74F
330
1F
100
AcDbEntity
  8
AM_9
100
AcDbLine
 10
8.30916369055112
 20
55.75130535356427
 30
0.0
 11
8.30916369055113
 21
54.6
 31
0.0
  0
LINE
  5
750
330
1F
100
AcDbEntity
  8
AM_9
100
AcDbLine
 10
8.847418537308952
 20
55.85068193529918
 30
0.0
 11
8.847418537308942
 21
54.6
 31
0.0
  0
LINE
  5
751
330
1F
100
AcDbEntity
  8
AM_9
100
AcDbLine
 10
9.376066535292546
 20
55.94827437732609
 30
0.0
 11
9.376066535292548
 21
54.6
 31
0.0
  0
LINE
  5
752
330
1F
100
AcDbEntity
  8
AM_9
100
AcDbLine
 10
9.92606140497659
 20
56.04979192671056
 30
0.0
 11
9.9260614049766
 21
54.6
 31
0.0
  0
LINE
  5
753
330
1F
100
AcDbEntity
  8
AM_0
100
AcDbLine
 10
5.328806612111989
 20
55.30010567633565
 30
0.0
 11
10.27036894139733
 21
56.158
 31
0.0
  0
LINE
  5
754
330
1F
100
AcDbEntity
  8
AM_9
100
AcDbLine
 10
1.393878683191869
 20
54.61677588467543
 30
0.0
 11
5.328806612111989
 21
55.30010567633565
 31
0.0
  0
LINE
  5
755
330
1F
100
AcDbEntity
  8
AM_9
100
AcDbLine
 10
1.393878683191869
 20
54.61677588467543
 30
0.0
 11
1.393878683136629
 21
54.6
 31
0.0
  0
LINE
  5
756
330
1F
100
AcDbEntity
  8
AM_9
100
AcDbLine
 10
10.24896220608506
 20
56.04979192671056
 30
0.0
 11
10.24896220608506
 21
54.6
 31
0.0
  0
LINE
  5
757
330
1F
100
AcDbEntity
  8
AM_0
100
AcDbLine
 10
10.24896220608506
 20
56.10938219295735
 30
0.0
 11
10.24896220608506
 21
56.04979192671056
 31
0.0
  0
LINE
  5
758
330
1F
100
AcDbEntity
  8
AM_0
100
AcDbLine
 10
10.35628555429987
 20
56.12918614371601
 30
0.0
 11
10.24896220608506
 21
56.10938219295735
 31
0.0
  0
LINE
  5
759
330
1F
100
AcDbEntity
  8
AM_9
100
AcDbLine
 10
10.35628555429987
 20
56.12918614371601
 30
0.0
 11
10.35628555429986
 21
54.6
 31
0.0
  0
LINE
  5
75A
330
1F
100
AcDbEntity
  8
AM_9
100
AcDbLine
 10
10.51244884901507
 20
56.12918614371601
 30
0.0
 11
10.51244884901507
 21
54.6
 31
0.0
  0
LINE
  5
75B
330
1F
100
AcDbEntity
  8
AM_0
100
AcDbLine
 10
10.51244884901507
 20
56.158
 30
0.0
 11
10.51244884901507
 21
56.12918614371601
 31
0.0
  0
LINE
  5
75C
330
1F
100
AcDbEntity
  8
AM_0
100
AcDbLine
 10
-10.18935858028025
 20
56.158
 30
0.0
 11
-17.14664141971975
 21
56.158
 31
0.0
  0
LINE
  5
75D
330
1F
100
AcDbEntity
  8
AM_9
100
AcDbLine
 10
-22.0882037489714
 20
55.30010567634151
 30
0.0
 11
-26.02313167798046
 21
54.61677588465499
 31
0.0
  0
LINE
  5
75E
330
1F
100
AcDbEntity
  8
AM_0
100
AcDbLine
 10
-17.14664141971975
 20
56.158
 30
0.0
 11
-22.0882037489714
 21
55.30010567634151
 31
0.0
  0
LINE
  5
75F
330
1F
100
AcDbEntity
  8
AM_9
100
AcDbLine
 10
-26.02313167798046
 20
54.61677588465499
 30
0.0
 11
-25.94212131692536
 21
54.61677588465499
 31
0.0
  0
LINE
  5
760
330
1F
100
AcDbEntity
  8
AM_0
100
AcDbLine
 10
-22.00719338788798
 20
55.30010567633566
 30
0.0
 11
-17.06563105860267
 21
56.158
 31
0.0
  0
LINE
  5
761
330
1F
100
AcDbEntity
  8
AM_9
100
AcDbLine
 10
-25.94212131692536
 20
54.61677588465499
 30
0.0
 11
-22.00719338788798
 21
55.30010567633566
 31
0.0
  0
LINE
  5
762
330
1F
100
AcDbEntity
  8
AM_9
100
AcDbLine
 10
17.33722461410885
 20
55.85068193529918
 30
0.0
 11
17.42211749093185
 21
55.82927225880332
 31
0.0
  0
LINE
  5
763
330
1F
100
AcDbEntity
  8
AM_0
100
AcDbLine
 10
17.6086579233334
 20
55.85068193529918
 30
0.0
 11
18.70299999999999
 21
55.85068193529918
 31
0.0
  0
LINE
  5
764
330
1F
100
AcDbEntity
  8
AM_9
100
AcDbLine
 10
17.11590019159745
 20
55.85068193529918
 30
0.0
 11
17.6086579233334
 21
55.85068193529918
 31
0.0
  0
LINE
  5
765
330
1F
100
AcDbEntity
  8
AM_0
100
AcDbLine
 10
18.823
 20
55.82927225880332
 30
0.0
 11
18.703
 21
55.85068193529918
 31
0.0
  0
LINE
  5
766
330
1F
100
AcDbEntity
  8
AM_9
100
AcDbLine
 10
-9.913882509068156
 20
55.82927225880332
 30
0.0
 11
-9.913882509068156
 21
54.6
 31
0.0
  0
LINE
  5
767
330
1F
100
AcDbEntity
  8
AM_9
100
AcDbLine
 10
-8.650442349851287
 20
55.82927225880332
 30
0.0
 11
-8.6504423498513
 21
54.6
 31
0.0
  0
LINE
  5
768
330
1F
100
AcDbEntity
  8
AM_0
100
AcDbLine
 10
-8.513
 20
55.75130535356428
 30
0.0
 11
-8.513
 21
55.82927225880332
 31
0.0
  0
LINE
  5
769
330
1F
100
AcDbEntity
  8
AM_9
100
AcDbLine
 10
-8.513
 20
54.6
 30
0.0
 11
-8.513
 21
55.75130535356428
 31
0.0
  0
LINE
  5
76A
330
1F
100
AcDbEntity
  8
AM_9
100
AcDbLine
 10
17.42211749093185
 20
55.82927225880332
 30
0.0
 11
17.42211749093185
 21
54.6
 31
0.0
  0
LINE
  5
76B
330
1F
100
AcDbEntity
  8
AM_9
100
AcDbLine
 10
18.68555765014868
 20
55.82927225880333
 30
0.0
 11
18.6855576501487
 21
54.6
 31
0.0
  0
LINE
  5
76C
330
1F
100
AcDbEntity
  8
AM_0
100
AcDbLine
 10
17.69892881410989
 20
55.82927225880333
 30
0.0
 11
18.82299999999998
 21
55.82927225880333
 31
0.0
  0
LINE
  5
76D
330
1F
100
AcDbEntity
  8
AM_0
100
AcDbLine
 10
18.823
 20
55.75130535356428
 30
0.0
 11
18.823
 21
55.82927225880332
 31
0.0
  0
LINE
  5
76E
330
1F
100
AcDbEntity
  8
AM_9
100
AcDbLine
 10
18.823
 20
54.6
 30
0.0
 11
18.823
 21
55.75130535356428
 31
0.0
  0
LINE
  5
76F
330
1F
100
AcDbEntity
  8
AM_9
100
AcDbLine
 10
-9.998775385891154
 20
55.85068193529918
 30
0.0
 11
-9.913882509068156
 21
55.82927225880332
 31
0.0
  0
LINE
  5
770
330
1F
100
AcDbEntity
  8
AM_0
100
AcDbLine
 10
-9.63707118589005
 20
55.82927225880332
 30
0.0
 11
-8.512999999999986
 21
55.82927225880332
 31
0.0
  0
LINE
  5
771
330
1F
100
AcDbEntity
  8
AM_0
100
AcDbLine
 10
-9.727342076666574
 20
55.85068193529918
 30
0.0
 11
-8.63300000000002
 21
55.85068193529918
 31
0.0
  0
LINE
  5
772
330
1F
100
AcDbEntity
  8
AM_9
100
AcDbLine
 10
-10.22009980840254
 20
55.85068193529917
 30
0.0
 11
-9.727342076666574
 21
55.85068193529918
 31
0.0
  0
LINE
  5
773
330
1F
100
AcDbEntity
  8
AM_0
100
AcDbLine
 10
-8.512999999999998
 20
55.82927225880332
 30
0.0
 11
-8.633000000000003
 21
55.85068193529918
 31
0.0
  0
LINE
  5
774
330
1F
100
AcDbEntity
  8
AM_0
100
AcDbLine
 10
12.92094285010647
 20
56.12918614371601
 30
0.0
 11
16.0113328732952
 21
56.12918614371601
 31
0.0
  0
LINE
  5
775
330
1F
100
AcDbEntity
  8
AM_0
100
AcDbLine
 10
12.89218564562331
 20
56.10938219295735
 30
0.0
 11
16.08989901702683
 21
56.10938219295735
 31
0.0
  0
LINE
  5
776
330
1F
100
AcDbEntity
  8
AM_0
100
AcDbLine
 10
-14.4438143543767
 20
56.10938219295734
 30
0.0
 11
-11.24610098297314
 21
56.10938219295734
 31
0.0
  0
LINE
  5
777
330
1F
100
AcDbEntity
  8
AM_0
100
AcDbLine
 10
-14.41505714989355
 20
56.129186143716
 30
0.0
 11
-11.32466712670479
 21
56.12918614371601
 31
0.0
  0
LINE
  5
778
330
1F
100
AcDbEntity
  8
AM_9
100
AcDbLine
 10
-14.83267014689755
 20
56.04979192671057
 30
0.0
 11
-14.83267014689755
 21
54.6
 31
0.0
  0
LINE
  5
779
330
1F
100
AcDbEntity
  8
AM_9
100
AcDbLine
 10
12.50332985310245
 20
56.04979192671056
 30
0.0
 11
12.50332985310245
 21
54.6
 31
0.0
  0
LINE
  5
77A
330
1F
100
AcDbEntity
  8
AM_9
100
AcDbLine
 10
17.73125450935576
 20
55.75130535356427
 30
0.0
 11
17.73125450935576
 21
54.6
 31
0.0
  0
LINE
  5
77B
330
1F
100
AcDbEntity
  8
AM_9
100
AcDbLine
 10
19.10784667056595
 20
55.75130535356427
 30
0.0
 11
19.10784667056595
 21
54.6
 31
0.0
  0
LINE
  5
77C
330
1F
100
AcDbEntity
  8
AM_9
100
AcDbLine
 10
19.26
 20
54.6
 30
0.0
 11
19.26
 21
55.75130535356427
 31
0.0
  0
LINE
  5
77D
330
1F
100
AcDbEntity
  8
AM_9
100
AcDbLine
 10
-9.60474549064423
 20
55.75130535356427
 30
0.0
 11
-9.60474549064423
 21
54.6
 31
0.0
  0
LINE
  5
77E
330
1F
100
AcDbEntity
  8
AM_9
100
AcDbLine
 10
-8.228153329434043
 20
55.75130535356427
 30
0.0
 11
-8.228153329434043
 21
54.6
 31
0.0
  0
LINE
  5
77F
330
1F
100
AcDbEntity
  8
AM_9
100
AcDbLine
 10
-8.076
 20
54.6
 30
0.0
 11
-8.076
 21
55.75130535356427
 31
0.0
  0
LINE
  5
780
330
1F
100
AcDbEntity
  8
AM_9
100
AcDbLine
 10
-14.86375248876061
 20
56.02838225021472
 30
0.0
 11
-14.83267014689755
 21
56.04979192671057
 31
0.0
  0
LINE
  5
781
330
1F
100
AcDbEntity
  8
AM_0
100
AcDbLine
 10
-17.40993859502338
 20
56.04979192671057
 30
0.0
 11
-14.91191912108582
 21
56.04979192671057
 31
0.0
  0
LINE
  5
782
330
1F
100
AcDbEntity
  8
AM_0
100
AcDbLine
 10
-17.40993859502338
 20
56.04979192671057
 30
0.0
 11
-17.52593947407458
 21
56.02838225021472
 31
0.0
  0
LINE
  5
783
330
1F
100
AcDbEntity
  8
AM_9
100
AcDbLine
 10
-14.86375248876061
 20
56.02838225021472
 30
0.0
 11
-14.86375248876061
 21
54.6
 31
0.0
  0
LINE
  5
784
330
1F
100
AcDbEntity
  8
AM_9
100
AcDbLine
 10
-17.52593947407458
 20
55.94827437732609
 30
0.0
 11
-17.52593947407458
 21
54.6
 31
0.0
  0
LINE
  5
785
330
1F
100
AcDbEntity
  8
AM_0
100
AcDbLine
 10
-17.52593947407458
 20
56.02838225021472
 30
0.0
 11
-17.52593947407458
 21
55.94827437732609
 31
0.0
  0
LINE
  5
786
330
1F
100
AcDbEntity
  8
AM_0
100
AcDbLine
 10
-17.52593947407458
 20
56.02838225021472
 30
0.0
 11
-14.94191936959923
 21
56.02838225021472
 31
0.0
  0
LINE
  5
787
330
1F
100
AcDbEntity
  8
AM_9
100
AcDbLine
 10
12.47224751123938
 20
56.02838225021472
 30
0.0
 11
12.47224751123938
 21
54.6
 31
0.0
  0
LINE
  5
788
330
1F
100
AcDbEntity
  8
AM_9
100
AcDbLine
 10
9.810060525925422
 20
55.94827437732609
 30
0.0
 11
9.810060525925422
 21
54.6
 31
0.0
  0
LINE
  5
789
330
1F
100
AcDbEntity
  8
AM_0
100
AcDbLine
 10
9.810060525925422
 20
56.02838225021472
 30
0.0
 11
9.810060525925422
 21
55.94827437732609
 31
0.0
  0
LINE
  5
78A
330
1F
100
AcDbEntity
  8
AM_9
100
AcDbLine
 10
12.47224751123938
 20
56.02838225021472
 30
0.0
 11
12.50332985310245
 21
56.04979192671056
 31
0.0
  0
LINE
  5
78B
330
1F
100
AcDbEntity
  8
AM_0
100
AcDbLine
 10
9.92606140497659
 20
56.04979192671056
 30
0.0
 11
12.42408087891417
 21
56.04979192671056
 31
0.0
  0
LINE
  5
78C
330
1F
100
AcDbEntity
  8
AM_0
100
AcDbLine
 10
9.92606140497659
 20
56.04979192671056
 30
0.0
 11
9.810060525925422
 21
56.02838225021472
 31
0.0
  0
LINE
  5
78D
330
1F
100
AcDbEntity
  8
AM_0
100
AcDbLine
 10
9.810060525925422
 20
56.02838225021472
 30
0.0
 11
12.39408063040153
 21
56.02838225021472
 31
0.0
  0
LINE
  5
78E
330
1F
100
AcDbEntity
  8
AM_9
100
AcDbLine
 10
17.8168472460207
 20
55.72971726309763
 30
0.0
 11
17.8168472460207
 21
54.6
 31
0.0
  0
LINE
  5
78F
330
1F
100
AcDbEntity
  8
AM_9
100
AcDbLine
 10
19.2247685232297
 20
55.72971726309763
 30
0.0
 11
19.22476852322968
 21
54.6
 31
0.0
  0
LINE
  5
790
330
1F
100
AcDbEntity
  8
AM_0
100
AcDbLine
 10
19.38099999999999
 20
55.65175035785859
 30
0.0
 11
19.38099999999999
 21
55.72971726309763
 31
0.0
  0
LINE
  5
791
330
1F
100
AcDbEntity
  8
AM_9
100
AcDbLine
 10
19.38099999999999
 20
54.6
 30
0.0
 11
19.38099999999999
 21
55.65175035785859
 31
0.0
  0
LINE
  5
792
330
1F
100
AcDbEntity
  8
AM_9
100
AcDbLine
 10
-9.519152753979306
 20
55.72971726309763
 30
0.0
 11
-9.519152753979304
 21
54.6
 31
0.0
  0
LINE
  5
793
330
1F
100
AcDbEntity
  8
AM_9
100
AcDbLine
 10
-8.111231476770328
 20
55.72971726309763
 30
0.0
 11
-8.111231476770321
 21
54.6
 31
0.0
  0
LINE
  5
794
330
1F
100
AcDbEntity
  8
AM_0
100
AcDbLine
 10
-7.955000000000001
 20
55.65175035785858
 30
0.0
 11
-7.955000000000001
 21
55.72971726309763
 31
0.0
  0
LINE
  5
795
330
1F
100
AcDbEntity
  8
AM_9
100
AcDbLine
 10
-7.955000000000001
 20
54.6
 30
0.0
 11
-7.955000000000001
 21
55.65175035785858
 31
0.0
  0
LINE
  5
796
330
1F
100
AcDbEntity
  8
AM_9
100
AcDbLine
 10
17.73125450935576
 20
55.75130535356427
 30
0.0
 11
17.8168472460207
 21
55.72971726309763
 31
0.0
  0
LINE
  5
797
330
1F
100
AcDbEntity
  8
AM_0
100
AcDbLine
 10
18.11868142815325
 20
55.72971726309763
 30
0.0
 11
19.38100000000002
 21
55.72971726309763
 31
0.0
  0
LINE
  5
798
330
1F
100
AcDbEntity
  8
AM_0
100
AcDbLine
 10
18.04094382582453
 20
55.75130535356428
 30
0.0
 11
19.25999999999998
 21
55.75130535356428
 31
0.0
  0
LINE
  5
799
330
1F
100
AcDbEntity
  8
AM_9
100
AcDbLine
 10
17.50993008684437
 20
55.75130535356428
 30
0.0
 11
18.04094382582453
 21
55.75130535356428
 31
0.0
  0
LINE
  5
79A
330
1F
100
AcDbEntity
  8
AM_0
100
AcDbLine
 10
19.381
 20
55.72971726309763
 30
0.0
 11
19.26
 21
55.75130535356427
 31
0.0
  0
LINE
  5
79B
330
1F
100
AcDbEntity
  8
AM_9
100
AcDbLine
 10
-9.60474549064423
 20
55.75130535356427
 30
0.0
 11
-9.519152753979306
 21
55.72971726309763
 31
0.0
  0
LINE
  5
79C
330
1F
100
AcDbEntity
  8
AM_0
100
AcDbLine
 10
-9.217318571846716
 20
55.72971726309763
 30
0.0
 11
-7.95500000000001
 21
55.72971726309763
 31
0.0
  0
LINE
  5
79D
330
1F
100
AcDbEntity
  8
AM_0
100
AcDbLine
 10
-9.295056174175462
 20
55.75130535356427
 30
0.0
 11
-8.075999999999997
 21
55.75130535356427
 31
0.0
  0
LINE
  5
79E
330
1F
100
AcDbEntity
  8
AM_9
100
AcDbLine
 10
-9.826069913155626
 20
55.75130535356428
 30
0.0
 11
-9.295056174175462
 21
55.75130535356427
 31
0.0
  0
LINE
  5
79F
330
1F
100
AcDbEntity
  8
AM_0
100
AcDbLine
 10
-7.955000000000003
 20
55.72971726309763
 30
0.0
 11
-8.075999999999995
 21
55.75130535356427
 31
0.0
  0
LINE
  5
7A0
330
1F
100
AcDbEntity
  8
AM_0
100
AcDbLine
 10
12.80566463673093
 20
56.04979192671057
 30
0.0
 11
16.32627880924293
 21
56.04979192671057
 31
0.0
  0
LINE
  5
7A1
330
1F
100
AcDbEntity
  8
AM_0
100
AcDbLine
 10
12.77458229486787
 20
56.02838225021473
 30
0.0
 11
16.41119734643104
 21
56.02838225021473
 31
0.0
  0
LINE
  5
7A2
330
1F
100
AcDbEntity
  8
AM_0
100
AcDbLine
 10
-14.56141770513214
 20
56.02838225021472
 30
0.0
 11
-10.92480265356893
 21
56.02838225021472
 31
0.0
  0
LINE
  5
7A3
330
1F
100
AcDbEntity
  8
AM_0
100
AcDbLine
 10
-14.53033536326908
 20
56.04979192671056
 30
0.0
 11
-11.00972119075707
 21
56.04979192671057
 31
0.0
  0
LINE
  5
7A4
330
1F
100
AcDbEntity
  8
AM_9
100
AcDbLine
 10
18.12596066834373
 20
55.65175035785858
 30
0.0
 11
18.12596066834373
 21
54.6
 31
0.0
  0
LINE
  5
7A5
330
1F
100
AcDbEntity
  8
AM_9
100
AcDbLine
 10
19.64702531077369
 20
55.65175035785858
 30
0.0
 11
19.64702531077369
 21
54.6
 31
0.0
  0
LINE
  5
7A6
330
1F
100
AcDbEntity
  8
AM_9
100
AcDbLine
 10
19.818
 20
54.6
 30
0.0
 11
19.818
 21
55.65175035785858
 31
0.0
  0
LINE
  5
7A7
330
1F
100
AcDbEntity
  8
AM_9
100
AcDbLine
 10
-9.21003933165627
 20
55.65175035785858
 30
0.0
 11
-9.210039331656272
 21
54.6
 31
0.0
  0
LINE
  5
7A8
330
1F
100
AcDbEntity
  8
AM_9
100
AcDbLine
 10
-7.68897468922631
 20
55.65175035785858
 30
0.0
 11
-7.688974689226309
 21
54.6
 31
0.0
  0
LINE
  5
7A9
330
1F
100
AcDbEntity
  8
AM_9
100
AcDbLine
 10
-7.518000000000002
 20
54.6
 30
0.0
 11
-7.518000000000002
 21
55.65175035785858
 31
0.0
  0
LINE
  5
7AA
330
1F
100
AcDbEntity
  8
AM_9
100
AcDbLine
 10
-14.98004082807065
 20
55.94827437732609
 30
0.0
 11
-14.98004082807065
 21
54.6
 31
0.0
  0
LINE
  5
7AB
330
1F
100
AcDbEntity
  8
AM_9
100
AcDbLine
 10
12.35595917192935
 20
55.94827437732609
 30
0.0
 11
12.35595917192935
 21
54.6
 31
0.0
  0
LINE
  5
7AC
330
1F
100
AcDbEntity
  8
AM_9
100
AcDbLine
 10
-9.125159557332577
 20
55.63034068136273
 30
0.0
 11
-9.125159557332575
 21
54.6
 31
0.0
  0
LINE
  5
7AD
330
1F
100
AcDbEntity
  8
AM_9
100
AcDbLine
 10
-7.573026761232668
 20
55.63034068136273
 30
0.0
 11
-7.573026761232652
 21
54.6
 31
0.0
  0
LINE
  5
7AE
330
1F
100
AcDbEntity
  8
AM_0
100
AcDbLine
 10
-7.398000000000002
 20
55.55219536215288
 30
0.0
 11
-7.398000000000002
 21
55.63034068136273
 31
0.0
  0
LINE
  5
7AF
330
1F
100
AcDbEntity
  8
AM_9
100
AcDbLine
 10
-7.398000000000002
 20
54.6
 30
0.0
 11
-7.398000000000002
 21
55.55219536215288
 31
0.0
  0
LINE
  5
7B0
330
1F
100
AcDbEntity
  8
AM_9
100
AcDbLine
 10
18.21084044266742
 20
55.63034068136273
 30
0.0
 11
18.21084044266743
 21
54.6
 31
0.0
  0
LINE
  5
7B1
330
1F
100
AcDbEntity
  8
AM_9
100
AcDbLine
 10
19.76297323876734
 20
55.63034068136273
 30
0.0
 11
19.76297323876735
 21
54.6
 31
0.0
  0
LINE
  5
7B2
330
1F
100
AcDbEntity
  8
AM_0
100
AcDbLine
 10
19.938
 20
55.55219536215289
 30
0.0
 11
19.938
 21
55.63034068136273
 31
0.0
  0
LINE
  5
7B3
330
1F
100
AcDbEntity
  8
AM_9
100
AcDbLine
 10
19.938
 20
54.6
 30
0.0
 11
19.938
 21
55.55219536215289
 31
0.0
  0
LINE
  5
7B4
330
1F
100
AcDbEntity
  8
AM_9
100
AcDbLine
 10
18.12596066834373
 20
55.65175035785858
 30
0.0
 11
18.21084044266742
 21
55.63034068136273
 31
0.0
  0
LINE
  5
7B5
330
1F
100
AcDbEntity
  8
AM_0
100
AcDbLine
 10
18.53766770010469
 20
55.63034068136273
 30
0.0
 11
19.93799999999999
 21
55.63034068136273
 31
0.0
  0
LINE
  5
7B6
330
1F
100
AcDbEntity
  8
AM_0
100
AcDbLine
 10
18.44740266672662
 20
55.65175035785858
 30
0.0
 11
19.81799999999998
 21
55.65175035785858
 31
0.0
  0
LINE
  5
7B7
330
1F
100
AcDbEntity
  8
AM_0
100
AcDbLine
 10
19.938
 20
55.63034068136273
 30
0.0
 11
19.81799999999999
 21
55.65175035785858
 31
0.0
  0
LINE
  5
7B8
330
1F
100
AcDbEntity
  8
AM_9
100
AcDbLine
 10
-9.21003933165627
 20
55.65175035785858
 30
0.0
 11
-9.125159557332577
 21
55.63034068136273
 31
0.0
  0
LINE
  5
7B9
330
1F
100
AcDbEntity
  8
AM_0
100
AcDbLine
 10
-8.798332299895263
 20
55.63034068136273
 30
0.0
 11
-7.398000000000017
 21
55.63034068136273
 31
0.0
  0
LINE
  5
7BA
330
1F
100
AcDbEntity
  8
AM_0
100
AcDbLine
 10
-8.888597333273317
 20
55.65175035785858
 30
0.0
 11
-7.518
 21
55.65175035785858
 31
0.0
  0
LINE
  5
7BB
330
1F
100
AcDbEntity
  8
AM_0
100
AcDbLine
 10
-7.398000000000002
 20
55.63034068136273
 30
0.0
 11
-7.518000000000004
 21
55.65175035785858
 31
0.0
  0
LINE
  5
7BC
330
1F
100
AcDbEntity
  8
AM_9
100
AcDbLine
 10
-15.01111752107149
 20
55.92686470083024
 30
0.0
 11
-14.98004082807065
 21
55.94827437732609
 31
0.0
  0
LINE
  5
7BD
330
1F
100
AcDbEntity
  8
AM_0
100
AcDbLine
 10
-17.95993346470744
 20
55.94827437732609
 30
0.0
 11
-15.066581349632
 21
55.94827437732609
 31
0.0
  0
LINE
  5
7BE
330
1F
100
AcDbEntity
  8
AM_0
100
AcDbLine
 10
-17.95993346470744
 20
55.94827437732609
 30
0.0
 11
-18.07591326191779
 21
55.92686470083023
 31
0.0
  0
LINE
  5
7BF
330
1F
100
AcDbEntity
  8
AM_9
100
AcDbLine
 10
-15.01111752107149
 20
55.92686470083024
 30
0.0
 11
-15.01111752107149
 21
54.6
 31
0.0
  0
LINE
  5
7C0
330
1F
100
AcDbEntity
  8
AM_9
100
AcDbLine
 10
-18.0759132619178
 20
55.85068193529918
 30
0.0
 11
-18.0759132619178
 21
54.6
 31
0.0
  0
LINE
  5
7C1
330
1F
100
AcDbEntity
  8
AM_0
100
AcDbLine
 10
-18.07591326191779
 20
55.92686470083023
 30
0.0
 11
-18.0759132619178
 21
55.85068193529918
 31
0.0
  0
LINE
  5
7C2
330
1F
100
AcDbEntity
  8
AM_0
100
AcDbLine
 10
-18.07591326191779
 20
55.92686470083023
 30
0.0
 11
-15.09991254652883
 21
55.92686470083024
 31
0.0
  0
LINE
  5
7C3
330
1F
100
AcDbEntity
  8
AM_9
100
AcDbLine
 10
12.3248824789285
 20
55.92686470083023
 30
0.0
 11
12.32488247892851
 21
54.6
 31
0.0
  0
LINE
  5
7C4
330
1F
100
AcDbEntity
  8
AM_9
100
AcDbLine
 10
9.260086738082201
 20
55.85068193529918
 30
0.0
 11
9.260086738082201
 21
54.6
 31
0.0
  0
LINE
  5
7C5
330
1F
100
AcDbEntity
  8
AM_0
100
AcDbLine
 10
9.260086738082201
 20
55.92686470083023
 30
0.0
 11
9.260086738082201
 21
55.85068193529918
 31
0.0
  0
LINE
  5
7C6
330
1F
100
AcDbEntity
  8
AM_9
100
AcDbLine
 10
12.3248824789285
 20
55.92686470083023
 30
0.0
 11
12.35595917192935
 21
55.94827437732609
 31
0.0
  0
LINE
  5
7C7
330
1F
100
AcDbEntity
  8
AM_0
100
AcDbLine
 10
9.376066535292546
 20
55.94827437732609
 30
0.0
 11
12.26941865036923
 21
55.94827437732609
 31
0.0
  0
LINE
  5
7C8
330
1F
100
AcDbEntity
  8
AM_0
100
AcDbLine
 10
9.376066535292546
 20
55.94827437732609
 30
0.0
 11
9.260086738082201
 21
55.92686470083023
 31
0.0
  0
LINE
  5
7C9
330
1F
100
AcDbEntity
  8
AM_0
100
AcDbLine
 10
9.260086738082201
 20
55.92686470083023
 30
0.0
 11
12.23608745347252
 21
55.92686470083023
 31
0.0
  0
LINE
  5
7CA
330
1F
100
AcDbEntity
  8
AM_0
100
AcDbLine
 10
12.65829395555782
 20
55.94827437732608
 30
0.0
 11
16.72890299775388
 21
55.94827437732609
 31
0.0
  0
LINE
  5
7CB
330
1F
100
AcDbEntity
  8
AM_0
100
AcDbLine
 10
-14.67770604444218
 20
55.94827437732608
 30
0.0
 11
-10.60709700224611
 21
55.94827437732609
 31
0.0
  0
LINE
  5
7CC
330
1F
100
AcDbEntity
  8
AM_0
100
AcDbLine
 10
-14.70878273744301
 20
55.92686470083023
 30
0.0
 11
-10.5221938980366
 21
55.92686470083023
 31
0.0
  0
LINE
  5
7CD
330
1F
100
AcDbEntity
  8
AM_0
100
AcDbLine
 10
12.627217262557
 20
55.92686470083024
 30
0.0
 11
16.81380610196338
 21
55.92686470083024
 31
0.0
  0
LINE
  5
7CE
330
1F
100
AcDbEntity
  8
AM_9
100
AcDbLine
 10
-8.815356570413721
 20
55.55219536215289
 30
0.0
 11
-8.815356570413725
 21
54.6
 31
0.0
  0
LINE
  5
7CF
330
1F
100
AcDbEntity
  8
AM_9
100
AcDbLine
 10
-7.1498280109332
 20
55.55219536215289
 30
0.0
 11
-7.149828010933197
 21
54.6
 31
0.0
  0
LINE
  5
7D0
330
1F
100
AcDbEntity
  8
AM_9
100
AcDbLine
 10
-6.960000000000003
 20
54.6
 30
0.0
 11
-6.960000000000003
 21
55.55219536215289
 31
0.0
  0
LINE
  5
7D1
330
1F
100
AcDbEntity
  8
AM_9
100
AcDbLine
 10
18.52064342958628
 20
55.55219536215289
 30
0.0
 11
18.52064342958628
 21
54.6
 31
0.0
  0
LINE
  5
7D2
330
1F
100
AcDbEntity
  8
AM_9
100
AcDbLine
 10
20.1861719890668
 20
55.55219536215289
 30
0.0
 11
20.1861719890668
 21
54.6
 31
0.0
  0
LINE
  5
7D3
330
1F
100
AcDbEntity
  8
AM_9
100
AcDbLine
 10
20.37599999999999
 20
54.6
 30
0.0
 11
20.37599999999999
 21
55.55219536215289
 31
0.0
  0
LINE
  5
7D4
330
1F
100
AcDbEntity
  8
AM_9
100
AcDbLine
 10
18.60551893950028
 20
55.53078568565703
 30
0.0
 11
18.60551893950028
 21
54.6
 31
0.0
  0
LINE
  5
7D5
330
1F
100
AcDbEntity
  8
AM_9
100
AcDbLine
 10
20.30211409176847
 20
55.53078568565704
 30
0.0
 11
20.30211409176848
 21
54.6
 31
0.0
  0
LINE
  5
7D6
330
1F
100
AcDbEntity
  8
AM_0
100
AcDbLine
 10
20.496
 20
55.45264036644718
 30
0.0
 11
20.496
 21
55.53078568565703
 31
0.0
  0
LINE
  5
7D7
330
1F
100
AcDbEntity
  8
AM_9
100
AcDbLine
 10
20.496
 20
54.6
 30
0.0
 11
20.496
 21
55.45264036644718
 31
0.0
  0
LINE
  5
7D8
330
1F
100
AcDbEntity
  8
AM_9
100
AcDbLine
 10
18.52064342958628
 20
55.55219536215289
 30
0.0
 11
18.60551893950028
 21
55.53078568565703
 31
0.0
  0
LINE
  5
7D9
330
1F
100
AcDbEntity
  8
AM_0
100
AcDbLine
 10
18.95739016308838
 20
55.53078568565703
 30
0.0
 11
20.49599999999999
 21
55.53078568565703
 31
0.0
  0
LINE
  5
7DA
330
1F
100
AcDbEntity
  8
AM_0
100
AcDbLine
 10
18.86712867040241
 20
55.55219536215289
 30
0.0
 11
20.37599999999999
 21
55.55219536215289
 31
0.0
  0
LINE
  5
7DB
330
1F
100
AcDbEntity
  8
AM_0
100
AcDbLine
 10
20.496
 20
55.53078568565703
 30
0.0
 11
20.376
 21
55.55219536215289
 31
0.0
  0
LINE
  5
7DC
330
1F
100
AcDbEntity
  8
AM_9
100
AcDbLine
 10
-8.815356570413721
 20
55.55219536215289
 30
0.0
 11
-8.73048106049972
 21
55.53078568565703
 31
0.0
  0
LINE
  5
7DD
330
1F
100
AcDbEntity
  8
AM_0
100
AcDbLine
 10
-8.468871329597507
 20
55.55219536215288
 30
0.0
 11
-6.959999999999996
 21
55.55219536215288
 31
0.0
  0
LINE
  5
7DE
330
1F
100
AcDbEntity
  8
AM_0
100
AcDbLine
 10
-6.84
 20
55.53078568565703
 30
0.0
 11
-6.960000000000003
 21
55.55219536215289
 31
0.0
  0
LINE
  5
7DF
330
1F
100
AcDbEntity
  8
AM_9
100
AcDbLine
 10
-8.73048106049972
 20
55.53078568565703
 30
0.0
 11
-8.730481060499718
 21
54.6
 31
0.0
  0
LINE
  5
7E0
330
1F
100
AcDbEntity
  8
AM_9
100
AcDbLine
 10
-7.033885908231521
 20
55.53078568565703
 30
0.0
 11
-7.033885908231515
 21
54.6
 31
0.0
  0
LINE
  5
7E1
330
1F
100
AcDbEntity
  8
AM_0
100
AcDbLine
 10
-8.378609836911552
 20
55.53078568565703
 30
0.0
 11
-6.840000000000007
 21
55.53078568565703
 31
0.0
  0
LINE
  5
7E2
330
1F
100
AcDbEntity
  8
AM_0
100
AcDbLine
 10
-6.840000000000003
 20
55.45264036644719
 30
0.0
 11
-6.840000000000003
 21
55.53078568565703
 31
0.0
  0
LINE
  5
7E3
330
1F
100
AcDbEntity
  8
AM_9
100
AcDbLine
 10
-6.840000000000003
 20
54.6
 30
0.0
 11
-6.840000000000003
 21
55.45264036644719
 31
0.0
  0
LINE
  5
7E4
330
1F
100
AcDbEntity
  8
AM_9
100
AcDbLine
 10
12.21430836778931
 20
55.85068193529918
 30
0.0
 11
12.21430836778931
 21
54.6
 31
0.0
  0
LINE
  5
7E5
330
1F
100
AcDbEntity
  8
AM_9
100
AcDbLine
 10
-15.12169163221068
 20
55.85068193529918
 30
0.0
 11
-15.12169163221069
 21
54.6
 31
0.0
  0
LINE
  5
7E6
330
1F
100
AcDbEntity
  8
AM_9
100
AcDbLine
 10
12.18323541827175
 20
55.82927225880332
 30
0.0
 11
12.18323541827175
 21
54.6
 31
0.0
  0
LINE
  5
7E7
330
1F
100
AcDbEntity
  8
AM_9
100
AcDbLine
 10
8.731452710968387
 20
55.75130535356427
 30
0.0
 11
8.731452710968387
 21
54.6
 31
0.0
  0
LINE
  5
7E8
330
1F
100
AcDbEntity
  8
AM_0
100
AcDbLine
 10
8.731452710968385
 20
55.82927225880332
 30
0.0
 11
8.731452710968387
 21
55.75130535356427
 31
0.0
  0
LINE
  5
7E9
330
1F
100
AcDbEntity
  8
AM_9
100
AcDbLine
 10
-15.15276458172825
 20
55.82927225880332
 30
0.0
 11
-15.15276458172825
 21
54.6
 31
0.0
  0
LINE
  5
7EA
330
1F
100
AcDbEntity
  8
AM_9
100
AcDbLine
 10
-18.60454728903161
 20
55.75130535356427
 30
0.0
 11
-18.60454728903161
 21
54.6
 31
0.0
  0
LINE
  5
7EB
330
1F
100
AcDbEntity
  8
AM_0
100
AcDbLine
 10
-18.60454728903161
 20
55.82927225880332
 30
0.0
 11
-18.60454728903161
 21
55.75130535356427
 31
0.0
  0
LINE
  5
7EC
330
1F
100
AcDbEntity
  8
AM_9
100
AcDbLine
 10
-15.15276458172825
 20
55.82927225880332
 30
0.0
 11
-15.12169163221068
 21
55.85068193529918
 31
0.0
  0
LINE
  5
7ED
330
1F
100
AcDbEntity
  8
AM_0
100
AcDbLine
 10
-18.48858146269103
 20
55.85068193529918
 30
0.0
 11
-15.21498318890756
 21
55.85068193529918
 31
0.0
  0
LINE
  5
7EE
330
1F
100
AcDbEntity
  8
AM_0
100
AcDbLine
 10
-18.48858146269103
 20
55.85068193529918
 30
0.0
 11
-18.60454728903161
 21
55.82927225880332
 31
0.0
  0
LINE
  5
7EF
330
1F
100
AcDbEntity
  8
AM_0
100
AcDbLine
 10
-18.60454728903161
 20
55.82927225880332
 30
0.0
 11
-15.24822838002771
 21
55.82927225880332
 31
0.0
  0
LINE
  5
7F0
330
1F
100
AcDbEntity
  8
AM_9
100
AcDbLine
 10
12.18323541827175
 20
55.82927225880332
 30
0.0
 11
12.21430836778931
 21
55.85068193529918
 31
0.0
  0
LINE
  5
7F1
330
1F
100
AcDbEntity
  8
AM_0
100
AcDbLine
 10
8.847418537308952
 20
55.85068193529918
 30
0.0
 11
12.12101681109421
 21
55.85068193529918
 31
0.0
  0
LINE
  5
7F2
330
1F
100
AcDbEntity
  8
AM_0
100
AcDbLine
 10
8.847418537308952
 20
55.85068193529918
 30
0.0
 11
8.731452710968385
 21
55.82927225880332
 31
0.0
  0
LINE
  5
7F3
330
1F
100
AcDbEntity
  8
AM_0
100
AcDbLine
 10
8.731452710968385
 20
55.82927225880332
 30
0.0
 11
12.08777161997418
 21
55.82927225880332
 31
0.0
  0
LINE
  5
7F4
330
1F
100
AcDbEntity
  8
AM_9
100
AcDbLine
 10
18.91530818650063
 20
55.45264036644718
 30
0.0
 11
18.91530818650063
 21
54.6
 31
0.0
  0
LINE
  5
7F5
330
1F
100
AcDbEntity
  8
AM_9
100
AcDbLine
 10
20.72529407299021
 20
55.45264036644718
 30
0.0
 11
20.72529407299021
 21
54.6
 31
0.0
  0
LINE
  5
7F6
330
1F
100
AcDbEntity
  8
AM_9
100
AcDbLine
 10
20.93399999999999
 20
54.6
 30
0.0
 11
20.93399999999999
 21
55.45264036644718
 31
0.0
  0
LINE
  5
7F7
330
1F
100
AcDbEntity
  8
AM_9
100
AcDbLine
 10
-8.420691813499365
 20
55.45264036644718
 30
0.0
 11
-8.420691813499369
 21
54.6
 31
0.0
  0
LINE
  5
7F8
330
1F
100
AcDbEntity
  8
AM_9
100
AcDbLine
 10
-6.610705927009784
 20
55.45264036644718
 30
0.0
 11
-6.610705927009784
 21
54.6
 31
0.0
  0
LINE
  5
7F9
330
1F
100
AcDbEntity
  8
AM_9
100
AcDbLine
 10
-6.402000000000003
 20
54.6
 30
0.0
 11
-6.402000000000003
 21
55.45264036644718
 31
0.0
  0
LINE
  5
7FA
330
1F
100
AcDbEntity
  8
AM_9
100
AcDbLine
 10
0.9529999999999985
 20
6.348
 30
0.0
 11
0.9529999999999983
 21
5.738
 31
0.0
  0
LINE
  5
7FB
330
1F
100
AcDbEntity
  8
AM_9
100
AcDbLine
 10
-0.9530000000000015
 20
6.348
 30
0.0
 11
-0.9530000000000015
 21
5.738
 31
0.0
  0
LINE
  5
7FC
330
1F
100
AcDbEntity
  8
AM_9
100
AcDbLine
 10
-1.531000000000001
 20
6.348
 30
0.0
 11
-1.531000000000001
 21
5.738
 31
0.0
  0
LINE
  5
7FD
330
1F
100
AcDbEntity
  8
AM_9
100
AcDbLine
 10
1.530999999999997
 20
6.348
 30
0.0
 11
1.530999999999997
 21
5.738
 31
0.0
  0
LINE
  5
7FE
330
1F
100
AcDbEntity
  8
AM_9
100
AcDbLine
 10
-8.335819630679545
 20
55.43123068995133
 30
0.0
 11
-8.335819630679543
 21
54.6
 31
0.0
  0
LINE
  5
7FF
330
1F
100
AcDbEntity
  8
AM_9
100
AcDbLine
 10
-6.494768369203269
 20
55.43123068995133
 30
0.0
 11
-6.494768369203266
 21
54.6
 31
0.0
  0
LINE
  5
800
330
1F
100
AcDbEntity
  8
AM_0
100
AcDbLine
 10
-6.282000000000002
 20
55.35326378471229
 30
0.0
 11
-6.282000000000002
 21
55.43123068995133
 31
0.0
  0
LINE
  5
801
330
1F
100
AcDbEntity
  8
AM_9
100
AcDbLine
 10
-6.282000000000002
 20
54.6
 30
0.0
 11
-6.282000000000002
 21
55.35326378471229
 31
0.0
  0
LINE
  5
802
330
1F
100
AcDbEntity
  8
AM_9
100
AcDbLine
 10
18.91530818650063
 20
55.45264036644718
 30
0.0
 11
19.00018036932046
 21
55.43123068995133
 31
0.0
  0
LINE
  5
803
330
1F
100
AcDbEntity
  8
AM_0
100
AcDbLine
 10
19.2868380023597
 20
55.45264036644718
 30
0.0
 11
20.934
 21
55.45264036644718
 31
0.0
  0
LINE
  5
804
330
1F
100
AcDbEntity
  8
AM_9
100
AcDbLine
 10
18.69398376398924
 20
55.45264036644718
 30
0.0
 11
19.2868380023597
 21
55.45264036644718
 31
0.0
  0
LINE
  5
805
330
1F
100
AcDbEntity
  8
AM_0
100
AcDbLine
 10
21.054
 20
55.43123068995133
 30
0.0
 11
20.934
 21
55.45264036644718
 31
0.0
  0
LINE
  5
806
330
1F
100
AcDbEntity
  8
AM_9
100
AcDbLine
 10
-8.420691813499365
 20
55.45264036644718
 30
0.0
 11
-8.335819630679545
 21
55.43123068995133
 31
0.0
  0
LINE
  5
807
330
1F
100
AcDbEntity
  8
AM_0
100
AcDbLine
 10
-7.958904129634098
 20
55.43123068995133
 30
0.0
 11
-6.282000000000004
 21
55.43123068995133
 31
0.0
  0
LINE
  5
808
330
1F
100
AcDbEntity
  8
AM_0
100
AcDbLine
 10
-8.049161997640226
 20
55.45264036644718
 30
0.0
 11
-6.402
 21
55.45264036644718
 31
0.0
  0
LINE
  5
809
330
1F
100
AcDbEntity
  8
AM_9
100
AcDbLine
 10
-8.628901493932522
 20
55.45264036644719
 30
0.0
 11
-8.049161997640226
 21
55.45264036644718
 31
0.0
  0
LINE
  5
80A
330
1F
100
AcDbEntity
  8
AM_0
100
AcDbLine
 10
-6.282
 20
55.43123068995133
 30
0.0
 11
-6.402
 21
55.45264036644718
 31
0.0
  0
LINE
  5
80B
330
1F
100
AcDbEntity
  8
AM_9
100
AcDbLine
 10
19.00018036932046
 20
55.43123068995133
 30
0.0
 11
19.00018036932046
 21
54.6
 31
0.0
  0
LINE
  5
80C
330
1F
100
AcDbEntity
  8
AM_9
100
AcDbLine
 10
20.84123163079673
 20
55.43123068995133
 30
0.0
 11
20.84123163079673
 21
54.6
 31
0.0
  0
LINE
  5
80D
330
1F
100
AcDbEntity
  8
AM_0
100
AcDbLine
 10
19.37709587036582
 20
55.43123068995133
 30
0.0
 11
21.054
 21
55.43123068995133
 31
0.0
  0
LINE
  5
80E
330
1F
100
AcDbEntity
  8
AM_0
100
AcDbLine
 10
21.054
 20
55.35326378471228
 30
0.0
 11
21.054
 21
55.43123068995133
 31
0.0
  0
LINE
  5
80F
330
1F
100
AcDbEntity
  8
AM_9
100
AcDbLine
 10
21.054
 20
54.6
 30
0.0
 11
21.054
 21
55.35326378471228
 31
0.0
  0
LINE
  5
810
330
1F
100
AcDbEntity
  8
AM_0
100
AcDbLine
 10
12.51664315141779
 20
55.85068193529918
 30
0.0
 11
17.11590019159745
 21
55.85068193529918
 31
0.0
  0
LINE
  5
811
330
1F
100
AcDbEntity
  8
AM_0
100
AcDbLine
 10
-14.81935684858221
 20
55.85068193529918
 30
0.0
 11
-10.22009980840254
 21
55.85068193529918
 31
0.0
  0
LINE
  5
812
330
1F
100
AcDbEntity
  8
AM_0
100
AcDbLine
 10
-14.85042979809976
 20
55.82927225880333
 30
0.0
 11
-10.13520693157956
 21
55.82927225880333
 31
0.0
  0
LINE
  5
813
330
1F
100
AcDbEntity
  8
AM_0
100
AcDbLine
 10
12.48557020190024
 20
55.82927225880333
 30
0.0
 11
17.20079306842043
 21
55.82927225880333
 31
0.0
  0
LINE
  5
814
330
1F
100
AcDbEntity
  8
AM_9
100
AcDbLine
 10
-15.26591658372159
 20
55.75130535356427
 30
0.0
 11
-15.26591658372158
 21
54.6
 31
0.0
  0
LINE
  5
815
330
1F
100
AcDbEntity
  8
AM_9
100
AcDbLine
 10
12.07008341627841
 20
55.75130535356427
 30
0.0
 11
12.07008341627841
 21
54.6
 31
0.0
  0
LINE
  5
816
330
1F
100
AcDbEntity
  8
AM_9
100
AcDbLine
 10
19.3092515446812
 20
55.35326378471229
 30
0.0
 11
19.3092515446812
 21
54.6
 31
0.0
  0
LINE
  5
817
330
1F
100
AcDbEntity
  8
AM_9
100
AcDbLine
 10
21.26343070791703
 20
55.35326378471229
 30
0.0
 11
21.26343070791703
 21
54.6
 31
0.0
  0
LINE
  5
818
330
1F
100
AcDbEntity
  8
AM_9
100
AcDbLine
 10
21.491
 20
54.6
 30
0.0
 11
21.491
 21
55.35326378471229
 31
0.0
  0
LINE
  5
819
330
1F
100
AcDbEntity
  8
AM_9
100
AcDbLine
 10
-8.026748455318794
 20
55.35326378471229
 30
0.0
 11
-8.026748455318796
 21
54.6
 31
0.0
  0
LINE
  5
81A
330
1F
100
AcDbEntity
  8
AM_9
100
AcDbLine
 10
-6.072569292082968
 20
55.35326378471229
 30
0.0
 11
-6.072569292082968
 21
54.6
 31
0.0
  0
LINE
  5
81B
330
1F
100
AcDbEntity
  8
AM_9
100
AcDbLine
 10
-5.845000000000002
 20
54.6
 30
0.0
 11
-5.845000000000002
 21
55.35326378471229
 31
0.0
  0
LINE
  5
81C
330
1F
100
AcDbEntity
  8
AM_9
100
AcDbLine
 10
-15.29724569972038
 20
55.72971726309763
 30
0.0
 11
-15.29724569972038
 21
54.6
 31
0.0
  0
LINE
  5
81D
330
1F
100
AcDbEntity
  8
AM_9
100
AcDbLine
 10
-19.14375816211259
 20
55.65175035785858
 30
0.0
 11
-19.14375816211259
 21
54.6
 31
0.0
  0
LINE
  5
81E
330
1F
100
AcDbEntity
  8
AM_0
100
AcDbLine
 10
-19.14375816211259
 20
55.72971726309763
 30
0.0
 11
-19.14375816211259
 21
55.65175035785858
 31
0.0
  0
LINE
  5
81F
330
1F
100
AcDbEntity
  8
AM_9
100
AcDbLine
 10
12.03875430027962
 20
55.72971726309763
 30
0.0
 11
12.03875430027962
 21
54.6
 31
0.0
  0
LINE
  5
820
330
1F
100
AcDbEntity
  8
AM_9
100
AcDbLine
 10
8.192241837887407
 20
55.65175035785858
 30
0.0
 11
8.192241837887407
 21
54.6
 31
0.0
  0
LINE
  5
821
330
1F
100
AcDbEntity
  8
AM_0
100
AcDbLine
 10
8.192241837887407
 20
55.72971726309763
 30
0.0
 11
8.192241837887407
 21
55.65175035785858
 31
0.0
  0
LINE
  5
822
330
1F
100
AcDbEntity
  8
AM_9
100
AcDbLine
 10
-15.29724569972038
 20
55.72971726309763
 30
0.0
 11
-15.26591658372159
 21
55.75130535356427
 31
0.0
  0
LINE
  5
823
330
1F
100
AcDbEntity
  8
AM_0
100
AcDbLine
 10
-19.02683630944889
 20
55.75130535356427
 30
0.0
 11
-15.36934322445501
 21
55.75130535356427
 31
0.0
  0
LINE
  5
824
330
1F
100
AcDbEntity
  8
AM_0
100
AcDbLine
 10
-19.02683630944889
 20
55.75130535356427
 30
0.0
 11
-19.14375816211259
 21
55.72971726309763
 31
0.0
  0
LINE
  5
825
330
1F
100
AcDbEntity
  8
AM_0
100
AcDbLine
 10
-19.14375816211259
 20
55.72971726309763
 30
0.0
 11
-15.40289076914673
 21
55.72971726309763
 31
0.0
  0
LINE
  5
826
330
1F
100
AcDbEntity
  8
AM_9
100
AcDbLine
 10
12.03875430027962
 20
55.72971726309763
 30
0.0
 11
12.07008341627841
 21
55.75130535356427
 31
0.0
  0
LINE
  5
827
330
1F
100
AcDbEntity
  8
AM_0
100
AcDbLine
 10
8.30916369055112
 20
55.75130535356427
 30
0.0
 11
11.96665677554735
 21
55.75130535356427
 31
0.0
  0
LINE
  5
828
330
1F
100
AcDbEntity
  8
AM_0
100
AcDbLine
 10
8.30916369055112
 20
55.75130535356427
 30
0.0
 11
8.192241837887407
 21
55.72971726309763
 31
0.0
  0
LINE
  5
829
330
1F
100
AcDbEntity
  8
AM_0
100
AcDbLine
 10
8.192241837887407
 20
55.72971726309763
 30
0.0
 11
11.93310923085575
 21
55.72971726309763
 31
0.0
  0
LINE
  5
82A
330
1F
100
AcDbEntity
  8
AM_9
100
AcDbLine
 10
19.39412108609398
 20
55.33185410821644
 30
0.0
 11
19.39412108609398
 21
54.6
 31
0.0
  0
LINE
  5
82B
330
1F
100
AcDbEntity
  8
AM_9
100
AcDbLine
 10
21.3793646574944
 20
55.33185410821644
 30
0.0
 11
21.37936465749441
 21
54.6
 31
0.0
  0
LINE
  5
82C
330
1F
100
AcDbEntity
  8
AM_0
100
AcDbLine
 10
21.611
 20
55.3
 30
0.0
 11
21.611
 21
55.33185410821644
 31
0.0
  0
LINE
  5
82D
330
1F
100
AcDbEntity
  8
AM_9
100
AcDbLine
 10
21.611
 20
54.6
 30
0.0
 11
21.611
 21
55.3
 31
0.0
  0
LINE
  5
82E
330
1F
100
AcDbEntity
  8
AM_9
100
AcDbLine
 10
19.3092515446812
 20
55.35326378471229
 30
0.0
 11
19.39412108609398
 21
55.33185410821644
 31
0.0
  0
LINE
  5
82F
330
1F
100
AcDbEntity
  8
AM_0
100
AcDbLine
 10
19.79603265503716
 20
55.33185410821644
 30
0.0
 11
21.61099999999998
 21
55.33185410821644
 31
0.0
  0
LINE
  5
830
330
1F
100
AcDbEntity
  8
AM_0
100
AcDbLine
 10
19.70577837772239
 20
55.35326378471229
 30
0.0
 11
21.49099999999999
 21
55.35326378471229
 31
0.0
  0
LINE
  5
831
330
1F
100
AcDbEntity
  8
AM_0
100
AcDbLine
 10
21.611
 20
55.33185410821644
 30
0.0
 11
21.49099999999999
 21
55.35326378471229
 31
0.0
  0
LINE
  5
832
330
1F
100
AcDbEntity
  8
AM_9
100
AcDbLine
 10
-8.026748455318794
 20
55.35326378471229
 30
0.0
 11
-7.941878913906023
 21
55.33185410821644
 31
0.0
  0
LINE
  5
833
330
1F
100
AcDbEntity
  8
AM_0
100
AcDbLine
 10
-7.630221622277533
 20
55.35326378471229
 30
0.0
 11
-5.844999999999992
 21
55.35326378471229
 31
0.0
  0
LINE
  5
834
330
1F
100
AcDbEntity
  8
AM_0
100
AcDbLine
 10
-5.725000000000003
 20
55.33185410821644
 30
0.0
 11
-5.845
 21
55.35326378471229
 31
0.0
  0
LINE
  5
835
330
1F
100
AcDbEntity
  8
AM_9
100
AcDbLine
 10
-7.941878913906023
 20
55.33185410821644
 30
0.0
 11
-7.941878913906022
 21
54.6
 31
0.0
  0
LINE
  5
836
330
1F
100
AcDbEntity
  8
AM_9
100
AcDbLine
 10
-5.956635342505585
 20
55.33185410821644
 30
0.0
 11
-5.956635342505587
 21
54.6
 31
0.0
  0
LINE
  5
837
330
1F
100
AcDbEntity
  8
AM_0
100
AcDbLine
 10
-7.539967344962754
 20
55.33185410821644
 30
0.0
 11
-5.724999999999999
 21
55.33185410821644
 31
0.0
  0
LINE
  5
838
330
1F
100
AcDbEntity
  8
AM_0
100
AcDbLine
 10
-5.725000000000001
 20
55.3
 30
0.0
 11
-5.725000000000001
 21
55.33185410821644
 31
0.0
  0
LINE
  5
839
330
1F
100
AcDbEntity
  8
AM_9
100
AcDbLine
 10
-5.725000000000001
 20
54.6
 30
0.0
 11
-5.725000000000001
 21
55.3
 31
0.0
  0
LINE
  5
83A
330
1F
100
AcDbEntity
  8
AM_0
100
AcDbLine
 10
-14.9635818000931
 20
55.75130535356428
 30
0.0
 11
-9.826069913155624
 21
55.75130535356427
 31
0.0
  0
LINE
  5
83B
330
1F
100
AcDbEntity
  8
AM_0
100
AcDbLine
 10
-14.9949109160919
 20
55.72971726309763
 30
0.0
 11
-9.740477176490705
 21
55.72971726309763
 31
0.0
  0
LINE
  5
83C
330
1F
100
AcDbEntity
  8
AM_0
100
AcDbLine
 10
12.3410890839081
 20
55.72971726309763
 30
0.0
 11
17.59552282350931
 21
55.72971726309763
 31
0.0
  0
LINE
  5
83D
330
1F
100
AcDbEntity
  8
AM_0
100
AcDbLine
 10
12.3724181999069
 20
55.75130535356428
 30
0.0
 11
17.50993008684437
 21
55.75130535356427
 31
0.0
  0
LINE
  5
83E
330
1F
100
AcDbEntity
  8
AM_9
100
AcDbLine
 10
-7.632109153915101
 20
55.25370878900659
 30
0.0
 11
-7.632109153915099
 21
54.6
 31
0.0
  0
LINE
  5
83F
330
1F
100
AcDbEntity
  8
AM_9
100
AcDbLine
 10
-5.533481981033771
 20
55.25370878900659
 30
0.0
 11
-5.533481981033771
 21
54.6
 31
0.0
  0
LINE
  5
840
330
1F
100
AcDbEntity
  8
AM_9
100
AcDbLine
 10
-5.287000000000003
 20
54.6
 30
0.0
 11
-5.287000000000003
 21
55.25370878900659
 31
0.0
  0
LINE
  5
841
330
1F
100
AcDbEntity
  8
AM_9
100
AcDbLine
 10
19.70389084608491
 20
55.25370878900659
 30
0.0
 11
19.70389084608491
 21
54.6
 31
0.0
  0
LINE
  5
842
330
1F
100
AcDbEntity
  8
AM_9
100
AcDbLine
 10
21.80251801896623
 20
55.25370878900659
 30
0.0
 11
21.80251801896623
 21
54.6
 31
0.0
  0
LINE
  5
843
330
1F
100
AcDbEntity
  8
AM_9
100
AcDbLine
 10
22.049
 20
54.6
 30
0.0
 11
22.049
 21
55.25370878900659
 31
0.0
  0
LINE
  5
844
330
1F
100
AcDbEntity
  8
AM_9
100
AcDbLine
 10
-15.41038906494136
 20
55.65175035785858
 30
0.0
 11
-15.41038906494136
 21
54.6
 31
0.0
  0
LINE
  5
845
330
1F
100
AcDbEntity
  8
AM_9
100
AcDbLine
 10
11.92561093505865
 20
55.65175035785858
 30
0.0
 11
11.92561093505864
 21
54.6
 31
0.0
  0
LINE
  5
846
330
1F
100
AcDbEntity
  8
AM_9
100
AcDbLine
 10
19.78875824834196
 20
55.23229911251074
 30
0.0
 11
19.78875824834196
 21
54.6
 31
0.0
  0
LINE
  5
847
330
1F
100
AcDbEntity
  8
AM_9
100
AcDbLine
 10
21.91844904640255
 20
55.23229911251074
 30
0.0
 11
21.91844904640256
 21
54.6
 31
0.0
  0
LINE
  5
848
330
1F
100
AcDbEntity
  8
AM_9
100
AcDbLine
 10
22.16899999999999
 20
54.6
 30
0.0
 11
22.16899999999999
 21
55.23229911251074
 31
0.0
  0
LINE
  5
849
330
1F
100
AcDbEntity
  8
AM_9
100
AcDbLine
 10
19.70389084608491
 20
55.25370878900659
 30
0.0
 11
19.78875824834196
 21
55.23229911251074
 31
0.0
  0
LINE
  5
84A
330
1F
100
AcDbEntity
  8
AM_9
100
AcDbLine
 10
22.169
 20
55.23229911251074
 30
0.0
 11
22.049
 21
55.25370878900659
 31
0.0
  0
LINE
  5
84B
330
1F
100
AcDbEntity
  8
AM_9
100
AcDbLine
 10
-7.632109153915101
 20
55.25370878900659
 30
0.0
 11
-7.547241751658039
 21
55.23229911251074
 31
0.0
  0
LINE
  5
84C
330
1F
100
AcDbEntity
  8
AM_9
100
AcDbLine
 10
-5.166999999999999
 20
55.23229911251074
 30
0.0
 11
-5.287000000000007
 21
55.25370878900659
 31
0.0
  0
LINE
  5
84D
330
1F
100
AcDbEntity
  8
AM_9
100
AcDbLine
 10
-7.547241751658039
 20
55.23229911251074
 30
0.0
 11
-7.547241751658039
 21
54.6
 31
0.0
  0
LINE
  5
84E
330
1F
100
AcDbEntity
  8
AM_9
100
AcDbLine
 10
-5.41755095359744
 20
55.23229911251074
 30
0.0
 11
-5.417550953597441
 21
54.6
 31
0.0
  0
LINE
  5
84F
330
1F
100
AcDbEntity
  8
AM_9
100
AcDbLine
 10
-5.167000000000003
 20
54.6
 30
0.0
 11
-5.167000000000003
 21
55.23229911251074
 31
0.0
  0
LINE
  5
850
330
1F
100
AcDbEntity
  8
AM_9
100
AcDbLine
 10
-15.44145721861132
 20
55.63034068136273
 30
0.0
 11
-15.41038906494136
 21
55.65175035785858
 31
0.0
  0
LINE
  5
851
330
1F
100
AcDbEntity
  8
AM_0
100
AcDbLine
 10
-19.5660149496566
 20
55.65175035785858
 30
0.0
 11
-15.52409124042246
 21
55.65175035785858
 31
0.0
  0
LINE
  5
852
330
1F
100
AcDbEntity
  8
AM_0
100
AcDbLine
 10
-19.5660149496566
 20
55.65175035785858
 30
0.0
 11
-19.68196287765026
 21
55.63034068136273
 31
0.0
  0
LINE
  5
853
330
1F
100
AcDbEntity
  8
AM_9
100
AcDbLine
 10
11.89454278138868
 20
55.63034068136273
 30
0.0
 11
11.89454278138868
 21
54.6
 31
0.0
  0
LINE
  5
854
330
1F
100
AcDbEntity
  8
AM_9
100
AcDbLine
 10
7.654037122349738
 20
55.55219536215289
 30
0.0
 11
7.65403712234974
 21
54.6
 31
0.0
  0
LINE
  5
855
330
1F
100
AcDbEntity
  8
AM_0
100
AcDbLine
 10
7.654037122349739
 20
55.63034068136273
 30
0.0
 11
7.654037122349738
 21
55.55219536215289
 31
0.0
  0
LINE
  5
856
330
1F
100
AcDbEntity
  8
AM_9
100
AcDbLine
 10
11.89454278138868
 20
55.63034068136273
 30
0.0
 11
11.92561093505865
 21
55.65175035785858
 31
0.0
  0
LINE
  5
857
330
1F
100
AcDbEntity
  8
AM_0
100
AcDbLine
 10
7.769985050343402
 20
55.65175035785858
 30
0.0
 11
11.8119087595805
 21
55.65175035785858
 31
0.0
  0
LINE
  5
858
330
1F
100
AcDbEntity
  8
AM_0
100
AcDbLine
 10
7.769985050343402
 20
55.65175035785858
 30
0.0
 11
7.654037122349739
 21
55.63034068136273
 31
0.0
  0
LINE
  5
859
330
1F
100
AcDbEntity
  8
AM_0
100
AcDbLine
 10
7.654037122349739
 20
55.63034068136273
 30
0.0
 11
11.77861643389262
 21
55.63034068136273
 31
0.0
  0
LINE
  5
85A
330
1F
100
AcDbEntity
  8
AM_9
100
AcDbLine
 10
-15.44145721861132
 20
55.63034068136273
 30
0.0
 11
-15.44145721861132
 21
54.6
 31
0.0
  0
LINE
  5
85B
330
1F
100
AcDbEntity
  8
AM_9
100
AcDbLine
 10
-19.68196287765026
 20
55.55219536215288
 30
0.0
 11
-19.68196287765026
 21
54.6
 31
0.0
  0
LINE
  5
85C
330
1F
100
AcDbEntity
  8
AM_0
100
AcDbLine
 10
-19.68196287765026
 20
55.63034068136273
 30
0.0
 11
-19.68196287765026
 21
55.55219536215288
 31
0.0
  0
LINE
  5
85D
330
1F
100
AcDbEntity
  8
AM_0
100
AcDbLine
 10
-19.68196287765026
 20
55.63034068136273
 30
0.0
 11
-15.55738356611047
 21
55.63034068136273
 31
0.0
  0
LINE
  5
85E
330
1F
100
AcDbEntity
  8
AM_9
100
AcDbLine
 10
-7.23747905812382
 20
55.15415379330089
 30
0.0
 11
-7.237479058123819
 21
54.6
 31
0.0
  0
LINE
  5
85F
330
1F
100
AcDbEntity
  8
AM_9
100
AcDbLine
 10
-4.994407245084994
 20
55.15415379330089
 30
0.0
 11
-4.994407245084993
 21
54.6
 31
0.0
  0
LINE
  5
860
330
1F
100
AcDbEntity
  8
AM_9
100
AcDbLine
 10
-4.728999999999999
 20
54.6
 30
0.0
 11
-4.728999999999999
 21
55.15415379330089
 31
0.0
  0
LINE
  5
861
330
1F
100
AcDbEntity
  8
AM_9
100
AcDbLine
 10
20.09852094187619
 20
55.15415379330089
 30
0.0
 11
20.09852094187619
 21
54.6
 31
0.0
  0
LINE
  5
862
330
1F
100
AcDbEntity
  8
AM_9
100
AcDbLine
 10
22.34159275491501
 20
55.15415379330089
 30
0.0
 11
22.34159275491501
 21
54.6
 31
0.0
  0
LINE
  5
863
330
1F
100
AcDbEntity
  8
AM_9
100
AcDbLine
 10
22.607
 20
54.6
 30
0.0
 11
22.607
 21
55.15415379330089
 31
0.0
  0
LINE
  5
864
330
1F
100
AcDbEntity
  8
AM_0
100
AcDbLine
 10
12.22794571868712
 20
55.65175035785858
 30
0.0
 11
17.90463624583233
 21
55.65175035785858
 31
0.0
  0
LINE
  5
865
330
1F
100
AcDbEntity
  8
AM_0
100
AcDbLine
 10
-15.10805428131288
 20
55.65175035785858
 30
0.0
 11
-9.43136375416766
 21
55.65175035785858
 31
0.0
  0
LINE
  5
866
330
1F
100
AcDbEntity
  8
AM_0
100
AcDbLine
 10
-15.13912243498284
 20
55.63034068136273
 30
0.0
 11
-9.346483979843967
 21
55.63034068136273
 31
0.0
  0
LINE
  5
867
330
1F
100
AcDbEntity
  8
AM_0
100
AcDbLine
 10
12.19687756501717
 20
55.63034068136274
 30
0.0
 11
17.989516020156
 21
55.63034068136273
 31
0.0
  0
LINE
  5
868
330
1F
100
AcDbEntity
  8
AM_9
100
AcDbLine
 10
20.18338659057133
 20
55.13274411680504
 30
0.0
 11
20.18338659057133
 21
54.6
 31
0.0
  0
LINE
  5
869
330
1F
100
AcDbEntity
  8
AM_9
100
AcDbLine
 10
22.45752138694122
 20
55.13274411680504
 30
0.0
 11
22.45752138694122
 21
54.6
 31
0.0
  0
LINE
  5
86A
330
1F
100
AcDbEntity
  8
AM_9
100
AcDbLine
 10
22.727
 20
54.6
 30
0.0
 11
22.727
 21
55.13274411680504
 31
0.0
  0
LINE
  5
86B
330
1F
100
AcDbEntity
  8
AM_9
100
AcDbLine
 10
20.09852094187619
 20
55.15415379330089
 30
0.0
 11
20.18338659057133
 21
55.13274411680504
 31
0.0
  0
LINE
  5
86C
330
1F
100
AcDbEntity
  8
AM_9
100
AcDbLine
 10
22.727
 20
55.13274411680504
 30
0.0
 11
22.607
 21
55.15415379330089
 31
0.0
  0
LINE
  5
86D
330
1F
100
AcDbEntity
  8
AM_9
100
AcDbLine
 10
-7.23747905812382
 20
55.15415379330089
 30
0.0
 11
-7.152613409428672
 21
55.13274411680504
 31
0.0
  0
LINE
  5
86E
330
1F
100
AcDbEntity
  8
AM_9
100
AcDbLine
 10
-4.609000000000001
 20
55.13274411680504
 30
0.0
 11
-4.729000000000005
 21
55.15415379330089
 31
0.0
  0
LINE
  5
86F
330
1F
100
AcDbEntity
  8
AM_9
100
AcDbLine
 10
-7.152613409428672
 20
55.13274411680504
 30
0.0
 11
-7.152613409428671
 21
54.6
 31
0.0
  0
LINE
  5
870
330
1F
100
AcDbEntity
  8
AM_9
100
AcDbLine
 10
-4.87847861305878
 20
55.13274411680504
 30
0.0
 11
-4.878478613058784
 21
54.6
 31
0.0
  0
LINE
  5
871
330
1F
100
AcDbEntity
  8
AM_9
100
AcDbLine
 10
-4.609000000000001
 20
54.6
 30
0.0
 11
-4.609000000000001
 21
55.13274411680504
 31
0.0
  0
LINE
  5
872
330
1F
100
AcDbEntity
  8
AM_9
100
AcDbLine
 10
11.78114701800808
 20
55.55219536215289
 30
0.0
 11
11.78114701800808
 21
54.6
 31
0.0
  0
LINE
  5
873
330
1F
100
AcDbEntity
  8
AM_9
100
AcDbLine
 10
-15.55485298199192
 20
55.55219536215288
 30
0.0
 11
-15.55485298199192
 21
54.6
 31
0.0
  0
LINE
  5
874
330
1F
100
AcDbEntity
  8
AM_9
100
AcDbLine
 10
-15.5859195747796
 20
55.53078568565703
 30
0.0
 11
-15.55485298199192
 21
55.55219536215288
 31
0.0
  0
LINE
  5
875
330
1F
100
AcDbEntity
  8
AM_0
100
AcDbLine
 10
-20.10516162794973
 20
55.55219536215288
 30
0.0
 11
-15.67541397235132
 21
55.55219536215288
 31
0.0
  0
LINE
  5
876
330
1F
100
AcDbEntity
  8
AM_0
100
AcDbLine
 10
-20.10516162794973
 20
55.55219536215288
 30
0.0
 11
-20.2211037306514
 21
55.53078568565703
 31
0.0
  0
LINE
  5
877
330
1F
100
AcDbEntity
  8
AM_9
100
AcDbLine
 10
11.75008042522039
 20
55.53078568565703
 30
0.0
 11
11.7500804252204
 21
54.6
 31
0.0
  0
LINE
  5
878
330
1F
100
AcDbEntity
  8
AM_9
100
AcDbLine
 10
7.114896269348602
 20
55.45264036644718
 30
0.0
 11
7.1148962693486
 21
54.6
 31
0.0
  0
LINE
  5
879
330
1F
100
AcDbEntity
  8
AM_0
100
AcDbLine
 10
7.1148962693486
 20
55.53078568565703
 30
0.0
 11
7.114896269348602
 21
55.45264036644718
 31
0.0
  0
LINE
  5
87A
330
1F
100
AcDbEntity
  8
AM_9
100
AcDbLine
 10
-15.5859195747796
 20
55.53078568565703
 30
0.0
 11
-15.5859195747796
 21
54.6
 31
0.0
  0
LINE
  5
87B
330
1F
100
AcDbEntity
  8
AM_9
100
AcDbLine
 10
-20.2211037306514
 20
55.45264036644719
 30
0.0
 11
-20.2211037306514
 21
54.6
 31
0.0
  0
LINE
  5
87C
330
1F
100
AcDbEntity
  8
AM_0
100
AcDbLine
 10
-20.2211037306514
 20
55.53078568565703
 30
0.0
 11
-20.2211037306514
 21
55.45264036644719
 31
0.0
  0
LINE
  5
87D
330
1F
100
AcDbEntity
  8
AM_0
100
AcDbLine
 10
-20.2211037306514
 20
55.53078568565703
 30
0.0
 11
-15.708512410206
 21
55.53078568565703
 31
0.0
  0
LINE
  5
87E
330
1F
100
AcDbEntity
  8
AM_9
100
AcDbLine
 10
11.75008042522039
 20
55.53078568565703
 30
0.0
 11
11.78114701800808
 21
55.55219536215289
 31
0.0
  0
LINE
  5
87F
330
1F
100
AcDbEntity
  8
AM_0
100
AcDbLine
 10
7.230838372050297
 20
55.55219536215289
 30
0.0
 11
11.66058602765228
 21
55.55219536215289
 31
0.0
  0
LINE
  5
880
330
1F
100
AcDbEntity
  8
AM_0
100
AcDbLine
 10
7.230838372050297
 20
55.55219536215289
 30
0.0
 11
7.1148962693486
 21
55.53078568565703
 31
0.0
  0
LINE
  5
881
330
1F
100
AcDbEntity
  8
AM_0
100
AcDbLine
 10
7.1148962693486
 20
55.53078568565703
 30
0.0
 11
11.62748758979759
 21
55.53078568565703
 31
0.0
  0
LINE
  5
882
330
1F
100
AcDbEntity
  8
AM_9
100
AcDbLine
 10
20.49243625235956
 20
55.054777211566
 30
0.0
 11
20.49243625235955
 21
54.6
 31
0.0
  0
LINE
  5
883
330
1F
100
AcDbEntity
  8
AM_9
100
AcDbLine
 10
22.87969107597492
 20
55.054777211566
 30
0.0
 11
22.87969107597492
 21
54.6
 31
0.0
  0
LINE
  5
884
330
1F
100
AcDbEntity
  8
AM_9
100
AcDbLine
 10
23.164
 20
54.6
 30
0.0
 11
23.164
 21
55.054777211566
 31
0.0
  0
LINE
  5
885
330
1F
100
AcDbEntity
  8
AM_9
100
AcDbLine
 10
-6.843563747640448
 20
55.054777211566
 30
0.0
 11
-6.84356374764045
 21
54.6
 31
0.0
  0
LINE
  5
886
330
1F
100
AcDbEntity
  8
AM_9
100
AcDbLine
 10
-4.456308924025079
 20
55.054777211566
 30
0.0
 11
-4.456308924025078
 21
54.6
 31
0.0
  0
LINE
  5
887
330
1F
100
AcDbEntity
  8
AM_9
100
AcDbLine
 10
-4.172
 20
54.6
 30
0.0
 11
-4.172
 21
55.054777211566
 31
0.0
  0
LINE
  5
888
330
1F
100
AcDbEntity
  8
AM_9
100
AcDbLine
 10
20.49243625235956
 20
55.054777211566
 30
0.0
 11
20.5773004480646
 21
55.03336753507014
 31
0.0
  0
LINE
  5
889
330
1F
100
AcDbEntity
  8
AM_9
100
AcDbLine
 10
23.284
 20
55.03336753507014
 30
0.0
 11
23.164
 21
55.054777211566
 31
0.0
  0
LINE
  5
88A
330
1F
100
AcDbEntity
  8
AM_9
100
AcDbLine
 10
20.5773004480646
 20
55.03336753507014
 30
0.0
 11
20.5773004480646
 21
54.6
 31
0.0
  0
LINE
  5
88B
330
1F
100
AcDbEntity
  8
AM_9
100
AcDbLine
 10
22.99561772317977
 20
55.03336753507014
 30
0.0
 11
22.99561772317974
 21
54.6
 31
0.0
  0
LINE
  5
88C
330
1F
100
AcDbEntity
  8
AM_9
100
AcDbLine
 10
23.284
 20
54.6
 30
0.0
 11
23.284
 21
55.03336753507014
 31
0.0
  0
LINE
  5
88D
330
1F
100
AcDbEntity
  8
AM_9
100
AcDbLine
 10
-6.843563747640448
 20
55.054777211566
 30
0.0
 11
-6.758699551935405
 21
55.03336753507014
 31
0.0
  0
LINE
  5
88E
330
1F
100
AcDbEntity
  8
AM_9
100
AcDbLine
 10
-4.051999999999999
 20
55.03336753507014
 30
0.0
 11
-4.172000000000001
 21
55.054777211566
 31
0.0
  0
LINE
  5
88F
330
1F
100
AcDbEntity
  8
AM_9
100
AcDbLine
 10
-6.758699551935405
 20
55.03336753507014
 30
0.0
 11
-6.758699551935403
 21
54.6
 31
0.0
  0
LINE
  5
890
330
1F
100
AcDbEntity
  8
AM_9
100
AcDbLine
 10
-4.340382276820272
 20
55.03336753507015
 30
0.0
 11
-4.340382276820258
 21
54.6
 31
0.0
  0
LINE
  5
891
330
1F
100
AcDbEntity
  8
AM_9
100
AcDbLine
 10
-4.052
 20
54.6
 30
0.0
 11
-4.052
 21
55.03336753507014
 31
0.0
  0
LINE
  5
892
330
1F
100
AcDbEntity
  8
AM_0
100
AcDbLine
 10
-15.25251819836343
 20
55.55219536215289
 30
0.0
 11
-9.036680992925112
 21
55.55219536215288
 31
0.0
  0
LINE
  5
893
330
1F
100
AcDbEntity
  8
AM_0
100
AcDbLine
 10
12.08348180163656
 20
55.55219536215289
 30
0.0
 11
18.29931900707489
 21
55.55219536215288
 31
0.0
  0
LINE
  5
894
330
1F
100
AcDbEntity
  8
AM_0
100
AcDbLine
 10
-15.28358479115112
 20
55.53078568565703
 30
0.0
 11
-8.951805483011114
 21
55.53078568565703
 31
0.0
  0
LINE
  5
895
330
1F
100
AcDbEntity
  8
AM_0
100
AcDbLine
 10
12.05241520884888
 20
55.53078568565703
 30
0.0
 11
18.38419451698888
 21
55.53078568565703
 31
0.0
  0
LINE
  5
896
330
1F
100
AcDbEntity
  8
AM_9
100
AcDbLine
 10
-15.69931030900097
 20
55.45264036644719
 30
0.0
 11
-15.69931030900098
 21
54.6
 31
0.0
  0
LINE
  5
897
330
1F
100
AcDbEntity
  8
AM_9
100
AcDbLine
 10
11.63668969099902
 20
55.45264036644718
 30
0.0
 11
11.63668969099902
 21
54.6
 31
0.0
  0
LINE
  5
898
330
1F
100
AcDbEntity
  8
AM_9
100
AcDbLine
 10
8.508999999999999
 20
6.348
 30
0.0
 11
8.508999999999999
 21
5.738
 31
0.0
  0
LINE
  5
899
330
1F
100
AcDbEntity
  8
AM_9
100
AcDbLine
 10
7.930999999999999
 20
6.348
 30
0.0
 11
7.930999999999999
 21
5.738
 31
0.0
  0
LINE
  5
89A
330
1F
100
AcDbEntity
  8
AM_9
100
AcDbLine
 10
-5.750000000000001
 20
6.348
 30
0.0
 11
-5.750000000000001
 21
5.738
 31
0.0
  0
LINE
  5
89B
330
1F
100
AcDbEntity
  8
AM_9
100
AcDbLine
 10
-6.328000000000001
 20
6.348
 30
0.0
 11
-6.328000000000001
 21
5.738
 31
0.0
  0
LINE
  5
89C
330
1F
100
AcDbEntity
  8
AM_9
100
AcDbLine
 10
-9.259
 20
6.348
 30
0.0
 11
-9.259
 21
5.738
 31
0.0
  0
LINE
  5
89D
330
1F
100
AcDbEntity
  8
AM_9
100
AcDbLine
 10
-9.837000000000002
 20
6.348
 30
0.0
 11
-9.837000000000002
 21
5.738
 31
0.0
  0
LINE
  5
89E
330
1F
100
AcDbEntity
  8
AM_9
100
AcDbLine
 10
-6.328000000000001
 20
6.348
 30
0.0
 11
6.327999999999999
 21
6.348
 31
0.0
  0
LINE
  5
89F
330
1F
100
AcDbEntity
  8
AM_9
100
AcDbLine
 10
5.749999999999998
 20
6.348
 30
0.0
 11
5.75000000000001
 21
5.738
 31
0.0
  0
LINE
  5
8A0
330
1F
100
AcDbEntity
  8
AM_9
100
AcDbLine
 10
6.327999999999999
 20
6.348
 30
0.0
 11
6.327999999999999
 21
5.738
 31
0.0
  0
LINE
  5
8A1
330
1F
100
AcDbEntity
  8
AM_9
100
AcDbLine
 10
7.930999999999999
 20
6.348
 30
0.0
 11
9.836999999999996
 21
6.348
 31
0.0
  0
LINE
  5
8A2
330
1F
100
AcDbEntity
  8
AM_9
100
AcDbLine
 10
9.258999999999999
 20
6.348
 30
0.0
 11
9.259000000000007
 21
5.738
 31
0.0
  0
LINE
  5
8A3
330
1F
100
AcDbEntity
  8
AM_9
100
AcDbLine
 10
9.836999999999996
 20
6.348
 30
0.0
 11
9.836999999999996
 21
5.738
 31
0.0
  0
LINE
  5
8A4
330
1F
100
AcDbEntity
  8
AM_9
100
AcDbLine
 10
-9.837000000000002
 20
6.348
 30
0.0
 11
-7.931
 21
6.348
 31
0.0
  0
LINE
  5
8A5
330
1F
100
AcDbEntity
  8
AM_9
100
AcDbLine
 10
-8.509000000000002
 20
6.348
 30
0.0
 11
-8.508999999999993
 21
5.738
 31
0.0
  0
LINE
  5
8A6
330
1F
100
AcDbEntity
  8
AM_9
100
AcDbLine
 10
-7.931
 20
6.348
 30
0.0
 11
-7.931000000000001
 21
5.738
 31
0.0
  0
LINE
  5
8A7
330
1F
100
AcDbEntity
  8
AM_9
100
AcDbLine
 10
20.88705245624085
 20
54.9552222158603
 30
0.0
 11
20.88705245624085
 21
54.6
 31
0.0
  0
LINE
  5
8A8
330
1F
100
AcDbEntity
  8
AM_9
100
AcDbLine
 10
23.41874683522174
 20
54.9552222158603
 30
0.0
 11
23.41874683522174
 21
54.6
 31
0.0
  0
LINE
  5
8A9
330
1F
100
AcDbEntity
  8
AM_9
100
AcDbLine
 10
23.722
 20
54.6
 30
0.0
 11
23.722
 21
54.9552222158603
 31
0.0
  0
LINE
  5
8AA
330
1F
100
AcDbEntity
  8
AM_9
100
AcDbLine
 10
-6.448947543759154
 20
54.9552222158603
 30
0.0
 11
-6.448947543759156
 21
54.6
 31
0.0
  0
LINE
  5
8AB
330
1F
100
AcDbEntity
  8
AM_9
100
AcDbLine
 10
-3.917253164778258
 20
54.9552222158603
 30
0.0
 11
-3.917253164778258
 21
54.6
 31
0.0
  0
LINE
  5
8AC
330
1F
100
AcDbEntity
  8
AM_9
100
AcDbLine
 10
-3.614000000000003
 20
54.6
 30
0.0
 11
-3.614000000000003
 21
54.9552222158603
 31
0.0
  0
LINE
  5
8AD
330
1F
100
AcDbEntity
  8
AM_9
100
AcDbLine
 10
20.97191543041878
 20
54.93381253936445
 30
0.0
 11
20.97191543041878
 21
54.6
 31
0.0
  0
LINE
  5
8AE
330
1F
100
AcDbEntity
  8
AM_9
100
AcDbLine
 10
23.5346718137895
 20
54.93381253936445
 30
0.0
 11
23.5346718137895
 21
54.6
 31
0.0
  0
LINE
  5
8AF
330
1F
100
AcDbEntity
  8
AM_9
100
AcDbLine
 10
23.842
 20
54.6
 30
0.0
 11
23.842
 21
54.93381253936445
 31
0.0
  0
LINE
  5
8B0
330
1F
100
AcDbEntity
  8
AM_9
100
AcDbLine
 10
20.88705245624085
 20
54.9552222158603
 30
0.0
 11
20.97191543041878
 21
54.93381253936445
 31
0.0
  0
LINE
  5
8B1
330
1F
100
AcDbEntity
  8
AM_9
100
AcDbLine
 10
23.842
 20
54.93381253936445
 30
0.0
 11
23.72200000000001
 21
54.9552222158603
 31
0.0
  0
LINE
  5
8B2
330
1F
100
AcDbEntity
  8
AM_9
100
AcDbLine
 10
-6.448947543759154
 20
54.9552222158603
 30
0.0
 11
-6.364084569581223
 21
54.93381253936445
 31
0.0
  0
LINE
  5
8B3
330
1F
100
AcDbEntity
  8
AM_9
100
AcDbLine
 10
-3.493999999999999
 20
54.93381253936445
 30
0.0
 11
-3.613999999999998
 21
54.9552222158603
 31
0.0
  0
LINE
  5
8B4
330
1F
100
AcDbEntity
  8
AM_9
100
AcDbLine
 10
-6.364084569581223
 20
54.93381253936445
 30
0.0
 11
-6.364084569581223
 21
54.6
 31
0.0
  0
LINE
  5
8B5
330
1F
100
AcDbEntity
  8
AM_9
100
AcDbLine
 10
-3.801328186210487
 20
54.93381253936445
 30
0.0
 11
-3.8013281862105
 21
54.6
 31
0.0
  0
LINE
  5
8B6
330
1F
100
AcDbEntity
  8
AM_9
100
AcDbLine
 10
-3.494000000000003
 20
54.6
 30
0.0
 11
-3.494000000000003
 21
54.93381253936445
 31
0.0
  0
LINE
  5
8B7
330
1F
100
AcDbEntity
  8
AM_9
100
AcDbLine
 10
-15.73037568398768
 20
55.43123068995133
 30
0.0
 11
-15.73037568398767
 21
54.6
 31
0.0
  0
LINE
  5
8B8
330
1F
100
AcDbEntity
  8
AM_9
100
AcDbLine
 10
-20.76022126967965
 20
55.35326378471229
 30
0.0
 11
-20.76022126967965
 21
54.6
 31
0.0
  0
LINE
  5
8B9
330
1F
100
AcDbEntity
  8
AM_0
100
AcDbLine
 10
-20.76022126967965
 20
55.43123068995133
 30
0.0
 11
-20.76022126967965
 21
55.35326378471229
 31
0.0
  0
LINE
  5
8BA
330
1F
100
AcDbEntity
  8
AM_9
100
AcDbLine
 10
11.60562431601232
 20
55.43123068995133
 30
0.0
 11
11.60562431601232
 21
54.6
 31
0.0
  0
LINE
  5
8BB
330
1F
100
AcDbEntity
  8
AM_9
100
AcDbLine
 10
6.575778730320349
 20
55.35326378471229
 30
0.0
 11
6.575778730320352
 21
54.6
 31
0.0
  0
LINE
  5
8BC
330
1F
100
AcDbEntity
  8
AM_0
100
AcDbLine
 10
6.57577873032035
 20
55.43123068995133
 30
0.0
 11
6.575778730320349
 21
55.35326378471229
 31
0.0
  0
LINE
  5
8BD
330
1F
100
AcDbEntity
  8
AM_9
100
AcDbLine
 10
-15.73037568398768
 20
55.43123068995133
 30
0.0
 11
-15.69931030900097
 21
55.45264036644719
 31
0.0
  0
LINE
  5
8BE
330
1F
100
AcDbEntity
  8
AM_0
100
AcDbLine
 10
-20.6442837118731
 20
55.45264036644719
 30
0.0
 11
-15.82980084806336
 21
55.45264036644719
 31
0.0
  0
LINE
  5
8BF
330
1F
100
AcDbEntity
  8
AM_0
100
AcDbLine
 10
-20.6442837118731
 20
55.45264036644719
 30
0.0
 11
-20.76022126967965
 21
55.43123068995133
 31
0.0
  0
LINE
  5
8C0
330
1F
100
AcDbEntity
  8
AM_0
100
AcDbLine
 10
-20.76022126967965
 20
55.43123068995133
 30
0.0
 11
-15.8630403760557
 21
55.43123068995133
 31
0.0
  0
LINE
  5
8C1
330
1F
100
AcDbEntity
  8
AM_9
100
AcDbLine
 10
11.60562431601232
 20
55.43123068995133
 30
0.0
 11
11.63668969099902
 21
55.45264036644718
 31
0.0
  0
LINE
  5
8C2
330
1F
100
AcDbEntity
  8
AM_0
100
AcDbLine
 10
6.691716288126862
 20
55.45264036644718
 30
0.0
 11
11.5061991519407
 21
55.45264036644718
 31
0.0
  0
LINE
  5
8C3
330
1F
100
AcDbEntity
  8
AM_0
100
AcDbLine
 10
6.691716288126862
 20
55.45264036644718
 30
0.0
 11
6.57577873032035
 21
55.43123068995133
 31
0.0
  0
LINE
  5
8C4
330
1F
100
AcDbEntity
  8
AM_0
100
AcDbLine
 10
6.57577873032035
 20
55.43123068995133
 30
0.0
 11
11.47295962394849
 21
55.43123068995133
 31
0.0
  0
LINE
  5
8C5
330
1F
100
AcDbEntity
  8
AM_0
100
AcDbLine
 10
-15.42804090035919
 20
55.43123068995133
 30
0.0
 11
-8.557144053190934
 21
55.43123068995133
 31
0.0
  0
LINE
  5
8C6
330
1F
100
AcDbEntity
  8
AM_0
100
AcDbLine
 10
-15.3969755253725
 20
55.45264036644718
 30
0.0
 11
-8.642016236010761
 21
55.45264036644718
 31
0.0
  0
LINE
  5
8C7
330
1F
100
AcDbEntity
  8
AM_0
100
AcDbLine
 10
11.9079590996408
 20
55.43123068995133
 30
0.0
 11
18.77885594680907
 21
55.43123068995133
 31
0.0
  0
LINE
  5
8C8
330
1F
100
AcDbEntity
  8
AM_0
100
AcDbLine
 10
11.9390244746275
 20
55.45264036644718
 30
0.0
 11
18.69398376398924
 21
55.45264036644718
 31
0.0
  0
LINE
  5
8C9
330
1F
100
AcDbEntity
  8
AM_9
100
AcDbLine
 10
21.28095615211139
 20
54.8558456341254
 30
0.0
 11
21.28095615211139
 21
54.6
 31
0.0
  0
LINE
  5
8CA
330
1F
100
AcDbEntity
  8
AM_9
100
AcDbLine
 10
23.95682929042549
 20
54.8558456341254
 30
0.0
 11
23.95682929042549
 21
54.6
 31
0.0
  0
LINE
  5
8CB
330
1F
100
AcDbEntity
  8
AM_9
100
AcDbLine
 10
24.279
 20
54.6
 30
0.0
 11
24.279
 21
54.8558456341254
 31
0.0
  0
LINE
  5
8CC
330
1F
100
AcDbEntity
  8
AM_9
100
AcDbLine
 10
-6.055043847888613
 20
54.8558456341254
 30
0.0
 11
-6.055043847888614
 21
54.6
 31
0.0
  0
LINE
  5
8CD
330
1F
100
AcDbEntity
  8
AM_9
100
AcDbLine
 10
-3.379170709574516
 20
54.8558456341254
 30
0.0
 11
-3.379170709574514
 21
54.6
 31
0.0
  0
LINE
  5
8CE
330
1F
100
AcDbEntity
  8
AM_9
100
AcDbLine
 10
-3.056999999999997
 20
54.6
 30
0.0
 11
-3.056999999999997
 21
54.8558456341254
 31
0.0
  0
LINE
  5
8CF
330
1F
100
AcDbEntity
  8
AM_9
100
AcDbLine
 10
21.28095615211139
 20
54.8558456341254
 30
0.0
 11
21.36581809307334
 21
54.83443595762955
 31
0.0
  0
LINE
  5
8D0
330
1F
100
AcDbEntity
  8
AM_9
100
AcDbLine
 10
24.399
 20
54.83443595762954
 30
0.0
 11
24.279
 21
54.8558456341254
 31
0.0
  0
LINE
  5
8D1
330
1F
100
AcDbEntity
  8
AM_9
100
AcDbLine
 10
21.36581809307334
 20
54.83443595762955
 30
0.0
 11
21.36581809307334
 21
54.6
 31
0.0
  0
LINE
  5
8D2
330
1F
100
AcDbEntity
  8
AM_9
100
AcDbLine
 10
24.072752857594
 20
54.83443595762954
 30
0.0
 11
24.07275285759396
 21
54.6
 31
0.0
  0
LINE
  5
8D3
330
1F
100
AcDbEntity
  8
AM_9
100
AcDbLine
 10
24.39899999999999
 20
54.6
 30
0.0
 11
24.39899999999999
 21
54.83443595762955
 31
0.0
  0
LINE
  5
8D4
330
1F
100
AcDbEntity
  8
AM_9
100
AcDbLine
 10
-6.055043847888613
 20
54.8558456341254
 30
0.0
 11
-5.970181906926666
 21
54.83443595762955
 31
0.0
  0
LINE
  5
8D5
330
1F
100
AcDbEntity
  8
AM_9
100
AcDbLine
 10
-2.937000000000005
 20
54.83443595762955
 30
0.0
 11
-3.057
 21
54.8558456341254
 31
0.0
  0
LINE
  5
8D6
330
1F
100
AcDbEntity
  8
AM_9
100
AcDbLine
 10
-5.970181906926666
 20
54.83443595762955
 30
0.0
 11
-5.970181906926664
 21
54.6
 31
0.0
  0
LINE
  5
8D7
330
1F
100
AcDbEntity
  8
AM_9
100
AcDbLine
 10
-3.263247142406027
 20
54.83443595762954
 30
0.0
 11
-3.263247142406038
 21
54.6
 31
0.0
  0
LINE
  5
8D8
330
1F
100
AcDbEntity
  8
AM_9
100
AcDbLine
 10
-2.936999999999999
 20
54.6
 30
0.0
 11
-2.936999999999999
 21
54.83443595762955
 31
0.0
  0
LINE
  5
8D9
330
1F
100
AcDbEntity
  8
AM_9
100
AcDbLine
 10
-15.84350358574722
 20
55.35326378471229
 30
0.0
 11
-15.84350358574722
 21
54.6
 31
0.0
  0
LINE
  5
8DA
330
1F
100
AcDbEntity
  8
AM_9
100
AcDbLine
 10
11.49249641425278
 20
55.35326378471229
 30
0.0
 11
11.49249641425278
 21
54.6
 31
0.0
  0
LINE
  5
8DB
330
1F
100
AcDbEntity
  8
AM_9
100
AcDbLine
 10
-15.87456799391183
 20
55.33185410821644
 30
0.0
 11
-15.84350358574722
 21
55.35326378471229
 31
0.0
  0
LINE
  5
8DC
330
1F
100
AcDbEntity
  8
AM_0
100
AcDbLine
 10
-21.18242034679993
 20
55.35326378471229
 30
0.0
 11
-15.98412126539941
 21
55.35326378471229
 31
0.0
  0
LINE
  5
8DD
330
1F
100
AcDbEntity
  8
AM_0
100
AcDbLine
 10
-21.18242034679993
 20
55.35326378471229
 30
0.0
 11
-21.29835429637733
 21
55.33185410821644
 31
0.0
  0
LINE
  5
8DE
330
1F
100
AcDbEntity
  8
AM_9
100
AcDbLine
 10
11.46143200608817
 20
55.33185410821644
 30
0.0
 11
11.49249641425278
 21
55.35326378471229
 31
0.0
  0
LINE
  5
8DF
330
1F
100
AcDbEntity
  8
AM_0
100
AcDbLine
 10
6.153579653200062
 20
55.35326378471229
 30
0.0
 11
11.35187873460526
 21
55.35326378471229
 31
0.0
  0
LINE
  5
8E0
330
1F
100
AcDbEntity
  8
AM_0
100
AcDbLine
 10
6.153579653200062
 20
55.35326378471229
 30
0.0
 11
6.037645703622673
 21
55.33185410821644
 31
0.0
  0
LINE
  5
8E1
330
1F
100
AcDbEntity
  8
AM_9
100
AcDbLine
 10
-15.87456799391183
 20
55.33185410821644
 30
0.0
 11
-15.87456799391183
 21
54.6
 31
0.0
  0
LINE
  5
8E2
330
1F
100
AcDbEntity
  8
AM_9
100
AcDbLine
 10
-21.29835429637733
 20
55.30000000000001
 30
0.0
 11
-21.29835429637733
 21
54.6
 31
0.0
  0
LINE
  5
8E3
330
1F
100
AcDbEntity
  8
AM_0
100
AcDbLine
 10
-21.29835429637733
 20
55.33185410821644
 30
0.0
 11
-21.29835429637733
 21
55.30000000000001
 31
0.0
  0
LINE
  5
8E4
330
1F
100
AcDbEntity
  8
AM_0
100
AcDbLine
 10
-21.29835429637733
 20
55.33185410821644
 30
0.0
 11
-16.01737889587062
 21
55.33185410821644
 31
0.0
  0
LINE
  5
8E5
330
1F
100
AcDbEntity
  8
AM_9
100
AcDbLine
 10
11.46143200608817
 20
55.33185410821644
 30
0.0
 11
11.46143200608816
 21
54.6
 31
0.0
  0
LINE
  5
8E6
330
1F
100
AcDbEntity
  8
AM_9
100
AcDbLine
 10
6.037645703622674
 20
55.30000000000001
 30
0.0
 11
6.037645703622672
 21
54.6
 31
0.0
  0
LINE
  5
8E7
330
1F
100
AcDbEntity
  8
AM_0
100
AcDbLine
 10
6.037645703622673
 20
55.33185410821644
 30
0.0
 11
6.037645703622674
 21
55.30000000000001
 31
0.0
  0
LINE
  5
8E8
330
1F
100
AcDbEntity
  8
AM_0
100
AcDbLine
 10
6.037645703622673
 20
55.33185410821644
 30
0.0
 11
11.31862110413418
 21
55.33185410821644
 31
0.0
  0
LINE
  5
8E9
330
1F
100
AcDbEntity
  8
AM_9
100
AcDbLine
 10
21.68404862654243
 20
54.75414967077012
 30
0.0
 11
21.68404862654243
 21
54.6
 31
0.0
  0
LINE
  5
8EA
330
1F
100
AcDbEntity
  8
AM_9
100
AcDbLine
 10
24.50746385057261
 20
54.75414967077012
 30
0.0
 11
24.50746385057261
 21
54.6
 31
0.0
  0
LINE
  5
8EB
330
1F
100
AcDbEntity
  8
AM_9
100
AcDbLine
 10
24.849
 20
54.6
 30
0.0
 11
24.849
 21
54.75414967077012
 31
0.0
  0
LINE
  5
8EC
330
1F
100
AcDbEntity
  8
AM_9
100
AcDbLine
 10
-5.651951373457575
 20
54.75414967077012
 30
0.0
 11
-5.651951373457574
 21
54.6
 31
0.0
  0
LINE
  5
8ED
330
1F
100
AcDbEntity
  8
AM_9
100
AcDbLine
 10
-2.828536149427387
 20
54.75414967077012
 30
0.0
 11
-2.828536149427388
 21
54.6
 31
0.0
  0
LINE
  5
8EE
330
1F
100
AcDbEntity
  8
AM_9
100
AcDbLine
 10
-2.487000000000001
 20
54.6
 30
0.0
 11
-2.487000000000001
 21
54.75414967077012
 31
0.0
  0
LINE
  5
8EF
330
1F
100
AcDbEntity
  8
AM_9
100
AcDbLine
 10
21.76890966518351
 20
54.73273999427427
 30
0.0
 11
21.76890966518351
 21
54.6
 31
0.0
  0
LINE
  5
8F0
330
1F
100
AcDbEntity
  8
AM_9
100
AcDbLine
 10
24.62338618514785
 20
54.73273999427427
 30
0.0
 11
24.62338618514788
 21
54.6
 31
0.0
  0
LINE
  5
8F1
330
1F
100
AcDbEntity
  8
AM_9
100
AcDbLine
 10
24.969
 20
54.6
 30
0.0
 11
24.969
 21
54.73273999427427
 31
0.0
  0
LINE
  5
8F2
330
1F
100
AcDbEntity
  8
AM_9
100
AcDbLine
 10
21.68404862654243
 20
54.75414967077012
 30
0.0
 11
21.76890966518351
 21
54.73273999427427
 31
0.0
  0
LINE
  5
8F3
330
1F
100
AcDbEntity
  8
AM_9
100
AcDbLine
 10
24.96899999999999
 20
54.73273999427427
 30
0.0
 11
24.849
 21
54.75414967077012
 31
0.0
  0
LINE
  5
8F4
330
1F
100
AcDbEntity
  8
AM_9
100
AcDbLine
 10
-5.567090334816485
 20
54.73273999427427
 30
0.0
 11
-5.567090334816485
 21
54.6
 31
0.0
  0
LINE
  5
8F5
330
1F
100
AcDbEntity
  8
AM_9
100
AcDbLine
 10
-2.712613814852126
 20
54.73273999427427
 30
0.0
 11
-2.712613814852126
 21
54.6
 31
0.0
  0
LINE
  5
8F6
330
1F
100
AcDbEntity
  8
AM_9
100
AcDbLine
 10
-2.367000000000002
 20
54.6
 30
0.0
 11
-2.367000000000002
 21
54.73273999427427
 31
0.0
  0
LINE
  5
8F7
330
1F
100
AcDbEntity
  8
AM_9
100
AcDbLine
 10
-5.651951373457575
 20
54.75414967077012
 30
0.0
 11
-5.567090334816485
 21
54.73273999427427
 31
0.0
  0
LINE
  5
8F8
330
1F
100
AcDbEntity
  8
AM_9
100
AcDbLine
 10
-2.367000000000003
 20
54.73273999427427
 30
0.0
 11
-2.487000000000006
 21
54.75414967077012
 31
0.0
  0
LINE
  5
8F9
330
1F
100
AcDbEntity
  8
AM_0
100
AcDbLine
 10
-15.54116880211874
 20
55.35326378471229
 30
0.0
 11
-8.24807287783019
 21
55.35326378471229
 31
0.0
  0
LINE
  5
8FA
330
1F
100
AcDbEntity
  8
AM_0
100
AcDbLine
 10
-15.57223321028335
 20
55.33185410821644
 30
0.0
 11
-8.16320333641743
 21
55.33185410821644
 31
0.0
  0
LINE
  5
8FB
330
1F
100
AcDbEntity
  8
AM_0
100
AcDbLine
 10
11.76376678971664
 20
55.33185410821643
 30
0.0
 11
19.1727966635826
 21
55.33185410821643
 31
0.0
  0
LINE
  5
8FC
330
1F
100
AcDbEntity
  8
AM_0
100
AcDbLine
 10
11.79483119788125
 20
55.35326378471228
 30
0.0
 11
19.08792712216981
 21
55.35326378471229
 31
0.0
  0
LINE
  5
8FD
330
1F
100
AcDbEntity
  8
AM_9
100
AcDbLine
 10
-15.98795159539272
 20
55.25370878900659
 30
0.0
 11
-15.98795159539272
 21
54.6
 31
0.0
  0
LINE
  5
8FE
330
1F
100
AcDbEntity
  8
AM_9
100
AcDbLine
 10
11.34804840460728
 20
55.25370878900659
 30
0.0
 11
11.34804840460728
 21
54.6
 31
0.0
  0
LINE
  5
8FF
330
1F
100
AcDbEntity
  8
AM_9
100
AcDbLine
 10
-16.01901522057199
 20
55.23229911251074
 30
0.0
 11
-15.98795159539272
 21
55.25370878900659
 31
0.0
  0
LINE
  5
900
330
1F
100
AcDbEntity
  8
AM_9
100
AcDbLine
 10
-22.04900000000004
 20
55.25370878900659
 30
0.0
 11
-7.853433576426485
 21
55.25370878900659
 31
0.0
  0
LINE
  5
901
330
1F
100
AcDbEntity
  8
AM_9
100
AcDbLine
 10
-21.72150765784914
 20
55.25370878900659
 30
0.0
 11
-21.83743868528547
 21
55.23229911251074
 31
0.0
  0
LINE
  5
902
330
1F
100
AcDbEntity
  8
AM_9
100
AcDbLine
 10
11.31698477942801
 20
55.23229911251074
 30
0.0
 11
11.34804840460728
 21
55.25370878900659
 31
0.0
  0
LINE
  5
903
330
1F
100
AcDbEntity
  8
AM_9
100
AcDbLine
 10
5.286999999999988
 20
55.25370878900659
 30
0.0
 11
19.48256642357351
 21
55.25370878900659
 31
0.0
  0
LINE
  5
904
330
1F
100
AcDbEntity
  8
AM_9
100
AcDbLine
 10
5.614492342150867
 20
55.25370878900659
 30
0.0
 11
5.498561314714523
 21
55.23229911251074
 31
0.0
  0
LINE
  5
905
330
1F
100
AcDbEntity
  8
AM_9
100
AcDbLine
 10
-16.01901522057199
 20
55.23229911251074
 30
0.0
 11
-16.019015220572
 21
54.6
 31
0.0
  0
LINE
  5
906
330
1F
100
AcDbEntity
  8
AM_9
100
AcDbLine
 10
-21.83743868528547
 20
55.23229911251074
 30
0.0
 11
-21.83743868528547
 21
54.6
 31
0.0
  0
LINE
  5
907
330
1F
100
AcDbEntity
  8
AM_9
100
AcDbLine
 10
-22.16899999999999
 20
55.23229911251074
 30
0.0
 11
-5.167
 21
55.23229911251074
 31
0.0
  0
LINE
  5
908
330
1F
100
AcDbEntity
  8
AM_9
100
AcDbLine
 10
11.31698477942801
 20
55.23229911251074
 30
0.0
 11
11.316984779428
 21
54.6
 31
0.0
  0
LINE
  5
909
330
1F
100
AcDbEntity
  8
AM_9
100
AcDbLine
 10
5.498561314714523
 20
55.23229911251074
 30
0.0
 11
5.498561314714524
 21
54.6
 31
0.0
  0
LINE
  5
90A
330
1F
100
AcDbEntity
  8
AM_9
100
AcDbLine
 10
5.166999999999989
 20
55.23229911251074
 30
0.0
 11
22.16899999999999
 21
55.23229911251074
 31
0.0
  0
LINE
  5
90B
330
1F
100
AcDbEntity
  8
AM_9
100
AcDbLine
 10
-5.265127837531056
 20
54.6565572287432
 30
0.0
 11
-5.265127837531058
 21
54.6
 31
0.0
  0
LINE
  5
90C
330
1F
100
AcDbEntity
  8
AM_9
100
AcDbLine
 10
-2.300125372570043
 20
54.6565572287432
 30
0.0
 11
-2.300125372570043
 21
54.6
 31
0.0
  0
LINE
  5
90D
330
1F
100
AcDbEntity
  8
AM_9
100
AcDbLine
 10
-1.939999999999999
 20
54.6
 30
0.0
 11
-1.939999999999999
 21
54.6565572287432
 31
0.0
  0
LINE
  5
90E
330
1F
100
AcDbEntity
  8
AM_9
100
AcDbLine
 10
22.07087216246894
 20
54.6565572287432
 30
0.0
 11
22.07087216246894
 21
54.6
 31
0.0
  0
LINE
  5
90F
330
1F
100
AcDbEntity
  8
AM_9
100
AcDbLine
 10
25.03587462742995
 20
54.6565572287432
 30
0.0
 11
25.03587462742995
 21
54.6
 31
0.0
  0
LINE
  5
910
330
1F
100
AcDbEntity
  8
AM_9
100
AcDbLine
 10
25.39599999999999
 20
54.6
 30
0.0
 11
25.39599999999999
 21
54.6565572287432
 31
0.0
  0
LINE
  5
911
330
1F
100
AcDbEntity
  8
AM_9
100
AcDbLine
 10
22.15573245538043
 20
54.63514755224736
 30
0.0
 11
22.15573245538043
 21
54.6
 31
0.0
  0
LINE
  5
912
330
1F
100
AcDbEntity
  8
AM_9
100
AcDbLine
 10
25.15179594331962
 20
54.63514755224736
 30
0.0
 11
25.15179594331964
 21
54.6
 31
0.0
  0
LINE
  5
913
330
1F
100
AcDbEntity
  8
AM_9
100
AcDbLine
 10
25.516
 20
54.6
 30
0.0
 11
25.516
 21
54.63514755224736
 31
0.0
  0
LINE
  5
914
330
1F
100
AcDbEntity
  8
AM_9
100
AcDbLine
 10
22.07087216246894
 20
54.6565572287432
 30
0.0
 11
22.15573245538043
 21
54.63514755224736
 31
0.0
  0
LINE
  5
915
330
1F
100
AcDbEntity
  8
AM_9
100
AcDbLine
 10
25.51600000000001
 20
54.63514755224735
 30
0.0
 11
25.396
 21
54.6565572287432
 31
0.0
  0
LINE
  5
916
330
1F
100
AcDbEntity
  8
AM_9
100
AcDbLine
 10
-5.180267544619569
 20
54.63514755224736
 30
0.0
 11
-5.180267544619568
 21
54.6
 31
0.0
  0
LINE
  5
917
330
1F
100
AcDbEntity
  8
AM_9
100
AcDbLine
 10
-2.184204056680371
 20
54.63514755224736
 30
0.0
 11
-2.184204056680364
 21
54.6
 31
0.0
  0
LINE
  5
918
330
1F
100
AcDbEntity
  8
AM_9
100
AcDbLine
 10
-1.819999999999997
 20
54.6
 30
0.0
 11
-1.819999999999997
 21
54.63514755224736
 31
0.0
  0
LINE
  5
919
330
1F
100
AcDbEntity
  8
AM_9
100
AcDbLine
 10
-5.265127837531056
 20
54.6565572287432
 30
0.0
 11
-5.180267544619569
 21
54.63514755224736
 31
0.0
  0
LINE
  5
91A
330
1F
100
AcDbEntity
  8
AM_9
100
AcDbLine
 10
-1.819999999999998
 20
54.63514755224736
 30
0.0
 11
-1.939999999999999
 21
54.6565572287432
 31
0.0
  0
LINE
  5
91B
330
1F
100
AcDbEntity
  8
AM_9
100
AcDbLine
 10
-16.13239623555021
 20
55.15415379330089
 30
0.0
 11
-16.13239623555022
 21
54.6
 31
0.0
  0
LINE
  5
91C
330
1F
100
AcDbEntity
  8
AM_9
100
AcDbLine
 10
11.20360376444978
 20
55.15415379330089
 30
0.0
 11
11.20360376444978
 21
54.6
 31
0.0
  0
LINE
  5
91D
330
1F
100
AcDbEntity
  8
AM_9
100
AcDbLine
 10
-16.16345921888129
 20
55.13274411680504
 30
0.0
 11
-16.16345921888129
 21
54.6
 31
0.0
  0
LINE
  5
91E
330
1F
100
AcDbEntity
  8
AM_9
100
AcDbLine
 10
-22.37651102582413
 20
55.13274411680504
 30
0.0
 11
-22.37651102582413
 21
54.6
 31
0.0
  0
LINE
  5
91F
330
1F
100
AcDbEntity
  8
AM_9
100
AcDbLine
 10
11.17254078111871
 20
55.13274411680504
 30
0.0
 11
11.20360376444978
 21
55.15415379330089
 31
0.0
  0
LINE
  5
920
330
1F
100
AcDbEntity
  8
AM_9
100
AcDbLine
 10
4.729
 20
55.15415379330089
 30
0.0
 11
19.87719651936479
 21
55.15415379330089
 31
0.0
  0
LINE
  5
921
330
1F
100
AcDbEntity
  8
AM_9
100
AcDbLine
 10
5.075417606202081
 20
55.15415379330089
 30
0.0
 11
4.959488974175867
 21
55.13274411680504
 31
0.0
  0
LINE
  5
922
330
1F
100
AcDbEntity
  8
AM_9
100
AcDbLine
 10
11.17254078111871
 20
55.13274411680504
 30
0.0
 11
11.17254078111871
 21
54.6
 31
0.0
  0
LINE
  5
923
330
1F
100
AcDbEntity
  8
AM_9
100
AcDbLine
 10
4.959488974175867
 20
55.13274411680504
 30
0.0
 11
4.959488974175867
 21
54.6
 31
0.0
  0
LINE
  5
924
330
1F
100
AcDbEntity
  8
AM_9
100
AcDbLine
 10
4.608999999999992
 20
55.13274411680504
 30
0.0
 11
22.72700000000001
 21
55.13274411680504
 31
0.0
  0
LINE
  5
925
330
1F
100
AcDbEntity
  8
AM_9
100
AcDbLine
 10
-16.16345921888129
 20
55.13274411680504
 30
0.0
 11
-16.13239623555021
 21
55.15415379330089
 31
0.0
  0
LINE
  5
926
330
1F
100
AcDbEntity
  8
AM_9
100
AcDbLine
 10
-22.60699999999997
 20
55.15415379330089
 30
0.0
 11
-7.458803480635209
 21
55.15415379330089
 31
0.0
  0
LINE
  5
927
330
1F
100
AcDbEntity
  8
AM_9
100
AcDbLine
 10
-22.2605823937979
 20
55.15415379330089
 30
0.0
 11
-22.37651102582413
 21
55.13274411680504
 31
0.0
  0
LINE
  5
928
330
1F
100
AcDbEntity
  8
AM_9
100
AcDbLine
 10
-22.72700000000001
 20
55.13274411680504
 30
0.0
 11
-4.608999999999996
 21
55.13274411680504
 31
0.0
  0
LINE
  5
929
330
1F
100
AcDbEntity
  8
AM_9
100
AcDbLine
 10
15.275487973267
 20
5.738
 30
0.0
 11
15.275487973267
 21
5.453
 31
0.0
  0
LINE
  5
92A
330
1F
100
AcDbEntity
  8
AM_9
100
AcDbLine
 10
17.504
 20
5.738
 30
0.0
 11
17.504
 21
5.453
 31
0.0
  0
LINE
  5
92B
330
1F
100
AcDbEntity
  8
AM_9
100
AcDbLine
 10
-15.27548797326701
 20
5.738
 30
0.0
 11
-15.27548797326701
 21
5.453
 31
0.0
  0
LINE
  5
92C
330
1F
100
AcDbEntity
  8
AM_9
100
AcDbLine
 10
-17.504
 20
5.738
 30
0.0
 11
-17.504
 21
5.453
 31
0.0
  0
LINE
  5
92D
330
1F
100
AcDbEntity
  8
AM_9
100
AcDbLine
 10
-5.486452260042456
 20
54.65655722874322
 30
0.0
 11
-5.486452260042451
 21
54.6
 31
0.0
  0
LINE
  5
92E
330
1F
100
AcDbEntity
  8
AM_9
100
AcDbLine
 10
-5.873275795968961
 20
54.75414967077012
 30
0.0
 11
-5.873275795968963
 21
54.6
 31
0.0
  0
LINE
  5
92F
330
1F
100
AcDbEntity
  8
AM_9
100
AcDbLine
 10
-6.276368270400006
 20
54.8558456341254
 30
0.0
 11
-6.276368270400006
 21
54.6
 31
0.0
  0
LINE
  5
930
330
1F
100
AcDbEntity
  8
AM_9
100
AcDbLine
 10
-6.670271966270547
 20
54.9552222158603
 30
0.0
 11
-6.670271966270546
 21
54.6
 31
0.0
  0
LINE
  5
931
330
1F
100
AcDbEntity
  8
AM_9
100
AcDbLine
 10
-7.064888170151837
 20
55.054777211566
 30
0.0
 11
-7.064888170151838
 21
54.6
 31
0.0
  0
LINE
  5
932
330
1F
100
AcDbEntity
  8
AM_9
100
AcDbLine
 10
-11.43898659271368
 20
56.129186143716
 30
0.0
 11
-11.43898659271368
 21
54.6
 31
0.0
  0
LINE
  5
933
330
1F
100
AcDbEntity
  8
AM_0
100
AcDbLine
 10
-11.43898659271368
 20
56.158
 30
0.0
 11
-11.43898659271368
 21
56.129186143716
 31
0.0
  0
LINE
  5
934
330
1F
100
AcDbEntity
  8
AM_9
100
AcDbLine
 10
-11.32466712670479
 20
56.12918614371601
 30
0.0
 11
-11.32466712670479
 21
54.6
 31
0.0
  0
LINE
  5
935
330
1F
100
AcDbEntity
  8
AM_0
100
AcDbLine
 10
-11.24610098297314
 20
56.10938219295734
 30
0.0
 11
-11.32466712670479
 21
56.12918614371601
 31
0.0
  0
LINE
  5
936
330
1F
100
AcDbEntity
  8
AM_9
100
AcDbLine
 10
-11.24610098297315
 20
56.04979192671056
 30
0.0
 11
-11.24610098297315
 21
54.6
 31
0.0
  0
LINE
  5
937
330
1F
100
AcDbEntity
  8
AM_0
100
AcDbLine
 10
-11.24610098297314
 20
56.10938219295734
 30
0.0
 11
-11.24610098297315
 21
56.04979192671056
 31
0.0
  0
LINE
  5
938
330
1F
100
AcDbEntity
  8
AM_9
100
AcDbLine
 10
-11.00972119075707
 20
56.04979192671057
 30
0.0
 11
-11.00972119075707
 21
54.6
 31
0.0
  0
LINE
  5
939
330
1F
100
AcDbEntity
  8
AM_0
100
AcDbLine
 10
-10.92480265356893
 20
56.02838225021472
 30
0.0
 11
-11.00972119075707
 21
56.04979192671057
 31
0.0
  0
LINE
  5
93A
330
1F
100
AcDbEntity
  8
AM_9
100
AcDbLine
 10
-10.92480265356895
 20
55.94827437732608
 30
0.0
 11
-10.92480265356895
 21
54.6
 31
0.0
  0
LINE
  5
93B
330
1F
100
AcDbEntity
  8
AM_0
100
AcDbLine
 10
-10.92480265356893
 20
56.02838225021472
 30
0.0
 11
-10.92480265356895
 21
55.94827437732608
 31
0.0
  0
LINE
  5
93C
330
1F
100
AcDbEntity
  8
AM_9
100
AcDbLine
 10
-10.60709700224611
 20
55.94827437732609
 30
0.0
 11
-10.60709700224611
 21
54.6
 31
0.0
  0
LINE
  5
93D
330
1F
100
AcDbEntity
  8
AM_0
100
AcDbLine
 10
-10.5221938980366
 20
55.92686470083023
 30
0.0
 11
-10.60709700224611
 21
55.94827437732609
 31
0.0
  0
LINE
  5
93E
330
1F
100
AcDbEntity
  8
AM_9
100
AcDbLine
 10
-10.5221938980366
 20
55.85068193529918
 30
0.0
 11
-10.52219389803661
 21
54.6
 31
0.0
  0
LINE
  5
93F
330
1F
100
AcDbEntity
  8
AM_0
100
AcDbLine
 10
-10.5221938980366
 20
55.92686470083023
 30
0.0
 11
-10.5221938980366
 21
55.85068193529918
 31
0.0
  0
LINE
  5
940
330
1F
100
AcDbEntity
  8
AM_9
100
AcDbLine
 10
-10.22009980840254
 20
55.85068193529918
 30
0.0
 11
-10.22009980840255
 21
54.6
 31
0.0
  0
LINE
  5
941
330
1F
100
AcDbEntity
  8
AM_0
100
AcDbLine
 10
-10.13520693157956
 20
55.82927225880333
 30
0.0
 11
-10.22009980840254
 21
55.85068193529918
 31
0.0
  0
LINE
  5
942
330
1F
100
AcDbEntity
  8
AM_9
100
AcDbLine
 10
-10.13520693157955
 20
55.75130535356428
 30
0.0
 11
-10.13520693157955
 21
54.6
 31
0.0
  0
LINE
  5
943
330
1F
100
AcDbEntity
  8
AM_0
100
AcDbLine
 10
-10.13520693157956
 20
55.82927225880333
 30
0.0
 11
-10.13520693157955
 21
55.75130535356428
 31
0.0
  0
LINE
  5
944
330
1F
100
AcDbEntity
  8
AM_9
100
AcDbLine
 10
-9.826069913155624
 20
55.75130535356427
 30
0.0
 11
-9.826069913155626
 21
54.6
 31
0.0
  0
LINE
  5
945
330
1F
100
AcDbEntity
  8
AM_0
100
AcDbLine
 10
-9.740477176490705
 20
55.72971726309763
 30
0.0
 11
-9.826069913155624
 21
55.75130535356427
 31
0.0
  0
LINE
  5
946
330
1F
100
AcDbEntity
  8
AM_9
100
AcDbLine
 10
-9.740477176490696
 20
55.65175035785858
 30
0.0
 11
-9.740477176490698
 21
54.6
 31
0.0
  0
LINE
  5
947
330
1F
100
AcDbEntity
  8
AM_0
100
AcDbLine
 10
-9.740477176490705
 20
55.72971726309763
 30
0.0
 11
-9.740477176490696
 21
55.65175035785858
 31
0.0
  0
LINE
  5
948
330
1F
100
AcDbEntity
  8
AM_9
100
AcDbLine
 10
-9.43136375416766
 20
55.65175035785858
 30
0.0
 11
-9.431363754167663
 21
54.6
 31
0.0
  0
LINE
  5
949
330
1F
100
AcDbEntity
  8
AM_0
100
AcDbLine
 10
-9.346483979843967
 20
55.63034068136273
 30
0.0
 11
-9.43136375416766
 21
55.65175035785858
 31
0.0
  0
LINE
  5
94A
330
1F
100
AcDbEntity
  8
AM_9
100
AcDbLine
 10
-9.346483979843965
 20
55.55219536215289
 30
0.0
 11
-9.346483979843967
 21
54.6
 31
0.0
  0
LINE
  5
94B
330
1F
100
AcDbEntity
  8
AM_0
100
AcDbLine
 10
-9.346483979843967
 20
55.63034068136273
 30
0.0
 11
-9.346483979843965
 21
55.55219536215289
 31
0.0
  0
LINE
  5
94C
330
1F
100
AcDbEntity
  8
AM_9
100
AcDbLine
 10
-9.036680992925112
 20
55.55219536215288
 30
0.0
 11
-9.036680992925112
 21
54.6
 31
0.0
  0
LINE
  5
94D
330
1F
100
AcDbEntity
  8
AM_0
100
AcDbLine
 10
-8.951805483011114
 20
55.53078568565703
 30
0.0
 11
-9.036680992925112
 21
55.55219536215288
 31
0.0
  0
LINE
  5
94E
330
1F
100
AcDbEntity
  8
AM_9
100
AcDbLine
 10
-8.951805483011103
 20
55.45264036644718
 30
0.0
 11
-8.95180548301111
 21
54.6
 31
0.0
  0
LINE
  5
94F
330
1F
100
AcDbEntity
  8
AM_0
100
AcDbLine
 10
-8.951805483011114
 20
55.53078568565703
 30
0.0
 11
-8.951805483011103
 21
55.45264036644718
 31
0.0
  0
LINE
  5
950
330
1F
100
AcDbEntity
  8
AM_9
100
AcDbLine
 10
-8.642016236010761
 20
55.45264036644718
 30
0.0
 11
-8.642016236010763
 21
54.6
 31
0.0
  0
LINE
  5
951
330
1F
100
AcDbEntity
  8
AM_0
100
AcDbLine
 10
-8.557144053190934
 20
55.43123068995133
 30
0.0
 11
-8.642016236010761
 21
55.45264036644718
 31
0.0
  0
LINE
  5
952
330
1F
100
AcDbEntity
  8
AM_9
100
AcDbLine
 10
-8.557144053190932
 20
55.35326378471229
 30
0.0
 11
-8.557144053190937
 21
54.6
 31
0.0
  0
LINE
  5
953
330
1F
100
AcDbEntity
  8
AM_0
100
AcDbLine
 10
-8.557144053190934
 20
55.43123068995133
 30
0.0
 11
-8.557144053190932
 21
55.35326378471229
 31
0.0
  0
LINE
  5
954
330
1F
100
AcDbEntity
  8
AM_9
100
AcDbLine
 10
-8.24807287783019
 20
55.35326378471229
 30
0.0
 11
-8.24807287783019
 21
54.6
 31
0.0
  0
LINE
  5
955
330
1F
100
AcDbEntity
  8
AM_0
100
AcDbLine
 10
-8.16320333641743
 20
55.33185410821644
 30
0.0
 11
-8.24807287783019
 21
55.35326378471229
 31
0.0
  0
LINE
  5
956
330
1F
100
AcDbEntity
  8
AM_9
100
AcDbLine
 10
-8.16320333641743
 20
55.30000000000001
 30
0.0
 11
-8.163203336417416
 21
54.6
 31
0.0
  0
LINE
  5
957
330
1F
100
AcDbEntity
  8
AM_0
100
AcDbLine
 10
-8.16320333641743
 20
55.33185410821644
 30
0.0
 11
-8.16320333641743
 21
55.30000000000001
 31
0.0
  0
LINE
  5
958
330
1F
100
AcDbEntity
  8
AM_9
100
AcDbLine
 10
-7.853433576426485
 20
55.25370878900659
 30
0.0
 11
-7.853433576426487
 21
54.6
 31
0.0
  0
LINE
  5
959
330
1F
100
AcDbEntity
  8
AM_9
100
AcDbLine
 10
-7.768566174169414
 20
55.23229911251074
 30
0.0
 11
-7.853433576426485
 21
55.25370878900659
 31
0.0
  0
LINE
  5
95A
330
1F
100
AcDbEntity
  8
AM_9
100
AcDbLine
 10
-7.768566174169414
 20
55.23229911251074
 30
0.0
 11
-7.768566174169433
 21
54.6
 31
0.0
  0
LINE
  5
95B
330
1F
100
AcDbEntity
  8
AM_9
100
AcDbLine
 10
-7.458803480635209
 20
55.15415379330089
 30
0.0
 11
-7.458803480635211
 21
54.6
 31
0.0
  0
LINE
  5
95C
330
1F
100
AcDbEntity
  8
AM_9
100
AcDbLine
 10
-7.373937831940064
 20
55.13274411680504
 30
0.0
 11
-7.458803480635209
 21
55.15415379330089
 31
0.0
  0
LINE
  5
95D
330
1F
100
AcDbEntity
  8
AM_9
100
AcDbLine
 10
-7.373937831940064
 20
55.13274411680504
 30
0.0
 11
-7.373937831940061
 21
54.6
 31
0.0
  0
LINE
  5
95E
330
1F
100
AcDbEntity
  8
AM_9
100
AcDbLine
 10
-4.763729938908888
 20
54.61677588466242
 30
0.0
 11
-4.763729938908888
 21
54.6
 31
0.0
  0
LINE
  5
95F
330
1F
100
AcDbEntity
  8
AM_9
100
AcDbLine
 10
-4.542405516383089
 20
54.61677588466242
 30
0.0
 11
-4.542405516397493
 21
54.6
 31
0.0
  0
LINE
  5
960
330
1F
100
AcDbEntity
  8
AM_9
100
AcDbLine
 10
22.79359448360278
 20
54.61677588466573
 30
0.0
 11
22.79359448360251
 21
54.6
 31
0.0
  0
LINE
  5
961
330
1F
100
AcDbEntity
  8
AM_9
100
AcDbLine
 10
21.84954773995755
 20
54.65655722874322
 30
0.0
 11
21.84954773995755
 21
54.6
 31
0.0
  0
LINE
  5
962
330
1F
100
AcDbEntity
  8
AM_9
100
AcDbLine
 10
21.46272420403104
 20
54.75414967077012
 30
0.0
 11
21.46272420403104
 21
54.6
 31
0.0
  0
LINE
  5
963
330
1F
100
AcDbEntity
  8
AM_9
100
AcDbLine
 10
21.0596317296
 20
54.8558456341254
 30
0.0
 11
21.0596317296
 21
54.6
 31
0.0
  0
LINE
  5
964
330
1F
100
AcDbEntity
  8
AM_9
100
AcDbLine
 10
20.66572803372945
 20
54.9552222158603
 30
0.0
 11
20.66572803372945
 21
54.6
 31
0.0
  0
LINE
  5
965
330
1F
100
AcDbEntity
  8
AM_9
100
AcDbLine
 10
20.27111182984816
 20
55.054777211566
 30
0.0
 11
20.27111182984816
 21
54.6
 31
0.0
  0
LINE
  5
966
330
1F
100
AcDbEntity
  8
AM_9
100
AcDbLine
 10
15.89701340728632
 20
56.12918614371601
 30
0.0
 11
15.89701340728632
 21
54.6
 31
0.0
  0
LINE
  5
967
330
1F
100
AcDbEntity
  8
AM_0
100
AcDbLine
 10
15.89701340728632
 20
56.158
 30
0.0
 11
15.89701340728632
 21
56.12918614371601
 31
0.0
  0
LINE
  5
968
330
1F
100
AcDbEntity
  8
AM_9
100
AcDbLine
 10
16.0113328732952
 20
56.12918614371601
 30
0.0
 11
16.0113328732952
 21
54.6
 31
0.0
  0
LINE
  5
969
330
1F
100
AcDbEntity
  8
AM_0
100
AcDbLine
 10
16.08989901702683
 20
56.10938219295735
 30
0.0
 11
16.0113328732952
 21
56.12918614371601
 31
0.0
  0
LINE
  5
96A
330
1F
100
AcDbEntity
  8
AM_9
100
AcDbLine
 10
16.08989901702685
 20
56.04979192671057
 30
0.0
 11
16.08989901702684
 21
54.6
 31
0.0
  0
LINE
  5
96B
330
1F
100
AcDbEntity
  8
AM_0
100
AcDbLine
 10
16.08989901702683
 20
56.10938219295735
 30
0.0
 11
16.08989901702685
 21
56.04979192671057
 31
0.0
  0
LINE
  5
96C
330
1F
100
AcDbEntity
  8
AM_9
100
AcDbLine
 10
16.32627880924293
 20
56.04979192671057
 30
0.0
 11
16.32627880924293
 21
54.6
 31
0.0
  0
LINE
  5
96D
330
1F
100
AcDbEntity
  8
AM_0
100
AcDbLine
 10
16.41119734643104
 20
56.02838225021473
 30
0.0
 11
16.32627880924293
 21
56.04979192671057
 31
0.0
  0
LINE
  5
96E
330
1F
100
AcDbEntity
  8
AM_9
100
AcDbLine
 10
16.41119734643105
 20
55.94827437732608
 30
0.0
 11
16.41119734643105
 21
54.6
 31
0.0
  0
LINE
  5
96F
330
1F
100
AcDbEntity
  8
AM_0
100
AcDbLine
 10
16.41119734643104
 20
56.02838225021473
 30
0.0
 11
16.41119734643105
 21
55.94827437732608
 31
0.0
  0
LINE
  5
970
330
1F
100
AcDbEntity
  8
AM_9
100
AcDbLine
 10
16.72890299775388
 20
55.94827437732609
 30
0.0
 11
16.72890299775388
 21
54.6
 31
0.0
  0
LINE
  5
971
330
1F
100
AcDbEntity
  8
AM_0
100
AcDbLine
 10
16.81380610196338
 20
55.92686470083024
 30
0.0
 11
16.72890299775388
 21
55.94827437732609
 31
0.0
  0
LINE
  5
972
330
1F
100
AcDbEntity
  8
AM_9
100
AcDbLine
 10
16.81380610196339
 20
55.85068193529918
 30
0.0
 11
16.81380610196339
 21
54.6
 31
0.0
  0
LINE
  5
973
330
1F
100
AcDbEntity
  8
AM_0
100
AcDbLine
 10
16.81380610196338
 20
55.92686470083024
 30
0.0
 11
16.81380610196339
 21
55.85068193529918
 31
0.0
  0
LINE
  5
974
330
1F
100
AcDbEntity
  8
AM_9
100
AcDbLine
 10
17.11590019159745
 20
55.85068193529918
 30
0.0
 11
17.11590019159745
 21
54.6
 31
0.0
  0
LINE
  5
975
330
1F
100
AcDbEntity
  8
AM_0
100
AcDbLine
 10
17.20079306842043
 20
55.82927225880333
 30
0.0
 11
17.11590019159745
 21
55.85068193529918
 31
0.0
  0
LINE
  5
976
330
1F
100
AcDbEntity
  8
AM_9
100
AcDbLine
 10
17.20079306842046
 20
55.75130535356428
 30
0.0
 11
17.20079306842045
 21
54.6
 31
0.0
  0
LINE
  5
977
330
1F
100
AcDbEntity
  8
AM_0
100
AcDbLine
 10
17.20079306842043
 20
55.82927225880333
 30
0.0
 11
17.20079306842046
 21
55.75130535356428
 31
0.0
  0
LINE
  5
978
330
1F
100
AcDbEntity
  8
AM_9
100
AcDbLine
 10
17.50993008684437
 20
55.75130535356427
 30
0.0
 11
17.50993008684437
 21
54.6
 31
0.0
  0
LINE
  5
979
330
1F
100
AcDbEntity
  8
AM_0
100
AcDbLine
 10
17.59552282350931
 20
55.72971726309763
 30
0.0
 11
17.50993008684437
 21
55.75130535356427
 31
0.0
  0
LINE
  5
97A
330
1F
100
AcDbEntity
  8
AM_9
100
AcDbLine
 10
17.59552282350931
 20
55.65175035785858
 30
0.0
 11
17.59552282350931
 21
54.6
 31
0.0
  0
LINE
  5
97B
330
1F
100
AcDbEntity
  8
AM_0
100
AcDbLine
 10
17.59552282350931
 20
55.72971726309763
 30
0.0
 11
17.59552282350931
 21
55.65175035785858
 31
0.0
  0
LINE
  5
97C
330
1F
100
AcDbEntity
  8
AM_9
100
AcDbLine
 10
17.90463624583233
 20
55.65175035785858
 30
0.0
 11
17.90463624583233
 21
54.6
 31
0.0
  0
LINE
  5
97D
330
1F
100
AcDbEntity
  8
AM_0
100
AcDbLine
 10
17.989516020156
 20
55.63034068136273
 30
0.0
 11
17.90463624583233
 21
55.65175035785858
 31
0.0
  0
LINE
  5
97E
330
1F
100
AcDbEntity
  8
AM_9
100
AcDbLine
 10
17.98951602015604
 20
55.55219536215289
 30
0.0
 11
17.98951602015603
 21
54.6
 31
0.0
  0
LINE
  5
97F
330
1F
100
AcDbEntity
  8
AM_0
100
AcDbLine
 10
17.989516020156
 20
55.63034068136273
 30
0.0
 11
17.98951602015604
 21
55.55219536215289
 31
0.0
  0
LINE
  5
980
330
1F
100
AcDbEntity
  8
AM_9
100
AcDbLine
 10
18.29931900707489
 20
55.55219536215288
 30
0.0
 11
18.29931900707489
 21
54.6
 31
0.0
  0
LINE
  5
981
330
1F
100
AcDbEntity
  8
AM_0
100
AcDbLine
 10
18.38419451698888
 20
55.53078568565703
 30
0.0
 11
18.29931900707489
 21
55.55219536215288
 31
0.0
  0
LINE
  5
982
330
1F
100
AcDbEntity
  8
AM_9
100
AcDbLine
 10
18.38419451698889
 20
55.45264036644718
 30
0.0
 11
18.38419451698888
 21
54.6
 31
0.0
  0
LINE
  5
983
330
1F
100
AcDbEntity
  8
AM_0
100
AcDbLine
 10
18.38419451698888
 20
55.53078568565703
 30
0.0
 11
18.38419451698889
 21
55.45264036644718
 31
0.0
  0
LINE
  5
984
330
1F
100
AcDbEntity
  8
AM_9
100
AcDbLine
 10
18.69398376398924
 20
55.45264036644718
 30
0.0
 11
18.69398376398923
 21
54.6
 31
0.0
  0
LINE
  5
985
330
1F
100
AcDbEntity
  8
AM_0
100
AcDbLine
 10
18.77885594680907
 20
55.43123068995133
 30
0.0
 11
18.69398376398924
 21
55.45264036644718
 31
0.0
  0
LINE
  5
986
330
1F
100
AcDbEntity
  8
AM_9
100
AcDbLine
 10
18.77885594680907
 20
55.35326378471228
 30
0.0
 11
18.77885594680906
 21
54.6
 31
0.0
  0
LINE
  5
987
330
1F
100
AcDbEntity
  8
AM_0
100
AcDbLine
 10
18.77885594680907
 20
55.43123068995133
 30
0.0
 11
18.77885594680907
 21
55.35326378471228
 31
0.0
  0
LINE
  5
988
330
1F
100
AcDbEntity
  8
AM_9
100
AcDbLine
 10
19.08792712216981
 20
55.35326378471229
 30
0.0
 11
19.08792712216981
 21
54.6
 31
0.0
  0
LINE
  5
989
330
1F
100
AcDbEntity
  8
AM_0
100
AcDbLine
 10
19.1727966635826
 20
55.33185410821643
 30
0.0
 11
19.08792712216981
 21
55.35326378471229
 31
0.0
  0
LINE
  5
98A
330
1F
100
AcDbEntity
  8
AM_9
100
AcDbLine
 10
19.1727966635826
 20
55.29999999999999
 30
0.0
 11
19.17279666358258
 21
54.6
 31
0.0
  0
LINE
  5
98B
330
1F
100
AcDbEntity
  8
AM_0
100
AcDbLine
 10
19.1727966635826
 20
55.33185410821643
 30
0.0
 11
19.1727966635826
 21
55.29999999999999
 31
0.0
  0
LINE
  5
98C
330
1F
100
AcDbEntity
  8
AM_9
100
AcDbLine
 10
19.48256642357351
 20
55.25370878900659
 30
0.0
 11
19.48256642357351
 21
54.6
 31
0.0
  0
LINE
  5
98D
330
1F
100
AcDbEntity
  8
AM_9
100
AcDbLine
 10
19.56743382583057
 20
55.23229911251074
 30
0.0
 11
19.48256642357351
 21
55.25370878900659
 31
0.0
  0
LINE
  5
98E
330
1F
100
AcDbEntity
  8
AM_9
100
AcDbLine
 10
19.56743382583057
 20
55.23229911251074
 30
0.0
 11
19.56743382583056
 21
54.6
 31
0.0
  0
LINE
  5
98F
330
1F
100
AcDbEntity
  8
AM_9
100
AcDbLine
 10
19.87719651936479
 20
55.15415379330089
 30
0.0
 11
19.87719651936479
 21
54.6
 31
0.0
  0
LINE
  5
990
330
1F
100
AcDbEntity
  8
AM_9
100
AcDbLine
 10
19.96206216805992
 20
55.13274411680504
 30
0.0
 11
19.87719651936479
 21
55.15415379330089
 31
0.0
  0
LINE
  5
991
330
1F
100
AcDbEntity
  8
AM_9
100
AcDbLine
 10
19.96206216805992
 20
55.13274411680504
 30
0.0
 11
19.96206216805994
 21
54.6
 31
0.0
  0
LINE
  5
992
330
1F
100
AcDbEntity
  8
AM_9
100
AcDbLine
 10
22.57227006109112
 20
54.61677588466573
 30
0.0
 11
22.57227006109112
 21
54.6
 31
0.0
  0
LINE
  5
993
330
1F
100
AcDbEntity
  8
AM_9
100
AcDbLine
 10
19.69170289295921
 20
55.3001056763357
 30
0.0
 11
22.57227006109112
 21
54.61677588466573
 31
0.0
  0
LINE
  5
994
330
1F
100
AcDbEntity
  8
AM_0
100
AcDbLine
 10
16.07422819915408
 20
56.158
 30
0.0
 11
19.69170289295921
 21
55.3001056763357
 31
0.0
  0
LINE
  5
995
330
1F
100
AcDbEntity
  8
AM_9
100
AcDbLine
 10
22.57227006109112
 20
54.61677588466573
 30
0.0
 11
22.79359448360278
 21
54.61677588466573
 31
0.0
  0
LINE
  5
996
330
1F
100
AcDbEntity
  8
AM_0
100
AcDbLine
 10
19.91302731547075
 20
55.30010567633566
 30
0.0
 11
16.29555262166548
 21
56.158
 31
0.0
  0
LINE
  5
997
330
1F
100
AcDbEntity
  8
AM_9
100
AcDbLine
 10
22.79359448360278
 20
54.61677588466573
 30
0.0
 11
19.91302731547075
 21
55.30010567633566
 31
0.0
  0
LINE
  5
998
330
1F
100
AcDbEntity
  8
AM_9
100
AcDbLine
 10
-7.644297107048359
 20
55.30010567633749
 30
0.0
 11
-4.763729938908888
 21
54.61677588466242
 31
0.0
  0
LINE
  5
999
330
1F
100
AcDbEntity
  8
AM_0
100
AcDbLine
 10
-11.26177180084591
 20
56.158
 30
0.0
 11
-7.644297107048359
 21
55.30010567633749
 31
0.0
  0
LINE
  5
99A
330
1F
100
AcDbEntity
  8
AM_9
100
AcDbLine
 10
-4.763729938908888
 20
54.61677588466242
 30
0.0
 11
-4.542405516383089
 21
54.61677588466242
 31
0.0
  0
LINE
  5
99B
330
1F
100
AcDbEntity
  8
AM_0
100
AcDbLine
 10
-7.42297268452926
 20
55.30010567633566
 30
0.0
 11
-11.04044737833452
 21
56.158
 31
0.0
  0
LINE
  5
99C
330
1F
100
AcDbEntity
  8
AM_9
100
AcDbLine
 10
-4.542405516383089
 20
54.61677588466242
 30
0.0
 11
-7.42297268452926
 21
55.30010567633566
 31
0.0
  0
LINE
  5
99D
330
1F
100
AcDbEntity
  8
AM_9
100
AcDbLine
 10
-16.27657924612676
 20
55.054777211566
 30
0.0
 11
-16.27657924612676
 21
54.6
 31
0.0
  0
LINE
  5
99E
330
1F
100
AcDbEntity
  8
AM_9
100
AcDbLine
 10
11.05942075387324
 20
55.054777211566
 30
0.0
 11
11.05942075387324
 21
54.6
 31
0.0
  0
LINE
  5
99F
330
1F
100
AcDbEntity
  8
AM_9
100
AcDbLine
 10
-16.30764169762654
 20
55.03336753507014
 30
0.0
 11
-16.30764169762655
 21
54.6
 31
0.0
  0
LINE
  5
9A0
330
1F
100
AcDbEntity
  8
AM_9
100
AcDbLine
 10
-22.91460736206265
 20
55.03336753507014
 30
0.0
 11
-22.91460736206265
 21
54.6
 31
0.0
  0
LINE
  5
9A1
330
1F
100
AcDbEntity
  8
AM_9
100
AcDbLine
 10
-16.30764169762654
 20
55.03336753507014
 30
0.0
 11
-16.27657924612676
 21
55.054777211566
 31
0.0
  0
LINE
  5
9A2
330
1F
100
AcDbEntity
  8
AM_9
100
AcDbLine
 10
-23.16399999999996
 20
55.05477721156601
 30
0.0
 11
-4.171999999999992
 21
55.05477721156599
 31
0.0
  0
LINE
  5
9A3
330
1F
100
AcDbEntity
  8
AM_9
100
AcDbLine
 10
-22.79868071485781
 20
55.054777211566
 30
0.0
 11
-22.91460736206265
 21
55.03336753507014
 31
0.0
  0
LINE
  5
9A4
330
1F
100
AcDbEntity
  8
AM_9
100
AcDbLine
 10
-23.28400000000001
 20
55.03336753507014
 30
0.0
 11
-4.052000000000012
 21
55.03336753507015
 31
0.0
  0
LINE
  5
9A5
330
1F
100
AcDbEntity
  8
AM_9
100
AcDbLine
 10
11.02835830237345
 20
55.03336753507014
 30
0.0
 11
11.02835830237346
 21
54.6
 31
0.0
  0
LINE
  5
9A6
330
1F
100
AcDbEntity
  8
AM_9
100
AcDbLine
 10
4.421392637937345
 20
55.03336753507014
 30
0.0
 11
4.421392637937346
 21
54.6
 31
0.0
  0
LINE
  5
9A7
330
1F
100
AcDbEntity
  8
AM_9
100
AcDbLine
 10
11.02835830237345
 20
55.03336753507014
 30
0.0
 11
11.05942075387324
 21
55.054777211566
 31
0.0
  0
LINE
  5
9A8
330
1F
100
AcDbEntity
  8
AM_9
100
AcDbLine
 10
4.171999999999985
 20
55.05477721156599
 30
0.0
 11
23.16399999999998
 21
55.054777211566
 31
0.0
  0
LINE
  5
9A9
330
1F
100
AcDbEntity
  8
AM_9
100
AcDbLine
 10
4.537319285142167
 20
55.054777211566
 30
0.0
 11
4.421392637937345
 21
55.03336753507014
 31
0.0
  0
LINE
  5
9AA
330
1F
100
AcDbEntity
  8
AM_9
100
AcDbLine
 10
4.051999999999994
 20
55.03336753507014
 30
0.0
 11
23.28400000000003
 21
55.03336753507014
 31
0.0
  0
LINE
  5
9AB
330
1F
100
AcDbEntity
  8
AM_9
100
AcDbLine
 10
-19.09998797326701
 20
5.453
 30
0.0
 11
-19.09998797326701
 21
5.226000000000001
 31
0.0
  0
LINE
  5
9AC
330
1F
100
AcDbEntity
  8
AM_9
100
AcDbLine
 10
-21.3285
 20
5.453
 30
0.0
 11
-21.3285
 21
5.226000000000001
 31
0.0
  0
LINE
  5
9AD
330
1F
100
AcDbEntity
  8
AM_9
100
AcDbLine
 10
19.09998797326701
 20
5.453
 30
0.0
 11
19.09998797326701
 21
5.226000000000001
 31
0.0
  0
LINE
  5
9AE
330
1F
100
AcDbEntity
  8
AM_9
100
AcDbLine
 10
21.3285
 20
5.453
 30
0.0
 11
21.3285
 21
5.226000000000001
 31
0.0
  0
LINE
  5
9AF
330
1F
100
AcDbEntity
  8
AM_9
100
AcDbLine
 10
20.35597602555319
 20
55.03336753507015
 30
0.0
 11
20.27111182984816
 21
55.054777211566
 31
0.0
  0
LINE
  5
9B0
330
1F
100
AcDbEntity
  8
AM_9
100
AcDbLine
 10
-6.9800239744468
 20
55.03336753507014
 30
0.0
 11
-7.064888170151837
 21
55.054777211566
 31
0.0
  0
LINE
  5
9B1
330
1F
100
AcDbEntity
  8
AM_9
100
AcDbLine
 10
-6.9800239744468
 20
55.03336753507014
 30
0.0
 11
-6.980023974446797
 21
54.6
 31
0.0
  0
LINE
  5
9B2
330
1F
100
AcDbEntity
  8
AM_9
100
AcDbLine
 10
20.35597602555319
 20
55.03336753507015
 30
0.0
 11
20.3559760255532
 21
54.6
 31
0.0
  0
LINE
  5
9B3
330
1F
100
AcDbEntity
  8
AM_9
100
AcDbLine
 10
-16.42101880149228
 20
54.9552222158603
 30
0.0
 11
-16.42101880149229
 21
54.6
 31
0.0
  0
LINE
  5
9B4
330
1F
100
AcDbEntity
  8
AM_9
100
AcDbLine
 10
10.91498119850771
 20
54.9552222158603
 30
0.0
 11
10.9149811985077
 21
54.6
 31
0.0
  0
LINE
  5
9B5
330
1F
100
AcDbEntity
  8
AM_9
100
AcDbLine
 10
-16.45208080588212
 20
54.93381253936445
 30
0.0
 11
-16.42101880149228
 21
54.9552222158603
 31
0.0
  0
LINE
  5
9B6
330
1F
100
AcDbEntity
  8
AM_9
100
AcDbLine
 10
-23.72200000000002
 20
54.9552222158603
 30
0.0
 11
-3.613999999999975
 21
54.9552222158603
 31
0.0
  0
LINE
  5
9B7
330
1F
100
AcDbEntity
  8
AM_9
100
AcDbLine
 10
-23.33773647410461
 20
54.9552222158603
 30
0.0
 11
-23.45366145267241
 21
54.93381253936445
 31
0.0
  0
LINE
  5
9B8
330
1F
100
AcDbEntity
  8
AM_9
100
AcDbLine
 10
-16.45208080588212
 20
54.93381253936445
 30
0.0
 11
-16.45208080588212
 21
54.6
 31
0.0
  0
LINE
  5
9B9
330
1F
100
AcDbEntity
  8
AM_9
100
AcDbLine
 10
-23.45366145267241
 20
54.93381253936445
 30
0.0
 11
-23.45366145267241
 21
54.6
 31
0.0
  0
LINE
  5
9BA
330
1F
100
AcDbEntity
  8
AM_9
100
AcDbLine
 10
-23.84200000000002
 20
54.93381253936444
 30
0.0
 11
-3.493999999999988
 21
54.93381253936445
 31
0.0
  0
LINE
  5
9BB
330
1F
100
AcDbEntity
  8
AM_9
100
AcDbLine
 10
10.88391919411788
 20
54.93381253936445
 30
0.0
 11
10.88391919411788
 21
54.6
 31
0.0
  0
LINE
  5
9BC
330
1F
100
AcDbEntity
  8
AM_9
100
AcDbLine
 10
3.882338547327588
 20
54.93381253936445
 30
0.0
 11
3.88233854732759
 21
54.6
 31
0.0
  0
LINE
  5
9BD
330
1F
100
AcDbEntity
  8
AM_9
100
AcDbLine
 10
10.88391919411788
 20
54.93381253936445
 30
0.0
 11
10.91498119850771
 21
54.9552222158603
 31
0.0
  0
LINE
  5
9BE
330
1F
100
AcDbEntity
  8
AM_9
100
AcDbLine
 10
3.613999999999998
 20
54.9552222158603
 30
0.0
 11
23.72200000000001
 21
54.9552222158603
 31
0.0
  0
LINE
  5
9BF
330
1F
100
AcDbEntity
  8
AM_9
100
AcDbLine
 10
3.998263525895348
 20
54.9552222158603
 30
0.0
 11
3.882338547327588
 21
54.93381253936445
 31
0.0
  0
LINE
  5
9C0
330
1F
100
AcDbEntity
  8
AM_9
100
AcDbLine
 10
3.493999999999976
 20
54.93381253936444
 30
0.0
 11
23.842
 21
54.93381253936445
 31
0.0
  0
LINE
  5
9C1
330
1F
100
AcDbEntity
  8
AM_9
100
AcDbLine
 10
-6.585408992092624
 20
54.93381253936445
 30
0.0
 11
-6.670271966270547
 21
54.9552222158603
 31
0.0
  0
LINE
  5
9C2
330
1F
100
AcDbEntity
  8
AM_9
100
AcDbLine
 10
-6.585408992092624
 20
54.93381253936445
 30
0.0
 11
-6.585408992092615
 21
54.6
 31
0.0
  0
LINE
  5
9C3
330
1F
100
AcDbEntity
  8
AM_9
100
AcDbLine
 10
20.75059100790739
 20
54.93381253936445
 30
0.0
 11
20.75059100790738
 21
54.6
 31
0.0
  0
LINE
  5
9C4
330
1F
100
AcDbEntity
  8
AM_9
100
AcDbLine
 10
20.75059100790739
 20
54.93381253936445
 30
0.0
 11
20.66572803372945
 21
54.9552222158603
 31
0.0
  0
LINE
  5
9C5
330
1F
100
AcDbEntity
  8
AM_9
100
AcDbLine
 10
-16.56519756082549
 20
54.8558456341254
 30
0.0
 11
-16.5651975608255
 21
54.6
 31
0.0
  0
LINE
  5
9C6
330
1F
100
AcDbEntity
  8
AM_9
100
AcDbLine
 10
10.77080243917451
 20
54.8558456341254
 30
0.0
 11
10.7708024391745
 21
54.6
 31
0.0
  0
LINE
  5
9C7
330
1F
100
AcDbEntity
  8
AM_9
100
AcDbLine
 10
-16.59625918703202
 20
54.83443595762955
 30
0.0
 11
-16.59625918703202
 21
54.6
 31
0.0
  0
LINE
  5
9C8
330
1F
100
AcDbEntity
  8
AM_9
100
AcDbLine
 10
-23.99174249647687
 20
54.83443595762955
 30
0.0
 11
-23.99174249647687
 21
54.6
 31
0.0
  0
LINE
  5
9C9
330
1F
100
AcDbEntity
  8
AM_9
100
AcDbLine
 10
-16.59625918703202
 20
54.83443595762955
 30
0.0
 11
-16.56519756082549
 21
54.8558456341254
 31
0.0
  0
LINE
  5
9CA
330
1F
100
AcDbEntity
  8
AM_9
100
AcDbLine
 10
-23.87581892930839
 20
54.8558456341254
 30
0.0
 11
-3.057000000000012
 21
54.8558456341254
 31
0.0
  0
LINE
  5
9CB
330
1F
100
AcDbEntity
  8
AM_9
100
AcDbLine
 10
-23.87581892930839
 20
54.8558456341254
 30
0.0
 11
-23.99174249647687
 21
54.83443595762955
 31
0.0
  0
LINE
  5
9CC
330
1F
100
AcDbEntity
  8
AM_9
100
AcDbLine
 10
-23.99174249647687
 20
54.83443595762955
 30
0.0
 11
-2.936999999999988
 21
54.83443595762954
 31
0.0
  0
LINE
  5
9CD
330
1F
100
AcDbEntity
  8
AM_9
100
AcDbLine
 10
10.73974081296798
 20
54.83443595762955
 30
0.0
 11
10.77080243917451
 21
54.8558456341254
 31
0.0
  0
LINE
  5
9CE
330
1F
100
AcDbEntity
  8
AM_9
100
AcDbLine
 10
3.460181070691616
 20
54.8558456341254
 30
0.0
 11
24.27900000000001
 21
54.8558456341254
 31
0.0
  0
LINE
  5
9CF
330
1F
100
AcDbEntity
  8
AM_9
100
AcDbLine
 10
3.460181070691616
 20
54.8558456341254
 30
0.0
 11
3.344257503523126
 21
54.83443595762955
 31
0.0
  0
LINE
  5
9D0
330
1F
100
AcDbEntity
  8
AM_9
100
AcDbLine
 10
10.73974081296798
 20
54.83443595762955
 30
0.0
 11
10.73974081296798
 21
54.6
 31
0.0
  0
LINE
  5
9D1
330
1F
100
AcDbEntity
  8
AM_9
100
AcDbLine
 10
3.344257503523126
 20
54.83443595762955
 30
0.0
 11
3.344257503523129
 21
54.6
 31
0.0
  0
LINE
  5
9D2
330
1F
100
AcDbEntity
  8
AM_9
100
AcDbLine
 10
3.344257503523126
 20
54.83443595762955
 30
0.0
 11
24.39900000000004
 21
54.83443595762954
 31
0.0
  0
LINE
  5
9D3
330
1F
100
AcDbEntity
  8
AM_9
100
AcDbLine
 10
-6.19150632943807
 20
54.83443595762955
 30
0.0
 11
-6.276368270400006
 21
54.8558456341254
 31
0.0
  0
LINE
  5
9D4
330
1F
100
AcDbEntity
  8
AM_9
100
AcDbLine
 10
-6.19150632943807
 20
54.83443595762955
 30
0.0
 11
-6.191506329438059
 21
54.6
 31
0.0
  0
LINE
  5
9D5
330
1F
100
AcDbEntity
  8
AM_9
100
AcDbLine
 10
21.14449367056194
 20
54.83443595762955
 30
0.0
 11
21.14449367056195
 21
54.6
 31
0.0
  0
LINE
  5
9D6
330
1F
100
AcDbEntity
  8
AM_9
100
AcDbLine
 10
21.14449367056194
 20
54.83443595762955
 30
0.0
 11
21.0596317296
 21
54.8558456341254
 31
0.0
  0
LINE
  5
9D7
330
1F
100
AcDbEntity
  8
AM_9
100
AcDbLine
 10
10.62326035345842
 20
54.75414967077012
 30
0.0
 11
10.62326035345841
 21
54.6
 31
0.0
  0
LINE
  5
9D8
330
1F
100
AcDbEntity
  8
AM_9
100
AcDbLine
 10
-16.71273964654159
 20
54.75414967077012
 30
0.0
 11
-16.71273964654159
 21
54.6
 31
0.0
  0
LINE
  5
9D9
330
1F
100
AcDbEntity
  8
AM_9
100
AcDbLine
 10
5.23380793453098
 20
5.738
 30
0.0
 11
5.23380793453098
 21
5.453
 31
0.0
  0
LINE
  5
9DA
330
1F
100
AcDbEntity
  8
AM_9
100
AcDbLine
 10
-5.233807934530982
 20
5.738
 30
0.0
 11
-5.233807934530982
 21
5.453
 31
0.0
  0
LINE
  5
9DB
330
1F
100
AcDbEntity
  8
AM_9
100
AcDbLine
 10
-4.708319961263975
 20
5.738
 30
0.0
 11
-4.708319961263975
 21
5.453
 31
0.0
  0
LINE
  5
9DC
330
1F
100
AcDbEntity
  8
AM_9
100
AcDbLine
 10
-17.504
 20
5.738
 30
0.0
 11
17.504
 21
5.738
 31
0.0
  0
LINE
  5
9DD
330
1F
100
AcDbEntity
  8
AM_9
100
AcDbLine
 10
4.708319961263975
 20
5.738
 30
0.0
 11
4.708319961263943
 21
5.453
 31
0.0
  0
LINE
  5
9DE
330
1F
100
AcDbEntity
  8
AM_9
100
AcDbLine
 10
-16.74380094247575
 20
54.73273999427427
 30
0.0
 11
-16.71273964654159
 21
54.75414967077012
 31
0.0
  0
LINE
  5
9DF
330
1F
100
AcDbEntity
  8
AM_9
100
AcDbLine
 10
-24.84899999999997
 20
54.75414967077012
 30
0.0
 11
-2.487000000000028
 21
54.75414967077012
 31
0.0
  0
LINE
  5
9E0
330
1F
100
AcDbEntity
  8
AM_9
100
AcDbLine
 10
-24.42645348945553
 20
54.75414967077012
 30
0.0
 11
-24.54237582403078
 21
54.73273999427427
 31
0.0
  0
LINE
  5
9E1
330
1F
100
AcDbEntity
  8
AM_9
100
AcDbLine
 10
10.59219905752425
 20
54.73273999427427
 30
0.0
 11
10.62326035345842
 21
54.75414967077012
 31
0.0
  0
LINE
  5
9E2
330
1F
100
AcDbEntity
  8
AM_9
100
AcDbLine
 10
2.486999999999977
 20
54.75414967077011
 30
0.0
 11
24.84900000000001
 21
54.75414967077012
 31
0.0
  0
LINE
  5
9E3
330
1F
100
AcDbEntity
  8
AM_9
100
AcDbLine
 10
2.909546510544494
 20
54.75414967077012
 30
0.0
 11
2.793624175969212
 21
54.73273999427427
 31
0.0
  0
LINE
  5
9E4
330
1F
100
AcDbEntity
  8
AM_9
100
AcDbLine
 10
10.59219905752425
 20
54.73273999427427
 30
0.0
 11
10.59219905752424
 21
54.6
 31
0.0
  0
LINE
  5
9E5
330
1F
100
AcDbEntity
  8
AM_9
100
AcDbLine
 10
2.793624175969212
 20
54.73273999427427
 30
0.0
 11
2.793624175969208
 21
54.6
 31
0.0
  0
LINE
  5
9E6
330
1F
100
AcDbEntity
  8
AM_9
100
AcDbLine
 10
2.367
 20
54.73273999427427
 30
0.0
 11
24.96899999999998
 21
54.73273999427427
 31
0.0
  0
LINE
  5
9E7
330
1F
100
AcDbEntity
  8
AM_9
100
AcDbLine
 10
-16.74380094247575
 20
54.73273999427427
 30
0.0
 11
-16.74380094247576
 21
54.6
 31
0.0
  0
LINE
  5
9E8
330
1F
100
AcDbEntity
  8
AM_9
100
AcDbLine
 10
-24.54237582403078
 20
54.73273999427427
 30
0.0
 11
-24.54237582403078
 21
54.6
 31
0.0
  0
LINE
  5
9E9
330
1F
100
AcDbEntity
  8
AM_9
100
AcDbLine
 10
-24.96900000000002
 20
54.73273999427426
 30
0.0
 11
-2.367000000000002
 21
54.73273999427427
 31
0.0
  0
LINE
  5
9EA
330
1F
100
AcDbEntity
  8
AM_9
100
AcDbLine
 10
-16.85432688747241
 20
54.6565572287432
 30
0.0
 11
-16.85432688747241
 21
54.6
 31
0.0
  0
LINE
  5
9EB
330
1F
100
AcDbEntity
  8
AM_9
100
AcDbLine
 10
10.48167311252758
 20
54.6565572287432
 30
0.0
 11
10.48167311252759
 21
54.6
 31
0.0
  0
LINE
  5
9EC
330
1F
100
AcDbEntity
  8
AM_9
100
AcDbLine
 10
-5.788414757327893
 20
54.73273999427427
 30
0.0
 11
-5.873275795968961
 21
54.75414967077012
 31
0.0
  0
LINE
  5
9ED
330
1F
100
AcDbEntity
  8
AM_9
100
AcDbLine
 10
21.54758524267212
 20
54.73273999427427
 30
0.0
 11
21.46272420403104
 21
54.75414967077012
 31
0.0
  0
LINE
  5
9EE
330
1F
100
AcDbEntity
  8
AM_9
100
AcDbLine
 10
-5.788414757327893
 20
54.73273999427427
 30
0.0
 11
-5.788414757327873
 21
54.6
 31
0.0
  0
LINE
  5
9EF
330
1F
100
AcDbEntity
  8
AM_9
100
AcDbLine
 10
21.54758524267212
 20
54.73273999427427
 30
0.0
 11
21.54758524267213
 21
54.6
 31
0.0
  0
LINE
  5
9F0
330
1F
100
AcDbEntity
  8
AM_9
100
AcDbLine
 10
10.4506120895494
 20
54.63514755224736
 30
0.0
 11
10.48167311252758
 21
54.6565572287432
 31
0.0
  0
LINE
  5
9F1
330
1F
100
AcDbEntity
  8
AM_9
100
AcDbLine
 10
1.940000000000017
 20
54.6565572287432
 30
0.0
 11
25.39600000000001
 21
54.6565572287432
 31
0.0
  0
LINE
  5
9F2
330
1F
100
AcDbEntity
  8
AM_9
100
AcDbLine
 10
2.381135733687108
 20
54.6565572287432
 30
0.0
 11
2.265214417797449
 21
54.63514755224736
 31
0.0
  0
LINE
  5
9F3
330
1F
100
AcDbEntity
  8
AM_9
100
AcDbLine
 10
10.4506120895494
 20
54.63514755224736
 30
0.0
 11
10.4506120895494
 21
54.6
 31
0.0
  0
LINE
  5
9F4
330
1F
100
AcDbEntity
  8
AM_9
100
AcDbLine
 10
2.265214417797449
 20
54.63514755224736
 30
0.0
 11
2.265214417797448
 21
54.6
 31
0.0
  0
LINE
  5
9F5
330
1F
100
AcDbEntity
  8
AM_9
100
AcDbLine
 10
1.82
 20
54.63514755224736
 30
0.0
 11
25.51599999999998
 21
54.63514755224736
 31
0.0
  0
LINE
  5
9F6
330
1F
100
AcDbEntity
  8
AM_9
100
AcDbLine
 10
-16.8853879104506
 20
54.63514755224736
 30
0.0
 11
-16.85432688747241
 21
54.6565572287432
 31
0.0
  0
LINE
  5
9F7
330
1F
100
AcDbEntity
  8
AM_9
100
AcDbLine
 10
-25.39600000000002
 20
54.6565572287432
 30
0.0
 11
-1.940000000000015
 21
54.6565572287432
 31
0.0
  0
LINE
  5
9F8
330
1F
100
AcDbEntity
  8
AM_9
100
AcDbLine
 10
-24.95486426631288
 20
54.6565572287432
 30
0.0
 11
-25.07078558220255
 21
54.63514755224736
 31
0.0
  0
LINE
  5
9F9
330
1F
100
AcDbEntity
  8
AM_9
100
AcDbLine
 10
-16.8853879104506
 20
54.63514755224736
 30
0.0
 11
-16.88538791045061
 21
54.6
 31
0.0
  0
LINE
  5
9FA
330
1F
100
AcDbEntity
  8
AM_9
100
AcDbLine
 10
-25.07078558220255
 20
54.63514755224736
 30
0.0
 11
-25.07078558220255
 21
54.6
 31
0.0
  0
LINE
  5
9FB
330
1F
100
AcDbEntity
  8
AM_9
100
AcDbLine
 10
-25.51600000000003
 20
54.63514755224735
 30
0.0
 11
-1.820000000000006
 21
54.63514755224736
 31
0.0
  0
LINE
  5
9FC
330
1F
100
AcDbEntity
  8
AM_9
100
AcDbLine
 10
21.93440803286902
 20
54.63514755224736
 30
0.0
 11
21.84954773995755
 21
54.65655722874322
 31
0.0
  0
LINE
  5
9FD
330
1F
100
AcDbEntity
  8
AM_9
100
AcDbLine
 10
-5.401591967130938
 20
54.63514755224735
 30
0.0
 11
-5.401591967130964
 21
54.6
 31
0.0
  0
LINE
  5
9FE
330
1F
100
AcDbEntity
  8
AM_9
100
AcDbLine
 10
21.93440803286902
 20
54.63514755224736
 30
0.0
 11
21.93440803286904
 21
54.6
 31
0.0
  0
LINE
  5
9FF
330
1F
100
AcDbEntity
  8
AM_9
100
AcDbLine
 10
-5.401591967130938
 20
54.63514755224735
 30
0.0
 11
-5.486452260042456
 21
54.65655722874322
 31
0.0
  0
LINE
  5
A00
330
1F
100
AcDbEntity
  8
AM_9
100
AcDbLine
 10
5.498807934530983
 20
5.453
 30
0.0
 11
5.498807934530983
 21
5.226000000000001
 31
0.0
  0
LINE
  5
A01
330
1F
100
AcDbEntity
  8
AM_9
100
AcDbLine
 10
-5.498807934530988
 20
5.453
 30
0.0
 11
-5.498807934530988
 21
5.226000000000001
 31
0.0
  0
LINE
  5
A02
330
1F
100
AcDbEntity
  8
AM_9
100
AcDbLine
 10
4.973319961263977
 20
5.453
 30
0.0
 11
4.973319961263977
 21
5.226000000000001
 31
0.0
  0
LINE
  5
A03
330
1F
100
AcDbEntity
  8
AM_9
100
AcDbLine
 10
-21.3285
 20
5.453
 30
0.0
 11
21.3285
 21
5.453
 31
0.0
  0
LINE
  5
A04
330
1F
100
AcDbEntity
  8
AM_9
100
AcDbLine
 10
-4.973319961263977
 20
5.453
 30
0.0
 11
-4.973319961263977
 21
5.226000000000001
 31
0.0
  0
LINE
  5
A05
330
1F
100
AcDbEntity
  8
AM_9
100
AcDbLine
 10
-16.06450085604664
 20
55.30010567633506
 30
0.0
 11
-17.11886161688935
 21
54.61677588466689
 31
0.0
  0
LINE
  5
A06
330
1F
100
AcDbEntity
  8
AM_0
100
AcDbLine
 10
-14.74041322056566
 20
56.158
 30
0.0
 11
-16.06450085604664
 21
55.30010567633506
 31
0.0
  0
LINE
  5
A07
330
1F
100
AcDbEntity
  8
AM_9
100
AcDbLine
 10
-17.11886161688935
 20
54.61677588466689
 30
0.0
 11
-16.81652683325927
 21
54.61677588466689
 31
0.0
  0
LINE
  5
A08
330
1F
100
AcDbEntity
  8
AM_9
100
AcDbLine
 10
-17.11886161688935
 20
54.61677588466689
 30
0.0
 11
-17.11886161688935
 21
54.6
 31
0.0
  0
LINE
  5
A09
330
1F
100
AcDbEntity
  8
AM_0
100
AcDbLine
 10
-15.76216607241725
 20
55.30010567633565
 30
0.0
 11
-14.43807843693719
 21
56.158
 31
0.0
  0
LINE
  5
A0A
330
1F
100
AcDbEntity
  8
AM_9
100
AcDbLine
 10
-16.81652683325927
 20
54.61677588466689
 30
0.0
 11
-15.76216607241725
 21
55.30010567633565
 31
0.0
  0
LINE
  5
A0B
330
1F
100
AcDbEntity
  8
AM_9
100
AcDbLine
 10
-16.81652683325927
 20
54.61677588466689
 30
0.0
 11
-16.81652683326087
 21
54.6
 31
0.0
  0
LINE
  5
A0C
330
1F
100
AcDbEntity
  8
AM_9
100
AcDbLine
 10
-16.58305312682213
 20
54.63514755224735
 30
0.0
 11
-16.58305312682212
 21
54.6
 31
0.0
  0
LINE
  5
A0D
330
1F
100
AcDbEntity
  8
AM_9
100
AcDbLine
 10
-16.55199210384392
 20
54.65655722874322
 30
0.0
 11
-16.58305312682213
 21
54.63514755224735
 31
0.0
  0
LINE
  5
A0E
330
1F
100
AcDbEntity
  8
AM_9
100
AcDbLine
 10
-16.55199210384392
 20
54.65655722874322
 30
0.0
 11
-16.55199210384393
 21
54.6
 31
0.0
  0
LINE
  5
A0F
330
1F
100
AcDbEntity
  8
AM_9
100
AcDbLine
 10
-16.44146615884726
 20
54.73273999427427
 30
0.0
 11
-16.44146615884727
 21
54.6
 31
0.0
  0
LINE
  5
A10
330
1F
100
AcDbEntity
  8
AM_9
100
AcDbLine
 10
-16.4104048629131
 20
54.75414967077012
 30
0.0
 11
-16.44146615884726
 21
54.73273999427427
 31
0.0
  0
LINE
  5
A11
330
1F
100
AcDbEntity
  8
AM_9
100
AcDbLine
 10
-16.4104048629131
 20
54.75414967077012
 30
0.0
 11
-16.4104048629131
 21
54.6
 31
0.0
  0
LINE
  5
A12
330
1F
100
AcDbEntity
  8
AM_9
100
AcDbLine
 10
-16.29392440340353
 20
54.83443595762955
 30
0.0
 11
-16.29392440340354
 21
54.6
 31
0.0
  0
LINE
  5
A13
330
1F
100
AcDbEntity
  8
AM_9
100
AcDbLine
 10
-16.26286277719701
 20
54.8558456341254
 30
0.0
 11
-16.29392440340353
 21
54.83443595762955
 31
0.0
  0
LINE
  5
A14
330
1F
100
AcDbEntity
  8
AM_9
100
AcDbLine
 10
-16.26286277719701
 20
54.8558456341254
 30
0.0
 11
-16.26286277719701
 21
54.6
 31
0.0
  0
LINE
  5
A15
330
1F
100
AcDbEntity
  8
AM_9
100
AcDbLine
 10
-16.14974602225363
 20
54.93381253936445
 30
0.0
 11
-16.14974602225364
 21
54.6
 31
0.0
  0
LINE
  5
A16
330
1F
100
AcDbEntity
  8
AM_9
100
AcDbLine
 10
-16.11868401786381
 20
54.9552222158603
 30
0.0
 11
-16.14974602225363
 21
54.93381253936445
 31
0.0
  0
LINE
  5
A17
330
1F
100
AcDbEntity
  8
AM_9
100
AcDbLine
 10
-16.11868401786381
 20
54.9552222158603
 30
0.0
 11
-16.11868401786381
 21
54.6
 31
0.0
  0
LINE
  5
A18
330
1F
100
AcDbEntity
  8
AM_9
100
AcDbLine
 10
-16.00530691399806
 20
55.03336753507014
 30
0.0
 11
-16.00530691399806
 21
54.6
 31
0.0
  0
LINE
  5
A19
330
1F
100
AcDbEntity
  8
AM_9
100
AcDbLine
 10
-15.97424446249828
 20
55.054777211566
 30
0.0
 11
-16.00530691399806
 21
55.03336753507014
 31
0.0
  0
LINE
  5
A1A
330
1F
100
AcDbEntity
  8
AM_9
100
AcDbLine
 10
-15.97424446249828
 20
55.054777211566
 30
0.0
 11
-15.97424446249828
 21
54.6
 31
0.0
  0
LINE
  5
A1B
330
1F
100
AcDbEntity
  8
AM_9
100
AcDbLine
 10
-15.8611244352528
 20
55.13274411680504
 30
0.0
 11
-15.8611244352528
 21
54.6
 31
0.0
  0
LINE
  5
A1C
330
1F
100
AcDbEntity
  8
AM_9
100
AcDbLine
 10
-15.83006145192173
 20
55.15415379330089
 30
0.0
 11
-15.8611244352528
 21
55.13274411680504
 31
0.0
  0
LINE
  5
A1D
330
1F
100
AcDbEntity
  8
AM_9
100
AcDbLine
 10
-15.83006145192173
 20
55.15415379330089
 30
0.0
 11
-15.83006145192173
 21
54.6
 31
0.0
  0
LINE
  5
A1E
330
1F
100
AcDbEntity
  8
AM_9
100
AcDbLine
 10
-15.71668043694352
 20
55.23229911251074
 30
0.0
 11
-15.71668043694352
 21
54.6
 31
0.0
  0
LINE
  5
A1F
330
1F
100
AcDbEntity
  8
AM_9
100
AcDbLine
 10
-15.68561681176425
 20
55.25370878900659
 30
0.0
 11
-15.71668043694352
 21
55.23229911251074
 31
0.0
  0
LINE
  5
A20
330
1F
100
AcDbEntity
  8
AM_9
100
AcDbLine
 10
-15.68561681176425
 20
55.25370878900659
 30
0.0
 11
-15.68561681176424
 21
54.6
 31
0.0
  0
LINE
  5
A21
330
1F
100
AcDbEntity
  8
AM_9
100
AcDbLine
 10
-15.57223321028335
 20
55.30000000000001
 30
0.0
 11
-15.57223321028335
 21
54.6
 31
0.0
  0
LINE
  5
A22
330
1F
100
AcDbEntity
  8
AM_0
100
AcDbLine
 10
-15.57223321028335
 20
55.33185410821644
 30
0.0
 11
-15.57223321028335
 21
55.30000000000001
 31
0.0
  0
LINE
  5
A23
330
1F
100
AcDbEntity
  8
AM_0
100
AcDbLine
 10
-15.54116880211874
 20
55.35326378471229
 30
0.0
 11
-15.57223321028335
 21
55.33185410821644
 31
0.0
  0
LINE
  5
A24
330
1F
100
AcDbEntity
  8
AM_9
100
AcDbLine
 10
-15.54116880211874
 20
55.35326378471229
 30
0.0
 11
-15.54116880211874
 21
54.6
 31
0.0
  0
LINE
  5
A25
330
1F
100
AcDbEntity
  8
AM_9
100
AcDbLine
 10
-15.42804090035919
 20
55.35326378471229
 30
0.0
 11
-15.42804090035919
 21
54.6
 31
0.0
  0
LINE
  5
A26
330
1F
100
AcDbEntity
  8
AM_0
100
AcDbLine
 10
-15.42804090035919
 20
55.43123068995133
 30
0.0
 11
-15.42804090035919
 21
55.35326378471229
 31
0.0
  0
LINE
  5
A27
330
1F
100
AcDbEntity
  8
AM_0
100
AcDbLine
 10
-15.3969755253725
 20
55.45264036644718
 30
0.0
 11
-15.42804090035919
 21
55.43123068995133
 31
0.0
  0
LINE
  5
A28
330
1F
100
AcDbEntity
  8
AM_9
100
AcDbLine
 10
-15.3969755253725
 20
55.45264036644718
 30
0.0
 11
-15.3969755253725
 21
54.6
 31
0.0
  0
LINE
  5
A29
330
1F
100
AcDbEntity
  8
AM_9
100
AcDbLine
 10
-15.28358479115112
 20
55.45264036644718
 30
0.0
 11
-15.28358479115112
 21
54.6
 31
0.0
  0
LINE
  5
A2A
330
1F
100
AcDbEntity
  8
AM_0
100
AcDbLine
 10
-15.28358479115112
 20
55.53078568565703
 30
0.0
 11
-15.28358479115112
 21
55.45264036644718
 31
0.0
  0
LINE
  5
A2B
330
1F
100
AcDbEntity
  8
AM_0
100
AcDbLine
 10
-15.25251819836343
 20
55.55219536215289
 30
0.0
 11
-15.28358479115112
 21
55.53078568565703
 31
0.0
  0
LINE
  5
A2C
330
1F
100
AcDbEntity
  8
AM_9
100
AcDbLine
 10
-15.25251819836343
 20
55.55219536215289
 30
0.0
 11
-15.25251819836344
 21
54.6
 31
0.0
  0
LINE
  5
A2D
330
1F
100
AcDbEntity
  8
AM_9
100
AcDbLine
 10
-15.13912243498284
 20
55.55219536215289
 30
0.0
 11
-15.13912243498284
 21
54.6
 31
0.0
  0
LINE
  5
A2E
330
1F
100
AcDbEntity
  8
AM_0
100
AcDbLine
 10
-15.13912243498284
 20
55.63034068136273
 30
0.0
 11
-15.13912243498284
 21
55.55219536215289
 31
0.0
  0
LINE
  5
A2F
330
1F
100
AcDbEntity
  8
AM_0
100
AcDbLine
 10
-15.10805428131288
 20
55.65175035785858
 30
0.0
 11
-15.13912243498284
 21
55.63034068136273
 31
0.0
  0
LINE
  5
A30
330
1F
100
AcDbEntity
  8
AM_9
100
AcDbLine
 10
-15.10805428131288
 20
55.65175035785858
 30
0.0
 11
-15.10805428131288
 21
54.6
 31
0.0
  0
LINE
  5
A31
330
1F
100
AcDbEntity
  8
AM_9
100
AcDbLine
 10
-14.9949109160919
 20
55.65175035785858
 30
0.0
 11
-14.9949109160919
 21
54.6
 31
0.0
  0
LINE
  5
A32
330
1F
100
AcDbEntity
  8
AM_0
100
AcDbLine
 10
-14.9949109160919
 20
55.72971726309763
 30
0.0
 11
-14.9949109160919
 21
55.65175035785858
 31
0.0
  0
LINE
  5
A33
330
1F
100
AcDbEntity
  8
AM_0
100
AcDbLine
 10
-14.9635818000931
 20
55.75130535356428
 30
0.0
 11
-14.9949109160919
 21
55.72971726309763
 31
0.0
  0
LINE
  5
A34
330
1F
100
AcDbEntity
  8
AM_9
100
AcDbLine
 10
-14.9635818000931
 20
55.75130535356428
 30
0.0
 11
-14.9635818000931
 21
54.6
 31
0.0
  0
LINE
  5
A35
330
1F
100
AcDbEntity
  8
AM_9
100
AcDbLine
 10
-14.85042979809977
 20
55.75130535356428
 30
0.0
 11
-14.85042979809977
 21
54.6
 31
0.0
  0
LINE
  5
A36
330
1F
100
AcDbEntity
  8
AM_0
100
AcDbLine
 10
-14.85042979809976
 20
55.82927225880333
 30
0.0
 11
-14.85042979809977
 21
55.75130535356428
 31
0.0
  0
LINE
  5
A37
330
1F
100
AcDbEntity
  8
AM_0
100
AcDbLine
 10
-14.81935684858221
 20
55.85068193529918
 30
0.0
 11
-14.85042979809976
 21
55.82927225880333
 31
0.0
  0
LINE
  5
A38
330
1F
100
AcDbEntity
  8
AM_9
100
AcDbLine
 10
-14.81935684858221
 20
55.85068193529918
 30
0.0
 11
-14.81935684858221
 21
54.6
 31
0.0
  0
LINE
  5
A39
330
1F
100
AcDbEntity
  8
AM_9
100
AcDbLine
 10
-14.70878273744301
 20
55.85068193529918
 30
0.0
 11
-14.70878273744301
 21
54.6
 31
0.0
  0
LINE
  5
A3A
330
1F
100
AcDbEntity
  8
AM_0
100
AcDbLine
 10
-14.70878273744301
 20
55.92686470083023
 30
0.0
 11
-14.70878273744301
 21
55.85068193529918
 31
0.0
  0
LINE
  5
A3B
330
1F
100
AcDbEntity
  8
AM_0
100
AcDbLine
 10
-14.67770604444218
 20
55.94827437732608
 30
0.0
 11
-14.70878273744301
 21
55.92686470083023
 31
0.0
  0
LINE
  5
A3C
330
1F
100
AcDbEntity
  8
AM_9
100
AcDbLine
 10
-14.67770604444218
 20
55.94827437732608
 30
0.0
 11
-14.67770604444218
 21
54.6
 31
0.0
  0
LINE
  5
A3D
330
1F
100
AcDbEntity
  8
AM_9
100
AcDbLine
 10
-14.56141770513213
 20
55.94827437732608
 30
0.0
 11
-14.56141770513213
 21
54.6
 31
0.0
  0
LINE
  5
A3E
330
1F
100
AcDbEntity
  8
AM_0
100
AcDbLine
 10
-14.56141770513214
 20
56.02838225021472
 30
0.0
 11
-14.56141770513213
 21
55.94827437732608
 31
0.0
  0
LINE
  5
A3F
330
1F
100
AcDbEntity
  8
AM_0
100
AcDbLine
 10
-14.53033536326908
 20
56.04979192671056
 30
0.0
 11
-14.56141770513214
 21
56.02838225021472
 31
0.0
  0
LINE
  5
A40
330
1F
100
AcDbEntity
  8
AM_9
100
AcDbLine
 10
-14.53033536326908
 20
56.04979192671056
 30
0.0
 11
-14.53033536326907
 21
54.6
 31
0.0
  0
LINE
  5
A41
330
1F
100
AcDbEntity
  8
AM_9
100
AcDbLine
 10
-14.44381435437669
 20
56.04979192671056
 30
0.0
 11
-14.4438143543767
 21
54.6
 31
0.0
  0
LINE
  5
A42
330
1F
100
AcDbEntity
  8
AM_0
100
AcDbLine
 10
-14.4438143543767
 20
56.10938219295734
 30
0.0
 11
-14.44381435437669
 21
56.04979192671056
 31
0.0
  0
LINE
  5
A43
330
1F
100
AcDbEntity
  8
AM_0
100
AcDbLine
 10
-14.41505714989355
 20
56.129186143716
 30
0.0
 11
-14.4438143543767
 21
56.10938219295734
 31
0.0
  0
LINE
  5
A44
330
1F
100
AcDbEntity
  8
AM_9
100
AcDbLine
 10
-14.41505714989355
 20
56.129186143716
 30
0.0
 11
-14.41505714989354
 21
54.6
 31
0.0
  0
LINE
  5
A45
330
1F
100
AcDbEntity
  8
AM_9
100
AcDbLine
 10
-14.37321332118722
 20
56.129186143716
 30
0.0
 11
-14.37321332118722
 21
54.6
 31
0.0
  0
LINE
  5
A46
330
1F
100
AcDbEntity
  8
AM_0
100
AcDbLine
 10
-14.37321332118722
 20
56.158
 30
0.0
 11
-14.37321332118722
 21
56.129186143716
 31
0.0
  0
LINE
  5
A47
330
1F
100
AcDbEntity
  8
AM_9
100
AcDbLine
 10
10.21713838311065
 20
54.61677588466115
 30
0.0
 11
10.21713838311065
 21
54.6
 31
0.0
  0
LINE
  5
A48
330
1F
100
AcDbEntity
  8
AM_9
100
AcDbLine
 10
10.51947316673228
 20
54.61677588466115
 30
0.0
 11
10.51947316673913
 21
54.6
 31
0.0
  0
LINE
  5
A49
330
1F
100
AcDbEntity
  8
AM_9
100
AcDbLine
 10
10.75294687317789
 20
54.63514755224736
 30
0.0
 11
10.75294687317788
 21
54.6
 31
0.0
  0
LINE
  5
A4A
330
1F
100
AcDbEntity
  8
AM_9
100
AcDbLine
 10
10.78400789615608
 20
54.65655722874322
 30
0.0
 11
10.75294687317789
 21
54.63514755224736
 31
0.0
  0
LINE
  5
A4B
330
1F
100
AcDbEntity
  8
AM_9
100
AcDbLine
 10
10.78400789615608
 20
54.65655722874322
 30
0.0
 11
10.78400789615607
 21
54.6
 31
0.0
  0
LINE
  5
A4C
330
1F
100
AcDbEntity
  8
AM_9
100
AcDbLine
 10
10.89453384115273
 20
54.73273999427427
 30
0.0
 11
10.89453384115273
 21
54.6
 31
0.0
  0
LINE
  5
A4D
330
1F
100
AcDbEntity
  8
AM_9
100
AcDbLine
 10
10.9255951370869
 20
54.75414967077012
 30
0.0
 11
10.89453384115273
 21
54.73273999427427
 31
0.0
  0
LINE
  5
A4E
330
1F
100
AcDbEntity
  8
AM_9
100
AcDbLine
 10
10.9255951370869
 20
54.75414967077012
 30
0.0
 11
10.9255951370869
 21
54.6
 31
0.0
  0
LINE
  5
A4F
330
1F
100
AcDbEntity
  8
AM_9
100
AcDbLine
 10
11.04207559659646
 20
54.83443595762955
 30
0.0
 11
11.04207559659646
 21
54.6
 31
0.0
  0
LINE
  5
A50
330
1F
100
AcDbEntity
  8
AM_9
100
AcDbLine
 10
11.073137222803
 20
54.8558456341254
 30
0.0
 11
11.04207559659646
 21
54.83443595762955
 31
0.0
  0
LINE
  5
A51
330
1F
100
AcDbEntity
  8
AM_9
100
AcDbLine
 10
11.073137222803
 20
54.8558456341254
 30
0.0
 11
11.07313722280299
 21
54.6
 31
0.0
  0
LINE
  5
A52
330
1F
100
AcDbEntity
  8
AM_9
100
AcDbLine
 10
11.18625397774636
 20
54.93381253936445
 30
0.0
 11
11.18625397774636
 21
54.6
 31
0.0
  0
LINE
  5
A53
330
1F
100
AcDbEntity
  8
AM_9
100
AcDbLine
 10
11.21731598213619
 20
54.9552222158603
 30
0.0
 11
11.18625397774636
 21
54.93381253936445
 31
0.0
  0
LINE
  5
A54
330
1F
100
AcDbEntity
  8
AM_9
100
AcDbLine
 10
11.21731598213619
 20
54.9552222158603
 30
0.0
 11
11.21731598213618
 21
54.6
 31
0.0
  0
LINE
  5
A55
330
1F
100
AcDbEntity
  8
AM_9
100
AcDbLine
 10
11.33069308600195
 20
55.03336753507015
 30
0.0
 11
11.33069308600194
 21
54.6
 31
0.0
  0
LINE
  5
A56
330
1F
100
AcDbEntity
  8
AM_9
100
AcDbLine
 10
11.36175553750173
 20
55.054777211566
 30
0.0
 11
11.33069308600195
 21
55.03336753507015
 31
0.0
  0
LINE
  5
A57
330
1F
100
AcDbEntity
  8
AM_9
100
AcDbLine
 10
11.36175553750173
 20
55.054777211566
 30
0.0
 11
11.36175553750172
 21
54.6
 31
0.0
  0
LINE
  5
A58
330
1F
100
AcDbEntity
  8
AM_9
100
AcDbLine
 10
11.4748755647472
 20
55.13274411680504
 30
0.0
 11
11.4748755647472
 21
54.6
 31
0.0
  0
LINE
  5
A59
330
1F
100
AcDbEntity
  8
AM_9
100
AcDbLine
 10
11.50593854807827
 20
55.15415379330089
 30
0.0
 11
11.4748755647472
 21
55.13274411680504
 31
0.0
  0
LINE
  5
A5A
330
1F
100
AcDbEntity
  8
AM_9
100
AcDbLine
 10
11.50593854807827
 20
55.15415379330089
 30
0.0
 11
11.50593854807827
 21
54.6
 31
0.0
  0
LINE
  5
A5B
330
1F
100
AcDbEntity
  8
AM_9
100
AcDbLine
 10
11.61931956305648
 20
55.23229911251074
 30
0.0
 11
11.61931956305649
 21
54.6
 31
0.0
  0
LINE
  5
A5C
330
1F
100
AcDbEntity
  8
AM_9
100
AcDbLine
 10
11.65038318823577
 20
55.25370878900659
 30
0.0
 11
11.61931956305648
 21
55.23229911251074
 31
0.0
  0
LINE
  5
A5D
330
1F
100
AcDbEntity
  8
AM_9
100
AcDbLine
 10
11.65038318823577
 20
55.25370878900659
 30
0.0
 11
11.65038318823576
 21
54.6
 31
0.0
  0
LINE
  5
A5E
330
1F
100
AcDbEntity
  8
AM_9
100
AcDbLine
 10
11.76376678971664
 20
55.29999999999999
 30
0.0
 11
11.76376678971665
 21
54.6
 31
0.0
  0
LINE
  5
A5F
330
1F
100
AcDbEntity
  8
AM_0
100
AcDbLine
 10
11.76376678971664
 20
55.33185410821643
 30
0.0
 11
11.76376678971664
 21
55.29999999999999
 31
0.0
  0
LINE
  5
A60
330
1F
100
AcDbEntity
  8
AM_0
100
AcDbLine
 10
11.79483119788125
 20
55.35326378471228
 30
0.0
 11
11.76376678971664
 21
55.33185410821643
 31
0.0
  0
LINE
  5
A61
330
1F
100
AcDbEntity
  8
AM_9
100
AcDbLine
 10
11.79483119788125
 20
55.35326378471228
 30
0.0
 11
11.79483119788126
 21
54.6
 31
0.0
  0
LINE
  5
A62
330
1F
100
AcDbEntity
  8
AM_9
100
AcDbLine
 10
11.9079590996408
 20
55.35326378471228
 30
0.0
 11
11.90795909964081
 21
54.6
 31
0.0
  0
LINE
  5
A63
330
1F
100
AcDbEntity
  8
AM_0
100
AcDbLine
 10
11.9079590996408
 20
55.43123068995133
 30
0.0
 11
11.9079590996408
 21
55.35326378471228
 31
0.0
  0
LINE
  5
A64
330
1F
100
AcDbEntity
  8
AM_0
100
AcDbLine
 10
11.9390244746275
 20
55.45264036644718
 30
0.0
 11
11.9079590996408
 21
55.43123068995133
 31
0.0
  0
LINE
  5
A65
330
1F
100
AcDbEntity
  8
AM_9
100
AcDbLine
 10
11.9390244746275
 20
55.45264036644718
 30
0.0
 11
11.9390244746275
 21
54.6
 31
0.0
  0
LINE
  5
A66
330
1F
100
AcDbEntity
  8
AM_9
100
AcDbLine
 10
12.05241520884888
 20
55.45264036644718
 30
0.0
 11
12.05241520884888
 21
54.6
 31
0.0
  0
LINE
  5
A67
330
1F
100
AcDbEntity
  8
AM_0
100
AcDbLine
 10
12.05241520884888
 20
55.53078568565703
 30
0.0
 11
12.05241520884888
 21
55.45264036644718
 31
0.0
  0
LINE
  5
A68
330
1F
100
AcDbEntity
  8
AM_0
100
AcDbLine
 10
12.08348180163656
 20
55.55219536215289
 30
0.0
 11
12.05241520884888
 21
55.53078568565703
 31
0.0
  0
LINE
  5
A69
330
1F
100
AcDbEntity
  8
AM_9
100
AcDbLine
 10
12.08348180163656
 20
55.55219536215289
 30
0.0
 11
12.08348180163656
 21
54.6
 31
0.0
  0
LINE
  5
A6A
330
1F
100
AcDbEntity
  8
AM_9
100
AcDbLine
 10
12.19687756501716
 20
55.55219536215289
 30
0.0
 11
12.19687756501716
 21
54.6
 31
0.0
  0
LINE
  5
A6B
330
1F
100
AcDbEntity
  8
AM_0
100
AcDbLine
 10
12.19687756501717
 20
55.63034068136274
 30
0.0
 11
12.19687756501716
 21
55.55219536215289
 31
0.0
  0
LINE
  5
A6C
330
1F
100
AcDbEntity
  8
AM_0
100
AcDbLine
 10
12.22794571868712
 20
55.65175035785858
 30
0.0
 11
12.19687756501717
 21
55.63034068136274
 31
0.0
  0
LINE
  5
A6D
330
1F
100
AcDbEntity
  8
AM_9
100
AcDbLine
 10
12.22794571868712
 20
55.65175035785858
 30
0.0
 11
12.22794571868712
 21
54.6
 31
0.0
  0
LINE
  5
A6E
330
1F
100
AcDbEntity
  8
AM_9
100
AcDbLine
 10
12.34108908390811
 20
55.65175035785858
 30
0.0
 11
12.3410890839081
 21
54.6
 31
0.0
  0
LINE
  5
A6F
330
1F
100
AcDbEntity
  8
AM_0
100
AcDbLine
 10
12.3410890839081
 20
55.72971726309763
 30
0.0
 11
12.34108908390811
 21
55.65175035785858
 31
0.0
  0
LINE
  5
A70
330
1F
100
AcDbEntity
  8
AM_0
100
AcDbLine
 10
12.3724181999069
 20
55.75130535356428
 30
0.0
 11
12.3410890839081
 21
55.72971726309763
 31
0.0
  0
LINE
  5
A71
330
1F
100
AcDbEntity
  8
AM_9
100
AcDbLine
 10
12.3724181999069
 20
55.75130535356428
 30
0.0
 11
12.3724181999069
 21
54.6
 31
0.0
  0
LINE
  5
A72
330
1F
100
AcDbEntity
  8
AM_9
100
AcDbLine
 10
12.48557020190023
 20
55.75130535356428
 30
0.0
 11
12.48557020190023
 21
54.6
 31
0.0
  0
LINE
  5
A73
330
1F
100
AcDbEntity
  8
AM_0
100
AcDbLine
 10
12.48557020190024
 20
55.82927225880333
 30
0.0
 11
12.48557020190023
 21
55.75130535356428
 31
0.0
  0
LINE
  5
A74
330
1F
100
AcDbEntity
  8
AM_0
100
AcDbLine
 10
12.51664315141779
 20
55.85068193529918
 30
0.0
 11
12.48557020190024
 21
55.82927225880333
 31
0.0
  0
LINE
  5
A75
330
1F
100
AcDbEntity
  8
AM_9
100
AcDbLine
 10
12.51664315141779
 20
55.85068193529918
 30
0.0
 11
12.51664315141779
 21
54.6
 31
0.0
  0
LINE
  5
A76
330
1F
100
AcDbEntity
  8
AM_9
100
AcDbLine
 10
12.62721726255699
 20
55.85068193529918
 30
0.0
 11
12.62721726255699
 21
54.6
 31
0.0
  0
LINE
  5
A77
330
1F
100
AcDbEntity
  8
AM_0
100
AcDbLine
 10
12.627217262557
 20
55.92686470083024
 30
0.0
 11
12.62721726255699
 21
55.85068193529918
 31
0.0
  0
LINE
  5
A78
330
1F
100
AcDbEntity
  8
AM_0
100
AcDbLine
 10
12.65829395555782
 20
55.94827437732608
 30
0.0
 11
12.627217262557
 21
55.92686470083024
 31
0.0
  0
LINE
  5
A79
330
1F
100
AcDbEntity
  8
AM_9
100
AcDbLine
 10
12.65829395555782
 20
55.94827437732608
 30
0.0
 11
12.65829395555783
 21
54.6
 31
0.0
  0
LINE
  5
A7A
330
1F
100
AcDbEntity
  8
AM_9
100
AcDbLine
 10
12.77458229486787
 20
55.94827437732608
 30
0.0
 11
12.77458229486787
 21
54.6
 31
0.0
  0
LINE
  5
A7B
330
1F
100
AcDbEntity
  8
AM_0
100
AcDbLine
 10
12.77458229486787
 20
56.02838225021473
 30
0.0
 11
12.77458229486787
 21
55.94827437732608
 31
0.0
  0
LINE
  5
A7C
330
1F
100
AcDbEntity
  8
AM_0
100
AcDbLine
 10
12.80566463673093
 20
56.04979192671057
 30
0.0
 11
12.77458229486787
 21
56.02838225021473
 31
0.0
  0
LINE
  5
A7D
330
1F
100
AcDbEntity
  8
AM_9
100
AcDbLine
 10
12.80566463673093
 20
56.04979192671057
 30
0.0
 11
12.80566463673093
 21
54.6
 31
0.0
  0
LINE
  5
A7E
330
1F
100
AcDbEntity
  8
AM_9
100
AcDbLine
 10
12.8921856456233
 20
56.04979192671057
 30
0.0
 11
12.89218564562331
 21
54.6
 31
0.0
  0
LINE
  5
A7F
330
1F
100
AcDbEntity
  8
AM_0
100
AcDbLine
 10
12.89218564562331
 20
56.10938219295735
 30
0.0
 11
12.8921856456233
 21
56.04979192671057
 31
0.0
  0
LINE
  5
A80
330
1F
100
AcDbEntity
  8
AM_0
100
AcDbLine
 10
12.92094285010647
 20
56.12918614371601
 30
0.0
 11
12.89218564562331
 21
56.10938219295735
 31
0.0
  0
LINE
  5
A81
330
1F
100
AcDbEntity
  8
AM_9
100
AcDbLine
 10
12.92094285010647
 20
56.12918614371601
 30
0.0
 11
12.92094285010647
 21
54.6
 31
0.0
  0
LINE
  5
A82
330
1F
100
AcDbEntity
  8
AM_9
100
AcDbLine
 10
12.96278667881279
 20
56.12918614371601
 30
0.0
 11
12.96278667881279
 21
54.6
 31
0.0
  0
LINE
  5
A83
330
1F
100
AcDbEntity
  8
AM_0
100
AcDbLine
 10
12.96278667881279
 20
56.158
 30
0.0
 11
12.96278667881279
 21
56.12918614371601
 31
0.0
  0
LINE
  5
A84
330
1F
100
AcDbEntity
  8
AM_9
100
AcDbLine
 10
11.27149914395816
 20
55.30010567633817
 30
0.0
 11
10.21713838311065
 21
54.61677588466115
 31
0.0
  0
LINE
  5
A85
330
1F
100
AcDbEntity
  8
AM_0
100
AcDbLine
 10
12.59558677943434
 20
56.158
 30
0.0
 11
11.27149914395816
 21
55.30010567633817
 31
0.0
  0
LINE
  5
A86
330
1F
100
AcDbEntity
  8
AM_9
100
AcDbLine
 10
10.21713838311065
 20
54.61677588466115
 30
0.0
 11
10.51947316673228
 21
54.61677588466115
 31
0.0
  0
LINE
  5
A87
330
1F
100
AcDbEntity
  8
AM_0
100
AcDbLine
 10
11.57383392758275
 20
55.30010567633565
 30
0.0
 11
12.89792156306282
 21
56.158
 31
0.0
  0
LINE
  5
A88
330
1F
100
AcDbEntity
  8
AM_9
100
AcDbLine
 10
10.51947316673228
 20
54.61677588466115
 30
0.0
 11
11.57383392758275
 21
55.30010567633565
 31
0.0
  0
ARC
  5
A89
330
1F
100
AcDbEntity
  8
AM_9
100
AcDbCircle
 10
-21.52
 20
5.667999999999999
 30
0.0
 40
0.1099999999999994
100
AcDbArc
 50
179.9999999999995
 51
0.0000000000004626
  0
ARC
  5
A8A
330
1F
100
AcDbEntity
  8
AM_9
100
AcDbCircle
 10
-20.63
 20
5.667999999999999
 30
0.0
 40
0.1099999999999994
100
AcDbArc
 50
179.9999999999995
 51
0.0000000000004626
  0
LINE
  5
A8B
330
1F
100
AcDbEntity
  8
AM_9
100
AcDbLine
 10
-14.617
 20
5.668
 30
0.0
 11
14.98699999999999
 21
5.668
 31
0.0
  0
LINE
  5
A8C
330
1F
100
AcDbEntity
  8
AM_9
100
AcDbLine
 10
-14.617
 20
5.668
 30
0.0
 11
-14.617
 21
5.226000000000001
 31
0.0
  0
LINE
  5
A8D
330
1F
100
AcDbEntity
  8
AM_9
100
AcDbLine
 10
14.98699999999999
 20
5.668
 30
0.0
 11
14.98699999999999
 21
5.226000000000001
 31
0.0
  0
ARC
  5
A8E
330
1F
100
AcDbEntity
  8
AM_9
100
AcDbCircle
 10
-23.5
 20
5.667999999999999
 30
0.0
 40
0.1099999999999994
100
AcDbArc
 50
179.9999999999995
 51
0.0000000000004626
  0
LINE
  5
A8F
330
1F
100
AcDbEntity
  8
AM_9
100
AcDbLine
 10
-21.207
 20
5.668
 30
0.0
 11
-21.207
 21
5.226000000000001
 31
0.0
  0
LINE
  5
A90
330
1F
100
AcDbEntity
  8
AM_9
100
AcDbLine
 10
-19.74600000000001
 20
5.226000000000001
 30
0.0
 11
-19.74600000000001
 21
5.668
 31
0.0
  0
LINE
  5
A91
330
1F
100
AcDbEntity
  8
AM_9
100
AcDbLine
 10
-23.468
 20
5.668
 30
0.0
 11
-23.468
 21
5.226000000000001
 31
0.0
  0
LINE
  5
A92
330
1F
100
AcDbEntity
  8
AM_9
100
AcDbLine
 10
-24.92899999999999
 20
5.668
 30
0.0
 11
-24.92899999999999
 21
5.226000000000001
 31
0.0
  0
LINE
  5
A93
330
1F
100
AcDbEntity
  8
AM_9
100
AcDbLine
 10
-24.92899999999999
 20
5.668
 30
0.0
 11
-19.74600000000001
 21
5.668
 31
0.0
  0
LINE
  5
A94
330
1F
100
AcDbEntity
  8
AM_9
100
AcDbLine
 10
29.735
 20
55.16
 30
0.0
 11
-29.735
 21
55.16
 31
0.0
  0
LINE
  5
A95
330
1F
100
AcDbEntity
  8
AM_9
100
AcDbLine
 10
-14.008
 20
4.939
 30
0.0
 11
-6.007999999999999
 21
4.939
 31
0.0
  0
LINE
  5
A96
330
1F
100
AcDbEntity
  8
AM_9
100
AcDbLine
 10
6.007999999999999
 20
4.938999999999986
 30
0.0
 11
14.008
 21
4.938999999999986
 31
0.0
  0
LINE
  5
A97
330
1F
100
AcDbEntity
  8
AM_9
100
AcDbLine
 10
29.735
 20
55.25000000000001
 30
0.0
 11
-29.735
 21
55.25000000000001
 31
0.0
  0
LINE
  5
A98
330
1F
100
AcDbEntity
  8
AM_9
100
AcDbLine
 10
29.735
 20
55.20000000000001
 30
0.0
 11
-29.735
 21
55.20000000000001
 31
0.0
  0
LINE
  5
A99
330
1F
100
AcDbEntity
  8
AM_0
100
AcDbLine
 10
29.735
 20
55.3
 30
0.0
 11
-29.735
 21
55.3
 31
0.0
  0
LINE
  5
A9A
330
1F
100
AcDbEntity
  8
AM_0
100
AcDbLine
 10
29.735
 20
55.05
 30
0.0
 11
-29.735
 21
55.05
 31
0.0
  0
LINE
  5
A9B
330
1F
100
AcDbEntity
  8
AM_4
100
AcDbLine
 10
29.735
 20
55.21
 30
0.0
 11
-29.735
 21
55.21
 31
0.0
  0
LINE
  5
A9C
330
1F
100
AcDbEntity
  8
AM_9
100
AcDbLine
 10
-29.973
 20
2.689
 30
0.0
 11
-30.068
 21
2.689
 31
0.0
  0
LINE
  5
A9D
330
1F
100
AcDbEntity
  8
AM_9
100
AcDbLine
 10
-29.573
 20
3.347
 30
0.0
 11
-29.573
 21
3.301
 31
0.0
  0
LINE
  5
A9E
330
1F
100
AcDbEntity
  8
AM_9
100
AcDbLine
 10
-14.008
 20
4.939
 30
0.0
 11
-14.008
 21
4.189
 31
0.0
  0
LINE
  5
A9F
330
1F
100
AcDbEntity
  8
AM_9
100
AcDbLine
 10
-14.008
 20
4.189
 30
0.0
 11
-26.188
 21
4.189
 31
0.0
  0
LINE
  5
AA0
330
1F
100
AcDbEntity
  8
AM_9
100
AcDbLine
 10
-26.188
 20
4.189
 30
0.0
 11
-26.188
 21
3.347
 31
0.0
  0
LINE
  5
AA1
330
1F
100
AcDbEntity
  8
AM_9
100
AcDbLine
 10
-26.188
 20
3.347
 30
0.0
 11
-29.573
 21
3.347
 31
0.0
  0
LINE
  5
AA2
330
1F
100
AcDbEntity
  8
AM_9
100
AcDbLine
 10
-29.573
 20
3.301
 30
0.0
 11
-29.594
 21
3.301
 31
0.0
  0
LINE
  5
AA3
330
1F
100
AcDbEntity
  8
AM_9
100
AcDbLine
 10
-29.973
 20
2.740000000000004
 30
0.0
 11
-29.973
 21
2.689
 31
0.0
  0
ARC
  5
AA4
330
1F
100
AcDbEntity
  8
AM_9
100
AcDbCircle
 10
-30.068
 20
2.734999999999995
 30
0.0
 40
0.0459999999999958
100
AcDbArc
 50
179.9999999999951
 51
270.0000000000044
  0
LINE
  5
AA5
330
1F
100
AcDbEntity
  8
AM_9
100
AcDbLine
 10
-30.114
 20
3.392999999999999
 30
0.0
 11
-30.16
 21
3.392999999999999
 31
0.0
  0
LINE
  5
AA6
330
1F
100
AcDbEntity
  8
AM_9
100
AcDbLine
 10
-30.16
 20
3.392999999999999
 30
0.0
 11
-30.16
 21
2.734999999999999
 31
0.0
  0
ARC
  5
AA7
330
1F
100
AcDbEntity
  8
AM_9
100
AcDbCircle
 10
-30.06800000000001
 20
2.734999999999992
 30
0.0
 40
0.0919999999999916
100
AcDbArc
 50
179.9999999999956
 51
270.0000000000044
  0
LINE
  5
AA8
330
1F
100
AcDbEntity
  8
AM_9
100
AcDbLine
 10
-25.29013382370026
 20
2.643
 30
0.0
 11
-24.16
 21
2.643
 31
0.0
  0
LINE
  5
AA9
330
1F
100
AcDbEntity
  8
AM_0
100
AcDbLine
 10
-26.82186617629976
 20
2.643
 30
0.0
 11
-25.29013382370026
 21
2.643
 31
0.0
  0
LINE
  5
AAA
330
1F
100
AcDbEntity
  8
AM_9
100
AcDbLine
 10
-30.068
 20
2.643000000000002
 30
0.0
 11
-26.82186617629976
 21
2.643
 31
0.0
  0
LINE
  5
AAB
330
1F
100
AcDbEntity
  8
AM_9
100
AcDbLine
 10
-24.16
 20
2.643
 30
0.0
 11
-24.16
 21
2.689
 31
0.0
  0
LINE
  5
AAC
330
1F
100
AcDbEntity
  8
AM_9
100
AcDbLine
 10
23.78076134002854
 20
2.689
 30
0.0
 11
24.15999999999999
 21
2.689
 31
0.0
  0
LINE
  5
AAD
330
1F
100
AcDbEntity
  8
AM_0
100
AcDbLine
 10
22.33123865997141
 20
2.689
 30
0.0
 11
23.78076134002854
 21
2.689
 31
0.0
  0
LINE
  5
AAE
330
1F
100
AcDbEntity
  8
AM_9
100
AcDbLine
 10
-22.33123865997144
 20
2.689
 30
0.0
 11
22.33123865997141
 21
2.689
 31
0.0
  0
LINE
  5
AAF
330
1F
100
AcDbEntity
  8
AM_0
100
AcDbLine
 10
-23.78076134002857
 20
2.689
 30
0.0
 11
-22.33123865997144
 21
2.689
 31
0.0
  0
LINE
  5
AB0
330
1F
100
AcDbEntity
  8
AM_9
100
AcDbLine
 10
-24.16
 20
2.689
 30
0.0
 11
-23.78076134002857
 21
2.689
 31
0.0
  0
LINE
  5
AB1
330
1F
100
AcDbEntity
  8
AM_9
100
AcDbLine
 10
24.15999999999999
 20
2.689
 30
0.0
 11
24.16
 21
2.643
 31
0.0
  0
LINE
  5
AB2
330
1F
100
AcDbEntity
  8
AM_9
100
AcDbLine
 10
26.82186617629975
 20
2.643
 30
0.0
 11
30.068
 21
2.643
 31
0.0
  0
LINE
  5
AB3
330
1F
100
AcDbEntity
  8
AM_0
100
AcDbLine
 10
25.29013382370025
 20
2.643
 30
0.0
 11
26.82186617629975
 21
2.643
 31
0.0
  0
LINE
  5
AB4
330
1F
100
AcDbEntity
  8
AM_9
100
AcDbLine
 10
24.16
 20
2.643
 30
0.0
 11
25.29013382370025
 21
2.643
 31
0.0
  0
ARC
  5
AB5
330
1F
100
AcDbEntity
  8
AM_9
100
AcDbCircle
 10
30.068
 20
2.734999999999994
 30
0.0
 40
0.0919999999999943
100
AcDbArc
 50
269.9999999999978
 51
0.0000000000033188
  0
LINE
  5
AB6
330
1F
100
AcDbEntity
  8
AM_9
100
AcDbLine
 10
30.16
 20
2.734999999999999
 30
0.0
 11
30.16
 21
3.393000000000002
 31
0.0
  0
LINE
  5
AB7
330
1F
100
AcDbEntity
  8
AM_9
100
AcDbLine
 10
30.16
 20
3.393000000000002
 30
0.0
 11
30.114
 21
3.393000000000002
 31
0.0
  0
ARC
  5
AB8
330
1F
100
AcDbEntity
  8
AM_9
100
AcDbCircle
 10
30.068
 20
2.734999999999986
 30
0.0
 40
0.0459999999999989
100
AcDbArc
 50
270.0
 51
0.0000000000171473
  0
LINE
  5
AB9
330
1F
100
AcDbEntity
  8
AM_9
100
AcDbLine
 10
30.068
 20
2.688999999999987
 30
0.0
 11
29.973
 21
2.688999999999986
 31
0.0
  0
LINE
  5
ABA
330
1F
100
AcDbEntity
  8
AM_9
100
AcDbLine
 10
29.973
 20
2.688999999999986
 30
0.0
 11
29.973
 21
2.740000000000004
 31
0.0
  0
LINE
  5
ABB
330
1F
100
AcDbEntity
  8
AM_9
100
AcDbLine
 10
29.594
 20
3.301000000000018
 30
0.0
 11
29.573
 21
3.301000000000018
 31
0.0
  0
LINE
  5
ABC
330
1F
100
AcDbEntity
  8
AM_9
100
AcDbLine
 10
29.573
 20
3.301000000000018
 30
0.0
 11
29.573
 21
3.347000000000003
 31
0.0
  0
LINE
  5
ABD
330
1F
100
AcDbEntity
  8
AM_9
100
AcDbLine
 10
29.573
 20
3.347000000000003
 30
0.0
 11
26.188
 21
3.347000000000003
 31
0.0
  0
LINE
  5
ABE
330
1F
100
AcDbEntity
  8
AM_9
100
AcDbLine
 10
26.188
 20
3.347000000000003
 30
0.0
 11
26.188
 21
4.189
 31
0.0
  0
LINE
  5
ABF
330
1F
100
AcDbEntity
  8
AM_9
100
AcDbLine
 10
26.188
 20
4.189
 30
0.0
 11
14.008
 21
4.189
 31
0.0
  0
LINE
  5
AC0
330
1F
100
AcDbEntity
  8
AM_9
100
AcDbLine
 10
14.008
 20
4.189
 30
0.0
 11
14.008
 21
4.938999999999986
 31
0.0
  0
LINE
  5
AC1
330
1F
100
AcDbEntity
  8
AM_9
100
AcDbLine
 10
6.007999999999999
 20
4.938999999999986
 30
0.0
 11
6.008
 21
4.189
 31
0.0
  0
LINE
  5
AC2
330
1F
100
AcDbEntity
  8
AM_9
100
AcDbLine
 10
6.008
 20
4.189
 30
0.0
 11
-6.007999999999997
 21
4.189
 31
0.0
  0
LINE
  5
AC3
330
1F
100
AcDbEntity
  8
AM_9
100
AcDbLine
 10
-6.007999999999997
 20
4.189
 30
0.0
 11
-6.007999999999999
 21
4.939
 31
0.0
  0
LINE
  5
AC4
330
1F
100
AcDbEntity
  8
AM_9
100
AcDbLine
 10
30.114
 20
0.6199999999999949
 30
0.0
 11
29.594
 21
0.6199999999999961
 31
0.0
  0
LINE
  5
AC5
330
1F
100
AcDbEntity
  8
AM_9
100
AcDbLine
 10
30.114
 20
0.8699999999999948
 30
0.0
 11
29.594
 21
0.8699999999999948
 31
0.0
  0
LINE
  5
AC6
330
1F
100
AcDbEntity
  8
AM_9
100
AcDbLine
 10
30.114
 20
2.490000000000004
 30
0.0
 11
29.594
 21
2.490000000000004
 31
0.0
  0
LINE
  5
AC7
330
1F
100
AcDbEntity
  8
AM_9
100
AcDbLine
 10
30.114
 20
2.740000000000004
 30
0.0
 11
29.594
 21
2.740000000000004
 31
0.0
  0
LINE
  5
AC8
330
1F
100
AcDbEntity
  8
AM_9
100
AcDbLine
 10
-29.594
 20
0.8699999999999948
 30
0.0
 11
-30.114
 21
0.8699999999999948
 31
0.0
  0
LINE
  5
AC9
330
1F
100
AcDbEntity
  8
AM_9
100
AcDbLine
 10
-29.594
 20
0.6199999999999949
 30
0.0
 11
-30.114
 21
0.6199999999999961
 31
0.0
  0
LINE
  5
ACA
330
1F
100
AcDbEntity
  8
AM_9
100
AcDbLine
 10
-29.594
 20
2.740000000000004
 30
0.0
 11
-30.114
 21
2.740000000000004
 31
0.0
  0
LINE
  5
ACB
330
1F
100
AcDbEntity
  8
AM_9
100
AcDbLine
 10
-29.594
 20
2.490000000000004
 30
0.0
 11
-30.114
 21
2.490000000000004
 31
0.0
  0
LINE
  5
ACC
330
1F
100
AcDbEntity
  8
AM_9
100
AcDbLine
 10
5.439500000000002
 20
5.999999999999999
 30
0.0
 11
7.064500000000002
 21
5.999999999999999
 31
0.0
  0
LINE
  5
ACD
330
1F
100
AcDbEntity
  8
AM_9
100
AcDbLine
 10
5.439500000000002
 20
5.999999999999999
 30
0.0
 11
5.439500000000002
 21
4.667
 31
0.0
  0
LINE
  5
ACE
330
1F
100
AcDbEntity
  8
AM_9
100
AcDbLine
 10
7.064500000000002
 20
4.667
 30
0.0
 11
7.064500000000002
 21
5.999999999999999
 31
0.0
  0
LINE
  5
ACF
330
1F
100
AcDbEntity
  8
AM_9
100
AcDbLine
 10
11.26
 20
5.829
 30
0.0
 11
11.26
 21
4.667
 31
0.0
  0
LINE
  5
AD0
330
1F
100
AcDbEntity
  8
AM_9
100
AcDbLine
 10
14.25700000000001
 20
5.829
 30
0.0
 11
14.25700000000001
 21
5.166
 31
0.0
  0
LINE
  5
AD1
330
1F
100
AcDbEntity
  8
AM_9
100
AcDbLine
 10
21.01300000000001
 20
5.166
 30
0.0
 11
24.01000000000001
 21
5.166
 31
0.0
  0
LINE
  5
AD2
330
1F
100
AcDbEntity
  8
AM_9
100
AcDbLine
 10
24.01000000000001
 20
5.829
 30
0.0
 11
24.01000000000001
 21
4.667
 31
0.0
  0
LINE
  5
AD3
330
1F
100
AcDbEntity
  8
AM_9
100
AcDbLine
 10
11.26
 20
5.166
 30
0.0
 11
14.25700000000001
 21
5.166
 31
0.0
  0
LINE
  5
AD4
330
1F
100
AcDbEntity
  8
AM_9
100
AcDbLine
 10
11.26
 20
5.829
 30
0.0
 11
24.01000000000001
 21
5.829
 31
0.0
  0
LINE
  5
AD5
330
1F
100
AcDbEntity
  8
AM_9
100
AcDbLine
 10
21.01300000000001
 20
5.829
 30
0.0
 11
21.01300000000001
 21
5.166
 31
0.0
  0
LINE
  5
AD6
330
1F
100
AcDbEntity
  8
AM_9
100
AcDbLine
 10
-24.612
 20
5.829
 30
0.0
 11
-24.612
 21
4.667
 31
0.0
  0
LINE
  5
AD7
330
1F
100
AcDbEntity
  8
AM_9
100
AcDbLine
 10
3.700000000000006
 20
5.829
 30
0.0
 11
3.700000000000001
 21
4.667
 31
0.0
  0
LINE
  5
AD8
330
1F
100
AcDbEntity
  8
AM_9
100
AcDbLine
 10
0.7030000000000021
 20
5.829
 30
0.0
 11
0.7030000000000021
 21
5.166
 31
0.0
  0
LINE
  5
AD9
330
1F
100
AcDbEntity
  8
AM_9
100
AcDbLine
 10
-24.612
 20
5.829
 30
0.0
 11
3.700000000000006
 21
5.829
 31
0.0
  0
LINE
  5
ADA
330
1F
100
AcDbEntity
  8
AM_9
100
AcDbLine
 10
-21.61499999999999
 20
5.829
 30
0.0
 11
-21.61499999999999
 21
5.166
 31
0.0
  0
LINE
  5
ADB
330
1F
100
AcDbEntity
  8
AM_9
100
AcDbLine
 10
-24.612
 20
5.166
 30
0.0
 11
-21.61499999999999
 21
5.166
 31
0.0
  0
LINE
  5
ADC
330
1F
100
AcDbEntity
  8
AM_9
100
AcDbLine
 10
0.7030000000000021
 20
5.166
 30
0.0
 11
3.700000000000001
 21
5.166
 31
0.0
  0
LINE
  5
ADD
330
1F
100
AcDbEntity
  8
AM_0
100
AcDbLine
 10
-30.4035
 20
28.425
 30
0.0
 11
-29.7635
 21
28.425
 31
0.0
  0
LINE
  5
ADE
330
1F
100
AcDbEntity
  8
AM_0
100
AcDbLine
 10
-30.4035
 20
27.675
 30
0.0
 11
-29.7635
 21
27.675
 31
0.0
  0
LINE
  5
ADF
330
1F
100
AcDbEntity
  8
AM_0
100
AcDbLine
 10
-30.4035
 20
28.425
 30
0.0
 11
-30.4035
 21
27.675
 31
0.0
  0
LINE
  5
AE0
330
1F
100
AcDbEntity
  8
AM_9
100
AcDbLine
 10
30.114
 20
3.0
 30
0.0
 11
29.594
 21
3.0
 31
0.0
  0
LINE
  5
AE1
330
1F
100
AcDbEntity
  8
AM_9
100
AcDbLine
 10
29.594
 20
1.0
 30
0.0
 11
30.114
 21
1.0
 31
0.0
  0
LINE
  5
AE2
330
1F
100
AcDbEntity
  8
AM_9
100
AcDbLine
 10
-29.594
 20
3.0
 30
0.0
 11
-30.114
 21
3.0
 31
0.0
  0
LINE
  5
AE3
330
1F
100
AcDbEntity
  8
AM_9
100
AcDbLine
 10
-30.114
 20
1.0
 30
0.0
 11
-29.594
 21
1.0
 31
0.0
  0
ARC
  5
AE4
330
1F
100
AcDbEntity
  8
AM_0
100
AcDbCircle
 10
29.79400000000002
 20
29.87117823518259
 30
0.0
 40
0.0340000000000242
100
AcDbArc
 50
206.2258839294813
 51
254.9999999999819
  0
ARC
  5
AE5
330
1F
100
AcDbEntity
  8
AM_0
100
AcDbCircle
 10
29.79399999999989
 20
29.87117823518232
 30
0.0
 40
0.0679999999997301
100
AcDbArc
 50
243.3506283837195
 51
255.0000000000426
  0
LINE
  5
AE6
330
1F
100
AcDbEntity
  8
AM_0
100
AcDbLine
 10
29.77640030493304
 20
29.80549527899491
 30
0.0
 11
30.2074345541764
 21
29.69
 31
0.0
  0
LINE
  5
AE7
330
1F
100
AcDbEntity
  8
AM_0
100
AcDbLine
 10
30.2074345541764
 20
29.69
 30
0.0
 11
30.21623440170988
 21
29.72284147809383
 31
0.0
  0
LINE
  5
AE8
330
1F
100
AcDbEntity
  8
AM_0
100
AcDbLine
 10
30.21623440170988
 20
29.72284147809383
 30
0.0
 11
29.78520015246652
 21
29.83833675708874
 31
0.0
  0
LINE
  5
AE9
330
1F
100
AcDbEntity
  8
AM_9
100
AcDbLine
 10
-29.6835
 20
4.561999999999998
 30
0.0
 11
-29.7635
 21
4.561999999999998
 31
0.0
  0
LINE
  5
AEA
330
1F
100
AcDbEntity
  8
AM_9
100
AcDbLine
 10
29.6835
 20
4.562000000000005
 30
0.0
 11
29.7635
 21
4.562000000000005
 31
0.0
  0
LINE
  5
AEB
330
1F
100
AcDbEntity
  8
AM_9
100
AcDbLine
 10
-29.6835
 20
53.308
 30
0.0
 11
-29.7635
 21
53.308
 31
0.0
  0
LINE
  5
AEC
330
1F
100
AcDbEntity
  8
AM_9
100
AcDbLine
 10
-29.6835
 20
53.308
 30
0.0
 11
-29.6835
 21
4.492
 31
0.0
  0
LINE
  5
AED
330
1F
100
AcDbEntity
  8
AM_9
100
AcDbLine
 10
29.6835
 20
53.308
 30
0.0
 11
29.7635
 21
53.308
 31
0.0
  0
LINE
  5
AEE
330
1F
100
AcDbEntity
  8
AM_9
100
AcDbLine
 10
29.6835
 20
53.308
 30
0.0
 11
29.6835
 21
4.492
 31
0.0
  0
LINE
  5
AEF
330
1F
100
AcDbEntity
  8
AM_9
100
AcDbLine
 10
-27.76599999999999
 20
0.058
 30
0.0
 11
-27.76599999999999
 21
0.0
 31
0.0
  0
LINE
  5
AF0
330
1F
100
AcDbEntity
  8
AM_9
100
AcDbLine
 10
27.766
 20
0.058
 30
0.0
 11
27.766
 21
0.0
 31
0.0
  0
LINE
  5
AF1
330
1F
100
AcDbEntity
  8
AM_9
100
AcDbLine
 10
-30.114
 20
4.003
 30
0.0
 11
-30.114
 21
0.0
 31
0.0
  0
LINE
  5
AF2
330
1F
100
AcDbEntity
  8
AM_9
100
AcDbLine
 10
-30.181
 20
4.003
 30
0.0
 11
-30.114
 21
4.003
 31
0.0
  0
LINE
  5
AF3
330
1F
100
AcDbEntity
  8
AM_9
100
AcDbLine
 10
30.114
 20
4.003
 30
0.0
 11
30.114
 21
0.0
 31
0.0
  0
LINE
  5
AF4
330
1F
100
AcDbEntity
  8
AM_9
100
AcDbLine
 10
30.181
 20
4.003
 30
0.0
 11
30.114
 21
4.003
 31
0.0
  0
LINE
  5
AF5
330
1F
100
AcDbEntity
  8
AM_9
100
AcDbLine
 10
27.825
 20
5.226000000000001
 30
0.0
 11
27.825
 21
4.667
 31
0.0
  0
LINE
  5
AF6
330
1F
100
AcDbEntity
  8
AM_9
100
AcDbLine
 10
-27.82499999999999
 20
5.226000000000001
 30
0.0
 11
-27.82499999999999
 21
4.667
 31
0.0
  0
LINE
  5
AF7
330
1F
100
AcDbEntity
  8
AM_9
100
AcDbLine
 10
-27.82499999999999
 20
4.667
 30
0.0
 11
27.825
 21
4.667
 31
0.0
  0
LINE
  5
AF8
330
1F
100
AcDbEntity
  8
AM_9
100
AcDbLine
 10
-29.594
 20
5.226000000000001
 30
0.0
 11
-29.594
 21
0.058
 31
0.0
  0
LINE
  5
AF9
330
1F
100
AcDbEntity
  8
AM_9
100
AcDbLine
 10
-29.594
 20
0.058
 30
0.0
 11
29.594
 21
0.058
 31
0.0
  0
LINE
  5
AFA
330
1F
100
AcDbEntity
  8
AM_9
100
AcDbLine
 10
-29.594
 20
5.226000000000001
 30
0.0
 11
29.594
 21
5.226000000000001
 31
0.0
  0
LINE
  5
AFB
330
1F
100
AcDbEntity
  8
AM_9
100
AcDbLine
 10
29.594
 20
5.226000000000001
 30
0.0
 11
29.594
 21
0.058
 31
0.0
  0
LINE
  5
AFC
330
1F
100
AcDbEntity
  8
AM_0
100
AcDbLine
 10
29.7635
 20
54.6
 30
0.0
 11
29.7635
 21
54.59838367176906
 31
0.0
  0
LINE
  5
AFD
330
1F
100
AcDbEntity
  8
AM_0
100
AcDbLine
 10
-29.7635
 20
54.6
 30
0.0
 11
29.7635
 21
54.6
 31
0.0
  0
LINE
  5
AFE
330
1F
100
AcDbEntity
  8
AM_0
100
AcDbLine
 10
-29.7635
 20
54.6
 30
0.0
 11
-29.7635
 21
54.59838367176906
 31
0.0
  0
LINE
  5
AFF
330
1F
100
AcDbEntity
  8
AM_9
100
AcDbLine
 10
3.192000000000009
 20
9.29
 30
0.0
 11
3.191000000000003
 21
9.289999999999996
 31
0.0
  0
LINE
  5
B00
330
1F
100
AcDbEntity
  8
AM_9
100
AcDbLine
 10
3.192000000000005
 20
9.291000000000004
 30
0.0
 11
3.192000000000009
 21
9.29
 31
0.0
  0
LINE
  5
B01
330
1F
100
AcDbEntity
  8
AM_9
100
AcDbLine
 10
11.125
 20
9.289999999999996
 30
0.0
 11
11.124
 21
9.289999999999997
 31
0.0
  0
LINE
  5
B02
330
1F
100
AcDbEntity
  8
AM_9
100
AcDbLine
 10
11.124
 20
9.291000000000004
 30
0.0
 11
11.124
 21
9.289999999999997
 31
0.0
  0
LINE
  5
B03
330
1F
100
AcDbEntity
  8
AM_9
100
AcDbLine
 10
11.125
 20
4.792000000000004
 30
0.0
 11
11.124
 21
4.792
 31
0.0
  0
LINE
  5
B04
330
1F
100
AcDbEntity
  8
AM_9
100
AcDbLine
 10
2.046000000000004
 20
9.474000000000006
 30
0.0
 11
2.044999999999992
 21
9.474
 31
0.0
  0
LINE
  5
B05
330
1F
100
AcDbEntity
  8
AM_9
100
AcDbLine
 10
14.98700000000001
 20
5.883999999999999
 30
0.0
 11
14.986
 21
5.883999999999999
 31
0.0
  0
LINE
  5
B06
330
1F
100
AcDbEntity
  8
AM_0
100
AcDbLine
 10
29.7635
 20
53.57194617613084
 30
0.0
 11
29.7635
 21
4.492
 31
0.0
  0
LINE
  5
B07
330
1F
100
AcDbEntity
  8
AM_0
100
AcDbLine
 10
-29.7635
 20
53.57194617613084
 30
0.0
 11
-29.7635
 21
4.492
 31
0.0
  0
LINE
  5
B08
330
1F
100
AcDbEntity
  8
AM_0
100
AcDbLine
 10
29.735
 20
53.573
 30
0.0
 11
29.76244617613084
 21
53.573
 31
0.0
  0
LINE
  5
B09
330
1F
100
AcDbEntity
  8
AM_0
100
AcDbLine
 10
30.06397308806542
 20
53.27147308806542
 30
0.0
 11
30.0965
 21
53.304
 31
0.0
  0
LINE
  5
B0A
330
1F
100
AcDbEntity
  8
AM_0
100
AcDbLine
 10
29.76244617613084
 20
53.573
 30
0.0
 11
30.06397308806542
 21
53.27147308806542
 31
0.0
  0
LINE
  5
B0B
330
1F
100
AcDbEntity
  8
AM_0
100
AcDbLine
 10
29.82750000000001
 20
53.58708326112069
 30
0.0
 11
29.8275
 21
54.52
 31
0.0
  0
LINE
  5
B0C
330
1F
100
AcDbEntity
  8
AM_0
100
AcDbLine
 10
30.0965
 20
53.304
 30
0.0
 11
29.83745836943966
 21
53.56304163056034
 31
0.0
  0
ARC
  5
B0D
330
1F
100
AcDbEntity
  8
AM_0
100
AcDbCircle
 10
29.86150000000004
 20
53.58708326112069
 30
0.0
 40
0.0340000000000273
100
AcDbArc
 50
180.0
 51
224.9999999999704
  0
ARC
  5
B0E
330
1F
100
AcDbEntity
  8
AM_0
100
AcDbCircle
 10
29.74750000000001
 20
54.52000000000001
 30
0.0
 40
0.0799999999999947
100
AcDbArc
 50
359.9999999999948
 51
90.00000000000256
  0
LINE
  5
B0F
330
1F
100
AcDbEntity
  8
AM_0
100
AcDbLine
 10
-29.76244617613083
 20
53.573
 30
0.0
 11
-29.735
 21
53.573
 31
0.0
  0
ARC
  5
B10
330
1F
100
AcDbEntity
  8
AM_0
100
AcDbCircle
 10
-29.7475
 20
54.52
 30
0.0
 40
0.0800000000000054
100
AcDbArc
 50
90.00000000000256
 51
179.9999999999949
  0
LINE
  5
B11
330
1F
100
AcDbEntity
  8
AM_0
100
AcDbLine
 10
-30.0965
 20
53.304
 30
0.0
 11
-30.06397308806541
 21
53.27147308806542
 31
0.0
  0
LINE
  5
B12
330
1F
100
AcDbEntity
  8
AM_0
100
AcDbLine
 10
-30.06397308806541
 20
53.27147308806542
 30
0.0
 11
-29.76244617613083
 21
53.573
 31
0.0
  0
LINE
  5
B13
330
1F
100
AcDbEntity
  8
AM_0
100
AcDbLine
 10
-29.8275
 20
54.52
 30
0.0
 11
-29.8275
 21
53.58708326112069
 31
0.0
  0
ARC
  5
B14
330
1F
100
AcDbEntity
  8
AM_0
100
AcDbCircle
 10
-29.86149999999997
 20
53.58708326112069
 30
0.0
 40
0.0339999999999742
100
AcDbArc
 50
314.9999999999788
 51
0.0
  0
LINE
  5
B15
330
1F
100
AcDbEntity
  8
AM_0
100
AcDbLine
 10
-29.83745836943966
 20
53.56304163056036
 30
0.0
 11
-30.0965
 21
53.304
 31
0.0
  0
LINE
  5
B16
330
1F
100
AcDbEntity
  8
AM_9
100
AcDbLine
 10
29.735
 20
53.573
 30
0.0
 11
-29.735
 21
53.573
 31
0.0
  0
CIRCLE
  5
B17
330
1F
100
AcDbEntity
  8
AM_0
100
AcDbCircle
 10
6.284000000000003
 20
6.457
 30
0.0
 40
0.455
  0
CIRCLE
  5
B18
330
1F
100
AcDbEntity
  8
AM_0
100
AcDbCircle
 10
6.284000000000003
 20
6.457
 30
0.0
 40
0.625
  0
CIRCLE
  5
B19
330
1F
100
AcDbEntity
  8
AM_0
100
AcDbCircle
 10
6.284000000000003
 20
6.457
 30
0.0
 40
1.0
  0
LINE
  5
B1A
330
1F
100
AcDbEntity
  8
AM_9
100
AcDbLine
 10
11.125
 20
4.791
 30
0.0
 11
3.191000000000003
 21
4.791
 31
0.0
  0
LINE
  5
B1B
330
1F
100
AcDbEntity
  8
AM_0
100
AcDbLine
 10
14.986
 20
43.501
 30
0.0
 11
14.986
 21
43.567
 31
0.0
  0
LINE
  5
B1C
330
1F
100
AcDbEntity
  8
AM_4
100
AcDbLine
 10
28.721
 20
43.5
 30
0.0
 11
14.98700000000001
 21
43.5
 31
0.0
  0
LINE
  5
B1D
330
1F
100
AcDbEntity
  8
AM_4
100
AcDbLine
 10
28.85400000000001
 20
43.5
 30
0.0
 11
28.78800000000001
 21
43.5
 31
0.0
  0
LINE
  5
B1E
330
1F
100
AcDbEntity
  8
AM_9
100
AcDbLine
 10
28.72199999999998
 20
5.882999999999998
 30
0.0
 11
14.986
 21
5.882999999999998
 31
0.0
  0
LINE
  5
B1F
330
1F
100
AcDbEntity
  8
AM_0
100
AcDbLine
 10
-16.368
 20
48.12700000000001
 30
0.0
 11
-16.368
 21
48.194
 31
0.0
  0
LINE
  5
B20
330
1F
100
AcDbEntity
  8
AM_0
100
AcDbLine
 10
-22.732
 20
48.12700000000001
 30
0.0
 11
-22.732
 21
48.194
 31
0.0
  0
LINE
  5
B21
330
1F
100
AcDbEntity
  8
AM_4
100
AcDbLine
 10
-16.368
 20
48.194
 30
0.0
 11
-22.732
 21
48.194
 31
0.0
  0
LINE
  5
B22
330
1F
100
AcDbEntity
  8
AM_9
100
AcDbLine
 10
11.125
 20
9.291
 30
0.0
 11
3.191000000000003
 21
9.291
 31
0.0
  0
LINE
  5
B23
330
1F
100
AcDbEntity
  8
AM_0
100
AcDbLine
 10
28.788
 20
43.501
 30
0.0
 11
28.72200000000014
 21
43.501
 31
0.0
  0
LINE
  5
B24
330
1F
100
AcDbEntity
  8
AM_0
100
AcDbLine
 10
28.788
 20
5.882999999999998
 30
0.0
 11
28.72200000000014
 21
5.882999999999998
 31
0.0
  0
LINE
  5
B25
330
1F
100
AcDbEntity
  8
AM_0
100
AcDbLine
 10
28.72200000000008
 20
43.50100000000006
 30
0.0
 11
28.72100000000001
 21
43.49999999999999
 31
0.0
  0
LINE
  5
B26
330
1F
100
AcDbEntity
  8
AM_4
100
AcDbLine
 10
28.721
 20
43.5
 30
0.0
 11
28.721
 21
5.884000000000016
 31
0.0
  0
LINE
  5
B27
330
1F
100
AcDbEntity
  8
AM_4
100
AcDbLine
 10
-13.827
 20
44.74699999999999
 30
0.0
 11
-13.827
 21
34.383
 31
0.0
  0
LINE
  5
B28
330
1F
100
AcDbEntity
  8
AM_0
100
AcDbLine
 10
-22.733
 20
52.9855
 30
0.0
 11
-22.79999999999999
 21
52.9855
 31
0.0
  0
LINE
  5
B29
330
1F
100
AcDbEntity
  8
AM_0
100
AcDbLine
 10
-22.733
 20
48.1945
 30
0.0
 11
-22.79999999999999
 21
48.1945
 31
0.0
  0
LINE
  5
B2A
330
1F
100
AcDbEntity
  8
AM_4
100
AcDbLine
 10
-22.733
 20
52.9855
 30
0.0
 11
-22.733
 21
48.1945
 31
0.0
  0
LINE
  5
B2B
330
1F
100
AcDbEntity
  8
AM_4
100
AcDbLine
 10
2.046000000000004
 20
24.34
 30
0.0
 11
-27.26
 21
24.34
 31
0.0
  0
LINE
  5
B2C
330
1F
100
AcDbEntity
  8
AM_9
100
AcDbLine
 10
2.046000000000004
 20
9.466999999999999
 30
0.0
 11
-27.26
 21
9.466999999999999
 31
0.0
  0
LINE
  5
B2D
330
1F
100
AcDbEntity
  8
AM_4
100
AcDbLine
 10
-16.368
 20
52.987
 30
0.0
 11
-22.732
 21
52.987
 31
0.0
  0
LINE
  5
B2E
330
1F
100
AcDbEntity
  8
AM_0
100
AcDbLine
 10
2.112000000000001
 20
24.335
 30
0.0
 11
2.045000000000001
 21
24.335
 31
0.0
  0
LINE
  5
B2F
330
1F
100
AcDbEntity
  8
AM_0
100
AcDbLine
 10
2.112000000000001
 20
9.466999999999999
 30
0.0
 11
2.046000000000004
 21
9.466999999999999
 31
0.0
  0
LINE
  5
B30
330
1F
100
AcDbEntity
  8
AM_4
100
AcDbLine
 10
2.045000000000001
 20
24.335
 30
0.0
 11
2.045000000000003
 21
9.474000000000002
 31
0.0
  0
LINE
  5
B31
330
1F
100
AcDbEntity
  8
AM_0
100
AcDbLine
 10
-16.3
 20
48.1945
 30
0.0
 11
-16.367
 21
48.1945
 31
0.0
  0
LINE
  5
B32
330
1F
100
AcDbEntity
  8
AM_0
100
AcDbLine
 10
-16.3
 20
52.9855
 30
0.0
 11
-16.367
 21
52.9855
 31
0.0
  0
LINE
  5
B33
330
1F
100
AcDbEntity
  8
AM_4
100
AcDbLine
 10
-16.367
 20
52.9855
 30
0.0
 11
-16.367
 21
48.1945
 31
0.0
  0
LINE
  5
B34
330
1F
100
AcDbEntity
  8
AM_0
100
AcDbLine
 10
11.191
 20
9.291
 30
0.0
 11
11.125
 21
9.291
 31
0.0
  0
LINE
  5
B35
330
1F
100
AcDbEntity
  8
AM_0
100
AcDbLine
 10
11.191
 20
4.791
 30
0.0
 11
11.125
 21
4.791
 31
0.0
  0
LINE
  5
B36
330
1F
100
AcDbEntity
  8
AM_4
100
AcDbLine
 10
11.124
 20
9.29
 30
0.0
 11
11.124
 21
4.792
 31
0.0
  0
LINE
  5
B37
330
1F
100
AcDbEntity
  8
AM_0
100
AcDbLine
 10
14.986
 20
5.882999999999998
 30
0.0
 11
14.92
 21
5.882999999999998
 31
0.0
  0
LINE
  5
B38
330
1F
100
AcDbEntity
  8
AM_0
100
AcDbLine
 10
14.986
 20
43.501
 30
0.0
 11
14.92
 21
43.501
 31
0.0
  0
LINE
  5
B39
330
1F
100
AcDbEntity
  8
AM_4
100
AcDbLine
 10
14.98700000000001
 20
43.5
 30
0.0
 11
14.987
 21
5.884000000000003
 31
0.0
  0
LINE
  5
B3A
330
1F
100
AcDbEntity
  8
AM_0
100
AcDbLine
 10
14.98700000000001
 20
43.49999999999999
 30
0.0
 11
14.986
 21
43.501
 31
0.0
  0
LINE
  5
B3B
330
1F
100
AcDbEntity
  8
AM_9
100
AcDbLine
 10
14.986
 20
43.501
 30
0.0
 11
14.986
 21
5.882999999999998
 31
0.0
  0
LINE
  5
B3C
330
1F
100
AcDbEntity
  8
AM_0
100
AcDbLine
 10
-21.692
 20
34.315
 30
0.0
 11
-21.692
 21
34.382
 31
0.0
  0
LINE
  5
B3D
330
1F
100
AcDbEntity
  8
AM_0
100
AcDbLine
 10
-13.828
 20
34.315
 30
0.0
 11
-13.828
 21
34.382
 31
0.0
  0
LINE
  5
B3E
330
1F
100
AcDbEntity
  8
AM_4
100
AcDbLine
 10
-13.828
 20
34.382
 30
0.0
 11
-21.692
 21
34.382
 31
0.0
  0
LINE
  5
B3F
330
1F
100
AcDbEntity
  8
AM_0
100
AcDbLine
 10
14.986
 20
5.816999999999999
 30
0.0
 11
14.986
 21
5.882999999999998
 31
0.0
  0
LINE
  5
B40
330
1F
100
AcDbEntity
  8
AM_0
100
AcDbLine
 10
14.986
 20
5.883000000000001
 30
0.0
 11
14.987
 21
5.884000000000002
 31
0.0
  0
LINE
  5
B41
330
1F
100
AcDbEntity
  8
AM_9
100
AcDbLine
 10
28.78800000000001
 20
5.884000000000003
 30
0.0
 11
28.72100000000001
 21
5.883999999999999
 31
0.0
  0
LINE
  5
B42
330
1F
100
AcDbEntity
  8
AM_4
100
AcDbLine
 10
28.85400000000001
 20
5.884000000000003
 30
0.0
 11
28.78800000000001
 21
5.884000000000003
 31
0.0
  0
LINE
  5
B43
330
1F
100
AcDbEntity
  8
AM_0
100
AcDbLine
 10
28.721
 20
5.884000000000012
 30
0.0
 11
28.72200000000008
 21
5.882999999999936
 31
0.0
  0
LINE
  5
B44
330
1F
100
AcDbEntity
  8
AM_4
100
AcDbLine
 10
28.721
 20
5.884000000000016
 30
0.0
 11
14.987
 21
5.884000000000003
 31
0.0
  0
LINE
  5
B45
330
1F
100
AcDbEntity
  8
AM_9
100
AcDbLine
 10
3.191000000000003
 20
9.291
 30
0.0
 11
3.191000000000003
 21
4.791
 31
0.0
  0
LINE
  5
B46
330
1F
100
AcDbEntity
  8
AM_0
100
AcDbLine
 10
-13.828
 20
44.74799999999999
 30
0.0
 11
-13.828
 21
44.81499999999999
 31
0.0
  0
LINE
  5
B47
330
1F
100
AcDbEntity
  8
AM_0
100
AcDbLine
 10
-21.692
 20
44.74799999999999
 30
0.0
 11
-21.692
 21
44.81499999999999
 31
0.0
  0
LINE
  5
B48
330
1F
100
AcDbEntity
  8
AM_4
100
AcDbLine
 10
-13.828
 20
44.74799999999999
 30
0.0
 11
-21.692
 21
44.74799999999999
 31
0.0
  0
LINE
  5
B49
330
1F
100
AcDbEntity
  8
AM_0
100
AcDbLine
 10
-27.25899999999999
 20
24.335
 30
0.0
 11
-27.32599999999999
 21
24.335
 31
0.0
  0
LINE
  5
B4A
330
1F
100
AcDbEntity
  8
AM_0
100
AcDbLine
 10
-27.26
 20
9.466999999999999
 30
0.0
 11
-27.32599999999999
 21
9.466999999999999
 31
0.0
  0
LINE
  5
B4B
330
1F
100
AcDbEntity
  8
AM_4
100
AcDbLine
 10
-27.25899999999999
 20
24.335
 30
0.0
 11
-27.25899999999998
 21
9.474000000000002
 31
0.0
  0
LINE
  5
B4C
330
1F
100
AcDbEntity
  8
AM_9
100
AcDbLine
 10
28.77930951894846
 20
43.5
 30
0.0
 11
28.7793180932473
 21
5.882999999999998
 31
0.0
  0
LINE
  5
B4D
330
1F
100
AcDbEntity
  8
AM_0
100
AcDbLine
 10
11.125
 20
4.725
 30
0.0
 11
11.125
 21
4.791
 31
0.0
  0
LINE
  5
B4E
330
1F
100
AcDbEntity
  8
AM_0
100
AcDbLine
 10
3.191000000000003
 20
4.725
 30
0.0
 11
3.191000000000003
 21
4.791
 31
0.0
  0
LINE
  5
B4F
330
1F
100
AcDbEntity
  8
AM_0
100
AcDbLine
 10
11.124
 20
4.792
 30
0.0
 11
11.125
 21
4.790999999999998
 31
0.0
  0
LINE
  5
B50
330
1F
100
AcDbEntity
  8
AM_4
100
AcDbLine
 10
11.124
 20
4.792
 30
0.0
 11
3.192000000000003
 21
4.792
 31
0.0
  0
LINE
  5
B51
330
1F
100
AcDbEntity
  8
AM_0
100
AcDbLine
 10
-21.693
 20
44.74699999999999
 30
0.0
 11
-21.75999999999999
 21
44.74699999999999
 31
0.0
  0
LINE
  5
B52
330
1F
100
AcDbEntity
  8
AM_0
100
AcDbLine
 10
-21.693
 20
34.383
 30
0.0
 11
-21.75999999999999
 21
34.383
 31
0.0
  0
LINE
  5
B53
330
1F
100
AcDbEntity
  8
AM_4
100
AcDbLine
 10
-21.693
 20
44.74699999999999
 30
0.0
 11
-21.693
 21
34.383
 31
0.0
  0
LINE
  5
B54
330
1F
100
AcDbEntity
  8
AM_9
100
AcDbLine
 10
28.72200000000057
 20
43.501
 30
0.0
 11
14.986
 21
43.501
 31
0.0
  0
LINE
  5
B55
330
1F
100
AcDbEntity
  8
AM_9
100
AcDbLine
 10
28.78800000000001
 20
43.5
 30
0.0
 11
28.721
 21
43.5
 31
0.0
  0
LINE
  5
B56
330
1F
100
AcDbEntity
  8
AM_0
100
AcDbLine
 10
3.191000000000003
 20
4.791
 30
0.0
 11
3.125000000000003
 21
4.791
 31
0.0
  0
LINE
  5
B57
330
1F
100
AcDbEntity
  8
AM_0
100
AcDbLine
 10
3.191000000000003
 20
9.291
 30
0.0
 11
3.125000000000003
 21
9.291
 31
0.0
  0
LINE
  5
B58
330
1F
100
AcDbEntity
  8
AM_4
100
AcDbLine
 10
3.192000000000003
 20
9.29
 30
0.0
 11
3.192000000000003
 21
4.792
 31
0.0
  0
LINE
  5
B59
330
1F
100
AcDbEntity
  8
AM_9
100
AcDbLine
 10
2.046000000000004
 20
24.335
 30
0.0
 11
2.046000000000004
 21
9.47300000000046
 31
0.0
  0
LINE
  5
B5A
330
1F
100
AcDbEntity
  8
AM_9
100
AcDbLine
 10
2.044999999999992
 20
9.474
 30
0.0
 11
2.045000000000001
 21
9.467000000000002
 31
0.0
  0
LINE
  5
B5B
330
1F
100
AcDbEntity
  8
AM_0
100
AcDbLine
 10
2.046000000000004
 20
9.407
 30
0.0
 11
2.046000000000004
 21
9.472999999999862
 31
0.0
  0
LINE
  5
B5C
330
1F
100
AcDbEntity
  8
AM_0
100
AcDbLine
 10
-27.26
 20
9.407
 30
0.0
 11
-27.26
 21
9.473000000000152
 31
0.0
  0
LINE
  5
B5D
330
1F
100
AcDbEntity
  8
AM_0
100
AcDbLine
 10
2.045000000000001
 20
9.474
 30
0.0
 11
2.046000000000072
 21
9.47299999999993
 31
0.0
  0
LINE
  5
B5E
330
1F
100
AcDbEntity
  8
AM_4
100
AcDbLine
 10
2.045000000000003
 20
9.474000000000002
 30
0.0
 11
-27.25899999999998
 21
9.474000000000002
 31
0.0
  0
LINE
  5
B5F
330
1F
100
AcDbEntity
  8
AM_0
100
AcDbLine
 10
3.191000000000003
 20
9.291
 30
0.0
 11
3.191000000000003
 21
9.357
 31
0.0
  0
LINE
  5
B60
330
1F
100
AcDbEntity
  8
AM_0
100
AcDbLine
 10
11.125
 20
9.291
 30
0.0
 11
11.125
 21
9.357
 31
0.0
  0
LINE
  5
B61
330
1F
100
AcDbEntity
  8
AM_0
100
AcDbLine
 10
3.192
 20
9.289999999999996
 30
0.0
 11
3.190999999999999
 21
9.290999999999997
 31
0.0
  0
LINE
  5
B62
330
1F
100
AcDbEntity
  8
AM_4
100
AcDbLine
 10
11.124
 20
9.29
 30
0.0
 11
3.192000000000003
 21
9.29
 31
0.0
  0
LINE
  5
B63
330
1F
100
AcDbEntity
  8
AM_0
100
AcDbLine
 10
11.12500000000001
 20
9.290999999999999
 30
0.0
 11
11.124
 21
9.289999999999996
 31
0.0
  0
LINE
  5
B64
330
1F
100
AcDbEntity
  8
AM_9
100
AcDbLine
 10
-27.26
 20
24.335
 30
0.0
 11
-27.26
 21
9.472999999999876
 31
0.0
  0
LINE
  5
B65
330
1F
100
AcDbEntity
  8
AM_9
100
AcDbLine
 10
-27.26000000000006
 20
9.472999999999942
 30
0.0
 11
-27.259
 21
9.474
 31
0.0
  0
LINE
  5
B66
330
1F
100
AcDbEntity
  8
AM_9
100
AcDbLine
 10
-27.259
 20
9.474
 30
0.0
 11
-27.25899999999999
 21
9.467000000000002
 31
0.0
  0
LINE
  5
B67
330
1F
100
AcDbEntity
  8
AM_9
100
AcDbLine
 10
11.125
 20
9.291
 30
0.0
 11
11.125
 21
4.791
 31
0.0
  0
LINE
  5
B68
330
1F
100
AcDbEntity
  8
AM_4
100
AcDbLine
 10
29.735
 20
54.52
 30
0.0
 11
-29.735
 21
54.52
 31
0.0
  0
LINE
  5
B69
330
1F
100
AcDbEntity
  8
AM_4
100
AcDbLine
 10
29.735
 20
53.58708326112068
 30
0.0
 11
-29.735
 21
53.58708326112068
 31
0.0
  0
LINE
  5
B6A
330
1F
100
AcDbEntity
  8
AM_0
100
AcDbLine
 10
28.85400000000001
 20
43.533
 30
0.0
 11
14.986
 21
43.533
 31
0.0
  0
LINE
  5
B6B
330
1F
100
AcDbEntity
  8
AM_0
100
AcDbLine
 10
28.85400000000001
 20
43.567
 30
0.0
 11
14.986
 21
43.567
 31
0.0
  0
LINE
  5
B6C
330
1F
100
AcDbEntity
  8
AM_0
100
AcDbLine
 10
-13.828
 20
44.81499999999999
 30
0.0
 11
-21.692
 21
44.81499999999999
 31
0.0
  0
LINE
  5
B6D
330
1F
100
AcDbEntity
  8
AM_0
100
AcDbLine
 10
-13.828
 20
44.78099999999999
 30
0.0
 11
-21.692
 21
44.78099999999999
 31
0.0
  0
LINE
  5
B6E
330
1F
100
AcDbEntity
  8
AM_0
100
AcDbLine
 10
28.85400000000001
 20
43.567
 30
0.0
 11
28.85400000000001
 21
5.816999999999999
 31
0.0
  0
LINE
  5
B6F
330
1F
100
AcDbEntity
  8
AM_0
100
AcDbLine
 10
28.85400000000001
 20
5.816999999999999
 30
0.0
 11
14.986
 21
5.816999999999999
 31
0.0
  0
LINE
  5
B70
330
1F
100
AcDbEntity
  8
AM_0
100
AcDbLine
 10
28.85400000000001
 20
5.850999999999999
 30
0.0
 11
14.986
 21
5.850999999999999
 31
0.0
  0
LINE
  5
B71
330
1F
100
AcDbEntity
  8
AM_0
100
AcDbLine
 10
11.191
 20
9.291
 30
0.0
 11
11.191
 21
4.791
 31
0.0
  0
LINE
  5
B72
330
1F
100
AcDbEntity
  8
AM_0
100
AcDbLine
 10
11.157
 20
9.291
 30
0.0
 11
11.157
 21
4.791
 31
0.0
  0
LINE
  5
B73
330
1F
100
AcDbEntity
  8
AM_0
100
AcDbLine
 10
-16.368
 20
48.12700000000001
 30
0.0
 11
-22.732
 21
48.12700000000001
 31
0.0
  0
LINE
  5
B74
330
1F
100
AcDbEntity
  8
AM_0
100
AcDbLine
 10
-16.368
 20
48.161
 30
0.0
 11
-22.732
 21
48.161
 31
0.0
  0
LINE
  5
B75
330
1F
100
AcDbEntity
  8
AM_0
100
AcDbLine
 10
14.954
 20
43.501
 30
0.0
 11
14.954
 21
5.882999999999998
 31
0.0
  0
LINE
  5
B76
330
1F
100
AcDbEntity
  8
AM_0
100
AcDbLine
 10
14.92
 20
43.501
 30
0.0
 11
14.92
 21
5.882999999999998
 31
0.0
  0
LINE
  5
B77
330
1F
100
AcDbEntity
  8
AM_0
100
AcDbLine
 10
11.125
 20
9.322999999999999
 30
0.0
 11
3.191000000000003
 21
9.322999999999999
 31
0.0
  0
LINE
  5
B78
330
1F
100
AcDbEntity
  8
AM_0
100
AcDbLine
 10
11.125
 20
9.357
 30
0.0
 11
3.191000000000003
 21
9.357
 31
0.0
  0
LINE
  5
B79
330
1F
100
AcDbEntity
  8
AM_0
100
AcDbLine
 10
-16.3
 20
52.9855
 30
0.0
 11
-16.3
 21
48.1945
 31
0.0
  0
LINE
  5
B7A
330
1F
100
AcDbEntity
  8
AM_0
100
AcDbLine
 10
-16.334
 20
52.9855
 30
0.0
 11
-16.334
 21
48.1945
 31
0.0
  0
LINE
  5
B7B
330
1F
100
AcDbEntity
  8
AM_0
100
AcDbLine
 10
11.125
 20
4.725
 30
0.0
 11
3.191000000000003
 21
4.725
 31
0.0
  0
LINE
  5
B7C
330
1F
100
AcDbEntity
  8
AM_0
100
AcDbLine
 10
11.125
 20
4.758999999999999
 30
0.0
 11
3.191000000000003
 21
4.758999999999999
 31
0.0
  0
LINE
  5
B7D
330
1F
100
AcDbEntity
  8
AM_0
100
AcDbLine
 10
-16.368
 20
53.054
 30
0.0
 11
-22.732
 21
53.054
 31
0.0
  0
LINE
  5
B7E
330
1F
100
AcDbEntity
  8
AM_0
100
AcDbLine
 10
-22.732
 20
53.054
 30
0.0
 11
-22.732
 21
52.9855
 31
0.0
  0
LINE
  5
B7F
330
1F
100
AcDbEntity
  8
AM_0
100
AcDbLine
 10
-16.368
 20
53.02
 30
0.0
 11
-22.732
 21
53.02
 31
0.0
  0
LINE
  5
B80
330
1F
100
AcDbEntity
  8
AM_0
100
AcDbLine
 10
-16.368
 20
53.054
 30
0.0
 11
-16.368
 21
52.9855
 31
0.0
  0
LINE
  5
B81
330
1F
100
AcDbEntity
  8
AM_0
100
AcDbLine
 10
-13.76
 20
44.74699999999999
 30
0.0
 11
-13.76
 21
34.383
 31
0.0
  0
LINE
  5
B82
330
1F
100
AcDbEntity
  8
AM_0
100
AcDbLine
 10
-13.794
 20
44.74699999999999
 30
0.0
 11
-13.794
 21
34.383
 31
0.0
  0
LINE
  5
B83
330
1F
100
AcDbEntity
  8
AM_0
100
AcDbLine
 10
-13.828
 20
34.383
 30
0.0
 11
-13.76
 21
34.383
 31
0.0
  0
LINE
  5
B84
330
1F
100
AcDbEntity
  8
AM_0
100
AcDbLine
 10
-13.828
 20
44.74699999999999
 30
0.0
 11
-13.76
 21
44.74699999999999
 31
0.0
  0
LINE
  5
B85
330
1F
100
AcDbEntity
  8
AM_0
100
AcDbLine
 10
3.159000000000002
 20
9.291
 30
0.0
 11
3.159000000000002
 21
4.791
 31
0.0
  0
LINE
  5
B86
330
1F
100
AcDbEntity
  8
AM_0
100
AcDbLine
 10
3.125000000000003
 20
9.291
 30
0.0
 11
3.125000000000003
 21
4.791
 31
0.0
  0
LINE
  5
B87
330
1F
100
AcDbEntity
  8
AM_0
100
AcDbLine
 10
-21.75999999999999
 20
44.74699999999999
 30
0.0
 11
-21.75999999999999
 21
34.383
 31
0.0
  0
LINE
  5
B88
330
1F
100
AcDbEntity
  8
AM_0
100
AcDbLine
 10
-21.726
 20
44.74699999999999
 30
0.0
 11
-21.726
 21
34.383
 31
0.0
  0
LINE
  5
B89
330
1F
100
AcDbEntity
  8
AM_0
100
AcDbLine
 10
-13.828
 20
34.349
 30
0.0
 11
-21.692
 21
34.349
 31
0.0
  0
LINE
  5
B8A
330
1F
100
AcDbEntity
  8
AM_0
100
AcDbLine
 10
-13.828
 20
34.315
 30
0.0
 11
-21.692
 21
34.315
 31
0.0
  0
LINE
  5
B8B
330
1F
100
AcDbEntity
  8
AM_0
100
AcDbLine
 10
2.112000000000001
 20
24.335
 30
0.0
 11
2.112000000000001
 21
9.466999999999999
 31
0.0
  0
LINE
  5
B8C
330
1F
100
AcDbEntity
  8
AM_0
100
AcDbLine
 10
2.078000000000001
 20
24.335
 30
0.0
 11
2.078000000000001
 21
9.466999999999999
 31
0.0
  0
LINE
  5
B8D
330
1F
100
AcDbEntity
  8
AM_0
100
AcDbLine
 10
-27.32599999999999
 20
24.335
 30
0.0
 11
-27.32599999999999
 21
9.466999999999999
 31
0.0
  0
LINE
  5
B8E
330
1F
100
AcDbEntity
  8
AM_0
100
AcDbLine
 10
-27.29199999999999
 20
24.335
 30
0.0
 11
-27.29199999999999
 21
9.466999999999999
 31
0.0
  0
LINE
  5
B8F
330
1F
100
AcDbEntity
  8
AM_0
100
AcDbLine
 10
-22.79999999999999
 20
52.9855
 30
0.0
 11
-22.79999999999999
 21
48.1945
 31
0.0
  0
LINE
  5
B90
330
1F
100
AcDbEntity
  8
AM_0
100
AcDbLine
 10
-22.76599999999999
 20
52.9855
 30
0.0
 11
-22.76599999999999
 21
48.1945
 31
0.0
  0
LINE
  5
B91
330
1F
100
AcDbEntity
  8
AM_0
100
AcDbLine
 10
2.046000000000004
 20
9.407
 30
0.0
 11
-27.26
 21
9.407
 31
0.0
  0
LINE
  5
B92
330
1F
100
AcDbEntity
  8
AM_0
100
AcDbLine
 10
2.046000000000004
 20
9.441
 30
0.0
 11
-27.26
 21
9.441
 31
0.0
  0
LINE
  5
B93
330
1F
100
AcDbEntity
  8
AM_0
100
AcDbLine
 10
28.788
 20
43.501
 30
0.0
 11
28.788
 21
5.882999999999998
 31
0.0
  0
LINE
  5
B94
330
1F
100
AcDbEntity
  8
AM_0
100
AcDbLine
 10
28.754
 20
43.501
 30
0.0
 11
28.754
 21
5.882999999999998
 31
0.0
  0
LINE
  5
B95
330
1F
100
AcDbEntity
  8
AM_0
100
AcDbLine
 10
-27.26
 20
24.407
 30
0.0
 11
-27.26
 21
24.335
 31
0.0
  0
LINE
  5
B96
330
1F
100
AcDbEntity
  8
AM_0
100
AcDbLine
 10
2.046000000000004
 20
24.373
 30
0.0
 11
-27.26
 21
24.373
 31
0.0
  0
LINE
  5
B97
330
1F
100
AcDbEntity
  8
AM_0
100
AcDbLine
 10
2.046000000000004
 20
24.407
 30
0.0
 11
2.046000000000004
 21
24.335
 31
0.0
  0
LINE
  5
B98
330
1F
100
AcDbEntity
  8
AM_0
100
AcDbLine
 10
2.046000000000004
 20
24.407
 30
0.0
 11
-27.26
 21
24.407
 31
0.0
  0
LINE
  5
B99
330
1F
100
AcDbEntity
  8
AM_4
100
AcDbLine
 10
29.735
 20
53.56304163056034
 30
0.0
 11
-29.735
 21
53.56304163056034
 31
0.0
  0
LINE
  5
B9A
330
1F
100
AcDbEntity
  8
AM_0
100
AcDbLine
 10
-29.735
 20
55.3
 30
0.0
 11
-29.735
 21
53.27147308806542
 31
0.0
  0
LINE
  5
B9B
330
1F
100
AcDbEntity
  8
AM_0
100
AcDbLine
 10
29.735
 20
53.27147308806542
 30
0.0
 11
-29.735
 21
53.27147308806542
 31
0.0
  0
LINE
  5
B9C
330
1F
100
AcDbEntity
  8
AM_0
100
AcDbLine
 10
29.735
 20
55.3
 30
0.0
 11
29.735
 21
53.27147308806542
 31
0.0
  0
LINE
  5
B9D
330
1F
100
AcDbEntity
  8
AM_0
100
AcDbLine
 10
29.735
 20
53.304
 30
0.0
 11
-29.735
 21
53.304
 31
0.0
  0
CIRCLE
  5
B9E
330
1F
100
AcDbEntity
  8
AM_0
100
AcDbCircle
 10
23.056
 20
2.0
 30
0.0
 40
1.0
  0
CIRCLE
  5
B9F
330
1F
100
AcDbEntity
  8
AM_0
100
AcDbCircle
 10
26.05600000000001
 20
2.0
 30
0.0
 40
1.0
  0
CIRCLE
  5
BA0
330
1F
100
AcDbEntity
  8
AM_0
100
AcDbCircle
 10
-23.056
 20
2.0
 30
0.0
 40
1.0
  0
CIRCLE
  5
BA1
330
1F
100
AcDbEntity
  8
AM_0
100
AcDbCircle
 10
-26.056
 20
2.0
 30
0.0
 40
1.0
  0
LINE
  5
BA2
330
1F
100
AcDbEntity
  8
AM_0
100
AcDbLine
 10
-30.181
 20
0.0
 30
0.0
 11
30.181
 21
0.0
 31
0.0
  0
LINE
  5
BA3
330
1F
100
AcDbEntity
  8
AM_0
100
AcDbLine
 10
-30.181
 20
4.492
 30
0.0
 11
30.181
 21
4.492
 31
0.0
  0
LINE
  5
BA6
330
1F
100
AcDbEntity
  8
AM_7
100
AcDbLine
 10
5.234000000000004
 20
6.457
 30
0.0
 11
7.334000000000003
 21
6.457
 31
0.0
  0
LINE
  5
BA7
330
1F
100
AcDbEntity
  8
AM_7
100
AcDbLine
 10
6.284000000000003
 20
5.407
 30
0.0
 11
6.284000000000003
 21
7.507
 31
0.0
  0
LINE
  5
BA8
330
1F
100
AcDbEntity
  8
AM_7
100
AcDbLine
 10
22.006
 20
2.0
 30
0.0
 11
24.10600000000001
 21
2.0
 31
0.0
  0
LINE
  5
BA9
330
1F
100
AcDbEntity
  8
AM_7
100
AcDbLine
 10
23.056
 20
0.95
 30
0.0
 11
23.056
 21
3.05
 31
0.0
  0
LINE
  5
BAA
330
1F
100
AcDbEntity
  8
AM_7
100
AcDbLine
 10
25.00600000000001
 20
2.0
 30
0.0
 11
27.10600000000001
 21
2.0
 31
0.0
  0
LINE
  5
BAB
330
1F
100
AcDbEntity
  8
AM_7
100
AcDbLine
 10
26.05600000000001
 20
0.95
 30
0.0
 11
26.05600000000001
 21
3.05
 31
0.0
  0
LINE
  5
BAC
330
1F
100
AcDbEntity
  8
AM_7
100
AcDbLine
 10
-24.106
 20
2.0
 30
0.0
 11
-22.006
 21
2.0
 31
0.0
  0
LINE
  5
BAD
330
1F
100
AcDbEntity
  8
AM_7
100
AcDbLine
 10
-23.056
 20
0.95
 30
0.0
 11
-23.056
 21
3.05
 31
0.0
  0
LINE
  5
BAE
330
1F
100
AcDbEntity
  8
AM_7
100
AcDbLine
 10
-27.106
 20
2.0
 30
0.0
 11
-25.006
 21
2.0
 31
0.0
  0
LINE
  5
BAF
330
1F
100
AcDbEntity
  8
AM_7
100
AcDbLine
 10
-26.056
 20
0.95
 30
0.0
 11
-26.056
 21
3.05
 31
0.0
  0
LINE
  5
BB0
330
1F
100
AcDbEntity
  8
AM_7
100
AcDbLine
 10
6.252000000000002
 20
-6.599999999999999
 30
0.0
 11
6.252000000000002
 21
6.599999999999999
 31
0.0
  0
LINE
  5
BB1
330
1F
100
AcDbEntity
  8
AM_7
100
AcDbLine
 10
13.668
 20
54.35
 30
0.0
 11
13.668
 21
59.85
 31
0.0
  0
LINE
  5
BB2
330
1F
100
AcDbEntity
  8
AM_7
100
AcDbLine
 10
-13.668
 20
54.32735
 30
0.0
 11
-13.668
 21
60.32565
 31
0.0
  0
LINE
  5
BB3
330
1F
100
AcDbEntity
  8
AM_7
100
AcDbLine
 10
-21.6355
 20
5.667999999999999
 30
0.0
 11
-21.4045
 21
5.667999999999999
 31
0.0
  0
LINE
  5
BB4
330
1F
100
AcDbEntity
  8
AM_7
100
AcDbLine
 10
-21.52
 20
5.5525
 30
0.0
 11
-21.52
 21
5.783499999999998
 31
0.0
  0
LINE
  5
BB5
330
1F
100
AcDbEntity
  8
AM_7
100
AcDbLine
 10
-20.7455
 20
5.667999999999999
 30
0.0
 11
-20.5145
 21
5.667999999999999
 31
0.0
  0
LINE
  5
BB6
330
1F
100
AcDbEntity
  8
AM_7
100
AcDbLine
 10
-20.63
 20
5.5525
 30
0.0
 11
-20.63
 21
5.783499999999998
 31
0.0
  0
LINE
  5
BB7
330
1F
100
AcDbEntity
  8
AM_7
100
AcDbLine
 10
-23.6155
 20
5.667999999999999
 30
0.0
 11
-23.3845
 21
5.667999999999999
 31
0.0
  0
LINE
  5
BB8
330
1F
100
AcDbEntity
  8
AM_7
100
AcDbLine
 10
-23.5
 20
5.5525
 30
0.0
 11
-23.5
 21
5.783499999999998
 31
0.0
  0
POINT
  5
BBA
330
1F
100
AcDbEntity
  8
2d ConnectionPoints
100
AcDbPoint
 10
0.0
 20
0.0
 30
0.0
  0
POINT
  5
BBB
330
1F
100
AcDbEntity
  8
2d ConnectionPoints
100
AcDbPoint
 10
29.763
 20
27.3
 30
0.0
  0
POINT
  5
BBC
330
1F
100
AcDbEntity
  8
2d ConnectionPoints
100
AcDbPoint
 10
-29.763
 20
27.3
 30
0.0
  0
POINT
  5
BBD
330
1F
100
AcDbEntity
  8
2d ConnectionPoints
100
AcDbPoint
 10
0.0000000000000028
 20
27.3
 30
0.0
  0
POINT
  5
BBE
330
1F
100
AcDbEntity
  8
2d ConnectionPoints
100
AcDbPoint
 10
-0.0000000000000028
 20
27.3
 30
0.0
  0
POINT
  5
BBF
330
1F
100
AcDbEntity
  8
2d ConnectionPoints
100
AcDbPoint
 10
0.0
 20
54.6
 30
0.0
  0
POINT
  5
BC0
330
1F
100
AcDbEntity
  8
2d ConnectionPoints
100
AcDbPoint
 10
6.252000000000002
 20
5.226
 30
0.0
  0
POINT
  5
BC1
330
1F
100
AcDbEntity
  8
2d ConnectionPoints
100
AcDbPoint
 10
6.284000000000002
 20
6.457
 30
0.0
  0
POINT
  5
BC2
330
1F
100
AcDbEntity
  8
2d ConnectionPoints
100
AcDbPoint
 10
0.0
 20
54.6
 30
0.0
  0
POINT
  5
BC3
330
1F
100
AcDbEntity
  8
2d ConnectionPoints
100
AcDbPoint
 10
21.92
 20
24.75900000000001
 30
0.0
  0
POINT
  5
BC4
330
1F
100
AcDbEntity
  8
2d ConnectionPoints
100
AcDbPoint
 10
17.513
 20
5.829
 30
0.0
  0
POINT
  5
BC5
330
1F
100
AcDbEntity
  8
2d ConnectionPoints
100
AcDbPoint
 10
-12.60699999999999
 20
31.835
 30
0.0
  0
POINT
  5
BC6
330
1F
100
AcDbEntity
  8
2d ConnectionPoints
100
AcDbPoint
 10
-10.456
 20
5.829
 30
0.0
  0
ENDSEC
  0
SECTION
  2
OBJECTS
  0
DICTIONARY
  5
C
330
0
100
AcDbDictionary
281
     1
  3
ACAD_DETAILVIEWSTYLE
350
BCE
  3
ACAD_GROUP
350
D
  3
ACAD_LAYOUT
350
1A
  3
ACAD_MATERIAL
350
43
  3
ACAD_MLEADERSTYLE
350
5B
  3
ACAD_MLINESTYLE
350
17
  3
ACAD_PLOTSETTINGS
350
19
  3
ACAD_PLOTSTYLENAME
350
E
  3
ACAD_SCALELIST
350
47
  3
ACAD_SECTIONVIEWSTYLE
350
BCF
  3
ACAD_TABLESTYLE
350
59
  3
ACAD_VISUALSTYLE
350
2A
  3
ACDB_RECOMPOSE_DATA
350
BCB
  3
AcDbVariableDictionary
350
BC7
  0
SUN
  5
5D
330
29
100
AcDbSun
 90
        1
290
     0
 63
     7
421
 16777215
 40
1.0
291
     1
 91
  2455826
 92
 54000000
292
     0
 70
     2
 71
   256
280
     1
  0
DICTIONARY
  5
BCE
102
{ACAD_REACTORS
330
C
102
}
330
C
100
AcDbDictionary
281
     1
  0
DICTIONARY
  5
D
102
{ACAD_REACTORS
330
C
102
}
330
C
100
AcDbDictionary
281
     1
  0
DICTIONARY
  5
1A
102
{ACAD_REACTORS
330
C
102
}
330
C
100
AcDbDictionary
281
     1
  3
Layout1
350
1E
  3
Layout2
350
26
  3
Model
350
22
  0
DICTIONARY
  5
43
102
{ACAD_REACTORS
330
C
102
}
330
C
100
AcDbDictionary
281
     1
  3
ByBlock
350
45
  3
ByLayer
350
44
  3
Global
350
46
  0
DICTIONARY
  5
5B
102
{ACAD_REACTORS
330
C
102
}
330
C
100
AcDbDictionary
281
     1
  3
Standard
350
5C
  0
DICTIONARY
  5
17
102
{ACAD_REACTORS
330
C
102
}
330
C
100
AcDbDictionary
281
     1
  3
Standard
350
18
  0
DICTIONARY
  5
19
102
{ACAD_REACTORS
330
C
102
}
330
C
100
AcDbDictionary
281
     1
  0
ACDBDICTIONARYWDFLT
  5
E
102
{ACAD_REACTORS
330
C
102
}
330
C
100
AcDbDictionary
281
     1
  3
Normal
350
F
100
AcDbDictionaryWithDefault
340
F
  0
DICTIONARY
  5
47
102
{ACAD_REACTORS
330
C
102
}
330
C
100
AcDbDictionary
281
     1
  3
A0
350
48
  3
A1
350
49
  3
A2
350
4A
  3
A3
350
4B
  3
A4
350
4C
  3
A5
350
4D
  3
A6
350
4E
  3
A7
350
4F
  3
A8
350
50
  3
A9
350
51
  3
B1
350
52
  3
B2
350
53
  3
B3
350
54
  3
B4
350
55
  3
B5
350
56
  3
B6
350
57
  3
B7
350
58
  0
DICTIONARY
  5
BCF
102
{ACAD_REACTORS
330
C
102
}
330
C
100
AcDbDictionary
281
     1
  0
DICTIONARY
  5
59
102
{ACAD_REACTORS
330
C
102
}
330
C
100
AcDbDictionary
281
     1
  3
Standard
350
5A
  0
DICTIONARY
  5
2A
102
{ACAD_REACTORS
330
C
102
}
330
C
100
AcDbDictionary
281
     1
  3
2dWireframe
350
2F
  3
Basic
350
32
  3
Brighten
350
36
  3
ColorChange
350
3A
  3
Conceptual
350
34
  3
Dim
350
35
  3
EdgeColorOff
350
3D
  3
Facepattern
350
39
  3
Flat
350
2B
  3
FlatWithEdges
350
2C
  3
Gouraud
350
2D
  3
GouraudWithEdges
350
2E
  3
Hidden
350
31
  3
JitterOff
350
3B
  3
Linepattern
350
38
  3
OverhangOff
350
3C
  3
Realistic
350
33
  3
Shaded
350
42
  3
Shaded with edges
350
41
  3
Shades of Gray
350
3E
  3
Sketchy
350
3F
  3
Thicken
350
37
  3
Wireframe
350
30
  3
X-Ray
350
40
  0
XRECORD
  5
BCB
102
{ACAD_REACTORS
330
C
102
}
330
C
100
AcDbXrecord
280
     1
 90
        1
330
5A
  0
DICTIONARY
  5
BC7
102
{ACAD_REACTORS
330
C
102
}
330
C
100
AcDbDictionary
281
     1
  3
CANNOSCALE
350
BC8
  3
CMLEADERSTYLE
350
BCD
  3
CTABLESTYLE
350
BCC
  0
LAYOUT
  5
1E
102
{ACAD_REACTORS
330
1A
102
}
330
1A
100
AcDbPlotSettings
  1

  2
none_device
  4

  6

 40
0.0
 41
0.0
 42
0.0
 43
0.0
 44
0.0
 45
0.0
 46
0.0
 47
0.0
 48
0.0
 49
0.0
140
0.0
141
0.0
142
1.0
143
1.0
 70
   688
 72
     0
 73
     0
 74
     5
  7

 75
    16
 76
     0
 77
     2
 78
   300
147
1.0
148
0.0
149
0.0
100
AcDbLayout
  1
Layout1
 70
     1
 71
     1
 10
0.0
 20
0.0
 11
12.0
 21
9.0
 12
0.0
 22
0.0
 32
0.0
 14
1.000000000000000E+20
 24
1.000000000000000E+20
 34
1.000000000000000E+20
 15
-1.000000000000000E+20
 25
-1.000000000000000E+20
 35
-1.000000000000000E+20
146
0.0
 13
0.0
 23
0.0
 33
0.0
 16
1.0
 26
0.0
 36
0.0
 17
0.0
 27
1.0
 37
0.0
 76
     0
330
1B
  0
LAYOUT
  5
26
102
{ACAD_REACTORS
330
1A
102
}
330
1A
100
AcDbPlotSettings
  1

  2
none_device
  4

  6

 40
0.0
 41
0.0
 42
0.0
 43
0.0
 44
0.0
 45
0.0
 46
0.0
 47
0.0
 48
0.0
 49
0.0
140
0.0
141
0.0
142
1.0
143
1.0
 70
   688
 72
     0
 73
     0
 74
     5
  7

 75
    16
 76
     0
 77
     2
 78
   300
147
1.0
148
0.0
149
0.0
100
AcDbLayout
  1
Layout2
 70
     1
 71
     2
 10
0.0
 20
0.0
 11
0.0
 21
0.0
 12
0.0
 22
0.0
 32
0.0
 14
0.0
 24
0.0
 34
0.0
 15
0.0
 25
0.0
 35
0.0
146
0.0
 13
0.0
 23
0.0
 33
0.0
 16
1.0
 26
0.0
 36
0.0
 17
0.0
 27
1.0
 37
0.0
 76
     0
330
23
  0
LAYOUT
  5
22
102
{ACAD_REACTORS
330
1A
102
}
330
1A
100
AcDbPlotSettings
  1

  2
none_device
  4
Letter_(8.50_x_11.00_Inches)
  6

 40
6.35
 41
6.35
 42
6.35000508
 43
6.35000508
 44
215.9
 45
279.4
 46
0.0
 47
0.0
 48
0.0
 49
0.0
140
0.0
141
0.0
142
1.0
143
1.0
 70
  1712
 72
     0
 73
     0
 74
     0
  7

 75
     0
 76
     0
 77
     2
 78
   300
147
1.0
148
0.0
149
0.0
100
AcDbLayout
  1
Model
 70
     1
 71
     0
 10
0.0
 20
0.0
 11
12.0
 21
9.0
 12
0.0
 22
0.0
 32
0.0
 14
-30.4035
 24
-6.599999999999999
 34
0.0
 15
39.47148863899802
 25
60.83107372881356
 35
0.0
146
0.0
 13
0.0
 23
0.0
 33
0.0
 16
1.0
 26
0.0
 36
0.0
 17
0.0
 27
1.0
 37
0.0
 76
     0
330
1F
331
29
  0
MATERIAL
  5
45
102
{ACAD_REACTORS
330
43
102
}
330
43
100
AcDbMaterial
  1
ByBlock
 72
     1
 94
      127
  0
MATERIAL
  5
44
102
{ACAD_REACTORS
330
43
102
}
330
43
100
AcDbMaterial
  1
ByLayer
 72
     1
 94
      127
  0
MATERIAL
  5
46
102
{ACAD_REACTORS
330
43
102
}
330
43
100
AcDbMaterial
  1
Global
 72
     1
 94
      127
  0
MLEADERSTYLE
  5
5C
102
{ACAD_REACTORS
330
5B
102
}
330
5B
100
AcDbMLeaderStyle
179
     2
170
     2
171
     1
172
     0
 90
        2
 40
0.0
 41
0.0
173
     1
 91
-1056964608
340
14
 92
       -2
290
     1
 42
0.09
291
     1
 43
0.36
  3
Standard
341
0
 44
0.18
300

342
11
174
     1
178
     6
175
     1
176
     0
 93
-1056964608
 45
0.18
292
     0
297
     0
 46
0.18
343
0
 94
-1056964608
 47
1.0
 49
1.0
140
1.0
293
     1
141
0.0
294
     1
177
     0
142
1.0
295
     0
296
     0
143
0.125
271
     0
272
     9
273
     9
298
     0
  0
MLINESTYLE
  5
18
102
{ACAD_REACTORS
330
17
102
}
330
17
100
AcDbMlineStyle
  2
Standard
 70
     0
  3

 62
   256
 51
90.0
 52
90.0
 71
     2
 49
0.5
 62
   256
  6
BYLAYER
 49
-0.5
 62
   256
  6
BYLAYER
  0
ACDBPLACEHOLDER
  5
F
102
{ACAD_REACTORS
330
E
102
}
330
E
  0
SCALE
  5
48
102
{ACAD_REACTORS
330
47
102
}
330
47
100
AcDbScale
 70
     0
300
1:1
140
1.0
141
1.0
290
     1
  0
SCALE
  5
49
102
{ACAD_REACTORS
330
47
102
}
330
47
100
AcDbScale
 70
     0
300
1/128" = 1'-0"
140
0.0078125
141
12.0
290
     0
  0
SCALE
  5
4A
102
{ACAD_REACTORS
330
47
102
}
330
47
100
AcDbScale
 70
     0
300
1/64" = 1'-0"
140
0.015625
141
12.0
290
     0
  0
SCALE
  5
4B
102
{ACAD_REACTORS
330
47
102
}
330
47
100
AcDbScale
 70
     0
300
1/32" = 1'-0"
140
0.03125
141
12.0
290
     0
  0
SCALE
  5
4C
102
{ACAD_REACTORS
330
47
102
}
330
47
100
AcDbScale
 70
     0
300
1/16" = 1'-0"
140
0.0625
141
12.0
290
     0
  0
SCALE
  5
4D
102
{ACAD_REACTORS
330
47
102
}
330
47
100
AcDbScale
 70
     0
300
3/32" = 1'-0"
140
0.09375
141
12.0
290
     0
  0
SCALE
  5
4E
102
{ACAD_REACTORS
330
47
102
}
330
47
100
AcDbScale
 70
     0
300
1/8" = 1'-0"
140
0.125
141
12.0
290
     0
  0
SCALE
  5
4F
102
{ACAD_REACTORS
330
47
102
}
330
47
100
AcDbScale
 70
     0
300
3/16" = 1'-0"
140
0.1875
141
12.0
290
     0
  0
SCALE
  5
50
102
{ACAD_REACTORS
330
47
102
}
330
47
100
AcDbScale
 70
     0
300
1/4" = 1'-0"
140
0.25
141
12.0
290
     0
  0
SCALE
  5
51
102
{ACAD_REACTORS
330
47
102
}
330
47
100
AcDbScale
 70
     0
300
3/8" = 1'-0"
140
0.375
141
12.0
290
     0
  0
SCALE
  5
52
102
{ACAD_REACTORS
330
47
102
}
330
47
100
AcDbScale
 70
     0
300
1/2" = 1'-0"
140
0.5
141
12.0
290
     0
  0
SCALE
  5
53
102
{ACAD_REACTORS
330
47
102
}
330
47
100
AcDbScale
 70
     0
300
3/4" = 1'-0"
140
0.75
141
12.0
290
     0
  0
SCALE
  5
54
102
{ACAD_REACTORS
330
47
102
}
330
47
100
AcDbScale
 70
     0
300
1" = 1'-0"
140
1.0
141
12.0
290
     0
  0
SCALE
  5
55
102
{ACAD_REACTORS
330
47
102
}
330
47
100
AcDbScale
 70
     0
300
1-1/2" = 1'-0"
140
1.5
141
12.0
290
     0
  0
SCALE
  5
56
102
{ACAD_REACTORS
330
47
102
}
330
47
100
AcDbScale
 70
     0
300
3" = 1'-0"
140
3.0
141
12.0
290
     0
  0
SCALE
  5
57
102
{ACAD_REACTORS
330
47
102
}
330
47
100
AcDbScale
 70
     0
300
6" = 1'-0"
140
6.0
141
12.0
290
     0
  0
SCALE
  5
58
102
{ACAD_REACTORS
330
47
102
}
330
47
100
AcDbScale
 70
     0
300
1'-0" = 1'-0"
140
12.0
141
12.0
290
     0
  0
TABLESTYLE
  5
5A
102
{ACAD_REACTORS
330
59
102
}
102
{ACAD_XDICTIONARY
360
BC9
102
}
330
59
100
AcDbTableStyle
  3
Standard
 70
     0
 71
     0
 40
0.06
 41
0.06
280
     0
281
     0
  7
Standard
140
0.18
170
     2
 62
     0
 63
   257
283
     0
 90
        4
 91
        0
  1

274
    -2
284
     1
 64
     0
275
    -2
285
     1
 65
     0
276
    -2
286
     1
 66
     0
277
    -2
287
     1
 67
     0
278
    -2
288
     1
 68
     0
279
    -2
289
     1
 69
     0
  7
Standard
140
0.25
170
     5
 62
     0
 63
   257
283
     0
 90
        4
 91
        0
  1

274
    -2
284
     1
 64
     0
275
    -2
285
     1
 65
     0
276
    -2
286
     1
 66
     0
277
    -2
287
     1
 67
     0
278
    -2
288
     1
 68
     0
279
    -2
289
     1
 69
     0
  7
Standard
140
0.18
170
     5
 62
     0
 63
   257
283
     0
 90
        4
 91
        0
  1

274
    -2
284
     1
 64
     0
275
    -2
285
     1
 65
     0
276
    -2
286
     1
 66
     0
277
    -2
287
     1
 67
     0
278
    -2
288
     1
 68
     0
279
    -2
289
     1
 69
     0
  0
VISUALSTYLE
  5
2F
102
{ACAD_REACTORS
330
2A
102
}
330
2A
100
AcDbVisualStyle
  2
2dWireframe
 70
     4
177
     3
291
     0
 70
    58
 90
        0
176
     1
 90
        2
176
     1
 90
        0
176
     1
 90
        0
176
     1
 40
0.6
176
     1
 40
30.0
176
     1
 62
     7
420
 16777215
176
     1
 90
        1
176
     1
 90
        4
176
     1
 62
     7
176
     1
 62
   257
176
     1
 90
        1
176
     1
 90
        1
176
     1
 40
1.0
176
     1
 90
        0
176
     1
 62
   257
176
     1
 40
1.0
176
     1
 90
        1
176
     1
 90
        6
176
     1
 90
        2
176
     1
 62
     7
176
     1
 90
        5
176
     1
 90
        0
176
     1
 90
        0
176
     1
290
     0
176
     1
 90
        1
176
     1
 40
0.0
176
     1
 90
        0
176
     1
290
     1
176
     1
290
     1
176
     1
290
     0
176
     1
290
     0
176
     1
290
     0
176
     1
290
     0
176
     1
290
     0
176
     1
290
     0
176
     1
290
     0
176
     1
 90
       50
176
     1
 40
0.0
176
     1
 40
1.0
176
     1
 90
        0
176
     1
 62
    18
420
        0
176
     1
 90
       50
176
     1
 90
        3
176
     1
 62
     5
420
      255
176
     1
290
     0
176
     1
 90
       50
176
     1
 90
       50
176
     1
 90
       50
176
     1
290
     0
176
     1
 90
       50
176
     1
 62
   256
176
     0
 40
1.0
176
     0
 90
        2
176
     1
  1
strokes_ogs.tif
176
     1
290
     0
176
     1
 40
1.0
176
     1
 40
1.0
176
     1
  0
VISUALSTYLE
  5
32
102
{ACAD_REACTORS
330
2A
102
}
330
2A
100
AcDbVisualStyle
  2
Basic
 70
     7
177
     3
291
     1
 70
    58
 90
        1
176
     1
 90
        0
176
     1
 90
        1
176
     1
 90
        0
176
     1
 40
0.6
176
     1
 40
30.0
176
     1
 62
     7
420
 16777215
176
     1
 90
        0
176
     1
 90
        4
176
     1
 62
     7
176
     1
 62
   257
176
     1
 90
        1
176
     1
 90
        1
176
     1
 40
1.0
176
     1
 90
        8
176
     1
 62
     7
176
     1
 40
1.0
176
     1
 90
        1
176
     1
 90
        6
176
     1
 90
        2
176
     1
 62
     7
176
     1
 90
        5
176
     1
 90
        0
176
     1
 90
        0
176
     1
290
     0
176
     1
 90
        1
176
     1
 40
0.0
176
     1
 90
        0
176
     1
290
     0
176
     1
290
     1
176
     1
290
     1
176
     1
290
     0
176
     1
290
     0
176
     1
290
     0
176
     1
290
     0
176
     1
290
     0
176
     1
290
     0
176
     1
 90
       50
176
     1
 40
0.0
176
     1
 40
1.0
176
     1
 90
        0
176
     1
 62
    18
420
        0
176
     1
 90
       50
176
     1
 90
        3
176
     1
 62
     5
420
      255
176
     1
290
     0
176
     1
 90
       50
176
     1
 90
       50
176
     1
 90
       50
176
     1
290
     0
176
     1
 90
       50
176
     1
 62
   256
176
     0
 40
1.0
176
     0
 90
        2
176
     1
  1
strokes_ogs.tif
176
     1
290
     0
176
     1
 40
1.0
176
     1
 40
1.0
176
     1
  0
VISUALSTYLE
  5
36
102
{ACAD_REACTORS
330
2A
102
}
330
2A
100
AcDbVisualStyle
  2
Brighten
 70
    12
177
     3
291
     1
 70
    58
 90
        2
176
     1
 90
        2
176
     1
 90
        0
176
     1
 90
        0
176
     1
 40
0.6
176
     1
 40
30.0
176
     1
 62
     7
420
 16777215
176
     1
 90
        1
176
     1
 90
        4
176
     1
 62
     7
176
     1
 62
   257
176
     1
 90
        1
176
     1
 90
        1
176
     1
 40
1.0
176
     1
 90
        8
176
     1
 62
     7
176
     1
 40
1.0
176
     1
 90
        1
176
     1
 90
        6
176
     1
 90
        2
176
     1
 62
     7
176
     1
 90
        5
176
     1
 90
        0
176
     1
 90
        0
176
     1
290
     0
176
     1
 90
        1
176
     1
 40
50.0
176
     1
 90
        0
176
     1
290
     0
176
     1
290
     1
176
     1
290
     1
176
     1
290
     0
176
     1
290
     0
176
     1
290
     0
176
     1
290
     0
176
     1
290
     0
176
     1
290
     0
176
     1
 90
       50
176
     1
 40
0.0
176
     1
 40
1.0
176
     1
 90
        0
176
     1
 62
    18
420
        0
176
     1
 90
       50
176
     1
 90
        3
176
     1
 62
     5
420
      255
176
     1
290
     0
176
     1
 90
       50
176
     1
 90
       50
176
     1
 90
       50
176
     1
290
     0
176
     1
 90
       50
176
     1
 62
   256
176
     0
 40
1.0
176
     0
 90
        2
176
     1
  1
strokes_ogs.tif
176
     1
290
     0
176
     1
 40
1.0
176
     1
 40
1.0
176
     1
  0
VISUALSTYLE
  5
3A
102
{ACAD_REACTORS
330
2A
102
}
330
2A
100
AcDbVisualStyle
  2
ColorChange
 70
    16
177
     3
291
     1
 70
    58
 90
        2
176
     1
 90
        2
176
     1
 90
        3
176
     1
 90
        0
176
     1
 40
0.6
176
     1
 40
30.0
176
     1
 62
     8
420
  8421504
176
     1
 90
        1
176
     1
 90
        4
176
     1
 62
     7
176
     1
 62
   257
176
     1
 90
        1
176
     1
 90
        1
176
     1
 40
1.0
176
     1
 90
        8
176
     1
 62
     8
420
  8421504
176
     1
 40
1.0
176
     1
 90
        1
176
     1
 90
        6
176
     1
 90
        2
176
     1
 62
     7
176
     1
 90
        5
176
     1
 90
        0
176
     1
 90
        0
176
     1
290
     0
176
     1
 90
        1
176
     1
 40
0.0
176
     1
 90
        0
176
     1
290
     0
176
     1
290
     1
176
     1
290
     1
176
     1
290
     0
176
     1
290
     0
176
     1
290
     0
176
     1
290
     0
176
     1
290
     0
176
     1
290
     0
176
     1
 90
       50
176
     1
 40
0.0
176
     1
 40
1.0
176
     1
 90
        0
176
     1
 62
    18
420
        0
176
     1
 90
       50
176
     1
 90
        3
176
     1
 62
     5
420
      255
176
     1
290
     0
176
     1
 90
       50
176
     1
 90
       50
176
     1
 90
       50
176
     1
290
     0
176
     1
 90
       50
176
     1
 62
   256
176
     0
 40
1.0
176
     0
 90
        2
176
     1
  1
strokes_ogs.tif
176
     1
290
     0
176
     1
 40
1.0
176
     1
 40
1.0
176
     1
  0
VISUALSTYLE
  5
34
102
{ACAD_REACTORS
330
2A
102
}
330
2A
100
AcDbVisualStyle
  2
Conceptual
 70
     9
177
     3
291
     0
 70
    58
 90
        3
176
     1
 90
        2
176
     1
 90
        0
176
     1
 90
        0
176
     1
 40
0.6
176
     1
 40
30.0
176
     1
 62
     7
420
 16777215
176
     1
 90
        2
176
     1
 90
        2
176
     1
 62
     7
176
     1
 62
   257
176
     1
 90
        1
176
     1
 90
        1
176
     1
 40
179.0
176
     1
 90
        8
176
     1
 62
     7
176
     1
 40
1.0
176
     1
 90
        1
176
     1
 90
        6
176
     1
 90
        2
176
     1
 62
     7
176
     1
 90
        3
176
     1
 90
        0
176
     1
 90
        0
176
     1
290
     0
176
     1
 90
        1
176
     1
 40
0.0
176
     1
 90
        0
176
     1
290
     0
176
     1
290
     1
176
     1
290
     1
176
     1
290
     0
176
     1
290
     0
176
     1
290
     0
176
     1
290
     0
176
     1
290
     0
176
     1
290
     0
176
     1
 90
       50
176
     1
 40
0.0
176
     1
 40
1.0
176
     1
 90
        0
176
     1
 62
    18
420
        0
176
     1
 90
       50
176
     1
 90
        3
176
     1
 62
     5
420
      255
176
     1
290
     0
176
     1
 90
       50
176
     1
 90
       50
176
     1
 90
       50
176
     1
290
     0
176
     1
 90
       50
176
     1
 62
   256
176
     0
 40
1.0
176
     0
 90
        2
176
     1
  1
strokes_ogs.tif
176
     1
290
     0
176
     1
 40
1.0
176
     1
 40
1.0
176
     1
  0
VISUALSTYLE
  5
35
102
{ACAD_REACTORS
330
2A
102
}
330
2A
100
AcDbVisualStyle
  2
Dim
 70
    11
177
     3
291
     1
 70
    58
 90
        2
176
     1
 90
        2
176
     1
 90
        0
176
     1
 90
        0
176
     1
 40
0.6
176
     1
 40
30.0
176
     1
 62
     7
420
 16777215
176
     1
 90
        1
176
     1
 90
        4
176
     1
 62
     7
176
     1
 62
   257
176
     1
 90
        1
176
     1
 90
        1
176
     1
 40
1.0
176
     1
 90
        8
176
     1
 62
     7
176
     1
 40
1.0
176
     1
 90
        1
176
     1
 90
        6
176
     1
 90
        2
176
     1
 62
     7
176
     1
 90
        5
176
     1
 90
        0
176
     1
 90
        0
176
     1
290
     0
176
     1
 90
        1
176
     1
 40
-50.0
176
     1
 90
        0
176
     1
290
     0
176
     1
290
     1
176
     1
290
     1
176
     1
290
     0
176
     1
290
     0
176
     1
290
     0
176
     1
290
     0
176
     1
290
     0
176
     1
290
     0
176
     1
 90
       50
176
     1
 40
0.0
176
     1
 40
1.0
176
     1
 90
        0
176
     1
 62
    18
420
        0
176
     1
 90
       50
176
     1
 90
        3
176
     1
 62
     5
420
      255
176
     1
290
     0
176
     1
 90
       50
176
     1
 90
       50
176
     1
 90
       50
176
     1
290
     0
176
     1
 90
       50
176
     1
 62
   256
176
     0
 40
1.0
176
     0
 90
        2
176
     1
  1
strokes_ogs.tif
176
     1
290
     0
176
     1
 40
1.0
176
     1
 40
1.0
176
     1
  0
VISUALSTYLE
  5
3D
102
{ACAD_REACTORS
330
2A
102
}
330
2A
100
AcDbVisualStyle
  2
EdgeColorOff
 70
    22
177
     3
291
     1
 70
    58
 90
        2
176
     0
 90
        2
176
     0
 90
        0
176
     0
 90
        0
176
     0
 40
0.6
176
     0
 40
30.0
176
     0
 62
     7
420
 16777215
176
     0
 90
        1
176
     0
 90
        4
176
     0
 62
     7
176
     0
 62
   257
176
     0
 90
        1
176
     0
 90
        1
176
     0
 40
1.0
176
     0
 90
        8
176
     2
 62
     7
176
     0
 40
1.0
176
     0
 90
        1
176
     0
 90
        6
176
     0
 90
        2
176
     0
 62
     7
176
     0
 90
        5
176
     0
 90
        0
176
     0
 90
        0
176
     0
290
     0
176
     0
 90
        1
176
     0
 40
0.0
176
     0
 90
        0
176
     0
290
     0
176
     0
290
     1
176
     0
290
     1
176
     0
290
     0
176
     0
290
     0
176
     0
290
     0
176
     0
290
     0
176
     0
290
     0
176
     0
290
     0
176
     0
 90
       50
176
     0
 40
0.0
176
     0
 40
1.0
176
     0
 90
        0
176
     0
 62
    18
420
        0
176
     0
 90
       50
176
     0
 90
        3
176
     0
 62
     5
420
      255
176
     0
290
     0
176
     0
 90
       50
176
     0
 90
       50
176
     0
 90
       50
176
     0
290
     0
176
     0
 90
       50
176
     0
 62
   256
176
     0
 40
1.0
176
     0
 90
        2
176
     0
  1
strokes_ogs.tif
176
     0
290
     0
176
     0
 40
1.0
176
     0
 40
1.0
176
     0
  0
VISUALSTYLE
  5
39
102
{ACAD_REACTORS
330
2A
102
}
330
2A
100
AcDbVisualStyle
  2
Facepattern
 70
    15
177
     3
291
     1
 70
    58
 90
        2
176
     1
 90
        2
176
     1
 90
        0
176
     1
 90
        0
176
     1
 40
0.6
176
     1
 40
30.0
176
     1
 62
     7
420
 16777215
176
     1
 90
        1
176
     1
 90
        4
176
     1
 62
     7
176
     1
 62
   257
176
     1
 90
        1
176
     1
 90
        1
176
     1
 40
1.0
176
     1
 90
        8
176
     1
 62
     7
176
     1
 40
1.0
176
     1
 90
        1
176
     1
 90
        6
176
     1
 90
        2
176
     1
 62
     7
176
     1
 90
        5
176
     1
 90
        0
176
     1
 90
        0
176
     1
290
     0
176
     1
 90
        1
176
     1
 40
0.0
176
     1
 90
        0
176
     1
290
     0
176
     1
290
     1
176
     1
290
     1
176
     1
290
     0
176
     1
290
     0
176
     1
290
     0
176
     1
290
     0
176
     1
290
     0
176
     1
290
     0
176
     1
 90
       50
176
     1
 40
0.0
176
     1
 40
1.0
176
     1
 90
        0
176
     1
 62
    18
420
        0
176
     1
 90
       50
176
     1
 90
        3
176
     1
 62
     5
420
      255
176
     1
290
     0
176
     1
 90
       50
176
     1
 90
       50
176
     1
 90
       50
176
     1
290
     0
176
     1
 90
       50
176
     1
 62
   256
176
     0
 40
1.0
176
     0
 90
        2
176
     1
  1
strokes_ogs.tif
176
     1
290
     0
176
     1
 40
1.0
176
     1
 40
1.0
176
     1
  0
VISUALSTYLE
  5
2B
102
{ACAD_REACTORS
330
2A
102
}
330
2A
100
AcDbVisualStyle
  2
Flat
 70
     0
177
     3
291
     1
 70
    58
 90
        2
176
     1
 90
        1
176
     1
 90
        1
176
     1
 90
        2
176
     1
 40
0.6
176
     1
 40
30.0
176
     1
 62
     7
420
 16777215
176
     1
 90
        0
176
     1
 90
        0
176
     1
 62
     7
176
     1
 62
   257
176
     1
 90
        1
176
     1
 90
        1
176
     1
 40
1.0
176
     1
 90
        8
176
     1
 62
     7
176
     1
 40
1.0
176
     1
 90
        1
176
     1
 90
        6
176
     1
 90
        2
176
     1
 62
     7
176
     1
 90
        5
176
     1
 90
        0
176
     1
 90
        0
176
     1
290
     0
176
     1
 90
       13
176
     1
 40
0.0
176
     1
 90
        0
176
     1
290
     0
176
     1
290
     1
176
     1
290
     1
176
     1
290
     0
176
     1
290
     0
176
     1
290
     0
176
     1
290
     0
176
     1
290
     0
176
     1
290
     0
176
     1
 90
       50
176
     1
 40
0.0
176
     1
 40
1.0
176
     1
 90
        0
176
     1
 62
    18
420
        0
176
     1
 90
       50
176
     1
 90
        3
176
     1
 62
     5
420
      255
176
     1
290
     0
176
     1
 90
       50
176
     1
 90
       50
176
     1
 90
       50
176
     1
290
     0
176
     1
 90
       50
176
     1
 62
   256
176
     0
 40
1.0
176
     0
 90
        2
176
     1
  1
strokes_ogs.tif
176
     1
290
     0
176
     1
 40
1.0
176
     1
 40
1.0
176
     1
  0
VISUALSTYLE
  5
2C
102
{ACAD_REACTORS
330
2A
102
}
330
2A
100
AcDbVisualStyle
  2
FlatWithEdges
 70
     1
177
     3
291
     1
 70
    58
 90
        2
176
     1
 90
        1
176
     1
 90
        1
176
     1
 90
        2
176
     1
 40
0.6
176
     1
 40
30.0
176
     1
 62
     7
420
 16777215
176
     1
 90
        1
176
     1
 90
        0
176
     1
 62
     7
176
     1
 62
   257
176
     1
 90
        1
176
     1
 90
        1
176
     1
 40
1.0
176
     1
 90
        0
176
     1
 62
   257
176
     1
 40
1.0
176
     1
 90
        1
176
     1
 90
        6
176
     1
 90
        2
176
     1
 62
     7
176
     1
 90
        5
176
     1
 90
        0
176
     1
 90
        0
176
     1
290
     0
176
     1
 90
       13
176
     1
 40
0.0
176
     1
 90
        0
176
     1
290
     0
176
     1
290
     1
176
     1
290
     1
176
     1
290
     0
176
     1
290
     0
176
     1
290
     0
176
     1
290
     0
176
     1
290
     0
176
     1
290
     0
176
     1
 90
       50
176
     1
 40
0.0
176
     1
 40
1.0
176
     1
 90
        0
176
     1
 62
    18
420
        0
176
     1
 90
       50
176
     1
 90
        3
176
     1
 62
     5
420
      255
176
     1
290
     0
176
     1
 90
       50
176
     1
 90
       50
176
     1
 90
       50
176
     1
290
     0
176
     1
 90
       50
176
     1
 62
   256
176
     0
 40
1.0
176
     0
 90
        2
176
     1
  1
strokes_ogs.tif
176
     1
290
     0
176
     1
 40
1.0
176
     1
 40
1.0
176
     1
  0
VISUALSTYLE
  5
2D
102
{ACAD_REACTORS
330
2A
102
}
330
2A
100
AcDbVisualStyle
  2
Gouraud
 70
     2
177
     3
291
     1
 70
    58
 90
        2
176
     1
 90
        2
176
     1
 90
        1
176
     1
 90
        2
176
     1
 40
0.6
176
     1
 40
30.0
176
     1
 62
     7
420
 16777215
176
     1
 90
        0
176
     1
 90
        0
176
     1
 62
     7
176
     1
 62
   257
176
     1
 90
        1
176
     1
 90
        1
176
     1
 40
1.0
176
     1
 90
        0
176
     1
 62
     7
176
     1
 40
1.0
176
     1
 90
        1
176
     1
 90
        6
176
     1
 90
        2
176
     1
 62
     7
176
     1
 90
        5
176
     1
 90
        0
176
     1
 90
        0
176
     1
290
     0
176
     1
 90
       13
176
     1
 40
0.0
176
     1
 90
        0
176
     1
290
     0
176
     1
290
     1
176
     1
290
     1
176
     1
290
     0
176
     1
290
     0
176
     1
290
     0
176
     1
290
     0
176
     1
290
     0
176
     1
290
     0
176
     1
 90
       50
176
     1
 40
0.0
176
     1
 40
1.0
176
     1
 90
        0
176
     1
 62
    18
420
        0
176
     1
 90
       50
176
     1
 90
        3
176
     1
 62
     5
420
      255
176
     1
290
     0
176
     1
 90
       50
176
     1
 90
       50
176
     1
 90
       50
176
     1
290
     0
176
     1
 90
       50
176
     1
 62
   256
176
     0
 40
1.0
176
     0
 90
        2
176
     1
  1
strokes_ogs.tif
176
     1
290
     0
176
     1
 40
1.0
176
     1
 40
1.0
176
     1
  0
VISUALSTYLE
  5
2E
102
{ACAD_REACTORS
330
2A
102
}
330
2A
100
AcDbVisualStyle
  2
GouraudWithEdges
 70
     3
177
     3
291
     1
 70
    58
 90
        2
176
     1
 90
        2
176
     1
 90
        1
176
     1
 90
        2
176
     1
 40
0.6
176
     1
 40
30.0
176
     1
 62
     7
420
 16777215
176
     1
 90
        1
176
     1
 90
        0
176
     1
 62
     7
176
     1
 62
   257
176
     1
 90
        1
176
     1
 90
        1
176
     1
 40
1.0
176
     1
 90
        0
176
     1
 62
   257
176
     1
 40
1.0
176
     1
 90
        1
176
     1
 90
        6
176
     1
 90
        2
176
     1
 62
     7
176
     1
 90
        5
176
     1
 90
        0
176
     1
 90
        0
176
     1
290
     0
176
     1
 90
       13
176
     1
 40
0.0
176
     1
 90
        0
176
     1
290
     0
176
     1
290
     1
176
     1
290
     1
176
     1
290
     0
176
     1
290
     0
176
     1
290
     0
176
     1
290
     0
176
     1
290
     0
176
     1
290
     0
176
     1
 90
       50
176
     1
 40
0.0
176
     1
 40
1.0
176
     1
 90
        0
176
     1
 62
    18
420
        0
176
     1
 90
       50
176
     1
 90
        3
176
     1
 62
     5
420
      255
176
     1
290
     0
176
     1
 90
       50
176
     1
 90
       50
176
     1
 90
       50
176
     1
290
     0
176
     1
 90
       50
176
     1
 62
   256
176
     0
 40
1.0
176
     0
 90
        2
176
     1
  1
strokes_ogs.tif
176
     1
290
     0
176
     1
 40
1.0
176
     1
 40
1.0
176
     1
  0
VISUALSTYLE
  5
31
102
{ACAD_REACTORS
330
2A
102
}
330
2A
100
AcDbVisualStyle
  2
Hidden
 70
     6
177
     3
291
     0
 70
    58
 90
        1
176
     1
 90
        2
176
     1
 90
        2
176
     1
 90
        0
176
     1
 40
0.6
176
     1
 40
30.0
176
     1
 62
     7
420
 16777215
176
     1
 90
        2
176
     1
 90
        2
176
     1
 62
     7
176
     1
 62
   257
176
     1
 90
        2
176
     1
 90
        1
176
     1
 40
40.0
176
     1
 90
        0
176
     1
 62
   257
176
     1
 40
1.0
176
     1
 90
        1
176
     1
 90
        6
176
     1
 90
        2
176
     1
 62
     7
176
     1
 90
        3
176
     1
 90
        0
176
     1
 90
        0
176
     1
290
     0
176
     1
 90
        1
176
     1
 40
0.0
176
     1
 90
        0
176
     1
290
     0
176
     1
290
     1
176
     1
290
     1
176
     1
290
     0
176
     1
290
     0
176
     1
290
     0
176
     1
290
     0
176
     1
290
     0
176
     1
290
     0
176
     1
 90
       50
176
     1
 40
0.0
176
     1
 40
1.0
176
     1
 90
        0
176
     1
 62
    18
420
        0
176
     1
 90
       50
176
     1
 90
        3
176
     1
 62
     5
420
      255
176
     1
290
     0
176
     1
 90
       50
176
     1
 90
       50
176
     1
 90
       50
176
     1
290
     0
176
     1
 90
       50
176
     1
 62
   256
176
     0
 40
1.0
176
     0
 90
        2
176
     1
  1
strokes_ogs.tif
176
     1
290
     0
176
     1
 40
1.0
176
     1
 40
1.0
176
     1
  0
VISUALSTYLE
  5
3B
102
{ACAD_REACTORS
330
2A
102
}
330
2A
100
AcDbVisualStyle
  2
JitterOff
 70
    20
177
     3
291
     1
 70
    58
 90
        2
176
     0
 90
        2
176
     0
 90
        0
176
     0
 90
        0
176
     0
 40
0.6
176
     0
 40
30.0
176
     0
 62
     7
420
 16777215
176
     0
 90
        1
176
     0
 90
        4
176
     0
 62
     7
176
     0
 62
   257
176
     0
 90
        1
176
     0
 90
        1
176
     0
 40
1.0
176
     0
 90
       10
176
     2
 62
     7
176
     0
 40
1.0
176
     0
 90
        1
176
     0
 90
        6
176
     0
 90
        2
176
     0
 62
     7
176
     0
 90
        5
176
     0
 90
        0
176
     0
 90
        0
176
     0
290
     0
176
     0
 90
        1
176
     0
 40
0.0
176
     0
 90
        0
176
     0
290
     0
176
     0
290
     1
176
     0
290
     1
176
     0
290
     0
176
     0
290
     0
176
     0
290
     0
176
     0
290
     0
176
     0
290
     0
176
     0
290
     0
176
     0
 90
       50
176
     0
 40
0.0
176
     0
 40
1.0
176
     0
 90
        0
176
     0
 62
    18
420
        0
176
     0
 90
       50
176
     0
 90
        3
176
     0
 62
     5
420
      255
176
     0
290
     0
176
     0
 90
       50
176
     0
 90
       50
176
     0
 90
       50
176
     0
290
     0
176
     0
 90
       50
176
     0
 62
   256
176
     0
 40
1.0
176
     0
 90
        2
176
     0
  1
strokes_ogs.tif
176
     0
290
     0
176
     0
 40
1.0
176
     0
 40
1.0
176
     0
  0
VISUALSTYLE
  5
38
102
{ACAD_REACTORS
330
2A
102
}
330
2A
100
AcDbVisualStyle
  2
Linepattern
 70
    14
177
     3
291
     1
 70
    58
 90
        2
176
     1
 90
        2
176
     1
 90
        0
176
     1
 90
        0
176
     1
 40
0.6
176
     1
 40
30.0
176
     1
 62
     7
420
 16777215
176
     1
 90
        1
176
     1
 90
        4
176
     1
 62
     7
176
     1
 62
   257
176
     1
 90
        7
176
     1
 90
        7
176
     1
 40
1.0
176
     1
 90
        8
176
     1
 62
     7
176
     1
 40
1.0
176
     1
 90
        1
176
     1
 90
        6
176
     1
 90
        2
176
     1
 62
     7
176
     1
 90
        5
176
     1
 90
        0
176
     1
 90
        0
176
     1
290
     0
176
     1
 90
        1
176
     1
 40
0.0
176
     1
 90
        0
176
     1
290
     0
176
     1
290
     1
176
     1
290
     1
176
     1
290
     0
176
     1
290
     0
176
     1
290
     0
176
     1
290
     0
176
     1
290
     0
176
     1
290
     0
176
     1
 90
       50
176
     1
 40
0.0
176
     1
 40
1.0
176
     1
 90
        0
176
     1
 62
    18
420
        0
176
     1
 90
       50
176
     1
 90
        3
176
     1
 62
     5
420
      255
176
     1
290
     0
176
     1
 90
       50
176
     1
 90
       50
176
     1
 90
       50
176
     1
290
     0
176
     1
 90
       50
176
     1
 62
   256
176
     0
 40
1.0
176
     0
 90
        2
176
     1
  1
strokes_ogs.tif
176
     1
290
     0
176
     1
 40
1.0
176
     1
 40
1.0
176
     1
  0
VISUALSTYLE
  5
3C
102
{ACAD_REACTORS
330
2A
102
}
330
2A
100
AcDbVisualStyle
  2
OverhangOff
 70
    21
177
     3
291
     1
 70
    58
 90
        2
176
     0
 90
        2
176
     0
 90
        0
176
     0
 90
        0
176
     0
 40
0.6
176
     0
 40
30.0
176
     0
 62
     7
420
 16777215
176
     0
 90
        1
176
     0
 90
        4
176
     0
 62
     7
176
     0
 62
   257
176
     0
 90
        1
176
     0
 90
        1
176
     0
 40
1.0
176
     0
 90
        9
176
     2
 62
     7
176
     0
 40
1.0
176
     0
 90
        1
176
     0
 90
        6
176
     0
 90
        2
176
     0
 62
     7
176
     0
 90
        5
176
     0
 90
        0
176
     0
 90
        0
176
     0
290
     0
176
     0
 90
        1
176
     0
 40
0.0
176
     0
 90
        0
176
     0
290
     0
176
     0
290
     1
176
     0
290
     1
176
     0
290
     0
176
     0
290
     0
176
     0
290
     0
176
     0
290
     0
176
     0
290
     0
176
     0
290
     0
176
     0
 90
       50
176
     0
 40
0.0
176
     0
 40
1.0
176
     0
 90
        0
176
     0
 62
    18
420
        0
176
     0
 90
       50
176
     0
 90
        3
176
     0
 62
     5
420
      255
176
     0
290
     0
176
     0
 90
       50
176
     0
 90
       50
176
     0
 90
       50
176
     0
290
     0
176
     0
 90
       50
176
     0
 62
   256
176
     0
 40
1.0
176
     0
 90
        2
176
     0
  1
strokes_ogs.tif
176
     0
290
     0
176
     0
 40
1.0
176
     0
 40
1.0
176
     0
  0
VISUALSTYLE
  5
33
102
{ACAD_REACTORS
330
2A
102
}
330
2A
100
AcDbVisualStyle
  2
Realistic
 70
     8
177
     3
291
     0
 70
    58
 90
        2
176
     1
 90
        3
176
     1
 90
        0
176
     1
 90
        2
176
     1
 40
0.6
176
     1
 40
30.0
176
     1
 62
     7
420
 16777215
176
     1
 90
        0
176
     1
 90
        0
176
     1
 62
     7
176
     1
 62
   257
176
     1
 90
        1
176
     1
 90
        1
176
     1
 40
1.0
176
     1
 90
        8
176
     1
 62
   257
176
     1
 40
1.0
176
     1
 90
        1
176
     1
 90
        6
176
     1
 90
        2
176
     1
 62
     7
176
     1
 90
        3
176
     1
 90
        0
176
     1
 90
        0
176
     1
290
     0
176
     1
 90
       13
176
     1
 40
0.0
176
     1
 90
        0
176
     1
290
     0
176
     1
290
     1
176
     1
290
     1
176
     1
290
     0
176
     1
290
     0
176
     1
290
     0
176
     1
290
     0
176
     1
290
     0
176
     1
290
     0
176
     1
 90
       50
176
     1
 40
0.0
176
     1
 40
1.0
176
     1
 90
        0
176
     1
 62
    18
420
        0
176
     1
 90
       50
176
     1
 90
        3
176
     1
 62
     5
420
      255
176
     1
290
     0
176
     1
 90
       50
176
     1
 90
       50
176
     1
 90
       50
176
     1
290
     0
176
     1
 90
       50
176
     1
 62
   256
176
     0
 40
1.0
176
     0
 90
        2
176
     1
  1
strokes_ogs.tif
176
     1
290
     0
176
     1
 40
1.0
176
     1
 40
1.0
176
     1
  0
VISUALSTYLE
  5
42
102
{ACAD_REACTORS
330
2A
102
}
330
2A
100
AcDbVisualStyle
  2
Shaded
 70
    27
177
     3
291
     0
 70
    58
 90
        2
176
     1
 90
        2
176
     1
 90
        1
176
     1
 90
        2
176
     1
 40
0.6
176
     1
 40
30.0
176
     1
 62
     7
420
 16777215
176
     1
 90
        0
176
     1
 90
        4
176
     1
 62
     7
176
     1
 62
   257
176
     1
 90
        1
176
     1
 90
        1
176
     1
 40
1.0
176
     1
 90
        8
176
     1
 62
   257
176
     1
 40
1.0
176
     1
 90
        1
176
     1
 90
        6
176
     1
 90
        2
176
     1
 62
     8
420
  7895160
176
     1
 90
        3
176
     1
 90
        0
176
     1
 90
        0
176
     1
290
     0
176
     1
 90
        5
176
     1
 40
0.0
176
     1
 90
        0
176
     1
290
     0
176
     1
290
     1
176
     1
290
     1
176
     1
290
     0
176
     1
290
     0
176
     1
290
     0
176
     1
290
     0
176
     1
290
     0
176
     1
290
     0
176
     1
 90
       50
176
     1
 40
0.0
176
     1
 40
1.0
176
     1
 90
        0
176
     1
 62
    18
420
        0
176
     1
 90
       50
176
     1
 90
        3
176
     1
 62
     5
420
      255
176
     1
290
     0
176
     1
 90
       50
176
     1
 90
       50
176
     1
 90
       50
176
     1
290
     0
176
     1
 90
       50
176
     1
 62
   256
176
     0
 40
1.0
176
     0
 90
        2
176
     1
  1
strokes_ogs.tif
176
     1
290
     0
176
     1
 40
1.0
176
     1
 40
1.0
176
     1
  0
VISUALSTYLE
  5
41
102
{ACAD_REACTORS
330
2A
102
}
330
2A
100
AcDbVisualStyle
  2
Shaded with edges
 70
    26
177
     3
291
     0
 70
    58
 90
        2
176
     1
 90
        2
176
     1
 90
        1
176
     1
 90
        2
176
     1
 40
0.6
176
     1
 40
30.0
176
     1
 62
     7
420
 16777215
176
     1
 90
        1
176
     1
 90
       10
176
     1
 62
     7
176
     1
 62
   257
176
     1
 90
        2
176
     1
 90
        1
176
     1
 40
1.0
176
     1
 90
        8
176
     1
 62
   257
176
     1
 40
1.0
176
     1
 90
        1
176
     1
 90
        6
176
     1
 90
        2
176
     1
 62
     7
176
     1
 90
        3
176
     1
 90
        0
176
     1
 90
        0
176
     1
290
     0
176
     1
 90
        5
176
     1
 40
0.0
176
     1
 90
        0
176
     1
290
     0
176
     1
290
     1
176
     1
290
     1
176
     1
290
     0
176
     1
290
     0
176
     1
290
     0
176
     1
290
     0
176
     1
290
     0
176
     1
290
     0
176
     1
 90
       50
176
     1
 40
0.0
176
     1
 40
1.0
176
     1
 90
        0
176
     1
 62
    18
420
        0
176
     1
 90
       50
176
     1
 90
        3
176
     1
 62
     5
420
      255
176
     1
290
     0
176
     1
 90
       50
176
     1
 90
       50
176
     1
 90
       50
176
     1
290
     0
176
     1
 90
       50
176
     1
 62
   256
176
     0
 40
1.0
176
     0
 90
        2
176
     1
  1
strokes_ogs.tif
176
     1
290
     0
176
     1
 40
1.0
176
     1
 40
1.0
176
     1
  0
VISUALSTYLE
  5
3E
102
{ACAD_REACTORS
330
2A
102
}
330
2A
100
AcDbVisualStyle
  2
Shades of Gray
 70
    23
177
     3
291
     0
 70
    58
 90
        2
176
     1
 90
        2
176
     1
 90
        3
176
     1
 90
        0
176
     1
 40
0.6
176
     1
 40
30.0
176
     1
 62
     7
420
 16777215
176
     1
 90
        2
176
     1
 90
        2
176
     1
 62
     7
176
     1
 62
     7
176
     1
 90
        1
176
     1
 90
        1
176
     1
 40
40.0
176
     1
 90
        8
176
     1
 62
     7
176
     1
 40
1.0
176
     1
 90
        1
176
     1
 90
        6
176
     1
 90
        2
176
     1
 62
     7
176
     1
 90
        3
176
     1
 90
        0
176
     1
 90
        0
176
     1
290
     0
176
     1
 90
        1
176
     1
 40
0.0
176
     1
 90
        0
176
     1
290
     0
176
     1
290
     1
176
     1
290
     1
176
     1
290
     0
176
     1
290
     0
176
     1
290
     0
176
     1
290
     0
176
     1
290
     0
176
     1
290
     0
176
     1
 90
       50
176
     1
 40
0.0
176
     1
 40
1.0
176
     1
 90
        0
176
     1
 62
    18
420
        0
176
     1
 90
       50
176
     1
 90
        3
176
     1
 62
     5
420
      255
176
     1
290
     0
176
     1
 90
       50
176
     1
 90
       50
176
     1
 90
       50
176
     1
290
     0
176
     1
 90
       50
176
     1
 62
   256
176
     0
 40
1.0
176
     0
 90
        2
176
     1
  1
strokes_ogs.tif
176
     1
290
     0
176
     1
 40
1.0
176
     1
 40
1.0
176
     1
  0
VISUALSTYLE
  5
3F
102
{ACAD_REACTORS
330
2A
102
}
330
2A
100
AcDbVisualStyle
  2
Sketchy
 70
    24
177
     3
291
     0
 70
    58
 90
        1
176
     1
 90
        2
176
     1
 90
        2
176
     1
 90
        0
176
     1
 40
0.6
176
     1
 40
30.0
176
     1
 62
     7
420
 16777215
176
     1
 90
        2
176
     1
 90
        2
176
     1
 62
     7
176
     1
 62
     7
176
     1
 90
        1
176
     1
 90
        1
176
     1
 40
40.0
176
     1
 90
       11
176
     1
 62
     7
176
     1
 40
1.0
176
     1
 90
        1
176
     1
 90
        6
176
     1
 90
        2
176
     1
 62
     7
176
     1
 90
        6
176
     1
 90
        0
176
     1
 90
        0
176
     1
290
     0
176
     1
 90
        1
176
     1
 40
0.0
176
     1
 90
        0
176
     1
290
     0
176
     1
290
     1
176
     1
290
     1
176
     1
290
     0
176
     1
290
     0
176
     1
290
     0
176
     1
290
     0
176
     1
290
     0
176
     1
290
     0
176
     1
 90
       50
176
     1
 40
0.0
176
     1
 40
1.0
176
     1
 90
        0
176
     1
 62
    18
420
        0
176
     1
 90
       50
176
     1
 90
        3
176
     1
 62
     5
420
      255
176
     1
290
     0
176
     1
 90
       50
176
     1
 90
       50
176
     1
 90
       50
176
     1
290
     0
176
     1
 90
       50
176
     1
 62
   256
176
     0
 40
1.0
176
     0
 90
        2
176
     1
  1
strokes_ogs.tif
176
     1
290
     0
176
     1
 40
1.0
176
     1
 40
1.0
176
     1
  0
VISUALSTYLE
  5
37
102
{ACAD_REACTORS
330
2A
102
}
330
2A
100
AcDbVisualStyle
  2
Thicken
 70
    13
177
     3
291
     1
 70
    58
 90
        2
176
     1
 90
        2
176
     1
 90
        0
176
     1
 90
        0
176
     1
 40
0.6
176
     1
 40
30.0
176
     1
 62
     7
420
 16777215
176
     1
 90
        1
176
     1
 90
        4
176
     1
 62
     7
176
     1
 62
   257
176
     1
 90
        1
176
     1
 90
        1
176
     1
 40
1.0
176
     1
 90
       12
176
     1
 62
     7
176
     1
 40
1.0
176
     1
 90
        1
176
     1
 90
        6
176
     1
 90
        2
176
     1
 62
     7
176
     1
 90
        5
176
     1
 90
        0
176
     1
 90
        0
176
     1
290
     0
176
     1
 90
        1
176
     1
 40
0.0
176
     1
 90
        0
176
     1
290
     0
176
     1
290
     1
176
     1
290
     1
176
     1
290
     0
176
     1
290
     0
176
     1
290
     0
176
     1
290
     0
176
     1
290
     0
176
     1
290
     0
176
     1
 90
       50
176
     1
 40
0.0
176
     1
 40
1.0
176
     1
 90
        0
176
     1
 62
    18
420
        0
176
     1
 90
       50
176
     1
 90
        3
176
     1
 62
     5
420
      255
176
     1
290
     0
176
     1
 90
       50
176
     1
 90
       50
176
     1
 90
       50
176
     1
290
     0
176
     1
 90
       50
176
     1
 62
   256
176
     0
 40
1.0
176
     0
 90
        2
176
     1
  1
strokes_ogs.tif
176
     1
290
     0
176
     1
 40
1.0
176
     1
 40
1.0
176
     1
  0
VISUALSTYLE
  5
30
102
{ACAD_REACTORS
330
2A
102
}
330
2A
100
AcDbVisualStyle
  2
Wireframe
 70
     5
177
     3
291
     0
 70
    58
 90
        0
176
     1
 90
        2
176
     1
 90
        0
176
     1
 90
        0
176
     1
 40
0.6
176
     1
 40
30.0
176
     1
 62
     7
420
 16777215
176
     1
 90
        1
176
     1
 90
        4
176
     1
 62
     7
176
     1
 62
   257
176
     1
 90
        1
176
     1
 90
        1
176
     1
 40
1.0
176
     1
 90
        0
176
     1
 62
   257
176
     1
 40
1.0
176
     1
 90
        1
176
     1
 90
        6
176
     1
 90
        2
176
     1
 62
     7
176
     1
 90
        3
176
     1
 90
        0
176
     1
 90
        0
176
     1
290
     0
176
     1
 90
        1
176
     1
 40
0.0
176
     1
 90
        0
176
     1
290
     0
176
     1
290
     1
176
     1
290
     1
176
     1
290
     0
176
     1
290
     0
176
     1
290
     0
176
     1
290
     0
176
     1
290
     0
176
     1
290
     0
176
     1
 90
       50
176
     1
 40
0.0
176
     1
 40
1.0
176
     1
 90
        0
176
     1
 62
    18
420
        0
176
     1
 90
       50
176
     1
 90
        3
176
     1
 62
     5
420
      255
176
     1
290
     0
176
     1
 90
       50
176
     1
 90
       50
176
     1
 90
       50
176
     1
290
     0
176
     1
 90
       50
176
     1
 62
   256
176
     0
 40
1.0
176
     0
 90
        2
176
     1
  1
strokes_ogs.tif
176
     1
290
     0
176
     1
 40
1.0
176
     1
 40
1.0
176
     1
  0
VISUALSTYLE
  5
40
102
{ACAD_REACTORS
330
2A
102
}
330
2A
100
AcDbVisualStyle
  2
X-Ray
 70
    25
177
     3
291
     0
 70
    58
 90
        2
176
     1
 90
        2
176
     1
 90
        1
176
     1
 90
        1
176
     1
 40
0.5
176
     1
 40
30.0
176
     1
 62
     7
420
 16777215
176
     1
 90
        1
176
     1
 90
        0
176
     1
 62
     7
176
     1
 62
   257
176
     1
 90
        1
176
     1
 90
        1
176
     1
 40
1.0
176
     1
 90
        8
176
     1
 62
     7
176
     1
 40
1.0
176
     1
 90
        1
176
     1
 90
        6
176
     1
 90
        2
176
     1
 62
     7
176
     1
 90
        3
176
     1
 90
        0
176
     1
 90
        0
176
     1
290
     0
176
     1
 90
       13
176
     1
 40
0.0
176
     1
 90
        0
176
     1
290
     0
176
     1
290
     1
176
     1
290
     1
176
     1
290
     0
176
     1
290
     0
176
     1
290
     0
176
     1
290
     0
176
     1
290
     0
176
     1
290
     0
176
     1
 90
       50
176
     1
 40
0.0
176
     1
 40
1.0
176
     1
 90
        0
176
     1
 62
    18
420
        0
176
     1
 90
       50
176
     1
 90
        3
176
     1
 62
     5
420
      255
176
     1
290
     0
176
     1
 90
       50
176
     1
 90
       50
176
     1
 90
       50
176
     1
290
     0
176
     1
 90
       50
176
     1
 62
   256
176
     0
 40
1.0
176
     0
 90
        2
176
     1
  1
strokes_ogs.tif
176
     1
290
     0
176
     1
 40
1.0
176
     1
 40
1.0
176
     1
  0
DICTIONARYVAR
  5
BC8
102
{ACAD_REACTORS
330
BC7
102
}
330
BC7
100
DictionaryVariables
280
     0
  1
1:1
  0
DICTIONARYVAR
  5
BCD
102
{ACAD_REACTORS
330
BC7
102
}
330
BC7
100
DictionaryVariables
280
     0
  1
Standard
  0
DICTIONARYVAR
  5
BCC
102
{ACAD_REACTORS
330
BC7
102
}
330
BC7
100
DictionaryVariables
280
     0
  1
Standard
  0
DICTIONARY
  5
BC9
330
5A
100
AcDbDictionary
280
     1
281
     1
  3
ACAD_ROUNDTRIP_2008_TABLESTYLE_CELLSTYLEMAP
360
BCA
  0
CELLSTYLEMAP
  5
BCA
102
{ACAD_REACTORS
330
BC9
102
}
330
BC9
100
AcDbCellStyleMap
 90
        3
300
CELLSTYLE
  1
TABLEFORMAT_BEGIN
 90
        5
170
     1
 91
        0
 92
    32768
 62
   257
 93
        1
300
CONTENTFORMAT
  1
CONTENTFORMAT_BEGIN
 90
        0
 91
        0
 92
        4
 93
        0
300

 40
0.0
140
1.0
 94
        5
 62
     0
340
11
144
0.25
309
CONTENTFORMAT_END
171
     1
301
MARGIN
  1
CELLMARGIN_BEGIN
 40
0.06
 40
0.06
 40
0.06
 40
0.06
 40
0.06
 40
0.06
309
CELLMARGIN_END
 94
        6
 95
        1
302
GRIDFORMAT
  1
GRIDFORMAT_BEGIN
 90
        0
 91
        1
 62
     0
 92
       -2
340
14
 93
        0
 40
0.045
309
GRIDFORMAT_END
 95
        2
302
GRIDFORMAT
  1
GRIDFORMAT_BEGIN
 90
        0
 91
        1
 62
     0
 92
       -2
340
14
 93
        0
 40
0.045
309
GRIDFORMAT_END
 95
        4
302
GRIDFORMAT
  1
GRIDFORMAT_BEGIN
 90
        0
 91
        1
 62
     0
 92
       -2
340
14
 93
        0
 40
0.045
309
GRIDFORMAT_END
 95
        8
302
GRIDFORMAT
  1
GRIDFORMAT_BEGIN
 90
        0
 91
        1
 62
     0
 92
       -2
340
14
 93
        0
 40
0.045
309
GRIDFORMAT_END
 95
       16
302
GRIDFORMAT
  1
GRIDFORMAT_BEGIN
 90
        0
 91
        1
 62
     0
 92
       -2
340
14
 93
        0
 40
0.045
309
GRIDFORMAT_END
 95
       32
302
GRIDFORMAT
  1
GRIDFORMAT_BEGIN
 90
        0
 91
        1
 62
     0
 92
       -2
340
14
 93
        0
 40
0.045
309
GRIDFORMAT_END
309
TABLEFORMAT_END
  1
CELLSTYLE_BEGIN
 90
        1
 91
        1
300
_TITLE
309
CELLSTYLE_END
300
CELLSTYLE
  1
TABLEFORMAT_BEGIN
 90
        5
170
     1
 91
        0
 92
        0
 62
   257
 93
        1
300
CONTENTFORMAT
  1
CONTENTFORMAT_BEGIN
 90
        0
 91
        0
 92
        4
 93
        0
300

 40
0.0
140
1.0
 94
        5
 62
     0
340
11
144
0.18
309
CONTENTFORMAT_END
171
     1
301
MARGIN
  1
CELLMARGIN_BEGIN
 40
0.06
 40
0.06
 40
0.06
 40
0.06
 40
0.06
 40
0.06
309
CELLMARGIN_END
 94
        6
 95
        1
302
GRIDFORMAT
  1
GRIDFORMAT_BEGIN
 90
        0
 91
        1
 62
     0
 92
       -2
340
14
 93
        0
 40
0.045
309
GRIDFORMAT_END
 95
        2
302
GRIDFORMAT
  1
GRIDFORMAT_BEGIN
 90
        0
 91
        1
 62
     0
 92
       -2
340
14
 93
        0
 40
0.045
309
GRIDFORMAT_END
 95
        4
302
GRIDFORMAT
  1
GRIDFORMAT_BEGIN
 90
        0
 91
        1
 62
     0
 92
       -2
340
14
 93
        0
 40
0.045
309
GRIDFORMAT_END
 95
        8
302
GRIDFORMAT
  1
GRIDFORMAT_BEGIN
 90
        0
 91
        1
 62
     0
 92
       -2
340
14
 93
        0
 40
0.045
309
GRIDFORMAT_END
 95
       16
302
GRIDFORMAT
  1
GRIDFORMAT_BEGIN
 90
        0
 91
        1
 62
     0
 92
       -2
340
14
 93
        0
 40
0.045
309
GRIDFORMAT_END
 95
       32
302
GRIDFORMAT
  1
GRIDFORMAT_BEGIN
 90
        0
 91
        1
 62
     0
 92
       -2
340
14
 93
        0
 40
0.045
309
GRIDFORMAT_END
309
TABLEFORMAT_END
  1
CELLSTYLE_BEGIN
 90
        2
 91
        1
300
_HEADER
309
CELLSTYLE_END
300
CELLSTYLE
  1
TABLEFORMAT_BEGIN
 90
        5
170
     1
 91
        0
 92
        0
 62
   257
 93
        1
300
CONTENTFORMAT
  1
CONTENTFORMAT_BEGIN
 90
        0
 91
        0
 92
        4
 93
        0
300

 40
0.0
140
1.0
 94
        2
 62
     0
340
11
144
0.18
309
CONTENTFORMAT_END
171
     1
301
MARGIN
  1
CELLMARGIN_BEGIN
 40
0.06
 40
0.06
 40
0.06
 40
0.06
 40
0.06
 40
0.06
309
CELLMARGIN_END
 94
        6
 95
        1
302
GRIDFORMAT
  1
GRIDFORMAT_BEGIN
 90
        0
 91
        1
 62
     0
 92
       -2
340
14
 93
        0
 40
0.045
309
GRIDFORMAT_END
 95
        2
302
GRIDFORMAT
  1
GRIDFORMAT_BEGIN
 90
        0
 91
        1
 62
     0
 92
       -2
340
14
 93
        0
 40
0.045
309
GRIDFORMAT_END
 95
        4
302
GRIDFORMAT
  1
GRIDFORMAT_BEGIN
 90
        0
 91
        1
 62
     0
 92
       -2
340
14
 93
        0
 40
0.045
309
GRIDFORMAT_END
 95
        8
302
GRIDFORMAT
  1
GRIDFORMAT_BEGIN
 90
        0
 91
        1
 62
     0
 92
       -2
340
14
 93
        0
 40
0.045
309
GRIDFORMAT_END
 95
       16
302
GRIDFORMAT
  1
GRIDFORMAT_BEGIN
 90
        0
 91
        1
 62
     0
 92
       -2
340
14
 93
        0
 40
0.045
309
GRIDFORMAT_END
 95
       32
302
GRIDFORMAT
  1
GRIDFORMAT_BEGIN
 90
        0
 91
        1
 62
     0
 92
       -2
340
14
 93
        0
 40
0.045
309
GRIDFORMAT_END
309
TABLEFORMAT_END
  1
CELLSTYLE_BEGIN
 90
        3
 91
        2
300
_DATA
309
CELLSTYLE_END
  0
ENDSEC
  0
EOF
