  0
SECTION
  2
HEADER
  9
$ACADVER
  1
AC1027
  9
$ACADMAINTVER
 70
   105
  9
$DWGCODEPAGE
  3
ANSI_1252
  9
$COMMENTS
  1
File was created by Cadenas
  9
$LASTSAVEDBY
  1
psService
  9
$CUSTOMPROPERTYTAG
  1
NB
  9
$CUSTOMPROPERTY
  1
FFA12AVJU9
  9
$CUSTOMPROPERTYTAG
  1
NN
  9
$CUSTOMPROPERTY
  1
(R32) Air Conditioner Vista 2x2 Cassette FFA
  9
$CUSTOMPROPERTYTAG
  1
NT
  9
$CUSTOMPROPERTY
  1

  9
$CUSTOMPROPERTYTAG
  1
NBSYN
  9
$CUSTOMPROPERTY
  1
$PARTNUMBER.
  9
$CUSTOMPROPERTYTAG
  1
LINA
  9
$CUSTOMPROPERTY
  1
FFA12AVJU9
  9
$CUSTOMPROPERTYTAG
  1
CATALOG
  9
$CUSTOMPROPERTY
  1
Daikin
  9
$CUSTOMPROPERTYTAG
  1
PARTNUMBER
  9
$CUSTOMPROPERTY
  1
FFA12AVJU9
  9
$CUSTOMPROPERTYTAG
  1
DESCRIPTION
  9
$CUSTOMPROPERTY
  1
Ceiling Cassette
  9
$CUSTOMPROPERTYTAG
  1
OVERALL_DEPTH
  9
$CUSTOMPROPERTY
  1
24.4375
  9
$CUSTOMPROPERTYTAG
  1
OVERALL_HEIGHT
  9
$CUSTOMPROPERTY
  1
12.0625
  9
$CUSTOMPROPERTYTAG
  1
OVERALL_WIDTH
  9
$CUSTOMPROPERTY
  1
24.4375
  9
$CUSTOMPROPERTYTAG
  1
URL
  9
$CUSTOMPROPERTY
  1
https://daikincomfort.com/
  9
$CUSTOMPROPERTYTAG
  1
RFA_FAMILY
  9
$CUSTOMPROPERTY
  1
Download Revit Family (RFA)
  9
$CUSTOMPROPERTYTAG
  1
COMPANY
  9
$CUSTOMPROPERTY
  1
daikin
  9
$REQUIREDVERSIONS
160
                 0
  9
$INSBASE
 10
0.0
 20
0.0
 30
0.0
  9
$EXTMIN
 10
-310.356250000017
 20
-310.356249999992
 30
0.0
  9
$EXTMAX
 10
356.4044491525334
 20
310.8616737288246
 30
0.0
  9
$LIMMIN
 10
0.0
 20
0.0
  9
$LIMMAX
 10
420.0
 20
297.0
  9
$ORTHOMODE
 70
     0
  9
$REGENMODE
 70
     1
  9
$FILLMODE
 70
     1
  9
$QTEXTMODE
 70
     0
  9
$MIRRTEXT
 70
     1
  9
$LTSCALE
 40
1.0
  9
$ATTMODE
 70
     1
  9
$TEXTSIZE
 40
2.5
  9
$TRACEWID
 40
1.0
  9
$TEXTSTYLE
  7
Standard
  9
$CLAYER
  8
0
  9
$CELTYPE
  6
ByLayer
  9
$CECOLOR
 62
   256
  9
$CELTSCALE
 40
1.0
  9
$DISPSILH
 70
     0
  9
$DIMSCALE
 40
1.0
  9
$DIMASZ
 40
2.5
  9
$DIMEXO
 40
0.625
  9
$DIMDLI
 40
3.75
  9
$DIMRND
 40
0.0
  9
$DIMDLE
 40
0.0
  9
$DIMEXE
 40
1.25
  9
$DIMTP
 40
0.0
  9
$DIMTM
 40
0.0
  9
$DIMTXT
 40
2.5
  9
$DIMCEN
 40
2.5
  9
$DIMTSZ
 40
0.0
  9
$DIMTOL
 70
     0
  9
$DIMLIM
 70
     0
  9
$DIMTIH
 70
     0
  9
$DIMTOH
 70
     0
  9
$DIMSE1
 70
     0
  9
$DIMSE2
 70
     0
  9
$DIMTAD
 70
     1
  9
$DIMZIN
 70
     8
  9
$DIMBLK
  1

  9
$DIMASO
 70
     1
  9
$DIMSHO
 70
     1
  9
$DIMPOST
  1

  9
$DIMAPOST
  1

  9
$DIMALT
 70
     0
  9
$DIMALTD
 70
     3
  9
$DIMALTF
 40
0.03937007874016
  9
$DIMLFAC
 40
1.0
  9
$DIMTOFL
 70
     1
  9
$DIMTVP
 40
0.0
  9
$DIMTIX
 70
     0
  9
$DIMSOXD
 70
     0
  9
$DIMSAH
 70
     0
  9
$DIMBLK1
  1

  9
$DIMBLK2
  1

  9
$DIMSTYLE
  2
ISO-25
  9
$DIMCLRD
 70
     0
  9
$DIMCLRE
 70
     0
  9
$DIMCLRT
 70
     0
  9
$DIMTFAC
 40
1.0
  9
$DIMGAP
 40
0.625
  9
$DIMJUST
 70
     0
  9
$DIMSD1
 70
     0
  9
$DIMSD2
 70
     0
  9
$DIMTOLJ
 70
     0
  9
$DIMTZIN
 70
     8
  9
$DIMALTZ
 70
     0
  9
$DIMALTTZ
 70
     0
  9
$DIMUPT
 70
     0
  9
$DIMDEC
 70
     2
  9
$DIMTDEC
 70
     2
  9
$DIMALTU
 70
     2
  9
$DIMALTTD
 70
     3
  9
$DIMTXSTY
  7
Standard
  9
$DIMAUNIT
 70
     0
  9
$DIMADEC
 70
     0
  9
$DIMALTRND
 40
0.0
  9
$DIMAZIN
 70
     0
  9
$DIMDSEP
 70
    44
  9
$DIMATFIT
 70
     3
  9
$DIMFRAC
 70
     0
  9
$DIMLDRBLK
  1

  9
$DIMLUNIT
 70
     2
  9
$DIMLWD
 70
    -2
  9
$DIMLWE
 70
    -2
  9
$DIMTMOVE
 70
     0
  9
$DIMFXL
 40
1.0
  9
$DIMFXLON
 70
     0
  9
$DIMJOGANG
 40
0.7853981633974483
  9
$DIMTFILL
 70
     0
  9
$DIMTFILLCLR
 70
     0
  9
$DIMARCSYM
 70
     0
  9
$DIMLTYPE
  6

  9
$DIMLTEX1
  6

  9
$DIMLTEX2
  6

  9
$DIMTXTDIRECTION
 70
     0
  9
$LUNITS
 70
     2
  9
$LUPREC
 70
     4
  9
$SKETCHINC
 40
1.0
  9
$FILLETRAD
 40
0.0
  9
$AUNITS
 70
     0
  9
$AUPREC
 70
     0
  9
$MENU
  1
.
  9
$ELEVATION
 40
0.0
  9
$PELEVATION
 40
0.0
  9
$THICKNESS
 40
0.0
  9
$LIMCHECK
 70
     0
  9
$CHAMFERA
 40
0.0
  9
$CHAMFERB
 40
0.0
  9
$CHAMFERC
 40
0.0
  9
$CHAMFERD
 40
0.0
  9
$SKPOLY
 70
     0
  9
$TDCREATE
 40
2461256.386663241
  9
$TDUCREATE
 40
2461256.303329908
  9
$TDUPDATE
 40
2461256.386663415
  9
$TDUUPDATE
 40
2461256.303330081
  9
$TDINDWG
 40
0.0000000116
  9
$TDUSRTIMER
 40
0.0000000116
  9
$USRTIMER
 70
     1
  9
$ANGBASE
 50
0.0
  9
$ANGDIR
 70
     0
  9
$PDMODE
 70
     0
  9
$PDSIZE
 40
0.0
  9
$PLINEWID
 40
0.0
  9
$SPLFRAME
 70
     0
  9
$SPLINETYPE
 70
     6
  9
$SPLINESEGS
 70
     8
  9
$HANDSEED
  5
2ED
  9
$SURFTAB1
 70
     6
  9
$SURFTAB2
 70
     6
  9
$SURFTYPE
 70
     6
  9
$SURFU
 70
     6
  9
$SURFV
 70
     6
  9
$UCSBASE
  2

  9
$UCSNAME
  2

  9
$UCSORG
 10
0.0
 20
0.0
 30
0.0
  9
$UCSXDIR
 10
1.0
 20
0.0
 30
0.0
  9
$UCSYDIR
 10
0.0
 20
1.0
 30
0.0
  9
$UCSORTHOREF
  2

  9
$UCSORTHOVIEW
 70
     0
  9
$UCSORGTOP
 10
0.0
 20
0.0
 30
0.0
  9
$UCSORGBOTTOM
 10
0.0
 20
0.0
 30
0.0
  9
$UCSORGLEFT
 10
0.0
 20
0.0
 30
0.0
  9
$UCSORGRIGHT
 10
0.0
 20
0.0
 30
0.0
  9
$UCSORGFRONT
 10
0.0
 20
0.0
 30
0.0
  9
$UCSORGBACK
 10
0.0
 20
0.0
 30
0.0
  9
$PUCSBASE
  2

  9
$PUCSNAME
  2

  9
$PUCSORG
 10
0.0
 20
0.0
 30
0.0
  9
$PUCSXDIR
 10
1.0
 20
0.0
 30
0.0
  9
$PUCSYDIR
 10
0.0
 20
1.0
 30
0.0
  9
$PUCSORTHOREF
  2

  9
$PUCSORTHOVIEW
 70
     0
  9
$PUCSORGTOP
 10
0.0
 20
0.0
 30
0.0
  9
$PUCSORGBOTTOM
 10
0.0
 20
0.0
 30
0.0
  9
$PUCSORGLEFT
 10
0.0
 20
0.0
 30
0.0
  9
$PUCSORGRIGHT
 10
0.0
 20
0.0
 30
0.0
  9
$PUCSORGFRONT
 10
0.0
 20
0.0
 30
0.0
  9
$PUCSORGBACK
 10
0.0
 20
0.0
 30
0.0
  9
$USERI1
 70
     0
  9
$USERI2
 70
     0
  9
$USERI3
 70
     0
  9
$USERI4
 70
     0
  9
$USERI5
 70
     0
  9
$USERR1
 40
0.0
  9
$USERR2
 40
0.0
  9
$USERR3
 40
0.0
  9
$USERR4
 40
0.0
  9
$USERR5
 40
0.0
  9
$WORLDVIEW
 70
     1
  9
$SHADEDGE
 70
     3
  9
$SHADEDIF
 70
    70
  9
$TILEMODE
 70
     1
  9
$MAXACTVP
 70
    64
  9
$PINSBASE
 10
0.0
 20
0.0
 30
0.0
  9
$PLIMCHECK
 70
     0
  9
$PEXTMIN
 10
1.000000000000000E+20
 20
1.000000000000000E+20
 30
1.000000000000000E+20
  9
$PEXTMAX
 10
-1.000000000000000E+20
 20
-1.000000000000000E+20
 30
-1.000000000000000E+20
  9
$PLIMMIN
 10
0.0
 20
0.0
  9
$PLIMMAX
 10
420.0
 20
297.0
  9
$UNITMODE
 70
     0
  9
$VISRETAIN
 70
     1
  9
$PLINEGEN
 70
     0
  9
$PSLTSCALE
 70
     1
  9
$TREEDEPTH
 70
  3020
  9
$CMLSTYLE
  2
Standard
  9
$CMLJUST
 70
     0
  9
$CMLSCALE
 40
20.0
  9
$PROXYGRAPHICS
 70
     1
  9
$MEASUREMENT
 70
     1
  9
$CELWEIGHT
370
    -1
  9
$ENDCAPS
280
     0
  9
$JOINSTYLE
280
     0
  9
$LWDISPLAY
290
     0
  9
$INSUNITS
 70
     4
  9
$HYPERLINKBASE
  1

  9
$STYLESHEET
  1

  9
$XEDIT
290
     1
  9
$CEPSNTYPE
380
     0
  9
$PSTYLEMODE
290
     1
  9
$FINGERPRINTGUID
  2
{a1802eda-cbed-41ab-a097-7a3eeffc7a32}
  9
$VERSIONGUID
  2
{FAEB1C32-E019-11D5-929B-00C0DF256EC4}
  9
$EXTNAMES
290
     1
  9
$PSVPSCALE
 40
0.0
  9
$OLESTARTUP
290
     0
  9
$SORTENTS
280
   127
  9
$INDEXCTL
280
     0
  9
$HIDETEXT
280
     1
  9
$XCLIPFRAME
280
     2
  9
$HALOGAP
280
     0
  9
$OBSCOLOR
 70
   257
  9
$OBSLTYPE
280
     0
  9
$INTERSECTIONDISPLAY
280
     0
  9
$INTERSECTIONCOLOR
 70
   257
  9
$DIMASSOC
280
     2
  9
$PROJECTNAME
  1

  9
$CAMERADISPLAY
290
     0
  9
$LENSLENGTH
 40
50.0
  9
$CAMERAHEIGHT
 40
0.0
  9
$STEPSPERSEC
 40
2.0
  9
$STEPSIZE
 40
6.0
  9
$3DDWFPREC
 40
2.0
  9
$PSOLWIDTH
 40
5.0
  9
$PSOLHEIGHT
 40
80.0
  9
$LOFTANG1
 40
1.570796326794897
  9
$LOFTANG2
 40
1.570796326794897
  9
$LOFTMAG1
 40
0.0
  9
$LOFTMAG2
 40
0.0
  9
$LOFTPARAM
 70
     7
  9
$LOFTNORMALS
280
     1
  9
$LATITUDE
 40
37.795
  9
$LONGITUDE
 40
-122.394
  9
$NORTHDIRECTION
 40
0.0
  9
$TIMEZONE
 70
 -8000
  9
$LIGHTGLYPHDISPLAY
280
     1
  9
$TILEMODELIGHTSYNCH
280
     1
  9
$CMATERIAL
347
44
  9
$SOLIDHIST
280
     0
  9
$SHOWHIST
280
     1
  9
$DWFFRAME
280
     2
  9
$DGNFRAME
280
     2
  9
$REALWORLDSCALE
290
     1
  9
$INTERFERECOLOR
 62
   256
  9
$CSHADOW
280
     0
  9
$SHADOWPLANELOCATION
 40
0.0
  0
ENDSEC
  0
SECTION
  2
CLASSES
  0
CLASS
  1
ACDBDICTIONARYWDFLT
  2
AcDbDictionaryWithDefault
  3
ObjectDBX Classes
 90
        0
 91
        3
280
     0
281
     0
  0
CLASS
  1
VISUALSTYLE
  2
AcDbVisualStyle
  3
ObjectDBX Classes
 90
     4095
 91
        3
280
     0
281
     0
  0
CLASS
  1
MATERIAL
  2
AcDbMaterial
  3
ObjectDBX Classes
 90
     1153
 91
        3
280
     0
281
     0
  0
CLASS
  1
SCALE
  2
AcDbScale
  3
ObjectDBX Classes
 90
     1153
 91
        3
280
     0
281
     0
  0
CLASS
  1
TABLESTYLE
  2
AcDbTableStyle
  3
ObjectDBX Classes
 90
     4095
 91
        3
280
     0
281
     0
  0
CLASS
  1
MLEADERSTYLE
  2
AcDbMLeaderStyle
  3
ACDB_MLEADERSTYLE_CLASS
 90
     4095
 91
        3
280
     0
281
     0
  0
CLASS
  1
SUN
  2
AcDbSun
  3
SCENEOE
 90
     1153
 91
        3
280
     0
281
     0
  0
CLASS
  1
DICTIONARYVAR
  2
AcDbDictionaryVar
  3
ObjectDBX Classes
 90
        0
 91
        3
280
     0
281
     0
  0
CLASS
  1
CELLSTYLEMAP
  2
AcDbCellStyleMap
  3
ObjectDBX Classes
 90
     1152
 91
        3
280
     0
281
     0
  0
ENDSEC
  0
SECTION
  2
TABLES
  0
TABLE
  2
VPORT
  5
8
330
0
100
AcDbSymbolTable
 70
     1
  0
VPORT
  5
29
330
8
100
AcDbSymbolTableRecord
100
AcDbViewportTableRecord
  2
*Active
 70
     0
 10
0.0
 20
0.0
 11
1.0
 21
1.0
 12
23.06579449151235
 22
0.3016949152636812
 13
0.0
 23
0.0
 14
10.0
 24
10.0
 15
10.0
 25
10.0
 16
0.0
 26
0.0
 36
1.0
 17
0.0
 27
0.0
 37
0.0
 40
633.7422076271216
 41
1.073277055838644
 42
50.0
 43
0.0
 44
0.0
 50
0.0
 51
0.0
 71
     0
 72
   100
 73
     1
 74
     3
 75
     0
 76
     0
 77
     0
 78
     0
281
     0
 65
     1
110
0.0
120
0.0
130
0.0
111
1.0
121
0.0
131
0.0
112
0.0
122
1.0
132
0.0
 79
     0
146
0.0
348
2F
 60
     3
 61
     5
292
     1
282
     1
141
0.0
142
0.0
 63
   250
361
5D
  0
ENDTAB
  0
TABLE
  2
LTYPE
  5
5
330
0
100
AcDbSymbolTable
 70
     2
  0
LTYPE
  5
14
330
5
100
AcDbSymbolTableRecord
100
AcDbLinetypeTableRecord
  2
ByBlock
 70
     0
  3

 72
    65
 73
     0
 40
0.0
  0
LTYPE
  5
15
330
5
100
AcDbSymbolTableRecord
100
AcDbLinetypeTableRecord
  2
ByLayer
 70
     0
  3

 72
    65
 73
     0
 40
0.0
  0
LTYPE
  5
16
330
5
100
AcDbSymbolTableRecord
100
AcDbLinetypeTableRecord
  2
Continuous
 70
     0
  3
Solid line
 72
    65
 73
     0
 40
0.0
  0
LTYPE
  5
9D
330
5
100
AcDbSymbolTableRecord
100
AcDbLinetypeTableRecord
  2
Dashed
 70
     0
  3

 72
    65
 73
     2
 40
2.0
 49
1.0
 74
     0
 49
-1.0
 74
     0
  0
ENDTAB
  0
TABLE
  2
LAYER
  5
2
330
0
100
AcDbSymbolTable
 70
     4
  0
LAYER
  5
10
330
2
100
AcDbSymbolTableRecord
100
AcDbLayerTableRecord
  2
0
 70
     0
 62
     7
  6
Continuous
370
    -3
390
F
347
46
348
0
  0
LAYER
  5
5E
330
2
100
AcDbSymbolTableRecord
100
AcDbLayerTableRecord
  2
AM_6
 70
     0
 62
    -2
  6
Continuous
370
    35
390
F
347
46
348
0
  0
LAYER
  5
9E
330
2
100
AcDbSymbolTableRecord
100
AcDbLayerTableRecord
  2
AM_9
 70
     0
 62
     6
  6
Dashed
370
    25
390
F
347
46
348
0
  0
LAYER
  5
C7
330
2
100
AcDbSymbolTableRecord
100
AcDbLayerTableRecord
  2
AM_0
 70
     0
 62
     7
  6
Continuous
370
    50
390
F
347
46
348
0
  0
ENDTAB
  0
TABLE
  2
STYLE
  5
3
330
0
100
AcDbSymbolTable
 70
     1
  0
STYLE
  5
11
330
3
100
AcDbSymbolTableRecord
100
AcDbTextStyleTableRecord
  2
Standard
 70
     0
 40
0.0
 41
1.0
 50
0.0
 71
     0
 42
2.5
  3
txt
  4

  0
ENDTAB
  0
TABLE
  2
VIEW
  5
6
330
0
100
AcDbSymbolTable
 70
     0
  0
ENDTAB
  0
TABLE
  2
UCS
  5
7
330
0
100
AcDbSymbolTable
 70
     0
  0
ENDTAB
  0
TABLE
  2
APPID
  5
9
330
0
100
AcDbSymbolTable
 70
     1
  0
APPID
  5
12
330
9
100
AcDbSymbolTableRecord
100
AcDbRegAppTableRecord
  2
ACAD
 70
     0
  0
ENDTAB
  0
TABLE
  2
DIMSTYLE
  5
A
330
0
100
AcDbSymbolTable
 70
     1
100
AcDbDimStyleTable
  0
DIMSTYLE
105
27
330
A
100
AcDbSymbolTableRecord
100
AcDbDimStyleTableRecord
  2
ISO-25
 70
     0
 41
2.5
 42
0.625
 43
3.75
 44
1.25
 73
     0
 74
     0
 77
     1
 78
     8
140
2.5
141
2.5
143
0.03937007874016
147
0.625
171
     3
172
     1
178
     0
271
     2
272
     2
274
     3
278
    44
283
     0
284
     8
340
11
  0
ENDTAB
  0
TABLE
  2
BLOCK_RECORD
  5
1
330
0
100
AcDbSymbolTable
 70
    16
  0
BLOCK_RECORD
  5
1F
330
1
100
AcDbSymbolTableRecord
100
AcDbBlockTableRecord
  2
*Model_Space
340
22
 70
     0
280
     1
281
     0
  0
BLOCK_RECORD
  5
1B
330
1
100
AcDbSymbolTableRecord
100
AcDbBlockTableRecord
  2
*Paper_Space
340
1E
 70
     0
280
     1
281
     0
  0
BLOCK_RECORD
  5
23
330
1
100
AcDbSymbolTableRecord
100
AcDbBlockTableRecord
  2
*Paper_Space0
340
26
 70
     0
280
     1
281
     0
  0
BLOCK_RECORD
  5
7C
330
1
100
AcDbSymbolTableRecord
100
AcDbBlockTableRecord
  2
1_FFA12AVJU9_PART15_0_in_FFA12AVJU9_4
340
0
102
{BLKREFS
331
7D
102
}
 70
     0
280
     1
281
     0
  0
BLOCK_RECORD
  5
A3
330
1
100
AcDbSymbolTableRecord
100
AcDbBlockTableRecord
  2
2_FFA12AVJU9_PART14_0_in_FFA12AVJU9_4
340
0
102
{BLKREFS
331
A4
102
}
 70
     0
280
     1
281
     0
  0
BLOCK_RECORD
  5
CB
330
1
100
AcDbSymbolTableRecord
100
AcDbBlockTableRecord
  2
3_FFA12AVJU9_PART13_0_in_FFA12AVJU9_4
340
0
102
{BLKREFS
331
CC
102
}
 70
     0
280
     1
281
     0
  0
BLOCK_RECORD
  5
F2
330
1
100
AcDbSymbolTableRecord
100
AcDbBlockTableRecord
  2
4_FFA12AVJU9_PART12_0_in_FFA12AVJU9_4
340
0
102
{BLKREFS
331
F3
102
}
 70
     0
280
     1
281
     0
  0
BLOCK_RECORD
  5
116
330
1
100
AcDbSymbolTableRecord
100
AcDbBlockTableRecord
  2
5_FFA12AVJU9_PART11_0_in_FFA12AVJU9_4
340
0
102
{BLKREFS
331
117
102
}
 70
     0
280
     1
281
     0
  0
BLOCK_RECORD
  5
140
330
1
100
AcDbSymbolTableRecord
100
AcDbBlockTableRecord
  2
6_FFA12AVJU9_PART10_0_in_FFA12AVJU9_4
340
0
102
{BLKREFS
331
141
102
}
 70
     0
280
     1
281
     0
  0
BLOCK_RECORD
  5
189
330
1
100
AcDbSymbolTableRecord
100
AcDbBlockTableRecord
  2
7_FFA12AVJU9_PART9_0_in_FFA12AVJU9_4
340
0
102
{BLKREFS
331
18A
102
}
 70
     0
280
     1
281
     0
  0
BLOCK_RECORD
  5
1AE
330
1
100
AcDbSymbolTableRecord
100
AcDbBlockTableRecord
  2
8_FFA12AVJU9_PART8_0_in_FFA12AVJU9_4
340
0
102
{BLKREFS
331
1AF
102
}
 70
     0
280
     1
281
     0
  0
BLOCK_RECORD
  5
1D6
330
1
100
AcDbSymbolTableRecord
100
AcDbBlockTableRecord
  2
9_FFA12AVJU9_PART7_0_in_FFA12AVJU9_4
340
0
102
{BLKREFS
331
1D7
102
}
 70
     0
280
     1
281
     0
  0
BLOCK_RECORD
  5
1FB
330
1
100
AcDbSymbolTableRecord
100
AcDbBlockTableRecord
  2
10_FFA12AVJU9_PART6_0_in_FFA12AVJU9_4
340
0
102
{BLKREFS
331
1FC
102
}
 70
     0
280
     1
281
     0
  0
BLOCK_RECORD
  5
223
330
1
100
AcDbSymbolTableRecord
100
AcDbBlockTableRecord
  2
11_FFA12AVJU9_PART5_0_in_FFA12AVJU9_4
340
0
102
{BLKREFS
331
224
102
}
 70
     0
280
     1
281
     0
  0
BLOCK_RECORD
  5
248
330
1
100
AcDbSymbolTableRecord
100
AcDbBlockTableRecord
  2
12_FFA12AVJU9_PART4_0_in_FFA12AVJU9_4
340
0
102
{BLKREFS
331
249
102
}
 70
     0
280
     1
281
     0
  0
BLOCK_RECORD
  5
270
330
1
100
AcDbSymbolTableRecord
100
AcDbBlockTableRecord
  2
13_FFA12AVJU9_PART3_0_in_FFA12AVJU9_4
340
0
102
{BLKREFS
331
271
102
}
 70
     0
280
     1
281
     0
  0
BLOCK_RECORD
  5
295
330
1
100
AcDbSymbolTableRecord
100
AcDbBlockTableRecord
  2
14_FFA12AVJU9_PART2_0_in_FFA12AVJU9_4
340
0
102
{BLKREFS
331
296
102
}
 70
     0
280
     1
281
     0
  0
BLOCK_RECORD
  5
2BD
330
1
100
AcDbSymbolTableRecord
100
AcDbBlockTableRecord
  2
15_FFA12AVJU9_PART1_0_in_FFA12AVJU9_4
340
0
102
{BLKREFS
331
2BE
102
}
 70
     0
280
     1
281
     0
  0
ENDTAB
  0
ENDSEC
  0
SECTION
  2
BLOCKS
  0
BLOCK
  5
20
330
1F
100
AcDbEntity
  8
0
100
AcDbBlockBegin
  2
*Model_Space
 70
     2
 10
0.0
 20
0.0
 30
0.0
  3
*Model_Space
  1

  0
ENDBLK
  5
21
330
1F
100
AcDbEntity
  8
0
100
AcDbBlockEnd
  0
BLOCK
  5
1C
330
1B
100
AcDbEntity
 67
     1
  8
0
100
AcDbBlockBegin
  2
*Paper_Space
 70
     0
 10
0.0
 20
0.0
 30
0.0
  3
*Paper_Space
  1

  0
ENDBLK
  5
1D
330
1B
100
AcDbEntity
 67
     1
  8
0
100
AcDbBlockEnd
  0
BLOCK
  5
24
330
23
100
AcDbEntity
  8
0
100
AcDbBlockBegin
  2
*Paper_Space0
 70
     0
 10
0.0
 20
0.0
 30
0.0
  3
*Paper_Space0
  1

  0
ENDBLK
  5
25
330
23
100
AcDbEntity
  8
0
100
AcDbBlockEnd
  0
BLOCK
  5
7E
330
7C
100
AcDbEntity
  8
0
100
AcDbBlockBegin
  2
1_FFA12AVJU9_PART15_0_in_FFA12AVJU9_4
 70
     2
 10
0.0
 20
0.0
 30
0.0
  3
1_FFA12AVJU9_PART15_0_in_FFA12AVJU9_4
  1

  0
ATTDEF
  5
80
330
7C
100
AcDbEntity
  8
AM_6
100
AcDbText
 10
305.037499999991
 20
208.359375000012
 30
0.0
 40
0.5
  1
FFA12AVJU9_PART15
100
AcDbAttributeDefinition
  3

  2
NB
 70
     8
280
     0
  0
ATTDEF
  5
81
330
7C
100
AcDbEntity
  8
AM_6
100
AcDbText
 10
305.037499999991
 20
207.859375000012
 30
0.0
 40
0.5
  1

100
AcDbAttributeDefinition
  3

  2
NN
 70
     8
280
     0
  0
ATTDEF
  5
82
330
7C
100
AcDbEntity
  8
AM_6
100
AcDbText
 10
305.037499999991
 20
207.359375000012
 30
0.0
 40
0.5
  1

100
AcDbAttributeDefinition
  3

  2
NT
 70
     8
280
     0
  0
ATTDEF
  5
83
330
7C
100
AcDbEntity
  8
AM_6
100
AcDbText
 10
305.037499999991
 20
206.859375000012
 30
0.0
 40
0.5
  1
$PARTNUMBER._PART15
100
AcDbAttributeDefinition
  3

  2
NBSYN
 70
     8
280
     0
  0
ATTDEF
  5
84
330
7C
100
AcDbEntity
  8
AM_6
100
AcDbText
 10
305.037499999991
 20
206.359375000012
 30
0.0
 40
0.5
  1
FFA12AVJU9_PART15
100
AcDbAttributeDefinition
  3

  2
LINA
 70
     8
280
     0
  0
ATTDEF
  5
85
330
7C
100
AcDbEntity
  8
AM_6
100
AcDbText
 10
305.037499999991
 20
205.859375000012
 30
0.0
 40
0.5
  1
Daikin
100
AcDbAttributeDefinition
  3

  2
CATALOG
 70
     8
280
     0
  0
ATTDEF
  5
86
330
7C
100
AcDbEntity
  8
AM_6
100
AcDbText
 10
305.037499999991
 20
205.359375000012
 30
0.0
 40
0.5
  1
FFA12AVJU9
100
AcDbAttributeDefinition
  3

  2
PARTNUMBER
 70
     8
280
     0
  0
ATTDEF
  5
87
330
7C
100
AcDbEntity
  8
AM_6
100
AcDbText
 10
305.037499999991
 20
204.859375000012
 30
0.0
 40
0.5
  1
Ceiling Cassette
100
AcDbAttributeDefinition
  3

  2
DESCRIPTION
 70
     8
280
     0
  0
ATTDEF
  5
88
330
7C
100
AcDbEntity
  8
AM_6
100
AcDbText
 10
305.037499999991
 20
204.359375000012
 30
0.0
 40
0.5
  1
24.4375
100
AcDbAttributeDefinition
  3

  2
OVERALL_DEPTH
 70
     8
280
     0
  0
ATTDEF
  5
89
330
7C
100
AcDbEntity
  8
AM_6
100
AcDbText
 10
305.037499999991
 20
203.859375000012
 30
0.0
 40
0.5
  1
12.0625
100
AcDbAttributeDefinition
  3

  2
OVERALL_HEIGHT
 70
     8
280
     0
  0
ATTDEF
  5
8A
330
7C
100
AcDbEntity
  8
AM_6
100
AcDbText
 10
305.037499999991
 20
203.359375000012
 30
0.0
 40
0.5
  1
24.4375
100
AcDbAttributeDefinition
  3

  2
OVERALL_WIDTH
 70
     8
280
     0
  0
ATTDEF
  5
8B
330
7C
100
AcDbEntity
  8
AM_6
100
AcDbText
 10
305.037499999991
 20
202.859375000012
 30
0.0
 40
0.5
  1
https://daikincomfort.com/
100
AcDbAttributeDefinition
  3

  2
URL
 70
     8
280
     0
  0
ATTDEF
  5
8C
330
7C
100
AcDbEntity
  8
AM_6
100
AcDbText
 10
305.037499999991
 20
202.359375000012
 30
0.0
 40
0.5
  1
Download Revit Family (RFA)
100
AcDbAttributeDefinition
  3

  2
RFA_FAMILY
 70
     8
280
     0
  0
ATTDEF
  5
8D
330
7C
100
AcDbEntity
  8
AM_6
100
AcDbText
 10
305.037499999991
 20
201.859375000012
 30
0.0
 40
0.5
  1
daikin
100
AcDbAttributeDefinition
  3

  2
COMPANY
 70
     8
280
     0
  0
ATTDEF
  5
8E
330
7C
100
AcDbEntity
  8
AM_6
100
AcDbText
 10
305.037499999991
 20
201.359375000012
 30
0.0
 40
0.5
  1
{$CADENAS_DATA/23d-libs/daikin/single20zone20systems/single20zone20indoor20units/28r322920air20conditioner20vista202x220cassette20ffa.prj},232 {VTYP=3D},{NB=FFA12AVJU9_PART15},{LINA=FFA12AVJU9_PART15},{NN=(R32) Air Conditioner Vista 2x2 Cassette FFA
100
AcDbAttributeDefinition
  3

  2
PSOL_0
 70
     9
280
     0
  0
ATTDEF
  5
8F
330
7C
100
AcDbEntity
  8
AM_6
100
AcDbText
 10
305.037499999991
 20
200.859375000012
 30
0.0
 40
0.5
  1
5},{NOPRJ=TRUE},{DATE=29.07.2026 16:04:46},{GEOMDATE=08.07.2026 12:36:00},{VERSION=},{LINEID=20},{WBVAR=},{WBNUMERIC=}  {NB=FFA12AVJU9_PART15},{LINA=FFA12AVJU9_PART15},{KT=DUMMY},{PARTNUMBER=FFA12AVJU9},{PARTNUMBERHELP=1Ton_FFA12AVJU9},{ACTUAL_SOUND
100
AcDbAttributeDefinition
  3

  2
PSOL_1
 70
     9
280
     0
  0
ATTDEF
  5
90
330
7C
100
AcDbEntity
  8
AM_6
100
AcDbText
 10
305.037499999991
 20
200.359375000012
 30
0.0
 40
0.5
  1
URE__DBA_=30},{APPARENT_POWER=3504},{ASSEMBLY_CODE=D3090100},{CATEGORY=Mechanical Equipment},{CEILING_CLEARANCE_OFFSET=5},{CEILING_OPENING_SPACE_WIDTH=1.921875},{CLEARANCE_VISIBILITY=1},{CONDENSATE_DRAIN_CONNECTION_DIAMETER=1.03125},{CONDENSATE_DRAI
100
AcDbAttributeDefinition
  3

  2
PSOL_2
 70
     9
280
     0
  0
ATTDEF
  5
91
330
7C
100
AcDbEntity
  8
AM_6
100
AcDbText
 10
305.037499999991
 20
199.859375000012
 30
0.0
 40
0.5
  1
_HORIZONTAL_OFFSET=0.640625},{CONDENSATE_DRAIN_PIPE_LENGTH=0.984375},{CONDENSATE_DRAIN_PIPE_RADIUS=0.04296875},{CONDENSATE_DRAIN_PIPE_VERTICAL_OFFSET=0.723958333333333},{COOLING_MODE=1},{COST=0},{DECORATION_PANEL_DEPTH=2.03645833333333},{DECORATION_
100
AcDbAttributeDefinition
  3

  2
PSOL_3
 70
     9
280
     0
  0
ATTDEF
  5
92
330
7C
100
AcDbEntity
  8
AM_6
100
AcDbText
 10
305.037499999991
 20
199.359375000012
 30
0.0
 40
0.5
  1
HEIGHT=0.0260416666666667},{DECORATION_PANEL_WIDTH=2.03645833333333},{DEFAULT_ELEVATION=0},{DESCRIPTION=Ceiling Cassette},{DRAIN_FLOW=0},{ENCLOSURE_DEPTH=1.88541666666667},{ENCLOSURE_FLANGE_OFFSET=0.0833333333333333},{ENCLOSURE_HEIGHT=0.854166666666
100
AcDbAttributeDefinition
  3

  2
PSOL_4
 70
     9
280
     0
  0
ATTDEF
  5
93
330
7C
100
AcDbEntity
  8
AM_6
100
AcDbText
 10
305.037499999991
 20
198.859375000012
 30
0.0
 40
0.5
  1
ENCLOSURE_MINIMUM_HEIGHT_CLEARANCE=0.984375},{ENCLOSURE_WIDTH=1.88541666666667},{FAN_TYPE=Propeller},{FREQUENCY=60},{GAS_PIPE_HORIZONTAL_OFFSET=0.692708333333333},{GAS_PIPE_LENGTH=1.05208333333333},{GAS_PIPE_RADIUS=0.015625},{GAS_PIPE_VERTICAL_OFFSE
100
AcDbAttributeDefinition
  3

  2
PSOL_5
 70
     9
280
     0
  0
ATTDEF
  5
94
330
7C
100
AcDbEntity
  8
AM_6
100
AcDbText
 10
305.037499999991
 20
198.359375000012
 30
0.0
 40
0.5
  1
0416666666667},{HEATING_MODE=0},{KNOCK_HOLE_DIAMETER=0.328125},{KNOCK_HOLE_RADIUS=0.1640625},{LATENT_COOLING_CAPACITY=0},{LIQUID_PIPE_HORIZONTAL_OFFSET=0.5625},{LIQUID_PIPE_LENGTH=1.13020833333333},{LIQUID_PIPE_RADIUS=0.0104166666666667},{LIQUID_PIP
100
AcDbAttributeDefinition
  3

  2
PSOL_6
 70
     9
280
     0
  0
ATTDEF
  5
95
330
7C
100
AcDbEntity
  8
AM_6
100
AcDbText
 10
305.037499999991
 20
197.859375000012
 30
0.0
 40
0.5
  1
ICAL_OFFSET=0.635416666666667},{LOAD_SUB_CLASSIFICATION_MOTOR=1},{MANUFACTURER=Daikin},{MASSUNIT=1},{MAXIMUM_OVERCURRENT_PROTECTION=15},{MINIMUM_CIRCUIT_AMPS=14.6},{MINIMUM_FLOOR_CLEARANCE=8.16666666666667},{MINIMUM_OBSTACLE_CLEARANCE=5},{NO_OBSTACL
100
AcDbAttributeDefinition
  3

  2
PSOL_7
 70
     9
280
     0
  0
ATTDEF
  5
96
330
7C
100
AcDbEntity
  8
AM_6
100
AcDbText
 10
305.037499999991
 20
197.359375000012
 30
0.0
 40
0.5
  1
OW_UNIT=1},{NOMINAL_COOLING_CAPACITY=10800},{NOMINAL_COOLING_CAPACITY__TONS_=1},{NOMINAL_HEATING_CAPACITY=13500},{NUMBER_OF_POLES=2},{OBSTACLES_BELOW_UNIT=0},{OMNICLASS_NUMBER=23.75.10.24.21.27},{OMNICLASS_TITLE=Unitary Air Conditioning Equipment},{
100
AcDbAttributeDefinition
  3

  2
PSOL_8
 70
     9
280
     0
  0
ATTDEF
  5
97
330
7C
100
AcDbEntity
  8
AM_6
100
AcDbText
 10
305.037499999991
 20
196.859375000012
 30
0.0
 40
0.5
  1
R_INTAKE_H_OFFSET=0.489583333333333},{OUT_AIR_INTAKE_RADIUS=0.0009765625},{OUT_AIR_INTAKE_V_OFFSET=0.729166666666667},{OUTDOOR_AIR_INTAKE=0},{OVERALL_DEPTH=24.4375},{OVERALL_HEIGHT=12.0625},{OVERALL_WIDTH=24.4375},{PANEL_SPACER_HEIGHT=0.125},{PARTTY
100
AcDbAttributeDefinition
  3

  2
PSOL_9
 70
     9
280
     0
  0
ATTDEF
  5
98
330
7C
100
AcDbEntity
  8
AM_6
100
AcDbText
 10
305.037499999991
 20
196.359375000012
 30
0.0
 40
0.5
  1
mal},{PHASE=1},{PRODUCT_PAGE_URL=https://daikincomfort.com/products/heating-cooling/single-split-ductless/heat-pumps/vista-ceiling-cassette},{REFRIGERANT_LIQUID_CONNECTION_DIAMETER=0.25},{REFRIGERANT_SUCTION_GAS_CONNECTION_DIAMETER=0.375},{REFRIGERA
100
AcDbAttributeDefinition
  3

  2
PSOL_10
 70
     9
280
     0
  0
ATTDEF
  5
99
330
7C
100
AcDbEntity
  8
AM_6
100
AcDbText
 10
305.037499999991
 20
195.859375000012
 30
0.0
 40
0.5
  1
D=R-32},{SENSIBLE_COOLING_CAPACITY=0},{SERIES=Vista},{SOUND_PRESSURE_LEVEL_COOLING_H_SPEED_DBA=39},{SOUND_PRESSURE_LEVEL_COOLING_L_SPEED_DBA=30},{SOUND_PRESSURE_LEVEL_COOLING_M_SPEED_DBA=36},{SOUND_PRESSURE_LEVEL_HEATING_H_SPEED_DBA=39},{SOUND_PRESS
100
AcDbAttributeDefinition
  3

  2
PSOL_11
 70
     9
280
     0
  0
ATTDEF
  5
9A
330
7C
100
AcDbEntity
  8
AM_6
100
AcDbText
 10
305.037499999991
 20
195.359375000012
 30
0.0
 40
0.5
  1
VEL_HEATING_L_SPEED_DBA=30},{SOUND_PRESSURE_LEVEL_HEATING_M_SPEED_DBA=36},{SYSTEM_PERFORMANCE_EER2=11.5},{SYSTEM_PERFORMANCE_HSPF2=9.0},{SYSTEM_PERFORMANCE_SEER2=19.5},{TOTAL_COOLING_CAPACITY=0},{TOTAL_HEATING_CAPACITY=0},{UNIT_HEIGHT_CLEARANCE=8.16
100
AcDbAttributeDefinition
  3

  2
PSOL_12
 70
     9
280
     0
  0
ATTDEF
  5
9B
330
7C
100
AcDbEntity
  8
AM_6
100
AcDbText
 10
305.037499999991
 20
194.859375000012
 30
0.0
 40
0.5
  1
666667},{UNIT_WEIGHT=35.2},{URL=https://daikincomfort.com/},{VERSION=1},{VOLTAGE=240},{VOLTAGE_COMMENTS=208 VAC - 230 VAC},{VAR___FAN_SPEED_SELECTOR=1},{VAR__LOW_FAN_SPEED=1},{VAR__MEDIUM_FAN_SPEED=0},{VAR__HIGH_FAN_SPEED=0},{RFA_FAMILY=Download Rev
100
AcDbAttributeDefinition
  3

  2
PSOL_13
 70
     9
280
     0
  0
ATTDEF
  5
9C
330
7C
100
AcDbEntity
  8
AM_6
100
AcDbText
 10
305.037499999991
 20
194.359375000012
 30
0.0
 40
0.5
  1
ily (RFA)},{DEFAULTSORTATTR=5},{RFA_FAMILY_=../../_pool_/e5/33/air_conditioner-vista-daikin-ffa.zip},{RFA_FAMILY_ENG=../../_pool_/e5/33/air_conditioner-vista-daikin-ffa.zip},{REVIT_FAMILY_DOWNLOAD=../../_pool_/e5/33/air_conditioner-vista-daikin-ffa.
100
AcDbAttributeDefinition
  3

  2
PSOL_14
 70
     9
280
     0
  0
LINE
  5
9F
330
7C
100
AcDbEntity
  8
AM_9
100
AcDbLine
 10
300.037499999991
 20
208.359375000012
 30
0.0
 11
300.037499999991
 21
182.165625000012
 31
0.0
  0
LINE
  5
A0
330
7C
100
AcDbEntity
  8
AM_9
100
AcDbLine
 10
-0.0000000000062603
 20
182.165625000012
 30
0.0
 11
300.037499999991
 21
182.165625000012
 31
0.0
  0
LINE
  5
A1
330
7C
100
AcDbEntity
  8
AM_9
100
AcDbLine
 10
300.037499999991
 20
208.359375000012
 30
0.0
 11
-0.0000000000062728
 21
208.359375000012
 31
0.0
  0
LINE
  5
A2
330
7C
100
AcDbEntity
  8
AM_9
100
AcDbLine
 10
-0.0000000000062603
 20
182.165625000012
 30
0.0
 11
-0.0000000000062603
 21
208.359375000012
 31
0.0
  0
ENDBLK
  5
7F
330
7C
100
AcDbEntity
  8
0
100
AcDbBlockEnd
  0
BLOCK
  5
A5
330
A3
100
AcDbEntity
  8
0
100
AcDbBlockBegin
  2
2_FFA12AVJU9_PART14_0_in_FFA12AVJU9_4
 70
     2
 10
0.0
 20
0.0
 30
0.0
  3
2_FFA12AVJU9_PART14_0_in_FFA12AVJU9_4
  1

  0
ATTDEF
  5
A7
330
A3
100
AcDbEntity
  8
AM_6
100
AcDbText
 10
349.487499999991
 20
-168.274999999988
 30
0.0
 40
0.5
  1
FFA12AVJU9_PART14
100
AcDbAttributeDefinition
  3

  2
NB
 70
     8
280
     0
  0
ATTDEF
  5
A8
330
A3
100
AcDbEntity
  8
AM_6
100
AcDbText
 10
349.487499999991
 20
-168.774999999988
 30
0.0
 40
0.5
  1

100
AcDbAttributeDefinition
  3

  2
NN
 70
     8
280
     0
  0
ATTDEF
  5
A9
330
A3
100
AcDbEntity
  8
AM_6
100
AcDbText
 10
349.487499999991
 20
-169.274999999988
 30
0.0
 40
0.5
  1

100
AcDbAttributeDefinition
  3

  2
NT
 70
     8
280
     0
  0
ATTDEF
  5
AA
330
A3
100
AcDbEntity
  8
AM_6
100
AcDbText
 10
349.487499999991
 20
-169.774999999988
 30
0.0
 40
0.5
  1
$PARTNUMBER._PART14
100
AcDbAttributeDefinition
  3

  2
NBSYN
 70
     8
280
     0
  0
ATTDEF
  5
AB
330
A3
100
AcDbEntity
  8
AM_6
100
AcDbText
 10
349.487499999991
 20
-170.274999999988
 30
0.0
 40
0.5
  1
FFA12AVJU9_PART14
100
AcDbAttributeDefinition
  3

  2
LINA
 70
     8
280
     0
  0
ATTDEF
  5
AC
330
A3
100
AcDbEntity
  8
AM_6
100
AcDbText
 10
349.487499999991
 20
-170.774999999988
 30
0.0
 40
0.5
  1
Daikin
100
AcDbAttributeDefinition
  3

  2
CATALOG
 70
     8
280
     0
  0
ATTDEF
  5
AD
330
A3
100
AcDbEntity
  8
AM_6
100
AcDbText
 10
349.487499999991
 20
-171.274999999988
 30
0.0
 40
0.5
  1
FFA12AVJU9
100
AcDbAttributeDefinition
  3

  2
PARTNUMBER
 70
     8
280
     0
  0
ATTDEF
  5
AE
330
A3
100
AcDbEntity
  8
AM_6
100
AcDbText
 10
349.487499999991
 20
-171.774999999988
 30
0.0
 40
0.5
  1
Ceiling Cassette
100
AcDbAttributeDefinition
  3

  2
DESCRIPTION
 70
     8
280
     0
  0
ATTDEF
  5
AF
330
A3
100
AcDbEntity
  8
AM_6
100
AcDbText
 10
349.487499999991
 20
-172.274999999988
 30
0.0
 40
0.5
  1
24.4375
100
AcDbAttributeDefinition
  3

  2
OVERALL_DEPTH
 70
     8
280
     0
  0
ATTDEF
  5
B0
330
A3
100
AcDbEntity
  8
AM_6
100
AcDbText
 10
349.487499999991
 20
-172.774999999988
 30
0.0
 40
0.5
  1
12.0625
100
AcDbAttributeDefinition
  3

  2
OVERALL_HEIGHT
 70
     8
280
     0
  0
ATTDEF
  5
B1
330
A3
100
AcDbEntity
  8
AM_6
100
AcDbText
 10
349.487499999991
 20
-173.274999999988
 30
0.0
 40
0.5
  1
24.4375
100
AcDbAttributeDefinition
  3

  2
OVERALL_WIDTH
 70
     8
280
     0
  0
ATTDEF
  5
B2
330
A3
100
AcDbEntity
  8
AM_6
100
AcDbText
 10
349.487499999991
 20
-173.774999999988
 30
0.0
 40
0.5
  1
https://daikincomfort.com/
100
AcDbAttributeDefinition
  3

  2
URL
 70
     8
280
     0
  0
ATTDEF
  5
B3
330
A3
100
AcDbEntity
  8
AM_6
100
AcDbText
 10
349.487499999991
 20
-174.274999999988
 30
0.0
 40
0.5
  1
Download Revit Family (RFA)
100
AcDbAttributeDefinition
  3

  2
RFA_FAMILY
 70
     8
280
     0
  0
ATTDEF
  5
B4
330
A3
100
AcDbEntity
  8
AM_6
100
AcDbText
 10
349.487499999991
 20
-174.774999999988
 30
0.0
 40
0.5
  1
daikin
100
AcDbAttributeDefinition
  3

  2
COMPANY
 70
     8
280
     0
  0
ATTDEF
  5
B5
330
A3
100
AcDbEntity
  8
AM_6
100
AcDbText
 10
349.487499999991
 20
-175.274999999988
 30
0.0
 40
0.5
  1
{$CADENAS_DATA/23d-libs/daikin/single20zone20systems/single20zone20indoor20units/28r322920air20conditioner20vista202x220cassette20ffa.prj},232 {VTYP=3D},{NB=FFA12AVJU9_PART14},{LINA=FFA12AVJU9_PART14},{NN=(R32) Air Conditioner Vista 2x2 Cassette FFA
100
AcDbAttributeDefinition
  3

  2
PSOL_0
 70
     9
280
     0
  0
ATTDEF
  5
B6
330
A3
100
AcDbEntity
  8
AM_6
100
AcDbText
 10
349.487499999991
 20
-175.774999999988
 30
0.0
 40
0.5
  1
4},{NOPRJ=TRUE},{DATE=29.07.2026 16:04:46},{GEOMDATE=08.07.2026 12:36:00},{VERSION=},{LINEID=20},{WBVAR=},{WBNUMERIC=}  {NB=FFA12AVJU9_PART14},{LINA=FFA12AVJU9_PART14},{KT=DUMMY},{PARTNUMBER=FFA12AVJU9},{PARTNUMBERHELP=1Ton_FFA12AVJU9},{ACTUAL_SOUND
100
AcDbAttributeDefinition
  3

  2
PSOL_1
 70
     9
280
     0
  0
ATTDEF
  5
B7
330
A3
100
AcDbEntity
  8
AM_6
100
AcDbText
 10
349.487499999991
 20
-176.274999999988
 30
0.0
 40
0.5
  1
URE__DBA_=30},{APPARENT_POWER=3504},{ASSEMBLY_CODE=D3090100},{CATEGORY=Mechanical Equipment},{CEILING_CLEARANCE_OFFSET=5},{CEILING_OPENING_SPACE_WIDTH=1.921875},{CLEARANCE_VISIBILITY=1},{CONDENSATE_DRAIN_CONNECTION_DIAMETER=1.03125},{CONDENSATE_DRAI
100
AcDbAttributeDefinition
  3

  2
PSOL_2
 70
     9
280
     0
  0
ATTDEF
  5
B8
330
A3
100
AcDbEntity
  8
AM_6
100
AcDbText
 10
349.487499999991
 20
-176.774999999988
 30
0.0
 40
0.5
  1
_HORIZONTAL_OFFSET=0.640625},{CONDENSATE_DRAIN_PIPE_LENGTH=0.984375},{CONDENSATE_DRAIN_PIPE_RADIUS=0.04296875},{CONDENSATE_DRAIN_PIPE_VERTICAL_OFFSET=0.723958333333333},{COOLING_MODE=1},{COST=0},{DECORATION_PANEL_DEPTH=2.03645833333333},{DECORATION_
100
AcDbAttributeDefinition
  3

  2
PSOL_3
 70
     9
280
     0
  0
ATTDEF
  5
B9
330
A3
100
AcDbEntity
  8
AM_6
100
AcDbText
 10
349.487499999991
 20
-177.274999999988
 30
0.0
 40
0.5
  1
HEIGHT=0.0260416666666667},{DECORATION_PANEL_WIDTH=2.03645833333333},{DEFAULT_ELEVATION=0},{DESCRIPTION=Ceiling Cassette},{DRAIN_FLOW=0},{ENCLOSURE_DEPTH=1.88541666666667},{ENCLOSURE_FLANGE_OFFSET=0.0833333333333333},{ENCLOSURE_HEIGHT=0.854166666666
100
AcDbAttributeDefinition
  3

  2
PSOL_4
 70
     9
280
     0
  0
ATTDEF
  5
BA
330
A3
100
AcDbEntity
  8
AM_6
100
AcDbText
 10
349.487499999991
 20
-177.774999999988
 30
0.0
 40
0.5
  1
ENCLOSURE_MINIMUM_HEIGHT_CLEARANCE=0.984375},{ENCLOSURE_WIDTH=1.88541666666667},{FAN_TYPE=Propeller},{FREQUENCY=60},{GAS_PIPE_HORIZONTAL_OFFSET=0.692708333333333},{GAS_PIPE_LENGTH=1.05208333333333},{GAS_PIPE_RADIUS=0.015625},{GAS_PIPE_VERTICAL_OFFSE
100
AcDbAttributeDefinition
  3

  2
PSOL_5
 70
     9
280
     0
  0
ATTDEF
  5
BB
330
A3
100
AcDbEntity
  8
AM_6
100
AcDbText
 10
349.487499999991
 20
-178.274999999988
 30
0.0
 40
0.5
  1
0416666666667},{HEATING_MODE=0},{KNOCK_HOLE_DIAMETER=0.328125},{KNOCK_HOLE_RADIUS=0.1640625},{LATENT_COOLING_CAPACITY=0},{LIQUID_PIPE_HORIZONTAL_OFFSET=0.5625},{LIQUID_PIPE_LENGTH=1.13020833333333},{LIQUID_PIPE_RADIUS=0.0104166666666667},{LIQUID_PIP
100
AcDbAttributeDefinition
  3

  2
PSOL_6
 70
     9
280
     0
  0
ATTDEF
  5
BC
330
A3
100
AcDbEntity
  8
AM_6
100
AcDbText
 10
349.487499999991
 20
-178.774999999988
 30
0.0
 40
0.5
  1
ICAL_OFFSET=0.635416666666667},{LOAD_SUB_CLASSIFICATION_MOTOR=1},{MANUFACTURER=Daikin},{MASSUNIT=1},{MAXIMUM_OVERCURRENT_PROTECTION=15},{MINIMUM_CIRCUIT_AMPS=14.6},{MINIMUM_FLOOR_CLEARANCE=8.16666666666667},{MINIMUM_OBSTACLE_CLEARANCE=5},{NO_OBSTACL
100
AcDbAttributeDefinition
  3

  2
PSOL_7
 70
     9
280
     0
  0
ATTDEF
  5
BD
330
A3
100
AcDbEntity
  8
AM_6
100
AcDbText
 10
349.487499999991
 20
-179.274999999988
 30
0.0
 40
0.5
  1
OW_UNIT=1},{NOMINAL_COOLING_CAPACITY=10800},{NOMINAL_COOLING_CAPACITY__TONS_=1},{NOMINAL_HEATING_CAPACITY=13500},{NUMBER_OF_POLES=2},{OBSTACLES_BELOW_UNIT=0},{OMNICLASS_NUMBER=23.75.10.24.21.27},{OMNICLASS_TITLE=Unitary Air Conditioning Equipment},{
100
AcDbAttributeDefinition
  3

  2
PSOL_8
 70
     9
280
     0
  0
ATTDEF
  5
BE
330
A3
100
AcDbEntity
  8
AM_6
100
AcDbText
 10
349.487499999991
 20
-179.774999999988
 30
0.0
 40
0.5
  1
R_INTAKE_H_OFFSET=0.489583333333333},{OUT_AIR_INTAKE_RADIUS=0.0009765625},{OUT_AIR_INTAKE_V_OFFSET=0.729166666666667},{OUTDOOR_AIR_INTAKE=0},{OVERALL_DEPTH=24.4375},{OVERALL_HEIGHT=12.0625},{OVERALL_WIDTH=24.4375},{PANEL_SPACER_HEIGHT=0.125},{PARTTY
100
AcDbAttributeDefinition
  3

  2
PSOL_9
 70
     9
280
     0
  0
ATTDEF
  5
BF
330
A3
100
AcDbEntity
  8
AM_6
100
AcDbText
 10
349.487499999991
 20
-180.274999999988
 30
0.0
 40
0.5
  1
mal},{PHASE=1},{PRODUCT_PAGE_URL=https://daikincomfort.com/products/heating-cooling/single-split-ductless/heat-pumps/vista-ceiling-cassette},{REFRIGERANT_LIQUID_CONNECTION_DIAMETER=0.25},{REFRIGERANT_SUCTION_GAS_CONNECTION_DIAMETER=0.375},{REFRIGERA
100
AcDbAttributeDefinition
  3

  2
PSOL_10
 70
     9
280
     0
  0
ATTDEF
  5
C0
330
A3
100
AcDbEntity
  8
AM_6
100
AcDbText
 10
349.487499999991
 20
-180.774999999988
 30
0.0
 40
0.5
  1
D=R-32},{SENSIBLE_COOLING_CAPACITY=0},{SERIES=Vista},{SOUND_PRESSURE_LEVEL_COOLING_H_SPEED_DBA=39},{SOUND_PRESSURE_LEVEL_COOLING_L_SPEED_DBA=30},{SOUND_PRESSURE_LEVEL_COOLING_M_SPEED_DBA=36},{SOUND_PRESSURE_LEVEL_HEATING_H_SPEED_DBA=39},{SOUND_PRESS
100
AcDbAttributeDefinition
  3

  2
PSOL_11
 70
     9
280
     0
  0
ATTDEF
  5
C1
330
A3
100
AcDbEntity
  8
AM_6
100
AcDbText
 10
349.487499999991
 20
-181.274999999988
 30
0.0
 40
0.5
  1
VEL_HEATING_L_SPEED_DBA=30},{SOUND_PRESSURE_LEVEL_HEATING_M_SPEED_DBA=36},{SYSTEM_PERFORMANCE_EER2=11.5},{SYSTEM_PERFORMANCE_HSPF2=9.0},{SYSTEM_PERFORMANCE_SEER2=19.5},{TOTAL_COOLING_CAPACITY=0},{TOTAL_HEATING_CAPACITY=0},{UNIT_HEIGHT_CLEARANCE=8.16
100
AcDbAttributeDefinition
  3

  2
PSOL_12
 70
     9
280
     0
  0
ATTDEF
  5
C2
330
A3
100
AcDbEntity
  8
AM_6
100
AcDbText
 10
349.487499999991
 20
-181.774999999988
 30
0.0
 40
0.5
  1
666667},{UNIT_WEIGHT=35.2},{URL=https://daikincomfort.com/},{VERSION=1},{VOLTAGE=240},{VOLTAGE_COMMENTS=208 VAC - 230 VAC},{VAR___FAN_SPEED_SELECTOR=1},{VAR__LOW_FAN_SPEED=1},{VAR__MEDIUM_FAN_SPEED=0},{VAR__HIGH_FAN_SPEED=0},{RFA_FAMILY=Download Rev
100
AcDbAttributeDefinition
  3

  2
PSOL_13
 70
     9
280
     0
  0
ATTDEF
  5
C3
330
A3
100
AcDbEntity
  8
AM_6
100
AcDbText
 10
349.487499999991
 20
-182.274999999988
 30
0.0
 40
0.5
  1
ily (RFA)},{DEFAULTSORTATTR=5},{RFA_FAMILY_=../../_pool_/e5/33/air_conditioner-vista-daikin-ffa.zip},{RFA_FAMILY_ENG=../../_pool_/e5/33/air_conditioner-vista-daikin-ffa.zip},{REVIT_FAMILY_DOWNLOAD=../../_pool_/e5/33/air_conditioner-vista-daikin-ffa.
100
AcDbAttributeDefinition
  3

  2
PSOL_14
 70
     9
280
     0
  0
LINE
  5
C4
330
A3
100
AcDbEntity
  8
AM_9
100
AcDbLine
 10
-0.0000000000062603
 20
-174.624999999988
 30
0.0
 11
310.3562500000021
 21
-174.624999999988
 31
0.0
  0
LINE
  5
C5
330
A3
100
AcDbEntity
  8
AM_9
100
AcDbLine
 10
310.3562500000021
 20
-168.274999999988
 30
0.0
 11
-0.0000000000062728
 21
-168.274999999988
 31
0.0
  0
LINE
  5
C6
330
A3
100
AcDbEntity
  8
AM_9
100
AcDbLine
 10
-0.0000000000062603
 20
-174.624999999988
 30
0.0
 11
-0.0000000000062603
 21
-168.274999999988
 31
0.0
  0
LINE
  5
C8
330
A3
100
AcDbEntity
  8
AM_0
100
AcDbLine
 10
344.487499999991
 20
-168.274999999988
 30
0.0
 11
344.487499999991
 21
-174.624999999988
 31
0.0
  0
LINE
  5
C9
330
A3
100
AcDbEntity
  8
AM_0
100
AcDbLine
 10
310.3562500000021
 20
-174.624999999988
 30
0.0
 11
344.487499999991
 21
-174.624999999988
 31
0.0
  0
LINE
  5
CA
330
A3
100
AcDbEntity
  8
AM_0
100
AcDbLine
 10
344.487499999991
 20
-168.274999999988
 30
0.0
 11
310.3562500000021
 21
-168.274999999988
 31
0.0
  0
ENDBLK
  5
A6
330
A3
100
AcDbEntity
  8
0
100
AcDbBlockEnd
  0
BLOCK
  5
CD
330
CB
100
AcDbEntity
  8
0
100
AcDbBlockBegin
  2
3_FFA12AVJU9_PART13_0_in_FFA12AVJU9_4
 70
     2
 10
0.0
 20
0.0
 30
0.0
  3
3_FFA12AVJU9_PART13_0_in_FFA12AVJU9_4
  1

  0
ATTDEF
  5
CF
330
CB
100
AcDbEntity
  8
AM_6
100
AcDbText
 10
325.674999999991
 20
-206.374999999988
 30
0.0
 40
0.5
  1
FFA12AVJU9_PART13
100
AcDbAttributeDefinition
  3

  2
NB
 70
     8
280
     0
  0
ATTDEF
  5
D0
330
CB
100
AcDbEntity
  8
AM_6
100
AcDbText
 10
325.674999999991
 20
-206.874999999988
 30
0.0
 40
0.5
  1

100
AcDbAttributeDefinition
  3

  2
NN
 70
     8
280
     0
  0
ATTDEF
  5
D1
330
CB
100
AcDbEntity
  8
AM_6
100
AcDbText
 10
325.674999999991
 20
-207.374999999988
 30
0.0
 40
0.5
  1

100
AcDbAttributeDefinition
  3

  2
NT
 70
     8
280
     0
  0
ATTDEF
  5
D2
330
CB
100
AcDbEntity
  8
AM_6
100
AcDbText
 10
325.674999999991
 20
-207.874999999988
 30
0.0
 40
0.5
  1
$PARTNUMBER._PART13
100
AcDbAttributeDefinition
  3

  2
NBSYN
 70
     8
280
     0
  0
ATTDEF
  5
D3
330
CB
100
AcDbEntity
  8
AM_6
100
AcDbText
 10
325.674999999991
 20
-208.374999999988
 30
0.0
 40
0.5
  1
FFA12AVJU9_PART13
100
AcDbAttributeDefinition
  3

  2
LINA
 70
     8
280
     0
  0
ATTDEF
  5
D4
330
CB
100
AcDbEntity
  8
AM_6
100
AcDbText
 10
325.674999999991
 20
-208.874999999988
 30
0.0
 40
0.5
  1
Daikin
100
AcDbAttributeDefinition
  3

  2
CATALOG
 70
     8
280
     0
  0
ATTDEF
  5
D5
330
CB
100
AcDbEntity
  8
AM_6
100
AcDbText
 10
325.674999999991
 20
-209.374999999988
 30
0.0
 40
0.5
  1
FFA12AVJU9
100
AcDbAttributeDefinition
  3

  2
PARTNUMBER
 70
     8
280
     0
  0
ATTDEF
  5
D6
330
CB
100
AcDbEntity
  8
AM_6
100
AcDbText
 10
325.674999999991
 20
-209.874999999988
 30
0.0
 40
0.5
  1
Ceiling Cassette
100
AcDbAttributeDefinition
  3

  2
DESCRIPTION
 70
     8
280
     0
  0
ATTDEF
  5
D7
330
CB
100
AcDbEntity
  8
AM_6
100
AcDbText
 10
325.674999999991
 20
-210.374999999988
 30
0.0
 40
0.5
  1
24.4375
100
AcDbAttributeDefinition
  3

  2
OVERALL_DEPTH
 70
     8
280
     0
  0
ATTDEF
  5
D8
330
CB
100
AcDbEntity
  8
AM_6
100
AcDbText
 10
325.674999999991
 20
-210.874999999988
 30
0.0
 40
0.5
  1
12.0625
100
AcDbAttributeDefinition
  3

  2
OVERALL_HEIGHT
 70
     8
280
     0
  0
ATTDEF
  5
D9
330
CB
100
AcDbEntity
  8
AM_6
100
AcDbText
 10
325.674999999991
 20
-211.374999999988
 30
0.0
 40
0.5
  1
24.4375
100
AcDbAttributeDefinition
  3

  2
OVERALL_WIDTH
 70
     8
280
     0
  0
ATTDEF
  5
DA
330
CB
100
AcDbEntity
  8
AM_6
100
AcDbText
 10
325.674999999991
 20
-211.874999999988
 30
0.0
 40
0.5
  1
https://daikincomfort.com/
100
AcDbAttributeDefinition
  3

  2
URL
 70
     8
280
     0
  0
ATTDEF
  5
DB
330
CB
100
AcDbEntity
  8
AM_6
100
AcDbText
 10
325.674999999991
 20
-212.374999999988
 30
0.0
 40
0.5
  1
Download Revit Family (RFA)
100
AcDbAttributeDefinition
  3

  2
RFA_FAMILY
 70
     8
280
     0
  0
ATTDEF
  5
DC
330
CB
100
AcDbEntity
  8
AM_6
100
AcDbText
 10
325.674999999991
 20
-212.874999999988
 30
0.0
 40
0.5
  1
daikin
100
AcDbAttributeDefinition
  3

  2
COMPANY
 70
     8
280
     0
  0
ATTDEF
  5
DD
330
CB
100
AcDbEntity
  8
AM_6
100
AcDbText
 10
325.674999999991
 20
-213.374999999988
 30
0.0
 40
0.5
  1
{$CADENAS_DATA/23d-libs/daikin/single20zone20systems/single20zone20indoor20units/28r322920air20conditioner20vista202x220cassette20ffa.prj},232 {VTYP=3D},{NB=FFA12AVJU9_PART13},{LINA=FFA12AVJU9_PART13},{NN=(R32) Air Conditioner Vista 2x2 Cassette FFA
100
AcDbAttributeDefinition
  3

  2
PSOL_0
 70
     9
280
     0
  0
ATTDEF
  5
DE
330
CB
100
AcDbEntity
  8
AM_6
100
AcDbText
 10
325.674999999991
 20
-213.874999999988
 30
0.0
 40
0.5
  1
3},{NOPRJ=TRUE},{DATE=29.07.2026 16:04:46},{GEOMDATE=08.07.2026 12:36:00},{VERSION=},{LINEID=20},{WBVAR=},{WBNUMERIC=}  {NB=FFA12AVJU9_PART13},{LINA=FFA12AVJU9_PART13},{KT=DUMMY},{PARTNUMBER=FFA12AVJU9},{PARTNUMBERHELP=1Ton_FFA12AVJU9},{ACTUAL_SOUND
100
AcDbAttributeDefinition
  3

  2
PSOL_1
 70
     9
280
     0
  0
ATTDEF
  5
DF
330
CB
100
AcDbEntity
  8
AM_6
100
AcDbText
 10
325.674999999991
 20
-214.374999999988
 30
0.0
 40
0.5
  1
URE__DBA_=30},{APPARENT_POWER=3504},{ASSEMBLY_CODE=D3090100},{CATEGORY=Mechanical Equipment},{CEILING_CLEARANCE_OFFSET=5},{CEILING_OPENING_SPACE_WIDTH=1.921875},{CLEARANCE_VISIBILITY=1},{CONDENSATE_DRAIN_CONNECTION_DIAMETER=1.03125},{CONDENSATE_DRAI
100
AcDbAttributeDefinition
  3

  2
PSOL_2
 70
     9
280
     0
  0
ATTDEF
  5
E0
330
CB
100
AcDbEntity
  8
AM_6
100
AcDbText
 10
325.674999999991
 20
-214.874999999988
 30
0.0
 40
0.5
  1
_HORIZONTAL_OFFSET=0.640625},{CONDENSATE_DRAIN_PIPE_LENGTH=0.984375},{CONDENSATE_DRAIN_PIPE_RADIUS=0.04296875},{CONDENSATE_DRAIN_PIPE_VERTICAL_OFFSET=0.723958333333333},{COOLING_MODE=1},{COST=0},{DECORATION_PANEL_DEPTH=2.03645833333333},{DECORATION_
100
AcDbAttributeDefinition
  3

  2
PSOL_3
 70
     9
280
     0
  0
ATTDEF
  5
E1
330
CB
100
AcDbEntity
  8
AM_6
100
AcDbText
 10
325.674999999991
 20
-215.374999999988
 30
0.0
 40
0.5
  1
HEIGHT=0.0260416666666667},{DECORATION_PANEL_WIDTH=2.03645833333333},{DEFAULT_ELEVATION=0},{DESCRIPTION=Ceiling Cassette},{DRAIN_FLOW=0},{ENCLOSURE_DEPTH=1.88541666666667},{ENCLOSURE_FLANGE_OFFSET=0.0833333333333333},{ENCLOSURE_HEIGHT=0.854166666666
100
AcDbAttributeDefinition
  3

  2
PSOL_4
 70
     9
280
     0
  0
ATTDEF
  5
E2
330
CB
100
AcDbEntity
  8
AM_6
100
AcDbText
 10
325.674999999991
 20
-215.874999999988
 30
0.0
 40
0.5
  1
ENCLOSURE_MINIMUM_HEIGHT_CLEARANCE=0.984375},{ENCLOSURE_WIDTH=1.88541666666667},{FAN_TYPE=Propeller},{FREQUENCY=60},{GAS_PIPE_HORIZONTAL_OFFSET=0.692708333333333},{GAS_PIPE_LENGTH=1.05208333333333},{GAS_PIPE_RADIUS=0.015625},{GAS_PIPE_VERTICAL_OFFSE
100
AcDbAttributeDefinition
  3

  2
PSOL_5
 70
     9
280
     0
  0
ATTDEF
  5
E3
330
CB
100
AcDbEntity
  8
AM_6
100
AcDbText
 10
325.674999999991
 20
-216.374999999988
 30
0.0
 40
0.5
  1
0416666666667},{HEATING_MODE=0},{KNOCK_HOLE_DIAMETER=0.328125},{KNOCK_HOLE_RADIUS=0.1640625},{LATENT_COOLING_CAPACITY=0},{LIQUID_PIPE_HORIZONTAL_OFFSET=0.5625},{LIQUID_PIPE_LENGTH=1.13020833333333},{LIQUID_PIPE_RADIUS=0.0104166666666667},{LIQUID_PIP
100
AcDbAttributeDefinition
  3

  2
PSOL_6
 70
     9
280
     0
  0
ATTDEF
  5
E4
330
CB
100
AcDbEntity
  8
AM_6
100
AcDbText
 10
325.674999999991
 20
-216.874999999988
 30
0.0
 40
0.5
  1
ICAL_OFFSET=0.635416666666667},{LOAD_SUB_CLASSIFICATION_MOTOR=1},{MANUFACTURER=Daikin},{MASSUNIT=1},{MAXIMUM_OVERCURRENT_PROTECTION=15},{MINIMUM_CIRCUIT_AMPS=14.6},{MINIMUM_FLOOR_CLEARANCE=8.16666666666667},{MINIMUM_OBSTACLE_CLEARANCE=5},{NO_OBSTACL
100
AcDbAttributeDefinition
  3

  2
PSOL_7
 70
     9
280
     0
  0
ATTDEF
  5
E5
330
CB
100
AcDbEntity
  8
AM_6
100
AcDbText
 10
325.674999999991
 20
-217.374999999988
 30
0.0
 40
0.5
  1
OW_UNIT=1},{NOMINAL_COOLING_CAPACITY=10800},{NOMINAL_COOLING_CAPACITY__TONS_=1},{NOMINAL_HEATING_CAPACITY=13500},{NUMBER_OF_POLES=2},{OBSTACLES_BELOW_UNIT=0},{OMNICLASS_NUMBER=23.75.10.24.21.27},{OMNICLASS_TITLE=Unitary Air Conditioning Equipment},{
100
AcDbAttributeDefinition
  3

  2
PSOL_8
 70
     9
280
     0
  0
ATTDEF
  5
E6
330
CB
100
AcDbEntity
  8
AM_6
100
AcDbText
 10
325.674999999991
 20
-217.874999999988
 30
0.0
 40
0.5
  1
R_INTAKE_H_OFFSET=0.489583333333333},{OUT_AIR_INTAKE_RADIUS=0.0009765625},{OUT_AIR_INTAKE_V_OFFSET=0.729166666666667},{OUTDOOR_AIR_INTAKE=0},{OVERALL_DEPTH=24.4375},{OVERALL_HEIGHT=12.0625},{OVERALL_WIDTH=24.4375},{PANEL_SPACER_HEIGHT=0.125},{PARTTY
100
AcDbAttributeDefinition
  3

  2
PSOL_9
 70
     9
280
     0
  0
ATTDEF
  5
E7
330
CB
100
AcDbEntity
  8
AM_6
100
AcDbText
 10
325.674999999991
 20
-218.374999999988
 30
0.0
 40
0.5
  1
mal},{PHASE=1},{PRODUCT_PAGE_URL=https://daikincomfort.com/products/heating-cooling/single-split-ductless/heat-pumps/vista-ceiling-cassette},{REFRIGERANT_LIQUID_CONNECTION_DIAMETER=0.25},{REFRIGERANT_SUCTION_GAS_CONNECTION_DIAMETER=0.375},{REFRIGERA
100
AcDbAttributeDefinition
  3

  2
PSOL_10
 70
     9
280
     0
  0
ATTDEF
  5
E8
330
CB
100
AcDbEntity
  8
AM_6
100
AcDbText
 10
325.674999999991
 20
-218.874999999988
 30
0.0
 40
0.5
  1
D=R-32},{SENSIBLE_COOLING_CAPACITY=0},{SERIES=Vista},{SOUND_PRESSURE_LEVEL_COOLING_H_SPEED_DBA=39},{SOUND_PRESSURE_LEVEL_COOLING_L_SPEED_DBA=30},{SOUND_PRESSURE_LEVEL_COOLING_M_SPEED_DBA=36},{SOUND_PRESSURE_LEVEL_HEATING_H_SPEED_DBA=39},{SOUND_PRESS
100
AcDbAttributeDefinition
  3

  2
PSOL_11
 70
     9
280
     0
  0
ATTDEF
  5
E9
330
CB
100
AcDbEntity
  8
AM_6
100
AcDbText
 10
325.674999999991
 20
-219.374999999988
 30
0.0
 40
0.5
  1
VEL_HEATING_L_SPEED_DBA=30},{SOUND_PRESSURE_LEVEL_HEATING_M_SPEED_DBA=36},{SYSTEM_PERFORMANCE_EER2=11.5},{SYSTEM_PERFORMANCE_HSPF2=9.0},{SYSTEM_PERFORMANCE_SEER2=19.5},{TOTAL_COOLING_CAPACITY=0},{TOTAL_HEATING_CAPACITY=0},{UNIT_HEIGHT_CLEARANCE=8.16
100
AcDbAttributeDefinition
  3

  2
PSOL_12
 70
     9
280
     0
  0
ATTDEF
  5
EA
330
CB
100
AcDbEntity
  8
AM_6
100
AcDbText
 10
325.674999999991
 20
-219.874999999988
 30
0.0
 40
0.5
  1
666667},{UNIT_WEIGHT=35.2},{URL=https://daikincomfort.com/},{VERSION=1},{VOLTAGE=240},{VOLTAGE_COMMENTS=208 VAC - 230 VAC},{VAR___FAN_SPEED_SELECTOR=1},{VAR__LOW_FAN_SPEED=1},{VAR__MEDIUM_FAN_SPEED=0},{VAR__HIGH_FAN_SPEED=0},{RFA_FAMILY=Download Rev
100
AcDbAttributeDefinition
  3

  2
PSOL_13
 70
     9
280
     0
  0
ATTDEF
  5
EB
330
CB
100
AcDbEntity
  8
AM_6
100
AcDbText
 10
325.674999999991
 20
-220.374999999988
 30
0.0
 40
0.5
  1
ily (RFA)},{DEFAULTSORTATTR=5},{RFA_FAMILY_=../../_pool_/e5/33/air_conditioner-vista-daikin-ffa.zip},{RFA_FAMILY_ENG=../../_pool_/e5/33/air_conditioner-vista-daikin-ffa.zip},{REVIT_FAMILY_DOWNLOAD=../../_pool_/e5/33/air_conditioner-vista-daikin-ffa.
100
AcDbAttributeDefinition
  3

  2
PSOL_14
 70
     9
280
     0
  0
LINE
  5
EC
330
CB
100
AcDbEntity
  8
AM_9
100
AcDbLine
 10
-0.0000000000062603
 20
-215.899999999988
 30
0.0
 11
310.3562500000018
 21
-215.899999999988
 31
0.0
  0
LINE
  5
ED
330
CB
100
AcDbEntity
  8
AM_9
100
AcDbLine
 10
310.3562500000018
 20
-206.374999999988
 30
0.0
 11
-0.0000000000062728
 21
-206.374999999988
 31
0.0
  0
LINE
  5
EE
330
CB
100
AcDbEntity
  8
AM_9
100
AcDbLine
 10
-0.0000000000062603
 20
-215.899999999988
 30
0.0
 11
-0.0000000000062603
 21
-206.374999999988
 31
0.0
  0
LINE
  5
EF
330
CB
100
AcDbEntity
  8
AM_0
100
AcDbLine
 10
320.674999999991
 20
-206.374999999988
 30
0.0
 11
320.674999999991
 21
-215.899999999988
 31
0.0
  0
LINE
  5
F0
330
CB
100
AcDbEntity
  8
AM_0
100
AcDbLine
 10
310.3562500000018
 20
-215.899999999988
 30
0.0
 11
320.674999999991
 21
-215.899999999988
 31
0.0
  0
LINE
  5
F1
330
CB
100
AcDbEntity
  8
AM_0
100
AcDbLine
 10
320.674999999991
 20
-206.374999999988
 30
0.0
 11
310.3562500000018
 21
-206.374999999988
 31
0.0
  0
ENDBLK
  5
CE
330
CB
100
AcDbEntity
  8
0
100
AcDbBlockEnd
  0
BLOCK
  5
F4
330
F2
100
AcDbEntity
  8
0
100
AcDbBlockBegin
  2
4_FFA12AVJU9_PART12_0_in_FFA12AVJU9_4
 70
     2
 10
0.0
 20
0.0
 30
0.0
  3
4_FFA12AVJU9_PART12_0_in_FFA12AVJU9_4
  1

  0
ATTDEF
  5
F6
330
F2
100
AcDbEntity
  8
AM_6
100
AcDbText
 10
-279.7975000000199
 20
199.23125000001
 30
0.0
 40
0.5
  1
FFA12AVJU9_PART12
100
AcDbAttributeDefinition
  3

  2
NB
 70
     8
280
     0
  0
ATTDEF
  5
F7
330
F2
100
AcDbEntity
  8
AM_6
100
AcDbText
 10
-279.7975000000199
 20
198.73125000001
 30
0.0
 40
0.5
  1

100
AcDbAttributeDefinition
  3

  2
NN
 70
     8
280
     0
  0
ATTDEF
  5
F8
330
F2
100
AcDbEntity
  8
AM_6
100
AcDbText
 10
-279.7975000000199
 20
198.23125000001
 30
0.0
 40
0.5
  1

100
AcDbAttributeDefinition
  3

  2
NT
 70
     8
280
     0
  0
ATTDEF
  5
F9
330
F2
100
AcDbEntity
  8
AM_6
100
AcDbText
 10
-279.7975000000199
 20
197.73125000001
 30
0.0
 40
0.5
  1
$PARTNUMBER._PART12
100
AcDbAttributeDefinition
  3

  2
NBSYN
 70
     8
280
     0
  0
ATTDEF
  5
FA
330
F2
100
AcDbEntity
  8
AM_6
100
AcDbText
 10
-279.7975000000199
 20
197.23125000001
 30
0.0
 40
0.5
  1
FFA12AVJU9_PART12
100
AcDbAttributeDefinition
  3

  2
LINA
 70
     8
280
     0
  0
ATTDEF
  5
FB
330
F2
100
AcDbEntity
  8
AM_6
100
AcDbText
 10
-279.7975000000199
 20
196.73125000001
 30
0.0
 40
0.5
  1
Daikin
100
AcDbAttributeDefinition
  3

  2
CATALOG
 70
     8
280
     0
  0
ATTDEF
  5
FC
330
F2
100
AcDbEntity
  8
AM_6
100
AcDbText
 10
-279.7975000000199
 20
196.23125000001
 30
0.0
 40
0.5
  1
FFA12AVJU9
100
AcDbAttributeDefinition
  3

  2
PARTNUMBER
 70
     8
280
     0
  0
ATTDEF
  5
FD
330
F2
100
AcDbEntity
  8
AM_6
100
AcDbText
 10
-279.7975000000199
 20
195.73125000001
 30
0.0
 40
0.5
  1
Ceiling Cassette
100
AcDbAttributeDefinition
  3

  2
DESCRIPTION
 70
     8
280
     0
  0
ATTDEF
  5
FE
330
F2
100
AcDbEntity
  8
AM_6
100
AcDbText
 10
-279.7975000000199
 20
195.23125000001
 30
0.0
 40
0.5
  1
24.4375
100
AcDbAttributeDefinition
  3

  2
OVERALL_DEPTH
 70
     8
280
     0
  0
ATTDEF
  5
FF
330
F2
100
AcDbEntity
  8
AM_6
100
AcDbText
 10
-279.7975000000199
 20
194.73125000001
 30
0.0
 40
0.5
  1
12.0625
100
AcDbAttributeDefinition
  3

  2
OVERALL_HEIGHT
 70
     8
280
     0
  0
ATTDEF
  5
100
330
F2
100
AcDbEntity
  8
AM_6
100
AcDbText
 10
-279.7975000000199
 20
194.23125000001
 30
0.0
 40
0.5
  1
24.4375
100
AcDbAttributeDefinition
  3

  2
OVERALL_WIDTH
 70
     8
280
     0
  0
ATTDEF
  5
101
330
F2
100
AcDbEntity
  8
AM_6
100
AcDbText
 10
-279.7975000000199
 20
193.73125000001
 30
0.0
 40
0.5
  1
https://daikincomfort.com/
100
AcDbAttributeDefinition
  3

  2
URL
 70
     8
280
     0
  0
ATTDEF
  5
102
330
F2
100
AcDbEntity
  8
AM_6
100
AcDbText
 10
-279.7975000000199
 20
193.23125000001
 30
0.0
 40
0.5
  1
Download Revit Family (RFA)
100
AcDbAttributeDefinition
  3

  2
RFA_FAMILY
 70
     8
280
     0
  0
ATTDEF
  5
103
330
F2
100
AcDbEntity
  8
AM_6
100
AcDbText
 10
-279.7975000000199
 20
192.73125000001
 30
0.0
 40
0.5
  1
daikin
100
AcDbAttributeDefinition
  3

  2
COMPANY
 70
     8
280
     0
  0
ATTDEF
  5
104
330
F2
100
AcDbEntity
  8
AM_6
100
AcDbText
 10
-279.7975000000199
 20
192.23125000001
 30
0.0
 40
0.5
  1
{$CADENAS_DATA/23d-libs/daikin/single20zone20systems/single20zone20indoor20units/28r322920air20conditioner20vista202x220cassette20ffa.prj},232 {VTYP=3D},{NB=FFA12AVJU9_PART12},{LINA=FFA12AVJU9_PART12},{NN=(R32) Air Conditioner Vista 2x2 Cassette FFA
100
AcDbAttributeDefinition
  3

  2
PSOL_0
 70
     9
280
     0
  0
ATTDEF
  5
105
330
F2
100
AcDbEntity
  8
AM_6
100
AcDbText
 10
-279.7975000000199
 20
191.73125000001
 30
0.0
 40
0.5
  1
2},{NOPRJ=TRUE},{DATE=29.07.2026 16:04:46},{GEOMDATE=08.07.2026 12:36:00},{VERSION=},{LINEID=20},{WBVAR=},{WBNUMERIC=}  {NB=FFA12AVJU9_PART12},{LINA=FFA12AVJU9_PART12},{KT=DUMMY},{PARTNUMBER=FFA12AVJU9},{PARTNUMBERHELP=1Ton_FFA12AVJU9},{ACTUAL_SOUND
100
AcDbAttributeDefinition
  3

  2
PSOL_1
 70
     9
280
     0
  0
ATTDEF
  5
106
330
F2
100
AcDbEntity
  8
AM_6
100
AcDbText
 10
-279.7975000000199
 20
191.23125000001
 30
0.0
 40
0.5
  1
URE__DBA_=30},{APPARENT_POWER=3504},{ASSEMBLY_CODE=D3090100},{CATEGORY=Mechanical Equipment},{CEILING_CLEARANCE_OFFSET=5},{CEILING_OPENING_SPACE_WIDTH=1.921875},{CLEARANCE_VISIBILITY=1},{CONDENSATE_DRAIN_CONNECTION_DIAMETER=1.03125},{CONDENSATE_DRAI
100
AcDbAttributeDefinition
  3

  2
PSOL_2
 70
     9
280
     0
  0
ATTDEF
  5
107
330
F2
100
AcDbEntity
  8
AM_6
100
AcDbText
 10
-279.7975000000199
 20
190.73125000001
 30
0.0
 40
0.5
  1
_HORIZONTAL_OFFSET=0.640625},{CONDENSATE_DRAIN_PIPE_LENGTH=0.984375},{CONDENSATE_DRAIN_PIPE_RADIUS=0.04296875},{CONDENSATE_DRAIN_PIPE_VERTICAL_OFFSET=0.723958333333333},{COOLING_MODE=1},{COST=0},{DECORATION_PANEL_DEPTH=2.03645833333333},{DECORATION_
100
AcDbAttributeDefinition
  3

  2
PSOL_3
 70
     9
280
     0
  0
ATTDEF
  5
108
330
F2
100
AcDbEntity
  8
AM_6
100
AcDbText
 10
-279.7975000000199
 20
190.23125000001
 30
0.0
 40
0.5
  1
HEIGHT=0.0260416666666667},{DECORATION_PANEL_WIDTH=2.03645833333333},{DEFAULT_ELEVATION=0},{DESCRIPTION=Ceiling Cassette},{DRAIN_FLOW=0},{ENCLOSURE_DEPTH=1.88541666666667},{ENCLOSURE_FLANGE_OFFSET=0.0833333333333333},{ENCLOSURE_HEIGHT=0.854166666666
100
AcDbAttributeDefinition
  3

  2
PSOL_4
 70
     9
280
     0
  0
ATTDEF
  5
109
330
F2
100
AcDbEntity
  8
AM_6
100
AcDbText
 10
-279.7975000000199
 20
189.73125000001
 30
0.0
 40
0.5
  1
ENCLOSURE_MINIMUM_HEIGHT_CLEARANCE=0.984375},{ENCLOSURE_WIDTH=1.88541666666667},{FAN_TYPE=Propeller},{FREQUENCY=60},{GAS_PIPE_HORIZONTAL_OFFSET=0.692708333333333},{GAS_PIPE_LENGTH=1.05208333333333},{GAS_PIPE_RADIUS=0.015625},{GAS_PIPE_VERTICAL_OFFSE
100
AcDbAttributeDefinition
  3

  2
PSOL_5
 70
     9
280
     0
  0
ATTDEF
  5
10A
330
F2
100
AcDbEntity
  8
AM_6
100
AcDbText
 10
-279.7975000000199
 20
189.23125000001
 30
0.0
 40
0.5
  1
0416666666667},{HEATING_MODE=0},{KNOCK_HOLE_DIAMETER=0.328125},{KNOCK_HOLE_RADIUS=0.1640625},{LATENT_COOLING_CAPACITY=0},{LIQUID_PIPE_HORIZONTAL_OFFSET=0.5625},{LIQUID_PIPE_LENGTH=1.13020833333333},{LIQUID_PIPE_RADIUS=0.0104166666666667},{LIQUID_PIP
100
AcDbAttributeDefinition
  3

  2
PSOL_6
 70
     9
280
     0
  0
ATTDEF
  5
10B
330
F2
100
AcDbEntity
  8
AM_6
100
AcDbText
 10
-279.7975000000199
 20
188.73125000001
 30
0.0
 40
0.5
  1
ICAL_OFFSET=0.635416666666667},{LOAD_SUB_CLASSIFICATION_MOTOR=1},{MANUFACTURER=Daikin},{MASSUNIT=1},{MAXIMUM_OVERCURRENT_PROTECTION=15},{MINIMUM_CIRCUIT_AMPS=14.6},{MINIMUM_FLOOR_CLEARANCE=8.16666666666667},{MINIMUM_OBSTACLE_CLEARANCE=5},{NO_OBSTACL
100
AcDbAttributeDefinition
  3

  2
PSOL_7
 70
     9
280
     0
  0
ATTDEF
  5
10C
330
F2
100
AcDbEntity
  8
AM_6
100
AcDbText
 10
-279.7975000000199
 20
188.23125000001
 30
0.0
 40
0.5
  1
OW_UNIT=1},{NOMINAL_COOLING_CAPACITY=10800},{NOMINAL_COOLING_CAPACITY__TONS_=1},{NOMINAL_HEATING_CAPACITY=13500},{NUMBER_OF_POLES=2},{OBSTACLES_BELOW_UNIT=0},{OMNICLASS_NUMBER=23.75.10.24.21.27},{OMNICLASS_TITLE=Unitary Air Conditioning Equipment},{
100
AcDbAttributeDefinition
  3

  2
PSOL_8
 70
     9
280
     0
  0
ATTDEF
  5
10D
330
F2
100
AcDbEntity
  8
AM_6
100
AcDbText
 10
-279.7975000000199
 20
187.73125000001
 30
0.0
 40
0.5
  1
R_INTAKE_H_OFFSET=0.489583333333333},{OUT_AIR_INTAKE_RADIUS=0.0009765625},{OUT_AIR_INTAKE_V_OFFSET=0.729166666666667},{OUTDOOR_AIR_INTAKE=0},{OVERALL_DEPTH=24.4375},{OVERALL_HEIGHT=12.0625},{OVERALL_WIDTH=24.4375},{PANEL_SPACER_HEIGHT=0.125},{PARTTY
100
AcDbAttributeDefinition
  3

  2
PSOL_9
 70
     9
280
     0
  0
ATTDEF
  5
10E
330
F2
100
AcDbEntity
  8
AM_6
100
AcDbText
 10
-279.7975000000199
 20
187.23125000001
 30
0.0
 40
0.5
  1
mal},{PHASE=1},{PRODUCT_PAGE_URL=https://daikincomfort.com/products/heating-cooling/single-split-ductless/heat-pumps/vista-ceiling-cassette},{REFRIGERANT_LIQUID_CONNECTION_DIAMETER=0.25},{REFRIGERANT_SUCTION_GAS_CONNECTION_DIAMETER=0.375},{REFRIGERA
100
AcDbAttributeDefinition
  3

  2
PSOL_10
 70
     9
280
     0
  0
ATTDEF
  5
10F
330
F2
100
AcDbEntity
  8
AM_6
100
AcDbText
 10
-279.7975000000199
 20
186.73125000001
 30
0.0
 40
0.5
  1
D=R-32},{SENSIBLE_COOLING_CAPACITY=0},{SERIES=Vista},{SOUND_PRESSURE_LEVEL_COOLING_H_SPEED_DBA=39},{SOUND_PRESSURE_LEVEL_COOLING_L_SPEED_DBA=30},{SOUND_PRESSURE_LEVEL_COOLING_M_SPEED_DBA=36},{SOUND_PRESSURE_LEVEL_HEATING_H_SPEED_DBA=39},{SOUND_PRESS
100
AcDbAttributeDefinition
  3

  2
PSOL_11
 70
     9
280
     0
  0
ATTDEF
  5
110
330
F2
100
AcDbEntity
  8
AM_6
100
AcDbText
 10
-279.7975000000199
 20
186.23125000001
 30
0.0
 40
0.5
  1
VEL_HEATING_L_SPEED_DBA=30},{SOUND_PRESSURE_LEVEL_HEATING_M_SPEED_DBA=36},{SYSTEM_PERFORMANCE_EER2=11.5},{SYSTEM_PERFORMANCE_HSPF2=9.0},{SYSTEM_PERFORMANCE_SEER2=19.5},{TOTAL_COOLING_CAPACITY=0},{TOTAL_HEATING_CAPACITY=0},{UNIT_HEIGHT_CLEARANCE=8.16
100
AcDbAttributeDefinition
  3

  2
PSOL_12
 70
     9
280
     0
  0
ATTDEF
  5
111
330
F2
100
AcDbEntity
  8
AM_6
100
AcDbText
 10
-279.7975000000199
 20
185.73125000001
 30
0.0
 40
0.5
  1
666667},{UNIT_WEIGHT=35.2},{URL=https://daikincomfort.com/},{VERSION=1},{VOLTAGE=240},{VOLTAGE_COMMENTS=208 VAC - 230 VAC},{VAR___FAN_SPEED_SELECTOR=1},{VAR__LOW_FAN_SPEED=1},{VAR__MEDIUM_FAN_SPEED=0},{VAR__HIGH_FAN_SPEED=0},{RFA_FAMILY=Download Rev
100
AcDbAttributeDefinition
  3

  2
PSOL_13
 70
     9
280
     0
  0
ATTDEF
  5
112
330
F2
100
AcDbEntity
  8
AM_6
100
AcDbText
 10
-279.7975000000199
 20
185.23125000001
 30
0.0
 40
0.5
  1
ily (RFA)},{DEFAULTSORTATTR=5},{RFA_FAMILY_=../../_pool_/e5/33/air_conditioner-vista-daikin-ffa.zip},{RFA_FAMILY_ENG=../../_pool_/e5/33/air_conditioner-vista-daikin-ffa.zip},{REVIT_FAMILY_DOWNLOAD=../../_pool_/e5/33/air_conditioner-vista-daikin-ffa.
100
AcDbAttributeDefinition
  3

  2
PSOL_14
 70
     9
280
     0
  0
LINE
  5
113
330
F2
100
AcDbEntity
  8
AM_9
100
AcDbLine
 10
-284.7975000000202
 20
99.21875000000998
 30
0.0
 11
-284.7975000000199
 21
199.23125000001
 31
0.0
  0
LINE
  5
114
330
F2
100
AcDbEntity
  8
AM_9
100
AcDbLine
 10
-287.337500000006
 20
99.21875000000998
 30
0.0
 11
-284.79750000002
 21
99.21875000000998
 31
0.0
  0
LINE
  5
115
330
F2
100
AcDbEntity
  8
AM_9
100
AcDbLine
 10
-284.79750000002
 20
199.23125000001
 30
0.0
 11
-287.337500000006
 21
199.23125000001
 31
0.0
  0
ENDBLK
  5
F5
330
F2
100
AcDbEntity
  8
0
100
AcDbBlockEnd
  0
BLOCK
  5
118
330
116
100
AcDbEntity
  8
0
100
AcDbBlockBegin
  2
5_FFA12AVJU9_PART11_0_in_FFA12AVJU9_4
 70
     2
 10
0.0
 20
0.0
 30
0.0
  3
5_FFA12AVJU9_PART11_0_in_FFA12AVJU9_4
  1

  0
ATTDEF
  5
11A
330
116
100
AcDbEntity
  8
AM_6
100
AcDbText
 10
292.337499999994
 20
287.337500000008
 30
0.0
 40
0.5
  1
FFA12AVJU9_PART11
100
AcDbAttributeDefinition
  3

  2
NB
 70
     8
280
     0
  0
ATTDEF
  5
11B
330
116
100
AcDbEntity
  8
AM_6
100
AcDbText
 10
292.337499999994
 20
286.837500000008
 30
0.0
 40
0.5
  1

100
AcDbAttributeDefinition
  3

  2
NN
 70
     8
280
     0
  0
ATTDEF
  5
11C
330
116
100
AcDbEntity
  8
AM_6
100
AcDbText
 10
292.337499999994
 20
286.337500000008
 30
0.0
 40
0.5
  1

100
AcDbAttributeDefinition
  3

  2
NT
 70
     8
280
     0
  0
ATTDEF
  5
11D
330
116
100
AcDbEntity
  8
AM_6
100
AcDbText
 10
292.337499999994
 20
285.837500000008
 30
0.0
 40
0.5
  1
$PARTNUMBER._PART11
100
AcDbAttributeDefinition
  3

  2
NBSYN
 70
     8
280
     0
  0
ATTDEF
  5
11E
330
116
100
AcDbEntity
  8
AM_6
100
AcDbText
 10
292.337499999994
 20
285.337500000008
 30
0.0
 40
0.5
  1
FFA12AVJU9_PART11
100
AcDbAttributeDefinition
  3

  2
LINA
 70
     8
280
     0
  0
ATTDEF
  5
11F
330
116
100
AcDbEntity
  8
AM_6
100
AcDbText
 10
292.337499999994
 20
284.837500000008
 30
0.0
 40
0.5
  1
Daikin
100
AcDbAttributeDefinition
  3

  2
CATALOG
 70
     8
280
     0
  0
ATTDEF
  5
120
330
116
100
AcDbEntity
  8
AM_6
100
AcDbText
 10
292.337499999994
 20
284.337500000008
 30
0.0
 40
0.5
  1
FFA12AVJU9
100
AcDbAttributeDefinition
  3

  2
PARTNUMBER
 70
     8
280
     0
  0
ATTDEF
  5
121
330
116
100
AcDbEntity
  8
AM_6
100
AcDbText
 10
292.337499999994
 20
283.837500000008
 30
0.0
 40
0.5
  1
Ceiling Cassette
100
AcDbAttributeDefinition
  3

  2
DESCRIPTION
 70
     8
280
     0
  0
ATTDEF
  5
122
330
116
100
AcDbEntity
  8
AM_6
100
AcDbText
 10
292.337499999994
 20
283.337500000008
 30
0.0
 40
0.5
  1
24.4375
100
AcDbAttributeDefinition
  3

  2
OVERALL_DEPTH
 70
     8
280
     0
  0
ATTDEF
  5
123
330
116
100
AcDbEntity
  8
AM_6
100
AcDbText
 10
292.337499999994
 20
282.837500000008
 30
0.0
 40
0.5
  1
12.0625
100
AcDbAttributeDefinition
  3

  2
OVERALL_HEIGHT
 70
     8
280
     0
  0
ATTDEF
  5
124
330
116
100
AcDbEntity
  8
AM_6
100
AcDbText
 10
292.337499999994
 20
282.337500000008
 30
0.0
 40
0.5
  1
24.4375
100
AcDbAttributeDefinition
  3

  2
OVERALL_WIDTH
 70
     8
280
     0
  0
ATTDEF
  5
125
330
116
100
AcDbEntity
  8
AM_6
100
AcDbText
 10
292.337499999994
 20
281.837500000008
 30
0.0
 40
0.5
  1
https://daikincomfort.com/
100
AcDbAttributeDefinition
  3

  2
URL
 70
     8
280
     0
  0
ATTDEF
  5
126
330
116
100
AcDbEntity
  8
AM_6
100
AcDbText
 10
292.337499999994
 20
281.337500000008
 30
0.0
 40
0.5
  1
Download Revit Family (RFA)
100
AcDbAttributeDefinition
  3

  2
RFA_FAMILY
 70
     8
280
     0
  0
ATTDEF
  5
127
330
116
100
AcDbEntity
  8
AM_6
100
AcDbText
 10
292.337499999994
 20
280.837500000008
 30
0.0
 40
0.5
  1
daikin
100
AcDbAttributeDefinition
  3

  2
COMPANY
 70
     8
280
     0
  0
ATTDEF
  5
128
330
116
100
AcDbEntity
  8
AM_6
100
AcDbText
 10
292.337499999994
 20
280.337500000008
 30
0.0
 40
0.5
  1
{$CADENAS_DATA/23d-libs/daikin/single20zone20systems/single20zone20indoor20units/28r322920air20conditioner20vista202x220cassette20ffa.prj},232 {VTYP=3D},{NB=FFA12AVJU9_PART11},{LINA=FFA12AVJU9_PART11},{NN=(R32) Air Conditioner Vista 2x2 Cassette FFA
100
AcDbAttributeDefinition
  3

  2
PSOL_0
 70
     9
280
     0
  0
ATTDEF
  5
129
330
116
100
AcDbEntity
  8
AM_6
100
AcDbText
 10
292.337499999994
 20
279.837500000008
 30
0.0
 40
0.5
  1
1},{NOPRJ=TRUE},{DATE=29.07.2026 16:04:46},{GEOMDATE=08.07.2026 12:36:00},{VERSION=},{LINEID=20},{WBVAR=},{WBNUMERIC=}  {NB=FFA12AVJU9_PART11},{LINA=FFA12AVJU9_PART11},{KT=DUMMY},{PARTNUMBER=FFA12AVJU9},{PARTNUMBERHELP=1Ton_FFA12AVJU9},{ACTUAL_SOUND
100
AcDbAttributeDefinition
  3

  2
PSOL_1
 70
     9
280
     0
  0
ATTDEF
  5
12A
330
116
100
AcDbEntity
  8
AM_6
100
AcDbText
 10
292.337499999994
 20
279.337500000008
 30
0.0
 40
0.5
  1
URE__DBA_=30},{APPARENT_POWER=3504},{ASSEMBLY_CODE=D3090100},{CATEGORY=Mechanical Equipment},{CEILING_CLEARANCE_OFFSET=5},{CEILING_OPENING_SPACE_WIDTH=1.921875},{CLEARANCE_VISIBILITY=1},{CONDENSATE_DRAIN_CONNECTION_DIAMETER=1.03125},{CONDENSATE_DRAI
100
AcDbAttributeDefinition
  3

  2
PSOL_2
 70
     9
280
     0
  0
ATTDEF
  5
12B
330
116
100
AcDbEntity
  8
AM_6
100
AcDbText
 10
292.337499999994
 20
278.837500000008
 30
0.0
 40
0.5
  1
_HORIZONTAL_OFFSET=0.640625},{CONDENSATE_DRAIN_PIPE_LENGTH=0.984375},{CONDENSATE_DRAIN_PIPE_RADIUS=0.04296875},{CONDENSATE_DRAIN_PIPE_VERTICAL_OFFSET=0.723958333333333},{COOLING_MODE=1},{COST=0},{DECORATION_PANEL_DEPTH=2.03645833333333},{DECORATION_
100
AcDbAttributeDefinition
  3

  2
PSOL_3
 70
     9
280
     0
  0
ATTDEF
  5
12C
330
116
100
AcDbEntity
  8
AM_6
100
AcDbText
 10
292.337499999994
 20
278.337500000008
 30
0.0
 40
0.5
  1
HEIGHT=0.0260416666666667},{DECORATION_PANEL_WIDTH=2.03645833333333},{DEFAULT_ELEVATION=0},{DESCRIPTION=Ceiling Cassette},{DRAIN_FLOW=0},{ENCLOSURE_DEPTH=1.88541666666667},{ENCLOSURE_FLANGE_OFFSET=0.0833333333333333},{ENCLOSURE_HEIGHT=0.854166666666
100
AcDbAttributeDefinition
  3

  2
PSOL_4
 70
     9
280
     0
  0
ATTDEF
  5
12D
330
116
100
AcDbEntity
  8
AM_6
100
AcDbText
 10
292.337499999994
 20
277.837500000008
 30
0.0
 40
0.5
  1
ENCLOSURE_MINIMUM_HEIGHT_CLEARANCE=0.984375},{ENCLOSURE_WIDTH=1.88541666666667},{FAN_TYPE=Propeller},{FREQUENCY=60},{GAS_PIPE_HORIZONTAL_OFFSET=0.692708333333333},{GAS_PIPE_LENGTH=1.05208333333333},{GAS_PIPE_RADIUS=0.015625},{GAS_PIPE_VERTICAL_OFFSE
100
AcDbAttributeDefinition
  3

  2
PSOL_5
 70
     9
280
     0
  0
ATTDEF
  5
12E
330
116
100
AcDbEntity
  8
AM_6
100
AcDbText
 10
292.337499999994
 20
277.337500000008
 30
0.0
 40
0.5
  1
0416666666667},{HEATING_MODE=0},{KNOCK_HOLE_DIAMETER=0.328125},{KNOCK_HOLE_RADIUS=0.1640625},{LATENT_COOLING_CAPACITY=0},{LIQUID_PIPE_HORIZONTAL_OFFSET=0.5625},{LIQUID_PIPE_LENGTH=1.13020833333333},{LIQUID_PIPE_RADIUS=0.0104166666666667},{LIQUID_PIP
100
AcDbAttributeDefinition
  3

  2
PSOL_6
 70
     9
280
     0
  0
ATTDEF
  5
12F
330
116
100
AcDbEntity
  8
AM_6
100
AcDbText
 10
292.337499999994
 20
276.837500000008
 30
0.0
 40
0.5
  1
ICAL_OFFSET=0.635416666666667},{LOAD_SUB_CLASSIFICATION_MOTOR=1},{MANUFACTURER=Daikin},{MASSUNIT=1},{MAXIMUM_OVERCURRENT_PROTECTION=15},{MINIMUM_CIRCUIT_AMPS=14.6},{MINIMUM_FLOOR_CLEARANCE=8.16666666666667},{MINIMUM_OBSTACLE_CLEARANCE=5},{NO_OBSTACL
100
AcDbAttributeDefinition
  3

  2
PSOL_7
 70
     9
280
     0
  0
ATTDEF
  5
130
330
116
100
AcDbEntity
  8
AM_6
100
AcDbText
 10
292.337499999994
 20
276.337500000008
 30
0.0
 40
0.5
  1
OW_UNIT=1},{NOMINAL_COOLING_CAPACITY=10800},{NOMINAL_COOLING_CAPACITY__TONS_=1},{NOMINAL_HEATING_CAPACITY=13500},{NUMBER_OF_POLES=2},{OBSTACLES_BELOW_UNIT=0},{OMNICLASS_NUMBER=23.75.10.24.21.27},{OMNICLASS_TITLE=Unitary Air Conditioning Equipment},{
100
AcDbAttributeDefinition
  3

  2
PSOL_8
 70
     9
280
     0
  0
ATTDEF
  5
131
330
116
100
AcDbEntity
  8
AM_6
100
AcDbText
 10
292.337499999994
 20
275.837500000008
 30
0.0
 40
0.5
  1
R_INTAKE_H_OFFSET=0.489583333333333},{OUT_AIR_INTAKE_RADIUS=0.0009765625},{OUT_AIR_INTAKE_V_OFFSET=0.729166666666667},{OUTDOOR_AIR_INTAKE=0},{OVERALL_DEPTH=24.4375},{OVERALL_HEIGHT=12.0625},{OVERALL_WIDTH=24.4375},{PANEL_SPACER_HEIGHT=0.125},{PARTTY
100
AcDbAttributeDefinition
  3

  2
PSOL_9
 70
     9
280
     0
  0
ATTDEF
  5
132
330
116
100
AcDbEntity
  8
AM_6
100
AcDbText
 10
292.337499999994
 20
275.337500000008
 30
0.0
 40
0.5
  1
mal},{PHASE=1},{PRODUCT_PAGE_URL=https://daikincomfort.com/products/heating-cooling/single-split-ductless/heat-pumps/vista-ceiling-cassette},{REFRIGERANT_LIQUID_CONNECTION_DIAMETER=0.25},{REFRIGERANT_SUCTION_GAS_CONNECTION_DIAMETER=0.375},{REFRIGERA
100
AcDbAttributeDefinition
  3

  2
PSOL_10
 70
     9
280
     0
  0
ATTDEF
  5
133
330
116
100
AcDbEntity
  8
AM_6
100
AcDbText
 10
292.337499999994
 20
274.837500000008
 30
0.0
 40
0.5
  1
D=R-32},{SENSIBLE_COOLING_CAPACITY=0},{SERIES=Vista},{SOUND_PRESSURE_LEVEL_COOLING_H_SPEED_DBA=39},{SOUND_PRESSURE_LEVEL_COOLING_L_SPEED_DBA=30},{SOUND_PRESSURE_LEVEL_COOLING_M_SPEED_DBA=36},{SOUND_PRESSURE_LEVEL_HEATING_H_SPEED_DBA=39},{SOUND_PRESS
100
AcDbAttributeDefinition
  3

  2
PSOL_11
 70
     9
280
     0
  0
ATTDEF
  5
134
330
116
100
AcDbEntity
  8
AM_6
100
AcDbText
 10
292.337499999994
 20
274.337500000008
 30
0.0
 40
0.5
  1
VEL_HEATING_L_SPEED_DBA=30},{SOUND_PRESSURE_LEVEL_HEATING_M_SPEED_DBA=36},{SYSTEM_PERFORMANCE_EER2=11.5},{SYSTEM_PERFORMANCE_HSPF2=9.0},{SYSTEM_PERFORMANCE_SEER2=19.5},{TOTAL_COOLING_CAPACITY=0},{TOTAL_HEATING_CAPACITY=0},{UNIT_HEIGHT_CLEARANCE=8.16
100
AcDbAttributeDefinition
  3

  2
PSOL_12
 70
     9
280
     0
  0
ATTDEF
  5
135
330
116
100
AcDbEntity
  8
AM_6
100
AcDbText
 10
292.337499999994
 20
273.837500000008
 30
0.0
 40
0.5
  1
666667},{UNIT_WEIGHT=35.2},{URL=https://daikincomfort.com/},{VERSION=1},{VOLTAGE=240},{VOLTAGE_COMMENTS=208 VAC - 230 VAC},{VAR___FAN_SPEED_SELECTOR=1},{VAR__LOW_FAN_SPEED=1},{VAR__MEDIUM_FAN_SPEED=0},{VAR__HIGH_FAN_SPEED=0},{RFA_FAMILY=Download Rev
100
AcDbAttributeDefinition
  3

  2
PSOL_13
 70
     9
280
     0
  0
ATTDEF
  5
136
330
116
100
AcDbEntity
  8
AM_6
100
AcDbText
 10
292.337499999994
 20
273.337500000008
 30
0.0
 40
0.5
  1
ily (RFA)},{DEFAULTSORTATTR=5},{RFA_FAMILY_=../../_pool_/e5/33/air_conditioner-vista-daikin-ffa.zip},{RFA_FAMILY_ENG=../../_pool_/e5/33/air_conditioner-vista-daikin-ffa.zip},{REVIT_FAMILY_DOWNLOAD=../../_pool_/e5/33/air_conditioner-vista-daikin-ffa.
100
AcDbAttributeDefinition
  3

  2
PSOL_14
 70
     9
280
     0
  0
LINE
  5
137
330
116
100
AcDbEntity
  8
AM_9
100
AcDbLine
 10
261.937499999993
 20
-287.337499999992
 30
0.0
 11
261.9374999999928
 21
-156.3687499999902
 31
0.0
  0
LINE
  5
138
330
116
100
AcDbEntity
  8
AM_9
100
AcDbLine
 10
287.3374999999929
 20
236.5375000000082
 30
0.0
 11
236.5374999999929
 21
287.337500000008
 31
0.0
  0
LINE
  5
139
330
116
100
AcDbEntity
  8
AM_9
100
AcDbLine
 10
236.5374999999929
 20
287.337500000008
 30
0.0
 11
-236.537500000006
 21
287.337500000008
 31
0.0
  0
LINE
  5
13A
330
116
100
AcDbEntity
  8
AM_9
100
AcDbLine
 10
-236.537500000006
 20
287.337500000008
 30
0.0
 11
-287.337500000007
 21
236.5375000000069
 31
0.0
  0
LINE
  5
13B
330
116
100
AcDbEntity
  8
AM_9
100
AcDbLine
 10
-287.337500000007
 20
236.5375000000069
 30
0.0
 11
-287.3375000000062
 21
-236.5374999999909
 31
0.0
  0
LINE
  5
13C
330
116
100
AcDbEntity
  8
AM_9
100
AcDbLine
 10
-287.3375000000062
 20
-236.5374999999909
 30
0.0
 11
-236.537500000005
 21
-287.337499999992
 31
0.0
  0
LINE
  5
13D
330
116
100
AcDbEntity
  8
AM_9
100
AcDbLine
 10
-236.537500000005
 20
-287.337499999992
 30
0.0
 11
261.937499999993
 21
-287.337499999992
 31
0.0
  0
LINE
  5
13E
330
116
100
AcDbEntity
  8
AM_9
100
AcDbLine
 10
261.9374999999928
 20
-156.3687499999902
 30
0.0
 11
287.337499999994
 21
-130.9687499999893
 31
0.0
  0
LINE
  5
13F
330
116
100
AcDbEntity
  8
AM_9
100
AcDbLine
 10
287.337499999994
 20
-130.9687499999893
 30
0.0
 11
287.3374999999929
 21
236.5375000000082
 31
0.0
  0
ENDBLK
  5
119
330
116
100
AcDbEntity
  8
0
100
AcDbBlockEnd
  0
BLOCK
  5
142
330
140
100
AcDbEntity
  8
0
100
AcDbBlockBegin
  2
6_FFA12AVJU9_PART10_0_in_FFA12AVJU9_4
 70
     2
 10
0.0
 20
0.0
 30
0.0
  3
6_FFA12AVJU9_PART10_0_in_FFA12AVJU9_4
  1

  0
ATTDEF
  5
144
330
140
100
AcDbEntity
  8
AM_6
100
AcDbText
 10
315.356250000005
 20
310.356250000011
 30
0.0
 40
0.5
  1
FFA12AVJU9_PART10
100
AcDbAttributeDefinition
  3

  2
NB
 70
     8
280
     0
  0
ATTDEF
  5
145
330
140
100
AcDbEntity
  8
AM_6
100
AcDbText
 10
315.356250000005
 20
309.856250000011
 30
0.0
 40
0.5
  1

100
AcDbAttributeDefinition
  3

  2
NN
 70
     8
280
     0
  0
ATTDEF
  5
146
330
140
100
AcDbEntity
  8
AM_6
100
AcDbText
 10
315.356250000005
 20
309.356250000011
 30
0.0
 40
0.5
  1

100
AcDbAttributeDefinition
  3

  2
NT
 70
     8
280
     0
  0
ATTDEF
  5
147
330
140
100
AcDbEntity
  8
AM_6
100
AcDbText
 10
315.356250000005
 20
308.856250000011
 30
0.0
 40
0.5
  1
$PARTNUMBER._PART10
100
AcDbAttributeDefinition
  3

  2
NBSYN
 70
     8
280
     0
  0
ATTDEF
  5
148
330
140
100
AcDbEntity
  8
AM_6
100
AcDbText
 10
315.356250000005
 20
308.356250000011
 30
0.0
 40
0.5
  1
FFA12AVJU9_PART10
100
AcDbAttributeDefinition
  3

  2
LINA
 70
     8
280
     0
  0
ATTDEF
  5
149
330
140
100
AcDbEntity
  8
AM_6
100
AcDbText
 10
315.356250000005
 20
307.856250000011
 30
0.0
 40
0.5
  1
Daikin
100
AcDbAttributeDefinition
  3

  2
CATALOG
 70
     8
280
     0
  0
ATTDEF
  5
14A
330
140
100
AcDbEntity
  8
AM_6
100
AcDbText
 10
315.356250000005
 20
307.356250000011
 30
0.0
 40
0.5
  1
FFA12AVJU9
100
AcDbAttributeDefinition
  3

  2
PARTNUMBER
 70
     8
280
     0
  0
ATTDEF
  5
14B
330
140
100
AcDbEntity
  8
AM_6
100
AcDbText
 10
315.356250000005
 20
306.856250000011
 30
0.0
 40
0.5
  1
Ceiling Cassette
100
AcDbAttributeDefinition
  3

  2
DESCRIPTION
 70
     8
280
     0
  0
ATTDEF
  5
14C
330
140
100
AcDbEntity
  8
AM_6
100
AcDbText
 10
315.356250000005
 20
306.356250000011
 30
0.0
 40
0.5
  1
24.4375
100
AcDbAttributeDefinition
  3

  2
OVERALL_DEPTH
 70
     8
280
     0
  0
ATTDEF
  5
14D
330
140
100
AcDbEntity
  8
AM_6
100
AcDbText
 10
315.356250000005
 20
305.856250000011
 30
0.0
 40
0.5
  1
12.0625
100
AcDbAttributeDefinition
  3

  2
OVERALL_HEIGHT
 70
     8
280
     0
  0
ATTDEF
  5
14E
330
140
100
AcDbEntity
  8
AM_6
100
AcDbText
 10
315.356250000005
 20
305.356250000011
 30
0.0
 40
0.5
  1
24.4375
100
AcDbAttributeDefinition
  3

  2
OVERALL_WIDTH
 70
     8
280
     0
  0
ATTDEF
  5
14F
330
140
100
AcDbEntity
  8
AM_6
100
AcDbText
 10
315.356250000005
 20
304.856250000011
 30
0.0
 40
0.5
  1
https://daikincomfort.com/
100
AcDbAttributeDefinition
  3

  2
URL
 70
     8
280
     0
  0
ATTDEF
  5
150
330
140
100
AcDbEntity
  8
AM_6
100
AcDbText
 10
315.356250000005
 20
304.356250000011
 30
0.0
 40
0.5
  1
Download Revit Family (RFA)
100
AcDbAttributeDefinition
  3

  2
RFA_FAMILY
 70
     8
280
     0
  0
ATTDEF
  5
151
330
140
100
AcDbEntity
  8
AM_6
100
AcDbText
 10
315.356250000005
 20
303.856250000011
 30
0.0
 40
0.5
  1
daikin
100
AcDbAttributeDefinition
  3

  2
COMPANY
 70
     8
280
     0
  0
ATTDEF
  5
152
330
140
100
AcDbEntity
  8
AM_6
100
AcDbText
 10
315.356250000005
 20
303.356250000011
 30
0.0
 40
0.5
  1
{$CADENAS_DATA/23d-libs/daikin/single20zone20systems/single20zone20indoor20units/28r322920air20conditioner20vista202x220cassette20ffa.prj},232 {VTYP=3D},{NB=FFA12AVJU9_PART10},{LINA=FFA12AVJU9_PART10},{NN=(R32) Air Conditioner Vista 2x2 Cassette FFA
100
AcDbAttributeDefinition
  3

  2
PSOL_0
 70
     9
280
     0
  0
ATTDEF
  5
153
330
140
100
AcDbEntity
  8
AM_6
100
AcDbText
 10
315.356250000005
 20
302.856250000011
 30
0.0
 40
0.5
  1
0},{NOPRJ=TRUE},{DATE=29.07.2026 16:04:46},{GEOMDATE=08.07.2026 12:36:00},{VERSION=},{LINEID=20},{WBVAR=},{WBNUMERIC=}  {NB=FFA12AVJU9_PART10},{LINA=FFA12AVJU9_PART10},{KT=DUMMY},{PARTNUMBER=FFA12AVJU9},{PARTNUMBERHELP=1Ton_FFA12AVJU9},{ACTUAL_SOUND
100
AcDbAttributeDefinition
  3

  2
PSOL_1
 70
     9
280
     0
  0
ATTDEF
  5
154
330
140
100
AcDbEntity
  8
AM_6
100
AcDbText
 10
315.356250000005
 20
302.356250000011
 30
0.0
 40
0.5
  1
URE__DBA_=30},{APPARENT_POWER=3504},{ASSEMBLY_CODE=D3090100},{CATEGORY=Mechanical Equipment},{CEILING_CLEARANCE_OFFSET=5},{CEILING_OPENING_SPACE_WIDTH=1.921875},{CLEARANCE_VISIBILITY=1},{CONDENSATE_DRAIN_CONNECTION_DIAMETER=1.03125},{CONDENSATE_DRAI
100
AcDbAttributeDefinition
  3

  2
PSOL_2
 70
     9
280
     0
  0
ATTDEF
  5
155
330
140
100
AcDbEntity
  8
AM_6
100
AcDbText
 10
315.356250000005
 20
301.856250000011
 30
0.0
 40
0.5
  1
_HORIZONTAL_OFFSET=0.640625},{CONDENSATE_DRAIN_PIPE_LENGTH=0.984375},{CONDENSATE_DRAIN_PIPE_RADIUS=0.04296875},{CONDENSATE_DRAIN_PIPE_VERTICAL_OFFSET=0.723958333333333},{COOLING_MODE=1},{COST=0},{DECORATION_PANEL_DEPTH=2.03645833333333},{DECORATION_
100
AcDbAttributeDefinition
  3

  2
PSOL_3
 70
     9
280
     0
  0
ATTDEF
  5
156
330
140
100
AcDbEntity
  8
AM_6
100
AcDbText
 10
315.356250000005
 20
301.356250000011
 30
0.0
 40
0.5
  1
HEIGHT=0.0260416666666667},{DECORATION_PANEL_WIDTH=2.03645833333333},{DEFAULT_ELEVATION=0},{DESCRIPTION=Ceiling Cassette},{DRAIN_FLOW=0},{ENCLOSURE_DEPTH=1.88541666666667},{ENCLOSURE_FLANGE_OFFSET=0.0833333333333333},{ENCLOSURE_HEIGHT=0.854166666666
100
AcDbAttributeDefinition
  3

  2
PSOL_4
 70
     9
280
     0
  0
ATTDEF
  5
157
330
140
100
AcDbEntity
  8
AM_6
100
AcDbText
 10
315.356250000005
 20
300.856250000011
 30
0.0
 40
0.5
  1
ENCLOSURE_MINIMUM_HEIGHT_CLEARANCE=0.984375},{ENCLOSURE_WIDTH=1.88541666666667},{FAN_TYPE=Propeller},{FREQUENCY=60},{GAS_PIPE_HORIZONTAL_OFFSET=0.692708333333333},{GAS_PIPE_LENGTH=1.05208333333333},{GAS_PIPE_RADIUS=0.015625},{GAS_PIPE_VERTICAL_OFFSE
100
AcDbAttributeDefinition
  3

  2
PSOL_5
 70
     9
280
     0
  0
ATTDEF
  5
158
330
140
100
AcDbEntity
  8
AM_6
100
AcDbText
 10
315.356250000005
 20
300.356250000011
 30
0.0
 40
0.5
  1
0416666666667},{HEATING_MODE=0},{KNOCK_HOLE_DIAMETER=0.328125},{KNOCK_HOLE_RADIUS=0.1640625},{LATENT_COOLING_CAPACITY=0},{LIQUID_PIPE_HORIZONTAL_OFFSET=0.5625},{LIQUID_PIPE_LENGTH=1.13020833333333},{LIQUID_PIPE_RADIUS=0.0104166666666667},{LIQUID_PIP
100
AcDbAttributeDefinition
  3

  2
PSOL_6
 70
     9
280
     0
  0
ATTDEF
  5
159
330
140
100
AcDbEntity
  8
AM_6
100
AcDbText
 10
315.356250000005
 20
299.856250000011
 30
0.0
 40
0.5
  1
ICAL_OFFSET=0.635416666666667},{LOAD_SUB_CLASSIFICATION_MOTOR=1},{MANUFACTURER=Daikin},{MASSUNIT=1},{MAXIMUM_OVERCURRENT_PROTECTION=15},{MINIMUM_CIRCUIT_AMPS=14.6},{MINIMUM_FLOOR_CLEARANCE=8.16666666666667},{MINIMUM_OBSTACLE_CLEARANCE=5},{NO_OBSTACL
100
AcDbAttributeDefinition
  3

  2
PSOL_7
 70
     9
280
     0
  0
ATTDEF
  5
15A
330
140
100
AcDbEntity
  8
AM_6
100
AcDbText
 10
315.356250000005
 20
299.356250000011
 30
0.0
 40
0.5
  1
OW_UNIT=1},{NOMINAL_COOLING_CAPACITY=10800},{NOMINAL_COOLING_CAPACITY__TONS_=1},{NOMINAL_HEATING_CAPACITY=13500},{NUMBER_OF_POLES=2},{OBSTACLES_BELOW_UNIT=0},{OMNICLASS_NUMBER=23.75.10.24.21.27},{OMNICLASS_TITLE=Unitary Air Conditioning Equipment},{
100
AcDbAttributeDefinition
  3

  2
PSOL_8
 70
     9
280
     0
  0
ATTDEF
  5
15B
330
140
100
AcDbEntity
  8
AM_6
100
AcDbText
 10
315.356250000005
 20
298.856250000011
 30
0.0
 40
0.5
  1
R_INTAKE_H_OFFSET=0.489583333333333},{OUT_AIR_INTAKE_RADIUS=0.0009765625},{OUT_AIR_INTAKE_V_OFFSET=0.729166666666667},{OUTDOOR_AIR_INTAKE=0},{OVERALL_DEPTH=24.4375},{OVERALL_HEIGHT=12.0625},{OVERALL_WIDTH=24.4375},{PANEL_SPACER_HEIGHT=0.125},{PARTTY
100
AcDbAttributeDefinition
  3

  2
PSOL_9
 70
     9
280
     0
  0
ATTDEF
  5
15C
330
140
100
AcDbEntity
  8
AM_6
100
AcDbText
 10
315.356250000005
 20
298.356250000011
 30
0.0
 40
0.5
  1
mal},{PHASE=1},{PRODUCT_PAGE_URL=https://daikincomfort.com/products/heating-cooling/single-split-ductless/heat-pumps/vista-ceiling-cassette},{REFRIGERANT_LIQUID_CONNECTION_DIAMETER=0.25},{REFRIGERANT_SUCTION_GAS_CONNECTION_DIAMETER=0.375},{REFRIGERA
100
AcDbAttributeDefinition
  3

  2
PSOL_10
 70
     9
280
     0
  0
ATTDEF
  5
15D
330
140
100
AcDbEntity
  8
AM_6
100
AcDbText
 10
315.356250000005
 20
297.856250000011
 30
0.0
 40
0.5
  1
D=R-32},{SENSIBLE_COOLING_CAPACITY=0},{SERIES=Vista},{SOUND_PRESSURE_LEVEL_COOLING_H_SPEED_DBA=39},{SOUND_PRESSURE_LEVEL_COOLING_L_SPEED_DBA=30},{SOUND_PRESSURE_LEVEL_COOLING_M_SPEED_DBA=36},{SOUND_PRESSURE_LEVEL_HEATING_H_SPEED_DBA=39},{SOUND_PRESS
100
AcDbAttributeDefinition
  3

  2
PSOL_11
 70
     9
280
     0
  0
ATTDEF
  5
15E
330
140
100
AcDbEntity
  8
AM_6
100
AcDbText
 10
315.356250000005
 20
297.356250000011
 30
0.0
 40
0.5
  1
VEL_HEATING_L_SPEED_DBA=30},{SOUND_PRESSURE_LEVEL_HEATING_M_SPEED_DBA=36},{SYSTEM_PERFORMANCE_EER2=11.5},{SYSTEM_PERFORMANCE_HSPF2=9.0},{SYSTEM_PERFORMANCE_SEER2=19.5},{TOTAL_COOLING_CAPACITY=0},{TOTAL_HEATING_CAPACITY=0},{UNIT_HEIGHT_CLEARANCE=8.16
100
AcDbAttributeDefinition
  3

  2
PSOL_12
 70
     9
280
     0
  0
ATTDEF
  5
15F
330
140
100
AcDbEntity
  8
AM_6
100
AcDbText
 10
315.356250000005
 20
296.856250000011
 30
0.0
 40
0.5
  1
666667},{UNIT_WEIGHT=35.2},{URL=https://daikincomfort.com/},{VERSION=1},{VOLTAGE=240},{VOLTAGE_COMMENTS=208 VAC - 230 VAC},{VAR___FAN_SPEED_SELECTOR=1},{VAR__LOW_FAN_SPEED=1},{VAR__MEDIUM_FAN_SPEED=0},{VAR__HIGH_FAN_SPEED=0},{RFA_FAMILY=Download Rev
100
AcDbAttributeDefinition
  3

  2
PSOL_13
 70
     9
280
     0
  0
ATTDEF
  5
160
330
140
100
AcDbEntity
  8
AM_6
100
AcDbText
 10
315.356250000005
 20
296.356250000011
 30
0.0
 40
0.5
  1
ily (RFA)},{DEFAULTSORTATTR=5},{RFA_FAMILY_=../../_pool_/e5/33/air_conditioner-vista-daikin-ffa.zip},{RFA_FAMILY_ENG=../../_pool_/e5/33/air_conditioner-vista-daikin-ffa.zip},{REVIT_FAMILY_DOWNLOAD=../../_pool_/e5/33/air_conditioner-vista-daikin-ffa.
100
AcDbAttributeDefinition
  3

  2
PSOL_14
 70
     9
280
     0
  0
LINE
  5
161
330
140
100
AcDbEntity
  8
AM_9
100
AcDbLine
 10
135.7312500000166
 20
253.2062500000159
 30
0.0
 11
253.206250000012
 21
253.2062500000153
 31
0.0
  0
LINE
  5
162
330
140
100
AcDbEntity
  8
AM_9
100
AcDbLine
 10
-132.5562500000047
 20
253.2062500000174
 30
0.0
 11
132.5562500000167
 21
253.206250000016
 31
0.0
  0
LINE
  5
163
330
140
100
AcDbEntity
  8
AM_9
100
AcDbLine
 10
-253.206250000021
 20
253.206250000018
 30
0.0
 11
-135.7312500000043
 21
253.2062500000174
 31
0.0
  0
LINE
  5
164
330
140
100
AcDbEntity
  8
AM_9
100
AcDbLine
 10
253.20625000001
 20
-135.731249999987
 30
0.0
 11
253.2062500000093
 21
-253.206249999999
 31
0.0
  0
LINE
  5
165
330
140
100
AcDbEntity
  8
AM_9
100
AcDbLine
 10
253.2062500000114
 20
132.556249999998
 30
0.0
 11
253.20625000001
 21
-132.5562499999867
 31
0.0
  0
LINE
  5
166
330
140
100
AcDbEntity
  8
AM_9
100
AcDbLine
 10
253.206250000012
 20
253.206250000015
 30
0.0
 11
253.2062500000114
 21
135.7312499999976
 31
0.0
  0
LINE
  5
167
330
140
100
AcDbEntity
  8
AM_9
100
AcDbLine
 10
-135.7312500000091
 20
-253.2062499999969
 30
0.0
 11
-253.206250000024
 21
-253.2062499999963
 31
0.0
  0
LINE
  5
168
330
140
100
AcDbEntity
  8
AM_9
100
AcDbLine
 10
132.5562500000121
 20
-253.2062499999984
 30
0.0
 11
-132.5562500000087
 21
-253.2062499999969
 31
0.0
  0
LINE
  5
169
330
140
100
AcDbEntity
  8
AM_9
100
AcDbLine
 10
253.206250000009
 20
-253.206249999999
 30
0.0
 11
135.7312500000123
 21
-253.2062499999984
 31
0.0
  0
LINE
  5
16A
330
140
100
AcDbEntity
  8
AM_9
100
AcDbLine
 10
-253.2062500000234
 20
-135.7312499999827
 30
0.0
 11
-253.206250000024
 21
-253.206249999996
 31
0.0
  0
LINE
  5
16B
330
140
100
AcDbEntity
  8
AM_9
100
AcDbLine
 10
-253.206250000022
 20
132.5562500000024
 30
0.0
 11
-253.2062500000233
 21
-132.556249999983
 31
0.0
  0
LINE
  5
16C
330
140
100
AcDbEntity
  8
AM_9
100
AcDbLine
 10
-253.2062500000213
 20
253.206250000018
 30
0.0
 11
-253.206250000022
 21
135.731250000002
 31
0.0
  0
LINE
  5
16D
330
140
100
AcDbEntity
  8
AM_0
100
AcDbLine
 10
132.5562500000167
 20
253.206250000016
 30
0.0
 11
135.7312500000166
 21
253.2062500000159
 31
0.0
  0
LINE
  5
16E
330
140
100
AcDbEntity
  8
AM_0
100
AcDbLine
 10
-135.7312500000043
 20
253.2062500000174
 30
0.0
 11
-132.5562500000047
 21
253.2062500000174
 31
0.0
  0
LINE
  5
16F
330
140
100
AcDbEntity
  8
AM_0
100
AcDbLine
 10
259.5562499999974
 20
259.5562500000003
 30
0.0
 11
265.9062499999841
 21
265.906249999987
 31
0.0
  0
LINE
  5
170
330
140
100
AcDbEntity
  8
AM_0
100
AcDbLine
 10
253.20625000001
 20
-132.5562499999867
 30
0.0
 11
253.20625000001
 21
-135.731249999987
 31
0.0
  0
LINE
  5
171
330
140
100
AcDbEntity
  8
AM_0
100
AcDbLine
 10
253.2062500000114
 20
135.7312499999976
 30
0.0
 11
253.2062500000114
 21
132.556249999998
 31
0.0
  0
LINE
  5
172
330
140
100
AcDbEntity
  8
AM_0
100
AcDbLine
 10
259.5562499999943
 20
-259.5562499999844
 30
0.0
 11
265.9062499999809
 21
-265.9062499999711
 31
0.0
  0
LINE
  5
173
330
140
100
AcDbEntity
  8
AM_0
100
AcDbLine
 10
-132.5562500000087
 20
-253.2062499999969
 30
0.0
 11
-135.7312500000091
 21
-253.2062499999969
 31
0.0
  0
LINE
  5
174
330
140
100
AcDbEntity
  8
AM_0
100
AcDbLine
 10
135.7312500000123
 20
-253.2062499999984
 30
0.0
 11
132.5562500000121
 21
-253.2062499999984
 31
0.0
  0
LINE
  5
175
330
140
100
AcDbEntity
  8
AM_0
100
AcDbLine
 10
-265.9062499999935
 20
265.9062499999906
 30
0.0
 11
-259.5562500000067
 21
259.5562500000033
 31
0.0
  0
LINE
  5
176
330
140
100
AcDbEntity
  8
AM_0
100
AcDbLine
 10
-259.5562500000094
 20
-259.5562499999813
 30
0.0
 11
-265.9062499999966
 21
-265.9062499999685
 31
0.0
  0
LINE
  5
177
330
140
100
AcDbEntity
  8
AM_0
100
AcDbLine
 10
-253.2062500000233
 20
-132.556249999983
 30
0.0
 11
-253.2062500000234
 21
-135.7312499999827
 31
0.0
  0
LINE
  5
178
330
140
100
AcDbEntity
  8
AM_0
100
AcDbLine
 10
-253.206250000022
 20
135.731250000002
 30
0.0
 11
-253.206250000022
 21
132.5562500000024
 31
0.0
  0
LINE
  5
179
330
140
100
AcDbEntity
  8
AM_0
100
AcDbLine
 10
-310.3562500000139
 20
310.356250000011
 30
0.0
 11
310.356250000005
 21
310.3562500000072
 31
0.0
  0
LINE
  5
17A
330
140
100
AcDbEntity
  8
AM_0
100
AcDbLine
 10
-310.3562500000139
 20
310.356250000011
 30
0.0
 11
-310.356250000017
 21
-310.3562499999882
 31
0.0
  0
LINE
  5
17B
330
140
100
AcDbEntity
  8
AM_0
100
AcDbLine
 10
310.3562500000012
 20
-310.356249999992
 30
0.0
 11
-310.356250000017
 21
-310.3562499999882
 31
0.0
  0
LINE
  5
17C
330
140
100
AcDbEntity
  8
AM_0
100
AcDbLine
 10
310.356250000005
 20
310.3562500000072
 30
0.0
 11
310.3562500000012
 21
-310.356249999992
 31
0.0
  0
LINE
  5
17D
330
140
100
AcDbEntity
  8
AM_0
100
AcDbLine
 10
265.906249999984
 20
265.9062499999872
 30
0.0
 11
-265.906249999994
 21
265.90624999999
 31
0.0
  0
LINE
  5
17E
330
140
100
AcDbEntity
  8
AM_0
100
AcDbLine
 10
265.9062499999812
 20
-265.906249999971
 30
0.0
 11
265.906249999984
 21
265.906249999987
 31
0.0
  0
LINE
  5
17F
330
140
100
AcDbEntity
  8
AM_0
100
AcDbLine
 10
-265.906249999997
 20
-265.9062499999681
 30
0.0
 11
265.906249999981
 21
-265.906249999971
 31
0.0
  0
LINE
  5
180
330
140
100
AcDbEntity
  8
AM_0
100
AcDbLine
 10
-265.906249999997
 20
-265.906249999968
 30
0.0
 11
-265.9062499999942
 21
265.9062499999901
 31
0.0
  0
LINE
  5
181
330
140
100
AcDbEntity
  8
AM_0
100
AcDbLine
 10
-183.3562500000049
 20
183.356250000001
 30
0.0
 11
-183.3562500000081
 21
-183.3562499999833
 31
0.0
  0
LINE
  5
182
330
140
100
AcDbEntity
  8
AM_0
100
AcDbLine
 10
183.3562499999921
 20
-183.3562499999867
 30
0.0
 11
183.356249999995
 21
183.3562499999981
 31
0.0
  0
LINE
  5
183
330
140
100
AcDbEntity
  8
AM_0
100
AcDbLine
 10
-183.3562500000081
 20
-183.3562499999833
 30
0.0
 11
183.3562499999921
 21
-183.3562499999867
 31
0.0
  0
LINE
  5
184
330
140
100
AcDbEntity
  8
AM_0
100
AcDbLine
 10
183.356249999995
 20
183.3562499999981
 30
0.0
 11
-183.3562500000049
 21
183.356250000001
 31
0.0
  0
LINE
  5
185
330
140
100
AcDbEntity
  8
AM_0
100
AcDbLine
 10
-119.856250000006
 20
119.856250000001
 30
0.0
 11
119.856249999994
 21
119.856249999999
 31
0.0
  0
LINE
  5
186
330
140
100
AcDbEntity
  8
AM_0
100
AcDbLine
 10
119.856249999994
 20
119.856249999999
 30
0.0
 11
119.856249999992
 21
-119.856249999986
 31
0.0
  0
LINE
  5
187
330
140
100
AcDbEntity
  8
AM_0
100
AcDbLine
 10
119.856249999992
 20
-119.856249999986
 30
0.0
 11
-119.856250000008
 21
-119.856249999984
 31
0.0
  0
LINE
  5
188
330
140
100
AcDbEntity
  8
AM_0
100
AcDbLine
 10
-119.856250000008
 20
-119.856249999984
 30
0.0
 11
-119.856250000006
 21
119.856250000001
 31
0.0
  0
ENDBLK
  5
143
330
140
100
AcDbEntity
  8
0
100
AcDbBlockEnd
  0
BLOCK
  5
18B
330
189
100
AcDbEntity
  8
0
100
AcDbBlockBegin
  2
7_FFA12AVJU9_PART9_0_in_FFA12AVJU9_4
 70
     2
 10
0.0
 20
0.0
 30
0.0
  3
7_FFA12AVJU9_PART9_0_in_FFA12AVJU9_4
  1

  0
ATTDEF
  5
18D
330
189
100
AcDbEntity
  8
AM_6
100
AcDbText
 10
137.5562500000129
 20
-183.3562499999822
 30
0.0
 40
0.5
  1
FFA12AVJU9_PART9
100
AcDbAttributeDefinition
  3

  2
NB
 70
     8
280
     0
  0
ATTDEF
  5
18E
330
189
100
AcDbEntity
  8
AM_6
100
AcDbText
 10
137.5562500000129
 20
-183.8562499999822
 30
0.0
 40
0.5
  1

100
AcDbAttributeDefinition
  3

  2
NN
 70
     8
280
     0
  0
ATTDEF
  5
18F
330
189
100
AcDbEntity
  8
AM_6
100
AcDbText
 10
137.5562500000129
 20
-184.3562499999822
 30
0.0
 40
0.5
  1

100
AcDbAttributeDefinition
  3

  2
NT
 70
     8
280
     0
  0
ATTDEF
  5
190
330
189
100
AcDbEntity
  8
AM_6
100
AcDbText
 10
137.5562500000129
 20
-184.8562499999822
 30
0.0
 40
0.5
  1
$PARTNUMBER._PART9
100
AcDbAttributeDefinition
  3

  2
NBSYN
 70
     8
280
     0
  0
ATTDEF
  5
191
330
189
100
AcDbEntity
  8
AM_6
100
AcDbText
 10
137.5562500000129
 20
-185.3562499999822
 30
0.0
 40
0.5
  1
FFA12AVJU9_PART9
100
AcDbAttributeDefinition
  3

  2
LINA
 70
     8
280
     0
  0
ATTDEF
  5
192
330
189
100
AcDbEntity
  8
AM_6
100
AcDbText
 10
137.5562500000129
 20
-185.8562499999822
 30
0.0
 40
0.5
  1
Daikin
100
AcDbAttributeDefinition
  3

  2
CATALOG
 70
     8
280
     0
  0
ATTDEF
  5
193
330
189
100
AcDbEntity
  8
AM_6
100
AcDbText
 10
137.5562500000129
 20
-186.3562499999822
 30
0.0
 40
0.5
  1
FFA12AVJU9
100
AcDbAttributeDefinition
  3

  2
PARTNUMBER
 70
     8
280
     0
  0
ATTDEF
  5
194
330
189
100
AcDbEntity
  8
AM_6
100
AcDbText
 10
137.5562500000129
 20
-186.8562499999822
 30
0.0
 40
0.5
  1
Ceiling Cassette
100
AcDbAttributeDefinition
  3

  2
DESCRIPTION
 70
     8
280
     0
  0
ATTDEF
  5
195
330
189
100
AcDbEntity
  8
AM_6
100
AcDbText
 10
137.5562500000129
 20
-187.3562499999822
 30
0.0
 40
0.5
  1
24.4375
100
AcDbAttributeDefinition
  3

  2
OVERALL_DEPTH
 70
     8
280
     0
  0
ATTDEF
  5
196
330
189
100
AcDbEntity
  8
AM_6
100
AcDbText
 10
137.5562500000129
 20
-187.8562499999822
 30
0.0
 40
0.5
  1
12.0625
100
AcDbAttributeDefinition
  3

  2
OVERALL_HEIGHT
 70
     8
280
     0
  0
ATTDEF
  5
197
330
189
100
AcDbEntity
  8
AM_6
100
AcDbText
 10
137.5562500000129
 20
-188.3562499999822
 30
0.0
 40
0.5
  1
24.4375
100
AcDbAttributeDefinition
  3

  2
OVERALL_WIDTH
 70
     8
280
     0
  0
ATTDEF
  5
198
330
189
100
AcDbEntity
  8
AM_6
100
AcDbText
 10
137.5562500000129
 20
-188.8562499999822
 30
0.0
 40
0.5
  1
https://daikincomfort.com/
100
AcDbAttributeDefinition
  3

  2
URL
 70
     8
280
     0
  0
ATTDEF
  5
199
330
189
100
AcDbEntity
  8
AM_6
100
AcDbText
 10
137.5562500000129
 20
-189.3562499999822
 30
0.0
 40
0.5
  1
Download Revit Family (RFA)
100
AcDbAttributeDefinition
  3

  2
RFA_FAMILY
 70
     8
280
     0
  0
ATTDEF
  5
19A
330
189
100
AcDbEntity
  8
AM_6
100
AcDbText
 10
137.5562500000129
 20
-189.8562499999822
 30
0.0
 40
0.5
  1
daikin
100
AcDbAttributeDefinition
  3

  2
COMPANY
 70
     8
280
     0
  0
ATTDEF
  5
19B
330
189
100
AcDbEntity
  8
AM_6
100
AcDbText
 10
137.5562500000129
 20
-190.3562499999822
 30
0.0
 40
0.5
  1
{$CADENAS_DATA/23d-libs/daikin/single20zone20systems/single20zone20indoor20units/28r322920air20conditioner20vista202x220cassette20ffa.prj},229 {VTYP=3D},{NB=FFA12AVJU9_PART9},{LINA=FFA12AVJU9_PART9},{NN=(R32) Air Conditioner Vista 2x2 Cassette FFA_P
100
AcDbAttributeDefinition
  3

  2
PSOL_0
 70
     9
280
     0
  0
ATTDEF
  5
19C
330
189
100
AcDbEntity
  8
AM_6
100
AcDbText
 10
137.5562500000129
 20
-190.8562499999822
 30
0.0
 40
0.5
  1
{NOPRJ=TRUE},{DATE=29.07.2026 16:04:46},{GEOMDATE=08.07.2026 12:36:00},{VERSION=},{LINEID=20},{WBVAR=},{WBNUMERIC=}  {NB=FFA12AVJU9_PART9},{LINA=FFA12AVJU9_PART9},{KT=DUMMY},{PARTNUMBER=FFA12AVJU9},{PARTNUMBERHELP=1Ton_FFA12AVJU9},{ACTUAL_SOUND_PRES
100
AcDbAttributeDefinition
  3

  2
PSOL_1
 70
     9
280
     0
  0
ATTDEF
  5
19D
330
189
100
AcDbEntity
  8
AM_6
100
AcDbText
 10
137.5562500000129
 20
-191.3562499999822
 30
0.0
 40
0.5
  1
DBA_=30},{APPARENT_POWER=3504},{ASSEMBLY_CODE=D3090100},{CATEGORY=Mechanical Equipment},{CEILING_CLEARANCE_OFFSET=5},{CEILING_OPENING_SPACE_WIDTH=1.921875},{CLEARANCE_VISIBILITY=1},{CONDENSATE_DRAIN_CONNECTION_DIAMETER=1.03125},{CONDENSATE_DRAIN_PIP
100
AcDbAttributeDefinition
  3

  2
PSOL_2
 70
     9
280
     0
  0
ATTDEF
  5
19E
330
189
100
AcDbEntity
  8
AM_6
100
AcDbText
 10
137.5562500000129
 20
-191.8562499999822
 30
0.0
 40
0.5
  1
ZONTAL_OFFSET=0.640625},{CONDENSATE_DRAIN_PIPE_LENGTH=0.984375},{CONDENSATE_DRAIN_PIPE_RADIUS=0.04296875},{CONDENSATE_DRAIN_PIPE_VERTICAL_OFFSET=0.723958333333333},{COOLING_MODE=1},{COST=0},{DECORATION_PANEL_DEPTH=2.03645833333333},{DECORATION_PANEL
100
AcDbAttributeDefinition
  3

  2
PSOL_3
 70
     9
280
     0
  0
ATTDEF
  5
19F
330
189
100
AcDbEntity
  8
AM_6
100
AcDbText
 10
137.5562500000129
 20
-192.3562499999822
 30
0.0
 40
0.5
  1
T=0.0260416666666667},{DECORATION_PANEL_WIDTH=2.03645833333333},{DEFAULT_ELEVATION=0},{DESCRIPTION=Ceiling Cassette},{DRAIN_FLOW=0},{ENCLOSURE_DEPTH=1.88541666666667},{ENCLOSURE_FLANGE_OFFSET=0.0833333333333333},{ENCLOSURE_HEIGHT=0.854166666666667},
100
AcDbAttributeDefinition
  3

  2
PSOL_4
 70
     9
280
     0
  0
ATTDEF
  5
1A0
330
189
100
AcDbEntity
  8
AM_6
100
AcDbText
 10
137.5562500000129
 20
-192.8562499999822
 30
0.0
 40
0.5
  1
SURE_MINIMUM_HEIGHT_CLEARANCE=0.984375},{ENCLOSURE_WIDTH=1.88541666666667},{FAN_TYPE=Propeller},{FREQUENCY=60},{GAS_PIPE_HORIZONTAL_OFFSET=0.692708333333333},{GAS_PIPE_LENGTH=1.05208333333333},{GAS_PIPE_RADIUS=0.015625},{GAS_PIPE_VERTICAL_OFFSET=0.5
100
AcDbAttributeDefinition
  3

  2
PSOL_5
 70
     9
280
     0
  0
ATTDEF
  5
1A1
330
189
100
AcDbEntity
  8
AM_6
100
AcDbText
 10
137.5562500000129
 20
-193.3562499999822
 30
0.0
 40
0.5
  1
66666667},{HEATING_MODE=0},{KNOCK_HOLE_DIAMETER=0.328125},{KNOCK_HOLE_RADIUS=0.1640625},{LATENT_COOLING_CAPACITY=0},{LIQUID_PIPE_HORIZONTAL_OFFSET=0.5625},{LIQUID_PIPE_LENGTH=1.13020833333333},{LIQUID_PIPE_RADIUS=0.0104166666666667},{LIQUID_PIPE_VER
100
AcDbAttributeDefinition
  3

  2
PSOL_6
 70
     9
280
     0
  0
ATTDEF
  5
1A2
330
189
100
AcDbEntity
  8
AM_6
100
AcDbText
 10
137.5562500000129
 20
-193.8562499999822
 30
0.0
 40
0.5
  1
OFFSET=0.635416666666667},{LOAD_SUB_CLASSIFICATION_MOTOR=1},{MANUFACTURER=Daikin},{MASSUNIT=1},{MAXIMUM_OVERCURRENT_PROTECTION=15},{MINIMUM_CIRCUIT_AMPS=14.6},{MINIMUM_FLOOR_CLEARANCE=8.16666666666667},{MINIMUM_OBSTACLE_CLEARANCE=5},{NO_OBSTACLES_BE
100
AcDbAttributeDefinition
  3

  2
PSOL_7
 70
     9
280
     0
  0
ATTDEF
  5
1A3
330
189
100
AcDbEntity
  8
AM_6
100
AcDbText
 10
137.5562500000129
 20
-194.3562499999822
 30
0.0
 40
0.5
  1
IT=1},{NOMINAL_COOLING_CAPACITY=10800},{NOMINAL_COOLING_CAPACITY__TONS_=1},{NOMINAL_HEATING_CAPACITY=13500},{NUMBER_OF_POLES=2},{OBSTACLES_BELOW_UNIT=0},{OMNICLASS_NUMBER=23.75.10.24.21.27},{OMNICLASS_TITLE=Unitary Air Conditioning Equipment},{OUT_A
100
AcDbAttributeDefinition
  3

  2
PSOL_8
 70
     9
280
     0
  0
ATTDEF
  5
1A4
330
189
100
AcDbEntity
  8
AM_6
100
AcDbText
 10
137.5562500000129
 20
-194.8562499999822
 30
0.0
 40
0.5
  1
AKE_H_OFFSET=0.489583333333333},{OUT_AIR_INTAKE_RADIUS=0.0009765625},{OUT_AIR_INTAKE_V_OFFSET=0.729166666666667},{OUTDOOR_AIR_INTAKE=0},{OVERALL_DEPTH=24.4375},{OVERALL_HEIGHT=12.0625},{OVERALL_WIDTH=24.4375},{PANEL_SPACER_HEIGHT=0.125},{PARTTYPE=No
100
AcDbAttributeDefinition
  3

  2
PSOL_9
 70
     9
280
     0
  0
ATTDEF
  5
1A5
330
189
100
AcDbEntity
  8
AM_6
100
AcDbText
 10
137.5562500000129
 20
-195.3562499999822
 30
0.0
 40
0.5
  1
{PHASE=1},{PRODUCT_PAGE_URL=https://daikincomfort.com/products/heating-cooling/single-split-ductless/heat-pumps/vista-ceiling-cassette},{REFRIGERANT_LIQUID_CONNECTION_DIAMETER=0.25},{REFRIGERANT_SUCTION_GAS_CONNECTION_DIAMETER=0.375},{REFRIGERANT_US
100
AcDbAttributeDefinition
  3

  2
PSOL_10
 70
     9
280
     0
  0
ATTDEF
  5
1A6
330
189
100
AcDbEntity
  8
AM_6
100
AcDbText
 10
137.5562500000129
 20
-195.8562499999822
 30
0.0
 40
0.5
  1
2},{SENSIBLE_COOLING_CAPACITY=0},{SERIES=Vista},{SOUND_PRESSURE_LEVEL_COOLING_H_SPEED_DBA=39},{SOUND_PRESSURE_LEVEL_COOLING_L_SPEED_DBA=30},{SOUND_PRESSURE_LEVEL_COOLING_M_SPEED_DBA=36},{SOUND_PRESSURE_LEVEL_HEATING_H_SPEED_DBA=39},{SOUND_PRESSURE_L
100
AcDbAttributeDefinition
  3

  2
PSOL_11
 70
     9
280
     0
  0
ATTDEF
  5
1A7
330
189
100
AcDbEntity
  8
AM_6
100
AcDbText
 10
137.5562500000129
 20
-196.3562499999822
 30
0.0
 40
0.5
  1
EATING_L_SPEED_DBA=30},{SOUND_PRESSURE_LEVEL_HEATING_M_SPEED_DBA=36},{SYSTEM_PERFORMANCE_EER2=11.5},{SYSTEM_PERFORMANCE_HSPF2=9.0},{SYSTEM_PERFORMANCE_SEER2=19.5},{TOTAL_COOLING_CAPACITY=0},{TOTAL_HEATING_CAPACITY=0},{UNIT_HEIGHT_CLEARANCE=8.1666666
100
AcDbAttributeDefinition
  3

  2
PSOL_12
 70
     9
280
     0
  0
ATTDEF
  5
1A8
330
189
100
AcDbEntity
  8
AM_6
100
AcDbText
 10
137.5562500000129
 20
-196.8562499999822
 30
0.0
 40
0.5
  1
7},{UNIT_WEIGHT=35.2},{URL=https://daikincomfort.com/},{VERSION=1},{VOLTAGE=240},{VOLTAGE_COMMENTS=208 VAC - 230 VAC},{VAR___FAN_SPEED_SELECTOR=1},{VAR__LOW_FAN_SPEED=1},{VAR__MEDIUM_FAN_SPEED=0},{VAR__HIGH_FAN_SPEED=0},{RFA_FAMILY=Download Revit Fa
100
AcDbAttributeDefinition
  3

  2
PSOL_13
 70
     9
280
     0
  0
ATTDEF
  5
1A9
330
189
100
AcDbEntity
  8
AM_6
100
AcDbText
 10
137.5562500000129
 20
-197.3562499999822
 30
0.0
 40
0.5
  1
RFA)},{DEFAULTSORTATTR=5},{RFA_FAMILY_=../../_pool_/e5/33/air_conditioner-vista-daikin-ffa.zip},{RFA_FAMILY_ENG=../../_pool_/e5/33/air_conditioner-vista-daikin-ffa.zip},{REVIT_FAMILY_DOWNLOAD=../../_pool_/e5/33/air_conditioner-vista-daikin-ffa.zip}
100
AcDbAttributeDefinition
  3

  2
PSOL_14
 70
     9
280
     0
  0
LINE
  5
1AA
330
189
100
AcDbEntity
  8
AM_9
100
AcDbLine
 10
132.5562500000121
 20
-253.206249999984
 30
0.0
 11
-132.5562500000089
 21
-253.2062499999827
 31
0.0
  0
LINE
  5
1AB
330
189
100
AcDbEntity
  8
AM_0
100
AcDbLine
 10
-132.5562500000088
 20
-259.5562499999824
 30
0.0
 11
-132.556250000008
 21
-183.3562499999822
 31
0.0
  0
LINE
  5
1AC
330
189
100
AcDbEntity
  8
AM_0
100
AcDbLine
 10
-132.5562500000088
 20
-259.5562499999824
 30
0.0
 11
132.556250000012
 21
-259.5562499999834
 31
0.0
  0
LINE
  5
1AD
330
189
100
AcDbEntity
  8
AM_0
100
AcDbLine
 10
132.5562500000129
 20
-183.356249999984
 30
0.0
 11
132.556250000012
 21
-259.5562499999834
 31
0.0
  0
ENDBLK
  5
18C
330
189
100
AcDbEntity
  8
0
100
AcDbBlockEnd
  0
BLOCK
  5
1B0
330
1AE
100
AcDbEntity
  8
0
100
AcDbBlockBegin
  2
8_FFA12AVJU9_PART8_0_in_FFA12AVJU9_4
 70
     2
 10
0.0
 20
0.0
 30
0.0
  3
8_FFA12AVJU9_PART8_0_in_FFA12AVJU9_4
  1

  0
ATTDEF
  5
1B2
330
1AE
100
AcDbEntity
  8
AM_6
100
AcDbText
 10
264.5562499999952
 20
-135.7312499999861
 30
0.0
 40
0.5
  1
FFA12AVJU9_PART8
100
AcDbAttributeDefinition
  3

  2
NB
 70
     8
280
     0
  0
ATTDEF
  5
1B3
330
1AE
100
AcDbEntity
  8
AM_6
100
AcDbText
 10
264.5562499999952
 20
-136.2312499999861
 30
0.0
 40
0.5
  1

100
AcDbAttributeDefinition
  3

  2
NN
 70
     8
280
     0
  0
ATTDEF
  5
1B4
330
1AE
100
AcDbEntity
  8
AM_6
100
AcDbText
 10
264.5562499999952
 20
-136.7312499999861
 30
0.0
 40
0.5
  1

100
AcDbAttributeDefinition
  3

  2
NT
 70
     8
280
     0
  0
ATTDEF
  5
1B5
330
1AE
100
AcDbEntity
  8
AM_6
100
AcDbText
 10
264.5562499999952
 20
-137.2312499999861
 30
0.0
 40
0.5
  1
$PARTNUMBER._PART8
100
AcDbAttributeDefinition
  3

  2
NBSYN
 70
     8
280
     0
  0
ATTDEF
  5
1B6
330
1AE
100
AcDbEntity
  8
AM_6
100
AcDbText
 10
264.5562499999952
 20
-137.7312499999861
 30
0.0
 40
0.5
  1
FFA12AVJU9_PART8
100
AcDbAttributeDefinition
  3

  2
LINA
 70
     8
280
     0
  0
ATTDEF
  5
1B7
330
1AE
100
AcDbEntity
  8
AM_6
100
AcDbText
 10
264.5562499999952
 20
-138.2312499999861
 30
0.0
 40
0.5
  1
Daikin
100
AcDbAttributeDefinition
  3

  2
CATALOG
 70
     8
280
     0
  0
ATTDEF
  5
1B8
330
1AE
100
AcDbEntity
  8
AM_6
100
AcDbText
 10
264.5562499999952
 20
-138.7312499999861
 30
0.0
 40
0.5
  1
FFA12AVJU9
100
AcDbAttributeDefinition
  3

  2
PARTNUMBER
 70
     8
280
     0
  0
ATTDEF
  5
1B9
330
1AE
100
AcDbEntity
  8
AM_6
100
AcDbText
 10
264.5562499999952
 20
-139.2312499999861
 30
0.0
 40
0.5
  1
Ceiling Cassette
100
AcDbAttributeDefinition
  3

  2
DESCRIPTION
 70
     8
280
     0
  0
ATTDEF
  5
1BA
330
1AE
100
AcDbEntity
  8
AM_6
100
AcDbText
 10
264.5562499999952
 20
-139.7312499999861
 30
0.0
 40
0.5
  1
24.4375
100
AcDbAttributeDefinition
  3

  2
OVERALL_DEPTH
 70
     8
280
     0
  0
ATTDEF
  5
1BB
330
1AE
100
AcDbEntity
  8
AM_6
100
AcDbText
 10
264.5562499999952
 20
-140.2312499999861
 30
0.0
 40
0.5
  1
12.0625
100
AcDbAttributeDefinition
  3

  2
OVERALL_HEIGHT
 70
     8
280
     0
  0
ATTDEF
  5
1BC
330
1AE
100
AcDbEntity
  8
AM_6
100
AcDbText
 10
264.5562499999952
 20
-140.7312499999861
 30
0.0
 40
0.5
  1
24.4375
100
AcDbAttributeDefinition
  3

  2
OVERALL_WIDTH
 70
     8
280
     0
  0
ATTDEF
  5
1BD
330
1AE
100
AcDbEntity
  8
AM_6
100
AcDbText
 10
264.5562499999952
 20
-141.2312499999861
 30
0.0
 40
0.5
  1
https://daikincomfort.com/
100
AcDbAttributeDefinition
  3

  2
URL
 70
     8
280
     0
  0
ATTDEF
  5
1BE
330
1AE
100
AcDbEntity
  8
AM_6
100
AcDbText
 10
264.5562499999952
 20
-141.7312499999861
 30
0.0
 40
0.5
  1
Download Revit Family (RFA)
100
AcDbAttributeDefinition
  3

  2
RFA_FAMILY
 70
     8
280
     0
  0
ATTDEF
  5
1BF
330
1AE
100
AcDbEntity
  8
AM_6
100
AcDbText
 10
264.5562499999952
 20
-142.2312499999861
 30
0.0
 40
0.5
  1
daikin
100
AcDbAttributeDefinition
  3

  2
COMPANY
 70
     8
280
     0
  0
ATTDEF
  5
1C0
330
1AE
100
AcDbEntity
  8
AM_6
100
AcDbText
 10
264.5562499999952
 20
-142.7312499999861
 30
0.0
 40
0.5
  1
{$CADENAS_DATA/23d-libs/daikin/single20zone20systems/single20zone20indoor20units/28r322920air20conditioner20vista202x220cassette20ffa.prj},229 {VTYP=3D},{NB=FFA12AVJU9_PART8},{LINA=FFA12AVJU9_PART8},{NN=(R32) Air Conditioner Vista 2x2 Cassette FFA_P
100
AcDbAttributeDefinition
  3

  2
PSOL_0
 70
     9
280
     0
  0
ATTDEF
  5
1C1
330
1AE
100
AcDbEntity
  8
AM_6
100
AcDbText
 10
264.5562499999952
 20
-143.2312499999861
 30
0.0
 40
0.5
  1
{NOPRJ=TRUE},{DATE=29.07.2026 16:04:46},{GEOMDATE=08.07.2026 12:36:00},{VERSION=},{LINEID=20},{WBVAR=},{WBNUMERIC=}  {NB=FFA12AVJU9_PART8},{LINA=FFA12AVJU9_PART8},{KT=DUMMY},{PARTNUMBER=FFA12AVJU9},{PARTNUMBERHELP=1Ton_FFA12AVJU9},{ACTUAL_SOUND_PRES
100
AcDbAttributeDefinition
  3

  2
PSOL_1
 70
     9
280
     0
  0
ATTDEF
  5
1C2
330
1AE
100
AcDbEntity
  8
AM_6
100
AcDbText
 10
264.5562499999952
 20
-143.7312499999861
 30
0.0
 40
0.5
  1
DBA_=30},{APPARENT_POWER=3504},{ASSEMBLY_CODE=D3090100},{CATEGORY=Mechanical Equipment},{CEILING_CLEARANCE_OFFSET=5},{CEILING_OPENING_SPACE_WIDTH=1.921875},{CLEARANCE_VISIBILITY=1},{CONDENSATE_DRAIN_CONNECTION_DIAMETER=1.03125},{CONDENSATE_DRAIN_PIP
100
AcDbAttributeDefinition
  3

  2
PSOL_2
 70
     9
280
     0
  0
ATTDEF
  5
1C3
330
1AE
100
AcDbEntity
  8
AM_6
100
AcDbText
 10
264.5562499999952
 20
-144.2312499999861
 30
0.0
 40
0.5
  1
ZONTAL_OFFSET=0.640625},{CONDENSATE_DRAIN_PIPE_LENGTH=0.984375},{CONDENSATE_DRAIN_PIPE_RADIUS=0.04296875},{CONDENSATE_DRAIN_PIPE_VERTICAL_OFFSET=0.723958333333333},{COOLING_MODE=1},{COST=0},{DECORATION_PANEL_DEPTH=2.03645833333333},{DECORATION_PANEL
100
AcDbAttributeDefinition
  3

  2
PSOL_3
 70
     9
280
     0
  0
ATTDEF
  5
1C4
330
1AE
100
AcDbEntity
  8
AM_6
100
AcDbText
 10
264.5562499999952
 20
-144.7312499999861
 30
0.0
 40
0.5
  1
T=0.0260416666666667},{DECORATION_PANEL_WIDTH=2.03645833333333},{DEFAULT_ELEVATION=0},{DESCRIPTION=Ceiling Cassette},{DRAIN_FLOW=0},{ENCLOSURE_DEPTH=1.88541666666667},{ENCLOSURE_FLANGE_OFFSET=0.0833333333333333},{ENCLOSURE_HEIGHT=0.854166666666667},
100
AcDbAttributeDefinition
  3

  2
PSOL_4
 70
     9
280
     0
  0
ATTDEF
  5
1C5
330
1AE
100
AcDbEntity
  8
AM_6
100
AcDbText
 10
264.5562499999952
 20
-145.2312499999861
 30
0.0
 40
0.5
  1
SURE_MINIMUM_HEIGHT_CLEARANCE=0.984375},{ENCLOSURE_WIDTH=1.88541666666667},{FAN_TYPE=Propeller},{FREQUENCY=60},{GAS_PIPE_HORIZONTAL_OFFSET=0.692708333333333},{GAS_PIPE_LENGTH=1.05208333333333},{GAS_PIPE_RADIUS=0.015625},{GAS_PIPE_VERTICAL_OFFSET=0.5
100
AcDbAttributeDefinition
  3

  2
PSOL_5
 70
     9
280
     0
  0
ATTDEF
  5
1C6
330
1AE
100
AcDbEntity
  8
AM_6
100
AcDbText
 10
264.5562499999952
 20
-145.7312499999861
 30
0.0
 40
0.5
  1
66666667},{HEATING_MODE=0},{KNOCK_HOLE_DIAMETER=0.328125},{KNOCK_HOLE_RADIUS=0.1640625},{LATENT_COOLING_CAPACITY=0},{LIQUID_PIPE_HORIZONTAL_OFFSET=0.5625},{LIQUID_PIPE_LENGTH=1.13020833333333},{LIQUID_PIPE_RADIUS=0.0104166666666667},{LIQUID_PIPE_VER
100
AcDbAttributeDefinition
  3

  2
PSOL_6
 70
     9
280
     0
  0
ATTDEF
  5
1C7
330
1AE
100
AcDbEntity
  8
AM_6
100
AcDbText
 10
264.5562499999952
 20
-146.2312499999861
 30
0.0
 40
0.5
  1
OFFSET=0.635416666666667},{LOAD_SUB_CLASSIFICATION_MOTOR=1},{MANUFACTURER=Daikin},{MASSUNIT=1},{MAXIMUM_OVERCURRENT_PROTECTION=15},{MINIMUM_CIRCUIT_AMPS=14.6},{MINIMUM_FLOOR_CLEARANCE=8.16666666666667},{MINIMUM_OBSTACLE_CLEARANCE=5},{NO_OBSTACLES_BE
100
AcDbAttributeDefinition
  3

  2
PSOL_7
 70
     9
280
     0
  0
ATTDEF
  5
1C8
330
1AE
100
AcDbEntity
  8
AM_6
100
AcDbText
 10
264.5562499999952
 20
-146.7312499999861
 30
0.0
 40
0.5
  1
IT=1},{NOMINAL_COOLING_CAPACITY=10800},{NOMINAL_COOLING_CAPACITY__TONS_=1},{NOMINAL_HEATING_CAPACITY=13500},{NUMBER_OF_POLES=2},{OBSTACLES_BELOW_UNIT=0},{OMNICLASS_NUMBER=23.75.10.24.21.27},{OMNICLASS_TITLE=Unitary Air Conditioning Equipment},{OUT_A
100
AcDbAttributeDefinition
  3

  2
PSOL_8
 70
     9
280
     0
  0
ATTDEF
  5
1C9
330
1AE
100
AcDbEntity
  8
AM_6
100
AcDbText
 10
264.5562499999952
 20
-147.2312499999861
 30
0.0
 40
0.5
  1
AKE_H_OFFSET=0.489583333333333},{OUT_AIR_INTAKE_RADIUS=0.0009765625},{OUT_AIR_INTAKE_V_OFFSET=0.729166666666667},{OUTDOOR_AIR_INTAKE=0},{OVERALL_DEPTH=24.4375},{OVERALL_HEIGHT=12.0625},{OVERALL_WIDTH=24.4375},{PANEL_SPACER_HEIGHT=0.125},{PARTTYPE=No
100
AcDbAttributeDefinition
  3

  2
PSOL_9
 70
     9
280
     0
  0
ATTDEF
  5
1CA
330
1AE
100
AcDbEntity
  8
AM_6
100
AcDbText
 10
264.5562499999952
 20
-147.7312499999861
 30
0.0
 40
0.5
  1
{PHASE=1},{PRODUCT_PAGE_URL=https://daikincomfort.com/products/heating-cooling/single-split-ductless/heat-pumps/vista-ceiling-cassette},{REFRIGERANT_LIQUID_CONNECTION_DIAMETER=0.25},{REFRIGERANT_SUCTION_GAS_CONNECTION_DIAMETER=0.375},{REFRIGERANT_US
100
AcDbAttributeDefinition
  3

  2
PSOL_10
 70
     9
280
     0
  0
ATTDEF
  5
1CB
330
1AE
100
AcDbEntity
  8
AM_6
100
AcDbText
 10
264.5562499999952
 20
-148.2312499999861
 30
0.0
 40
0.5
  1
2},{SENSIBLE_COOLING_CAPACITY=0},{SERIES=Vista},{SOUND_PRESSURE_LEVEL_COOLING_H_SPEED_DBA=39},{SOUND_PRESSURE_LEVEL_COOLING_L_SPEED_DBA=30},{SOUND_PRESSURE_LEVEL_COOLING_M_SPEED_DBA=36},{SOUND_PRESSURE_LEVEL_HEATING_H_SPEED_DBA=39},{SOUND_PRESSURE_L
100
AcDbAttributeDefinition
  3

  2
PSOL_11
 70
     9
280
     0
  0
ATTDEF
  5
1CC
330
1AE
100
AcDbEntity
  8
AM_6
100
AcDbText
 10
264.5562499999952
 20
-148.7312499999861
 30
0.0
 40
0.5
  1
EATING_L_SPEED_DBA=30},{SOUND_PRESSURE_LEVEL_HEATING_M_SPEED_DBA=36},{SYSTEM_PERFORMANCE_EER2=11.5},{SYSTEM_PERFORMANCE_HSPF2=9.0},{SYSTEM_PERFORMANCE_SEER2=19.5},{TOTAL_COOLING_CAPACITY=0},{TOTAL_HEATING_CAPACITY=0},{UNIT_HEIGHT_CLEARANCE=8.1666666
100
AcDbAttributeDefinition
  3

  2
PSOL_12
 70
     9
280
     0
  0
ATTDEF
  5
1CD
330
1AE
100
AcDbEntity
  8
AM_6
100
AcDbText
 10
264.5562499999952
 20
-149.2312499999861
 30
0.0
 40
0.5
  1
7},{UNIT_WEIGHT=35.2},{URL=https://daikincomfort.com/},{VERSION=1},{VOLTAGE=240},{VOLTAGE_COMMENTS=208 VAC - 230 VAC},{VAR___FAN_SPEED_SELECTOR=1},{VAR__LOW_FAN_SPEED=1},{VAR__MEDIUM_FAN_SPEED=0},{VAR__HIGH_FAN_SPEED=0},{RFA_FAMILY=Download Revit Fa
100
AcDbAttributeDefinition
  3

  2
PSOL_13
 70
     9
280
     0
  0
ATTDEF
  5
1CE
330
1AE
100
AcDbEntity
  8
AM_6
100
AcDbText
 10
264.5562499999952
 20
-149.7312499999861
 30
0.0
 40
0.5
  1
RFA)},{DEFAULTSORTATTR=5},{RFA_FAMILY_=../../_pool_/e5/33/air_conditioner-vista-daikin-ffa.zip},{RFA_FAMILY_ENG=../../_pool_/e5/33/air_conditioner-vista-daikin-ffa.zip},{REVIT_FAMILY_DOWNLOAD=../../_pool_/e5/33/air_conditioner-vista-daikin-ffa.zip}
100
AcDbAttributeDefinition
  3

  2
PSOL_14
 70
     9
280
     0
  0
LINE
  5
1CF
330
1AE
100
AcDbEntity
  8
AM_9
100
AcDbLine
 10
253.206249999996
 20
-135.7312499999869
 30
0.0
 11
253.2062499999954
 21
-253.206249999985
 31
0.0
  0
LINE
  5
1D0
330
1AE
100
AcDbEntity
  8
AM_9
100
AcDbLine
 10
253.206249999995
 20
-253.206249999985
 30
0.0
 11
135.731250000012
 21
-253.2062499999844
 31
0.0
  0
LINE
  5
1D1
330
1AE
100
AcDbEntity
  8
AM_9
100
AcDbLine
 10
259.556249999994
 20
-259.556249999984
 30
0.0
 11
253.206249999995
 21
-253.2062499999849
 31
0.0
  0
LINE
  5
1D2
330
1AE
100
AcDbEntity
  8
AM_0
100
AcDbLine
 10
259.5562499999943
 20
-259.556249999984
 30
0.0
 11
259.556249999995
 21
-135.7312499999871
 31
0.0
  0
LINE
  5
1D3
330
1AE
100
AcDbEntity
  8
AM_0
100
AcDbLine
 10
135.7312500000123
 20
-259.5562499999833
 30
0.0
 11
259.556249999994
 21
-259.556249999984
 31
0.0
  0
LINE
  5
1D4
330
1AE
100
AcDbEntity
  8
AM_0
100
AcDbLine
 10
135.7312500000123
 20
-259.5562499999835
 30
0.0
 11
135.731250000013
 21
-183.3562499999839
 31
0.0
  0
LINE
  5
1D5
330
1AE
100
AcDbEntity
  8
AM_0
100
AcDbLine
 10
183.356249999995
 20
-135.7312499999861
 30
0.0
 11
259.5562499999952
 21
-135.7312499999871
 31
0.0
  0
ENDBLK
  5
1B1
330
1AE
100
AcDbEntity
  8
0
100
AcDbBlockEnd
  0
BLOCK
  5
1D8
330
1D6
100
AcDbEntity
  8
0
100
AcDbBlockBegin
  2
9_FFA12AVJU9_PART7_0_in_FFA12AVJU9_4
 70
     2
 10
0.0
 20
0.0
 30
0.0
  3
9_FFA12AVJU9_PART7_0_in_FFA12AVJU9_4
  1

  0
ATTDEF
  5
1DA
330
1D6
100
AcDbEntity
  8
AM_6
100
AcDbText
 10
264.5562499999963
 20
132.5562499999982
 30
0.0
 40
0.5
  1
FFA12AVJU9_PART7
100
AcDbAttributeDefinition
  3

  2
NB
 70
     8
280
     0
  0
ATTDEF
  5
1DB
330
1D6
100
AcDbEntity
  8
AM_6
100
AcDbText
 10
264.5562499999963
 20
132.0562499999982
 30
0.0
 40
0.5
  1

100
AcDbAttributeDefinition
  3

  2
NN
 70
     8
280
     0
  0
ATTDEF
  5
1DC
330
1D6
100
AcDbEntity
  8
AM_6
100
AcDbText
 10
264.5562499999963
 20
131.5562499999982
 30
0.0
 40
0.5
  1

100
AcDbAttributeDefinition
  3

  2
NT
 70
     8
280
     0
  0
ATTDEF
  5
1DD
330
1D6
100
AcDbEntity
  8
AM_6
100
AcDbText
 10
264.5562499999963
 20
131.0562499999982
 30
0.0
 40
0.5
  1
$PARTNUMBER._PART7
100
AcDbAttributeDefinition
  3

  2
NBSYN
 70
     8
280
     0
  0
ATTDEF
  5
1DE
330
1D6
100
AcDbEntity
  8
AM_6
100
AcDbText
 10
264.5562499999963
 20
130.5562499999982
 30
0.0
 40
0.5
  1
FFA12AVJU9_PART7
100
AcDbAttributeDefinition
  3

  2
LINA
 70
     8
280
     0
  0
ATTDEF
  5
1DF
330
1D6
100
AcDbEntity
  8
AM_6
100
AcDbText
 10
264.5562499999963
 20
130.0562499999982
 30
0.0
 40
0.5
  1
Daikin
100
AcDbAttributeDefinition
  3

  2
CATALOG
 70
     8
280
     0
  0
ATTDEF
  5
1E0
330
1D6
100
AcDbEntity
  8
AM_6
100
AcDbText
 10
264.5562499999963
 20
129.5562499999982
 30
0.0
 40
0.5
  1
FFA12AVJU9
100
AcDbAttributeDefinition
  3

  2
PARTNUMBER
 70
     8
280
     0
  0
ATTDEF
  5
1E1
330
1D6
100
AcDbEntity
  8
AM_6
100
AcDbText
 10
264.5562499999963
 20
129.0562499999982
 30
0.0
 40
0.5
  1
Ceiling Cassette
100
AcDbAttributeDefinition
  3

  2
DESCRIPTION
 70
     8
280
     0
  0
ATTDEF
  5
1E2
330
1D6
100
AcDbEntity
  8
AM_6
100
AcDbText
 10
264.5562499999963
 20
128.5562499999982
 30
0.0
 40
0.5
  1
24.4375
100
AcDbAttributeDefinition
  3

  2
OVERALL_DEPTH
 70
     8
280
     0
  0
ATTDEF
  5
1E3
330
1D6
100
AcDbEntity
  8
AM_6
100
AcDbText
 10
264.5562499999963
 20
128.0562499999982
 30
0.0
 40
0.5
  1
12.0625
100
AcDbAttributeDefinition
  3

  2
OVERALL_HEIGHT
 70
     8
280
     0
  0
ATTDEF
  5
1E4
330
1D6
100
AcDbEntity
  8
AM_6
100
AcDbText
 10
264.5562499999963
 20
127.5562499999982
 30
0.0
 40
0.5
  1
24.4375
100
AcDbAttributeDefinition
  3

  2
OVERALL_WIDTH
 70
     8
280
     0
  0
ATTDEF
  5
1E5
330
1D6
100
AcDbEntity
  8
AM_6
100
AcDbText
 10
264.5562499999963
 20
127.0562499999982
 30
0.0
 40
0.5
  1
https://daikincomfort.com/
100
AcDbAttributeDefinition
  3

  2
URL
 70
     8
280
     0
  0
ATTDEF
  5
1E6
330
1D6
100
AcDbEntity
  8
AM_6
100
AcDbText
 10
264.5562499999963
 20
126.5562499999982
 30
0.0
 40
0.5
  1
Download Revit Family (RFA)
100
AcDbAttributeDefinition
  3

  2
RFA_FAMILY
 70
     8
280
     0
  0
ATTDEF
  5
1E7
330
1D6
100
AcDbEntity
  8
AM_6
100
AcDbText
 10
264.5562499999963
 20
126.0562499999982
 30
0.0
 40
0.5
  1
daikin
100
AcDbAttributeDefinition
  3

  2
COMPANY
 70
     8
280
     0
  0
ATTDEF
  5
1E8
330
1D6
100
AcDbEntity
  8
AM_6
100
AcDbText
 10
264.5562499999963
 20
125.5562499999982
 30
0.0
 40
0.5
  1
{$CADENAS_DATA/23d-libs/daikin/single20zone20systems/single20zone20indoor20units/28r322920air20conditioner20vista202x220cassette20ffa.prj},229 {VTYP=3D},{NB=FFA12AVJU9_PART7},{LINA=FFA12AVJU9_PART7},{NN=(R32) Air Conditioner Vista 2x2 Cassette FFA_P
100
AcDbAttributeDefinition
  3

  2
PSOL_0
 70
     9
280
     0
  0
ATTDEF
  5
1E9
330
1D6
100
AcDbEntity
  8
AM_6
100
AcDbText
 10
264.5562499999963
 20
125.0562499999982
 30
0.0
 40
0.5
  1
{NOPRJ=TRUE},{DATE=29.07.2026 16:04:46},{GEOMDATE=08.07.2026 12:36:00},{VERSION=},{LINEID=20},{WBVAR=},{WBNUMERIC=}  {NB=FFA12AVJU9_PART7},{LINA=FFA12AVJU9_PART7},{KT=DUMMY},{PARTNUMBER=FFA12AVJU9},{PARTNUMBERHELP=1Ton_FFA12AVJU9},{ACTUAL_SOUND_PRES
100
AcDbAttributeDefinition
  3

  2
PSOL_1
 70
     9
280
     0
  0
ATTDEF
  5
1EA
330
1D6
100
AcDbEntity
  8
AM_6
100
AcDbText
 10
264.5562499999963
 20
124.5562499999982
 30
0.0
 40
0.5
  1
DBA_=30},{APPARENT_POWER=3504},{ASSEMBLY_CODE=D3090100},{CATEGORY=Mechanical Equipment},{CEILING_CLEARANCE_OFFSET=5},{CEILING_OPENING_SPACE_WIDTH=1.921875},{CLEARANCE_VISIBILITY=1},{CONDENSATE_DRAIN_CONNECTION_DIAMETER=1.03125},{CONDENSATE_DRAIN_PIP
100
AcDbAttributeDefinition
  3

  2
PSOL_2
 70
     9
280
     0
  0
ATTDEF
  5
1EB
330
1D6
100
AcDbEntity
  8
AM_6
100
AcDbText
 10
264.5562499999963
 20
124.0562499999982
 30
0.0
 40
0.5
  1
ZONTAL_OFFSET=0.640625},{CONDENSATE_DRAIN_PIPE_LENGTH=0.984375},{CONDENSATE_DRAIN_PIPE_RADIUS=0.04296875},{CONDENSATE_DRAIN_PIPE_VERTICAL_OFFSET=0.723958333333333},{COOLING_MODE=1},{COST=0},{DECORATION_PANEL_DEPTH=2.03645833333333},{DECORATION_PANEL
100
AcDbAttributeDefinition
  3

  2
PSOL_3
 70
     9
280
     0
  0
ATTDEF
  5
1EC
330
1D6
100
AcDbEntity
  8
AM_6
100
AcDbText
 10
264.5562499999963
 20
123.5562499999982
 30
0.0
 40
0.5
  1
T=0.0260416666666667},{DECORATION_PANEL_WIDTH=2.03645833333333},{DEFAULT_ELEVATION=0},{DESCRIPTION=Ceiling Cassette},{DRAIN_FLOW=0},{ENCLOSURE_DEPTH=1.88541666666667},{ENCLOSURE_FLANGE_OFFSET=0.0833333333333333},{ENCLOSURE_HEIGHT=0.854166666666667},
100
AcDbAttributeDefinition
  3

  2
PSOL_4
 70
     9
280
     0
  0
ATTDEF
  5
1ED
330
1D6
100
AcDbEntity
  8
AM_6
100
AcDbText
 10
264.5562499999963
 20
123.0562499999982
 30
0.0
 40
0.5
  1
SURE_MINIMUM_HEIGHT_CLEARANCE=0.984375},{ENCLOSURE_WIDTH=1.88541666666667},{FAN_TYPE=Propeller},{FREQUENCY=60},{GAS_PIPE_HORIZONTAL_OFFSET=0.692708333333333},{GAS_PIPE_LENGTH=1.05208333333333},{GAS_PIPE_RADIUS=0.015625},{GAS_PIPE_VERTICAL_OFFSET=0.5
100
AcDbAttributeDefinition
  3

  2
PSOL_5
 70
     9
280
     0
  0
ATTDEF
  5
1EE
330
1D6
100
AcDbEntity
  8
AM_6
100
AcDbText
 10
264.5562499999963
 20
122.5562499999982
 30
0.0
 40
0.5
  1
66666667},{HEATING_MODE=0},{KNOCK_HOLE_DIAMETER=0.328125},{KNOCK_HOLE_RADIUS=0.1640625},{LATENT_COOLING_CAPACITY=0},{LIQUID_PIPE_HORIZONTAL_OFFSET=0.5625},{LIQUID_PIPE_LENGTH=1.13020833333333},{LIQUID_PIPE_RADIUS=0.0104166666666667},{LIQUID_PIPE_VER
100
AcDbAttributeDefinition
  3

  2
PSOL_6
 70
     9
280
     0
  0
ATTDEF
  5
1EF
330
1D6
100
AcDbEntity
  8
AM_6
100
AcDbText
 10
264.5562499999963
 20
122.0562499999982
 30
0.0
 40
0.5
  1
OFFSET=0.635416666666667},{LOAD_SUB_CLASSIFICATION_MOTOR=1},{MANUFACTURER=Daikin},{MASSUNIT=1},{MAXIMUM_OVERCURRENT_PROTECTION=15},{MINIMUM_CIRCUIT_AMPS=14.6},{MINIMUM_FLOOR_CLEARANCE=8.16666666666667},{MINIMUM_OBSTACLE_CLEARANCE=5},{NO_OBSTACLES_BE
100
AcDbAttributeDefinition
  3

  2
PSOL_7
 70
     9
280
     0
  0
ATTDEF
  5
1F0
330
1D6
100
AcDbEntity
  8
AM_6
100
AcDbText
 10
264.5562499999963
 20
121.5562499999982
 30
0.0
 40
0.5
  1
IT=1},{NOMINAL_COOLING_CAPACITY=10800},{NOMINAL_COOLING_CAPACITY__TONS_=1},{NOMINAL_HEATING_CAPACITY=13500},{NUMBER_OF_POLES=2},{OBSTACLES_BELOW_UNIT=0},{OMNICLASS_NUMBER=23.75.10.24.21.27},{OMNICLASS_TITLE=Unitary Air Conditioning Equipment},{OUT_A
100
AcDbAttributeDefinition
  3

  2
PSOL_8
 70
     9
280
     0
  0
ATTDEF
  5
1F1
330
1D6
100
AcDbEntity
  8
AM_6
100
AcDbText
 10
264.5562499999963
 20
121.0562499999982
 30
0.0
 40
0.5
  1
AKE_H_OFFSET=0.489583333333333},{OUT_AIR_INTAKE_RADIUS=0.0009765625},{OUT_AIR_INTAKE_V_OFFSET=0.729166666666667},{OUTDOOR_AIR_INTAKE=0},{OVERALL_DEPTH=24.4375},{OVERALL_HEIGHT=12.0625},{OVERALL_WIDTH=24.4375},{PANEL_SPACER_HEIGHT=0.125},{PARTTYPE=No
100
AcDbAttributeDefinition
  3

  2
PSOL_9
 70
     9
280
     0
  0
ATTDEF
  5
1F2
330
1D6
100
AcDbEntity
  8
AM_6
100
AcDbText
 10
264.5562499999963
 20
120.5562499999982
 30
0.0
 40
0.5
  1
{PHASE=1},{PRODUCT_PAGE_URL=https://daikincomfort.com/products/heating-cooling/single-split-ductless/heat-pumps/vista-ceiling-cassette},{REFRIGERANT_LIQUID_CONNECTION_DIAMETER=0.25},{REFRIGERANT_SUCTION_GAS_CONNECTION_DIAMETER=0.375},{REFRIGERANT_US
100
AcDbAttributeDefinition
  3

  2
PSOL_10
 70
     9
280
     0
  0
ATTDEF
  5
1F3
330
1D6
100
AcDbEntity
  8
AM_6
100
AcDbText
 10
264.5562499999963
 20
120.0562499999982
 30
0.0
 40
0.5
  1
2},{SENSIBLE_COOLING_CAPACITY=0},{SERIES=Vista},{SOUND_PRESSURE_LEVEL_COOLING_H_SPEED_DBA=39},{SOUND_PRESSURE_LEVEL_COOLING_L_SPEED_DBA=30},{SOUND_PRESSURE_LEVEL_COOLING_M_SPEED_DBA=36},{SOUND_PRESSURE_LEVEL_HEATING_H_SPEED_DBA=39},{SOUND_PRESSURE_L
100
AcDbAttributeDefinition
  3

  2
PSOL_11
 70
     9
280
     0
  0
ATTDEF
  5
1F4
330
1D6
100
AcDbEntity
  8
AM_6
100
AcDbText
 10
264.5562499999963
 20
119.5562499999982
 30
0.0
 40
0.5
  1
EATING_L_SPEED_DBA=30},{SOUND_PRESSURE_LEVEL_HEATING_M_SPEED_DBA=36},{SYSTEM_PERFORMANCE_EER2=11.5},{SYSTEM_PERFORMANCE_HSPF2=9.0},{SYSTEM_PERFORMANCE_SEER2=19.5},{TOTAL_COOLING_CAPACITY=0},{TOTAL_HEATING_CAPACITY=0},{UNIT_HEIGHT_CLEARANCE=8.1666666
100
AcDbAttributeDefinition
  3

  2
PSOL_12
 70
     9
280
     0
  0
ATTDEF
  5
1F5
330
1D6
100
AcDbEntity
  8
AM_6
100
AcDbText
 10
264.5562499999963
 20
119.0562499999982
 30
0.0
 40
0.5
  1
7},{UNIT_WEIGHT=35.2},{URL=https://daikincomfort.com/},{VERSION=1},{VOLTAGE=240},{VOLTAGE_COMMENTS=208 VAC - 230 VAC},{VAR___FAN_SPEED_SELECTOR=1},{VAR__LOW_FAN_SPEED=1},{VAR__MEDIUM_FAN_SPEED=0},{VAR__HIGH_FAN_SPEED=0},{RFA_FAMILY=Download Revit Fa
100
AcDbAttributeDefinition
  3

  2
PSOL_13
 70
     9
280
     0
  0
ATTDEF
  5
1F6
330
1D6
100
AcDbEntity
  8
AM_6
100
AcDbText
 10
264.5562499999963
 20
118.5562499999982
 30
0.0
 40
0.5
  1
RFA)},{DEFAULTSORTATTR=5},{RFA_FAMILY_=../../_pool_/e5/33/air_conditioner-vista-daikin-ffa.zip},{RFA_FAMILY_ENG=../../_pool_/e5/33/air_conditioner-vista-daikin-ffa.zip},{REVIT_FAMILY_DOWNLOAD=../../_pool_/e5/33/air_conditioner-vista-daikin-ffa.zip}
100
AcDbAttributeDefinition
  3

  2
PSOL_14
 70
     9
280
     0
  0
LINE
  5
1F7
330
1D6
100
AcDbEntity
  8
AM_9
100
AcDbLine
 10
253.206249999997
 20
132.5562499999978
 30
0.0
 11
253.2062499999958
 21
-132.5562499999869
 31
0.0
  0
LINE
  5
1F8
330
1D6
100
AcDbEntity
  8
AM_0
100
AcDbLine
 10
259.5562499999954
 20
-132.5562499999868
 30
0.0
 11
183.3562499999952
 21
-132.556249999986
 31
0.0
  0
LINE
  5
1F9
330
1D6
100
AcDbEntity
  8
AM_0
100
AcDbLine
 10
259.5562499999954
 20
-132.5562499999868
 30
0.0
 11
259.5562499999963
 21
132.556249999998
 31
0.0
  0
LINE
  5
1FA
330
1D6
100
AcDbEntity
  8
AM_0
100
AcDbLine
 10
183.356249999997
 20
132.5562499999982
 30
0.0
 11
259.5562499999963
 21
132.556249999998
 31
0.0
  0
ENDBLK
  5
1D9
330
1D6
100
AcDbEntity
  8
0
100
AcDbBlockEnd
  0
BLOCK
  5
1FD
330
1FB
100
AcDbEntity
  8
0
100
AcDbBlockBegin
  2
10_FFA12AVJU9_PART6_0_in_FFA12AVJU9_4
 70
     2
 10
0.0
 20
0.0
 30
0.0
  3
10_FFA12AVJU9_PART6_0_in_FFA12AVJU9_4
  1

  0
ATTDEF
  5
1FF
330
1FB
100
AcDbEntity
  8
AM_6
100
AcDbText
 10
264.556249999997
 20
259.5562500000011
 30
0.0
 40
0.5
  1
FFA12AVJU9_PART6
100
AcDbAttributeDefinition
  3

  2
NB
 70
     8
280
     0
  0
ATTDEF
  5
200
330
1FB
100
AcDbEntity
  8
AM_6
100
AcDbText
 10
264.556249999997
 20
259.0562500000011
 30
0.0
 40
0.5
  1

100
AcDbAttributeDefinition
  3

  2
NN
 70
     8
280
     0
  0
ATTDEF
  5
201
330
1FB
100
AcDbEntity
  8
AM_6
100
AcDbText
 10
264.556249999997
 20
258.5562500000011
 30
0.0
 40
0.5
  1

100
AcDbAttributeDefinition
  3

  2
NT
 70
     8
280
     0
  0
ATTDEF
  5
202
330
1FB
100
AcDbEntity
  8
AM_6
100
AcDbText
 10
264.556249999997
 20
258.0562500000011
 30
0.0
 40
0.5
  1
$PARTNUMBER._PART6
100
AcDbAttributeDefinition
  3

  2
NBSYN
 70
     8
280
     0
  0
ATTDEF
  5
203
330
1FB
100
AcDbEntity
  8
AM_6
100
AcDbText
 10
264.556249999997
 20
257.5562500000011
 30
0.0
 40
0.5
  1
FFA12AVJU9_PART6
100
AcDbAttributeDefinition
  3

  2
LINA
 70
     8
280
     0
  0
ATTDEF
  5
204
330
1FB
100
AcDbEntity
  8
AM_6
100
AcDbText
 10
264.556249999997
 20
257.0562500000011
 30
0.0
 40
0.5
  1
Daikin
100
AcDbAttributeDefinition
  3

  2
CATALOG
 70
     8
280
     0
  0
ATTDEF
  5
205
330
1FB
100
AcDbEntity
  8
AM_6
100
AcDbText
 10
264.556249999997
 20
256.5562500000011
 30
0.0
 40
0.5
  1
FFA12AVJU9
100
AcDbAttributeDefinition
  3

  2
PARTNUMBER
 70
     8
280
     0
  0
ATTDEF
  5
206
330
1FB
100
AcDbEntity
  8
AM_6
100
AcDbText
 10
264.556249999997
 20
256.0562500000011
 30
0.0
 40
0.5
  1
Ceiling Cassette
100
AcDbAttributeDefinition
  3

  2
DESCRIPTION
 70
     8
280
     0
  0
ATTDEF
  5
207
330
1FB
100
AcDbEntity
  8
AM_6
100
AcDbText
 10
264.556249999997
 20
255.5562500000011
 30
0.0
 40
0.5
  1
24.4375
100
AcDbAttributeDefinition
  3

  2
OVERALL_DEPTH
 70
     8
280
     0
  0
ATTDEF
  5
208
330
1FB
100
AcDbEntity
  8
AM_6
100
AcDbText
 10
264.556249999997
 20
255.0562500000011
 30
0.0
 40
0.5
  1
12.0625
100
AcDbAttributeDefinition
  3

  2
OVERALL_HEIGHT
 70
     8
280
     0
  0
ATTDEF
  5
209
330
1FB
100
AcDbEntity
  8
AM_6
100
AcDbText
 10
264.556249999997
 20
254.5562500000011
 30
0.0
 40
0.5
  1
24.4375
100
AcDbAttributeDefinition
  3

  2
OVERALL_WIDTH
 70
     8
280
     0
  0
ATTDEF
  5
20A
330
1FB
100
AcDbEntity
  8
AM_6
100
AcDbText
 10
264.556249999997
 20
254.0562500000011
 30
0.0
 40
0.5
  1
https://daikincomfort.com/
100
AcDbAttributeDefinition
  3

  2
URL
 70
     8
280
     0
  0
ATTDEF
  5
20B
330
1FB
100
AcDbEntity
  8
AM_6
100
AcDbText
 10
264.556249999997
 20
253.5562500000011
 30
0.0
 40
0.5
  1
Download Revit Family (RFA)
100
AcDbAttributeDefinition
  3

  2
RFA_FAMILY
 70
     8
280
     0
  0
ATTDEF
  5
20C
330
1FB
100
AcDbEntity
  8
AM_6
100
AcDbText
 10
264.556249999997
 20
253.0562500000011
 30
0.0
 40
0.5
  1
daikin
100
AcDbAttributeDefinition
  3

  2
COMPANY
 70
     8
280
     0
  0
ATTDEF
  5
20D
330
1FB
100
AcDbEntity
  8
AM_6
100
AcDbText
 10
264.556249999997
 20
252.5562500000011
 30
0.0
 40
0.5
  1
{$CADENAS_DATA/23d-libs/daikin/single20zone20systems/single20zone20indoor20units/28r322920air20conditioner20vista202x220cassette20ffa.prj},229 {VTYP=3D},{NB=FFA12AVJU9_PART6},{LINA=FFA12AVJU9_PART6},{NN=(R32) Air Conditioner Vista 2x2 Cassette FFA_P
100
AcDbAttributeDefinition
  3

  2
PSOL_0
 70
     9
280
     0
  0
ATTDEF
  5
20E
330
1FB
100
AcDbEntity
  8
AM_6
100
AcDbText
 10
264.556249999997
 20
252.0562500000011
 30
0.0
 40
0.5
  1
{NOPRJ=TRUE},{DATE=29.07.2026 16:04:46},{GEOMDATE=08.07.2026 12:36:00},{VERSION=},{LINEID=20},{WBVAR=},{WBNUMERIC=}  {NB=FFA12AVJU9_PART6},{LINA=FFA12AVJU9_PART6},{KT=DUMMY},{PARTNUMBER=FFA12AVJU9},{PARTNUMBERHELP=1Ton_FFA12AVJU9},{ACTUAL_SOUND_PRES
100
AcDbAttributeDefinition
  3

  2
PSOL_1
 70
     9
280
     0
  0
ATTDEF
  5
20F
330
1FB
100
AcDbEntity
  8
AM_6
100
AcDbText
 10
264.556249999997
 20
251.5562500000011
 30
0.0
 40
0.5
  1
DBA_=30},{APPARENT_POWER=3504},{ASSEMBLY_CODE=D3090100},{CATEGORY=Mechanical Equipment},{CEILING_CLEARANCE_OFFSET=5},{CEILING_OPENING_SPACE_WIDTH=1.921875},{CLEARANCE_VISIBILITY=1},{CONDENSATE_DRAIN_CONNECTION_DIAMETER=1.03125},{CONDENSATE_DRAIN_PIP
100
AcDbAttributeDefinition
  3

  2
PSOL_2
 70
     9
280
     0
  0
ATTDEF
  5
210
330
1FB
100
AcDbEntity
  8
AM_6
100
AcDbText
 10
264.556249999997
 20
251.0562500000011
 30
0.0
 40
0.5
  1
ZONTAL_OFFSET=0.640625},{CONDENSATE_DRAIN_PIPE_LENGTH=0.984375},{CONDENSATE_DRAIN_PIPE_RADIUS=0.04296875},{CONDENSATE_DRAIN_PIPE_VERTICAL_OFFSET=0.723958333333333},{COOLING_MODE=1},{COST=0},{DECORATION_PANEL_DEPTH=2.03645833333333},{DECORATION_PANEL
100
AcDbAttributeDefinition
  3

  2
PSOL_3
 70
     9
280
     0
  0
ATTDEF
  5
211
330
1FB
100
AcDbEntity
  8
AM_6
100
AcDbText
 10
264.556249999997
 20
250.5562500000011
 30
0.0
 40
0.5
  1
T=0.0260416666666667},{DECORATION_PANEL_WIDTH=2.03645833333333},{DEFAULT_ELEVATION=0},{DESCRIPTION=Ceiling Cassette},{DRAIN_FLOW=0},{ENCLOSURE_DEPTH=1.88541666666667},{ENCLOSURE_FLANGE_OFFSET=0.0833333333333333},{ENCLOSURE_HEIGHT=0.854166666666667},
100
AcDbAttributeDefinition
  3

  2
PSOL_4
 70
     9
280
     0
  0
ATTDEF
  5
212
330
1FB
100
AcDbEntity
  8
AM_6
100
AcDbText
 10
264.556249999997
 20
250.0562500000011
 30
0.0
 40
0.5
  1
SURE_MINIMUM_HEIGHT_CLEARANCE=0.984375},{ENCLOSURE_WIDTH=1.88541666666667},{FAN_TYPE=Propeller},{FREQUENCY=60},{GAS_PIPE_HORIZONTAL_OFFSET=0.692708333333333},{GAS_PIPE_LENGTH=1.05208333333333},{GAS_PIPE_RADIUS=0.015625},{GAS_PIPE_VERTICAL_OFFSET=0.5
100
AcDbAttributeDefinition
  3

  2
PSOL_5
 70
     9
280
     0
  0
ATTDEF
  5
213
330
1FB
100
AcDbEntity
  8
AM_6
100
AcDbText
 10
264.556249999997
 20
249.5562500000011
 30
0.0
 40
0.5
  1
66666667},{HEATING_MODE=0},{KNOCK_HOLE_DIAMETER=0.328125},{KNOCK_HOLE_RADIUS=0.1640625},{LATENT_COOLING_CAPACITY=0},{LIQUID_PIPE_HORIZONTAL_OFFSET=0.5625},{LIQUID_PIPE_LENGTH=1.13020833333333},{LIQUID_PIPE_RADIUS=0.0104166666666667},{LIQUID_PIPE_VER
100
AcDbAttributeDefinition
  3

  2
PSOL_6
 70
     9
280
     0
  0
ATTDEF
  5
214
330
1FB
100
AcDbEntity
  8
AM_6
100
AcDbText
 10
264.556249999997
 20
249.0562500000011
 30
0.0
 40
0.5
  1
OFFSET=0.635416666666667},{LOAD_SUB_CLASSIFICATION_MOTOR=1},{MANUFACTURER=Daikin},{MASSUNIT=1},{MAXIMUM_OVERCURRENT_PROTECTION=15},{MINIMUM_CIRCUIT_AMPS=14.6},{MINIMUM_FLOOR_CLEARANCE=8.16666666666667},{MINIMUM_OBSTACLE_CLEARANCE=5},{NO_OBSTACLES_BE
100
AcDbAttributeDefinition
  3

  2
PSOL_7
 70
     9
280
     0
  0
ATTDEF
  5
215
330
1FB
100
AcDbEntity
  8
AM_6
100
AcDbText
 10
264.556249999997
 20
248.5562500000011
 30
0.0
 40
0.5
  1
IT=1},{NOMINAL_COOLING_CAPACITY=10800},{NOMINAL_COOLING_CAPACITY__TONS_=1},{NOMINAL_HEATING_CAPACITY=13500},{NUMBER_OF_POLES=2},{OBSTACLES_BELOW_UNIT=0},{OMNICLASS_NUMBER=23.75.10.24.21.27},{OMNICLASS_TITLE=Unitary Air Conditioning Equipment},{OUT_A
100
AcDbAttributeDefinition
  3

  2
PSOL_8
 70
     9
280
     0
  0
ATTDEF
  5
216
330
1FB
100
AcDbEntity
  8
AM_6
100
AcDbText
 10
264.556249999997
 20
248.0562500000011
 30
0.0
 40
0.5
  1
AKE_H_OFFSET=0.489583333333333},{OUT_AIR_INTAKE_RADIUS=0.0009765625},{OUT_AIR_INTAKE_V_OFFSET=0.729166666666667},{OUTDOOR_AIR_INTAKE=0},{OVERALL_DEPTH=24.4375},{OVERALL_HEIGHT=12.0625},{OVERALL_WIDTH=24.4375},{PANEL_SPACER_HEIGHT=0.125},{PARTTYPE=No
100
AcDbAttributeDefinition
  3

  2
PSOL_9
 70
     9
280
     0
  0
ATTDEF
  5
217
330
1FB
100
AcDbEntity
  8
AM_6
100
AcDbText
 10
264.556249999997
 20
247.5562500000011
 30
0.0
 40
0.5
  1
{PHASE=1},{PRODUCT_PAGE_URL=https://daikincomfort.com/products/heating-cooling/single-split-ductless/heat-pumps/vista-ceiling-cassette},{REFRIGERANT_LIQUID_CONNECTION_DIAMETER=0.25},{REFRIGERANT_SUCTION_GAS_CONNECTION_DIAMETER=0.375},{REFRIGERANT_US
100
AcDbAttributeDefinition
  3

  2
PSOL_10
 70
     9
280
     0
  0
ATTDEF
  5
218
330
1FB
100
AcDbEntity
  8
AM_6
100
AcDbText
 10
264.556249999997
 20
247.0562500000011
 30
0.0
 40
0.5
  1
2},{SENSIBLE_COOLING_CAPACITY=0},{SERIES=Vista},{SOUND_PRESSURE_LEVEL_COOLING_H_SPEED_DBA=39},{SOUND_PRESSURE_LEVEL_COOLING_L_SPEED_DBA=30},{SOUND_PRESSURE_LEVEL_COOLING_M_SPEED_DBA=36},{SOUND_PRESSURE_LEVEL_HEATING_H_SPEED_DBA=39},{SOUND_PRESSURE_L
100
AcDbAttributeDefinition
  3

  2
PSOL_11
 70
     9
280
     0
  0
ATTDEF
  5
219
330
1FB
100
AcDbEntity
  8
AM_6
100
AcDbText
 10
264.556249999997
 20
246.5562500000011
 30
0.0
 40
0.5
  1
EATING_L_SPEED_DBA=30},{SOUND_PRESSURE_LEVEL_HEATING_M_SPEED_DBA=36},{SYSTEM_PERFORMANCE_EER2=11.5},{SYSTEM_PERFORMANCE_HSPF2=9.0},{SYSTEM_PERFORMANCE_SEER2=19.5},{TOTAL_COOLING_CAPACITY=0},{TOTAL_HEATING_CAPACITY=0},{UNIT_HEIGHT_CLEARANCE=8.1666666
100
AcDbAttributeDefinition
  3

  2
PSOL_12
 70
     9
280
     0
  0
ATTDEF
  5
21A
330
1FB
100
AcDbEntity
  8
AM_6
100
AcDbText
 10
264.556249999997
 20
246.0562500000011
 30
0.0
 40
0.5
  1
7},{UNIT_WEIGHT=35.2},{URL=https://daikincomfort.com/},{VERSION=1},{VOLTAGE=240},{VOLTAGE_COMMENTS=208 VAC - 230 VAC},{VAR___FAN_SPEED_SELECTOR=1},{VAR__LOW_FAN_SPEED=1},{VAR__MEDIUM_FAN_SPEED=0},{VAR__HIGH_FAN_SPEED=0},{RFA_FAMILY=Download Revit Fa
100
AcDbAttributeDefinition
  3

  2
PSOL_13
 70
     9
280
     0
  0
ATTDEF
  5
21B
330
1FB
100
AcDbEntity
  8
AM_6
100
AcDbText
 10
264.556249999997
 20
245.5562500000011
 30
0.0
 40
0.5
  1
RFA)},{DEFAULTSORTATTR=5},{RFA_FAMILY_=../../_pool_/e5/33/air_conditioner-vista-daikin-ffa.zip},{RFA_FAMILY_ENG=../../_pool_/e5/33/air_conditioner-vista-daikin-ffa.zip},{REVIT_FAMILY_DOWNLOAD=../../_pool_/e5/33/air_conditioner-vista-daikin-ffa.zip}
100
AcDbAttributeDefinition
  3

  2
PSOL_14
 70
     9
280
     0
  0
LINE
  5
21C
330
1FB
100
AcDbEntity
  8
AM_9
100
AcDbLine
 10
253.206249999998
 20
253.206250000001
 30
0.0
 11
253.2062499999974
 21
135.731249999998
 31
0.0
  0
LINE
  5
21D
330
1FB
100
AcDbEntity
  8
AM_9
100
AcDbLine
 10
135.7312500000162
 20
253.206250000002
 30
0.0
 11
253.206249999998
 21
253.2062500000015
 31
0.0
  0
LINE
  5
21E
330
1FB
100
AcDbEntity
  8
AM_9
100
AcDbLine
 10
259.556249999997
 20
259.55625
 30
0.0
 11
253.206249999998
 21
253.206250000001
 31
0.0
  0
LINE
  5
21F
330
1FB
100
AcDbEntity
  8
AM_0
100
AcDbLine
 10
259.5562499999966
 20
135.7312499999975
 30
0.0
 11
183.3562499999969
 21
135.731249999998
 31
0.0
  0
LINE
  5
220
330
1FB
100
AcDbEntity
  8
AM_0
100
AcDbLine
 10
259.5562499999963
 20
135.7312499999975
 30
0.0
 11
259.556249999997
 21
259.55625
 31
0.0
  0
LINE
  5
221
330
1FB
100
AcDbEntity
  8
AM_0
100
AcDbLine
 10
259.556249999997
 20
259.5562500000003
 30
0.0
 11
135.7312500000167
 21
259.556250000001
 31
0.0
  0
LINE
  5
222
330
1FB
100
AcDbEntity
  8
AM_0
100
AcDbLine
 10
135.7312500000161
 20
183.356250000001
 30
0.0
 11
135.7312500000167
 21
259.5562500000011
 31
0.0
  0
ENDBLK
  5
1FE
330
1FB
100
AcDbEntity
  8
0
100
AcDbBlockEnd
  0
BLOCK
  5
225
330
223
100
AcDbEntity
  8
0
100
AcDbBlockBegin
  2
11_FFA12AVJU9_PART5_0_in_FFA12AVJU9_4
 70
     2
 10
0.0
 20
0.0
 30
0.0
  3
11_FFA12AVJU9_PART5_0_in_FFA12AVJU9_4
  1

  0
ATTDEF
  5
227
330
223
100
AcDbEntity
  8
AM_6
100
AcDbText
 10
137.5562500000169
 20
259.5562500000026
 30
0.0
 40
0.5
  1
FFA12AVJU9_PART5
100
AcDbAttributeDefinition
  3

  2
NB
 70
     8
280
     0
  0
ATTDEF
  5
228
330
223
100
AcDbEntity
  8
AM_6
100
AcDbText
 10
137.5562500000169
 20
259.0562500000026
 30
0.0
 40
0.5
  1

100
AcDbAttributeDefinition
  3

  2
NN
 70
     8
280
     0
  0
ATTDEF
  5
229
330
223
100
AcDbEntity
  8
AM_6
100
AcDbText
 10
137.5562500000169
 20
258.5562500000026
 30
0.0
 40
0.5
  1

100
AcDbAttributeDefinition
  3

  2
NT
 70
     8
280
     0
  0
ATTDEF
  5
22A
330
223
100
AcDbEntity
  8
AM_6
100
AcDbText
 10
137.5562500000169
 20
258.0562500000026
 30
0.0
 40
0.5
  1
$PARTNUMBER._PART5
100
AcDbAttributeDefinition
  3

  2
NBSYN
 70
     8
280
     0
  0
ATTDEF
  5
22B
330
223
100
AcDbEntity
  8
AM_6
100
AcDbText
 10
137.5562500000169
 20
257.5562500000026
 30
0.0
 40
0.5
  1
FFA12AVJU9_PART5
100
AcDbAttributeDefinition
  3

  2
LINA
 70
     8
280
     0
  0
ATTDEF
  5
22C
330
223
100
AcDbEntity
  8
AM_6
100
AcDbText
 10
137.5562500000169
 20
257.0562500000026
 30
0.0
 40
0.5
  1
Daikin
100
AcDbAttributeDefinition
  3

  2
CATALOG
 70
     8
280
     0
  0
ATTDEF
  5
22D
330
223
100
AcDbEntity
  8
AM_6
100
AcDbText
 10
137.5562500000169
 20
256.5562500000026
 30
0.0
 40
0.5
  1
FFA12AVJU9
100
AcDbAttributeDefinition
  3

  2
PARTNUMBER
 70
     8
280
     0
  0
ATTDEF
  5
22E
330
223
100
AcDbEntity
  8
AM_6
100
AcDbText
 10
137.5562500000169
 20
256.0562500000026
 30
0.0
 40
0.5
  1
Ceiling Cassette
100
AcDbAttributeDefinition
  3

  2
DESCRIPTION
 70
     8
280
     0
  0
ATTDEF
  5
22F
330
223
100
AcDbEntity
  8
AM_6
100
AcDbText
 10
137.5562500000169
 20
255.5562500000026
 30
0.0
 40
0.5
  1
24.4375
100
AcDbAttributeDefinition
  3

  2
OVERALL_DEPTH
 70
     8
280
     0
  0
ATTDEF
  5
230
330
223
100
AcDbEntity
  8
AM_6
100
AcDbText
 10
137.5562500000169
 20
255.0562500000026
 30
0.0
 40
0.5
  1
12.0625
100
AcDbAttributeDefinition
  3

  2
OVERALL_HEIGHT
 70
     8
280
     0
  0
ATTDEF
  5
231
330
223
100
AcDbEntity
  8
AM_6
100
AcDbText
 10
137.5562500000169
 20
254.5562500000026
 30
0.0
 40
0.5
  1
24.4375
100
AcDbAttributeDefinition
  3

  2
OVERALL_WIDTH
 70
     8
280
     0
  0
ATTDEF
  5
232
330
223
100
AcDbEntity
  8
AM_6
100
AcDbText
 10
137.5562500000169
 20
254.0562500000026
 30
0.0
 40
0.5
  1
https://daikincomfort.com/
100
AcDbAttributeDefinition
  3

  2
URL
 70
     8
280
     0
  0
ATTDEF
  5
233
330
223
100
AcDbEntity
  8
AM_6
100
AcDbText
 10
137.5562500000169
 20
253.5562500000026
 30
0.0
 40
0.5
  1
Download Revit Family (RFA)
100
AcDbAttributeDefinition
  3

  2
RFA_FAMILY
 70
     8
280
     0
  0
ATTDEF
  5
234
330
223
100
AcDbEntity
  8
AM_6
100
AcDbText
 10
137.5562500000169
 20
253.0562500000026
 30
0.0
 40
0.5
  1
daikin
100
AcDbAttributeDefinition
  3

  2
COMPANY
 70
     8
280
     0
  0
ATTDEF
  5
235
330
223
100
AcDbEntity
  8
AM_6
100
AcDbText
 10
137.5562500000169
 20
252.5562500000026
 30
0.0
 40
0.5
  1
{$CADENAS_DATA/23d-libs/daikin/single20zone20systems/single20zone20indoor20units/28r322920air20conditioner20vista202x220cassette20ffa.prj},229 {VTYP=3D},{NB=FFA12AVJU9_PART5},{LINA=FFA12AVJU9_PART5},{NN=(R32) Air Conditioner Vista 2x2 Cassette FFA_P
100
AcDbAttributeDefinition
  3

  2
PSOL_0
 70
     9
280
     0
  0
ATTDEF
  5
236
330
223
100
AcDbEntity
  8
AM_6
100
AcDbText
 10
137.5562500000169
 20
252.0562500000026
 30
0.0
 40
0.5
  1
{NOPRJ=TRUE},{DATE=29.07.2026 16:04:46},{GEOMDATE=08.07.2026 12:36:00},{VERSION=},{LINEID=20},{WBVAR=},{WBNUMERIC=}  {NB=FFA12AVJU9_PART5},{LINA=FFA12AVJU9_PART5},{KT=DUMMY},{PARTNUMBER=FFA12AVJU9},{PARTNUMBERHELP=1Ton_FFA12AVJU9},{ACTUAL_SOUND_PRES
100
AcDbAttributeDefinition
  3

  2
PSOL_1
 70
     9
280
     0
  0
ATTDEF
  5
237
330
223
100
AcDbEntity
  8
AM_6
100
AcDbText
 10
137.5562500000169
 20
251.5562500000026
 30
0.0
 40
0.5
  1
DBA_=30},{APPARENT_POWER=3504},{ASSEMBLY_CODE=D3090100},{CATEGORY=Mechanical Equipment},{CEILING_CLEARANCE_OFFSET=5},{CEILING_OPENING_SPACE_WIDTH=1.921875},{CLEARANCE_VISIBILITY=1},{CONDENSATE_DRAIN_CONNECTION_DIAMETER=1.03125},{CONDENSATE_DRAIN_PIP
100
AcDbAttributeDefinition
  3

  2
PSOL_2
 70
     9
280
     0
  0
ATTDEF
  5
238
330
223
100
AcDbEntity
  8
AM_6
100
AcDbText
 10
137.5562500000169
 20
251.0562500000026
 30
0.0
 40
0.5
  1
ZONTAL_OFFSET=0.640625},{CONDENSATE_DRAIN_PIPE_LENGTH=0.984375},{CONDENSATE_DRAIN_PIPE_RADIUS=0.04296875},{CONDENSATE_DRAIN_PIPE_VERTICAL_OFFSET=0.723958333333333},{COOLING_MODE=1},{COST=0},{DECORATION_PANEL_DEPTH=2.03645833333333},{DECORATION_PANEL
100
AcDbAttributeDefinition
  3

  2
PSOL_3
 70
     9
280
     0
  0
ATTDEF
  5
239
330
223
100
AcDbEntity
  8
AM_6
100
AcDbText
 10
137.5562500000169
 20
250.5562500000026
 30
0.0
 40
0.5
  1
T=0.0260416666666667},{DECORATION_PANEL_WIDTH=2.03645833333333},{DEFAULT_ELEVATION=0},{DESCRIPTION=Ceiling Cassette},{DRAIN_FLOW=0},{ENCLOSURE_DEPTH=1.88541666666667},{ENCLOSURE_FLANGE_OFFSET=0.0833333333333333},{ENCLOSURE_HEIGHT=0.854166666666667},
100
AcDbAttributeDefinition
  3

  2
PSOL_4
 70
     9
280
     0
  0
ATTDEF
  5
23A
330
223
100
AcDbEntity
  8
AM_6
100
AcDbText
 10
137.5562500000169
 20
250.0562500000026
 30
0.0
 40
0.5
  1
SURE_MINIMUM_HEIGHT_CLEARANCE=0.984375},{ENCLOSURE_WIDTH=1.88541666666667},{FAN_TYPE=Propeller},{FREQUENCY=60},{GAS_PIPE_HORIZONTAL_OFFSET=0.692708333333333},{GAS_PIPE_LENGTH=1.05208333333333},{GAS_PIPE_RADIUS=0.015625},{GAS_PIPE_VERTICAL_OFFSET=0.5
100
AcDbAttributeDefinition
  3

  2
PSOL_5
 70
     9
280
     0
  0
ATTDEF
  5
23B
330
223
100
AcDbEntity
  8
AM_6
100
AcDbText
 10
137.5562500000169
 20
249.5562500000026
 30
0.0
 40
0.5
  1
66666667},{HEATING_MODE=0},{KNOCK_HOLE_DIAMETER=0.328125},{KNOCK_HOLE_RADIUS=0.1640625},{LATENT_COOLING_CAPACITY=0},{LIQUID_PIPE_HORIZONTAL_OFFSET=0.5625},{LIQUID_PIPE_LENGTH=1.13020833333333},{LIQUID_PIPE_RADIUS=0.0104166666666667},{LIQUID_PIPE_VER
100
AcDbAttributeDefinition
  3

  2
PSOL_6
 70
     9
280
     0
  0
ATTDEF
  5
23C
330
223
100
AcDbEntity
  8
AM_6
100
AcDbText
 10
137.5562500000169
 20
249.0562500000026
 30
0.0
 40
0.5
  1
OFFSET=0.635416666666667},{LOAD_SUB_CLASSIFICATION_MOTOR=1},{MANUFACTURER=Daikin},{MASSUNIT=1},{MAXIMUM_OVERCURRENT_PROTECTION=15},{MINIMUM_CIRCUIT_AMPS=14.6},{MINIMUM_FLOOR_CLEARANCE=8.16666666666667},{MINIMUM_OBSTACLE_CLEARANCE=5},{NO_OBSTACLES_BE
100
AcDbAttributeDefinition
  3

  2
PSOL_7
 70
     9
280
     0
  0
ATTDEF
  5
23D
330
223
100
AcDbEntity
  8
AM_6
100
AcDbText
 10
137.5562500000169
 20
248.5562500000026
 30
0.0
 40
0.5
  1
IT=1},{NOMINAL_COOLING_CAPACITY=10800},{NOMINAL_COOLING_CAPACITY__TONS_=1},{NOMINAL_HEATING_CAPACITY=13500},{NUMBER_OF_POLES=2},{OBSTACLES_BELOW_UNIT=0},{OMNICLASS_NUMBER=23.75.10.24.21.27},{OMNICLASS_TITLE=Unitary Air Conditioning Equipment},{OUT_A
100
AcDbAttributeDefinition
  3

  2
PSOL_8
 70
     9
280
     0
  0
ATTDEF
  5
23E
330
223
100
AcDbEntity
  8
AM_6
100
AcDbText
 10
137.5562500000169
 20
248.0562500000026
 30
0.0
 40
0.5
  1
AKE_H_OFFSET=0.489583333333333},{OUT_AIR_INTAKE_RADIUS=0.0009765625},{OUT_AIR_INTAKE_V_OFFSET=0.729166666666667},{OUTDOOR_AIR_INTAKE=0},{OVERALL_DEPTH=24.4375},{OVERALL_HEIGHT=12.0625},{OVERALL_WIDTH=24.4375},{PANEL_SPACER_HEIGHT=0.125},{PARTTYPE=No
100
AcDbAttributeDefinition
  3

  2
PSOL_9
 70
     9
280
     0
  0
ATTDEF
  5
23F
330
223
100
AcDbEntity
  8
AM_6
100
AcDbText
 10
137.5562500000169
 20
247.5562500000026
 30
0.0
 40
0.5
  1
{PHASE=1},{PRODUCT_PAGE_URL=https://daikincomfort.com/products/heating-cooling/single-split-ductless/heat-pumps/vista-ceiling-cassette},{REFRIGERANT_LIQUID_CONNECTION_DIAMETER=0.25},{REFRIGERANT_SUCTION_GAS_CONNECTION_DIAMETER=0.375},{REFRIGERANT_US
100
AcDbAttributeDefinition
  3

  2
PSOL_10
 70
     9
280
     0
  0
ATTDEF
  5
240
330
223
100
AcDbEntity
  8
AM_6
100
AcDbText
 10
137.5562500000169
 20
247.0562500000026
 30
0.0
 40
0.5
  1
2},{SENSIBLE_COOLING_CAPACITY=0},{SERIES=Vista},{SOUND_PRESSURE_LEVEL_COOLING_H_SPEED_DBA=39},{SOUND_PRESSURE_LEVEL_COOLING_L_SPEED_DBA=30},{SOUND_PRESSURE_LEVEL_COOLING_M_SPEED_DBA=36},{SOUND_PRESSURE_LEVEL_HEATING_H_SPEED_DBA=39},{SOUND_PRESSURE_L
100
AcDbAttributeDefinition
  3

  2
PSOL_11
 70
     9
280
     0
  0
ATTDEF
  5
241
330
223
100
AcDbEntity
  8
AM_6
100
AcDbText
 10
137.5562500000169
 20
246.5562500000026
 30
0.0
 40
0.5
  1
EATING_L_SPEED_DBA=30},{SOUND_PRESSURE_LEVEL_HEATING_M_SPEED_DBA=36},{SYSTEM_PERFORMANCE_EER2=11.5},{SYSTEM_PERFORMANCE_HSPF2=9.0},{SYSTEM_PERFORMANCE_SEER2=19.5},{TOTAL_COOLING_CAPACITY=0},{TOTAL_HEATING_CAPACITY=0},{UNIT_HEIGHT_CLEARANCE=8.1666666
100
AcDbAttributeDefinition
  3

  2
PSOL_12
 70
     9
280
     0
  0
ATTDEF
  5
242
330
223
100
AcDbEntity
  8
AM_6
100
AcDbText
 10
137.5562500000169
 20
246.0562500000026
 30
0.0
 40
0.5
  1
7},{UNIT_WEIGHT=35.2},{URL=https://daikincomfort.com/},{VERSION=1},{VOLTAGE=240},{VOLTAGE_COMMENTS=208 VAC - 230 VAC},{VAR___FAN_SPEED_SELECTOR=1},{VAR__LOW_FAN_SPEED=1},{VAR__MEDIUM_FAN_SPEED=0},{VAR__HIGH_FAN_SPEED=0},{RFA_FAMILY=Download Revit Fa
100
AcDbAttributeDefinition
  3

  2
PSOL_13
 70
     9
280
     0
  0
ATTDEF
  5
243
330
223
100
AcDbEntity
  8
AM_6
100
AcDbText
 10
137.5562500000169
 20
245.5562500000026
 30
0.0
 40
0.5
  1
RFA)},{DEFAULTSORTATTR=5},{RFA_FAMILY_=../../_pool_/e5/33/air_conditioner-vista-daikin-ffa.zip},{RFA_FAMILY_ENG=../../_pool_/e5/33/air_conditioner-vista-daikin-ffa.zip},{REVIT_FAMILY_DOWNLOAD=../../_pool_/e5/33/air_conditioner-vista-daikin-ffa.zip}
100
AcDbAttributeDefinition
  3

  2
PSOL_14
 70
     9
280
     0
  0
LINE
  5
244
330
223
100
AcDbEntity
  8
AM_9
100
AcDbLine
 10
-132.5562500000048
 20
253.206250000003
 30
0.0
 11
132.5562500000169
 21
253.2062500000018
 31
0.0
  0
LINE
  5
245
330
223
100
AcDbEntity
  8
AM_0
100
AcDbLine
 10
132.5562500000168
 20
259.5562500000014
 30
0.0
 11
132.556250000016
 21
183.3562500000012
 31
0.0
  0
LINE
  5
246
330
223
100
AcDbEntity
  8
AM_0
100
AcDbLine
 10
132.5562500000168
 20
259.5562500000014
 30
0.0
 11
-132.5562500000047
 21
259.5562500000026
 31
0.0
  0
LINE
  5
247
330
223
100
AcDbEntity
  8
AM_0
100
AcDbLine
 10
-132.5562500000049
 20
183.356250000003
 30
0.0
 11
-132.5562500000047
 21
259.5562500000026
 31
0.0
  0
ENDBLK
  5
226
330
223
100
AcDbEntity
  8
0
100
AcDbBlockEnd
  0
BLOCK
  5
24A
330
248
100
AcDbEntity
  8
0
100
AcDbBlockBegin
  2
12_FFA12AVJU9_PART4_0_in_FFA12AVJU9_4
 70
     2
 10
0.0
 20
0.0
 30
0.0
  3
12_FFA12AVJU9_PART4_0_in_FFA12AVJU9_4
  1

  0
ATTDEF
  5
24C
330
248
100
AcDbEntity
  8
AM_6
100
AcDbText
 10
-130.7312500000042
 20
259.556250000003
 30
0.0
 40
0.5
  1
FFA12AVJU9_PART4
100
AcDbAttributeDefinition
  3

  2
NB
 70
     8
280
     0
  0
ATTDEF
  5
24D
330
248
100
AcDbEntity
  8
AM_6
100
AcDbText
 10
-130.7312500000042
 20
259.056250000003
 30
0.0
 40
0.5
  1

100
AcDbAttributeDefinition
  3

  2
NN
 70
     8
280
     0
  0
ATTDEF
  5
24E
330
248
100
AcDbEntity
  8
AM_6
100
AcDbText
 10
-130.7312500000042
 20
258.556250000003
 30
0.0
 40
0.5
  1

100
AcDbAttributeDefinition
  3

  2
NT
 70
     8
280
     0
  0
ATTDEF
  5
24F
330
248
100
AcDbEntity
  8
AM_6
100
AcDbText
 10
-130.7312500000042
 20
258.056250000003
 30
0.0
 40
0.5
  1
$PARTNUMBER._PART4
100
AcDbAttributeDefinition
  3

  2
NBSYN
 70
     8
280
     0
  0
ATTDEF
  5
250
330
248
100
AcDbEntity
  8
AM_6
100
AcDbText
 10
-130.7312500000042
 20
257.556250000003
 30
0.0
 40
0.5
  1
FFA12AVJU9_PART4
100
AcDbAttributeDefinition
  3

  2
LINA
 70
     8
280
     0
  0
ATTDEF
  5
251
330
248
100
AcDbEntity
  8
AM_6
100
AcDbText
 10
-130.7312500000042
 20
257.056250000003
 30
0.0
 40
0.5
  1
Daikin
100
AcDbAttributeDefinition
  3

  2
CATALOG
 70
     8
280
     0
  0
ATTDEF
  5
252
330
248
100
AcDbEntity
  8
AM_6
100
AcDbText
 10
-130.7312500000042
 20
256.556250000003
 30
0.0
 40
0.5
  1
FFA12AVJU9
100
AcDbAttributeDefinition
  3

  2
PARTNUMBER
 70
     8
280
     0
  0
ATTDEF
  5
253
330
248
100
AcDbEntity
  8
AM_6
100
AcDbText
 10
-130.7312500000042
 20
256.056250000003
 30
0.0
 40
0.5
  1
Ceiling Cassette
100
AcDbAttributeDefinition
  3

  2
DESCRIPTION
 70
     8
280
     0
  0
ATTDEF
  5
254
330
248
100
AcDbEntity
  8
AM_6
100
AcDbText
 10
-130.7312500000042
 20
255.556250000003
 30
0.0
 40
0.5
  1
24.4375
100
AcDbAttributeDefinition
  3

  2
OVERALL_DEPTH
 70
     8
280
     0
  0
ATTDEF
  5
255
330
248
100
AcDbEntity
  8
AM_6
100
AcDbText
 10
-130.7312500000042
 20
255.056250000003
 30
0.0
 40
0.5
  1
12.0625
100
AcDbAttributeDefinition
  3

  2
OVERALL_HEIGHT
 70
     8
280
     0
  0
ATTDEF
  5
256
330
248
100
AcDbEntity
  8
AM_6
100
AcDbText
 10
-130.7312500000042
 20
254.556250000003
 30
0.0
 40
0.5
  1
24.4375
100
AcDbAttributeDefinition
  3

  2
OVERALL_WIDTH
 70
     8
280
     0
  0
ATTDEF
  5
257
330
248
100
AcDbEntity
  8
AM_6
100
AcDbText
 10
-130.7312500000042
 20
254.056250000003
 30
0.0
 40
0.5
  1
https://daikincomfort.com/
100
AcDbAttributeDefinition
  3

  2
URL
 70
     8
280
     0
  0
ATTDEF
  5
258
330
248
100
AcDbEntity
  8
AM_6
100
AcDbText
 10
-130.7312500000042
 20
253.556250000003
 30
0.0
 40
0.5
  1
Download Revit Family (RFA)
100
AcDbAttributeDefinition
  3

  2
RFA_FAMILY
 70
     8
280
     0
  0
ATTDEF
  5
259
330
248
100
AcDbEntity
  8
AM_6
100
AcDbText
 10
-130.7312500000042
 20
253.056250000003
 30
0.0
 40
0.5
  1
daikin
100
AcDbAttributeDefinition
  3

  2
COMPANY
 70
     8
280
     0
  0
ATTDEF
  5
25A
330
248
100
AcDbEntity
  8
AM_6
100
AcDbText
 10
-130.7312500000042
 20
252.556250000003
 30
0.0
 40
0.5
  1
{$CADENAS_DATA/23d-libs/daikin/single20zone20systems/single20zone20indoor20units/28r322920air20conditioner20vista202x220cassette20ffa.prj},229 {VTYP=3D},{NB=FFA12AVJU9_PART4},{LINA=FFA12AVJU9_PART4},{NN=(R32) Air Conditioner Vista 2x2 Cassette FFA_P
100
AcDbAttributeDefinition
  3

  2
PSOL_0
 70
     9
280
     0
  0
ATTDEF
  5
25B
330
248
100
AcDbEntity
  8
AM_6
100
AcDbText
 10
-130.7312500000042
 20
252.056250000003
 30
0.0
 40
0.5
  1
{NOPRJ=TRUE},{DATE=29.07.2026 16:04:46},{GEOMDATE=08.07.2026 12:36:00},{VERSION=},{LINEID=20},{WBVAR=},{WBNUMERIC=}  {NB=FFA12AVJU9_PART4},{LINA=FFA12AVJU9_PART4},{KT=DUMMY},{PARTNUMBER=FFA12AVJU9},{PARTNUMBERHELP=1Ton_FFA12AVJU9},{ACTUAL_SOUND_PRES
100
AcDbAttributeDefinition
  3

  2
PSOL_1
 70
     9
280
     0
  0
ATTDEF
  5
25C
330
248
100
AcDbEntity
  8
AM_6
100
AcDbText
 10
-130.7312500000042
 20
251.556250000003
 30
0.0
 40
0.5
  1
DBA_=30},{APPARENT_POWER=3504},{ASSEMBLY_CODE=D3090100},{CATEGORY=Mechanical Equipment},{CEILING_CLEARANCE_OFFSET=5},{CEILING_OPENING_SPACE_WIDTH=1.921875},{CLEARANCE_VISIBILITY=1},{CONDENSATE_DRAIN_CONNECTION_DIAMETER=1.03125},{CONDENSATE_DRAIN_PIP
100
AcDbAttributeDefinition
  3

  2
PSOL_2
 70
     9
280
     0
  0
ATTDEF
  5
25D
330
248
100
AcDbEntity
  8
AM_6
100
AcDbText
 10
-130.7312500000042
 20
251.056250000003
 30
0.0
 40
0.5
  1
ZONTAL_OFFSET=0.640625},{CONDENSATE_DRAIN_PIPE_LENGTH=0.984375},{CONDENSATE_DRAIN_PIPE_RADIUS=0.04296875},{CONDENSATE_DRAIN_PIPE_VERTICAL_OFFSET=0.723958333333333},{COOLING_MODE=1},{COST=0},{DECORATION_PANEL_DEPTH=2.03645833333333},{DECORATION_PANEL
100
AcDbAttributeDefinition
  3

  2
PSOL_3
 70
     9
280
     0
  0
ATTDEF
  5
25E
330
248
100
AcDbEntity
  8
AM_6
100
AcDbText
 10
-130.7312500000042
 20
250.556250000003
 30
0.0
 40
0.5
  1
T=0.0260416666666667},{DECORATION_PANEL_WIDTH=2.03645833333333},{DEFAULT_ELEVATION=0},{DESCRIPTION=Ceiling Cassette},{DRAIN_FLOW=0},{ENCLOSURE_DEPTH=1.88541666666667},{ENCLOSURE_FLANGE_OFFSET=0.0833333333333333},{ENCLOSURE_HEIGHT=0.854166666666667},
100
AcDbAttributeDefinition
  3

  2
PSOL_4
 70
     9
280
     0
  0
ATTDEF
  5
25F
330
248
100
AcDbEntity
  8
AM_6
100
AcDbText
 10
-130.7312500000042
 20
250.056250000003
 30
0.0
 40
0.5
  1
SURE_MINIMUM_HEIGHT_CLEARANCE=0.984375},{ENCLOSURE_WIDTH=1.88541666666667},{FAN_TYPE=Propeller},{FREQUENCY=60},{GAS_PIPE_HORIZONTAL_OFFSET=0.692708333333333},{GAS_PIPE_LENGTH=1.05208333333333},{GAS_PIPE_RADIUS=0.015625},{GAS_PIPE_VERTICAL_OFFSET=0.5
100
AcDbAttributeDefinition
  3

  2
PSOL_5
 70
     9
280
     0
  0
ATTDEF
  5
260
330
248
100
AcDbEntity
  8
AM_6
100
AcDbText
 10
-130.7312500000042
 20
249.556250000003
 30
0.0
 40
0.5
  1
66666667},{HEATING_MODE=0},{KNOCK_HOLE_DIAMETER=0.328125},{KNOCK_HOLE_RADIUS=0.1640625},{LATENT_COOLING_CAPACITY=0},{LIQUID_PIPE_HORIZONTAL_OFFSET=0.5625},{LIQUID_PIPE_LENGTH=1.13020833333333},{LIQUID_PIPE_RADIUS=0.0104166666666667},{LIQUID_PIPE_VER
100
AcDbAttributeDefinition
  3

  2
PSOL_6
 70
     9
280
     0
  0
ATTDEF
  5
261
330
248
100
AcDbEntity
  8
AM_6
100
AcDbText
 10
-130.7312500000042
 20
249.056250000003
 30
0.0
 40
0.5
  1
OFFSET=0.635416666666667},{LOAD_SUB_CLASSIFICATION_MOTOR=1},{MANUFACTURER=Daikin},{MASSUNIT=1},{MAXIMUM_OVERCURRENT_PROTECTION=15},{MINIMUM_CIRCUIT_AMPS=14.6},{MINIMUM_FLOOR_CLEARANCE=8.16666666666667},{MINIMUM_OBSTACLE_CLEARANCE=5},{NO_OBSTACLES_BE
100
AcDbAttributeDefinition
  3

  2
PSOL_7
 70
     9
280
     0
  0
ATTDEF
  5
262
330
248
100
AcDbEntity
  8
AM_6
100
AcDbText
 10
-130.7312500000042
 20
248.556250000003
 30
0.0
 40
0.5
  1
IT=1},{NOMINAL_COOLING_CAPACITY=10800},{NOMINAL_COOLING_CAPACITY__TONS_=1},{NOMINAL_HEATING_CAPACITY=13500},{NUMBER_OF_POLES=2},{OBSTACLES_BELOW_UNIT=0},{OMNICLASS_NUMBER=23.75.10.24.21.27},{OMNICLASS_TITLE=Unitary Air Conditioning Equipment},{OUT_A
100
AcDbAttributeDefinition
  3

  2
PSOL_8
 70
     9
280
     0
  0
ATTDEF
  5
263
330
248
100
AcDbEntity
  8
AM_6
100
AcDbText
 10
-130.7312500000042
 20
248.056250000003
 30
0.0
 40
0.5
  1
AKE_H_OFFSET=0.489583333333333},{OUT_AIR_INTAKE_RADIUS=0.0009765625},{OUT_AIR_INTAKE_V_OFFSET=0.729166666666667},{OUTDOOR_AIR_INTAKE=0},{OVERALL_DEPTH=24.4375},{OVERALL_HEIGHT=12.0625},{OVERALL_WIDTH=24.4375},{PANEL_SPACER_HEIGHT=0.125},{PARTTYPE=No
100
AcDbAttributeDefinition
  3

  2
PSOL_9
 70
     9
280
     0
  0
ATTDEF
  5
264
330
248
100
AcDbEntity
  8
AM_6
100
AcDbText
 10
-130.7312500000042
 20
247.556250000003
 30
0.0
 40
0.5
  1
{PHASE=1},{PRODUCT_PAGE_URL=https://daikincomfort.com/products/heating-cooling/single-split-ductless/heat-pumps/vista-ceiling-cassette},{REFRIGERANT_LIQUID_CONNECTION_DIAMETER=0.25},{REFRIGERANT_SUCTION_GAS_CONNECTION_DIAMETER=0.375},{REFRIGERANT_US
100
AcDbAttributeDefinition
  3

  2
PSOL_10
 70
     9
280
     0
  0
ATTDEF
  5
265
330
248
100
AcDbEntity
  8
AM_6
100
AcDbText
 10
-130.7312500000042
 20
247.056250000003
 30
0.0
 40
0.5
  1
2},{SENSIBLE_COOLING_CAPACITY=0},{SERIES=Vista},{SOUND_PRESSURE_LEVEL_COOLING_H_SPEED_DBA=39},{SOUND_PRESSURE_LEVEL_COOLING_L_SPEED_DBA=30},{SOUND_PRESSURE_LEVEL_COOLING_M_SPEED_DBA=36},{SOUND_PRESSURE_LEVEL_HEATING_H_SPEED_DBA=39},{SOUND_PRESSURE_L
100
AcDbAttributeDefinition
  3

  2
PSOL_11
 70
     9
280
     0
  0
ATTDEF
  5
266
330
248
100
AcDbEntity
  8
AM_6
100
AcDbText
 10
-130.7312500000042
 20
246.556250000003
 30
0.0
 40
0.5
  1
EATING_L_SPEED_DBA=30},{SOUND_PRESSURE_LEVEL_HEATING_M_SPEED_DBA=36},{SYSTEM_PERFORMANCE_EER2=11.5},{SYSTEM_PERFORMANCE_HSPF2=9.0},{SYSTEM_PERFORMANCE_SEER2=19.5},{TOTAL_COOLING_CAPACITY=0},{TOTAL_HEATING_CAPACITY=0},{UNIT_HEIGHT_CLEARANCE=8.1666666
100
AcDbAttributeDefinition
  3

  2
PSOL_12
 70
     9
280
     0
  0
ATTDEF
  5
267
330
248
100
AcDbEntity
  8
AM_6
100
AcDbText
 10
-130.7312500000042
 20
246.056250000003
 30
0.0
 40
0.5
  1
7},{UNIT_WEIGHT=35.2},{URL=https://daikincomfort.com/},{VERSION=1},{VOLTAGE=240},{VOLTAGE_COMMENTS=208 VAC - 230 VAC},{VAR___FAN_SPEED_SELECTOR=1},{VAR__LOW_FAN_SPEED=1},{VAR__MEDIUM_FAN_SPEED=0},{VAR__HIGH_FAN_SPEED=0},{RFA_FAMILY=Download Revit Fa
100
AcDbAttributeDefinition
  3

  2
PSOL_13
 70
     9
280
     0
  0
ATTDEF
  5
268
330
248
100
AcDbEntity
  8
AM_6
100
AcDbText
 10
-130.7312500000042
 20
245.556250000003
 30
0.0
 40
0.5
  1
RFA)},{DEFAULTSORTATTR=5},{RFA_FAMILY_=../../_pool_/e5/33/air_conditioner-vista-daikin-ffa.zip},{RFA_FAMILY_ENG=../../_pool_/e5/33/air_conditioner-vista-daikin-ffa.zip},{REVIT_FAMILY_DOWNLOAD=../../_pool_/e5/33/air_conditioner-vista-daikin-ffa.zip}
100
AcDbAttributeDefinition
  3

  2
PSOL_14
 70
     9
280
     0
  0
LINE
  5
269
330
248
100
AcDbEntity
  8
AM_9
100
AcDbLine
 10
-253.206250000008
 20
135.7312500000019
 30
0.0
 11
-253.2062500000074
 21
253.206250000004
 31
0.0
  0
LINE
  5
26A
330
248
100
AcDbEntity
  8
AM_9
100
AcDbLine
 10
-253.206250000008
 20
253.206250000004
 30
0.0
 11
-135.7312500000044
 21
253.2062500000034
 31
0.0
  0
LINE
  5
26B
330
248
100
AcDbEntity
  8
AM_9
100
AcDbLine
 10
-253.206250000008
 20
253.206250000004
 30
0.0
 11
-259.556250000007
 21
259.556250000003
 31
0.0
  0
LINE
  5
26C
330
248
100
AcDbEntity
  8
AM_0
100
AcDbLine
 10
-135.7312500000042
 20
259.5562500000025
 30
0.0
 11
-135.731250000005
 21
183.3562500000029
 31
0.0
  0
LINE
  5
26D
330
248
100
AcDbEntity
  8
AM_0
100
AcDbLine
 10
-135.7312500000042
 20
259.5562500000023
 30
0.0
 11
-259.556250000007
 21
259.556250000003
 31
0.0
  0
LINE
  5
26E
330
248
100
AcDbEntity
  8
AM_0
100
AcDbLine
 10
-259.5562500000073
 20
259.556250000003
 30
0.0
 11
-259.556250000008
 21
135.7312500000021
 31
0.0
  0
LINE
  5
26F
330
248
100
AcDbEntity
  8
AM_0
100
AcDbLine
 10
-183.356250000008
 20
135.7312500000011
 30
0.0
 11
-259.5562500000075
 21
135.7312500000021
 31
0.0
  0
ENDBLK
  5
24B
330
248
100
AcDbEntity
  8
0
100
AcDbBlockEnd
  0
BLOCK
  5
272
330
270
100
AcDbEntity
  8
0
100
AcDbBlockBegin
  2
13_FFA12AVJU9_PART3_0_in_FFA12AVJU9_4
 70
     2
 10
0.0
 20
0.0
 30
0.0
  3
13_FFA12AVJU9_PART3_0_in_FFA12AVJU9_4
  1

  0
ATTDEF
  5
274
330
270
100
AcDbEntity
  8
AM_6
100
AcDbText
 10
-178.3562500000079
 20
132.5562500000024
 30
0.0
 40
0.5
  1
FFA12AVJU9_PART3
100
AcDbAttributeDefinition
  3

  2
NB
 70
     8
280
     0
  0
ATTDEF
  5
275
330
270
100
AcDbEntity
  8
AM_6
100
AcDbText
 10
-178.3562500000079
 20
132.0562500000024
 30
0.0
 40
0.5
  1

100
AcDbAttributeDefinition
  3

  2
NN
 70
     8
280
     0
  0
ATTDEF
  5
276
330
270
100
AcDbEntity
  8
AM_6
100
AcDbText
 10
-178.3562500000079
 20
131.5562500000024
 30
0.0
 40
0.5
  1

100
AcDbAttributeDefinition
  3

  2
NT
 70
     8
280
     0
  0
ATTDEF
  5
277
330
270
100
AcDbEntity
  8
AM_6
100
AcDbText
 10
-178.3562500000079
 20
131.0562500000024
 30
0.0
 40
0.5
  1
$PARTNUMBER._PART3
100
AcDbAttributeDefinition
  3

  2
NBSYN
 70
     8
280
     0
  0
ATTDEF
  5
278
330
270
100
AcDbEntity
  8
AM_6
100
AcDbText
 10
-178.3562500000079
 20
130.5562500000024
 30
0.0
 40
0.5
  1
FFA12AVJU9_PART3
100
AcDbAttributeDefinition
  3

  2
LINA
 70
     8
280
     0
  0
ATTDEF
  5
279
330
270
100
AcDbEntity
  8
AM_6
100
AcDbText
 10
-178.3562500000079
 20
130.0562500000024
 30
0.0
 40
0.5
  1
Daikin
100
AcDbAttributeDefinition
  3

  2
CATALOG
 70
     8
280
     0
  0
ATTDEF
  5
27A
330
270
100
AcDbEntity
  8
AM_6
100
AcDbText
 10
-178.3562500000079
 20
129.5562500000024
 30
0.0
 40
0.5
  1
FFA12AVJU9
100
AcDbAttributeDefinition
  3

  2
PARTNUMBER
 70
     8
280
     0
  0
ATTDEF
  5
27B
330
270
100
AcDbEntity
  8
AM_6
100
AcDbText
 10
-178.3562500000079
 20
129.0562500000024
 30
0.0
 40
0.5
  1
Ceiling Cassette
100
AcDbAttributeDefinition
  3

  2
DESCRIPTION
 70
     8
280
     0
  0
ATTDEF
  5
27C
330
270
100
AcDbEntity
  8
AM_6
100
AcDbText
 10
-178.3562500000079
 20
128.5562500000024
 30
0.0
 40
0.5
  1
24.4375
100
AcDbAttributeDefinition
  3

  2
OVERALL_DEPTH
 70
     8
280
     0
  0
ATTDEF
  5
27D
330
270
100
AcDbEntity
  8
AM_6
100
AcDbText
 10
-178.3562500000079
 20
128.0562500000024
 30
0.0
 40
0.5
  1
12.0625
100
AcDbAttributeDefinition
  3

  2
OVERALL_HEIGHT
 70
     8
280
     0
  0
ATTDEF
  5
27E
330
270
100
AcDbEntity
  8
AM_6
100
AcDbText
 10
-178.3562500000079
 20
127.5562500000024
 30
0.0
 40
0.5
  1
24.4375
100
AcDbAttributeDefinition
  3

  2
OVERALL_WIDTH
 70
     8
280
     0
  0
ATTDEF
  5
27F
330
270
100
AcDbEntity
  8
AM_6
100
AcDbText
 10
-178.3562500000079
 20
127.0562500000024
 30
0.0
 40
0.5
  1
https://daikincomfort.com/
100
AcDbAttributeDefinition
  3

  2
URL
 70
     8
280
     0
  0
ATTDEF
  5
280
330
270
100
AcDbEntity
  8
AM_6
100
AcDbText
 10
-178.3562500000079
 20
126.5562500000024
 30
0.0
 40
0.5
  1
Download Revit Family (RFA)
100
AcDbAttributeDefinition
  3

  2
RFA_FAMILY
 70
     8
280
     0
  0
ATTDEF
  5
281
330
270
100
AcDbEntity
  8
AM_6
100
AcDbText
 10
-178.3562500000079
 20
126.0562500000024
 30
0.0
 40
0.5
  1
daikin
100
AcDbAttributeDefinition
  3

  2
COMPANY
 70
     8
280
     0
  0
ATTDEF
  5
282
330
270
100
AcDbEntity
  8
AM_6
100
AcDbText
 10
-178.3562500000079
 20
125.5562500000024
 30
0.0
 40
0.5
  1
{$CADENAS_DATA/23d-libs/daikin/single20zone20systems/single20zone20indoor20units/28r322920air20conditioner20vista202x220cassette20ffa.prj},229 {VTYP=3D},{NB=FFA12AVJU9_PART3},{LINA=FFA12AVJU9_PART3},{NN=(R32) Air Conditioner Vista 2x2 Cassette FFA_P
100
AcDbAttributeDefinition
  3

  2
PSOL_0
 70
     9
280
     0
  0
ATTDEF
  5
283
330
270
100
AcDbEntity
  8
AM_6
100
AcDbText
 10
-178.3562500000079
 20
125.0562500000024
 30
0.0
 40
0.5
  1
{NOPRJ=TRUE},{DATE=29.07.2026 16:04:46},{GEOMDATE=08.07.2026 12:36:00},{VERSION=},{LINEID=20},{WBVAR=},{WBNUMERIC=}  {NB=FFA12AVJU9_PART3},{LINA=FFA12AVJU9_PART3},{KT=DUMMY},{PARTNUMBER=FFA12AVJU9},{PARTNUMBERHELP=1Ton_FFA12AVJU9},{ACTUAL_SOUND_PRES
100
AcDbAttributeDefinition
  3

  2
PSOL_1
 70
     9
280
     0
  0
ATTDEF
  5
284
330
270
100
AcDbEntity
  8
AM_6
100
AcDbText
 10
-178.3562500000079
 20
124.5562500000024
 30
0.0
 40
0.5
  1
DBA_=30},{APPARENT_POWER=3504},{ASSEMBLY_CODE=D3090100},{CATEGORY=Mechanical Equipment},{CEILING_CLEARANCE_OFFSET=5},{CEILING_OPENING_SPACE_WIDTH=1.921875},{CLEARANCE_VISIBILITY=1},{CONDENSATE_DRAIN_CONNECTION_DIAMETER=1.03125},{CONDENSATE_DRAIN_PIP
100
AcDbAttributeDefinition
  3

  2
PSOL_2
 70
     9
280
     0
  0
ATTDEF
  5
285
330
270
100
AcDbEntity
  8
AM_6
100
AcDbText
 10
-178.3562500000079
 20
124.0562500000024
 30
0.0
 40
0.5
  1
ZONTAL_OFFSET=0.640625},{CONDENSATE_DRAIN_PIPE_LENGTH=0.984375},{CONDENSATE_DRAIN_PIPE_RADIUS=0.04296875},{CONDENSATE_DRAIN_PIPE_VERTICAL_OFFSET=0.723958333333333},{COOLING_MODE=1},{COST=0},{DECORATION_PANEL_DEPTH=2.03645833333333},{DECORATION_PANEL
100
AcDbAttributeDefinition
  3

  2
PSOL_3
 70
     9
280
     0
  0
ATTDEF
  5
286
330
270
100
AcDbEntity
  8
AM_6
100
AcDbText
 10
-178.3562500000079
 20
123.5562500000024
 30
0.0
 40
0.5
  1
T=0.0260416666666667},{DECORATION_PANEL_WIDTH=2.03645833333333},{DEFAULT_ELEVATION=0},{DESCRIPTION=Ceiling Cassette},{DRAIN_FLOW=0},{ENCLOSURE_DEPTH=1.88541666666667},{ENCLOSURE_FLANGE_OFFSET=0.0833333333333333},{ENCLOSURE_HEIGHT=0.854166666666667},
100
AcDbAttributeDefinition
  3

  2
PSOL_4
 70
     9
280
     0
  0
ATTDEF
  5
287
330
270
100
AcDbEntity
  8
AM_6
100
AcDbText
 10
-178.3562500000079
 20
123.0562500000024
 30
0.0
 40
0.5
  1
SURE_MINIMUM_HEIGHT_CLEARANCE=0.984375},{ENCLOSURE_WIDTH=1.88541666666667},{FAN_TYPE=Propeller},{FREQUENCY=60},{GAS_PIPE_HORIZONTAL_OFFSET=0.692708333333333},{GAS_PIPE_LENGTH=1.05208333333333},{GAS_PIPE_RADIUS=0.015625},{GAS_PIPE_VERTICAL_OFFSET=0.5
100
AcDbAttributeDefinition
  3

  2
PSOL_5
 70
     9
280
     0
  0
ATTDEF
  5
288
330
270
100
AcDbEntity
  8
AM_6
100
AcDbText
 10
-178.3562500000079
 20
122.5562500000024
 30
0.0
 40
0.5
  1
66666667},{HEATING_MODE=0},{KNOCK_HOLE_DIAMETER=0.328125},{KNOCK_HOLE_RADIUS=0.1640625},{LATENT_COOLING_CAPACITY=0},{LIQUID_PIPE_HORIZONTAL_OFFSET=0.5625},{LIQUID_PIPE_LENGTH=1.13020833333333},{LIQUID_PIPE_RADIUS=0.0104166666666667},{LIQUID_PIPE_VER
100
AcDbAttributeDefinition
  3

  2
PSOL_6
 70
     9
280
     0
  0
ATTDEF
  5
289
330
270
100
AcDbEntity
  8
AM_6
100
AcDbText
 10
-178.3562500000079
 20
122.0562500000024
 30
0.0
 40
0.5
  1
OFFSET=0.635416666666667},{LOAD_SUB_CLASSIFICATION_MOTOR=1},{MANUFACTURER=Daikin},{MASSUNIT=1},{MAXIMUM_OVERCURRENT_PROTECTION=15},{MINIMUM_CIRCUIT_AMPS=14.6},{MINIMUM_FLOOR_CLEARANCE=8.16666666666667},{MINIMUM_OBSTACLE_CLEARANCE=5},{NO_OBSTACLES_BE
100
AcDbAttributeDefinition
  3

  2
PSOL_7
 70
     9
280
     0
  0
ATTDEF
  5
28A
330
270
100
AcDbEntity
  8
AM_6
100
AcDbText
 10
-178.3562500000079
 20
121.5562500000024
 30
0.0
 40
0.5
  1
IT=1},{NOMINAL_COOLING_CAPACITY=10800},{NOMINAL_COOLING_CAPACITY__TONS_=1},{NOMINAL_HEATING_CAPACITY=13500},{NUMBER_OF_POLES=2},{OBSTACLES_BELOW_UNIT=0},{OMNICLASS_NUMBER=23.75.10.24.21.27},{OMNICLASS_TITLE=Unitary Air Conditioning Equipment},{OUT_A
100
AcDbAttributeDefinition
  3

  2
PSOL_8
 70
     9
280
     0
  0
ATTDEF
  5
28B
330
270
100
AcDbEntity
  8
AM_6
100
AcDbText
 10
-178.3562500000079
 20
121.0562500000024
 30
0.0
 40
0.5
  1
AKE_H_OFFSET=0.489583333333333},{OUT_AIR_INTAKE_RADIUS=0.0009765625},{OUT_AIR_INTAKE_V_OFFSET=0.729166666666667},{OUTDOOR_AIR_INTAKE=0},{OVERALL_DEPTH=24.4375},{OVERALL_HEIGHT=12.0625},{OVERALL_WIDTH=24.4375},{PANEL_SPACER_HEIGHT=0.125},{PARTTYPE=No
100
AcDbAttributeDefinition
  3

  2
PSOL_9
 70
     9
280
     0
  0
ATTDEF
  5
28C
330
270
100
AcDbEntity
  8
AM_6
100
AcDbText
 10
-178.3562500000079
 20
120.5562500000024
 30
0.0
 40
0.5
  1
{PHASE=1},{PRODUCT_PAGE_URL=https://daikincomfort.com/products/heating-cooling/single-split-ductless/heat-pumps/vista-ceiling-cassette},{REFRIGERANT_LIQUID_CONNECTION_DIAMETER=0.25},{REFRIGERANT_SUCTION_GAS_CONNECTION_DIAMETER=0.375},{REFRIGERANT_US
100
AcDbAttributeDefinition
  3

  2
PSOL_10
 70
     9
280
     0
  0
ATTDEF
  5
28D
330
270
100
AcDbEntity
  8
AM_6
100
AcDbText
 10
-178.3562500000079
 20
120.0562500000024
 30
0.0
 40
0.5
  1
2},{SENSIBLE_COOLING_CAPACITY=0},{SERIES=Vista},{SOUND_PRESSURE_LEVEL_COOLING_H_SPEED_DBA=39},{SOUND_PRESSURE_LEVEL_COOLING_L_SPEED_DBA=30},{SOUND_PRESSURE_LEVEL_COOLING_M_SPEED_DBA=36},{SOUND_PRESSURE_LEVEL_HEATING_H_SPEED_DBA=39},{SOUND_PRESSURE_L
100
AcDbAttributeDefinition
  3

  2
PSOL_11
 70
     9
280
     0
  0
ATTDEF
  5
28E
330
270
100
AcDbEntity
  8
AM_6
100
AcDbText
 10
-178.3562500000079
 20
119.5562500000024
 30
0.0
 40
0.5
  1
EATING_L_SPEED_DBA=30},{SOUND_PRESSURE_LEVEL_HEATING_M_SPEED_DBA=36},{SYSTEM_PERFORMANCE_EER2=11.5},{SYSTEM_PERFORMANCE_HSPF2=9.0},{SYSTEM_PERFORMANCE_SEER2=19.5},{TOTAL_COOLING_CAPACITY=0},{TOTAL_HEATING_CAPACITY=0},{UNIT_HEIGHT_CLEARANCE=8.1666666
100
AcDbAttributeDefinition
  3

  2
PSOL_12
 70
     9
280
     0
  0
ATTDEF
  5
28F
330
270
100
AcDbEntity
  8
AM_6
100
AcDbText
 10
-178.3562500000079
 20
119.0562500000024
 30
0.0
 40
0.5
  1
7},{UNIT_WEIGHT=35.2},{URL=https://daikincomfort.com/},{VERSION=1},{VOLTAGE=240},{VOLTAGE_COMMENTS=208 VAC - 230 VAC},{VAR___FAN_SPEED_SELECTOR=1},{VAR__LOW_FAN_SPEED=1},{VAR__MEDIUM_FAN_SPEED=0},{VAR__HIGH_FAN_SPEED=0},{RFA_FAMILY=Download Revit Fa
100
AcDbAttributeDefinition
  3

  2
PSOL_13
 70
     9
280
     0
  0
ATTDEF
  5
290
330
270
100
AcDbEntity
  8
AM_6
100
AcDbText
 10
-178.3562500000079
 20
118.5562500000024
 30
0.0
 40
0.5
  1
RFA)},{DEFAULTSORTATTR=5},{RFA_FAMILY_=../../_pool_/e5/33/air_conditioner-vista-daikin-ffa.zip},{RFA_FAMILY_ENG=../../_pool_/e5/33/air_conditioner-vista-daikin-ffa.zip},{REVIT_FAMILY_DOWNLOAD=../../_pool_/e5/33/air_conditioner-vista-daikin-ffa.zip}
100
AcDbAttributeDefinition
  3

  2
PSOL_14
 70
     9
280
     0
  0
LINE
  5
291
330
270
100
AcDbEntity
  8
AM_9
100
AcDbLine
 10
-253.20625000001
 20
-132.5562499999828
 30
0.0
 11
-253.2062500000087
 21
132.5562500000019
 31
0.0
  0
LINE
  5
292
330
270
100
AcDbEntity
  8
AM_0
100
AcDbLine
 10
-183.356250000009
 20
-132.5562499999832
 30
0.0
 11
-259.5562500000091
 21
-132.556249999983
 31
0.0
  0
LINE
  5
293
330
270
100
AcDbEntity
  8
AM_0
100
AcDbLine
 10
-259.5562500000077
 20
132.5562500000024
 30
0.0
 11
-183.3562500000079
 21
132.556250000002
 31
0.0
  0
LINE
  5
294
330
270
100
AcDbEntity
  8
AM_0
100
AcDbLine
 10
-259.5562500000077
 20
132.5562500000024
 30
0.0
 11
-259.5562500000091
 21
-132.556249999983
 31
0.0
  0
ENDBLK
  5
273
330
270
100
AcDbEntity
  8
0
100
AcDbBlockEnd
  0
BLOCK
  5
297
330
295
100
AcDbEntity
  8
0
100
AcDbBlockBegin
  2
14_FFA12AVJU9_PART2_0_in_FFA12AVJU9_4
 70
     2
 10
0.0
 20
0.0
 30
0.0
  3
14_FFA12AVJU9_PART2_0_in_FFA12AVJU9_4
  1

  0
ATTDEF
  5
299
330
295
100
AcDbEntity
  8
AM_6
100
AcDbText
 10
-130.7312500000081
 20
-135.7312499999826
 30
0.0
 40
0.5
  1
FFA12AVJU9_PART2
100
AcDbAttributeDefinition
  3

  2
NB
 70
     8
280
     0
  0
ATTDEF
  5
29A
330
295
100
AcDbEntity
  8
AM_6
100
AcDbText
 10
-130.7312500000081
 20
-136.2312499999826
 30
0.0
 40
0.5
  1

100
AcDbAttributeDefinition
  3

  2
NN
 70
     8
280
     0
  0
ATTDEF
  5
29B
330
295
100
AcDbEntity
  8
AM_6
100
AcDbText
 10
-130.7312500000081
 20
-136.7312499999826
 30
0.0
 40
0.5
  1

100
AcDbAttributeDefinition
  3

  2
NT
 70
     8
280
     0
  0
ATTDEF
  5
29C
330
295
100
AcDbEntity
  8
AM_6
100
AcDbText
 10
-130.7312500000081
 20
-137.2312499999826
 30
0.0
 40
0.5
  1
$PARTNUMBER._PART2
100
AcDbAttributeDefinition
  3

  2
NBSYN
 70
     8
280
     0
  0
ATTDEF
  5
29D
330
295
100
AcDbEntity
  8
AM_6
100
AcDbText
 10
-130.7312500000081
 20
-137.7312499999826
 30
0.0
 40
0.5
  1
FFA12AVJU9_PART2
100
AcDbAttributeDefinition
  3

  2
LINA
 70
     8
280
     0
  0
ATTDEF
  5
29E
330
295
100
AcDbEntity
  8
AM_6
100
AcDbText
 10
-130.7312500000081
 20
-138.2312499999826
 30
0.0
 40
0.5
  1
Daikin
100
AcDbAttributeDefinition
  3

  2
CATALOG
 70
     8
280
     0
  0
ATTDEF
  5
29F
330
295
100
AcDbEntity
  8
AM_6
100
AcDbText
 10
-130.7312500000081
 20
-138.7312499999826
 30
0.0
 40
0.5
  1
FFA12AVJU9
100
AcDbAttributeDefinition
  3

  2
PARTNUMBER
 70
     8
280
     0
  0
ATTDEF
  5
2A0
330
295
100
AcDbEntity
  8
AM_6
100
AcDbText
 10
-130.7312500000081
 20
-139.2312499999826
 30
0.0
 40
0.5
  1
Ceiling Cassette
100
AcDbAttributeDefinition
  3

  2
DESCRIPTION
 70
     8
280
     0
  0
ATTDEF
  5
2A1
330
295
100
AcDbEntity
  8
AM_6
100
AcDbText
 10
-130.7312500000081
 20
-139.7312499999826
 30
0.0
 40
0.5
  1
24.4375
100
AcDbAttributeDefinition
  3

  2
OVERALL_DEPTH
 70
     8
280
     0
  0
ATTDEF
  5
2A2
330
295
100
AcDbEntity
  8
AM_6
100
AcDbText
 10
-130.7312500000081
 20
-140.2312499999826
 30
0.0
 40
0.5
  1
12.0625
100
AcDbAttributeDefinition
  3

  2
OVERALL_HEIGHT
 70
     8
280
     0
  0
ATTDEF
  5
2A3
330
295
100
AcDbEntity
  8
AM_6
100
AcDbText
 10
-130.7312500000081
 20
-140.7312499999826
 30
0.0
 40
0.5
  1
24.4375
100
AcDbAttributeDefinition
  3

  2
OVERALL_WIDTH
 70
     8
280
     0
  0
ATTDEF
  5
2A4
330
295
100
AcDbEntity
  8
AM_6
100
AcDbText
 10
-130.7312500000081
 20
-141.2312499999826
 30
0.0
 40
0.5
  1
https://daikincomfort.com/
100
AcDbAttributeDefinition
  3

  2
URL
 70
     8
280
     0
  0
ATTDEF
  5
2A5
330
295
100
AcDbEntity
  8
AM_6
100
AcDbText
 10
-130.7312500000081
 20
-141.7312499999826
 30
0.0
 40
0.5
  1
Download Revit Family (RFA)
100
AcDbAttributeDefinition
  3

  2
RFA_FAMILY
 70
     8
280
     0
  0
ATTDEF
  5
2A6
330
295
100
AcDbEntity
  8
AM_6
100
AcDbText
 10
-130.7312500000081
 20
-142.2312499999826
 30
0.0
 40
0.5
  1
daikin
100
AcDbAttributeDefinition
  3

  2
COMPANY
 70
     8
280
     0
  0
ATTDEF
  5
2A7
330
295
100
AcDbEntity
  8
AM_6
100
AcDbText
 10
-130.7312500000081
 20
-142.7312499999826
 30
0.0
 40
0.5
  1
{$CADENAS_DATA/23d-libs/daikin/single20zone20systems/single20zone20indoor20units/28r322920air20conditioner20vista202x220cassette20ffa.prj},229 {VTYP=3D},{NB=FFA12AVJU9_PART2},{LINA=FFA12AVJU9_PART2},{NN=(R32) Air Conditioner Vista 2x2 Cassette FFA_P
100
AcDbAttributeDefinition
  3

  2
PSOL_0
 70
     9
280
     0
  0
ATTDEF
  5
2A8
330
295
100
AcDbEntity
  8
AM_6
100
AcDbText
 10
-130.7312500000081
 20
-143.2312499999826
 30
0.0
 40
0.5
  1
{NOPRJ=TRUE},{DATE=29.07.2026 16:04:46},{GEOMDATE=08.07.2026 12:36:00},{VERSION=},{LINEID=20},{WBVAR=},{WBNUMERIC=}  {NB=FFA12AVJU9_PART2},{LINA=FFA12AVJU9_PART2},{KT=DUMMY},{PARTNUMBER=FFA12AVJU9},{PARTNUMBERHELP=1Ton_FFA12AVJU9},{ACTUAL_SOUND_PRES
100
AcDbAttributeDefinition
  3

  2
PSOL_1
 70
     9
280
     0
  0
ATTDEF
  5
2A9
330
295
100
AcDbEntity
  8
AM_6
100
AcDbText
 10
-130.7312500000081
 20
-143.7312499999826
 30
0.0
 40
0.5
  1
DBA_=30},{APPARENT_POWER=3504},{ASSEMBLY_CODE=D3090100},{CATEGORY=Mechanical Equipment},{CEILING_CLEARANCE_OFFSET=5},{CEILING_OPENING_SPACE_WIDTH=1.921875},{CLEARANCE_VISIBILITY=1},{CONDENSATE_DRAIN_CONNECTION_DIAMETER=1.03125},{CONDENSATE_DRAIN_PIP
100
AcDbAttributeDefinition
  3

  2
PSOL_2
 70
     9
280
     0
  0
ATTDEF
  5
2AA
330
295
100
AcDbEntity
  8
AM_6
100
AcDbText
 10
-130.7312500000081
 20
-144.2312499999826
 30
0.0
 40
0.5
  1
ZONTAL_OFFSET=0.640625},{CONDENSATE_DRAIN_PIPE_LENGTH=0.984375},{CONDENSATE_DRAIN_PIPE_RADIUS=0.04296875},{CONDENSATE_DRAIN_PIPE_VERTICAL_OFFSET=0.723958333333333},{COOLING_MODE=1},{COST=0},{DECORATION_PANEL_DEPTH=2.03645833333333},{DECORATION_PANEL
100
AcDbAttributeDefinition
  3

  2
PSOL_3
 70
     9
280
     0
  0
ATTDEF
  5
2AB
330
295
100
AcDbEntity
  8
AM_6
100
AcDbText
 10
-130.7312500000081
 20
-144.7312499999826
 30
0.0
 40
0.5
  1
T=0.0260416666666667},{DECORATION_PANEL_WIDTH=2.03645833333333},{DEFAULT_ELEVATION=0},{DESCRIPTION=Ceiling Cassette},{DRAIN_FLOW=0},{ENCLOSURE_DEPTH=1.88541666666667},{ENCLOSURE_FLANGE_OFFSET=0.0833333333333333},{ENCLOSURE_HEIGHT=0.854166666666667},
100
AcDbAttributeDefinition
  3

  2
PSOL_4
 70
     9
280
     0
  0
ATTDEF
  5
2AC
330
295
100
AcDbEntity
  8
AM_6
100
AcDbText
 10
-130.7312500000081
 20
-145.2312499999826
 30
0.0
 40
0.5
  1
SURE_MINIMUM_HEIGHT_CLEARANCE=0.984375},{ENCLOSURE_WIDTH=1.88541666666667},{FAN_TYPE=Propeller},{FREQUENCY=60},{GAS_PIPE_HORIZONTAL_OFFSET=0.692708333333333},{GAS_PIPE_LENGTH=1.05208333333333},{GAS_PIPE_RADIUS=0.015625},{GAS_PIPE_VERTICAL_OFFSET=0.5
100
AcDbAttributeDefinition
  3

  2
PSOL_5
 70
     9
280
     0
  0
ATTDEF
  5
2AD
330
295
100
AcDbEntity
  8
AM_6
100
AcDbText
 10
-130.7312500000081
 20
-145.7312499999826
 30
0.0
 40
0.5
  1
66666667},{HEATING_MODE=0},{KNOCK_HOLE_DIAMETER=0.328125},{KNOCK_HOLE_RADIUS=0.1640625},{LATENT_COOLING_CAPACITY=0},{LIQUID_PIPE_HORIZONTAL_OFFSET=0.5625},{LIQUID_PIPE_LENGTH=1.13020833333333},{LIQUID_PIPE_RADIUS=0.0104166666666667},{LIQUID_PIPE_VER
100
AcDbAttributeDefinition
  3

  2
PSOL_6
 70
     9
280
     0
  0
ATTDEF
  5
2AE
330
295
100
AcDbEntity
  8
AM_6
100
AcDbText
 10
-130.7312500000081
 20
-146.2312499999826
 30
0.0
 40
0.5
  1
OFFSET=0.635416666666667},{LOAD_SUB_CLASSIFICATION_MOTOR=1},{MANUFACTURER=Daikin},{MASSUNIT=1},{MAXIMUM_OVERCURRENT_PROTECTION=15},{MINIMUM_CIRCUIT_AMPS=14.6},{MINIMUM_FLOOR_CLEARANCE=8.16666666666667},{MINIMUM_OBSTACLE_CLEARANCE=5},{NO_OBSTACLES_BE
100
AcDbAttributeDefinition
  3

  2
PSOL_7
 70
     9
280
     0
  0
ATTDEF
  5
2AF
330
295
100
AcDbEntity
  8
AM_6
100
AcDbText
 10
-130.7312500000081
 20
-146.7312499999826
 30
0.0
 40
0.5
  1
IT=1},{NOMINAL_COOLING_CAPACITY=10800},{NOMINAL_COOLING_CAPACITY__TONS_=1},{NOMINAL_HEATING_CAPACITY=13500},{NUMBER_OF_POLES=2},{OBSTACLES_BELOW_UNIT=0},{OMNICLASS_NUMBER=23.75.10.24.21.27},{OMNICLASS_TITLE=Unitary Air Conditioning Equipment},{OUT_A
100
AcDbAttributeDefinition
  3

  2
PSOL_8
 70
     9
280
     0
  0
ATTDEF
  5
2B0
330
295
100
AcDbEntity
  8
AM_6
100
AcDbText
 10
-130.7312500000081
 20
-147.2312499999826
 30
0.0
 40
0.5
  1
AKE_H_OFFSET=0.489583333333333},{OUT_AIR_INTAKE_RADIUS=0.0009765625},{OUT_AIR_INTAKE_V_OFFSET=0.729166666666667},{OUTDOOR_AIR_INTAKE=0},{OVERALL_DEPTH=24.4375},{OVERALL_HEIGHT=12.0625},{OVERALL_WIDTH=24.4375},{PANEL_SPACER_HEIGHT=0.125},{PARTTYPE=No
100
AcDbAttributeDefinition
  3

  2
PSOL_9
 70
     9
280
     0
  0
ATTDEF
  5
2B1
330
295
100
AcDbEntity
  8
AM_6
100
AcDbText
 10
-130.7312500000081
 20
-147.7312499999826
 30
0.0
 40
0.5
  1
{PHASE=1},{PRODUCT_PAGE_URL=https://daikincomfort.com/products/heating-cooling/single-split-ductless/heat-pumps/vista-ceiling-cassette},{REFRIGERANT_LIQUID_CONNECTION_DIAMETER=0.25},{REFRIGERANT_SUCTION_GAS_CONNECTION_DIAMETER=0.375},{REFRIGERANT_US
100
AcDbAttributeDefinition
  3

  2
PSOL_10
 70
     9
280
     0
  0
ATTDEF
  5
2B2
330
295
100
AcDbEntity
  8
AM_6
100
AcDbText
 10
-130.7312500000081
 20
-148.2312499999826
 30
0.0
 40
0.5
  1
2},{SENSIBLE_COOLING_CAPACITY=0},{SERIES=Vista},{SOUND_PRESSURE_LEVEL_COOLING_H_SPEED_DBA=39},{SOUND_PRESSURE_LEVEL_COOLING_L_SPEED_DBA=30},{SOUND_PRESSURE_LEVEL_COOLING_M_SPEED_DBA=36},{SOUND_PRESSURE_LEVEL_HEATING_H_SPEED_DBA=39},{SOUND_PRESSURE_L
100
AcDbAttributeDefinition
  3

  2
PSOL_11
 70
     9
280
     0
  0
ATTDEF
  5
2B3
330
295
100
AcDbEntity
  8
AM_6
100
AcDbText
 10
-130.7312500000081
 20
-148.7312499999826
 30
0.0
 40
0.5
  1
EATING_L_SPEED_DBA=30},{SOUND_PRESSURE_LEVEL_HEATING_M_SPEED_DBA=36},{SYSTEM_PERFORMANCE_EER2=11.5},{SYSTEM_PERFORMANCE_HSPF2=9.0},{SYSTEM_PERFORMANCE_SEER2=19.5},{TOTAL_COOLING_CAPACITY=0},{TOTAL_HEATING_CAPACITY=0},{UNIT_HEIGHT_CLEARANCE=8.1666666
100
AcDbAttributeDefinition
  3

  2
PSOL_12
 70
     9
280
     0
  0
ATTDEF
  5
2B4
330
295
100
AcDbEntity
  8
AM_6
100
AcDbText
 10
-130.7312500000081
 20
-149.2312499999826
 30
0.0
 40
0.5
  1
7},{UNIT_WEIGHT=35.2},{URL=https://daikincomfort.com/},{VERSION=1},{VOLTAGE=240},{VOLTAGE_COMMENTS=208 VAC - 230 VAC},{VAR___FAN_SPEED_SELECTOR=1},{VAR__LOW_FAN_SPEED=1},{VAR__MEDIUM_FAN_SPEED=0},{VAR__HIGH_FAN_SPEED=0},{RFA_FAMILY=Download Revit Fa
100
AcDbAttributeDefinition
  3

  2
PSOL_13
 70
     9
280
     0
  0
ATTDEF
  5
2B5
330
295
100
AcDbEntity
  8
AM_6
100
AcDbText
 10
-130.7312500000081
 20
-149.7312499999826
 30
0.0
 40
0.5
  1
RFA)},{DEFAULTSORTATTR=5},{RFA_FAMILY_=../../_pool_/e5/33/air_conditioner-vista-daikin-ffa.zip},{RFA_FAMILY_ENG=../../_pool_/e5/33/air_conditioner-vista-daikin-ffa.zip},{REVIT_FAMILY_DOWNLOAD=../../_pool_/e5/33/air_conditioner-vista-daikin-ffa.zip}
100
AcDbAttributeDefinition
  3

  2
PSOL_14
 70
     9
280
     0
  0
LINE
  5
2B6
330
295
100
AcDbEntity
  8
AM_9
100
AcDbLine
 10
-253.20625000001
 20
-253.206249999982
 30
0.0
 11
-253.2062500000094
 21
-135.7312499999831
 31
0.0
  0
LINE
  5
2B7
330
295
100
AcDbEntity
  8
AM_9
100
AcDbLine
 10
-135.7312500000089
 20
-253.206249999983
 30
0.0
 11
-253.20625000001
 21
-253.2062499999824
 31
0.0
  0
LINE
  5
2B8
330
295
100
AcDbEntity
  8
AM_9
100
AcDbLine
 10
-259.55625000001
 20
-259.556249999982
 30
0.0
 11
-253.20625000001
 21
-253.2062499999821
 31
0.0
  0
LINE
  5
2B9
330
295
100
AcDbEntity
  8
AM_0
100
AcDbLine
 10
-259.5562500000093
 20
-135.7312499999826
 30
0.0
 11
-259.55625000001
 21
-259.556249999982
 31
0.0
  0
LINE
  5
2BA
330
295
100
AcDbEntity
  8
AM_0
100
AcDbLine
 10
-259.5562500000092
 20
-135.7312499999826
 30
0.0
 11
-183.3562500000089
 21
-135.731249999983
 31
0.0
  0
LINE
  5
2BB
330
295
100
AcDbEntity
  8
AM_0
100
AcDbLine
 10
-259.55625000001
 20
-259.5562499999813
 30
0.0
 11
-135.7312500000091
 21
-259.556249999982
 31
0.0
  0
LINE
  5
2BC
330
295
100
AcDbEntity
  8
AM_0
100
AcDbLine
 10
-135.7312500000081
 20
-183.356249999982
 30
0.0
 11
-135.7312500000091
 21
-259.5562499999821
 31
0.0
  0
ENDBLK
  5
298
330
295
100
AcDbEntity
  8
0
100
AcDbBlockEnd
  0
BLOCK
  5
2BF
330
2BD
100
AcDbEntity
  8
0
100
AcDbBlockBegin
  2
15_FFA12AVJU9_PART1_0_in_FFA12AVJU9_4
 70
     2
 10
0.0
 20
0.0
 30
0.0
  3
15_FFA12AVJU9_PART1_0_in_FFA12AVJU9_4
  1

  0
ATTDEF
  5
2C1
330
2BD
100
AcDbEntity
  8
AM_6
100
AcDbText
 10
124.856249999994
 20
119.856250000001
 30
0.0
 40
0.5
  1
FFA12AVJU9_PART1
100
AcDbAttributeDefinition
  3

  2
NB
 70
     8
280
     0
  0
ATTDEF
  5
2C2
330
2BD
100
AcDbEntity
  8
AM_6
100
AcDbText
 10
124.856249999994
 20
119.356250000001
 30
0.0
 40
0.5
  1

100
AcDbAttributeDefinition
  3

  2
NN
 70
     8
280
     0
  0
ATTDEF
  5
2C3
330
2BD
100
AcDbEntity
  8
AM_6
100
AcDbText
 10
124.856249999994
 20
118.856250000001
 30
0.0
 40
0.5
  1

100
AcDbAttributeDefinition
  3

  2
NT
 70
     8
280
     0
  0
ATTDEF
  5
2C4
330
2BD
100
AcDbEntity
  8
AM_6
100
AcDbText
 10
124.856249999994
 20
118.356250000001
 30
0.0
 40
0.5
  1
$PARTNUMBER._PART1
100
AcDbAttributeDefinition
  3

  2
NBSYN
 70
     8
280
     0
  0
ATTDEF
  5
2C5
330
2BD
100
AcDbEntity
  8
AM_6
100
AcDbText
 10
124.856249999994
 20
117.856250000001
 30
0.0
 40
0.5
  1
FFA12AVJU9_PART1
100
AcDbAttributeDefinition
  3

  2
LINA
 70
     8
280
     0
  0
ATTDEF
  5
2C6
330
2BD
100
AcDbEntity
  8
AM_6
100
AcDbText
 10
124.856249999994
 20
117.356250000001
 30
0.0
 40
0.5
  1
Daikin
100
AcDbAttributeDefinition
  3

  2
CATALOG
 70
     8
280
     0
  0
ATTDEF
  5
2C7
330
2BD
100
AcDbEntity
  8
AM_6
100
AcDbText
 10
124.856249999994
 20
116.856250000001
 30
0.0
 40
0.5
  1
FFA12AVJU9
100
AcDbAttributeDefinition
  3

  2
PARTNUMBER
 70
     8
280
     0
  0
ATTDEF
  5
2C8
330
2BD
100
AcDbEntity
  8
AM_6
100
AcDbText
 10
124.856249999994
 20
116.356250000001
 30
0.0
 40
0.5
  1
Ceiling Cassette
100
AcDbAttributeDefinition
  3

  2
DESCRIPTION
 70
     8
280
     0
  0
ATTDEF
  5
2C9
330
2BD
100
AcDbEntity
  8
AM_6
100
AcDbText
 10
124.856249999994
 20
115.856250000001
 30
0.0
 40
0.5
  1
24.4375
100
AcDbAttributeDefinition
  3

  2
OVERALL_DEPTH
 70
     8
280
     0
  0
ATTDEF
  5
2CA
330
2BD
100
AcDbEntity
  8
AM_6
100
AcDbText
 10
124.856249999994
 20
115.356250000001
 30
0.0
 40
0.5
  1
12.0625
100
AcDbAttributeDefinition
  3

  2
OVERALL_HEIGHT
 70
     8
280
     0
  0
ATTDEF
  5
2CB
330
2BD
100
AcDbEntity
  8
AM_6
100
AcDbText
 10
124.856249999994
 20
114.856250000001
 30
0.0
 40
0.5
  1
24.4375
100
AcDbAttributeDefinition
  3

  2
OVERALL_WIDTH
 70
     8
280
     0
  0
ATTDEF
  5
2CC
330
2BD
100
AcDbEntity
  8
AM_6
100
AcDbText
 10
124.856249999994
 20
114.356250000001
 30
0.0
 40
0.5
  1
https://daikincomfort.com/
100
AcDbAttributeDefinition
  3

  2
URL
 70
     8
280
     0
  0
ATTDEF
  5
2CD
330
2BD
100
AcDbEntity
  8
AM_6
100
AcDbText
 10
124.856249999994
 20
113.856250000001
 30
0.0
 40
0.5
  1
Download Revit Family (RFA)
100
AcDbAttributeDefinition
  3

  2
RFA_FAMILY
 70
     8
280
     0
  0
ATTDEF
  5
2CE
330
2BD
100
AcDbEntity
  8
AM_6
100
AcDbText
 10
124.856249999994
 20
113.356250000001
 30
0.0
 40
0.5
  1
daikin
100
AcDbAttributeDefinition
  3

  2
COMPANY
 70
     8
280
     0
  0
ATTDEF
  5
2CF
330
2BD
100
AcDbEntity
  8
AM_6
100
AcDbText
 10
124.856249999994
 20
112.856250000001
 30
0.0
 40
0.5
  1
{$CADENAS_DATA/23d-libs/daikin/single20zone20systems/single20zone20indoor20units/28r322920air20conditioner20vista202x220cassette20ffa.prj},229 {VTYP=3D},{NB=FFA12AVJU9_PART1},{LINA=FFA12AVJU9_PART1},{NN=(R32) Air Conditioner Vista 2x2 Cassette FFA_P
100
AcDbAttributeDefinition
  3

  2
PSOL_0
 70
     9
280
     0
  0
ATTDEF
  5
2D0
330
2BD
100
AcDbEntity
  8
AM_6
100
AcDbText
 10
124.856249999994
 20
112.356250000001
 30
0.0
 40
0.5
  1
{NOPRJ=TRUE},{DATE=29.07.2026 16:04:46},{GEOMDATE=08.07.2026 12:36:00},{VERSION=},{LINEID=20},{WBVAR=},{WBNUMERIC=}  {NB=FFA12AVJU9_PART1},{LINA=FFA12AVJU9_PART1},{KT=DUMMY},{PARTNUMBER=FFA12AVJU9},{PARTNUMBERHELP=1Ton_FFA12AVJU9},{ACTUAL_SOUND_PRES
100
AcDbAttributeDefinition
  3

  2
PSOL_1
 70
     9
280
     0
  0
ATTDEF
  5
2D1
330
2BD
100
AcDbEntity
  8
AM_6
100
AcDbText
 10
124.856249999994
 20
111.856250000001
 30
0.0
 40
0.5
  1
DBA_=30},{APPARENT_POWER=3504},{ASSEMBLY_CODE=D3090100},{CATEGORY=Mechanical Equipment},{CEILING_CLEARANCE_OFFSET=5},{CEILING_OPENING_SPACE_WIDTH=1.921875},{CLEARANCE_VISIBILITY=1},{CONDENSATE_DRAIN_CONNECTION_DIAMETER=1.03125},{CONDENSATE_DRAIN_PIP
100
AcDbAttributeDefinition
  3

  2
PSOL_2
 70
     9
280
     0
  0
ATTDEF
  5
2D2
330
2BD
100
AcDbEntity
  8
AM_6
100
AcDbText
 10
124.856249999994
 20
111.356250000001
 30
0.0
 40
0.5
  1
ZONTAL_OFFSET=0.640625},{CONDENSATE_DRAIN_PIPE_LENGTH=0.984375},{CONDENSATE_DRAIN_PIPE_RADIUS=0.04296875},{CONDENSATE_DRAIN_PIPE_VERTICAL_OFFSET=0.723958333333333},{COOLING_MODE=1},{COST=0},{DECORATION_PANEL_DEPTH=2.03645833333333},{DECORATION_PANEL
100
AcDbAttributeDefinition
  3

  2
PSOL_3
 70
     9
280
     0
  0
ATTDEF
  5
2D3
330
2BD
100
AcDbEntity
  8
AM_6
100
AcDbText
 10
124.856249999994
 20
110.856250000001
 30
0.0
 40
0.5
  1
T=0.0260416666666667},{DECORATION_PANEL_WIDTH=2.03645833333333},{DEFAULT_ELEVATION=0},{DESCRIPTION=Ceiling Cassette},{DRAIN_FLOW=0},{ENCLOSURE_DEPTH=1.88541666666667},{ENCLOSURE_FLANGE_OFFSET=0.0833333333333333},{ENCLOSURE_HEIGHT=0.854166666666667},
100
AcDbAttributeDefinition
  3

  2
PSOL_4
 70
     9
280
     0
  0
ATTDEF
  5
2D4
330
2BD
100
AcDbEntity
  8
AM_6
100
AcDbText
 10
124.856249999994
 20
110.356250000001
 30
0.0
 40
0.5
  1
SURE_MINIMUM_HEIGHT_CLEARANCE=0.984375},{ENCLOSURE_WIDTH=1.88541666666667},{FAN_TYPE=Propeller},{FREQUENCY=60},{GAS_PIPE_HORIZONTAL_OFFSET=0.692708333333333},{GAS_PIPE_LENGTH=1.05208333333333},{GAS_PIPE_RADIUS=0.015625},{GAS_PIPE_VERTICAL_OFFSET=0.5
100
AcDbAttributeDefinition
  3

  2
PSOL_5
 70
     9
280
     0
  0
ATTDEF
  5
2D5
330
2BD
100
AcDbEntity
  8
AM_6
100
AcDbText
 10
124.856249999994
 20
109.856250000001
 30
0.0
 40
0.5
  1
66666667},{HEATING_MODE=0},{KNOCK_HOLE_DIAMETER=0.328125},{KNOCK_HOLE_RADIUS=0.1640625},{LATENT_COOLING_CAPACITY=0},{LIQUID_PIPE_HORIZONTAL_OFFSET=0.5625},{LIQUID_PIPE_LENGTH=1.13020833333333},{LIQUID_PIPE_RADIUS=0.0104166666666667},{LIQUID_PIPE_VER
100
AcDbAttributeDefinition
  3

  2
PSOL_6
 70
     9
280
     0
  0
ATTDEF
  5
2D6
330
2BD
100
AcDbEntity
  8
AM_6
100
AcDbText
 10
124.856249999994
 20
109.356250000001
 30
0.0
 40
0.5
  1
OFFSET=0.635416666666667},{LOAD_SUB_CLASSIFICATION_MOTOR=1},{MANUFACTURER=Daikin},{MASSUNIT=1},{MAXIMUM_OVERCURRENT_PROTECTION=15},{MINIMUM_CIRCUIT_AMPS=14.6},{MINIMUM_FLOOR_CLEARANCE=8.16666666666667},{MINIMUM_OBSTACLE_CLEARANCE=5},{NO_OBSTACLES_BE
100
AcDbAttributeDefinition
  3

  2
PSOL_7
 70
     9
280
     0
  0
ATTDEF
  5
2D7
330
2BD
100
AcDbEntity
  8
AM_6
100
AcDbText
 10
124.856249999994
 20
108.856250000001
 30
0.0
 40
0.5
  1
IT=1},{NOMINAL_COOLING_CAPACITY=10800},{NOMINAL_COOLING_CAPACITY__TONS_=1},{NOMINAL_HEATING_CAPACITY=13500},{NUMBER_OF_POLES=2},{OBSTACLES_BELOW_UNIT=0},{OMNICLASS_NUMBER=23.75.10.24.21.27},{OMNICLASS_TITLE=Unitary Air Conditioning Equipment},{OUT_A
100
AcDbAttributeDefinition
  3

  2
PSOL_8
 70
     9
280
     0
  0
ATTDEF
  5
2D8
330
2BD
100
AcDbEntity
  8
AM_6
100
AcDbText
 10
124.856249999994
 20
108.356250000001
 30
0.0
 40
0.5
  1
AKE_H_OFFSET=0.489583333333333},{OUT_AIR_INTAKE_RADIUS=0.0009765625},{OUT_AIR_INTAKE_V_OFFSET=0.729166666666667},{OUTDOOR_AIR_INTAKE=0},{OVERALL_DEPTH=24.4375},{OVERALL_HEIGHT=12.0625},{OVERALL_WIDTH=24.4375},{PANEL_SPACER_HEIGHT=0.125},{PARTTYPE=No
100
AcDbAttributeDefinition
  3

  2
PSOL_9
 70
     9
280
     0
  0
ATTDEF
  5
2D9
330
2BD
100
AcDbEntity
  8
AM_6
100
AcDbText
 10
124.856249999994
 20
107.856250000001
 30
0.0
 40
0.5
  1
{PHASE=1},{PRODUCT_PAGE_URL=https://daikincomfort.com/products/heating-cooling/single-split-ductless/heat-pumps/vista-ceiling-cassette},{REFRIGERANT_LIQUID_CONNECTION_DIAMETER=0.25},{REFRIGERANT_SUCTION_GAS_CONNECTION_DIAMETER=0.375},{REFRIGERANT_US
100
AcDbAttributeDefinition
  3

  2
PSOL_10
 70
     9
280
     0
  0
ATTDEF
  5
2DA
330
2BD
100
AcDbEntity
  8
AM_6
100
AcDbText
 10
124.856249999994
 20
107.356250000001
 30
0.0
 40
0.5
  1
2},{SENSIBLE_COOLING_CAPACITY=0},{SERIES=Vista},{SOUND_PRESSURE_LEVEL_COOLING_H_SPEED_DBA=39},{SOUND_PRESSURE_LEVEL_COOLING_L_SPEED_DBA=30},{SOUND_PRESSURE_LEVEL_COOLING_M_SPEED_DBA=36},{SOUND_PRESSURE_LEVEL_HEATING_H_SPEED_DBA=39},{SOUND_PRESSURE_L
100
AcDbAttributeDefinition
  3

  2
PSOL_11
 70
     9
280
     0
  0
ATTDEF
  5
2DB
330
2BD
100
AcDbEntity
  8
AM_6
100
AcDbText
 10
124.856249999994
 20
106.856250000001
 30
0.0
 40
0.5
  1
EATING_L_SPEED_DBA=30},{SOUND_PRESSURE_LEVEL_HEATING_M_SPEED_DBA=36},{SYSTEM_PERFORMANCE_EER2=11.5},{SYSTEM_PERFORMANCE_HSPF2=9.0},{SYSTEM_PERFORMANCE_SEER2=19.5},{TOTAL_COOLING_CAPACITY=0},{TOTAL_HEATING_CAPACITY=0},{UNIT_HEIGHT_CLEARANCE=8.1666666
100
AcDbAttributeDefinition
  3

  2
PSOL_12
 70
     9
280
     0
  0
ATTDEF
  5
2DC
330
2BD
100
AcDbEntity
  8
AM_6
100
AcDbText
 10
124.856249999994
 20
106.356250000001
 30
0.0
 40
0.5
  1
7},{UNIT_WEIGHT=35.2},{URL=https://daikincomfort.com/},{VERSION=1},{VOLTAGE=240},{VOLTAGE_COMMENTS=208 VAC - 230 VAC},{VAR___FAN_SPEED_SELECTOR=1},{VAR__LOW_FAN_SPEED=1},{VAR__MEDIUM_FAN_SPEED=0},{VAR__HIGH_FAN_SPEED=0},{RFA_FAMILY=Download Revit Fa
100
AcDbAttributeDefinition
  3

  2
PSOL_13
 70
     9
280
     0
  0
ATTDEF
  5
2DD
330
2BD
100
AcDbEntity
  8
AM_6
100
AcDbText
 10
124.856249999994
 20
105.856250000001
 30
0.0
 40
0.5
  1
RFA)},{DEFAULTSORTATTR=5},{RFA_FAMILY_=../../_pool_/e5/33/air_conditioner-vista-daikin-ffa.zip},{RFA_FAMILY_ENG=../../_pool_/e5/33/air_conditioner-vista-daikin-ffa.zip},{REVIT_FAMILY_DOWNLOAD=../../_pool_/e5/33/air_conditioner-vista-daikin-ffa.zip}
100
AcDbAttributeDefinition
  3

  2
PSOL_14
 70
     9
280
     0
  0
LINE
  5
2DE
330
2BD
100
AcDbEntity
  8
AM_0
100
AcDbLine
 10
-119.856250000006
 20
119.856250000001
 30
0.0
 11
-119.856250000008
 21
-119.856249999984
 31
0.0
  0
LINE
  5
2DF
330
2BD
100
AcDbEntity
  8
AM_0
100
AcDbLine
 10
-119.856250000008
 20
-119.856249999984
 30
0.0
 11
119.856249999992
 21
-119.856249999986
 31
0.0
  0
LINE
  5
2E0
330
2BD
100
AcDbEntity
  8
AM_0
100
AcDbLine
 10
119.856249999992
 20
-119.856249999986
 30
0.0
 11
119.856249999994
 21
119.856249999999
 31
0.0
  0
LINE
  5
2E1
330
2BD
100
AcDbEntity
  8
AM_0
100
AcDbLine
 10
119.856249999994
 20
119.856249999999
 30
0.0
 11
-119.856250000006
 21
119.856250000001
 31
0.0
  0
ENDBLK
  5
2C0
330
2BD
100
AcDbEntity
  8
0
100
AcDbBlockEnd
  0
ENDSEC
  0
SECTION
  2
ENTITIES
  0
ATTDEF
  5
5F
330
1F
100
AcDbEntity
  8
AM_6
100
AcDbText
 10
349.487499999991
 20
310.356250000011
 30
0.0
 40
0.5
  1
FFA12AVJU9
100
AcDbAttributeDefinition
  3

  2
NB
 70
     8
280
     0
  0
ATTDEF
  5
60
330
1F
100
AcDbEntity
  8
AM_6
100
AcDbText
 10
349.487499999991
 20
309.856250000011
 30
0.0
 40
0.5
  1
(R32) Air Conditioner Vista 2x2 Cassette FFA
100
AcDbAttributeDefinition
  3

  2
NN
 70
     8
280
     0
  0
ATTDEF
  5
61
330
1F
100
AcDbEntity
  8
AM_6
100
AcDbText
 10
349.487499999991
 20
309.356250000011
 30
0.0
 40
0.5
  1

100
AcDbAttributeDefinition
  3

  2
NT
 70
     8
280
     0
  0
ATTDEF
  5
62
330
1F
100
AcDbEntity
  8
AM_6
100
AcDbText
 10
349.487499999991
 20
308.856250000011
 30
0.0
 40
0.5
  1
$PARTNUMBER.
100
AcDbAttributeDefinition
  3

  2
NBSYN
 70
     8
280
     0
  0
ATTDEF
  5
63
330
1F
100
AcDbEntity
  8
AM_6
100
AcDbText
 10
349.487499999991
 20
308.356250000011
 30
0.0
 40
0.5
  1
FFA12AVJU9
100
AcDbAttributeDefinition
  3

  2
LINA
 70
     8
280
     0
  0
ATTDEF
  5
64
330
1F
100
AcDbEntity
  8
AM_6
100
AcDbText
 10
349.487499999991
 20
307.856250000011
 30
0.0
 40
0.5
  1
Daikin
100
AcDbAttributeDefinition
  3

  2
CATALOG
 70
     8
280
     0
  0
ATTDEF
  5
65
330
1F
100
AcDbEntity
  8
AM_6
100
AcDbText
 10
349.487499999991
 20
307.356250000011
 30
0.0
 40
0.5
  1
FFA12AVJU9
100
AcDbAttributeDefinition
  3

  2
PARTNUMBER
 70
     8
280
     0
  0
ATTDEF
  5
66
330
1F
100
AcDbEntity
  8
AM_6
100
AcDbText
 10
349.487499999991
 20
306.856250000011
 30
0.0
 40
0.5
  1
Ceiling Cassette
100
AcDbAttributeDefinition
  3

  2
DESCRIPTION
 70
     8
280
     0
  0
ATTDEF
  5
67
330
1F
100
AcDbEntity
  8
AM_6
100
AcDbText
 10
349.487499999991
 20
306.356250000011
 30
0.0
 40
0.5
  1
24.4375
100
AcDbAttributeDefinition
  3

  2
OVERALL_DEPTH
 70
     8
280
     0
  0
ATTDEF
  5
68
330
1F
100
AcDbEntity
  8
AM_6
100
AcDbText
 10
349.487499999991
 20
305.856250000011
 30
0.0
 40
0.5
  1
12.0625
100
AcDbAttributeDefinition
  3

  2
OVERALL_HEIGHT
 70
     8
280
     0
  0
ATTDEF
  5
69
330
1F
100
AcDbEntity
  8
AM_6
100
AcDbText
 10
349.487499999991
 20
305.356250000011
 30
0.0
 40
0.5
  1
24.4375
100
AcDbAttributeDefinition
  3

  2
OVERALL_WIDTH
 70
     8
280
     0
  0
ATTDEF
  5
6A
330
1F
100
AcDbEntity
  8
AM_6
100
AcDbText
 10
349.487499999991
 20
304.856250000011
 30
0.0
 40
0.5
  1
https://daikincomfort.com/
100
AcDbAttributeDefinition
  3

  2
URL
 70
     8
280
     0
  0
ATTDEF
  5
6B
330
1F
100
AcDbEntity
  8
AM_6
100
AcDbText
 10
349.487499999991
 20
304.356250000011
 30
0.0
 40
0.5
  1
Download Revit Family (RFA)
100
AcDbAttributeDefinition
  3

  2
RFA_FAMILY
 70
     8
280
     0
  0
ATTDEF
  5
6C
330
1F
100
AcDbEntity
  8
AM_6
100
AcDbText
 10
349.487499999991
 20
303.856250000011
 30
0.0
 40
0.5
  1
daikin
100
AcDbAttributeDefinition
  3

  2
COMPANY
 70
     8
280
     0
  0
ATTDEF
  5
6D
330
1F
100
AcDbEntity
  8
AM_6
100
AcDbText
 10
349.487499999991
 20
303.356250000011
 30
0.0
 40
0.5
  1
{$CADENAS_DATA/23d-libs/daikin/single20zone20systems/single20zone20indoor20units/28r322920air20conditioner20vista202x220cassette20ffa.prj},209 {STYP=ASS},{VTYP=3D},{NB=FFA12AVJU9},{LINA=FFA12AVJU9},{NN=(R32) Air Conditioner Vista 2x2 Cassette FFA},{
100
AcDbAttributeDefinition
  3

  2
PSOL_0
 70
     9
280
     0
  0
ATTDEF
  5
6E
330
1F
100
AcDbEntity
  8
AM_6
100
AcDbText
 10
349.487499999991
 20
302.856250000011
 30
0.0
 40
0.5
  1
9.07.2026 16:04:46},{GEOMDATE=08.07.2026 12:36:00},{VERSION=},{LINEID=20},{WBVAR=},{WBNUMERIC=}  {NB=FFA12AVJU9},{LINA=FFA12AVJU9},{KT=DUMMY},{PARTNUMBER=FFA12AVJU9},{PARTNUMBERHELP=1Ton_FFA12AVJU9},{ACTUAL_SOUND_PRESSURE__DBA_=30},{APPARENT_POWER=3
100
AcDbAttributeDefinition
  3

  2
PSOL_1
 70
     9
280
     0
  0
ATTDEF
  5
6F
330
1F
100
AcDbEntity
  8
AM_6
100
AcDbText
 10
349.487499999991
 20
302.356250000011
 30
0.0
 40
0.5
  1
ASSEMBLY_CODE=D3090100},{CATEGORY=Mechanical Equipment},{CEILING_CLEARANCE_OFFSET=5},{CEILING_OPENING_SPACE_WIDTH=1.921875},{CLEARANCE_VISIBILITY=1},{CONDENSATE_DRAIN_CONNECTION_DIAMETER=1.03125},{CONDENSATE_DRAIN_PIPE_HORIZONTAL_OFFSET=0.640625},{C
100
AcDbAttributeDefinition
  3

  2
PSOL_2
 70
     9
280
     0
  0
ATTDEF
  5
70
330
1F
100
AcDbEntity
  8
AM_6
100
AcDbText
 10
349.487499999991
 20
301.856250000011
 30
0.0
 40
0.5
  1
ATE_DRAIN_PIPE_LENGTH=0.984375},{CONDENSATE_DRAIN_PIPE_RADIUS=0.04296875},{CONDENSATE_DRAIN_PIPE_VERTICAL_OFFSET=0.723958333333333},{COOLING_MODE=1},{COST=0},{DECORATION_PANEL_DEPTH=2.03645833333333},{DECORATION_PANEL_HEIGHT=0.0260416666666667},{DEC
100
AcDbAttributeDefinition
  3

  2
PSOL_3
 70
     9
280
     0
  0
ATTDEF
  5
71
330
1F
100
AcDbEntity
  8
AM_6
100
AcDbText
 10
349.487499999991
 20
301.356250000011
 30
0.0
 40
0.5
  1
N_PANEL_WIDTH=2.03645833333333},{DEFAULT_ELEVATION=0},{DESCRIPTION=Ceiling Cassette},{DRAIN_FLOW=0},{ENCLOSURE_DEPTH=1.88541666666667},{ENCLOSURE_FLANGE_OFFSET=0.0833333333333333},{ENCLOSURE_HEIGHT=0.854166666666667},{ENCLOSURE_MINIMUM_HEIGHT_CLEARA
100
AcDbAttributeDefinition
  3

  2
PSOL_4
 70
     9
280
     0
  0
ATTDEF
  5
72
330
1F
100
AcDbEntity
  8
AM_6
100
AcDbText
 10
349.487499999991
 20
300.856250000011
 30
0.0
 40
0.5
  1
984375},{ENCLOSURE_WIDTH=1.88541666666667},{FAN_TYPE=Propeller},{FREQUENCY=60},{GAS_PIPE_HORIZONTAL_OFFSET=0.692708333333333},{GAS_PIPE_LENGTH=1.05208333333333},{GAS_PIPE_RADIUS=0.015625},{GAS_PIPE_VERTICAL_OFFSET=0.510416666666667},{HEATING_MODE=0}
100
AcDbAttributeDefinition
  3

  2
PSOL_5
 70
     9
280
     0
  0
ATTDEF
  5
73
330
1F
100
AcDbEntity
  8
AM_6
100
AcDbText
 10
349.487499999991
 20
300.356250000011
 30
0.0
 40
0.5
  1
K_HOLE_DIAMETER=0.328125},{KNOCK_HOLE_RADIUS=0.1640625},{LATENT_COOLING_CAPACITY=0},{LIQUID_PIPE_HORIZONTAL_OFFSET=0.5625},{LIQUID_PIPE_LENGTH=1.13020833333333},{LIQUID_PIPE_RADIUS=0.0104166666666667},{LIQUID_PIPE_VERTICAL_OFFSET=0.635416666666667},
100
AcDbAttributeDefinition
  3

  2
PSOL_6
 70
     9
280
     0
  0
ATTDEF
  5
74
330
1F
100
AcDbEntity
  8
AM_6
100
AcDbText
 10
349.487499999991
 20
299.856250000011
 30
0.0
 40
0.5
  1
SUB_CLASSIFICATION_MOTOR=1},{MANUFACTURER=Daikin},{MASSUNIT=1},{MAXIMUM_OVERCURRENT_PROTECTION=15},{MINIMUM_CIRCUIT_AMPS=14.6},{MINIMUM_FLOOR_CLEARANCE=8.16666666666667},{MINIMUM_OBSTACLE_CLEARANCE=5},{NO_OBSTACLES_BELOW_UNIT=1},{NOMINAL_COOLING_CAP
100
AcDbAttributeDefinition
  3

  2
PSOL_7
 70
     9
280
     0
  0
ATTDEF
  5
75
330
1F
100
AcDbEntity
  8
AM_6
100
AcDbText
 10
349.487499999991
 20
299.356250000011
 30
0.0
 40
0.5
  1
10800},{NOMINAL_COOLING_CAPACITY__TONS_=1},{NOMINAL_HEATING_CAPACITY=13500},{NUMBER_OF_POLES=2},{OBSTACLES_BELOW_UNIT=0},{OMNICLASS_NUMBER=23.75.10.24.21.27},{OMNICLASS_TITLE=Unitary Air Conditioning Equipment},{OUT_AIR_INTAKE_H_OFFSET=0.48958333333
100
AcDbAttributeDefinition
  3

  2
PSOL_8
 70
     9
280
     0
  0
ATTDEF
  5
76
330
1F
100
AcDbEntity
  8
AM_6
100
AcDbText
 10
349.487499999991
 20
298.856250000011
 30
0.0
 40
0.5
  1
{OUT_AIR_INTAKE_RADIUS=0.0009765625},{OUT_AIR_INTAKE_V_OFFSET=0.729166666666667},{OUTDOOR_AIR_INTAKE=0},{OVERALL_DEPTH=24.4375},{OVERALL_HEIGHT=12.0625},{OVERALL_WIDTH=24.4375},{PANEL_SPACER_HEIGHT=0.125},{PARTTYPE=Normal},{PHASE=1},{PRODUCT_PAGE_UR
100
AcDbAttributeDefinition
  3

  2
PSOL_9
 70
     9
280
     0
  0
ATTDEF
  5
77
330
1F
100
AcDbEntity
  8
AM_6
100
AcDbText
 10
349.487499999991
 20
298.356250000011
 30
0.0
 40
0.5
  1
s://daikincomfort.com/products/heating-cooling/single-split-ductless/heat-pumps/vista-ceiling-cassette},{REFRIGERANT_LIQUID_CONNECTION_DIAMETER=0.25},{REFRIGERANT_SUCTION_GAS_CONNECTION_DIAMETER=0.375},{REFRIGERANT_USED=R-32},{SENSIBLE_COOLING_CAPAC
100
AcDbAttributeDefinition
  3

  2
PSOL_10
 70
     9
280
     0
  0
ATTDEF
  5
78
330
1F
100
AcDbEntity
  8
AM_6
100
AcDbText
 10
349.487499999991
 20
297.856250000011
 30
0.0
 40
0.5
  1
,{SERIES=Vista},{SOUND_PRESSURE_LEVEL_COOLING_H_SPEED_DBA=39},{SOUND_PRESSURE_LEVEL_COOLING_L_SPEED_DBA=30},{SOUND_PRESSURE_LEVEL_COOLING_M_SPEED_DBA=36},{SOUND_PRESSURE_LEVEL_HEATING_H_SPEED_DBA=39},{SOUND_PRESSURE_LEVEL_HEATING_L_SPEED_DBA=30},{SO
100
AcDbAttributeDefinition
  3

  2
PSOL_11
 70
     9
280
     0
  0
ATTDEF
  5
79
330
1F
100
AcDbEntity
  8
AM_6
100
AcDbText
 10
349.487499999991
 20
297.356250000011
 30
0.0
 40
0.5
  1
ESSURE_LEVEL_HEATING_M_SPEED_DBA=36},{SYSTEM_PERFORMANCE_EER2=11.5},{SYSTEM_PERFORMANCE_HSPF2=9.0},{SYSTEM_PERFORMANCE_SEER2=19.5},{TOTAL_COOLING_CAPACITY=0},{TOTAL_HEATING_CAPACITY=0},{UNIT_HEIGHT_CLEARANCE=8.16666666666667},{UNIT_WEIGHT=35.2},{URL
100
AcDbAttributeDefinition
  3

  2
PSOL_12
 70
     9
280
     0
  0
ATTDEF
  5
7A
330
1F
100
AcDbEntity
  8
AM_6
100
AcDbText
 10
349.487499999991
 20
296.856250000011
 30
0.0
 40
0.5
  1
://daikincomfort.com/},{VERSION=1},{VOLTAGE=240},{VOLTAGE_COMMENTS=208 VAC - 230 VAC},{VAR___FAN_SPEED_SELECTOR=1},{VAR__LOW_FAN_SPEED=1},{VAR__MEDIUM_FAN_SPEED=0},{VAR__HIGH_FAN_SPEED=0},{RFA_FAMILY=Download Revit Family (RFA)},{DEFAULTSORTATTR=5},
100
AcDbAttributeDefinition
  3

  2
PSOL_13
 70
     9
280
     0
  0
ATTDEF
  5
7B
330
1F
100
AcDbEntity
  8
AM_6
100
AcDbText
 10
349.487499999991
 20
296.356250000011
 30
0.0
 40
0.5
  1
AMILY_=../../_pool_/e5/33/air_conditioner-vista-daikin-ffa.zip},{RFA_FAMILY_ENG=../../_pool_/e5/33/air_conditioner-vista-daikin-ffa.zip},{REVIT_FAMILY_DOWNLOAD=../../_pool_/e5/33/air_conditioner-vista-daikin-ffa.zip}
100
AcDbAttributeDefinition
  3

  2
PSOL_14
 70
     9
280
     0
  0
INSERT
  5
7D
330
1F
100
AcDbEntity
  8
0
100
AcDbBlockReference
  2
1_FFA12AVJU9_PART15_0_in_FFA12AVJU9_4
 10
0.0
 20
0.0
 30
0.0
  0
INSERT
  5
A4
330
1F
100
AcDbEntity
  8
0
100
AcDbBlockReference
  2
2_FFA12AVJU9_PART14_0_in_FFA12AVJU9_4
 10
0.0
 20
0.0
 30
0.0
  0
INSERT
  5
CC
330
1F
100
AcDbEntity
  8
0
100
AcDbBlockReference
  2
3_FFA12AVJU9_PART13_0_in_FFA12AVJU9_4
 10
0.0
 20
0.0
 30
0.0
  0
INSERT
  5
F3
330
1F
100
AcDbEntity
  8
0
100
AcDbBlockReference
  2
4_FFA12AVJU9_PART12_0_in_FFA12AVJU9_4
 10
0.0
 20
0.0
 30
0.0
  0
INSERT
  5
117
330
1F
100
AcDbEntity
  8
0
100
AcDbBlockReference
  2
5_FFA12AVJU9_PART11_0_in_FFA12AVJU9_4
 10
0.0
 20
0.0
 30
0.0
  0
INSERT
  5
141
330
1F
100
AcDbEntity
  8
0
100
AcDbBlockReference
  2
6_FFA12AVJU9_PART10_0_in_FFA12AVJU9_4
 10
0.0
 20
0.0
 30
0.0
  0
INSERT
  5
18A
330
1F
100
AcDbEntity
  8
0
100
AcDbBlockReference
  2
7_FFA12AVJU9_PART9_0_in_FFA12AVJU9_4
 10
0.0
 20
0.0
 30
0.0
  0
INSERT
  5
1AF
330
1F
100
AcDbEntity
  8
0
100
AcDbBlockReference
  2
8_FFA12AVJU9_PART8_0_in_FFA12AVJU9_4
 10
0.0
 20
0.0
 30
0.0
  0
INSERT
  5
1D7
330
1F
100
AcDbEntity
  8
0
100
AcDbBlockReference
  2
9_FFA12AVJU9_PART7_0_in_FFA12AVJU9_4
 10
0.0
 20
0.0
 30
0.0
  0
INSERT
  5
1FC
330
1F
100
AcDbEntity
  8
0
100
AcDbBlockReference
  2
10_FFA12AVJU9_PART6_0_in_FFA12AVJU9_4
 10
0.0
 20
0.0
 30
0.0
  0
INSERT
  5
224
330
1F
100
AcDbEntity
  8
0
100
AcDbBlockReference
  2
11_FFA12AVJU9_PART5_0_in_FFA12AVJU9_4
 10
0.0
 20
0.0
 30
0.0
  0
INSERT
  5
249
330
1F
100
AcDbEntity
  8
0
100
AcDbBlockReference
  2
12_FFA12AVJU9_PART4_0_in_FFA12AVJU9_4
 10
0.0
 20
0.0
 30
0.0
  0
INSERT
  5
271
330
1F
100
AcDbEntity
  8
0
100
AcDbBlockReference
  2
13_FFA12AVJU9_PART3_0_in_FFA12AVJU9_4
 10
0.0
 20
0.0
 30
0.0
  0
INSERT
  5
296
330
1F
100
AcDbEntity
  8
0
100
AcDbBlockReference
  2
14_FFA12AVJU9_PART2_0_in_FFA12AVJU9_4
 10
0.0
 20
0.0
 30
0.0
  0
INSERT
  5
2BE
330
1F
100
AcDbEntity
  8
0
100
AcDbBlockReference
  2
15_FFA12AVJU9_PART1_0_in_FFA12AVJU9_4
 10
0.0
 20
0.0
 30
0.0
  0
ENDSEC
  0
SECTION
  2
OBJECTS
  0
DICTIONARY
  5
C
330
0
100
AcDbDictionary
281
     1
  3
ACAD_DETAILVIEWSTYLE
350
2E9
  3
ACAD_GROUP
350
D
  3
ACAD_LAYOUT
350
1A
  3
ACAD_MATERIAL
350
43
  3
ACAD_MLEADERSTYLE
350
5B
  3
ACAD_MLINESTYLE
350
17
  3
ACAD_PLOTSETTINGS
350
19
  3
ACAD_PLOTSTYLENAME
350
E
  3
ACAD_SCALELIST
350
47
  3
ACAD_SECTIONVIEWSTYLE
350
2EA
  3
ACAD_TABLESTYLE
350
59
  3
ACAD_VISUALSTYLE
350
2A
  3
ACDB_RECOMPOSE_DATA
350
2E6
  3
AcDbVariableDictionary
350
2E2
  0
SUN
  5
5D
330
29
100
AcDbSun
 90
        1
290
     0
 63
     7
421
 16777215
 40
1.0
291
     1
 91
  2455826
 92
 54000000
292
     0
 70
     2
 71
   256
280
     1
  0
DICTIONARY
  5
2E9
102
{ACAD_REACTORS
330
C
102
}
330
C
100
AcDbDictionary
281
     1
  0
DICTIONARY
  5
D
102
{ACAD_REACTORS
330
C
102
}
330
C
100
AcDbDictionary
281
     1
  0
DICTIONARY
  5
1A
102
{ACAD_REACTORS
330
C
102
}
330
C
100
AcDbDictionary
281
     1
  3
Layout1
350
1E
  3
Layout2
350
26
  3
Model
350
22
  0
DICTIONARY
  5
43
102
{ACAD_REACTORS
330
C
102
}
330
C
100
AcDbDictionary
281
     1
  3
ByBlock
350
45
  3
ByLayer
350
44
  3
Global
350
46
  0
DICTIONARY
  5
5B
102
{ACAD_REACTORS
330
C
102
}
330
C
100
AcDbDictionary
281
     1
  3
Standard
350
5C
  0
DICTIONARY
  5
17
102
{ACAD_REACTORS
330
C
102
}
330
C
100
AcDbDictionary
281
     1
  3
Standard
350
18
  0
DICTIONARY
  5
19
102
{ACAD_REACTORS
330
C
102
}
330
C
100
AcDbDictionary
281
     1
  0
ACDBDICTIONARYWDFLT
  5
E
102
{ACAD_REACTORS
330
C
102
}
330
C
100
AcDbDictionary
281
     1
  3
Normal
350
F
100
AcDbDictionaryWithDefault
340
F
  0
DICTIONARY
  5
47
102
{ACAD_REACTORS
330
C
102
}
330
C
100
AcDbDictionary
281
     1
  3
A0
350
48
  3
A1
350
49
  3
A2
350
4A
  3
A3
350
4B
  3
A4
350
4C
  3
A5
350
4D
  3
A6
350
4E
  3
A7
350
4F
  3
A8
350
50
  3
A9
350
51
  3
B0
350
52
  3
B1
350
53
  3
B2
350
54
  3
B3
350
55
  3
B4
350
56
  3
B5
350
57
  3
B6
350
58
  0
DICTIONARY
  5
2EA
102
{ACAD_REACTORS
330
C
102
}
330
C
100
AcDbDictionary
281
     1
  0
DICTIONARY
  5
59
102
{ACAD_REACTORS
330
C
102
}
330
C
100
AcDbDictionary
281
     1
  3
Standard
350
5A
  0
DICTIONARY
  5
2A
102
{ACAD_REACTORS
330
C
102
}
330
C
100
AcDbDictionary
281
     1
  3
2dWireframe
350
2F
  3
Basic
350
32
  3
Brighten
350
36
  3
ColorChange
350
3A
  3
Conceptual
350
34
  3
Dim
350
35
  3
EdgeColorOff
350
3D
  3
Facepattern
350
39
  3
Flat
350
2B
  3
FlatWithEdges
350
2C
  3
Gouraud
350
2D
  3
GouraudWithEdges
350
2E
  3
Hidden
350
31
  3
JitterOff
350
3B
  3
Linepattern
350
38
  3
OverhangOff
350
3C
  3
Realistic
350
33
  3
Shaded
350
42
  3
Shaded with edges
350
41
  3
Shades of Gray
350
3E
  3
Sketchy
350
3F
  3
Thicken
350
37
  3
Wireframe
350
30
  3
X-Ray
350
40
  0
XRECORD
  5
2E6
102
{ACAD_REACTORS
330
C
102
}
330
C
100
AcDbXrecord
280
     1
 90
        1
330
5A
  0
DICTIONARY
  5
2E2
102
{ACAD_REACTORS
330
C
102
}
330
C
100
AcDbDictionary
281
     1
  3
CANNOSCALE
350
2E3
  3
CENTEREXE
350
2EB
  3
CENTERLTYPEFILE
350
2EC
  3
CMLEADERSTYLE
350
2E8
  3
CTABLESTYLE
350
2E7
  0
LAYOUT
  5
1E
102
{ACAD_REACTORS
330
1A
102
}
330
1A
100
AcDbPlotSettings
  1

  2
none_device
  4

  6

 40
0.0
 41
0.0
 42
0.0
 43
0.0
 44
0.0
 45
0.0
 46
0.0
 47
0.0
 48
0.0
 49
0.0
140
0.0
141
0.0
142
1.0
143
1.0
 70
   688
 72
     1
 73
     0
 74
     5
  7

 75
    16
 76
     0
 77
     2
 78
   300
147
1.0
148
0.0
149
0.0
100
AcDbLayout
  1
Layout1
 70
     1
 71
     1
 10
0.0
 20
0.0
 11
420.0
 21
297.0
 12
0.0
 22
0.0
 32
0.0
 14
1.000000000000000E+20
 24
1.000000000000000E+20
 34
1.000000000000000E+20
 15
-1.000000000000000E+20
 25
-1.000000000000000E+20
 35
-1.000000000000000E+20
146
0.0
 13
0.0
 23
0.0
 33
0.0
 16
1.0
 26
0.0
 36
0.0
 17
0.0
 27
1.0
 37
0.0
 76
     0
330
1B
  0
LAYOUT
  5
26
102
{ACAD_REACTORS
330
1A
102
}
330
1A
100
AcDbPlotSettings
  1

  2
none_device
  4

  6

 40
0.0
 41
0.0
 42
0.0
 43
0.0
 44
0.0
 45
0.0
 46
0.0
 47
0.0
 48
0.0
 49
0.0
140
0.0
141
0.0
142
1.0
143
1.0
 70
   688
 72
     1
 73
     0
 74
     5
  7

 75
    16
 76
     0
 77
     2
 78
   300
147
1.0
148
0.0
149
0.0
100
AcDbLayout
  1
Layout2
 70
     1
 71
     2
 10
0.0
 20
0.0
 11
0.0
 21
0.0
 12
0.0
 22
0.0
 32
0.0
 14
0.0
 24
0.0
 34
0.0
 15
0.0
 25
0.0
 35
0.0
146
0.0
 13
0.0
 23
0.0
 33
0.0
 16
1.0
 26
0.0
 36
0.0
 17
0.0
 27
1.0
 37
0.0
 76
     0
330
23
  0
LAYOUT
  5
22
102
{ACAD_REACTORS
330
1A
102
}
330
1A
100
AcDbPlotSettings
  1

  2
none_device
  4
Letter_(8.50_x_11.00_Inches)
  6

 40
6.35
 41
6.35
 42
6.35000508
 43
6.35000508
 44
215.9
 45
279.4
 46
0.0
 47
0.0
 48
0.0
 49
0.0
140
0.0
141
0.0
142
1.0
143
1.0
 70
  1712
 72
     1
 73
     0
 74
     0
  7

 75
     0
 76
     0
 77
     2
 78
   300
147
1.0
148
0.0
149
0.0
100
AcDbLayout
  1
Model
 70
     1
 71
     0
 10
0.0
 20
0.0
 11
420.0
 21
297.0
 12
0.0
 22
0.0
 32
0.0
 14
-310.356250000017
 24
-310.356249999992
 34
0.0
 15
356.4044491525334
 25
310.8616737288246
 35
0.0
146
0.0
 13
0.0
 23
0.0
 33
0.0
 16
1.0
 26
0.0
 36
0.0
 17
0.0
 27
1.0
 37
0.0
 76
     0
330
1F
331
29
  0
MATERIAL
  5
45
102
{ACAD_REACTORS
330
43
102
}
330
43
100
AcDbMaterial
  1
ByBlock
 72
     1
 94
      127
  0
MATERIAL
  5
44
102
{ACAD_REACTORS
330
43
102
}
330
43
100
AcDbMaterial
  1
ByLayer
 72
     1
 94
      127
  0
MATERIAL
  5
46
102
{ACAD_REACTORS
330
43
102
}
330
43
100
AcDbMaterial
  1
Global
 72
     1
 94
      127
  0
MLEADERSTYLE
  5
5C
102
{ACAD_REACTORS
330
5B
102
}
330
5B
100
AcDbMLeaderStyle
179
     2
170
     2
171
     1
172
     0
 90
        2
 40
0.0
 41
0.0
173
     1
 91
-1056964608
340
14
 92
       -2
290
     1
 42
2.0
291
     1
 43
8.0
  3
Standard
341
0
 44
4.0
300

342
11
174
     1
178
     6
175
     1
176
     0
 93
-1056964608
 45
4.0
292
     0
297
     0
 46
4.0
343
0
 94
-1056964608
 47
1.0
 49
1.0
140
1.0
293
     1
141
0.0
294
     1
177
     0
142
1.0
295
     0
296
     0
143
3.75
271
     0
272
     9
273
     9
298
     0
  0
MLINESTYLE
  5
18
102
{ACAD_REACTORS
330
17
102
}
330
17
100
AcDbMlineStyle
  2
Standard
 70
     0
  3

 62
   256
 51
90.0
 52
90.0
 71
     2
 49
0.5
 62
   256
  6
BYLAYER
 49
-0.5
 62
   256
  6
BYLAYER
  0
ACDBPLACEHOLDER
  5
F
102
{ACAD_REACTORS
330
E
102
}
330
E
  0
SCALE
  5
48
102
{ACAD_REACTORS
330
47
102
}
330
47
100
AcDbScale
 70
     0
300
1:1
140
1.0
141
1.0
290
     1
  0
SCALE
  5
49
102
{ACAD_REACTORS
330
47
102
}
330
47
100
AcDbScale
 70
     0
300
1:2
140
1.0
141
2.0
290
     0
  0
SCALE
  5
4A
102
{ACAD_REACTORS
330
47
102
}
330
47
100
AcDbScale
 70
     0
300
1:4
140
1.0
141
4.0
290
     0
  0
SCALE
  5
4B
102
{ACAD_REACTORS
330
47
102
}
330
47
100
AcDbScale
 70
     0
300
1:5
140
1.0
141
5.0
290
     0
  0
SCALE
  5
4C
102
{ACAD_REACTORS
330
47
102
}
330
47
100
AcDbScale
 70
     0
300
1:8
140
1.0
141
8.0
290
     0
  0
SCALE
  5
4D
102
{ACAD_REACTORS
330
47
102
}
330
47
100
AcDbScale
 70
     0
300
1:10
140
1.0
141
10.0
290
     0
  0
SCALE
  5
4E
102
{ACAD_REACTORS
330
47
102
}
330
47
100
AcDbScale
 70
     0
300
1:16
140
1.0
141
16.0
290
     0
  0
SCALE
  5
4F
102
{ACAD_REACTORS
330
47
102
}
330
47
100
AcDbScale
 70
     0
300
1:20
140
1.0
141
20.0
290
     0
  0
SCALE
  5
50
102
{ACAD_REACTORS
330
47
102
}
330
47
100
AcDbScale
 70
     0
300
1:30
140
1.0
141
30.0
290
     0
  0
SCALE
  5
51
102
{ACAD_REACTORS
330
47
102
}
330
47
100
AcDbScale
 70
     0
300
1:40
140
1.0
141
40.0
290
     0
  0
SCALE
  5
52
102
{ACAD_REACTORS
330
47
102
}
330
47
100
AcDbScale
 70
     0
300
1:50
140
1.0
141
50.0
290
     0
  0
SCALE
  5
53
102
{ACAD_REACTORS
330
47
102
}
330
47
100
AcDbScale
 70
     0
300
1:100
140
1.0
141
100.0
290
     0
  0
SCALE
  5
54
102
{ACAD_REACTORS
330
47
102
}
330
47
100
AcDbScale
 70
     0
300
2:1
140
2.0
141
1.0
290
     0
  0
SCALE
  5
55
102
{ACAD_REACTORS
330
47
102
}
330
47
100
AcDbScale
 70
     0
300
4:1
140
4.0
141
1.0
290
     0
  0
SCALE
  5
56
102
{ACAD_REACTORS
330
47
102
}
330
47
100
AcDbScale
 70
     0
300
8:1
140
8.0
141
1.0
290
     0
  0
SCALE
  5
57
102
{ACAD_REACTORS
330
47
102
}
330
47
100
AcDbScale
 70
     0
300
10:1
140
10.0
141
1.0
290
     0
  0
SCALE
  5
58
102
{ACAD_REACTORS
330
47
102
}
330
47
100
AcDbScale
 70
     0
300
100:1
140
100.0
141
1.0
290
     0
  0
TABLESTYLE
  5
5A
102
{ACAD_REACTORS
330
59
102
}
102
{ACAD_XDICTIONARY
360
2E4
102
}
330
59
100
AcDbTableStyle
  3
Standard
 70
     0
 71
     0
 40
0.06
 41
0.06
280
     0
281
     0
  7
Standard
140
4.5
170
     2
 62
     0
 63
   257
283
     0
 90
        4
 91
        0
  1

274
    -2
284
     1
 64
     0
275
    -2
285
     1
 65
     0
276
    -2
286
     1
 66
     0
277
    -2
287
     1
 67
     0
278
    -2
288
     1
 68
     0
279
    -2
289
     1
 69
     0
  7
Standard
140
6.0
170
     5
 62
     0
 63
   257
283
     0
 90
        4
 91
        0
  1

274
    -2
284
     1
 64
     0
275
    -2
285
     1
 65
     0
276
    -2
286
     1
 66
     0
277
    -2
287
     1
 67
     0
278
    -2
288
     1
 68
     0
279
    -2
289
     1
 69
     0
  7
Standard
140
4.5
170
     5
 62
     0
 63
   257
283
     0
 90
        4
 91
        0
  1

274
    -2
284
     1
 64
     0
275
    -2
285
     1
 65
     0
276
    -2
286
     1
 66
     0
277
    -2
287
     1
 67
     0
278
    -2
288
     1
 68
     0
279
    -2
289
     1
 69
     0
  0
VISUALSTYLE
  5
2F
102
{ACAD_REACTORS
330
2A
102
}
330
2A
100
AcDbVisualStyle
  2
2dWireframe
 70
     4
177
     3
291
     0
 70
    58
 90
        0
176
     1
 90
        2
176
     1
 90
        0
176
     1
 90
        0
176
     1
 40
0.6
176
     1
 40
30.0
176
     1
 62
     7
420
 16777215
176
     1
 90
        1
176
     1
 90
        4
176
     1
 62
     7
176
     1
 62
   257
176
     1
 90
        1
176
     1
 90
        1
176
     1
 40
1.0
176
     1
 90
        0
176
     1
 62
   257
176
     1
 40
1.0
176
     1
 90
        1
176
     1
 90
        6
176
     1
 90
        2
176
     1
 62
     7
176
     1
 90
        5
176
     1
 90
        0
176
     1
 90
        0
176
     1
290
     0
176
     1
 90
        1
176
     1
 40
0.0
176
     1
 90
        0
176
     1
290
     1
176
     1
290
     1
176
     1
290
     0
176
     1
290
     0
176
     1
290
     0
176
     1
290
     0
176
     1
290
     0
176
     1
290
     0
176
     1
290
     0
176
     1
 90
       50
176
     1
 40
0.0
176
     1
 40
1.0
176
     1
 90
        0
176
     1
 62
    18
420
        0
176
     1
 90
       50
176
     1
 90
        3
176
     1
 62
     5
420
      255
176
     1
290
     0
176
     1
 90
       50
176
     1
 90
       50
176
     1
 90
       50
176
     1
290
     0
176
     1
 90
       50
176
     1
 62
   256
176
     0
 40
1.0
176
     0
 90
        2
176
     1
  1
strokes_ogs.tif
176
     1
290
     0
176
     1
 40
1.0
176
     1
 40
1.0
176
     1
  0
VISUALSTYLE
  5
32
102
{ACAD_REACTORS
330
2A
102
}
330
2A
100
AcDbVisualStyle
  2
Basic
 70
     7
177
     3
291
     1
 70
    58
 90
        1
176
     1
 90
        0
176
     1
 90
        1
176
     1
 90
        0
176
     1
 40
0.6
176
     1
 40
30.0
176
     1
 62
     7
420
 16777215
176
     1
 90
        0
176
     1
 90
        4
176
     1
 62
     7
176
     1
 62
   257
176
     1
 90
        1
176
     1
 90
        1
176
     1
 40
1.0
176
     1
 90
        8
176
     1
 62
     7
176
     1
 40
1.0
176
     1
 90
        1
176
     1
 90
        6
176
     1
 90
        2
176
     1
 62
     7
176
     1
 90
        5
176
     1
 90
        0
176
     1
 90
        0
176
     1
290
     0
176
     1
 90
        1
176
     1
 40
0.0
176
     1
 90
        0
176
     1
290
     0
176
     1
290
     1
176
     1
290
     1
176
     1
290
     0
176
     1
290
     0
176
     1
290
     0
176
     1
290
     0
176
     1
290
     0
176
     1
290
     0
176
     1
 90
       50
176
     1
 40
0.0
176
     1
 40
1.0
176
     1
 90
        0
176
     1
 62
    18
420
        0
176
     1
 90
       50
176
     1
 90
        3
176
     1
 62
     5
420
      255
176
     1
290
     0
176
     1
 90
       50
176
     1
 90
       50
176
     1
 90
       50
176
     1
290
     0
176
     1
 90
       50
176
     1
 62
   256
176
     0
 40
1.0
176
     0
 90
        2
176
     1
  1
strokes_ogs.tif
176
     1
290
     0
176
     1
 40
1.0
176
     1
 40
1.0
176
     1
  0
VISUALSTYLE
  5
36
102
{ACAD_REACTORS
330
2A
102
}
330
2A
100
AcDbVisualStyle
  2
Brighten
 70
    12
177
     3
291
     1
 70
    58
 90
        2
176
     1
 90
        2
176
     1
 90
        0
176
     1
 90
        0
176
     1
 40
0.6
176
     1
 40
30.0
176
     1
 62
     7
420
 16777215
176
     1
 90
        1
176
     1
 90
        4
176
     1
 62
     7
176
     1
 62
   257
176
     1
 90
        1
176
     1
 90
        1
176
     1
 40
1.0
176
     1
 90
        8
176
     1
 62
     7
176
     1
 40
1.0
176
     1
 90
        1
176
     1
 90
        6
176
     1
 90
        2
176
     1
 62
     7
176
     1
 90
        5
176
     1
 90
        0
176
     1
 90
        0
176
     1
290
     0
176
     1
 90
        1
176
     1
 40
50.0
176
     1
 90
        0
176
     1
290
     0
176
     1
290
     1
176
     1
290
     1
176
     1
290
     0
176
     1
290
     0
176
     1
290
     0
176
     1
290
     0
176
     1
290
     0
176
     1
290
     0
176
     1
 90
       50
176
     1
 40
0.0
176
     1
 40
1.0
176
     1
 90
        0
176
     1
 62
    18
420
        0
176
     1
 90
       50
176
     1
 90
        3
176
     1
 62
     5
420
      255
176
     1
290
     0
176
     1
 90
       50
176
     1
 90
       50
176
     1
 90
       50
176
     1
290
     0
176
     1
 90
       50
176
     1
 62
   256
176
     0
 40
1.0
176
     0
 90
        2
176
     1
  1
strokes_ogs.tif
176
     1
290
     0
176
     1
 40
1.0
176
     1
 40
1.0
176
     1
  0
VISUALSTYLE
  5
3A
102
{ACAD_REACTORS
330
2A
102
}
330
2A
100
AcDbVisualStyle
  2
ColorChange
 70
    16
177
     3
291
     1
 70
    58
 90
        2
176
     1
 90
        2
176
     1
 90
        3
176
     1
 90
        0
176
     1
 40
0.6
176
     1
 40
30.0
176
     1
 62
     8
420
  8421504
176
     1
 90
        1
176
     1
 90
        4
176
     1
 62
     7
176
     1
 62
   257
176
     1
 90
        1
176
     1
 90
        1
176
     1
 40
1.0
176
     1
 90
        8
176
     1
 62
     8
420
  8421504
176
     1
 40
1.0
176
     1
 90
        1
176
     1
 90
        6
176
     1
 90
        2
176
     1
 62
     7
176
     1
 90
        5
176
     1
 90
        0
176
     1
 90
        0
176
     1
290
     0
176
     1
 90
        1
176
     1
 40
0.0
176
     1
 90
        0
176
     1
290
     0
176
     1
290
     1
176
     1
290
     1
176
     1
290
     0
176
     1
290
     0
176
     1
290
     0
176
     1
290
     0
176
     1
290
     0
176
     1
290
     0
176
     1
 90
       50
176
     1
 40
0.0
176
     1
 40
1.0
176
     1
 90
        0
176
     1
 62
    18
420
        0
176
     1
 90
       50
176
     1
 90
        3
176
     1
 62
     5
420
      255
176
     1
290
     0
176
     1
 90
       50
176
     1
 90
       50
176
     1
 90
       50
176
     1
290
     0
176
     1
 90
       50
176
     1
 62
   256
176
     0
 40
1.0
176
     0
 90
        2
176
     1
  1
strokes_ogs.tif
176
     1
290
     0
176
     1
 40
1.0
176
     1
 40
1.0
176
     1
  0
VISUALSTYLE
  5
34
102
{ACAD_REACTORS
330
2A
102
}
330
2A
100
AcDbVisualStyle
  2
Conceptual
 70
     9
177
     3
291
     0
 70
    58
 90
        3
176
     1
 90
        2
176
     1
 90
        0
176
     1
 90
        0
176
     1
 40
0.6
176
     1
 40
30.0
176
     1
 62
     7
420
 16777215
176
     1
 90
        2
176
     1
 90
        2
176
     1
 62
     7
176
     1
 62
   257
176
     1
 90
        1
176
     1
 90
        1
176
     1
 40
179.0
176
     1
 90
        8
176
     1
 62
     7
176
     1
 40
1.0
176
     1
 90
        1
176
     1
 90
        6
176
     1
 90
        2
176
     1
 62
     7
176
     1
 90
        3
176
     1
 90
        0
176
     1
 90
        0
176
     1
290
     0
176
     1
 90
        1
176
     1
 40
0.0
176
     1
 90
        0
176
     1
290
     0
176
     1
290
     1
176
     1
290
     1
176
     1
290
     0
176
     1
290
     0
176
     1
290
     0
176
     1
290
     0
176
     1
290
     0
176
     1
290
     0
176
     1
 90
       50
176
     1
 40
0.0
176
     1
 40
1.0
176
     1
 90
        0
176
     1
 62
    18
420
        0
176
     1
 90
       50
176
     1
 90
        3
176
     1
 62
     5
420
      255
176
     1
290
     0
176
     1
 90
       50
176
     1
 90
       50
176
     1
 90
       50
176
     1
290
     0
176
     1
 90
       50
176
     1
 62
   256
176
     0
 40
1.0
176
     0
 90
        2
176
     1
  1
strokes_ogs.tif
176
     1
290
     0
176
     1
 40
1.0
176
     1
 40
1.0
176
     1
  0
VISUALSTYLE
  5
35
102
{ACAD_REACTORS
330
2A
102
}
330
2A
100
AcDbVisualStyle
  2
Dim
 70
    11
177
     3
291
     1
 70
    58
 90
        2
176
     1
 90
        2
176
     1
 90
        0
176
     1
 90
        0
176
     1
 40
0.6
176
     1
 40
30.0
176
     1
 62
     7
420
 16777215
176
     1
 90
        1
176
     1
 90
        4
176
     1
 62
     7
176
     1
 62
   257
176
     1
 90
        1
176
     1
 90
        1
176
     1
 40
1.0
176
     1
 90
        8
176
     1
 62
     7
176
     1
 40
1.0
176
     1
 90
        1
176
     1
 90
        6
176
     1
 90
        2
176
     1
 62
     7
176
     1
 90
        5
176
     1
 90
        0
176
     1
 90
        0
176
     1
290
     0
176
     1
 90
        1
176
     1
 40
-50.0
176
     1
 90
        0
176
     1
290
     0
176
     1
290
     1
176
     1
290
     1
176
     1
290
     0
176
     1
290
     0
176
     1
290
     0
176
     1
290
     0
176
     1
290
     0
176
     1
290
     0
176
     1
 90
       50
176
     1
 40
0.0
176
     1
 40
1.0
176
     1
 90
        0
176
     1
 62
    18
420
        0
176
     1
 90
       50
176
     1
 90
        3
176
     1
 62
     5
420
      255
176
     1
290
     0
176
     1
 90
       50
176
     1
 90
       50
176
     1
 90
       50
176
     1
290
     0
176
     1
 90
       50
176
     1
 62
   256
176
     0
 40
1.0
176
     0
 90
        2
176
     1
  1
strokes_ogs.tif
176
     1
290
     0
176
     1
 40
1.0
176
     1
 40
1.0
176
     1
  0
VISUALSTYLE
  5
3D
102
{ACAD_REACTORS
330
2A
102
}
330
2A
100
AcDbVisualStyle
  2
EdgeColorOff
 70
    22
177
     3
291
     1
 70
    58
 90
        2
176
     0
 90
        2
176
     0
 90
        0
176
     0
 90
        0
176
     0
 40
0.6
176
     0
 40
30.0
176
     0
 62
     7
420
 16777215
176
     0
 90
        1
176
     0
 90
        4
176
     0
 62
     7
176
     0
 62
   257
176
     0
 90
        1
176
     0
 90
        1
176
     0
 40
1.0
176
     0
 90
        8
176
     2
 62
     7
176
     0
 40
1.0
176
     0
 90
        1
176
     0
 90
        6
176
     0
 90
        2
176
     0
 62
     7
176
     0
 90
        5
176
     0
 90
        0
176
     0
 90
        0
176
     0
290
     0
176
     0
 90
        1
176
     0
 40
0.0
176
     0
 90
        0
176
     0
290
     0
176
     0
290
     1
176
     0
290
     1
176
     0
290
     0
176
     0
290
     0
176
     0
290
     0
176
     0
290
     0
176
     0
290
     0
176
     0
290
     0
176
     0
 90
       50
176
     0
 40
0.0
176
     0
 40
1.0
176
     0
 90
        0
176
     0
 62
    18
420
        0
176
     0
 90
       50
176
     0
 90
        3
176
     0
 62
     5
420
      255
176
     0
290
     0
176
     0
 90
       50
176
     0
 90
       50
176
     0
 90
       50
176
     0
290
     0
176
     0
 90
       50
176
     0
 62
   256
176
     0
 40
1.0
176
     0
 90
        2
176
     0
  1
strokes_ogs.tif
176
     0
290
     0
176
     0
 40
1.0
176
     0
 40
1.0
176
     0
  0
VISUALSTYLE
  5
39
102
{ACAD_REACTORS
330
2A
102
}
330
2A
100
AcDbVisualStyle
  2
Facepattern
 70
    15
177
     3
291
     1
 70
    58
 90
        2
176
     1
 90
        2
176
     1
 90
        0
176
     1
 90
        0
176
     1
 40
0.6
176
     1
 40
30.0
176
     1
 62
     7
420
 16777215
176
     1
 90
        1
176
     1
 90
        4
176
     1
 62
     7
176
     1
 62
   257
176
     1
 90
        1
176
     1
 90
        1
176
     1
 40
1.0
176
     1
 90
        8
176
     1
 62
     7
176
     1
 40
1.0
176
     1
 90
        1
176
     1
 90
        6
176
     1
 90
        2
176
     1
 62
     7
176
     1
 90
        5
176
     1
 90
        0
176
     1
 90
        0
176
     1
290
     0
176
     1
 90
        1
176
     1
 40
0.0
176
     1
 90
        0
176
     1
290
     0
176
     1
290
     1
176
     1
290
     1
176
     1
290
     0
176
     1
290
     0
176
     1
290
     0
176
     1
290
     0
176
     1
290
     0
176
     1
290
     0
176
     1
 90
       50
176
     1
 40
0.0
176
     1
 40
1.0
176
     1
 90
        0
176
     1
 62
    18
420
        0
176
     1
 90
       50
176
     1
 90
        3
176
     1
 62
     5
420
      255
176
     1
290
     0
176
     1
 90
       50
176
     1
 90
       50
176
     1
 90
       50
176
     1
290
     0
176
     1
 90
       50
176
     1
 62
   256
176
     0
 40
1.0
176
     0
 90
        2
176
     1
  1
strokes_ogs.tif
176
     1
290
     0
176
     1
 40
1.0
176
     1
 40
1.0
176
     1
  0
VISUALSTYLE
  5
2B
102
{ACAD_REACTORS
330
2A
102
}
330
2A
100
AcDbVisualStyle
  2
Flat
 70
     0
177
     3
291
     1
 70
    58
 90
        2
176
     1
 90
        1
176
     1
 90
        1
176
     1
 90
        2
176
     1
 40
0.6
176
     1
 40
30.0
176
     1
 62
     7
420
 16777215
176
     1
 90
        0
176
     1
 90
        0
176
     1
 62
     7
176
     1
 62
   257
176
     1
 90
        1
176
     1
 90
        1
176
     1
 40
1.0
176
     1
 90
        8
176
     1
 62
     7
176
     1
 40
1.0
176
     1
 90
        1
176
     1
 90
        6
176
     1
 90
        2
176
     1
 62
     7
176
     1
 90
        5
176
     1
 90
        0
176
     1
 90
        0
176
     1
290
     0
176
     1
 90
       13
176
     1
 40
0.0
176
     1
 90
        0
176
     1
290
     0
176
     1
290
     1
176
     1
290
     1
176
     1
290
     0
176
     1
290
     0
176
     1
290
     0
176
     1
290
     0
176
     1
290
     0
176
     1
290
     0
176
     1
 90
       50
176
     1
 40
0.0
176
     1
 40
1.0
176
     1
 90
        0
176
     1
 62
    18
420
        0
176
     1
 90
       50
176
     1
 90
        3
176
     1
 62
     5
420
      255
176
     1
290
     0
176
     1
 90
       50
176
     1
 90
       50
176
     1
 90
       50
176
     1
290
     0
176
     1
 90
       50
176
     1
 62
   256
176
     0
 40
1.0
176
     0
 90
        2
176
     1
  1
strokes_ogs.tif
176
     1
290
     0
176
     1
 40
1.0
176
     1
 40
1.0
176
     1
  0
VISUALSTYLE
  5
2C
102
{ACAD_REACTORS
330
2A
102
}
330
2A
100
AcDbVisualStyle
  2
FlatWithEdges
 70
     1
177
     3
291
     1
 70
    58
 90
        2
176
     1
 90
        1
176
     1
 90
        1
176
     1
 90
        2
176
     1
 40
0.6
176
     1
 40
30.0
176
     1
 62
     7
420
 16777215
176
     1
 90
        1
176
     1
 90
        0
176
     1
 62
     7
176
     1
 62
   257
176
     1
 90
        1
176
     1
 90
        1
176
     1
 40
1.0
176
     1
 90
        0
176
     1
 62
   257
176
     1
 40
1.0
176
     1
 90
        1
176
     1
 90
        6
176
     1
 90
        2
176
     1
 62
     7
176
     1
 90
        5
176
     1
 90
        0
176
     1
 90
        0
176
     1
290
     0
176
     1
 90
       13
176
     1
 40
0.0
176
     1
 90
        0
176
     1
290
     0
176
     1
290
     1
176
     1
290
     1
176
     1
290
     0
176
     1
290
     0
176
     1
290
     0
176
     1
290
     0
176
     1
290
     0
176
     1
290
     0
176
     1
 90
       50
176
     1
 40
0.0
176
     1
 40
1.0
176
     1
 90
        0
176
     1
 62
    18
420
        0
176
     1
 90
       50
176
     1
 90
        3
176
     1
 62
     5
420
      255
176
     1
290
     0
176
     1
 90
       50
176
     1
 90
       50
176
     1
 90
       50
176
     1
290
     0
176
     1
 90
       50
176
     1
 62
   256
176
     0
 40
1.0
176
     0
 90
        2
176
     1
  1
strokes_ogs.tif
176
     1
290
     0
176
     1
 40
1.0
176
     1
 40
1.0
176
     1
  0
VISUALSTYLE
  5
2D
102
{ACAD_REACTORS
330
2A
102
}
330
2A
100
AcDbVisualStyle
  2
Gouraud
 70
     2
177
     3
291
     1
 70
    58
 90
        2
176
     1
 90
        2
176
     1
 90
        1
176
     1
 90
        2
176
     1
 40
0.6
176
     1
 40
30.0
176
     1
 62
     7
420
 16777215
176
     1
 90
        0
176
     1
 90
        0
176
     1
 62
     7
176
     1
 62
   257
176
     1
 90
        1
176
     1
 90
        1
176
     1
 40
1.0
176
     1
 90
        0
176
     1
 62
     7
176
     1
 40
1.0
176
     1
 90
        1
176
     1
 90
        6
176
     1
 90
        2
176
     1
 62
     7
176
     1
 90
        5
176
     1
 90
        0
176
     1
 90
        0
176
     1
290
     0
176
     1
 90
       13
176
     1
 40
0.0
176
     1
 90
        0
176
     1
290
     0
176
     1
290
     1
176
     1
290
     1
176
     1
290
     0
176
     1
290
     0
176
     1
290
     0
176
     1
290
     0
176
     1
290
     0
176
     1
290
     0
176
     1
 90
       50
176
     1
 40
0.0
176
     1
 40
1.0
176
     1
 90
        0
176
     1
 62
    18
420
        0
176
     1
 90
       50
176
     1
 90
        3
176
     1
 62
     5
420
      255
176
     1
290
     0
176
     1
 90
       50
176
     1
 90
       50
176
     1
 90
       50
176
     1
290
     0
176
     1
 90
       50
176
     1
 62
   256
176
     0
 40
1.0
176
     0
 90
        2
176
     1
  1
strokes_ogs.tif
176
     1
290
     0
176
     1
 40
1.0
176
     1
 40
1.0
176
     1
  0
VISUALSTYLE
  5
2E
102
{ACAD_REACTORS
330
2A
102
}
330
2A
100
AcDbVisualStyle
  2
GouraudWithEdges
 70
     3
177
     3
291
     1
 70
    58
 90
        2
176
     1
 90
        2
176
     1
 90
        1
176
     1
 90
        2
176
     1
 40
0.6
176
     1
 40
30.0
176
     1
 62
     7
420
 16777215
176
     1
 90
        1
176
     1
 90
        0
176
     1
 62
     7
176
     1
 62
   257
176
     1
 90
        1
176
     1
 90
        1
176
     1
 40
1.0
176
     1
 90
        0
176
     1
 62
   257
176
     1
 40
1.0
176
     1
 90
        1
176
     1
 90
        6
176
     1
 90
        2
176
     1
 62
     7
176
     1
 90
        5
176
     1
 90
        0
176
     1
 90
        0
176
     1
290
     0
176
     1
 90
       13
176
     1
 40
0.0
176
     1
 90
        0
176
     1
290
     0
176
     1
290
     1
176
     1
290
     1
176
     1
290
     0
176
     1
290
     0
176
     1
290
     0
176
     1
290
     0
176
     1
290
     0
176
     1
290
     0
176
     1
 90
       50
176
     1
 40
0.0
176
     1
 40
1.0
176
     1
 90
        0
176
     1
 62
    18
420
        0
176
     1
 90
       50
176
     1
 90
        3
176
     1
 62
     5
420
      255
176
     1
290
     0
176
     1
 90
       50
176
     1
 90
       50
176
     1
 90
       50
176
     1
290
     0
176
     1
 90
       50
176
     1
 62
   256
176
     0
 40
1.0
176
     0
 90
        2
176
     1
  1
strokes_ogs.tif
176
     1
290
     0
176
     1
 40
1.0
176
     1
 40
1.0
176
     1
  0
VISUALSTYLE
  5
31
102
{ACAD_REACTORS
330
2A
102
}
330
2A
100
AcDbVisualStyle
  2
Hidden
 70
     6
177
     3
291
     0
 70
    58
 90
        1
176
     1
 90
        2
176
     1
 90
        2
176
     1
 90
        0
176
     1
 40
0.6
176
     1
 40
30.0
176
     1
 62
     7
420
 16777215
176
     1
 90
        2
176
     1
 90
        2
176
     1
 62
     7
176
     1
 62
   257
176
     1
 90
        2
176
     1
 90
        1
176
     1
 40
40.0
176
     1
 90
        0
176
     1
 62
   257
176
     1
 40
1.0
176
     1
 90
        1
176
     1
 90
        6
176
     1
 90
        2
176
     1
 62
     7
176
     1
 90
        3
176
     1
 90
        0
176
     1
 90
        0
176
     1
290
     0
176
     1
 90
        1
176
     1
 40
0.0
176
     1
 90
        0
176
     1
290
     0
176
     1
290
     1
176
     1
290
     1
176
     1
290
     0
176
     1
290
     0
176
     1
290
     0
176
     1
290
     0
176
     1
290
     0
176
     1
290
     0
176
     1
 90
       50
176
     1
 40
0.0
176
     1
 40
1.0
176
     1
 90
        0
176
     1
 62
    18
420
        0
176
     1
 90
       50
176
     1
 90
        3
176
     1
 62
     5
420
      255
176
     1
290
     0
176
     1
 90
       50
176
     1
 90
       50
176
     1
 90
       50
176
     1
290
     0
176
     1
 90
       50
176
     1
 62
   256
176
     0
 40
1.0
176
     0
 90
        2
176
     1
  1
strokes_ogs.tif
176
     1
290
     0
176
     1
 40
1.0
176
     1
 40
1.0
176
     1
  0
VISUALSTYLE
  5
3B
102
{ACAD_REACTORS
330
2A
102
}
330
2A
100
AcDbVisualStyle
  2
JitterOff
 70
    20
177
     3
291
     1
 70
    58
 90
        2
176
     0
 90
        2
176
     0
 90
        0
176
     0
 90
        0
176
     0
 40
0.6
176
     0
 40
30.0
176
     0
 62
     7
420
 16777215
176
     0
 90
        1
176
     0
 90
        4
176
     0
 62
     7
176
     0
 62
   257
176
     0
 90
        1
176
     0
 90
        1
176
     0
 40
1.0
176
     0
 90
       10
176
     2
 62
     7
176
     0
 40
1.0
176
     0
 90
        1
176
     0
 90
        6
176
     0
 90
        2
176
     0
 62
     7
176
     0
 90
        5
176
     0
 90
        0
176
     0
 90
        0
176
     0
290
     0
176
     0
 90
        1
176
     0
 40
0.0
176
     0
 90
        0
176
     0
290
     0
176
     0
290
     1
176
     0
290
     1
176
     0
290
     0
176
     0
290
     0
176
     0
290
     0
176
     0
290
     0
176
     0
290
     0
176
     0
290
     0
176
     0
 90
       50
176
     0
 40
0.0
176
     0
 40
1.0
176
     0
 90
        0
176
     0
 62
    18
420
        0
176
     0
 90
       50
176
     0
 90
        3
176
     0
 62
     5
420
      255
176
     0
290
     0
176
     0
 90
       50
176
     0
 90
       50
176
     0
 90
       50
176
     0
290
     0
176
     0
 90
       50
176
     0
 62
   256
176
     0
 40
1.0
176
     0
 90
        2
176
     0
  1
strokes_ogs.tif
176
     0
290
     0
176
     0
 40
1.0
176
     0
 40
1.0
176
     0
  0
VISUALSTYLE
  5
38
102
{ACAD_REACTORS
330
2A
102
}
330
2A
100
AcDbVisualStyle
  2
Linepattern
 70
    14
177
     3
291
     1
 70
    58
 90
        2
176
     1
 90
        2
176
     1
 90
        0
176
     1
 90
        0
176
     1
 40
0.6
176
     1
 40
30.0
176
     1
 62
     7
420
 16777215
176
     1
 90
        1
176
     1
 90
        4
176
     1
 62
     7
176
     1
 62
   257
176
     1
 90
        7
176
     1
 90
        7
176
     1
 40
1.0
176
     1
 90
        8
176
     1
 62
     7
176
     1
 40
1.0
176
     1
 90
        1
176
     1
 90
        6
176
     1
 90
        2
176
     1
 62
     7
176
     1
 90
        5
176
     1
 90
        0
176
     1
 90
        0
176
     1
290
     0
176
     1
 90
        1
176
     1
 40
0.0
176
     1
 90
        0
176
     1
290
     0
176
     1
290
     1
176
     1
290
     1
176
     1
290
     0
176
     1
290
     0
176
     1
290
     0
176
     1
290
     0
176
     1
290
     0
176
     1
290
     0
176
     1
 90
       50
176
     1
 40
0.0
176
     1
 40
1.0
176
     1
 90
        0
176
     1
 62
    18
420
        0
176
     1
 90
       50
176
     1
 90
        3
176
     1
 62
     5
420
      255
176
     1
290
     0
176
     1
 90
       50
176
     1
 90
       50
176
     1
 90
       50
176
     1
290
     0
176
     1
 90
       50
176
     1
 62
   256
176
     0
 40
1.0
176
     0
 90
        2
176
     1
  1
strokes_ogs.tif
176
     1
290
     0
176
     1
 40
1.0
176
     1
 40
1.0
176
     1
  0
VISUALSTYLE
  5
3C
102
{ACAD_REACTORS
330
2A
102
}
330
2A
100
AcDbVisualStyle
  2
OverhangOff
 70
    21
177
     3
291
     1
 70
    58
 90
        2
176
     0
 90
        2
176
     0
 90
        0
176
     0
 90
        0
176
     0
 40
0.6
176
     0
 40
30.0
176
     0
 62
     7
420
 16777215
176
     0
 90
        1
176
     0
 90
        4
176
     0
 62
     7
176
     0
 62
   257
176
     0
 90
        1
176
     0
 90
        1
176
     0
 40
1.0
176
     0
 90
        9
176
     2
 62
     7
176
     0
 40
1.0
176
     0
 90
        1
176
     0
 90
        6
176
     0
 90
        2
176
     0
 62
     7
176
     0
 90
        5
176
     0
 90
        0
176
     0
 90
        0
176
     0
290
     0
176
     0
 90
        1
176
     0
 40
0.0
176
     0
 90
        0
176
     0
290
     0
176
     0
290
     1
176
     0
290
     1
176
     0
290
     0
176
     0
290
     0
176
     0
290
     0
176
     0
290
     0
176
     0
290
     0
176
     0
290
     0
176
     0
 90
       50
176
     0
 40
0.0
176
     0
 40
1.0
176
     0
 90
        0
176
     0
 62
    18
420
        0
176
     0
 90
       50
176
     0
 90
        3
176
     0
 62
     5
420
      255
176
     0
290
     0
176
     0
 90
       50
176
     0
 90
       50
176
     0
 90
       50
176
     0
290
     0
176
     0
 90
       50
176
     0
 62
   256
176
     0
 40
1.0
176
     0
 90
        2
176
     0
  1
strokes_ogs.tif
176
     0
290
     0
176
     0
 40
1.0
176
     0
 40
1.0
176
     0
  0
VISUALSTYLE
  5
33
102
{ACAD_REACTORS
330
2A
102
}
330
2A
100
AcDbVisualStyle
  2
Realistic
 70
     8
177
     3
291
     0
 70
    58
 90
        2
176
     1
 90
        3
176
     1
 90
        0
176
     1
 90
        2
176
     1
 40
0.6
176
     1
 40
30.0
176
     1
 62
     7
420
 16777215
176
     1
 90
        0
176
     1
 90
        0
176
     1
 62
     7
176
     1
 62
   257
176
     1
 90
        1
176
     1
 90
        1
176
     1
 40
1.0
176
     1
 90
        8
176
     1
 62
   257
176
     1
 40
1.0
176
     1
 90
        1
176
     1
 90
        6
176
     1
 90
        2
176
     1
 62
     7
176
     1
 90
        3
176
     1
 90
        0
176
     1
 90
        0
176
     1
290
     0
176
     1
 90
       13
176
     1
 40
0.0
176
     1
 90
        0
176
     1
290
     0
176
     1
290
     1
176
     1
290
     1
176
     1
290
     0
176
     1
290
     0
176
     1
290
     0
176
     1
290
     0
176
     1
290
     0
176
     1
290
     0
176
     1
 90
       50
176
     1
 40
0.0
176
     1
 40
1.0
176
     1
 90
        0
176
     1
 62
    18
420
        0
176
     1
 90
       50
176
     1
 90
        3
176
     1
 62
     5
420
      255
176
     1
290
     0
176
     1
 90
       50
176
     1
 90
       50
176
     1
 90
       50
176
     1
290
     0
176
     1
 90
       50
176
     1
 62
   256
176
     0
 40
1.0
176
     0
 90
        2
176
     1
  1
strokes_ogs.tif
176
     1
290
     0
176
     1
 40
1.0
176
     1
 40
1.0
176
     1
  0
VISUALSTYLE
  5
42
102
{ACAD_REACTORS
330
2A
102
}
330
2A
100
AcDbVisualStyle
  2
Shaded
 70
    27
177
     3
291
     0
 70
    58
 90
        2
176
     1
 90
        2
176
     1
 90
        1
176
     1
 90
        2
176
     1
 40
0.6
176
     1
 40
30.0
176
     1
 62
     7
420
 16777215
176
     1
 90
        0
176
     1
 90
        4
176
     1
 62
     7
176
     1
 62
   257
176
     1
 90
        1
176
     1
 90
        1
176
     1
 40
1.0
176
     1
 90
        8
176
     1
 62
   257
176
     1
 40
1.0
176
     1
 90
        1
176
     1
 90
        6
176
     1
 90
        2
176
     1
 62
     8
420
  7895160
176
     1
 90
        3
176
     1
 90
        0
176
     1
 90
        0
176
     1
290
     0
176
     1
 90
        5
176
     1
 40
0.0
176
     1
 90
        0
176
     1
290
     0
176
     1
290
     1
176
     1
290
     1
176
     1
290
     0
176
     1
290
     0
176
     1
290
     0
176
     1
290
     0
176
     1
290
     0
176
     1
290
     0
176
     1
 90
       50
176
     1
 40
0.0
176
     1
 40
1.0
176
     1
 90
        0
176
     1
 62
    18
420
        0
176
     1
 90
       50
176
     1
 90
        3
176
     1
 62
     5
420
      255
176
     1
290
     0
176
     1
 90
       50
176
     1
 90
       50
176
     1
 90
       50
176
     1
290
     0
176
     1
 90
       50
176
     1
 62
   256
176
     0
 40
1.0
176
     0
 90
        2
176
     1
  1
strokes_ogs.tif
176
     1
290
     0
176
     1
 40
1.0
176
     1
 40
1.0
176
     1
  0
VISUALSTYLE
  5
41
102
{ACAD_REACTORS
330
2A
102
}
330
2A
100
AcDbVisualStyle
  2
Shaded with edges
 70
    26
177
     3
291
     0
 70
    58
 90
        2
176
     1
 90
        2
176
     1
 90
        1
176
     1
 90
        2
176
     1
 40
0.6
176
     1
 40
30.0
176
     1
 62
     7
420
 16777215
176
     1
 90
        1
176
     1
 90
       10
176
     1
 62
     7
176
     1
 62
   257
176
     1
 90
        2
176
     1
 90
        1
176
     1
 40
1.0
176
     1
 90
        8
176
     1
 62
   257
176
     1
 40
1.0
176
     1
 90
        1
176
     1
 90
        6
176
     1
 90
        2
176
     1
 62
     7
176
     1
 90
        3
176
     1
 90
        0
176
     1
 90
        0
176
     1
290
     0
176
     1
 90
        5
176
     1
 40
0.0
176
     1
 90
        0
176
     1
290
     0
176
     1
290
     1
176
     1
290
     1
176
     1
290
     0
176
     1
290
     0
176
     1
290
     0
176
     1
290
     0
176
     1
290
     0
176
     1
290
     0
176
     1
 90
       50
176
     1
 40
0.0
176
     1
 40
1.0
176
     1
 90
        0
176
     1
 62
    18
420
        0
176
     1
 90
       50
176
     1
 90
        3
176
     1
 62
     5
420
      255
176
     1
290
     0
176
     1
 90
       50
176
     1
 90
       50
176
     1
 90
       50
176
     1
290
     0
176
     1
 90
       50
176
     1
 62
   256
176
     0
 40
1.0
176
     0
 90
        2
176
     1
  1
strokes_ogs.tif
176
     1
290
     0
176
     1
 40
1.0
176
     1
 40
1.0
176
     1
  0
VISUALSTYLE
  5
3E
102
{ACAD_REACTORS
330
2A
102
}
330
2A
100
AcDbVisualStyle
  2
Shades of Gray
 70
    23
177
     3
291
     0
 70
    58
 90
        2
176
     1
 90
        2
176
     1
 90
        3
176
     1
 90
        0
176
     1
 40
0.6
176
     1
 40
30.0
176
     1
 62
     7
420
 16777215
176
     1
 90
        2
176
     1
 90
        2
176
     1
 62
     7
176
     1
 62
     7
176
     1
 90
        1
176
     1
 90
        1
176
     1
 40
40.0
176
     1
 90
        8
176
     1
 62
     7
176
     1
 40
1.0
176
     1
 90
        1
176
     1
 90
        6
176
     1
 90
        2
176
     1
 62
     7
176
     1
 90
        3
176
     1
 90
        0
176
     1
 90
        0
176
     1
290
     0
176
     1
 90
        1
176
     1
 40
0.0
176
     1
 90
        0
176
     1
290
     0
176
     1
290
     1
176
     1
290
     1
176
     1
290
     0
176
     1
290
     0
176
     1
290
     0
176
     1
290
     0
176
     1
290
     0
176
     1
290
     0
176
     1
 90
       50
176
     1
 40
0.0
176
     1
 40
1.0
176
     1
 90
        0
176
     1
 62
    18
420
        0
176
     1
 90
       50
176
     1
 90
        3
176
     1
 62
     5
420
      255
176
     1
290
     0
176
     1
 90
       50
176
     1
 90
       50
176
     1
 90
       50
176
     1
290
     0
176
     1
 90
       50
176
     1
 62
   256
176
     0
 40
1.0
176
     0
 90
        2
176
     1
  1
strokes_ogs.tif
176
     1
290
     0
176
     1
 40
1.0
176
     1
 40
1.0
176
     1
  0
VISUALSTYLE
  5
3F
102
{ACAD_REACTORS
330
2A
102
}
330
2A
100
AcDbVisualStyle
  2
Sketchy
 70
    24
177
     3
291
     0
 70
    58
 90
        1
176
     1
 90
        2
176
     1
 90
        2
176
     1
 90
        0
176
     1
 40
0.6
176
     1
 40
30.0
176
     1
 62
     7
420
 16777215
176
     1
 90
        2
176
     1
 90
        2
176
     1
 62
     7
176
     1
 62
     7
176
     1
 90
        1
176
     1
 90
        1
176
     1
 40
40.0
176
     1
 90
       11
176
     1
 62
     7
176
     1
 40
1.0
176
     1
 90
        1
176
     1
 90
        6
176
     1
 90
        2
176
     1
 62
     7
176
     1
 90
        6
176
     1
 90
        0
176
     1
 90
        0
176
     1
290
     0
176
     1
 90
        1
176
     1
 40
0.0
176
     1
 90
        0
176
     1
290
     0
176
     1
290
     1
176
     1
290
     1
176
     1
290
     0
176
     1
290
     0
176
     1
290
     0
176
     1
290
     0
176
     1
290
     0
176
     1
290
     0
176
     1
 90
       50
176
     1
 40
0.0
176
     1
 40
1.0
176
     1
 90
        0
176
     1
 62
    18
420
        0
176
     1
 90
       50
176
     1
 90
        3
176
     1
 62
     5
420
      255
176
     1
290
     0
176
     1
 90
       50
176
     1
 90
       50
176
     1
 90
       50
176
     1
290
     0
176
     1
 90
       50
176
     1
 62
   256
176
     0
 40
1.0
176
     0
 90
        2
176
     1
  1
strokes_ogs.tif
176
     1
290
     0
176
     1
 40
1.0
176
     1
 40
1.0
176
     1
  0
VISUALSTYLE
  5
37
102
{ACAD_REACTORS
330
2A
102
}
330
2A
100
AcDbVisualStyle
  2
Thicken
 70
    13
177
     3
291
     1
 70
    58
 90
        2
176
     1
 90
        2
176
     1
 90
        0
176
     1
 90
        0
176
     1
 40
0.6
176
     1
 40
30.0
176
     1
 62
     7
420
 16777215
176
     1
 90
        1
176
     1
 90
        4
176
     1
 62
     7
176
     1
 62
   257
176
     1
 90
        1
176
     1
 90
        1
176
     1
 40
1.0
176
     1
 90
       12
176
     1
 62
     7
176
     1
 40
1.0
176
     1
 90
        1
176
     1
 90
        6
176
     1
 90
        2
176
     1
 62
     7
176
     1
 90
        5
176
     1
 90
        0
176
     1
 90
        0
176
     1
290
     0
176
     1
 90
        1
176
     1
 40
0.0
176
     1
 90
        0
176
     1
290
     0
176
     1
290
     1
176
     1
290
     1
176
     1
290
     0
176
     1
290
     0
176
     1
290
     0
176
     1
290
     0
176
     1
290
     0
176
     1
290
     0
176
     1
 90
       50
176
     1
 40
0.0
176
     1
 40
1.0
176
     1
 90
        0
176
     1
 62
    18
420
        0
176
     1
 90
       50
176
     1
 90
        3
176
     1
 62
     5
420
      255
176
     1
290
     0
176
     1
 90
       50
176
     1
 90
       50
176
     1
 90
       50
176
     1
290
     0
176
     1
 90
       50
176
     1
 62
   256
176
     0
 40
1.0
176
     0
 90
        2
176
     1
  1
strokes_ogs.tif
176
     1
290
     0
176
     1
 40
1.0
176
     1
 40
1.0
176
     1
  0
VISUALSTYLE
  5
30
102
{ACAD_REACTORS
330
2A
102
}
330
2A
100
AcDbVisualStyle
  2
Wireframe
 70
     5
177
     3
291
     0
 70
    58
 90
        0
176
     1
 90
        2
176
     1
 90
        0
176
     1
 90
        0
176
     1
 40
0.6
176
     1
 40
30.0
176
     1
 62
     7
420
 16777215
176
     1
 90
        1
176
     1
 90
        4
176
     1
 62
     7
176
     1
 62
   257
176
     1
 90
        1
176
     1
 90
        1
176
     1
 40
1.0
176
     1
 90
        0
176
     1
 62
   257
176
     1
 40
1.0
176
     1
 90
        1
176
     1
 90
        6
176
     1
 90
        2
176
     1
 62
     7
176
     1
 90
        3
176
     1
 90
        0
176
     1
 90
        0
176
     1
290
     0
176
     1
 90
        1
176
     1
 40
0.0
176
     1
 90
        0
176
     1
290
     0
176
     1
290
     1
176
     1
290
     1
176
     1
290
     0
176
     1
290
     0
176
     1
290
     0
176
     1
290
     0
176
     1
290
     0
176
     1
290
     0
176
     1
 90
       50
176
     1
 40
0.0
176
     1
 40
1.0
176
     1
 90
        0
176
     1
 62
    18
420
        0
176
     1
 90
       50
176
     1
 90
        3
176
     1
 62
     5
420
      255
176
     1
290
     0
176
     1
 90
       50
176
     1
 90
       50
176
     1
 90
       50
176
     1
290
     0
176
     1
 90
       50
176
     1
 62
   256
176
     0
 40
1.0
176
     0
 90
        2
176
     1
  1
strokes_ogs.tif
176
     1
290
     0
176
     1
 40
1.0
176
     1
 40
1.0
176
     1
  0
VISUALSTYLE
  5
40
102
{ACAD_REACTORS
330
2A
102
}
330
2A
100
AcDbVisualStyle
  2
X-Ray
 70
    25
177
     3
291
     0
 70
    58
 90
        2
176
     1
 90
        2
176
     1
 90
        1
176
     1
 90
        1
176
     1
 40
0.5
176
     1
 40
30.0
176
     1
 62
     7
420
 16777215
176
     1
 90
        1
176
     1
 90
        0
176
     1
 62
     7
176
     1
 62
   257
176
     1
 90
        1
176
     1
 90
        1
176
     1
 40
1.0
176
     1
 90
        8
176
     1
 62
     7
176
     1
 40
1.0
176
     1
 90
        1
176
     1
 90
        6
176
     1
 90
        2
176
     1
 62
     7
176
     1
 90
        3
176
     1
 90
        0
176
     1
 90
        0
176
     1
290
     0
176
     1
 90
       13
176
     1
 40
0.0
176
     1
 90
        0
176
     1
290
     0
176
     1
290
     1
176
     1
290
     1
176
     1
290
     0
176
     1
290
     0
176
     1
290
     0
176
     1
290
     0
176
     1
290
     0
176
     1
290
     0
176
     1
 90
       50
176
     1
 40
0.0
176
     1
 40
1.0
176
     1
 90
        0
176
     1
 62
    18
420
        0
176
     1
 90
       50
176
     1
 90
        3
176
     1
 62
     5
420
      255
176
     1
290
     0
176
     1
 90
       50
176
     1
 90
       50
176
     1
 90
       50
176
     1
290
     0
176
     1
 90
       50
176
     1
 62
   256
176
     0
 40
1.0
176
     0
 90
        2
176
     1
  1
strokes_ogs.tif
176
     1
290
     0
176
     1
 40
1.0
176
     1
 40
1.0
176
     1
  0
DICTIONARYVAR
  5
2E3
102
{ACAD_REACTORS
330
2E2
102
}
330
2E2
100
DictionaryVariables
280
     0
  1
1:1
  0
DICTIONARYVAR
  5
2EB
102
{ACAD_REACTORS
330
2E2
102
}
330
2E2
100
DictionaryVariables
280
     0
  1
3.500000
  0
DICTIONARYVAR
  5
2EC
102
{ACAD_REACTORS
330
2E2
102
}
330
2E2
100
DictionaryVariables
280
     0
  1
acadiso.lin
  0
DICTIONARYVAR
  5
2E8
102
{ACAD_REACTORS
330
2E2
102
}
330
2E2
100
DictionaryVariables
280
     0
  1
Standard
  0
DICTIONARYVAR
  5
2E7
102
{ACAD_REACTORS
330
2E2
102
}
330
2E2
100
DictionaryVariables
280
     0
  1
Standard
  0
DICTIONARY
  5
2E4
330
5A
100
AcDbDictionary
280
     1
281
     1
  3
ACAD_ROUNDTRIP_2008_TABLESTYLE_CELLSTYLEMAP
360
2E5
  0
CELLSTYLEMAP
  5
2E5
102
{ACAD_REACTORS
330
2E4
102
}
330
2E4
100
AcDbCellStyleMap
 90
        3
300
CELLSTYLE
  1
TABLEFORMAT_BEGIN
 90
        5
170
     1
 91
        0
 92
    32768
 62
   257
 93
        1
300
CONTENTFORMAT
  1
CONTENTFORMAT_BEGIN
 90
        0
 91
        0
 92
        4
 93
        0
300

 40
0.0
140
1.0
 94
        5
 62
     0
340
11
144
6.0
309
CONTENTFORMAT_END
171
     1
301
MARGIN
  1
CELLMARGIN_BEGIN
 40
1.5
 40
1.5
 40
1.5
 40
1.5
 40
1.5
 40
1.5
309
CELLMARGIN_END
 94
        6
 95
        1
302
GRIDFORMAT
  1
GRIDFORMAT_BEGIN
 90
        0
 91
        1
 62
     0
 92
       -2
340
14
 93
        0
 40
0.045
309
GRIDFORMAT_END
 95
        2
302
GRIDFORMAT
  1
GRIDFORMAT_BEGIN
 90
        0
 91
        1
 62
     0
 92
       -2
340
14
 93
        0
 40
0.045
309
GRIDFORMAT_END
 95
        4
302
GRIDFORMAT
  1
GRIDFORMAT_BEGIN
 90
        0
 91
        1
 62
     0
 92
       -2
340
14
 93
        0
 40
0.045
309
GRIDFORMAT_END
 95
        8
302
GRIDFORMAT
  1
GRIDFORMAT_BEGIN
 90
        0
 91
        1
 62
     0
 92
       -2
340
14
 93
        0
 40
0.045
309
GRIDFORMAT_END
 95
       16
302
GRIDFORMAT
  1
GRIDFORMAT_BEGIN
 90
        0
 91
        1
 62
     0
 92
       -2
340
14
 93
        0
 40
0.045
309
GRIDFORMAT_END
 95
       32
302
GRIDFORMAT
  1
GRIDFORMAT_BEGIN
 90
        0
 91
        1
 62
     0
 92
       -2
340
14
 93
        0
 40
0.045
309
GRIDFORMAT_END
309
TABLEFORMAT_END
  1
CELLSTYLE_BEGIN
 90
        1
 91
        1
300
_TITLE
309
CELLSTYLE_END
300
CELLSTYLE
  1
TABLEFORMAT_BEGIN
 90
        5
170
     1
 91
        0
 92
        0
 62
   257
 93
        1
300
CONTENTFORMAT
  1
CONTENTFORMAT_BEGIN
 90
        0
 91
        0
 92
        4
 93
        0
300

 40
0.0
140
1.0
 94
        5
 62
     0
340
11
144
4.5
309
CONTENTFORMAT_END
171
     1
301
MARGIN
  1
CELLMARGIN_BEGIN
 40
1.5
 40
1.5
 40
1.5
 40
1.5
 40
1.5
 40
1.5
309
CELLMARGIN_END
 94
        6
 95
        1
302
GRIDFORMAT
  1
GRIDFORMAT_BEGIN
 90
        0
 91
        1
 62
     0
 92
       -2
340
14
 93
        0
 40
0.045
309
GRIDFORMAT_END
 95
        2
302
GRIDFORMAT
  1
GRIDFORMAT_BEGIN
 90
        0
 91
        1
 62
     0
 92
       -2
340
14
 93
        0
 40
0.045
309
GRIDFORMAT_END
 95
        4
302
GRIDFORMAT
  1
GRIDFORMAT_BEGIN
 90
        0
 91
        1
 62
     0
 92
       -2
340
14
 93
        0
 40
0.045
309
GRIDFORMAT_END
 95
        8
302
GRIDFORMAT
  1
GRIDFORMAT_BEGIN
 90
        0
 91
        1
 62
     0
 92
       -2
340
14
 93
        0
 40
0.045
309
GRIDFORMAT_END
 95
       16
302
GRIDFORMAT
  1
GRIDFORMAT_BEGIN
 90
        0
 91
        1
 62
     0
 92
       -2
340
14
 93
        0
 40
0.045
309
GRIDFORMAT_END
 95
       32
302
GRIDFORMAT
  1
GRIDFORMAT_BEGIN
 90
        0
 91
        1
 62
     0
 92
       -2
340
14
 93
        0
 40
0.045
309
GRIDFORMAT_END
309
TABLEFORMAT_END
  1
CELLSTYLE_BEGIN
 90
        2
 91
        1
300
_HEADER
309
CELLSTYLE_END
300
CELLSTYLE
  1
TABLEFORMAT_BEGIN
 90
        5
170
     1
 91
        0
 92
        0
 62
   257
 93
        1
300
CONTENTFORMAT
  1
CONTENTFORMAT_BEGIN
 90
        0
 91
        0
 92
        4
 93
        0
300

 40
0.0
140
1.0
 94
        2
 62
     0
340
11
144
4.5
309
CONTENTFORMAT_END
171
     1
301
MARGIN
  1
CELLMARGIN_BEGIN
 40
1.5
 40
1.5
 40
1.5
 40
1.5
 40
1.5
 40
1.5
309
CELLMARGIN_END
 94
        6
 95
        1
302
GRIDFORMAT
  1
GRIDFORMAT_BEGIN
 90
        0
 91
        1
 62
     0
 92
       -2
340
14
 93
        0
 40
0.045
309
GRIDFORMAT_END
 95
        2
302
GRIDFORMAT
  1
GRIDFORMAT_BEGIN
 90
        0
 91
        1
 62
     0
 92
       -2
340
14
 93
        0
 40
0.045
309
GRIDFORMAT_END
 95
        4
302
GRIDFORMAT
  1
GRIDFORMAT_BEGIN
 90
        0
 91
        1
 62
     0
 92
       -2
340
14
 93
        0
 40
0.045
309
GRIDFORMAT_END
 95
        8
302
GRIDFORMAT
  1
GRIDFORMAT_BEGIN
 90
        0
 91
        1
 62
     0
 92
       -2
340
14
 93
        0
 40
0.045
309
GRIDFORMAT_END
 95
       16
302
GRIDFORMAT
  1
GRIDFORMAT_BEGIN
 90
        0
 91
        1
 62
     0
 92
       -2
340
14
 93
        0
 40
0.045
309
GRIDFORMAT_END
 95
       32
302
GRIDFORMAT
  1
GRIDFORMAT_BEGIN
 90
        0
 91
        1
 62
     0
 92
       -2
340
14
 93
        0
 40
0.045
309
GRIDFORMAT_END
309
TABLEFORMAT_END
  1
CELLSTYLE_BEGIN
 90
        3
 91
        2
300
_DATA
309
CELLSTYLE_END
  0
ENDSEC
  0
EOF
