  0
SECTION
  2
HEADER
  9
$ACADVER
  1
AC1027
  9
$ACADMAINTVER
 70
   105
  9
$DWGCODEPAGE
  3
ANSI_1252
  9
$COMMENTS
  1
File was created by Cadenas
  9
$LASTSAVEDBY
  1
psservice
  9
$CUSTOMPROPERTYTAG
  1
NB
  9
$CUSTOMPROPERTY
  1
DHG_Gas_Electric-Daikin-DHG0904DM00001S-300
  9
$CUSTOMPROPERTYTAG
  1
NN
  9
$CUSTOMPROPERTY
  1
(R32) DHG Series 7.5 - 12.5 Tons Gas Electric
  9
$CUSTOMPROPERTYTAG
  1
NT
  9
$CUSTOMPROPERTY
  1

  9
$CUSTOMPROPERTYTAG
  1
NBSYN
  9
$CUSTOMPROPERTY
  1
DHG_Gas_Electric-Daikin-$PN.-$LOG.
  9
$CUSTOMPROPERTYTAG
  1
LINA
  9
$CUSTOMPROPERTY
  1
DHG_Gas_Electric-Daikin-DHG0904DM00001S-460 VAC
  9
$CUSTOMPROPERTYTAG
  1
CATALOG
  9
$CUSTOMPROPERTY
  1
Daikin
  9
$CUSTOMPROPERTYTAG
  1
PN
  9
$CUSTOMPROPERTY
  1
DHG0904DM00001S
  9
$CUSTOMPROPERTYTAG
  1
LOG
  9
$CUSTOMPROPERTY
  1
300
  9
$CUSTOMPROPERTYTAG
  1
DESC
  9
$CUSTOMPROPERTY
  1
DHG 7½ Ton Light Commercial Packaged Gas Electric R32
  9
$CUSTOMPROPERTYTAG
  1
OD
  9
$CUSTOMPROPERTY
  1
60.3750
  9
$CUSTOMPROPERTYTAG
  1
OH
  9
$CUSTOMPROPERTY
  1
54.600
  9
$CUSTOMPROPERTYTAG
  1
OW
  9
$CUSTOMPROPERTY
  1
93.750
  9
$CUSTOMPROPERTYTAG
  1
URL
  9
$CUSTOMPROPERTY
  1
https://daikincomfort.com
  9
$CUSTOMPROPERTYTAG
  1
RFAFAMILY
  9
$CUSTOMPROPERTY
  1
Download Revit Family (RFA)
  9
$CUSTOMPROPERTYTAG
  1
COMPANY
  9
$CUSTOMPROPERTY
  1
daikin
  9
$REQUIREDVERSIONS
160
                 0
  9
$INSBASE
 10
0.0
 20
0.0
 30
0.0
  9
$EXTMIN
 10
-51.5878
 20
-42.41366909479691
 30
0.0
  9
$EXTMAX
 10
60.84305423728814
 20
33.70452372881356
 30
0.0
  9
$LIMMIN
 10
0.0
 20
0.0
  9
$LIMMAX
 10
12.0
 20
9.0
  9
$ORTHOMODE
 70
     0
  9
$REGENMODE
 70
     1
  9
$FILLMODE
 70
     1
  9
$QTEXTMODE
 70
     0
  9
$MIRRTEXT
 70
     1
  9
$LTSCALE
 40
1.0
  9
$ATTMODE
 70
     1
  9
$TEXTSIZE
 40
0.2
  9
$TRACEWID
 40
0.05
  9
$TEXTSTYLE
  7
Standard
  9
$CLAYER
  8
0
  9
$CELTYPE
  6
ByLayer
  9
$CECOLOR
 62
   256
  9
$CELTSCALE
 40
1.0
  9
$DISPSILH
 70
     0
  9
$DIMSCALE
 40
1.0
  9
$DIMASZ
 40
0.18
  9
$DIMEXO
 40
0.0625
  9
$DIMDLI
 40
0.38
  9
$DIMRND
 40
0.0
  9
$DIMDLE
 40
0.0
  9
$DIMEXE
 40
0.18
  9
$DIMTP
 40
0.0
  9
$DIMTM
 40
0.0
  9
$DIMTXT
 40
0.18
  9
$DIMCEN
 40
0.09
  9
$DIMTSZ
 40
0.0
  9
$DIMTOL
 70
     0
  9
$DIMLIM
 70
     0
  9
$DIMTIH
 70
     1
  9
$DIMTOH
 70
     1
  9
$DIMSE1
 70
     0
  9
$DIMSE2
 70
     0
  9
$DIMTAD
 70
     0
  9
$DIMZIN
 70
     0
  9
$DIMBLK
  1

  9
$DIMASO
 70
     1
  9
$DIMSHO
 70
     1
  9
$DIMPOST
  1

  9
$DIMAPOST
  1

  9
$DIMALT
 70
     0
  9
$DIMALTD
 70
     2
  9
$DIMALTF
 40
25.4
  9
$DIMLFAC
 40
1.0
  9
$DIMTOFL
 70
     0
  9
$DIMTVP
 40
0.0
  9
$DIMTIX
 70
     0
  9
$DIMSOXD
 70
     0
  9
$DIMSAH
 70
     0
  9
$DIMBLK1
  1

  9
$DIMBLK2
  1

  9
$DIMSTYLE
  2
Standard
  9
$DIMCLRD
 70
     0
  9
$DIMCLRE
 70
     0
  9
$DIMCLRT
 70
     0
  9
$DIMTFAC
 40
1.0
  9
$DIMGAP
 40
0.09
  9
$DIMJUST
 70
     0
  9
$DIMSD1
 70
     0
  9
$DIMSD2
 70
     0
  9
$DIMTOLJ
 70
     1
  9
$DIMTZIN
 70
     0
  9
$DIMALTZ
 70
     0
  9
$DIMALTTZ
 70
     0
  9
$DIMUPT
 70
     0
  9
$DIMDEC
 70
     4
  9
$DIMTDEC
 70
     4
  9
$DIMALTU
 70
     2
  9
$DIMALTTD
 70
     2
  9
$DIMTXSTY
  7
Standard
  9
$DIMAUNIT
 70
     0
  9
$DIMADEC
 70
     0
  9
$DIMALTRND
 40
0.0
  9
$DIMAZIN
 70
     0
  9
$DIMDSEP
 70
    46
  9
$DIMATFIT
 70
     3
  9
$DIMFRAC
 70
     0
  9
$DIMLDRBLK
  1

  9
$DIMLUNIT
 70
     2
  9
$DIMLWD
 70
    -2
  9
$DIMLWE
 70
    -2
  9
$DIMTMOVE
 70
     0
  9
$DIMFXL
 40
1.0
  9
$DIMFXLON
 70
     0
  9
$DIMJOGANG
 40
0.7853981633974483
  9
$DIMTFILL
 70
     0
  9
$DIMTFILLCLR
 70
     0
  9
$DIMARCSYM
 70
     0
  9
$DIMLTYPE
  6

  9
$DIMLTEX1
  6

  9
$DIMLTEX2
  6

  9
$DIMTXTDIRECTION
 70
     0
  9
$LUNITS
 70
     2
  9
$LUPREC
 70
     4
  9
$SKETCHINC
 40
0.1
  9
$FILLETRAD
 40
0.0
  9
$AUNITS
 70
     0
  9
$AUPREC
 70
     0
  9
$MENU
  1
.
  9
$ELEVATION
 40
0.0
  9
$PELEVATION
 40
0.0
  9
$THICKNESS
 40
0.0
  9
$LIMCHECK
 70
     0
  9
$CHAMFERA
 40
0.0
  9
$CHAMFERB
 40
0.0
  9
$CHAMFERC
 40
0.0
  9
$CHAMFERD
 40
0.0
  9
$SKPOLY
 70
     0
  9
$TDCREATE
 40
2461206.688609931
  9
$TDUCREATE
 40
2461206.605276597
  9
$TDUPDATE
 40
2461206.688611019
  9
$TDUUPDATE
 40
2461206.605277685
  9
$TDINDWG
 40
0.0000000116
  9
$TDUSRTIMER
 40
0.0000000116
  9
$USRTIMER
 70
     1
  9
$ANGBASE
 50
0.0
  9
$ANGDIR
 70
     0
  9
$PDMODE
 70
     0
  9
$PDSIZE
 40
0.0
  9
$PLINEWID
 40
0.0
  9
$SPLFRAME
 70
     0
  9
$SPLINETYPE
 70
     6
  9
$SPLINESEGS
 70
     8
  9
$HANDSEED
  5
51F
  9
$SURFTAB1
 70
     6
  9
$SURFTAB2
 70
     6
  9
$SURFTYPE
 70
     6
  9
$SURFU
 70
     6
  9
$SURFV
 70
     6
  9
$UCSBASE
  2

  9
$UCSNAME
  2

  9
$UCSORG
 10
0.0
 20
0.0
 30
0.0
  9
$UCSXDIR
 10
1.0
 20
0.0
 30
0.0
  9
$UCSYDIR
 10
0.0
 20
1.0
 30
0.0
  9
$UCSORTHOREF
  2

  9
$UCSORTHOVIEW
 70
     0
  9
$UCSORGTOP
 10
0.0
 20
0.0
 30
0.0
  9
$UCSORGBOTTOM
 10
0.0
 20
0.0
 30
0.0
  9
$UCSORGLEFT
 10
0.0
 20
0.0
 30
0.0
  9
$UCSORGRIGHT
 10
0.0
 20
0.0
 30
0.0
  9
$UCSORGFRONT
 10
0.0
 20
0.0
 30
0.0
  9
$UCSORGBACK
 10
0.0
 20
0.0
 30
0.0
  9
$PUCSBASE
  2

  9
$PUCSNAME
  2

  9
$PUCSORG
 10
0.0
 20
0.0
 30
0.0
  9
$PUCSXDIR
 10
1.0
 20
0.0
 30
0.0
  9
$PUCSYDIR
 10
0.0
 20
1.0
 30
0.0
  9
$PUCSORTHOREF
  2

  9
$PUCSORTHOVIEW
 70
     0
  9
$PUCSORGTOP
 10
0.0
 20
0.0
 30
0.0
  9
$PUCSORGBOTTOM
 10
0.0
 20
0.0
 30
0.0
  9
$PUCSORGLEFT
 10
0.0
 20
0.0
 30
0.0
  9
$PUCSORGRIGHT
 10
0.0
 20
0.0
 30
0.0
  9
$PUCSORGFRONT
 10
0.0
 20
0.0
 30
0.0
  9
$PUCSORGBACK
 10
0.0
 20
0.0
 30
0.0
  9
$USERI1
 70
     0
  9
$USERI2
 70
     0
  9
$USERI3
 70
     0
  9
$USERI4
 70
     0
  9
$USERI5
 70
     0
  9
$USERR1
 40
0.0
  9
$USERR2
 40
0.0
  9
$USERR3
 40
0.0
  9
$USERR4
 40
0.0
  9
$USERR5
 40
0.0
  9
$WORLDVIEW
 70
     1
  9
$SHADEDGE
 70
     3
  9
$SHADEDIF
 70
    70
  9
$TILEMODE
 70
     1
  9
$MAXACTVP
 70
    64
  9
$PINSBASE
 10
0.0
 20
0.0
 30
0.0
  9
$PLIMCHECK
 70
     0
  9
$PEXTMIN
 10
1.000000000000000E+20
 20
1.000000000000000E+20
 30
1.000000000000000E+20
  9
$PEXTMAX
 10
-1.000000000000000E+20
 20
-1.000000000000000E+20
 30
-1.000000000000000E+20
  9
$PLIMMIN
 10
0.0
 20
0.0
  9
$PLIMMAX
 10
12.0
 20
9.0
  9
$UNITMODE
 70
     0
  9
$VISRETAIN
 70
     1
  9
$PLINEGEN
 70
     0
  9
$PSLTSCALE
 70
     1
  9
$TREEDEPTH
 70
  3020
  9
$CMLSTYLE
  2
Standard
  9
$CMLJUST
 70
     0
  9
$CMLSCALE
 40
1.0
  9
$PROXYGRAPHICS
 70
     1
  9
$MEASUREMENT
 70
     0
  9
$CELWEIGHT
370
    -1
  9
$ENDCAPS
280
     0
  9
$JOINSTYLE
280
     0
  9
$LWDISPLAY
290
     0
  9
$INSUNITS
 70
     1
  9
$HYPERLINKBASE
  1

  9
$STYLESHEET
  1

  9
$XEDIT
290
     1
  9
$CEPSNTYPE
380
     0
  9
$PSTYLEMODE
290
     1
  9
$FINGERPRINTGUID
  2
{6a49e65b-6d20-43bd-98fe-689d23cac8a7}
  9
$VERSIONGUID
  2
{FAEB1C32-E019-11D5-929B-00C0DF256EC4}
  9
$EXTNAMES
290
     1
  9
$PSVPSCALE
 40
0.0
  9
$OLESTARTUP
290
     0
  9
$SORTENTS
280
   127
  9
$INDEXCTL
280
     0
  9
$HIDETEXT
280
     1
  9
$XCLIPFRAME
280
     2
  9
$HALOGAP
280
     0
  9
$OBSCOLOR
 70
   257
  9
$OBSLTYPE
280
     0
  9
$INTERSECTIONDISPLAY
280
     0
  9
$INTERSECTIONCOLOR
 70
   257
  9
$DIMASSOC
280
     2
  9
$PROJECTNAME
  1

  9
$CAMERADISPLAY
290
     0
  9
$LENSLENGTH
 40
50.0
  9
$CAMERAHEIGHT
 40
0.0
  9
$STEPSPERSEC
 40
2.0
  9
$STEPSIZE
 40
6.0
  9
$3DDWFPREC
 40
2.0
  9
$PSOLWIDTH
 40
0.25
  9
$PSOLHEIGHT
 40
4.0
  9
$LOFTANG1
 40
1.570796326794897
  9
$LOFTANG2
 40
1.570796326794897
  9
$LOFTMAG1
 40
0.0
  9
$LOFTMAG2
 40
0.0
  9
$LOFTPARAM
 70
     7
  9
$LOFTNORMALS
280
     1
  9
$LATITUDE
 40
37.795
  9
$LONGITUDE
 40
-122.394
  9
$NORTHDIRECTION
 40
0.0
  9
$TIMEZONE
 70
 -8000
  9
$LIGHTGLYPHDISPLAY
280
     1
  9
$TILEMODELIGHTSYNCH
280
     1
  9
$CMATERIAL
347
44
  9
$SOLIDHIST
280
     0
  9
$SHOWHIST
280
     1
  9
$DWFFRAME
280
     2
  9
$DGNFRAME
280
     2
  9
$REALWORLDSCALE
290
     1
  9
$INTERFERECOLOR
 62
   256
  9
$CSHADOW
280
     0
  9
$SHADOWPLANELOCATION
 40
0.0
  0
ENDSEC
  0
SECTION
  2
CLASSES
  0
CLASS
  1
ACDBDICTIONARYWDFLT
  2
AcDbDictionaryWithDefault
  3
ObjectDBX Classes
 90
        0
 91
        3
280
     0
281
     0
  0
CLASS
  1
VISUALSTYLE
  2
AcDbVisualStyle
  3
ObjectDBX Classes
 90
     4095
 91
        3
280
     0
281
     0
  0
CLASS
  1
MATERIAL
  2
AcDbMaterial
  3
ObjectDBX Classes
 90
     1153
 91
        3
280
     0
281
     0
  0
CLASS
  1
SCALE
  2
AcDbScale
  3
ObjectDBX Classes
 90
     1153
 91
        3
280
     0
281
     0
  0
CLASS
  1
TABLESTYLE
  2
AcDbTableStyle
  3
ObjectDBX Classes
 90
     4095
 91
        3
280
     0
281
     0
  0
CLASS
  1
MLEADERSTYLE
  2
AcDbMLeaderStyle
  3
ACDB_MLEADERSTYLE_CLASS
 90
     4095
 91
        3
280
     0
281
     0
  0
CLASS
  1
SUN
  2
AcDbSun
  3
SCENEOE
 90
     1153
 91
        3
280
     0
281
     0
  0
CLASS
  1
DICTIONARYVAR
  2
AcDbDictionaryVar
  3
ObjectDBX Classes
 90
        0
 91
        3
280
     0
281
     0
  0
CLASS
  1
CELLSTYLEMAP
  2
AcDbCellStyleMap
  3
ObjectDBX Classes
 90
     1152
 91
        3
280
     0
281
     0
  0
ENDSEC
  0
SECTION
  2
TABLES
  0
TABLE
  2
VPORT
  5
8
330
0
100
AcDbSymbolTable
 70
     1
  0
VPORT
  5
29
330
8
100
AcDbSymbolTableRecord
100
AcDbViewportTableRecord
  2
*Active
 70
     0
 10
0.0
 20
0.0
 11
1.0
 21
1.0
 12
4.666779661016943
 22
-4.812708276212014
 13
0.0
 23
0.0
 14
0.5
 24
0.5
 15
0.5
 25
0.5
 16
0.0
 26
0.0
 36
1.0
 17
0.0
 27
0.0
 37
0.0
 40
78.77500413770979
 41
1.456798939773575
 42
50.0
 43
0.0
 44
0.0
 50
0.0
 51
0.0
 71
     0
 72
   100
 73
     1
 74
     3
 75
     0
 76
     0
 77
     0
 78
     0
281
     0
 65
     1
110
0.0
120
0.0
130
0.0
111
1.0
121
0.0
131
0.0
112
0.0
122
1.0
132
0.0
 79
     0
146
0.0
348
2F
 60
     3
 61
     5
292
     1
282
     1
141
0.0
142
0.0
 63
   250
361
5D
  0
ENDTAB
  0
TABLE
  2
LTYPE
  5
5
330
0
100
AcDbSymbolTable
 70
     3
  0
LTYPE
  5
14
330
5
100
AcDbSymbolTableRecord
100
AcDbLinetypeTableRecord
  2
ByBlock
 70
     0
  3

 72
    65
 73
     0
 40
0.0
  0
LTYPE
  5
15
330
5
100
AcDbSymbolTableRecord
100
AcDbLinetypeTableRecord
  2
ByLayer
 70
     0
  3

 72
    65
 73
     0
 40
0.0
  0
LTYPE
  5
16
330
5
100
AcDbSymbolTableRecord
100
AcDbLinetypeTableRecord
  2
Continuous
 70
     0
  3
Solid line
 72
    65
 73
     0
 40
0.0
  0
LTYPE
  5
74
330
5
100
AcDbSymbolTableRecord
100
AcDbLinetypeTableRecord
  2
Dashed
 70
     0
  3

 72
    65
 73
     2
 40
2.0
 49
1.0
 74
     0
 49
-1.0
 74
     0
  0
LTYPE
  5
4BC
330
5
100
AcDbSymbolTableRecord
100
AcDbLinetypeTableRecord
  2
Center
 70
     0
  3

 72
    65
 73
     4
 40
1.5
 49
0.45
 74
     0
 49
-0.5
 74
     0
 49
0.05
 74
     0
 49
-0.5
 74
     0
  0
ENDTAB
  0
TABLE
  2
LAYER
  5
2
330
0
100
AcDbSymbolTable
 70
     9
  0
LAYER
  5
10
330
2
100
AcDbSymbolTableRecord
100
AcDbLayerTableRecord
  2
0
 70
     0
 62
     7
  6
Continuous
370
    -3
390
F
347
46
348
0
  0
LAYER
  5
5E
330
2
100
AcDbSymbolTableRecord
100
AcDbLayerTableRecord
  2
AM_6
 70
     0
 62
    -2
  6
Continuous
370
    35
390
F
347
46
348
0
  0
LAYER
  5
75
330
2
100
AcDbSymbolTableRecord
100
AcDbLayerTableRecord
  2
AM_9
 70
     0
 62
     6
  6
Dashed
370
    25
390
F
347
46
348
0
  0
LAYER
  5
E6
330
2
100
AcDbSymbolTableRecord
100
AcDbLayerTableRecord
  2
AM_0
 70
     0
 62
     7
  6
Continuous
370
    50
390
F
347
46
348
0
  0
LAYER
  5
279
330
2
100
AcDbSymbolTableRecord
100
AcDbLayerTableRecord
  2
AM_4
 70
     0
 62
     3
  6
Continuous
370
    25
390
F
347
46
348
0
  0
LAYER
  5
4BD
330
2
100
AcDbSymbolTableRecord
100
AcDbLayerTableRecord
  2
AM_7
 70
     0
 62
     7
  6
Center
370
    25
390
F
347
46
348
0
  0
LAYER
  5
4EA
330
2
100
AcDbSymbolTableRecord
100
AcDbLayerTableRecord
  2
AM_5
 70
     0
 62
     3
  6
Continuous
370
    25
390
F
347
46
348
0
  0
LAYER
  5
4EC
330
2
100
AcDbSymbolTableRecord
100
AcDbLayerTableRecord
  2
Defpoints
 70
     0
 62
     7
  6
Continuous
290
     0
370
    -3
390
F
347
46
348
0
  0
LAYER
  5
508
330
2
100
AcDbSymbolTableRecord
100
AcDbLayerTableRecord
  2
2d ConnectionPoints
 70
     0
 62
     7
  6
Continuous
370
    50
390
F
347
46
348
0
  0
ENDTAB
  0
TABLE
  2
STYLE
  5
3
330
0
100
AcDbSymbolTable
 70
     1
  0
STYLE
  5
11
330
3
100
AcDbSymbolTableRecord
100
AcDbTextStyleTableRecord
  2
Standard
 70
     0
 40
0.0
 41
1.0
 50
0.0
 71
     0
 42
0.2
  3
txt
  4

  0
ENDTAB
  0
TABLE
  2
VIEW
  5
6
330
0
100
AcDbSymbolTable
 70
     0
  0
ENDTAB
  0
TABLE
  2
UCS
  5
7
330
0
100
AcDbSymbolTable
 70
     0
  0
ENDTAB
  0
TABLE
  2
APPID
  5
9
330
0
100
AcDbSymbolTable
 70
     1
  0
APPID
  5
12
330
9
100
AcDbSymbolTableRecord
100
AcDbRegAppTableRecord
  2
ACAD
 70
     0
  0
ENDTAB
  0
TABLE
  2
DIMSTYLE
  5
A
330
0
100
AcDbSymbolTable
 70
     1
100
AcDbDimStyleTable
  0
DIMSTYLE
105
27
102
{ACAD_REACTORS
330
4EB
330
4FA
102
}
330
A
100
AcDbSymbolTableRecord
100
AcDbDimStyleTableRecord
  2
Standard
 70
     0
178
     0
340
11
  0
ENDTAB
  0
TABLE
  2
BLOCK_RECORD
  5
1
330
0
100
AcDbSymbolTable
 70
     3
  0
BLOCK_RECORD
  5
1F
330
1
100
AcDbSymbolTableRecord
100
AcDbBlockTableRecord
  2
*Model_Space
340
22
 70
     0
280
     1
281
     0
  0
BLOCK_RECORD
  5
1B
330
1
100
AcDbSymbolTableRecord
100
AcDbBlockTableRecord
  2
*Paper_Space
340
1E
 70
     0
280
     1
281
     0
  0
BLOCK_RECORD
  5
23
330
1
100
AcDbSymbolTableRecord
100
AcDbBlockTableRecord
  2
*Paper_Space0
340
26
 70
     0
280
     1
281
     0
  0
BLOCK_RECORD
  5
4ED
330
1
100
AcDbSymbolTableRecord
100
AcDbBlockTableRecord
  2
*D1
340
0
 70
     0
280
     1
281
     0
  0
BLOCK_RECORD
  5
4FB
330
1
100
AcDbSymbolTableRecord
100
AcDbBlockTableRecord
  2
*D2
340
0
 70
     0
280
     1
281
     0
  0
ENDTAB
  0
ENDSEC
  0
SECTION
  2
BLOCKS
  0
BLOCK
  5
20
330
1F
100
AcDbEntity
  8
0
100
AcDbBlockBegin
  2
*Model_Space
 70
     2
 10
0.0
 20
0.0
 30
0.0
  3
*Model_Space
  1

  0
ENDBLK
  5
21
330
1F
100
AcDbEntity
  8
0
100
AcDbBlockEnd
  0
BLOCK
  5
1C
330
1B
100
AcDbEntity
 67
     1
  8
0
100
AcDbBlockBegin
  2
*Paper_Space
 70
     0
 10
0.0
 20
0.0
 30
0.0
  3
*Paper_Space
  1

  0
ENDBLK
  5
1D
330
1B
100
AcDbEntity
 67
     1
  8
0
100
AcDbBlockEnd
  0
BLOCK
  5
24
330
23
100
AcDbEntity
  8
0
100
AcDbBlockBegin
  2
*Paper_Space0
 70
     0
 10
0.0
 20
0.0
 30
0.0
  3
*Paper_Space0
  1

  0
ENDBLK
  5
25
330
23
100
AcDbEntity
  8
0
100
AcDbBlockEnd
  0
BLOCK
  5
4EE
330
4ED
100
AcDbEntity
  8
0
100
AcDbBlockBegin
  2
*D1
 70
     1
 10
0.0
 20
0.0
 30
0.0
  3
*D1
  1

  0
LINE
  5
4F0
330
4ED
100
AcDbEntity
  8
AM_5
 62
     0
370
    -2
100
AcDbLine
 10
-46.898
 20
0.0
 30
0.0
 11
-46.898
 21
-41.40349960327148
 31
0.0
  0
LINE
  5
4F1
330
4ED
100
AcDbEntity
  8
AM_5
 62
     0
370
    -2
100
AcDbLine
 10
46.898
 20
0.0
 30
0.0
 11
46.898
 21
-41.40349960327148
 31
0.0
  0
LINE
  5
4F2
330
4ED
100
AcDbEntity
  8
AM_5
 62
     0
370
    -2
100
AcDbLine
 10
-44.898
 20
-41.40349960327148
 30
0.0
 11
-5.955932203389828
 21
-41.40349960327148
 31
0.0
  0
LINE
  5
4F3
330
4ED
100
AcDbEntity
  8
AM_5
 62
     0
370
    -2
100
AcDbLine
 10
44.898
 20
-41.40349960327148
 30
0.0
 11
5.955932203389828
 21
-41.40349960327148
 31
0.0
  0
SOLID
  5
4F4
330
4ED
100
AcDbEntity
  8
AM_5
 62
     0
100
AcDbTrace
 10
-44.898
 20
-41.07016626993815
 30
0.0
 11
-44.898
 21
-41.73683293660482
 31
0.0
 12
-46.898
 22
-41.40349960327148
 32
0.0
 13
-46.898
 23
-41.40349960327148
 33
0.0
  0
SOLID
  5
4F5
330
4ED
100
AcDbEntity
  8
AM_5
 62
     0
100
AcDbTrace
 10
44.898
 20
-41.73683293660482
 30
0.0
 11
44.898
 21
-41.07016626993815
 31
0.0
 12
46.898
 22
-41.40349960327148
 32
0.0
 13
46.898
 23
-41.40349960327148
 33
0.0
  0
MTEXT
  5
4F6
330
4ED
100
AcDbEntity
  8
AM_5
 62
     0
100
AcDbMText
 10
0.0
 20
-41.40349960327148
 30
0.0
 40
2.0
 41
0.0
 46
0.0
 71
     5
 72
     1
  1
\A1;93.8 in
 73
     1
 44
1.0
  0
POINT
  5
4F7
330
4ED
100
AcDbEntity
  8
Defpoints
 62
     0
100
AcDbPoint
 10
-46.898
 20
0.0
 30
0.0
  0
POINT
  5
4F8
330
4ED
100
AcDbEntity
  8
Defpoints
 62
     0
100
AcDbPoint
 10
46.898
 20
0.0
 30
0.0
  0
POINT
  5
4F9
330
4ED
100
AcDbEntity
  8
Defpoints
 62
     0
100
AcDbPoint
 10
46.898
 20
-41.40349960327148
 30
0.0
  0
ENDBLK
  5
4EF
330
4ED
100
AcDbEntity
  8
0
100
AcDbBlockEnd
  0
BLOCK
  5
4FC
330
4FB
100
AcDbEntity
  8
0
100
AcDbBlockBegin
  2
*D2
 70
     1
 10
0.0
 20
0.0
 30
0.0
  3
*D2
  1

  0
LINE
  5
4FE
330
4FB
100
AcDbEntity
  8
AM_5
 62
     0
370
    -2
100
AcDbLine
 10
0.0
 20
-30.181
 30
0.0
 11
57.89799880981445
 21
-30.181
 31
0.0
  0
LINE
  5
4FF
330
4FB
100
AcDbEntity
  8
AM_5
 62
     0
370
    -2
100
AcDbLine
 10
0.0
 20
30.181
 30
0.0
 11
57.89799880981446
 21
30.181
 31
0.0
  0
LINE
  5
500
330
4FB
100
AcDbEntity
  8
AM_5
 62
     0
370
    -2
100
AcDbLine
 10
57.89799880981445
 20
-28.181
 30
0.0
 11
57.89799880981445
 21
-6.789830508474573
 31
0.0
  0
LINE
  5
501
330
4FB
100
AcDbEntity
  8
AM_5
 62
     0
370
    -2
100
AcDbLine
 10
57.89799880981446
 20
28.181
 30
0.0
 11
57.89799880981445
 21
6.789830508474576
 31
0.0
  0
SOLID
  5
502
330
4FB
100
AcDbEntity
  8
AM_5
 62
     0
100
AcDbTrace
 10
57.56466547648111
 20
-28.181
 30
0.0
 11
58.23133214314778
 21
-28.181
 31
0.0
 12
57.89799880981445
 22
-30.181
 32
0.0
 13
57.89799880981445
 23
-30.181
 33
0.0
  0
SOLID
  5
503
330
4FB
100
AcDbEntity
  8
AM_5
 62
     0
100
AcDbTrace
 10
58.2313321431478
 20
28.181
 30
0.0
 11
57.56466547648112
 21
28.181
 31
0.0
 12
57.89799880981446
 22
30.181
 32
0.0
 13
57.89799880981446
 23
30.181
 33
0.0
  0
MTEXT
  5
504
330
4FB
100
AcDbEntity
  8
AM_5
 62
     0
100
AcDbMText
 10
57.89799880981445
 20
0.0
 30
0.0
 40
2.0
 41
0.0
 46
0.0
 71
     5
 72
     1
  1
\A1;60.36 in
 11
6.123233995736766E-17
 21
1.0
 31
0.0
 73
     1
 44
1.0
  0
POINT
  5
505
330
4FB
100
AcDbEntity
  8
Defpoints
 62
     0
100
AcDbPoint
 10
0.0
 20
-30.181
 30
0.0
  0
POINT
  5
506
330
4FB
100
AcDbEntity
  8
Defpoints
 62
     0
100
AcDbPoint
 10
0.0
 20
30.181
 30
0.0
  0
POINT
  5
507
330
4FB
100
AcDbEntity
  8
Defpoints
 62
     0
100
AcDbPoint
 10
57.89799880981446
 20
30.181
 30
0.0
  0
ENDBLK
  5
4FD
330
4FB
100
AcDbEntity
  8
0
100
AcDbBlockEnd
  0
ENDSEC
  0
SECTION
  2
ENTITIES
  0
ATTDEF
  5
5F
330
1F
100
AcDbEntity
  8
AM_6
100
AcDbText
 10
56.5878
 20
33.1991
 30
0.0
 40
0.5
  1
DHG_Gas_Electric-Daikin-DHG0904DM00001S-300
100
AcDbAttributeDefinition
  3

  2
NB
 70
     8
280
     0
  0
ATTDEF
  5
60
330
1F
100
AcDbEntity
  8
AM_6
100
AcDbText
 10
56.5878
 20
32.6991
 30
0.0
 40
0.5
  1
(R32) DHG Series 7.5 - 12.5 Tons Gas Electric
100
AcDbAttributeDefinition
  3

  2
NN
 70
     8
280
     0
  0
ATTDEF
  5
61
330
1F
100
AcDbEntity
  8
AM_6
100
AcDbText
 10
56.5878
 20
32.1991
 30
0.0
 40
0.5
  1

100
AcDbAttributeDefinition
  3

  2
NT
 70
     8
280
     0
  0
ATTDEF
  5
62
330
1F
100
AcDbEntity
  8
AM_6
100
AcDbText
 10
56.5878
 20
31.6991
 30
0.0
 40
0.5
  1
DHG_Gas_Electric-Daikin-$PN.-$LOG.
100
AcDbAttributeDefinition
  3

  2
NBSYN
 70
     8
280
     0
  0
ATTDEF
  5
63
330
1F
100
AcDbEntity
  8
AM_6
100
AcDbText
 10
56.5878
 20
31.1991
 30
0.0
 40
0.5
  1
DHG_Gas_Electric-Daikin-DHG0904DM00001S-460 VAC
100
AcDbAttributeDefinition
  3

  2
LINA
 70
     8
280
     0
  0
ATTDEF
  5
64
330
1F
100
AcDbEntity
  8
AM_6
100
AcDbText
 10
56.5878
 20
30.6991
 30
0.0
 40
0.5
  1
Daikin
100
AcDbAttributeDefinition
  3

  2
CATALOG
 70
     8
280
     0
  0
ATTDEF
  5
65
330
1F
100
AcDbEntity
  8
AM_6
100
AcDbText
 10
56.5878
 20
30.1991
 30
0.0
 40
0.5
  1
DHG0904DM00001S
100
AcDbAttributeDefinition
  3

  2
PN
 70
     8
280
     0
  0
ATTDEF
  5
66
330
1F
100
AcDbEntity
  8
AM_6
100
AcDbText
 10
56.5878
 20
29.6991
 30
0.0
 40
0.5
  1
300
100
AcDbAttributeDefinition
  3

  2
LOG
 70
     8
280
     0
  0
ATTDEF
  5
67
330
1F
100
AcDbEntity
  8
AM_6
100
AcDbText
 10
56.5878
 20
29.1991
 30
0.0
 40
0.5
  1
DHG 7½ Ton Light Commercial Packaged Gas Electric R32
100
AcDbAttributeDefinition
  3

  2
DESC
 70
     8
280
     0
  0
ATTDEF
  5
68
330
1F
100
AcDbEntity
  8
AM_6
100
AcDbText
 10
56.5878
 20
28.6991
 30
0.0
 40
0.5
  1
60.3750
100
AcDbAttributeDefinition
  3

  2
OD
 70
     8
280
     0
  0
ATTDEF
  5
69
330
1F
100
AcDbEntity
  8
AM_6
100
AcDbText
 10
56.5878
 20
28.1991
 30
0.0
 40
0.5
  1
54.600
100
AcDbAttributeDefinition
  3

  2
OH
 70
     8
280
     0
  0
ATTDEF
  5
6A
330
1F
100
AcDbEntity
  8
AM_6
100
AcDbText
 10
56.5878
 20
27.6991
 30
0.0
 40
0.5
  1
93.750
100
AcDbAttributeDefinition
  3

  2
OW
 70
     8
280
     0
  0
ATTDEF
  5
6B
330
1F
100
AcDbEntity
  8
AM_6
100
AcDbText
 10
56.5878
 20
27.1991
 30
0.0
 40
0.5
  1
https://daikincomfort.com
100
AcDbAttributeDefinition
  3

  2
URL
 70
     8
280
     0
  0
ATTDEF
  5
6C
330
1F
100
AcDbEntity
  8
AM_6
100
AcDbText
 10
56.5878
 20
26.6991
 30
0.0
 40
0.5
  1
Download Revit Family (RFA)
100
AcDbAttributeDefinition
  3

  2
RFAFAMILY
 70
     8
280
     0
  0
ATTDEF
  5
6D
330
1F
100
AcDbEntity
  8
AM_6
100
AcDbText
 10
56.5878
 20
26.1991
 30
0.0
 40
0.5
  1
daikin
100
AcDbAttributeDefinition
  3

  2
COMPANY
 70
     8
280
     0
  0
ATTDEF
  5
6E
330
1F
100
AcDbEntity
  8
AM_6
100
AcDbText
 10
56.5878
 20
25.6991
 30
0.0
 40
0.5
  1
{$CADENAS_DATA/23d-libs/daikin/light20commercial20rooftop20package20units/gas-electric/dhg/dhg_gas_electric_090_120.prj},276 {VTYP=3D},{NB=DHG_Gas_Electric-Daikin-DHG0904DM00001S-300},{LINA=DHG_Gas_Electric-Daikin-DHG0904DM00001S-460 VAC},{NN=(R32) 
100
AcDbAttributeDefinition
  3

  2
PSOL_0
 70
     9
280
     0
  0
ATTDEF
  5
6F
330
1F
100
AcDbEntity
  8
AM_6
100
AcDbText
 10
56.5878
 20
25.1991
 30
0.0
 40
0.5
  1
ries 7.5 - 12.5 Tons Gas Electric},{DATE=03.06.2026 19:23:09},{GEOMDATE=22.10.2025 11:30:00},{VERSION=},{LINEID=780},{WBVAR=LOG},{WBNUMERIC=LOG}  {NB=DHG_Gas_Electric-Daikin-DHG0904DM00001S-300},{LINA=DHG_Gas_Electric-Daikin-DHG0904DM00001S-460 VAC}
100
AcDbAttributeDefinition
  3

  2
PSOL_1
 70
     9
280
     0
  0
ATTDEF
  5
70
330
1F
100
AcDbEntity
  8
AM_6
100
AcDbText
 10
56.5878
 20
24.6991
 30
0.0
 40
0.5
  1
UMMY},{PN=DHG0904DM00001S},{LOG=300},{ST=dsg120},{DESC=DHG 7½ Ton Light Commercial Packaged Gas Electric R32},{W=93.8},{D=60.36},{H=54.6},{W12=29.763},{D12=29.826},{H12=27.300},{PNH=DHG090},{F=60 Hz},{P=3},{V=460.0},{VC=460 VAC},{MCA=20.100},{MOP=25
100
AcDbAttributeDefinition
  3

  2
PSOL_2
 70
     9
280
     0
  0
ATTDEF
  5
71
330
1F
100
AcDbEntity
  8
AM_6
100
AcDbText
 10
56.5878
 20
24.1991
 30
0.0
 40
0.5
  1
0.1253 kip},{UWV=1253.00},{OD=60.3750},{OH=54.600},{OW=93.750},{CT=Scroll},{RU=R-32},{RC=122.4/115 oz.},{SPL=82.9 dB},{EER=12.500},{IEER=17.500},{EER2=N/A},{SEER2=N/A},{NCC=90000},{NHCH=145.8},{NHCL=109.35},{M=Daikin},{MODEL=DHG090},{URL=https://dai
100
AcDbAttributeDefinition
  3

  2
PSOL_3
 70
     9
280
     0
  0
ATTDEF
  5
72
330
1F
100
AcDbEntity
  8
AM_6
100
AcDbText
 10
56.5878
 20
23.6991
 30
0.0
 40
0.5
  1
fort.com},{CAL=9246.000},{NOP=3},{NPT=20},{RFAFAMILY=Download Revit Family (RFA)},{RFAFAMILYPATH=../../../light20commercial20rooftop20package20units/gas-electric/dhg/rooftop_unit_daikin_dhg_series-7.5_12.5_ton.rfa},{RACH=37.750},{RACW=14.000},{SACH=
100
AcDbAttributeDefinition
  3

  2
PSOL_4
 70
     9
280
     0
  0
ATTDEF
  5
73
330
1F
100
AcDbEntity
  8
AM_6
100
AcDbText
 10
56.5878
 20
23.1991
 30
0.0
 40
0.5
  1
},{SACW=15.000}
100
AcDbAttributeDefinition
  3

  2
PSOL_5
 70
     9
280
     0
  0
LINE
  5
76
330
1F
100
AcDbEntity
  8
AM_9
100
AcDbLine
 10
44.55
 20
27.766
 30
0.0
 11
-44.55
 21
27.766
 31
0.0
  0
LINE
  5
77
330
1F
100
AcDbEntity
  8
AM_9
100
AcDbLine
 10
44.55
 20
-27.766
 30
0.0
 11
44.55
 21
27.766
 31
0.0
  0
LINE
  5
78
330
1F
100
AcDbEntity
  8
AM_9
100
AcDbLine
 10
-44.55
 20
-27.766
 30
0.0
 11
44.55
 21
-27.766
 31
0.0
  0
LINE
  5
79
330
1F
100
AcDbEntity
  8
AM_9
100
AcDbLine
 10
-44.55
 20
27.766
 30
0.0
 11
-44.55
 21
-27.766
 31
0.0
  0
LINE
  5
7A
330
1F
100
AcDbEntity
  8
AM_9
100
AcDbLine
 10
-7.402
 20
24.15999999999999
 30
0.0
 11
-13.152
 21
24.15999999999999
 31
0.0
  0
LINE
  5
7B
330
1F
100
AcDbEntity
  8
AM_9
100
AcDbLine
 10
13.152
 20
24.15999999999999
 30
0.0
 11
7.401999999999999
 21
24.15999999999999
 31
0.0
  0
LINE
  5
7C
330
1F
100
AcDbEntity
  8
AM_9
100
AcDbLine
 10
13.152
 20
-24.16
 30
0.0
 11
7.401999999999999
 21
-24.16
 31
0.0
  0
LINE
  5
7D
330
1F
100
AcDbEntity
  8
AM_9
100
AcDbLine
 10
-7.402
 20
-24.16
 30
0.0
 11
-13.152
 21
-24.16
 31
0.0
  0
LINE
  5
7E
330
1F
100
AcDbEntity
  8
AM_9
100
AcDbLine
 10
13.152
 20
30.068
 30
0.0
 11
7.401999999999999
 21
30.068
 31
0.0
  0
LINE
  5
7F
330
1F
100
AcDbEntity
  8
AM_9
100
AcDbLine
 10
-7.402
 20
30.068
 30
0.0
 11
-13.152
 21
30.068
 31
0.0
  0
LINE
  5
80
330
1F
100
AcDbEntity
  8
AM_9
100
AcDbLine
 10
13.152
 20
-30.068
 30
0.0
 11
7.401999999999999
 21
-30.068
 31
0.0
  0
LINE
  5
81
330
1F
100
AcDbEntity
  8
AM_9
100
AcDbLine
 10
-7.402
 20
-30.068
 30
0.0
 11
-13.152
 21
-30.068
 31
0.0
  0
LINE
  5
82
330
1F
100
AcDbEntity
  8
AM_9
100
AcDbLine
 10
-14.0
 20
30.114
 30
0.0
 11
-14.0
 21
29.594
 31
0.0
  0
LINE
  5
83
330
1F
100
AcDbEntity
  8
AM_9
100
AcDbLine
 10
-14.25
 20
30.114
 30
0.0
 11
-14.25
 21
29.594
 31
0.0
  0
LINE
  5
84
330
1F
100
AcDbEntity
  8
AM_9
100
AcDbLine
 10
-14.0
 20
-29.594
 30
0.0
 11
-14.0
 21
-30.114
 31
0.0
  0
LINE
  5
85
330
1F
100
AcDbEntity
  8
AM_9
100
AcDbLine
 10
-14.25
 20
-29.594
 30
0.0
 11
-14.25
 21
-30.114
 31
0.0
  0
LINE
  5
86
330
1F
100
AcDbEntity
  8
AM_9
100
AcDbLine
 10
-46.898
 20
13.268
 30
0.0
 11
-45.878
 21
13.268
 31
0.0
  0
LINE
  5
87
330
1F
100
AcDbEntity
  8
AM_9
100
AcDbLine
 10
-46.898
 20
13.518
 30
0.0
 11
-45.878
 21
13.518
 31
0.0
  0
LINE
  5
88
330
1F
100
AcDbEntity
  8
AM_9
100
AcDbLine
 10
-46.898
 20
-7.232
 30
0.0
 11
-45.878
 21
-7.232
 31
0.0
  0
LINE
  5
89
330
1F
100
AcDbEntity
  8
AM_9
100
AcDbLine
 10
-46.898
 20
-6.982
 30
0.0
 11
-45.878
 21
-6.982
 31
0.0
  0
LINE
  5
8A
330
1F
100
AcDbEntity
  8
AM_9
100
AcDbLine
 10
-7.402
 20
29.973
 30
0.0
 11
-13.152
 21
29.973
 31
0.0
  0
LINE
  5
8B
330
1F
100
AcDbEntity
  8
AM_9
100
AcDbLine
 10
-13.152
 20
-29.973
 30
0.0
 11
-7.402
 21
-29.973
 31
0.0
  0
LINE
  5
8C
330
1F
100
AcDbEntity
  8
AM_9
100
AcDbLine
 10
-46.898
 20
5.518000000000002
 30
0.0
 11
-45.878
 21
5.518000000000002
 31
0.0
  0
LINE
  5
8D
330
1F
100
AcDbEntity
  8
AM_9
100
AcDbLine
 10
-46.898
 20
5.768000000000001
 30
0.0
 11
-45.878
 21
5.768000000000001
 31
0.0
  0
LINE
  5
8E
330
1F
100
AcDbEntity
  8
AM_9
100
AcDbLine
 10
-6.5
 20
-29.594
 30
0.0
 11
-6.5
 21
-30.114
 31
0.0
  0
LINE
  5
8F
330
1F
100
AcDbEntity
  8
AM_9
100
AcDbLine
 10
-6.25
 20
-29.594
 30
0.0
 11
-6.25
 21
-30.114
 31
0.0
  0
LINE
  5
90
330
1F
100
AcDbEntity
  8
AM_9
100
AcDbLine
 10
-46.898
 20
-14.982
 30
0.0
 11
-45.878
 21
-14.982
 31
0.0
  0
LINE
  5
91
330
1F
100
AcDbEntity
  8
AM_9
100
AcDbLine
 10
-46.898
 20
-14.732
 30
0.0
 11
-45.878
 21
-14.732
 31
0.0
  0
LINE
  5
92
330
1F
100
AcDbEntity
  8
AM_9
100
AcDbLine
 10
-6.25
 20
30.114
 30
0.0
 11
-6.25
 21
29.594
 31
0.0
  0
LINE
  5
93
330
1F
100
AcDbEntity
  8
AM_9
100
AcDbLine
 10
-6.5
 20
30.114
 30
0.0
 11
-6.5
 21
29.594
 31
0.0
  0
LINE
  5
94
330
1F
100
AcDbEntity
  8
AM_9
100
AcDbLine
 10
13.152
 20
29.973
 30
0.0
 11
7.401999999999999
 21
29.973
 31
0.0
  0
LINE
  5
95
330
1F
100
AcDbEntity
  8
AM_9
100
AcDbLine
 10
6.5
 20
-29.594
 30
0.0
 11
6.5
 21
-30.114
 31
0.0
  0
LINE
  5
96
330
1F
100
AcDbEntity
  8
AM_9
100
AcDbLine
 10
6.25
 20
-29.594
 30
0.0
 11
6.25
 21
-30.114
 31
0.0
  0
LINE
  5
97
330
1F
100
AcDbEntity
  8
AM_9
100
AcDbLine
 10
14.0
 20
-29.594
 30
0.0
 11
14.0
 21
-30.114
 31
0.0
  0
LINE
  5
98
330
1F
100
AcDbEntity
  8
AM_9
100
AcDbLine
 10
14.25
 20
-29.594
 30
0.0
 11
14.25
 21
-30.114
 31
0.0
  0
LINE
  5
99
330
1F
100
AcDbEntity
  8
AM_9
100
AcDbLine
 10
6.5
 20
30.114
 30
0.0
 11
6.5
 21
29.594
 31
0.0
  0
LINE
  5
9A
330
1F
100
AcDbEntity
  8
AM_9
100
AcDbLine
 10
6.25
 20
30.114
 30
0.0
 11
6.25
 21
29.594
 31
0.0
  0
LINE
  5
9B
330
1F
100
AcDbEntity
  8
AM_9
100
AcDbLine
 10
7.401999999999999
 20
-29.973
 30
0.0
 11
13.152
 21
-29.973
 31
0.0
  0
LINE
  5
9C
330
1F
100
AcDbEntity
  8
AM_9
100
AcDbLine
 10
14.25
 20
30.114
 30
0.0
 11
14.25
 21
29.594
 31
0.0
  0
LINE
  5
9D
330
1F
100
AcDbEntity
  8
AM_9
100
AcDbLine
 10
14.0
 20
30.114
 30
0.0
 11
14.0
 21
29.594
 31
0.0
  0
LINE
  5
9E
330
1F
100
AcDbEntity
  8
AM_9
100
AcDbLine
 10
-45.87800000000001
 20
24.056
 30
0.0
 11
-46.898
 21
24.056
 31
0.0
  0
LINE
  5
9F
330
1F
100
AcDbEntity
  8
AM_9
100
AcDbLine
 10
-46.898
 20
22.056
 30
0.0
 11
-45.87800000000001
 21
22.056
 31
0.0
  0
LINE
  5
A0
330
1F
100
AcDbEntity
  8
AM_9
100
AcDbLine
 10
41.898
 20
-29.594
 30
0.0
 11
41.898
 21
-30.114
 31
0.0
  0
LINE
  5
A1
330
1F
100
AcDbEntity
  8
AM_9
100
AcDbLine
 10
43.898
 20
-30.114
 30
0.0
 11
43.898
 21
-29.594
 31
0.0
  0
LINE
  5
A2
330
1F
100
AcDbEntity
  8
AM_9
100
AcDbLine
 10
38.898
 20
30.114
 30
0.0
 11
38.898
 21
29.594
 31
0.0
  0
LINE
  5
A3
330
1F
100
AcDbEntity
  8
AM_9
100
AcDbLine
 10
40.89800000000001
 20
29.594
 30
0.0
 11
40.89800000000001
 21
30.114
 31
0.0
  0
LINE
  5
A4
330
1F
100
AcDbEntity
  8
AM_9
100
AcDbLine
 10
-40.89800000000001
 20
30.114
 30
0.0
 11
-40.89800000000001
 21
29.594
 31
0.0
  0
LINE
  5
A5
330
1F
100
AcDbEntity
  8
AM_9
100
AcDbLine
 10
-38.898
 20
29.594
 30
0.0
 11
-38.898
 21
30.114
 31
0.0
  0
LINE
  5
A6
330
1F
100
AcDbEntity
  8
AM_9
100
AcDbLine
 10
-45.87800000000001
 20
27.056
 30
0.0
 11
-46.898
 21
27.056
 31
0.0
  0
LINE
  5
A7
330
1F
100
AcDbEntity
  8
AM_9
100
AcDbLine
 10
-46.898
 20
25.056
 30
0.0
 11
-45.87800000000001
 21
25.056
 31
0.0
  0
LINE
  5
A8
330
1F
100
AcDbEntity
  8
AM_9
100
AcDbLine
 10
46.898
 20
24.056
 30
0.0
 11
46.44799999999999
 21
24.056
 31
0.0
  0
LINE
  5
A9
330
1F
100
AcDbEntity
  8
AM_9
100
AcDbLine
 10
46.44799999999999
 20
22.056
 30
0.0
 11
46.898
 21
22.056
 31
0.0
  0
LINE
  5
AA
330
1F
100
AcDbEntity
  8
AM_9
100
AcDbLine
 10
38.898
 20
-29.594
 30
0.0
 11
38.898
 21
-30.114
 31
0.0
  0
LINE
  5
AB
330
1F
100
AcDbEntity
  8
AM_9
100
AcDbLine
 10
40.89800000000001
 20
-30.114
 30
0.0
 11
40.89800000000001
 21
-29.594
 31
0.0
  0
LINE
  5
AC
330
1F
100
AcDbEntity
  8
AM_9
100
AcDbLine
 10
46.898
 20
-25.056
 30
0.0
 11
46.44799999999999
 21
-25.056
 31
0.0
  0
LINE
  5
AD
330
1F
100
AcDbEntity
  8
AM_9
100
AcDbLine
 10
46.44799999999999
 20
-27.056
 30
0.0
 11
46.898
 21
-27.056
 31
0.0
  0
LINE
  5
AE
330
1F
100
AcDbEntity
  8
AM_9
100
AcDbLine
 10
46.898
 20
27.056
 30
0.0
 11
46.44799999999999
 21
27.056
 31
0.0
  0
LINE
  5
AF
330
1F
100
AcDbEntity
  8
AM_9
100
AcDbLine
 10
46.44799999999999
 20
25.056
 30
0.0
 11
46.898
 21
25.056
 31
0.0
  0
LINE
  5
B0
330
1F
100
AcDbEntity
  8
AM_9
100
AcDbLine
 10
41.898
 20
30.114
 30
0.0
 11
41.898
 21
29.594
 31
0.0
  0
LINE
  5
B1
330
1F
100
AcDbEntity
  8
AM_9
100
AcDbLine
 10
43.898
 20
29.594
 30
0.0
 11
43.898
 21
30.114
 31
0.0
  0
LINE
  5
B2
330
1F
100
AcDbEntity
  8
AM_9
100
AcDbLine
 10
-45.87800000000001
 20
-25.056
 30
0.0
 11
-46.898
 21
-25.056
 31
0.0
  0
LINE
  5
B3
330
1F
100
AcDbEntity
  8
AM_9
100
AcDbLine
 10
-46.898
 20
-27.056
 30
0.0
 11
-45.87800000000001
 21
-27.056
 31
0.0
  0
LINE
  5
B4
330
1F
100
AcDbEntity
  8
AM_9
100
AcDbLine
 10
-45.87800000000001
 20
-22.056
 30
0.0
 11
-46.898
 21
-22.056
 31
0.0
  0
LINE
  5
B5
330
1F
100
AcDbEntity
  8
AM_9
100
AcDbLine
 10
-46.898
 20
-24.056
 30
0.0
 11
-45.87800000000001
 21
-24.056
 31
0.0
  0
LINE
  5
B6
330
1F
100
AcDbEntity
  8
AM_9
100
AcDbLine
 10
-43.898
 20
30.181
 30
0.0
 11
-43.898
 21
29.594
 31
0.0
  0
LINE
  5
B7
330
1F
100
AcDbEntity
  8
AM_9
100
AcDbLine
 10
-41.898
 20
29.594
 30
0.0
 11
-41.898
 21
30.114
 31
0.0
  0
LINE
  5
B8
330
1F
100
AcDbEntity
  8
AM_9
100
AcDbLine
 10
46.898
 20
-22.056
 30
0.0
 11
46.44799999999999
 21
-22.056
 31
0.0
  0
LINE
  5
B9
330
1F
100
AcDbEntity
  8
AM_9
100
AcDbLine
 10
46.44799999999999
 20
-24.056
 30
0.0
 11
46.898
 21
-24.056
 31
0.0
  0
LINE
  5
BA
330
1F
100
AcDbEntity
  8
AM_9
100
AcDbLine
 10
-40.89800000000001
 20
-29.594
 30
0.0
 11
-40.89800000000001
 21
-30.114
 31
0.0
  0
LINE
  5
BB
330
1F
100
AcDbEntity
  8
AM_9
100
AcDbLine
 10
-38.898
 20
-30.114
 30
0.0
 11
-38.898
 21
-29.594
 31
0.0
  0
LINE
  5
BC
330
1F
100
AcDbEntity
  8
AM_9
100
AcDbLine
 10
-43.898
 20
-29.594
 30
0.0
 11
-43.898
 21
-30.18100000000001
 31
0.0
  0
LINE
  5
BD
330
1F
100
AcDbEntity
  8
AM_9
100
AcDbLine
 10
-41.898
 20
-30.114
 30
0.0
 11
-41.898
 21
-29.594
 31
0.0
  0
LINE
  5
BE
330
1F
100
AcDbEntity
  8
AM_9
100
AcDbLine
 10
-31.182
 20
29.594
 30
0.0
 11
-31.182
 21
23.59
 31
0.0
  0
LINE
  5
BF
330
1F
100
AcDbEntity
  8
AM_9
100
AcDbLine
 10
-31.182
 20
-29.594
 30
0.0
 11
-31.182
 21
-23.59
 31
0.0
  0
LINE
  5
C0
330
1F
100
AcDbEntity
  8
AM_9
100
AcDbLine
 10
-28.832
 20
29.594
 30
0.0
 11
-28.832
 21
23.59
 31
0.0
  0
LINE
  5
C1
330
1F
100
AcDbEntity
  8
AM_9
100
AcDbLine
 10
-28.832
 20
-29.594
 30
0.0
 11
-28.832
 21
-23.59
 31
0.0
  0
LINE
  5
C2
330
1F
100
AcDbEntity
  8
AM_9
100
AcDbLine
 10
-31.12738564101262
 20
23.59
 30
0.0
 11
-31.12738564101262
 21
26.625
 31
0.0
  0
LINE
  5
C3
330
1F
100
AcDbEntity
  8
AM_9
100
AcDbLine
 10
-31.12738564101262
 20
-23.59
 30
0.0
 11
-31.12738564101262
 21
-26.625
 31
0.0
  0
LINE
  5
C4
330
1F
100
AcDbEntity
  8
AM_9
100
AcDbLine
 10
-28.88661435898739
 20
26.625
 30
0.0
 11
-28.88661435898739
 21
23.59
 31
0.0
  0
LINE
  5
C5
330
1F
100
AcDbEntity
  8
AM_9
100
AcDbLine
 10
-28.88661435898739
 20
-26.625
 30
0.0
 11
-28.88661435898739
 21
-23.59
 31
0.0
  0
LINE
  5
C6
330
1F
100
AcDbEntity
  8
AM_9
100
AcDbLine
 10
13.152
 20
-29.573
 30
0.0
 11
7.401999999999999
 21
-29.573
 31
0.0
  0
LINE
  5
C7
330
1F
100
AcDbEntity
  8
AM_9
100
AcDbLine
 10
-7.402
 20
-29.573
 30
0.0
 11
-13.152
 21
-29.573
 31
0.0
  0
LINE
  5
C8
330
1F
100
AcDbEntity
  8
AM_9
100
AcDbLine
 10
-7.402
 20
29.573
 30
0.0
 11
-13.152
 21
29.573
 31
0.0
  0
LINE
  5
C9
330
1F
100
AcDbEntity
  8
AM_9
100
AcDbLine
 10
13.152
 20
29.573
 30
0.0
 11
7.401999999999999
 21
29.573
 31
0.0
  0
LINE
  5
CA
330
1F
100
AcDbEntity
  8
AM_9
100
AcDbLine
 10
-7.402
 20
-30.16
 30
0.0
 11
-13.152
 21
-30.16
 31
0.0
  0
LINE
  5
CB
330
1F
100
AcDbEntity
  8
AM_9
100
AcDbLine
 10
13.152
 20
-30.16
 30
0.0
 11
7.401999999999999
 21
-30.16
 31
0.0
  0
LINE
  5
CC
330
1F
100
AcDbEntity
  8
AM_9
100
AcDbLine
 10
-7.402
 20
30.16
 30
0.0
 11
-13.152
 21
30.16
 31
0.0
  0
LINE
  5
CD
330
1F
100
AcDbEntity
  8
AM_9
100
AcDbLine
 10
13.152
 20
30.16
 30
0.0
 11
7.401999999999999
 21
30.16
 31
0.0
  0
LINE
  5
CE
330
1F
100
AcDbEntity
  8
AM_9
100
AcDbLine
 10
-43.89298529093594
 20
-30.114
 30
0.0
 11
44.608
 21
-30.114
 31
0.0
  0
LINE
  5
CF
330
1F
100
AcDbEntity
  8
AM_9
100
AcDbLine
 10
-44.608
 20
30.114
 30
0.0
 11
-43.92699264666125
 21
30.114
 31
0.0
  0
LINE
  5
D0
330
1F
100
AcDbEntity
  8
AM_9
100
AcDbLine
 10
-44.608
 20
30.181
 30
0.0
 11
-44.608
 21
30.114
 31
0.0
  0
LINE
  5
D1
330
1F
100
AcDbEntity
  8
AM_9
100
AcDbLine
 10
-43.89298529093594
 20
30.114
 30
0.0
 11
44.608
 21
30.114
 31
0.0
  0
LINE
  5
D2
330
1F
100
AcDbEntity
  8
AM_9
100
AcDbLine
 10
-44.608
 20
-30.181
 30
0.0
 11
-44.608
 21
-30.114
 31
0.0
  0
LINE
  5
D3
330
1F
100
AcDbEntity
  8
AM_9
100
AcDbLine
 10
-44.608
 20
-30.114
 30
0.0
 11
-43.92699264666125
 21
-30.114
 31
0.0
  0
LINE
  5
D4
330
1F
100
AcDbEntity
  8
AM_9
100
AcDbLine
 10
44.608
 20
-30.181
 30
0.0
 11
44.608
 21
-30.114
 31
0.0
  0
LINE
  5
D5
330
1F
100
AcDbEntity
  8
AM_9
100
AcDbLine
 10
44.608
 20
30.181
 30
0.0
 11
44.608
 21
30.114
 31
0.0
  0
LINE
  5
D6
330
1F
100
AcDbEntity
  8
AM_9
100
AcDbLine
 10
-31.302
 20
29.594
 30
0.0
 11
-31.302
 21
23.59
 31
0.0
  0
LINE
  5
D7
330
1F
100
AcDbEntity
  8
AM_9
100
AcDbLine
 10
-31.242
 20
29.594
 30
0.0
 11
-31.242
 21
23.59
 31
0.0
  0
LINE
  5
D8
330
1F
100
AcDbEntity
  8
AM_9
100
AcDbLine
 10
-28.712
 20
29.594
 30
0.0
 11
-28.712
 21
23.59
 31
0.0
  0
LINE
  5
D9
330
1F
100
AcDbEntity
  8
AM_9
100
AcDbLine
 10
-31.302
 20
23.59
 30
0.0
 11
-28.712
 21
23.59
 31
0.0
  0
LINE
  5
DA
330
1F
100
AcDbEntity
  8
AM_9
100
AcDbLine
 10
-28.772
 20
29.594
 30
0.0
 11
-28.772
 21
23.59
 31
0.0
  0
LINE
  5
DB
330
1F
100
AcDbEntity
  8
AM_9
100
AcDbLine
 10
-31.302
 20
-29.594
 30
0.0
 11
-31.302
 21
-23.59
 31
0.0
  0
LINE
  5
DC
330
1F
100
AcDbEntity
  8
AM_9
100
AcDbLine
 10
-31.242
 20
-29.594
 30
0.0
 11
-31.242
 21
-23.59
 31
0.0
  0
LINE
  5
DD
330
1F
100
AcDbEntity
  8
AM_9
100
AcDbLine
 10
-28.772
 20
-29.594
 30
0.0
 11
-28.772
 21
-23.59
 31
0.0
  0
LINE
  5
DE
330
1F
100
AcDbEntity
  8
AM_9
100
AcDbLine
 10
-28.712
 20
-29.594
 30
0.0
 11
-28.712
 21
-23.59
 31
0.0
  0
LINE
  5
DF
330
1F
100
AcDbEntity
  8
AM_9
100
AcDbLine
 10
-31.302
 20
-23.59
 30
0.0
 11
-28.712
 21
-23.59
 31
0.0
  0
LINE
  5
E0
330
1F
100
AcDbEntity
  8
AM_9
100
AcDbLine
 10
13.152
 20
26.188
 30
0.0
 11
7.401999999999999
 21
26.188
 31
0.0
  0
LINE
  5
E1
330
1F
100
AcDbEntity
  8
AM_9
100
AcDbLine
 10
-7.402
 20
26.188
 30
0.0
 11
-13.152
 21
26.188
 31
0.0
  0
LINE
  5
E2
330
1F
100
AcDbEntity
  8
AM_9
100
AcDbLine
 10
-13.152
 20
30.16
 30
0.0
 11
-13.152
 21
-30.16
 31
0.0
  0
LINE
  5
E3
330
1F
100
AcDbEntity
  8
AM_9
100
AcDbLine
 10
-7.402
 20
30.16
 30
0.0
 11
-7.402
 21
-30.16
 31
0.0
  0
LINE
  5
E4
330
1F
100
AcDbEntity
  8
AM_9
100
AcDbLine
 10
-7.402
 20
-26.188
 30
0.0
 11
-13.152
 21
-26.188
 31
0.0
  0
LINE
  5
E5
330
1F
100
AcDbEntity
  8
AM_9
100
AcDbLine
 10
13.152
 20
-26.188
 30
0.0
 11
7.401999999999999
 21
-26.188
 31
0.0
  0
LINE
  5
E7
330
1F
100
AcDbEntity
  8
AM_0
100
AcDbLine
 10
-46.898
 20
30.181
 30
0.0
 11
-46.898
 21
-30.181
 31
0.0
  0
LINE
  5
E8
330
1F
100
AcDbEntity
  8
AM_0
100
AcDbLine
 10
-10.079
 20
30.181
 30
0.0
 11
-46.898
 21
30.181
 31
0.0
  0
LINE
  5
E9
330
1F
100
AcDbEntity
  8
AM_9
100
AcDbLine
 10
44.08700000000001
 20
30.181
 30
0.0
 11
-10.079
 21
30.181
 31
0.0
  0
LINE
  5
EA
330
1F
100
AcDbEntity
  8
AM_0
100
AcDbLine
 10
46.898
 20
30.181
 30
0.0
 11
44.08700000000001
 21
30.181
 31
0.0
  0
LINE
  5
EB
330
1F
100
AcDbEntity
  8
AM_0
100
AcDbLine
 10
42.91800000000001
 20
-30.181
 30
0.0
 11
46.898
 21
-30.181
 31
0.0
  0
LINE
  5
EC
330
1F
100
AcDbEntity
  8
AM_9
100
AcDbLine
 10
31.20600000000001
 20
-30.181
 30
0.0
 11
42.91800000000001
 21
-30.181
 31
0.0
  0
LINE
  5
ED
330
1F
100
AcDbEntity
  8
AM_0
100
AcDbLine
 10
26.02800000000001
 20
-30.181
 30
0.0
 11
31.20600000000001
 21
-30.181
 31
0.0
  0
LINE
  5
EE
330
1F
100
AcDbEntity
  8
AM_9
100
AcDbLine
 10
-8.471999999999996
 20
-30.181
 30
0.0
 11
26.02800000000001
 21
-30.181
 31
0.0
  0
LINE
  5
EF
330
1F
100
AcDbEntity
  8
AM_0
100
AcDbLine
 10
-46.898
 20
-30.181
 30
0.0
 11
-8.471999999999996
 21
-30.181
 31
0.0
  0
LINE
  5
F0
330
1F
100
AcDbEntity
  8
AM_0
100
AcDbLine
 10
46.898
 20
-30.181
 30
0.0
 11
46.898
 21
30.181
 31
0.0
  0
LINE
  5
F1
330
1F
100
AcDbEntity
  8
AM_9
100
AcDbLine
 10
13.152
 20
6.007999999999999
 30
0.0
 11
7.401999999999999
 21
6.007999999999999
 31
0.0
  0
LINE
  5
F2
330
1F
100
AcDbEntity
  8
AM_9
100
AcDbLine
 10
13.152
 20
-14.008
 30
0.0
 11
7.401999999999999
 21
-14.008
 31
0.0
  0
LINE
  5
F3
330
1F
100
AcDbEntity
  8
AM_9
100
AcDbLine
 10
-13.152
 20
-6.007999999999999
 30
0.0
 11
-7.402
 21
-6.007999999999999
 31
0.0
  0
LINE
  5
F4
330
1F
100
AcDbEntity
  8
AM_9
100
AcDbLine
 10
-7.402
 20
-14.008
 30
0.0
 11
-13.152
 21
-14.008
 31
0.0
  0
LINE
  5
F5
330
1F
100
AcDbEntity
  8
AM_9
100
AcDbLine
 10
-13.152
 20
14.008
 30
0.0
 11
-7.402
 21
14.008
 31
0.0
  0
LINE
  5
F6
330
1F
100
AcDbEntity
  8
AM_9
100
AcDbLine
 10
-7.402
 20
6.008
 30
0.0
 11
-13.152
 21
6.008
 31
0.0
  0
LINE
  5
F7
330
1F
100
AcDbEntity
  8
AM_9
100
AcDbLine
 10
7.401999999999999
 20
-6.007999999999999
 30
0.0
 11
13.152
 21
-6.007999999999999
 31
0.0
  0
LINE
  5
F8
330
1F
100
AcDbEntity
  8
AM_9
100
AcDbLine
 10
7.401999999999999
 20
30.16
 30
0.0
 11
7.401999999999999
 21
-30.16
 31
0.0
  0
LINE
  5
F9
330
1F
100
AcDbEntity
  8
AM_9
100
AcDbLine
 10
13.152
 20
30.16
 30
0.0
 11
13.152
 21
-30.16
 31
0.0
  0
LINE
  5
FA
330
1F
100
AcDbEntity
  8
AM_9
100
AcDbLine
 10
13.152
 20
14.008
 30
0.0
 11
7.401999999999999
 21
14.008
 31
0.0
  0
LINE
  5
FB
330
1F
100
AcDbEntity
  8
AM_9
100
AcDbLine
 10
-28.807
 20
26.625
 30
0.0
 11
-28.807
 21
-26.625
 31
0.0
  0
LINE
  5
FC
330
1F
100
AcDbEntity
  8
AM_9
100
AcDbLine
 10
-31.207
 20
26.625
 30
0.0
 11
-31.207
 21
-26.625
 31
0.0
  0
LINE
  5
FD
330
1F
100
AcDbEntity
  8
AM_9
100
AcDbLine
 10
3.997999999999996
 20
24.01
 30
0.0
 11
3.998
 21
11.26
 31
0.0
  0
LINE
  5
FE
330
1F
100
AcDbEntity
  8
AM_9
100
AcDbLine
 10
26.202
 20
3.7
 30
0.0
 11
26.202
 21
-24.612
 31
0.0
  0
LINE
  5
FF
330
1F
100
AcDbEntity
  8
AM_9
100
AcDbLine
 10
3.998
 20
11.26
 30
0.0
 11
40.12299999999999
 21
11.26
 31
0.0
  0
LINE
  5
100
330
1F
100
AcDbEntity
  8
AM_9
100
AcDbLine
 10
40.12299999999999
 20
24.01
 30
0.0
 11
3.997999999999996
 21
24.01
 31
0.0
  0
LINE
  5
101
330
1F
100
AcDbEntity
  8
AM_9
100
AcDbLine
 10
40.12299999999999
 20
11.26
 30
0.0
 11
40.12299999999999
 21
24.01
 31
0.0
  0
LINE
  5
102
330
1F
100
AcDbEntity
  8
AM_9
100
AcDbLine
 10
26.202
 20
-24.612
 30
0.0
 11
40.202
 21
-24.612
 31
0.0
  0
LINE
  5
103
330
1F
100
AcDbEntity
  8
AM_9
100
AcDbLine
 10
40.202
 20
3.699999999999998
 30
0.0
 11
26.202
 21
3.7
 31
0.0
  0
LINE
  5
104
330
1F
100
AcDbEntity
  8
AM_9
100
AcDbLine
 10
40.202
 20
-24.612
 30
0.0
 11
40.202
 21
3.699999999999998
 31
0.0
  0
LINE
  5
105
330
1F
100
AcDbEntity
  8
AM_9
100
AcDbLine
 10
-28.867
 20
26.625
 30
0.0
 11
-28.867
 21
-26.625
 31
0.0
  0
LINE
  5
106
330
1F
100
AcDbEntity
  8
AM_9
100
AcDbLine
 10
-32.027
 20
-26.625
 30
0.0
 11
-27.987
 21
-26.625
 31
0.0
  0
LINE
  5
107
330
1F
100
AcDbEntity
  8
AM_9
100
AcDbLine
 10
-27.987
 20
26.625
 30
0.0
 11
-27.987
 21
-26.625
 31
0.0
  0
LINE
  5
108
330
1F
100
AcDbEntity
  8
AM_9
100
AcDbLine
 10
-28.747
 20
26.625
 30
0.0
 11
-28.747
 21
-26.625
 31
0.0
  0
LINE
  5
109
330
1F
100
AcDbEntity
  8
AM_9
100
AcDbLine
 10
-32.027
 20
26.625
 30
0.0
 11
-32.027
 21
-26.625
 31
0.0
  0
LINE
  5
10A
330
1F
100
AcDbEntity
  8
AM_9
100
AcDbLine
 10
-32.027
 20
26.625
 30
0.0
 11
-27.987
 21
26.625
 31
0.0
  0
LINE
  5
10B
330
1F
100
AcDbEntity
  8
AM_9
100
AcDbLine
 10
-31.14699999999999
 20
26.625
 30
0.0
 11
-31.14699999999999
 21
-26.625
 31
0.0
  0
LINE
  5
10C
330
1F
100
AcDbEntity
  8
AM_9
100
AcDbLine
 10
-31.267
 20
26.625
 30
0.0
 11
-31.267
 21
-26.625
 31
0.0
  0
LINE
  5
10D
330
1F
100
AcDbEntity
  8
AM_9
100
AcDbLine
 10
44.643
 20
-27.825
 30
0.0
 11
-13.068
 21
-27.825
 31
0.0
  0
LINE
  5
10E
330
1F
100
AcDbEntity
  8
AM_9
100
AcDbLine
 10
46.44799999999999
 20
-29.594
 30
0.0
 11
46.44799999999999
 21
29.594
 31
0.0
  0
LINE
  5
10F
330
1F
100
AcDbEntity
  8
AM_9
100
AcDbLine
 10
46.44799999999999
 20
29.594
 30
0.0
 11
-45.87799999999999
 21
29.594
 31
0.0
  0
LINE
  5
110
330
1F
100
AcDbEntity
  8
AM_9
100
AcDbLine
 10
44.643
 20
27.825
 30
0.0
 11
44.643
 21
-27.825
 31
0.0
  0
LINE
  5
111
330
1F
100
AcDbEntity
  8
AM_9
100
AcDbLine
 10
-45.87799999999999
 20
29.594
 30
0.0
 11
-45.878
 21
-29.594
 31
0.0
  0
LINE
  5
112
330
1F
100
AcDbEntity
  8
AM_9
100
AcDbLine
 10
-45.878
 20
-29.594
 30
0.0
 11
46.44799999999999
 21
-29.594
 31
0.0
  0
LINE
  5
113
330
1F
100
AcDbEntity
  8
AM_9
100
AcDbLine
 10
-13.068
 20
-27.825
 30
0.0
 11
-13.068
 21
27.825
 31
0.0
  0
LINE
  5
114
330
1F
100
AcDbEntity
  8
AM_9
100
AcDbLine
 10
-13.068
 20
27.825
 30
0.0
 11
44.643
 21
27.825
 31
0.0
  0
LINE
  5
115
330
1F
100
AcDbEntity
  8
AM_9
100
AcDbLine
 10
-32.027
 20
-10.625
 30
0.0
 11
-27.987
 21
-10.625
 31
0.0
  0
LINE
  5
116
330
1F
100
AcDbEntity
  8
AM_9
100
AcDbLine
 10
-32.027
 20
10.625
 30
0.0
 11
-27.987
 21
10.625
 31
0.0
  0
LINE
  5
117
330
1F
100
AcDbEntity
  8
AM_9
100
AcDbLine
 10
-18.378
 20
-4.973319961263976
 30
0.0
 11
-18.378
 21
4.973319961263979
 31
0.0
  0
ARC
  5
118
330
1F
100
AcDbEntity
  8
AM_9
100
AcDbCircle
 10
-39.38200000000007
 20
15.38875584922452
 30
0.0
 40
2.753999999999928
100
AcDbArc
 50
134.9999999999995
 51
180.0000000000008
  0
ARC
  5
119
330
1F
100
AcDbEntity
  8
AM_9
100
AcDbCircle
 10
-21.13200000000061
 20
-4.973319961263962
 30
0.0
 40
2.754000000000609
100
AcDbArc
 50
349.0000000000021
 51
359.9999999999997
  0
LINE
  5
11A
330
1F
100
AcDbEntity
  8
AM_9
100
AcDbLine
 10
-23.77580158056727
 20
21.3285
 30
0.0
 11
-36.19625584922449
 21
21.3285
 31
0.0
  0
ARC
  5
11B
330
1F
100
AcDbEntity
  8
AM_9
100
AcDbCircle
 10
-36.19625584922449
 20
-18.57450000000001
 30
0.0
 40
2.753999999999986
100
AcDbArc
 50
224.9999999999998
 51
270.0000000000001
  0
LINE
  5
11C
330
1F
100
AcDbEntity
  8
AM_9
100
AcDbLine
 10
-42.136
 20
15.38875584922448
 30
0.0
 11
-42.136
 21
-15.38875584922448
 31
0.0
  0
LINE
  5
11D
330
1F
100
AcDbEntity
  8
AM_9
100
AcDbLine
 10
-21.07240031735241
 20
-19.09998797326701
 30
0.0
 11
-18.42859873678513
 21
-5.498807934530987
 31
0.0
  0
ARC
  5
11E
330
1F
100
AcDbEntity
  8
AM_9
100
AcDbCircle
 10
-36.19625584922449
 20
18.57450000000001
 30
0.0
 40
2.753999999999984
100
AcDbArc
 50
89.99999999999986
 51
135.0000000000002
  0
ARC
  5
11F
330
1F
100
AcDbEntity
  8
AM_9
100
AcDbCircle
 10
-39.38200000000004
 20
-15.38875584922451
 30
0.0
 40
2.753999999999955
100
AcDbArc
 50
179.9999999999994
 51
225.0000000000002
  0
LINE
  5
120
330
1F
100
AcDbEntity
  8
AM_9
100
AcDbLine
 10
-36.19625584922449
 20
-21.3285
 30
0.0
 11
-23.77580158056727
 21
-21.3285
 31
0.0
  0
ARC
  5
121
330
1F
100
AcDbEntity
  8
AM_9
100
AcDbCircle
 10
-23.77580158056728
 20
-18.57449999999999
 30
0.0
 40
2.754000000000005
100
AcDbArc
 50
270.0000000000002
 51
348.9999999999999
  0
ARC
  5
122
330
1F
100
AcDbEntity
  8
AM_9
100
AcDbCircle
 10
-21.13200000000054
 20
4.973319961263927
 30
0.0
 40
2.754000000000538
100
AcDbArc
 50
0.0000000000010717
 51
10.99999999999892
  0
LINE
  5
123
330
1F
100
AcDbEntity
  8
AM_9
100
AcDbLine
 10
-38.14362792461224
 20
20.52187207538775
 30
0.0
 11
-41.32937207538775
 21
17.33612792461224
 31
0.0
  0
LINE
  5
124
330
1F
100
AcDbEntity
  8
AM_9
100
AcDbLine
 10
-41.32937207538775
 20
-17.33612792461224
 30
0.0
 11
-38.14362792461224
 21
-20.52187207538775
 31
0.0
  0
LINE
  5
125
330
1F
100
AcDbEntity
  8
AM_9
100
AcDbLine
 10
-18.42859873678513
 20
5.498807934530983
 30
0.0
 11
-21.07240031735241
 21
19.09998797326701
 31
0.0
  0
ARC
  5
126
330
1F
100
AcDbEntity
  8
AM_9
100
AcDbCircle
 10
-23.77580158056728
 20
18.57449999999999
 30
0.0
 40
2.754000000000007
100
AcDbArc
 50
11.00000000000021
 51
89.99999999999986
  0
LINE
  5
127
330
1F
100
AcDbEntity
  8
AM_9
100
AcDbLine
 10
-16.626
 20
-21.207
 30
0.0
 11
-16.626
 21
-23.468
 31
0.0
  0
ARC
  5
128
330
1F
100
AcDbEntity
  8
AM_9
100
AcDbCircle
 10
-15.165
 20
-23.46799999999999
 30
0.0
 40
1.461
100
AcDbArc
 50
180.0000000000002
 51
359.9999999999998
  0
ARC
  5
129
330
1F
100
AcDbEntity
  8
AM_9
100
AcDbCircle
 10
-15.165
 20
-21.207
 30
0.0
 40
1.461
100
AcDbArc
 50
0.0000000000001393
 51
179.9999999999998
  0
LINE
  5
12A
330
1F
100
AcDbEntity
  8
AM_9
100
AcDbLine
 10
-13.704
 20
-23.468
 30
0.0
 11
-13.704
 21
-21.207
 31
0.0
  0
CIRCLE
  5
12B
330
1F
100
AcDbEntity
  8
AM_9
100
AcDbCircle
 10
-15.17
 20
-20.63
 30
0.0
 40
0.1099999999999996
  0
CIRCLE
  5
12C
330
1F
100
AcDbEntity
  8
AM_9
100
AcDbCircle
 10
-14.99
 20
-23.5
 30
0.0
 40
0.1099999999999996
  0
LINE
  5
12D
330
1F
100
AcDbEntity
  8
AM_9
100
AcDbLine
 10
-15.854
 20
-14.61699999999999
 30
0.0
 11
-15.0
 21
-14.617
 31
0.0
  0
LINE
  5
12E
330
1F
100
AcDbEntity
  8
AM_9
100
AcDbLine
 10
-15.854
 20
14.987
 30
0.0
 11
-15.854
 21
-14.61699999999999
 31
0.0
  0
LINE
  5
12F
330
1F
100
AcDbEntity
  8
AM_9
100
AcDbLine
 10
-15.0
 20
14.98699999999999
 30
0.0
 11
-15.854
 21
14.987
 31
0.0
  0
LINE
  5
130
330
1F
100
AcDbEntity
  8
AM_9
100
AcDbLine
 10
-15.0
 20
-14.617
 30
0.0
 11
-15.0
 21
14.98699999999999
 31
0.0
  0
CIRCLE
  5
131
330
1F
100
AcDbEntity
  8
AM_9
100
AcDbCircle
 10
-15.97
 20
-21.52
 30
0.0
 40
0.1099999999999996
  0
ARC
  5
132
330
1F
100
AcDbEntity
  8
AM_9
100
AcDbCircle
 10
-24.45890487019156
 20
14.75000000000001
 30
0.0
 40
2.753999999999993
100
AcDbArc
 50
10.99999999999988
 51
90.00000000000009
  0
ARC
  5
133
330
1F
100
AcDbEntity
  8
AM_9
100
AcDbCircle
 10
-38.00700000000002
 20
-11.56425584922451
 30
0.0
 40
2.753999999999984
100
AcDbArc
 50
179.9999999999998
 51
225.0000000000002
  0
LINE
  5
134
330
1F
100
AcDbEntity
  8
AM_9
100
AcDbLine
 10
-39.95437207538775
 20
-13.51162792461226
 30
0.0
 11
-36.76862792461225
 21
-16.69737207538775
 31
0.0
  0
ARC
  5
135
330
1F
100
AcDbEntity
  8
AM_9
100
AcDbCircle
 10
-34.82125584922451
 20
-14.75000000000004
 30
0.0
 40
2.753999999999961
100
AcDbArc
 50
224.9999999999995
 51
270.0000000000001
  0
LINE
  5
136
330
1F
100
AcDbEntity
  8
AM_9
100
AcDbLine
 10
-40.761
 20
11.5642558492245
 30
0.0
 11
-40.761
 21
-11.5642558492245
 31
0.0
  0
ARC
  5
137
330
1F
100
AcDbEntity
  8
AM_9
100
AcDbCircle
 10
-24.45890487019156
 20
-14.75
 30
0.0
 40
2.753999999999998
100
AcDbArc
 50
269.9999999999999
 51
348.9999999999999
  0
ARC
  5
138
330
1F
100
AcDbEntity
  8
AM_9
100
AcDbCircle
 10
-34.82125584922451
 20
14.75000000000004
 30
0.0
 40
2.753999999999964
100
AcDbArc
 50
89.99999999999986
 51
135.0000000000005
  0
ARC
  5
139
330
1F
100
AcDbEntity
  8
AM_9
100
AcDbCircle
 10
-38.00700000000011
 20
11.56425584922454
 30
0.0
 40
2.75399999999989
100
AcDbArc
 50
134.999999999999
 51
180.000000000001
  0
LINE
  5
13A
330
1F
100
AcDbEntity
  8
AM_9
100
AcDbLine
 10
-21.75550360697669
 20
-15.27548797326701
 30
0.0
 11
-19.80359873678513
 21
-5.233807934530981
 31
0.0
  0
LINE
  5
13B
330
1F
100
AcDbEntity
  8
AM_9
100
AcDbLine
 10
-24.45890487019156
 20
17.504
 30
0.0
 11
-34.8212558492245
 21
17.504
 31
0.0
  0
LINE
  5
13C
330
1F
100
AcDbEntity
  8
AM_9
100
AcDbLine
 10
-36.76862792461225
 20
16.69737207538775
 30
0.0
 11
-39.95437207538775
 21
13.51162792461225
 31
0.0
  0
ARC
  5
13D
330
1F
100
AcDbEntity
  8
AM_9
100
AcDbCircle
 10
-22.50700000000054
 20
4.708319961263925
 30
0.0
 40
2.754000000000538
100
AcDbArc
 50
0.0000000000010717
 51
10.99999999999892
  0
LINE
  5
13E
330
1F
100
AcDbEntity
  8
AM_9
100
AcDbLine
 10
-19.753
 20
-4.708319961263975
 30
0.0
 11
-19.753
 21
4.708319961263976
 31
0.0
  0
ARC
  5
13F
330
1F
100
AcDbEntity
  8
AM_9
100
AcDbCircle
 10
-22.5070000000006
 20
-4.708319961263958
 30
0.0
 40
2.754000000000598
100
AcDbArc
 50
349.0000000000019
 51
359.9999999999997
  0
LINE
  5
140
330
1F
100
AcDbEntity
  8
AM_9
100
AcDbLine
 10
-34.8212558492245
 20
-17.504
 30
0.0
 11
-24.45890487019156
 21
-17.504
 31
0.0
  0
LINE
  5
141
330
1F
100
AcDbEntity
  8
AM_9
100
AcDbLine
 10
-19.80359873678513
 20
5.233807934530981
 30
0.0
 11
-21.7555036069767
 21
15.27548797326701
 31
0.0
  0
LINE
  5
142
330
1F
100
AcDbEntity
  8
AM_9
100
AcDbLine
 10
-31.13259605246071
 20
-7.931
 30
0.0
 11
-31.13259605246071
 21
-5.865197952290411
 31
0.0
  0
LINE
  5
143
330
1F
100
AcDbEntity
  8
AM_9
100
AcDbLine
 10
-31.13259605246071
 20
5.865197952290409
 30
0.0
 11
-31.13259605246071
 21
7.931
 31
0.0
  0
LINE
  5
144
330
1F
100
AcDbEntity
  8
AM_9
100
AcDbLine
 10
-31.13259605246071
 20
9.837
 30
0.0
 11
-31.13259605246071
 21
10.625
 31
0.0
  0
LINE
  5
145
330
1F
100
AcDbEntity
  8
AM_9
100
AcDbLine
 10
-31.13259605246071
 20
-10.625
 30
0.0
 11
-31.13259605246071
 21
-9.837
 31
0.0
  0
LINE
  5
146
330
1F
100
AcDbEntity
  8
AM_9
100
AcDbLine
 10
-28.88140394753929
 20
7.931
 30
0.0
 11
-28.88140394753929
 21
0.9530000000000005
 31
0.0
  0
LINE
  5
147
330
1F
100
AcDbEntity
  8
AM_9
100
AcDbLine
 10
-28.88140394753929
 20
-0.953
 30
0.0
 11
-28.88140394753929
 21
-7.931
 31
0.0
  0
LINE
  5
148
330
1F
100
AcDbEntity
  8
AM_9
100
AcDbLine
 10
-28.88140394753929
 20
-9.837
 30
0.0
 11
-28.88140394753929
 21
-10.625
 31
0.0
  0
LINE
  5
149
330
1F
100
AcDbEntity
  8
AM_9
100
AcDbLine
 10
-28.88140394753929
 20
10.625
 30
0.0
 11
-28.88140394753929
 21
9.837
 31
0.0
  0
LINE
  5
14A
330
1F
100
AcDbEntity
  8
AM_9
100
AcDbLine
 10
-31.087
 20
26.625
 30
0.0
 11
-31.087
 21
-26.625
 31
0.0
  0
LINE
  5
14B
330
1F
100
AcDbEntity
  8
AM_9
100
AcDbLine
 10
-28.927
 20
26.625
 30
0.0
 11
-28.927
 21
-26.625
 31
0.0
  0
ARC
  5
14C
330
1F
100
AcDbEntity
  8
AM_9
100
AcDbCircle
 10
6.994999999999999
 20
14.257
 30
0.0
 40
2.996999999999999
100
AcDbArc
 50
180.0
 51
269.9999999999999
  0
ARC
  5
14D
330
1F
100
AcDbEntity
  8
AM_9
100
AcDbCircle
 10
37.205
 20
0.7030000000000012
 30
0.0
 40
2.997
100
AcDbArc
 50
359.9999999999999
 51
90.0
  0
ARC
  5
14E
330
1F
100
AcDbEntity
  8
AM_9
100
AcDbCircle
 10
29.19900000000001
 20
-21.615
 30
0.0
 40
2.997000000000007
100
AcDbArc
 50
179.9999999999999
 51
269.9999999999999
  0
ARC
  5
14F
330
1F
100
AcDbEntity
  8
AM_9
100
AcDbCircle
 10
29.19900000000002
 20
0.702999999999983
 30
0.0
 40
2.997000000000017
100
AcDbArc
 50
90.00000000000028
 51
179.9999999999997
  0
ARC
  5
150
330
1F
100
AcDbEntity
  8
AM_9
100
AcDbCircle
 10
37.205
 20
-21.61500000000001
 30
0.0
 40
2.996999999999993
100
AcDbArc
 50
270.0
 51
0.0000000000002038
  0
ARC
  5
151
330
1F
100
AcDbEntity
  8
AM_9
100
AcDbCircle
 10
6.994999999999997
 20
21.01300000000001
 30
0.0
 40
2.996999999999996
100
AcDbArc
 50
89.99999999999996
 51
180.0
  0
ARC
  5
152
330
1F
100
AcDbEntity
  8
AM_9
100
AcDbCircle
 10
37.12599999999998
 20
14.25700000000001
 30
0.0
 40
2.997000000000012
100
AcDbArc
 50
270.0000000000006
 51
359.9999999999998
  0
ARC
  5
153
330
1F
100
AcDbEntity
  8
AM_9
100
AcDbCircle
 10
37.126
 20
21.01300000000001
 30
0.0
 40
2.996999999999986
100
AcDbArc
 50
359.9999999999998
 51
90.00000000000016
  0
LINE
  5
154
330
1F
100
AcDbEntity
  8
AM_9
100
AcDbLine
 10
-46.4945
 20
27.896
 30
0.0
 11
-46.4945
 21
27.21
 31
0.0
  0
LINE
  5
155
330
1F
100
AcDbEntity
  8
AM_9
100
AcDbLine
 10
-11.74
 20
29.7635
 30
0.0
 11
-43.893
 21
29.7635
 31
0.0
  0
LINE
  5
156
330
1F
100
AcDbEntity
  8
AM_9
100
AcDbLine
 10
-44.64700000000001
 20
29.7635
 30
0.0
 11
-46.4945
 21
29.7635
 31
0.0
  0
LINE
  5
157
330
1F
100
AcDbEntity
  8
AM_9
100
AcDbLine
 10
-46.4945
 20
29.7635
 30
0.0
 11
-46.4945
 21
27.93000000000001
 31
0.0
  0
CIRCLE
  5
158
330
1F
100
AcDbEntity
  8
AM_9
100
AcDbCircle
 10
27.217
 20
6.252
 30
0.0
 40
0.8125
  0
LINE
  5
159
330
1F
100
AcDbEntity
  8
AM_9
100
AcDbLine
 10
-43.92700000000001
 20
29.7635
 30
0.0
 11
-44.61300000000001
 21
29.7635
 31
0.0
  0
LINE
  5
15A
330
1F
100
AcDbEntity
  8
AM_9
100
AcDbLine
 10
-46.4945
 20
27.176
 30
0.0
 11
-46.4945
 21
-27.176
 31
0.0
  0
LINE
  5
15B
330
1F
100
AcDbEntity
  8
AM_9
100
AcDbLine
 10
-43.893
 20
-29.7635
 30
0.0
 11
-11.74000000000001
 21
-29.7635
 31
0.0
  0
LINE
  5
15C
330
1F
100
AcDbEntity
  8
AM_9
100
AcDbLine
 10
-46.4945
 20
-27.93000000000001
 30
0.0
 11
-46.4945
 21
-29.7635
 31
0.0
  0
LINE
  5
15D
330
1F
100
AcDbEntity
  8
AM_9
100
AcDbLine
 10
-46.4945
 20
-29.7635
 30
0.0
 11
-44.64700000000001
 21
-29.7635
 31
0.0
  0
LINE
  5
15E
330
1F
100
AcDbEntity
  8
AM_9
100
AcDbLine
 10
-44.61300000000001
 20
-29.7635
 30
0.0
 11
-43.92700000000001
 21
-29.7635
 31
0.0
  0
LINE
  5
15F
330
1F
100
AcDbEntity
  8
AM_9
100
AcDbLine
 10
-46.4945
 20
-27.21
 30
0.0
 11
-46.4945
 21
-27.896
 31
0.0
  0
LINE
  5
160
330
1F
100
AcDbEntity
  8
AM_9
100
AcDbLine
 10
-36.94900000000001
 20
9.837
 30
0.0
 11
-37.699
 21
9.837
 31
0.0
  0
LINE
  5
161
330
1F
100
AcDbEntity
  8
AM_9
100
AcDbLine
 10
-25.52699999999999
 20
5.750000000000001
 30
0.0
 11
-25.527
 21
1.530999999999999
 31
0.0
  0
ARC
  5
162
330
1F
100
AcDbEntity
  8
AM_9
100
AcDbCircle
 10
-26.10499999999999
 20
1.530999999999994
 30
0.0
 40
0.5779999999999937
100
AcDbArc
 50
269.9999999999993
 51
0.0000000000004622
  0
LINE
  5
163
330
1F
100
AcDbEntity
  8
AM_9
100
AcDbLine
 10
-33.027
 20
-8.509
 30
0.0
 11
-33.027
 21
-9.259
 31
0.0
  0
LINE
  5
164
330
1F
100
AcDbEntity
  8
AM_9
100
AcDbLine
 10
-38.277
 20
-8.509
 30
0.0
 11
-38.277
 21
-9.259
 31
0.0
  0
ARC
  5
165
330
1F
100
AcDbEntity
  8
AM_9
100
AcDbCircle
 10
-24.94899999999999
 20
5.749999999999994
 30
0.0
 40
0.5780000000000056
100
AcDbArc
 50
90.00000000000072
 51
179.9999999999993
  0
ARC
  5
166
330
1F
100
AcDbEntity
  8
AM_9
100
AcDbCircle
 10
-37.69899999999998
 20
-9.258999999999984
 30
0.0
 40
0.5780000000000172
100
AcDbArc
 50
180.0000000000016
 51
269.9999999999986
  0
ARC
  5
167
330
1F
100
AcDbEntity
  8
AM_9
100
AcDbCircle
 10
-32.44899999999998
 20
-9.258999999999984
 30
0.0
 40
0.5780000000000172
100
AcDbArc
 50
180.0000000000016
 51
269.9999999999986
  0
LINE
  5
168
330
1F
100
AcDbEntity
  8
AM_9
100
AcDbLine
 10
-24.199
 20
-7.930999999999999
 30
0.0
 11
-32.449
 21
-7.931
 31
0.0
  0
ARC
  5
169
330
1F
100
AcDbEntity
  8
AM_9
100
AcDbCircle
 10
-32.44899999999998
 20
-8.509000000000016
 30
0.0
 40
0.5780000000000163
100
AcDbArc
 50
90.00000000000142
 51
179.9999999999984
  0
ARC
  5
16A
330
1F
100
AcDbEntity
  8
AM_9
100
AcDbCircle
 10
-24.19899999999999
 20
-8.508999999999997
 30
0.0
 40
0.5779999999999959
100
AcDbArc
 50
359.9999999999997
 51
90.00000000000036
  0
LINE
  5
16B
330
1F
100
AcDbEntity
  8
AM_9
100
AcDbLine
 10
-23.62100000000001
 20
-9.259
 30
0.0
 11
-23.621
 21
-8.509
 31
0.0
  0
ARC
  5
16C
330
1F
100
AcDbEntity
  8
AM_9
100
AcDbCircle
 10
-24.19899999999999
 20
-9.259000000000007
 30
0.0
 40
0.5779999999999923
100
AcDbArc
 50
269.9999999999997
 51
0.0000000000007043
  0
LINE
  5
16D
330
1F
100
AcDbEntity
  8
AM_9
100
AcDbLine
 10
-32.449
 20
-9.837000000000003
 30
0.0
 11
-24.199
 21
-9.837
 31
0.0
  0
ARC
  5
16E
330
1F
100
AcDbEntity
  8
AM_9
100
AcDbCircle
 10
-37.69899999999998
 20
-8.509000000000016
 30
0.0
 40
0.5780000000000163
100
AcDbArc
 50
90.00000000000142
 51
179.9999999999984
  0
ARC
  5
16F
330
1F
100
AcDbEntity
  8
AM_9
100
AcDbCircle
 10
-36.94900000000002
 20
-9.258999999999984
 30
0.0
 40
0.5780000000000154
100
AcDbArc
 50
270.0000000000014
 51
359.9999999999985
  0
LINE
  5
170
330
1F
100
AcDbEntity
  8
AM_9
100
AcDbLine
 10
-33.027
 20
9.259
 30
0.0
 11
-33.027
 21
8.509
 31
0.0
  0
LINE
  5
171
330
1F
100
AcDbEntity
  8
AM_9
100
AcDbLine
 10
-24.199
 20
9.836999999999998
 30
0.0
 11
-32.449
 21
9.837
 31
0.0
  0
ARC
  5
172
330
1F
100
AcDbEntity
  8
AM_9
100
AcDbCircle
 10
-24.19899999999999
 20
9.259000000000004
 30
0.0
 40
0.5779999999999959
100
AcDbArc
 50
359.9999999999997
 51
90.00000000000036
  0
ARC
  5
173
330
1F
100
AcDbEntity
  8
AM_9
100
AcDbCircle
 10
-24.199
 20
8.508999999999995
 30
0.0
 40
0.577999999999995
100
AcDbArc
 50
270.0000000000003
 51
0.0000000000005283
  0
LINE
  5
174
330
1F
100
AcDbEntity
  8
AM_9
100
AcDbLine
 10
-32.449
 20
7.931
 30
0.0
 11
-24.199
 21
7.931
 31
0.0
  0
ARC
  5
175
330
1F
100
AcDbEntity
  8
AM_9
100
AcDbCircle
 10
-32.44899999999998
 20
9.258999999999984
 30
0.0
 40
0.5780000000000154
100
AcDbArc
 50
90.00000000000142
 51
179.9999999999984
  0
ARC
  5
176
330
1F
100
AcDbEntity
  8
AM_9
100
AcDbCircle
 10
-32.44899999999998
 20
8.509000000000016
 30
0.0
 40
0.5780000000000172
100
AcDbArc
 50
180.0000000000016
 51
269.9999999999986
  0
LINE
  5
177
330
1F
100
AcDbEntity
  8
AM_9
100
AcDbLine
 10
-23.62100000000001
 20
8.509
 30
0.0
 11
-23.621
 21
9.259
 31
0.0
  0
LINE
  5
178
330
1F
100
AcDbEntity
  8
AM_9
100
AcDbLine
 10
-26.105
 20
0.9530000000000002
 30
0.0
 11
-30.54300000000001
 21
0.953
 31
0.0
  0
LINE
  5
179
330
1F
100
AcDbEntity
  8
AM_9
100
AcDbLine
 10
-37.699
 20
-9.837000000000002
 30
0.0
 11
-36.94900000000001
 21
-9.837
 31
0.0
  0
ARC
  5
17A
330
1F
100
AcDbEntity
  8
AM_9
100
AcDbCircle
 10
-36.94900000000002
 20
9.258999999999984
 30
0.0
 40
0.5780000000000172
100
AcDbArc
 50
0.0000000000015848
 51
89.99999999999861
  0
ARC
  5
17B
330
1F
100
AcDbEntity
  8
AM_9
100
AcDbCircle
 10
-32.44899999999998
 20
-5.749999999999982
 30
0.0
 40
0.5780000000000172
100
AcDbArc
 50
180.0000000000016
 51
269.9999999999986
  0
LINE
  5
17C
330
1F
100
AcDbEntity
  8
AM_9
100
AcDbLine
 10
-24.199
 20
6.327999999999999
 30
0.0
 11
-24.949
 21
6.327999999999999
 31
0.0
  0
LINE
  5
17D
330
1F
100
AcDbEntity
  8
AM_9
100
AcDbLine
 10
-36.371
 20
-9.259
 30
0.0
 11
-36.371
 21
-8.509
 31
0.0
  0
LINE
  5
17E
330
1F
100
AcDbEntity
  8
AM_9
100
AcDbLine
 10
-37.699
 20
7.930999999999998
 30
0.0
 11
-36.94900000000001
 21
7.931
 31
0.0
  0
ARC
  5
17F
330
1F
100
AcDbEntity
  8
AM_9
100
AcDbCircle
 10
-36.94900000000002
 20
-8.509000000000016
 30
0.0
 40
0.5780000000000172
100
AcDbArc
 50
0.0000000000015848
 51
89.99999999999861
  0
LINE
  5
180
330
1F
100
AcDbEntity
  8
AM_9
100
AcDbLine
 10
-36.371
 20
8.509
 30
0.0
 11
-36.371
 21
9.259
 31
0.0
  0
ARC
  5
181
330
1F
100
AcDbEntity
  8
AM_9
100
AcDbCircle
 10
-37.69899999999998
 20
8.509000000000016
 30
0.0
 40
0.5780000000000172
100
AcDbArc
 50
180.0000000000016
 51
269.9999999999986
  0
ARC
  5
182
330
1F
100
AcDbEntity
  8
AM_9
100
AcDbCircle
 10
-36.94900000000002
 20
8.509000000000016
 30
0.0
 40
0.5780000000000163
100
AcDbArc
 50
270.0000000000014
 51
359.9999999999985
  0
LINE
  5
183
330
1F
100
AcDbEntity
  8
AM_9
100
AcDbLine
 10
-38.277
 20
9.259
 30
0.0
 11
-38.277
 21
8.509
 31
0.0
  0
ARC
  5
184
330
1F
100
AcDbEntity
  8
AM_9
100
AcDbCircle
 10
-37.69899999999999
 20
9.258999999999988
 30
0.0
 40
0.5780000000000118
100
AcDbArc
 50
90.00000000000072
 51
179.9999999999988
  0
LINE
  5
185
330
1F
100
AcDbEntity
  8
AM_9
100
AcDbLine
 10
-36.94900000000001
 20
-7.930999999999998
 30
0.0
 11
-37.699
 21
-7.931
 31
0.0
  0
ARC
  5
186
330
1F
100
AcDbEntity
  8
AM_9
100
AcDbCircle
 10
-30.54299999999999
 20
-1.531000000000009
 30
0.0
 40
0.5780000000000126
100
AcDbArc
 50
90.00000000000142
 51
179.9999999999992
  0
ARC
  5
187
330
1F
100
AcDbEntity
  8
AM_9
100
AcDbCircle
 10
-24.199
 20
-5.750000000000005
 30
0.0
 40
0.5779999999999941
100
AcDbArc
 50
270.0000000000003
 51
0.0000000000005283
  0
LINE
  5
188
330
1F
100
AcDbEntity
  8
AM_9
100
AcDbLine
 10
-23.62100000000001
 20
-5.75
 30
0.0
 11
-23.621
 21
5.75
 31
0.0
  0
ARC
  5
189
330
1F
100
AcDbEntity
  8
AM_9
100
AcDbCircle
 10
-31.699
 20
5.750000000000001
 30
0.0
 40
0.5779999999999994
100
AcDbArc
 50
359.9999999999997
 51
90.0
  0
LINE
  5
18A
330
1F
100
AcDbEntity
  8
AM_9
100
AcDbLine
 10
-31.12100000000001
 20
1.531
 30
0.0
 11
-31.121
 21
5.749999999999997
 31
0.0
  0
ARC
  5
18B
330
1F
100
AcDbEntity
  8
AM_9
100
AcDbCircle
 10
-30.543
 20
1.531000000000009
 30
0.0
 40
0.5780000000000065
100
AcDbArc
 50
180.0000000000009
 51
269.9999999999993
  0
ARC
  5
18C
330
1F
100
AcDbEntity
  8
AM_9
100
AcDbCircle
 10
-31.69899999999999
 20
-5.750000000000004
 30
0.0
 40
0.5779999999999959
100
AcDbArc
 50
269.9999999999993
 51
0.0000000000005283
  0
LINE
  5
18D
330
1F
100
AcDbEntity
  8
AM_9
100
AcDbLine
 10
-24.949
 20
-6.328000000000001
 30
0.0
 11
-24.199
 21
-6.327999999999999
 31
0.0
  0
ARC
  5
18E
330
1F
100
AcDbEntity
  8
AM_9
100
AcDbCircle
 10
-24.949
 20
-5.750000000000004
 30
0.0
 40
0.5779999999999994
100
AcDbArc
 50
179.9999999999997
 51
270.0
  0
ARC
  5
18F
330
1F
100
AcDbEntity
  8
AM_9
100
AcDbCircle
 10
-24.19899999999999
 20
5.750000000000006
 30
0.0
 40
0.5779999999999959
100
AcDbArc
 50
359.9999999999993
 51
90.00000000000036
  0
LINE
  5
190
330
1F
100
AcDbEntity
  8
AM_9
100
AcDbLine
 10
-32.449
 20
-6.327999999999999
 30
0.0
 11
-31.699
 21
-6.327999999999999
 31
0.0
  0
LINE
  5
191
330
1F
100
AcDbEntity
  8
AM_9
100
AcDbLine
 10
-25.527
 20
-1.530999999999999
 30
0.0
 11
-25.527
 21
-5.750000000000001
 31
0.0
  0
LINE
  5
192
330
1F
100
AcDbEntity
  8
AM_9
100
AcDbLine
 10
-33.027
 20
5.749999999999998
 30
0.0
 11
-33.027
 21
-5.749999999999998
 31
0.0
  0
ARC
  5
193
330
1F
100
AcDbEntity
  8
AM_9
100
AcDbCircle
 10
-32.44899999999998
 20
5.749999999999982
 30
0.0
 40
0.5780000000000172
100
AcDbArc
 50
90.00000000000142
 51
179.9999999999984
  0
LINE
  5
194
330
1F
100
AcDbEntity
  8
AM_9
100
AcDbLine
 10
-31.699
 20
6.328000000000001
 30
0.0
 11
-32.449
 21
6.327999999999999
 31
0.0
  0
ARC
  5
195
330
1F
100
AcDbEntity
  8
AM_9
100
AcDbCircle
 10
-26.10499999999999
 20
-1.530999999999994
 30
0.0
 40
0.5779999999999923
100
AcDbArc
 50
359.9999999999995
 51
90.00000000000072
  0
LINE
  5
196
330
1F
100
AcDbEntity
  8
AM_9
100
AcDbLine
 10
-30.54300000000001
 20
-0.9529999999999964
 30
0.0
 11
-26.105
 21
-0.953
 31
0.0
  0
LINE
  5
197
330
1F
100
AcDbEntity
  8
AM_9
100
AcDbLine
 10
-31.121
 20
-5.749999999999998
 30
0.0
 11
-31.12100000000001
 21
-1.531000000000001
 31
0.0
  0
LINE
  5
198
330
1F
100
AcDbEntity
  8
AM_9
100
AcDbLine
 10
46.5285
 20
6.739000000000001
 30
0.0
 11
45.4945
 21
6.739000000000001
 31
0.0
  0
LINE
  5
199
330
1F
100
AcDbEntity
  8
AM_9
100
AcDbLine
 10
45.4945
 20
5.829
 30
0.0
 11
46.5285
 21
5.829
 31
0.0
  0
LINE
  5
19A
330
1F
100
AcDbEntity
  8
AM_9
100
AcDbLine
 10
45.4945
 20
6.739000000000001
 30
0.0
 11
45.4945
 21
5.829
 31
0.0
  0
LINE
  5
19B
330
1F
100
AcDbEntity
  8
AM_9
100
AcDbLine
 10
46.5285
 20
6.909
 30
0.0
 11
46.4535
 21
6.909
 31
0.0
  0
LINE
  5
19C
330
1F
100
AcDbEntity
  8
AM_9
100
AcDbLine
 10
46.4535
 20
5.659
 30
0.0
 11
46.5285
 21
5.659
 31
0.0
  0
LINE
  5
19D
330
1F
100
AcDbEntity
  8
AM_9
100
AcDbLine
 10
46.5285
 20
7.284
 30
0.0
 11
46.4535
 21
7.284
 31
0.0
  0
LINE
  5
19E
330
1F
100
AcDbEntity
  8
AM_9
100
AcDbLine
 10
46.4535
 20
5.284
 30
0.0
 11
46.5285
 21
5.284
 31
0.0
  0
LINE
  5
19F
330
1F
100
AcDbEntity
  8
AM_9
100
AcDbLine
 10
46.4535
 20
7.284
 30
0.0
 11
46.4535
 21
5.284
 31
0.0
  0
ARC
  5
1A0
330
1F
100
AcDbEntity
  8
AM_9
100
AcDbCircle
 10
46.56150000003325
 20
11.12399999996675
 30
0.0
 40
0.0670000000332482
100
AcDbArc
 50
90.00000002843092
 51
179.9999999715675
  0
ARC
  5
1A1
330
1F
100
AcDbEntity
  8
AM_9
100
AcDbCircle
 10
46.56149999994561
 20
3.191999999945614
 30
0.0
 40
0.0669999999456081
100
AcDbArc
 50
179.9999999534891
 51
270.0000000465139
  0
ARC
  5
1A2
330
1F
100
AcDbEntity
  8
AM_9
100
AcDbCircle
 10
46.5615
 20
11.124
 30
0.0
 40
0.0329999999999977
100
AcDbArc
 50
90.0
 51
178.2634984240568
  0
LINE
  5
1A3
330
1F
100
AcDbEntity
  8
AM_9
100
AcDbLine
 10
46.5615
 20
11.157
 30
0.0
 11
46.7445
 21
11.157
 31
0.0
  0
LINE
  5
1A4
330
1F
100
AcDbEntity
  8
AM_9
100
AcDbLine
 10
46.7445
 20
11.157
 30
0.0
 11
46.7445
 21
11.191
 31
0.0
  0
LINE
  5
1A5
330
1F
100
AcDbEntity
  8
AM_9
100
AcDbLine
 10
46.7445
 20
11.191
 30
0.0
 11
46.5615
 21
11.191
 31
0.0
  0
LINE
  5
1A6
330
1F
100
AcDbEntity
  8
AM_9
100
AcDbLine
 10
46.5615
 20
3.125000000000006
 30
0.0
 11
46.7445
 21
3.125
 31
0.0
  0
LINE
  5
1A7
330
1F
100
AcDbEntity
  8
AM_9
100
AcDbLine
 10
46.7445
 20
3.125
 30
0.0
 11
46.7445
 21
3.159
 31
0.0
  0
LINE
  5
1A8
330
1F
100
AcDbEntity
  8
AM_9
100
AcDbLine
 10
46.7445
 20
3.159
 30
0.0
 11
46.5615
 21
3.159
 31
0.0
  0
ARC
  5
1A9
330
1F
100
AcDbEntity
  8
AM_9
100
AcDbCircle
 10
46.5615
 20
3.191999999999997
 30
0.0
 40
0.0329999999999983
100
AcDbArc
 50
181.7365015759324
 51
270.0000000000123
  0
LINE
  5
1AA
330
1F
100
AcDbEntity
  8
AM_9
100
AcDbLine
 10
46.5285
 20
3.191999999999997
 30
0.0
 11
46.52851515499506
 21
3.190999999999997
 31
0.0
  0
LINE
  5
1AB
330
1F
100
AcDbEntity
  8
AM_9
100
AcDbLine
 10
46.52849999999999
 20
11.124
 30
0.0
 11
46.52849999999999
 21
3.192
 31
0.0
  0
LINE
  5
1AC
330
1F
100
AcDbEntity
  8
AM_9
100
AcDbLine
 10
46.52851515499506
 20
11.125
 30
0.0
 11
46.5285
 21
11.124
 31
0.0
  0
LINE
  5
1AD
330
1F
100
AcDbEntity
  8
AM_9
100
AcDbLine
 10
46.49450746310222
 20
3.191
 30
0.0
 11
46.7445
 21
3.191
 31
0.0
  0
LINE
  5
1AE
330
1F
100
AcDbEntity
  8
AM_9
100
AcDbLine
 10
46.7445
 20
11.125
 30
0.0
 11
46.7445
 21
3.191
 31
0.0
  0
LINE
  5
1AF
330
1F
100
AcDbEntity
  8
AM_9
100
AcDbLine
 10
46.49450746310222
 20
11.125
 30
0.0
 11
46.7445
 21
11.125
 31
0.0
  0
LINE
  5
1B0
330
1F
100
AcDbEntity
  8
AM_9
100
AcDbLine
 10
46.5615
 20
11.125
 30
0.0
 11
46.5615
 21
3.191
 31
0.0
  0
LINE
  5
1B1
330
1F
100
AcDbEntity
  8
AM_9
100
AcDbLine
 10
46.49486667500418
 20
2.046000000000001
 30
0.0
 11
46.49450746310222
 21
-27.26000000000007
 31
0.0
  0
LINE
  5
1B2
330
1F
100
AcDbEntity
  8
AM_9
100
AcDbLine
 10
46.7445
 20
2.077999999999999
 30
0.0
 11
46.7445
 21
2.111999999999998
 31
0.0
  0
ARC
  5
1B3
330
1F
100
AcDbEntity
  8
AM_9
100
AcDbCircle
 10
46.5615
 20
2.044999999999988
 30
0.0
 40
0.0670000000000099
100
AcDbArc
 50
90.0
 51
179.1448073583138
  0
LINE
  5
1B4
330
1F
100
AcDbEntity
  8
AM_9
100
AcDbLine
 10
46.5615
 20
2.077999999999999
 30
0.0
 11
46.7445
 21
2.077999999999999
 31
0.0
  0
ARC
  5
1B5
330
1F
100
AcDbEntity
  8
AM_9
100
AcDbCircle
 10
46.56149999999999
 20
2.045000000000011
 30
0.0
 40
0.032999999999987
100
AcDbArc
 50
89.99999999997534
 51
180.0000000000231
  0
LINE
  5
1B6
330
1F
100
AcDbEntity
  8
AM_9
100
AcDbLine
 10
46.7445
 20
2.111999999999998
 30
0.0
 11
46.5615
 21
2.111999999999998
 31
0.0
  0
ARC
  5
1B7
330
1F
100
AcDbEntity
  8
AM_9
100
AcDbCircle
 10
46.5615
 20
-27.259
 30
0.0
 40
0.0330000000000013
100
AcDbArc
 50
179.9999999999815
 51
270.0
  0
LINE
  5
1B8
330
1F
100
AcDbEntity
  8
AM_9
100
AcDbLine
 10
46.7445
 20
-27.292
 30
0.0
 11
46.5615
 21
-27.292
 31
0.0
  0
ARC
  5
1B9
330
1F
100
AcDbEntity
  8
AM_9
100
AcDbCircle
 10
46.56149999999999
 20
-27.259
 30
0.0
 40
0.0669999999999875
100
AcDbArc
 50
180.8551926416766
 51
270.0000000000122
  0
LINE
  5
1BA
330
1F
100
AcDbEntity
  8
AM_9
100
AcDbLine
 10
46.5615
 20
-27.32599999999999
 30
0.0
 11
46.7445
 21
-27.326
 31
0.0
  0
LINE
  5
1BB
330
1F
100
AcDbEntity
  8
AM_9
100
AcDbLine
 10
46.7445
 20
-27.326
 30
0.0
 11
46.7445
 21
-27.292
 31
0.0
  0
LINE
  5
1BC
330
1F
100
AcDbEntity
  8
AM_9
100
AcDbLine
 10
46.5285
 20
2.046000000000001
 30
0.0
 11
46.5285
 21
-27.26
 31
0.0
  0
LINE
  5
1BD
330
1F
100
AcDbEntity
  8
AM_9
100
AcDbLine
 10
46.4945
 20
-27.26
 30
0.0
 11
46.7445
 21
-27.26
 31
0.0
  0
LINE
  5
1BE
330
1F
100
AcDbEntity
  8
AM_9
100
AcDbLine
 10
46.4945
 20
2.046000000000001
 30
0.0
 11
46.7445
 21
2.046000000000001
 31
0.0
  0
LINE
  5
1BF
330
1F
100
AcDbEntity
  8
AM_9
100
AcDbLine
 10
46.7445
 20
2.046000000000001
 30
0.0
 11
46.7445
 21
-27.26
 31
0.0
  0
LINE
  5
1C0
330
1F
100
AcDbEntity
  8
AM_9
100
AcDbLine
 10
46.5615
 20
2.046000000000001
 30
0.0
 11
46.5615
 21
-27.26
 31
0.0
  0
LINE
  5
1C1
330
1F
100
AcDbEntity
  8
AM_9
100
AcDbLine
 10
26.028
 20
-30.0965
 30
0.0
 11
26.028
 21
-29.7635
 31
0.0
  0
LINE
  5
1C2
330
1F
100
AcDbEntity
  8
AM_0
100
AcDbLine
 10
26.028
 20
-30.4035
 30
0.0
 11
26.028
 21
-30.0965
 31
0.0
  0
LINE
  5
1C3
330
1F
100
AcDbEntity
  8
AM_9
100
AcDbLine
 10
-8.472
 20
-30.0965
 30
0.0
 11
-8.472
 21
-29.7635
 31
0.0
  0
LINE
  5
1C4
330
1F
100
AcDbEntity
  8
AM_0
100
AcDbLine
 10
-8.472
 20
-30.4035
 30
0.0
 11
-8.472
 21
-30.0965
 31
0.0
  0
LINE
  5
1C5
330
1F
100
AcDbEntity
  8
AM_0
100
AcDbLine
 10
-8.472
 20
-30.4035
 30
0.0
 11
26.028
 21
-30.4035
 31
0.0
  0
LINE
  5
1C6
330
1F
100
AcDbEntity
  8
AM_9
100
AcDbLine
 10
31.206
 20
-30.0965
 30
0.0
 11
31.206
 21
-29.7635
 31
0.0
  0
LINE
  5
1C7
330
1F
100
AcDbEntity
  8
AM_0
100
AcDbLine
 10
31.206
 20
-30.4035
 30
0.0
 11
31.206
 21
-30.0965
 31
0.0
  0
LINE
  5
1C8
330
1F
100
AcDbEntity
  8
AM_0
100
AcDbLine
 10
31.206
 20
-30.4035
 30
0.0
 11
42.918
 21
-30.4035
 31
0.0
  0
LINE
  5
1C9
330
1F
100
AcDbEntity
  8
AM_9
100
AcDbLine
 10
42.918
 20
-30.0965
 30
0.0
 11
42.918
 21
-29.7635
 31
0.0
  0
LINE
  5
1CA
330
1F
100
AcDbEntity
  8
AM_0
100
AcDbLine
 10
42.918
 20
-30.4035
 30
0.0
 11
42.918
 21
-30.0965
 31
0.0
  0
LINE
  5
1CB
330
1F
100
AcDbEntity
  8
AM_9
100
AcDbLine
 10
44.087
 20
30.20743455417639
 30
0.0
 11
-10.079
 21
30.20743455417639
 31
0.0
  0
LINE
  5
1CC
330
1F
100
AcDbEntity
  8
AM_9
100
AcDbLine
 10
44.087
 20
29.77640030493303
 30
0.0
 11
-10.079
 21
29.77640030493303
 31
0.0
  0
LINE
  5
1CD
330
1F
100
AcDbEntity
  8
AM_0
100
AcDbLine
 10
-10.079
 20
30.21623440170988
 30
0.0
 11
-10.079
 21
30.0965
 31
0.0
  0
LINE
  5
1CE
330
1F
100
AcDbEntity
  8
AM_0
100
AcDbLine
 10
44.087
 20
30.21623440170988
 30
0.0
 11
44.087
 21
30.0965
 31
0.0
  0
LINE
  5
1CF
330
1F
100
AcDbEntity
  8
AM_0
100
AcDbLine
 10
44.087
 20
30.21623440170988
 30
0.0
 11
-10.079
 21
30.21623440170988
 31
0.0
  0
LINE
  5
1D0
330
1F
100
AcDbEntity
  8
AM_9
100
AcDbLine
 10
44.087
 20
29.7635
 30
0.0
 11
44.087
 21
30.0965
 31
0.0
  0
LINE
  5
1D1
330
1F
100
AcDbEntity
  8
AM_9
100
AcDbLine
 10
44.087
 20
29.78520015246651
 30
0.0
 11
-10.079
 21
29.78520015246651
 31
0.0
  0
LINE
  5
1D2
330
1F
100
AcDbEntity
  8
AM_9
100
AcDbLine
 10
-10.079
 20
29.7635
 30
0.0
 11
-10.079
 21
30.0965
 31
0.0
  0
LINE
  5
1D3
330
1F
100
AcDbEntity
  8
AM_9
100
AcDbLine
 10
46.5615
 20
14.92
 30
0.0
 11
46.7445
 21
14.92
 31
0.0
  0
ARC
  5
1D4
330
1F
100
AcDbEntity
  8
AM_9
100
AcDbCircle
 10
46.56150000000001
 20
14.98700000000001
 30
0.0
 40
0.0330000000000056
100
AcDbArc
 50
181.7365015759428
 51
269.9999999999877
  0
LINE
  5
1D5
330
1F
100
AcDbEntity
  8
AM_9
100
AcDbLine
 10
46.7445
 20
14.954
 30
0.0
 11
46.5615
 21
14.954
 31
0.0
  0
ARC
  5
1D6
330
1F
100
AcDbEntity
  8
AM_9
100
AcDbCircle
 10
46.5615
 20
14.987
 30
0.0
 40
0.0670000000000017
100
AcDbArc
 50
180.8551926416764
 51
270.0
  0
LINE
  5
1D7
330
1F
100
AcDbEntity
  8
AM_9
100
AcDbLine
 10
46.7445
 20
14.92
 30
0.0
 11
46.7445
 21
14.954
 31
0.0
  0
ARC
  5
1D8
330
1F
100
AcDbEntity
  8
AM_9
100
AcDbCircle
 10
46.5615
 20
28.721
 30
0.0
 40
0.0330000000000013
100
AcDbArc
 50
89.9999999999877
 51
178.2634984238252
  0
LINE
  5
1D9
330
1F
100
AcDbEntity
  8
AM_9
100
AcDbLine
 10
46.7445
 20
28.788
 30
0.0
 11
46.5615
 21
28.788
 31
0.0
  0
LINE
  5
1DA
330
1F
100
AcDbEntity
  8
AM_9
100
AcDbLine
 10
46.5615
 20
28.754
 30
0.0
 11
46.7445
 21
28.754
 31
0.0
  0
ARC
  5
1DB
330
1F
100
AcDbEntity
  8
AM_9
100
AcDbCircle
 10
46.56149999999997
 20
28.72100000000009
 30
0.0
 40
0.0669999999999114
100
AcDbArc
 50
89.9999999999757
 51
119.492598269917
  0
LINE
  5
1DC
330
1F
100
AcDbEntity
  8
AM_9
100
AcDbLine
 10
46.49450746310222
 20
28.72200000000056
 30
0.0
 11
46.49449999999999
 21
28.721
 31
0.0
  0
LINE
  5
1DD
330
1F
100
AcDbEntity
  8
AM_9
100
AcDbLine
 10
46.5285
 20
14.987
 30
0.0
 11
46.52851515499506
 21
14.986
 31
0.0
  0
LINE
  5
1DE
330
1F
100
AcDbEntity
  8
AM_9
100
AcDbLine
 10
46.5285
 20
28.721
 30
0.0
 11
46.5285
 21
14.98700000000001
 31
0.0
  0
LINE
  5
1DF
330
1F
100
AcDbEntity
  8
AM_9
100
AcDbLine
 10
46.52851515499506
 20
28.72200000000007
 30
0.0
 11
46.5285
 21
28.72100000000001
 31
0.0
  0
LINE
  5
1E0
330
1F
100
AcDbEntity
  8
AM_9
100
AcDbLine
 10
46.5285
 20
28.854
 30
0.0
 11
46.52851515499506
 21
28.72200000000013
 31
0.0
  0
LINE
  5
1E1
330
1F
100
AcDbEntity
  8
AM_9
100
AcDbLine
 10
46.49450746310222
 20
14.986
 30
0.0
 11
46.7445
 21
14.986
 31
0.0
  0
LINE
  5
1E2
330
1F
100
AcDbEntity
  8
AM_9
100
AcDbLine
 10
46.7445
 20
28.854
 30
0.0
 11
46.7445
 21
14.986
 31
0.0
  0
LINE
  5
1E3
330
1F
100
AcDbEntity
  8
AM_9
100
AcDbLine
 10
46.4945
 20
28.854
 30
0.0
 11
46.7445
 21
28.854
 31
0.0
  0
LINE
  5
1E4
330
1F
100
AcDbEntity
  8
AM_9
100
AcDbLine
 10
46.5615
 20
28.854
 30
0.0
 11
46.5615
 21
14.986
 31
0.0
  0
ARC
  5
1E5
330
1F
100
AcDbEntity
  8
AM_9
100
AcDbCircle
 10
46.5615
 20
-13.82700000000002
 30
0.0
 40
0.0670000000000144
100
AcDbArc
 50
90.0
 51
179.9999999999878
  0
LINE
  5
1E6
330
1F
100
AcDbEntity
  8
AM_9
100
AcDbLine
 10
46.5615
 20
-13.79400000000001
 30
0.0
 11
46.7445
 21
-13.794
 31
0.0
  0
LINE
  5
1E7
330
1F
100
AcDbEntity
  8
AM_9
100
AcDbLine
 10
46.7445
 20
-13.76
 30
0.0
 11
46.5615
 21
-13.76
 31
0.0
  0
ARC
  5
1E8
330
1F
100
AcDbEntity
  8
AM_9
100
AcDbCircle
 10
46.56149999999998
 20
-13.82699999999999
 30
0.0
 40
0.0329999999999799
100
AcDbArc
 50
89.99999999996298
 51
180.0000000000216
  0
ARC
  5
1E9
330
1F
100
AcDbEntity
  8
AM_9
100
AcDbCircle
 10
46.56150000000001
 20
-21.693
 30
0.0
 40
0.0330000000000084
100
AcDbArc
 50
179.9999999999938
 51
269.9999999999877
  0
ARC
  5
1EA
330
1F
100
AcDbEntity
  8
AM_9
100
AcDbCircle
 10
46.5615
 20
-21.693
 30
0.0
 40
0.0669999999999931
100
AcDbArc
 50
180.000000000003
 51
270.0000000000061
  0
LINE
  5
1EB
330
1F
100
AcDbEntity
  8
AM_9
100
AcDbLine
 10
46.5615
 20
-21.75999999999999
 30
0.0
 11
46.7445
 21
-21.76
 31
0.0
  0
LINE
  5
1EC
330
1F
100
AcDbEntity
  8
AM_9
100
AcDbLine
 10
46.7445
 20
-21.726
 30
0.0
 11
46.5615
 21
-21.726
 31
0.0
  0
LINE
  5
1ED
330
1F
100
AcDbEntity
  8
AM_9
100
AcDbLine
 10
46.4945
 20
-21.692
 30
0.0
 11
46.7445
 21
-21.692
 31
0.0
  0
LINE
  5
1EE
330
1F
100
AcDbEntity
  8
AM_9
100
AcDbLine
 10
46.4945
 20
-13.828
 30
0.0
 11
46.7445
 21
-13.828
 31
0.0
  0
LINE
  5
1EF
330
1F
100
AcDbEntity
  8
AM_9
100
AcDbLine
 10
-42.84899999999999
 20
-27.7635
 30
0.0
 11
-42.84899999999999
 21
-28.10082643013961
 31
0.0
  0
LINE
  5
1F0
330
1F
100
AcDbEntity
  8
AM_9
100
AcDbLine
 10
-36.815
 20
-27.7635
 30
0.0
 11
-36.815
 21
-28.44937493447774
 31
0.0
  0
LINE
  5
1F1
330
1F
100
AcDbEntity
  8
AM_9
100
AcDbLine
 10
-42.84899999999999
 20
-27.7635
 30
0.0
 11
-36.815
 21
-27.7635
 31
0.0
  0
LINE
  5
1F2
330
1F
100
AcDbEntity
  8
AM_9
100
AcDbLine
 10
46.5615
 20
-16.334
 30
0.0
 11
46.7445
 21
-16.334
 31
0.0
  0
ARC
  5
1F3
330
1F
100
AcDbEntity
  8
AM_9
100
AcDbCircle
 10
46.56150000000001
 20
-16.36700000000001
 30
0.0
 40
0.0330000000000084
100
AcDbArc
 50
90.00000000001235
 51
179.9999999999876
  0
LINE
  5
1F4
330
1F
100
AcDbEntity
  8
AM_9
100
AcDbLine
 10
46.7445
 20
-16.3
 30
0.0
 11
46.5615
 21
-16.3
 31
0.0
  0
ARC
  5
1F5
330
1F
100
AcDbEntity
  8
AM_9
100
AcDbCircle
 10
46.56150000000002
 20
-16.36700000000001
 30
0.0
 40
0.0670000000000073
100
AcDbArc
 50
90.00000000001214
 51
179.9999999999939
  0
ARC
  5
1F6
330
1F
100
AcDbEntity
  8
AM_9
100
AcDbCircle
 10
46.56149999999999
 20
-22.73300000000001
 30
0.0
 40
0.066999999999986
100
AcDbArc
 50
179.9999999999848
 51
270.0000000000122
  0
LINE
  5
1F7
330
1F
100
AcDbEntity
  8
AM_9
100
AcDbLine
 10
46.5615
 20
-22.79999999999999
 30
0.0
 11
46.7445
 21
-22.8
 31
0.0
  0
LINE
  5
1F8
330
1F
100
AcDbEntity
  8
AM_9
100
AcDbLine
 10
46.7445
 20
-22.766
 30
0.0
 11
46.5615
 21
-22.766
 31
0.0
  0
ARC
  5
1F9
330
1F
100
AcDbEntity
  8
AM_9
100
AcDbCircle
 10
46.56150000000001
 20
-22.733
 30
0.0
 40
0.0330000000000084
100
AcDbArc
 50
179.9999999999938
 51
269.9999999999877
  0
LINE
  5
1FA
330
1F
100
AcDbEntity
  8
AM_9
100
AcDbLine
 10
46.4945
 20
-22.732
 30
0.0
 11
46.7445
 21
-22.732
 31
0.0
  0
LINE
  5
1FB
330
1F
100
AcDbEntity
  8
AM_9
100
AcDbLine
 10
46.4945
 20
-16.368
 30
0.0
 11
46.7445
 21
-16.368
 31
0.0
  0
LINE
  5
1FC
330
1F
100
AcDbEntity
  8
AM_9
100
AcDbLine
 10
-46.27899999999999
 20
-27.244
 30
0.0
 11
-46.279
 21
-27.862
 31
0.0
  0
LINE
  5
1FD
330
1F
100
AcDbEntity
  8
AM_9
100
AcDbLine
 10
-46.31300000000001
 20
-27.17600000000001
 30
0.0
 11
-46.83000000000001
 21
-27.176
 31
0.0
  0
ARC
  5
1FE
330
1F
100
AcDbEntity
  8
AM_0
100
AcDbCircle
 10
-46.83000000000001
 20
-30.11300000000001
 30
0.0
 40
0.0679999999999978
100
AcDbArc
 50
179.999999999994
 51
270.0
  0
LINE
  5
1FF
330
1F
100
AcDbEntity
  8
AM_9
100
AcDbLine
 10
-46.245
 20
-27.862
 30
0.0
 11
-46.245
 21
-27.244
 31
0.0
  0
ARC
  5
200
330
1F
100
AcDbEntity
  8
AM_0
100
AcDbCircle
 10
-44.68100000000001
 20
-30.11300000000001
 30
0.0
 40
0.0679999999999907
100
AcDbArc
 50
270.000000000006
 51
0.0000000000089804
  0
ARC
  5
201
330
1F
100
AcDbEntity
  8
AM_0
100
AcDbCircle
 10
-43.85900000000002
 20
-30.11300000000001
 30
0.0
 40
0.0679999999999978
100
AcDbArc
 50
179.999999999994
 51
270.000000000012
  0
ARC
  5
202
330
1F
100
AcDbEntity
  8
AM_9
100
AcDbCircle
 10
-46.31299999999998
 20
-27.244
 30
0.0
 40
0.0679999999999836
100
AcDbArc
 50
359.999999999994
 51
90.00000000002396
  0
ARC
  5
203
330
1F
100
AcDbEntity
  8
AM_9
100
AcDbCircle
 10
-46.31300000000002
 20
-27.86199999999998
 30
0.0
 40
0.0680000000000298
100
AcDbArc
 50
270.000000000012
 51
359.999999999979
  0
LINE
  5
204
330
1F
100
AcDbEntity
  8
AM_9
100
AcDbLine
 10
-44.61300000000001
 20
-30.0965
 30
0.0
 11
-44.61300000000001
 21
-29.596
 31
0.0
  0
LINE
  5
205
330
1F
100
AcDbEntity
  8
AM_0
100
AcDbLine
 10
-44.61300000000001
 20
-30.113
 30
0.0
 11
-44.61300000000001
 21
-30.0965
 31
0.0
  0
ARC
  5
206
330
1F
100
AcDbEntity
  8
AM_9
100
AcDbCircle
 10
-46.82999999999999
 20
-27.14200000000001
 30
0.0
 40
0.0339999999999963
100
AcDbArc
 50
216.0188541926041
 51
269.999999999976
  0
ARC
  5
207
330
1F
100
AcDbEntity
  8
AM_0
100
AcDbCircle
 10
-46.82999999999998
 20
-27.14199999999998
 30
0.0
 40
0.0340000000000273
100
AcDbArc
 50
180.0000000000419
 51
216.0188541926336
  0
LINE
  5
208
330
1F
100
AcDbEntity
  8
AM_9
100
AcDbLine
 10
-44.57900000000001
 20
-29.562
 30
0.0
 11
-43.96100000000001
 21
-29.562
 31
0.0
  0
ARC
  5
209
330
1F
100
AcDbEntity
  8
AM_9
100
AcDbCircle
 10
-43.96099999999999
 20
-29.59599999999997
 30
0.0
 40
0.0339999999999705
100
AcDbArc
 50
359.9999999999581
 51
90.00000000002396
  0
LINE
  5
20A
330
1F
100
AcDbEntity
  8
AM_0
100
AcDbLine
 10
-43.92700000000001
 20
-30.0965
 30
0.0
 11
-43.92700000000001
 21
-30.113
 31
0.0
  0
LINE
  5
20B
330
1F
100
AcDbEntity
  8
AM_9
100
AcDbLine
 10
-43.92700000000002
 20
-29.596
 30
0.0
 11
-43.92700000000001
 21
-30.0965
 31
0.0
  0
LINE
  5
20C
330
1F
100
AcDbEntity
  8
AM_0
100
AcDbLine
 10
-43.246
 20
-30.181
 30
0.0
 11
-43.246
 21
-30.147
 31
0.0
  0
LINE
  5
20D
330
1F
100
AcDbEntity
  8
AM_0
100
AcDbLine
 10
-46.864
 20
-27.142
 30
0.0
 11
-46.864
 21
-26.585
 31
0.0
  0
ARC
  5
20E
330
1F
100
AcDbEntity
  8
AM_9
100
AcDbCircle
 10
-44.579
 20
-29.59600000000001
 30
0.0
 40
0.0340000000000025
100
AcDbArc
 50
90.000000000012
 51
179.999999999982
  0
LINE
  5
20F
330
1F
100
AcDbEntity
  8
AM_9
100
AcDbLine
 10
-46.83000000000001
 20
-27.93000000000001
 30
0.0
 11
-46.31300000000001
 21
-27.93000000000001
 31
0.0
  0
ARC
  5
210
330
1F
100
AcDbEntity
  8
AM_0
100
AcDbCircle
 10
-46.83000000000002
 20
-27.96399999999998
 30
0.0
 40
0.0679999999999749
100
AcDbArc
 50
113.8542705444085
 51
180.000000000015
  0
ARC
  5
211
330
1F
100
AcDbEntity
  8
AM_9
100
AcDbCircle
 10
-46.83
 20
-27.96399999999995
 30
0.0
 40
0.0679999999999445
100
AcDbArc
 50
90.000000000006
 51
113.8542705444383
  0
LINE
  5
212
330
1F
100
AcDbEntity
  8
AM_0
100
AcDbLine
 10
-43.246
 20
-30.147
 30
0.0
 11
-43.859
 21
-30.147
 31
0.0
  0
ARC
  5
213
330
1F
100
AcDbEntity
  8
AM_0
100
AcDbCircle
 10
-43.85900000000002
 20
-30.11300000000002
 30
0.0
 40
0.0339999999999776
100
AcDbArc
 50
179.9999999999641
 51
270.0000000000359
  0
LINE
  5
214
330
1F
100
AcDbEntity
  8
AM_9
100
AcDbLine
 10
-43.893
 20
-30.0965
 30
0.0
 11
-43.893
 21
-29.596
 31
0.0
  0
LINE
  5
215
330
1F
100
AcDbEntity
  8
AM_0
100
AcDbLine
 10
-43.893
 20
-30.113
 30
0.0
 11
-43.893
 21
-30.0965
 31
0.0
  0
ARC
  5
216
330
1F
100
AcDbEntity
  8
AM_9
100
AcDbCircle
 10
-43.961
 20
-29.596
 30
0.0
 40
0.0679999999999978
100
AcDbArc
 50
0.0
 51
90.000000000006
  0
LINE
  5
217
330
1F
100
AcDbEntity
  8
AM_9
100
AcDbLine
 10
-43.96100000000001
 20
-29.52800000000001
 30
0.0
 11
-44.57900000000001
 21
-29.528
 31
0.0
  0
ARC
  5
218
330
1F
100
AcDbEntity
  8
AM_9
100
AcDbCircle
 10
-44.57899999999997
 20
-29.59600000000002
 30
0.0
 40
0.0680000000000227
100
AcDbArc
 50
90.00000000002994
 51
179.999999999985
  0
LINE
  5
219
330
1F
100
AcDbEntity
  8
AM_0
100
AcDbLine
 10
-44.64700000000001
 20
-30.0965
 30
0.0
 11
-44.64700000000001
 21
-30.113
 31
0.0
  0
LINE
  5
21A
330
1F
100
AcDbEntity
  8
AM_9
100
AcDbLine
 10
-44.647
 20
-29.596
 30
0.0
 11
-44.64700000000001
 21
-30.0965
 31
0.0
  0
ARC
  5
21B
330
1F
100
AcDbEntity
  8
AM_0
100
AcDbCircle
 10
-44.681
 20
-30.113
 30
0.0
 40
0.0340000000000025
100
AcDbArc
 50
270.0
 51
359.999999999994
  0
LINE
  5
21C
330
1F
100
AcDbEntity
  8
AM_0
100
AcDbLine
 10
-44.681
 20
-30.147
 30
0.0
 11
-46.83000000000001
 21
-30.147
 31
0.0
  0
ARC
  5
21D
330
1F
100
AcDbEntity
  8
AM_0
100
AcDbCircle
 10
-46.83000000000001
 20
-30.113
 30
0.0
 40
0.0339999999999989
100
AcDbArc
 50
180.000000000012
 51
270.0
  0
LINE
  5
21E
330
1F
100
AcDbEntity
  8
AM_0
100
AcDbLine
 10
-46.864
 20
-30.113
 30
0.0
 11
-46.864
 21
-27.964
 31
0.0
  0
ARC
  5
21F
330
1F
100
AcDbEntity
  8
AM_0
100
AcDbCircle
 10
-46.8300000000001
 20
-27.96399999999998
 30
0.0
 40
0.0339999999999002
100
AcDbArc
 50
143.9811458072929
 51
180.0000000000299
  0
ARC
  5
220
330
1F
100
AcDbEntity
  8
AM_9
100
AcDbCircle
 10
-46.82999999999998
 20
-27.96400000000002
 30
0.0
 40
0.0340000000000131
100
AcDbArc
 50
90.00000000003591
 51
143.9811458073642
  0
LINE
  5
221
330
1F
100
AcDbEntity
  8
AM_0
100
AcDbLine
 10
-46.864
 20
-26.585
 30
0.0
 11
-46.898
 21
-26.585
 31
0.0
  0
ARC
  5
222
330
1F
100
AcDbEntity
  8
AM_9
100
AcDbCircle
 10
-46.83000000000003
 20
-27.14200000000006
 30
0.0
 40
0.0679999999999366
100
AcDbArc
 50
246.1457294555903
 51
270.000000000024
  0
ARC
  5
223
330
1F
100
AcDbEntity
  8
AM_0
100
AcDbCircle
 10
-46.83000000000003
 20
-27.14200000000002
 30
0.0
 40
0.0679999999999765
100
AcDbArc
 50
179.9999999999791
 51
246.1457294555982
  0
LINE
  5
224
330
1F
100
AcDbEntity
  8
AM_9
100
AcDbLine
 10
-46.83000000000001
 20
-27.21
 30
0.0
 11
-46.31300000000001
 21
-27.21
 31
0.0
  0
ARC
  5
225
330
1F
100
AcDbEntity
  8
AM_9
100
AcDbCircle
 10
-46.313
 20
-27.244
 30
0.0
 40
0.034000000000006
100
AcDbArc
 50
0.0000000000059869
 51
90.00000000002396
  0
ARC
  5
226
330
1F
100
AcDbEntity
  8
AM_9
100
AcDbCircle
 10
-46.31300000000001
 20
-27.86199999999999
 30
0.0
 40
0.0340000000000096
100
AcDbArc
 50
270.0
 51
359.999999999982
  0
LINE
  5
227
330
1F
100
AcDbEntity
  8
AM_9
100
AcDbLine
 10
-46.31300000000001
 20
-27.896
 30
0.0
 11
-46.83000000000001
 21
-27.896
 31
0.0
  0
LINE
  5
228
330
1F
100
AcDbEntity
  8
AM_9
100
AcDbLine
 10
-44.57900000000001
 20
29.52799999999999
 30
0.0
 11
-43.96100000000001
 21
29.528
 31
0.0
  0
ARC
  5
229
330
1F
100
AcDbEntity
  8
AM_9
100
AcDbCircle
 10
-44.57899999999999
 20
29.59600000000002
 30
0.0
 40
0.0680000000000192
100
AcDbArc
 50
180.000000000012
 51
269.999999999982
  0
LINE
  5
22A
330
1F
100
AcDbEntity
  8
AM_9
100
AcDbLine
 10
-44.647
 20
30.0965
 30
0.0
 11
-44.64700000000001
 21
29.596
 31
0.0
  0
LINE
  5
22B
330
1F
100
AcDbEntity
  8
AM_0
100
AcDbLine
 10
-44.64700000000001
 20
30.113
 30
0.0
 11
-44.647
 21
30.0965
 31
0.0
  0
ARC
  5
22C
330
1F
100
AcDbEntity
  8
AM_0
100
AcDbCircle
 10
-44.681
 20
30.113
 30
0.0
 40
0.0339999999999989
100
AcDbArc
 50
0.0000000000119739
 51
90.0
  0
ARC
  5
22D
330
1F
100
AcDbEntity
  8
AM_9
100
AcDbCircle
 10
-43.96100000000002
 20
29.59600000000002
 30
0.0
 40
0.0680000000000192
100
AcDbArc
 50
270.000000000012
 51
359.999999999988
  0
LINE
  5
22E
330
1F
100
AcDbEntity
  8
AM_0
100
AcDbLine
 10
-43.893
 20
30.0965
 30
0.0
 11
-43.893
 21
30.113
 31
0.0
  0
LINE
  5
22F
330
1F
100
AcDbEntity
  8
AM_9
100
AcDbLine
 10
-43.89299999999999
 20
29.596
 30
0.0
 11
-43.893
 21
30.0965
 31
0.0
  0
LINE
  5
230
330
1F
100
AcDbEntity
  8
AM_0
100
AcDbLine
 10
-44.61300000000001
 20
30.0965
 30
0.0
 11
-44.61300000000001
 21
30.113
 31
0.0
  0
LINE
  5
231
330
1F
100
AcDbEntity
  8
AM_9
100
AcDbLine
 10
-44.61300000000001
 20
29.596
 30
0.0
 11
-44.61300000000001
 21
30.0965
 31
0.0
  0
LINE
  5
232
330
1F
100
AcDbEntity
  8
AM_0
100
AcDbLine
 10
-43.246
 20
30.147
 30
0.0
 11
-43.246
 21
30.181
 31
0.0
  0
ARC
  5
233
330
1F
100
AcDbEntity
  8
AM_0
100
AcDbCircle
 10
-43.85900000000002
 20
30.113
 30
0.0
 40
0.0339999999999918
100
AcDbArc
 50
89.99999999997607
 51
179.999999999994
  0
ARC
  5
234
330
1F
100
AcDbEntity
  8
AM_9
100
AcDbCircle
 10
-46.31300000000001
 20
27.24400000000001
 30
0.0
 40
0.0340000000000096
100
AcDbArc
 50
270.0
 51
359.999999999982
  0
LINE
  5
235
330
1F
100
AcDbEntity
  8
AM_9
100
AcDbLine
 10
-43.92700000000003
 20
30.0965
 30
0.0
 11
-43.92700000000001
 21
29.596
 31
0.0
  0
LINE
  5
236
330
1F
100
AcDbEntity
  8
AM_0
100
AcDbLine
 10
-43.92700000000002
 20
30.113
 30
0.0
 11
-43.92700000000003
 21
30.0965
 31
0.0
  0
ARC
  5
237
330
1F
100
AcDbEntity
  8
AM_9
100
AcDbCircle
 10
-46.313
 20
27.244
 30
0.0
 40
0.0680000000000014
100
AcDbArc
 50
269.999999999988
 51
0.0
  0
LINE
  5
238
330
1F
100
AcDbEntity
  8
AM_0
100
AcDbLine
 10
-43.859
 20
30.14699999999999
 30
0.0
 11
-43.246
 21
30.147
 31
0.0
  0
ARC
  5
239
330
1F
100
AcDbEntity
  8
AM_0
100
AcDbCircle
 10
-46.83
 20
30.11299999999999
 30
0.0
 40
0.0680000000000085
100
AcDbArc
 50
90.000000000006
 51
179.999999999994
  0
ARC
  5
23A
330
1F
100
AcDbEntity
  8
AM_9
100
AcDbCircle
 10
-46.83
 20
27.96399999999995
 30
0.0
 40
0.0679999999999543
100
AcDbArc
 50
246.1457294555641
 51
269.999999999994
  0
ARC
  5
23B
330
1F
100
AcDbEntity
  8
AM_0
100
AcDbCircle
 10
-46.83000000000001
 20
27.964
 30
0.0
 40
0.0679999999999978
100
AcDbArc
 50
179.999999999997
 51
246.1457294555866
  0
LINE
  5
23C
330
1F
100
AcDbEntity
  8
AM_9
100
AcDbLine
 10
-46.83000000000001
 20
27.896
 30
0.0
 11
-46.31300000000001
 21
27.896
 31
0.0
  0
ARC
  5
23D
330
1F
100
AcDbEntity
  8
AM_9
100
AcDbCircle
 10
-46.313
 20
27.862
 30
0.0
 40
0.034000000000006
100
AcDbArc
 50
0.0000000000059869
 51
90.00000000002396
  0
LINE
  5
23E
330
1F
100
AcDbEntity
  8
AM_9
100
AcDbLine
 10
-46.27899999999999
 20
27.862
 30
0.0
 11
-46.279
 21
27.244
 31
0.0
  0
LINE
  5
23F
330
1F
100
AcDbEntity
  8
AM_9
100
AcDbLine
 10
-46.31300000000001
 20
27.21
 30
0.0
 11
-46.83000000000001
 21
27.21
 31
0.0
  0
ARC
  5
240
330
1F
100
AcDbEntity
  8
AM_0
100
AcDbCircle
 10
-46.83000000000003
 20
27.14200000000002
 30
0.0
 40
0.0679999999999752
100
AcDbArc
 50
113.8542705444019
 51
180.000000000021
  0
ARC
  5
241
330
1F
100
AcDbEntity
  8
AM_9
100
AcDbCircle
 10
-46.83000000000003
 20
27.14200000000006
 30
0.0
 40
0.0679999999999374
100
AcDbArc
 50
89.99999999997607
 51
113.8542705444097
  0
LINE
  5
242
330
1F
100
AcDbEntity
  8
AM_0
100
AcDbLine
 10
-46.898
 20
26.585
 30
0.0
 11
-46.864
 21
26.585
 31
0.0
  0
LINE
  5
243
330
1F
100
AcDbEntity
  8
AM_0
100
AcDbLine
 10
-46.864
 20
26.585
 30
0.0
 11
-46.864
 21
27.142
 31
0.0
  0
ARC
  5
244
330
1F
100
AcDbEntity
  8
AM_0
100
AcDbCircle
 10
-46.83000000000009
 20
27.14200000000002
 30
0.0
 40
0.0339999999999158
100
AcDbArc
 50
143.9811458072973
 51
180.000000000024
  0
ARC
  5
245
330
1F
100
AcDbEntity
  8
AM_9
100
AcDbCircle
 10
-46.82999999999998
 20
27.14199999999999
 30
0.0
 40
0.0340000000000131
100
AcDbArc
 50
90.00000000003591
 51
143.9811458073642
  0
LINE
  5
246
330
1F
100
AcDbEntity
  8
AM_9
100
AcDbLine
 10
-46.83000000000001
 20
27.176
 30
0.0
 11
-46.31300000000001
 21
27.176
 31
0.0
  0
LINE
  5
247
330
1F
100
AcDbEntity
  8
AM_9
100
AcDbLine
 10
-46.245
 20
27.244
 30
0.0
 11
-46.245
 21
27.862
 31
0.0
  0
ARC
  5
248
330
1F
100
AcDbEntity
  8
AM_9
100
AcDbCircle
 10
-46.31300000000002
 20
27.86199999999999
 30
0.0
 40
0.0680000000000263
100
AcDbArc
 50
0.0000000000119739
 51
89.99999999998803
  0
LINE
  5
249
330
1F
100
AcDbEntity
  8
AM_9
100
AcDbLine
 10
-46.31300000000001
 20
27.93000000000001
 30
0.0
 11
-46.83000000000001
 21
27.93000000000001
 31
0.0
  0
ARC
  5
24A
330
1F
100
AcDbEntity
  8
AM_9
100
AcDbCircle
 10
-46.83000000000003
 20
27.96399999999998
 30
0.0
 40
0.0339999999999676
100
AcDbArc
 50
216.0188541926393
 51
270.0000000000359
  0
ARC
  5
24B
330
1F
100
AcDbEntity
  8
AM_0
100
AcDbCircle
 10
-46.83000000000006
 20
27.96399999999998
 30
0.0
 40
0.0339999999999421
100
AcDbArc
 50
179.9999999999701
 51
216.0188541926842
  0
LINE
  5
24C
330
1F
100
AcDbEntity
  8
AM_0
100
AcDbLine
 10
-46.864
 20
27.964
 30
0.0
 11
-46.864
 21
30.113
 31
0.0
  0
ARC
  5
24D
330
1F
100
AcDbEntity
  8
AM_0
100
AcDbCircle
 10
-46.83000000000001
 20
30.113
 30
0.0
 40
0.034000000000006
100
AcDbArc
 50
90.0
 51
179.999999999994
  0
LINE
  5
24E
330
1F
100
AcDbEntity
  8
AM_0
100
AcDbLine
 10
-46.83000000000001
 20
30.14700000000001
 30
0.0
 11
-44.681
 21
30.147
 31
0.0
  0
ARC
  5
24F
330
1F
100
AcDbEntity
  8
AM_0
100
AcDbCircle
 10
-43.85900000000001
 20
30.11299999999999
 30
0.0
 40
0.0680000000000156
100
AcDbArc
 50
89.999999999994
 51
179.999999999988
  0
ARC
  5
250
330
1F
100
AcDbEntity
  8
AM_9
100
AcDbCircle
 10
-43.96100000000001
 20
29.596
 30
0.0
 40
0.0339999999999954
100
AcDbArc
 50
270.0
 51
359.999999999994
  0
LINE
  5
251
330
1F
100
AcDbEntity
  8
AM_9
100
AcDbLine
 10
-43.96100000000001
 20
29.562
 30
0.0
 11
-44.57900000000001
 21
29.562
 31
0.0
  0
ARC
  5
252
330
1F
100
AcDbEntity
  8
AM_9
100
AcDbCircle
 10
-44.57900000000002
 20
29.59599999999999
 30
0.0
 40
0.0339999999999918
100
AcDbArc
 50
179.999999999988
 51
270.000000000024
  0
ARC
  5
253
330
1F
100
AcDbEntity
  8
AM_0
100
AcDbCircle
 10
-44.68100000000002
 20
30.11299999999999
 30
0.0
 40
0.0680000000000121
100
AcDbArc
 50
0.0000000000059869
 51
89.99999999998803
  0
LINE
  5
254
330
1F
100
AcDbEntity
  8
AM_9
100
AcDbLine
 10
46.496
 20
30.06397308806542
 30
0.0
 11
-46.496
 21
30.06397308806542
 31
0.0
  0
LINE
  5
255
330
1F
100
AcDbEntity
  8
AM_9
100
AcDbLine
 10
46.82497308806542
 20
29.735
 30
0.0
 11
46.82497308806542
 21
-29.735
 31
0.0
  0
LINE
  5
256
330
1F
100
AcDbEntity
  8
AM_9
100
AcDbLine
 10
46.496
 20
-30.06397308806542
 30
0.0
 11
-46.496
 21
-30.06397308806542
 31
0.0
  0
LINE
  5
257
330
1F
100
AcDbEntity
  8
AM_9
100
AcDbLine
 10
-46.82497308806542
 20
29.735
 30
0.0
 11
-46.82497308806542
 21
-29.735
 31
0.0
  0
LINE
  5
258
330
1F
100
AcDbEntity
  8
AM_9
100
AcDbLine
 10
-10.242
 20
29.6835
 30
0.0
 11
44.226
 21
29.6835
 31
0.0
  0
LINE
  5
259
330
1F
100
AcDbEntity
  8
AM_9
100
AcDbLine
 10
29.957
 20
-29.6835
 30
0.0
 11
29.957
 21
-29.7635
 31
0.0
  0
LINE
  5
25A
330
1F
100
AcDbEntity
  8
AM_9
100
AcDbLine
 10
29.897
 20
-29.6835
 30
0.0
 11
44.226
 21
-29.6835
 31
0.0
  0
LINE
  5
25B
330
1F
100
AcDbEntity
  8
AM_9
100
AcDbLine
 10
-10.251
 20
-29.6835
 30
0.0
 11
27.634
 21
-29.6835
 31
0.0
  0
LINE
  5
25C
330
1F
100
AcDbEntity
  8
AM_9
100
AcDbLine
 10
27.574
 20
-29.6835
 30
0.0
 11
27.574
 21
-29.7635
 31
0.0
  0
LINE
  5
25D
330
1F
100
AcDbEntity
  8
AM_9
100
AcDbLine
 10
27.634
 20
-29.6835
 30
0.0
 11
27.634
 21
-29.7635
 31
0.0
  0
LINE
  5
25E
330
1F
100
AcDbEntity
  8
AM_9
100
AcDbLine
 10
-10.182
 20
29.6835
 30
0.0
 11
-10.182
 21
29.7635
 31
0.0
  0
LINE
  5
25F
330
1F
100
AcDbEntity
  8
AM_9
100
AcDbLine
 10
44.166
 20
-29.6835
 30
0.0
 11
44.166
 21
-29.7635
 31
0.0
  0
LINE
  5
260
330
1F
100
AcDbEntity
  8
AM_9
100
AcDbLine
 10
-10.191
 20
-29.6835
 30
0.0
 11
-10.191
 21
-29.7635
 31
0.0
  0
LINE
  5
261
330
1F
100
AcDbEntity
  8
AM_9
100
AcDbLine
 10
44.226
 20
29.6835
 30
0.0
 11
44.226
 21
29.7635
 31
0.0
  0
LINE
  5
262
330
1F
100
AcDbEntity
  8
AM_9
100
AcDbLine
 10
-10.251
 20
-29.6835
 30
0.0
 11
-10.251
 21
-29.7635
 31
0.0
  0
LINE
  5
263
330
1F
100
AcDbEntity
  8
AM_9
100
AcDbLine
 10
29.897
 20
-29.6835
 30
0.0
 11
29.897
 21
-29.7635
 31
0.0
  0
LINE
  5
264
330
1F
100
AcDbEntity
  8
AM_9
100
AcDbLine
 10
44.166
 20
29.6835
 30
0.0
 11
44.166
 21
29.7635
 31
0.0
  0
LINE
  5
265
330
1F
100
AcDbEntity
  8
AM_9
100
AcDbLine
 10
44.226
 20
-29.6835
 30
0.0
 11
44.226
 21
-29.7635
 31
0.0
  0
LINE
  5
266
330
1F
100
AcDbEntity
  8
AM_9
100
AcDbLine
 10
-10.242
 20
29.6835
 30
0.0
 11
-10.242
 21
29.7635
 31
0.0
  0
LINE
  5
267
330
1F
100
AcDbEntity
  8
AM_9
100
AcDbLine
 10
-45.9455
 20
7.228
 30
0.0
 11
-46.4945
 21
7.228
 31
0.0
  0
LINE
  5
268
330
1F
100
AcDbEntity
  8
AM_9
100
AcDbLine
 10
-45.9455
 20
7.228
 30
0.0
 11
-45.9455
 21
-7.228
 31
0.0
  0
LINE
  5
269
330
1F
100
AcDbEntity
  8
AM_9
100
AcDbLine
 10
-45.9455
 20
-7.228
 30
0.0
 11
-46.4945
 21
-7.228
 31
0.0
  0
LINE
  5
26A
330
1F
100
AcDbEntity
  8
AM_0
100
AcDbLine
 10
46.496
 20
30.0965
 30
0.0
 11
-46.496
 21
30.0965
 31
0.0
  0
LINE
  5
26B
330
1F
100
AcDbEntity
  8
AM_0
100
AcDbLine
 10
46.8575
 20
29.735
 30
0.0
 11
46.8575
 21
-29.735
 31
0.0
  0
LINE
  5
26C
330
1F
100
AcDbEntity
  8
AM_0
100
AcDbLine
 10
-46.8575
 20
29.735
 30
0.0
 11
-46.8575
 21
-29.735
 31
0.0
  0
LINE
  5
26D
330
1F
100
AcDbEntity
  8
AM_0
100
AcDbLine
 10
46.496
 20
-30.0965
 30
0.0
 11
-46.496
 21
-30.0965
 31
0.0
  0
LINE
  5
26E
330
1F
100
AcDbEntity
  8
AM_9
100
AcDbLine
 10
46.52344617613083
 20
29.735
 30
0.0
 11
46.52344617613083
 21
-29.735
 31
0.0
  0
ARC
  5
26F
330
1F
100
AcDbEntity
  8
AM_9
100
AcDbCircle
 10
-42.08850000000003
 20
-23.7609559539618
 30
0.0
 40
4.40599999999997
100
AcDbArc
 50
179.9999999999997
 51
267.0000000000003
  0
LINE
  5
270
330
1F
100
AcDbEntity
  8
AM_9
100
AcDbLine
 10
46.49450000000001
 20
-29.7475
 30
0.0
 11
46.4945
 21
29.7475
 31
0.0
  0
LINE
  5
271
330
1F
100
AcDbEntity
  8
AM_9
100
AcDbLine
 10
-11.76010815729633
 20
29.76244617613073
 30
0.0
 11
-46.496
 21
29.76244617613084
 31
0.0
  0
LINE
  5
272
330
1F
100
AcDbEntity
  8
AM_9
100
AcDbLine
 10
46.496
 20
29.76244617613084
 30
0.0
 11
46.4945
 21
29.76244617613087
 31
0.0
  0
LINE
  5
273
330
1F
100
AcDbEntity
  8
AM_9
100
AcDbLine
 10
46.496
 20
-29.76244617613084
 30
0.0
 11
46.4945
 21
-29.76244617613084
 31
0.0
  0
ARC
  5
274
330
1F
100
AcDbEntity
  8
AM_9
100
AcDbCircle
 10
-42.08850000000002
 20
23.7609559539618
 30
0.0
 40
4.405999999999988
100
AcDbArc
 50
92.99999999999979
 51
180.0000000000002
  0
LINE
  5
275
330
1F
100
AcDbEntity
  8
AM_9
100
AcDbLine
 10
-46.52344617613083
 20
29.735
 30
0.0
 11
-46.52344617613083
 21
-29.735
 31
0.0
  0
LINE
  5
276
330
1F
100
AcDbEntity
  8
AM_9
100
AcDbLine
 10
-12.04529818700387
 20
29.74750000000009
 30
0.0
 11
-42.31909222320641
 21
28.16091768409044
 31
0.0
  0
LINE
  5
277
330
1F
100
AcDbEntity
  8
AM_9
100
AcDbLine
 10
-42.31909222320641
 20
-28.16091768409042
 30
0.0
 11
-12.0452981870006
 21
-29.74750000000016
 31
0.0
  0
LINE
  5
278
330
1F
100
AcDbEntity
  8
AM_9
100
AcDbLine
 10
-11.76010815729224
 20
-29.76244617613084
 30
0.0
 11
-46.496
 21
-29.76244617613084
 31
0.0
  0
LINE
  5
27A
330
1F
100
AcDbEntity
  8
AM_4
100
AcDbLine
 10
46.59845836943966
 20
29.735
 30
0.0
 11
46.59845836943966
 21
-29.735
 31
0.0
  0
LINE
  5
27B
330
1F
100
AcDbEntity
  8
AM_4
100
AcDbLine
 10
-46.59845836943966
 20
29.735
 30
0.0
 11
-46.59845836943966
 21
-29.735
 31
0.0
  0
LINE
  5
27C
330
1F
100
AcDbEntity
  8
AM_4
100
AcDbLine
 10
46.496
 20
-29.83745836943966
 30
0.0
 11
-46.496
 21
-29.83745836943966
 31
0.0
  0
LINE
  5
27D
330
1F
100
AcDbEntity
  8
AM_4
100
AcDbLine
 10
46.496
 20
29.83745836943966
 30
0.0
 11
-46.496
 21
29.83745836943966
 31
0.0
  0
LINE
  5
27E
330
1F
100
AcDbEntity
  8
AM_0
100
AcDbLine
 10
-46.8575
 20
-29.735
 30
0.0
 11
-46.496
 21
-29.735
 31
0.0
  0
LINE
  5
27F
330
1F
100
AcDbEntity
  8
AM_0
100
AcDbLine
 10
-46.8575
 20
29.735
 30
0.0
 11
-46.496
 21
29.735
 31
0.0
  0
LINE
  5
280
330
1F
100
AcDbEntity
  8
AM_0
100
AcDbLine
 10
46.49599999999995
 20
29.735
 30
0.0
 11
46.8575
 21
29.735
 31
0.0
  0
LINE
  5
281
330
1F
100
AcDbEntity
  8
AM_0
100
AcDbLine
 10
46.496
 20
-29.735
 30
0.0
 11
46.8575
 21
-29.735
 31
0.0
  0
LINE
  5
282
330
1F
100
AcDbEntity
  8
AM_0
100
AcDbLine
 10
-46.496
 20
30.0965
 30
0.0
 11
-46.496
 21
29.735
 31
0.0
  0
LINE
  5
283
330
1F
100
AcDbEntity
  8
AM_0
100
AcDbLine
 10
-46.496
 20
-29.735
 30
0.0
 11
-46.496
 21
-30.0965
 31
0.0
  0
LINE
  5
284
330
1F
100
AcDbEntity
  8
AM_0
100
AcDbLine
 10
-12.04529818700061
 20
-29.7475
 30
0.0
 11
-11.74000000000001
 21
-29.7635
 31
0.0
  0
LINE
  5
285
330
1F
100
AcDbEntity
  8
AM_0
100
AcDbLine
 10
-11.74000000000001
 20
-29.7635
 30
0.0
 11
46.49449999999999
 21
-29.7635
 31
0.0
  0
LINE
  5
286
330
1F
100
AcDbEntity
  8
AM_0
100
AcDbLine
 10
46.49449999999999
 20
-29.7635
 30
0.0
 11
46.49449999999999
 21
-29.7475
 31
0.0
  0
LINE
  5
287
330
1F
100
AcDbEntity
  8
AM_0
100
AcDbLine
 10
46.496
 20
-29.735
 30
0.0
 11
46.496
 21
-30.0965
 31
0.0
  0
LINE
  5
288
330
1F
100
AcDbEntity
  8
AM_0
100
AcDbLine
 10
46.496
 20
30.0965
 30
0.0
 11
46.49599999999995
 21
29.735
 31
0.0
  0
LINE
  5
289
330
1F
100
AcDbEntity
  8
AM_0
100
AcDbLine
 10
46.49449999999999
 20
29.7475
 30
0.0
 11
46.4945
 21
29.7635
 31
0.0
  0
LINE
  5
28A
330
1F
100
AcDbEntity
  8
AM_0
100
AcDbLine
 10
46.4945
 20
29.7635
 30
0.0
 11
-11.74000000000001
 21
29.7635
 31
0.0
  0
LINE
  5
28B
330
1F
100
AcDbEntity
  8
AM_0
100
AcDbLine
 10
-11.74000000000001
 20
29.7635
 30
0.0
 11
-12.04529818700387
 21
29.7475
 31
0.0
  0
LINE
  5
28C
330
1F
100
AcDbEntity
  8
AM_0
100
AcDbLine
 10
46.5885
 20
29.735
 30
0.0
 11
46.5885
 21
-29.735
 31
0.0
  0
LINE
  5
28D
330
1F
100
AcDbEntity
  8
AM_4
100
AcDbLine
 10
46.50849999999998
 20
29.735
 30
0.0
 11
46.50849999999998
 21
-29.735
 31
0.0
  0
LINE
  5
28E
330
1F
100
AcDbEntity
  8
AM_4
100
AcDbLine
 10
-46.5085
 20
29.735
 30
0.0
 11
-46.5085
 21
-29.735
 31
0.0
  0
LINE
  5
28F
330
1F
100
AcDbEntity
  8
AM_0
100
AcDbLine
 10
-46.5885
 20
29.735
 30
0.0
 11
-46.5885
 21
-29.735
 31
0.0
  0
LINE
  5
290
330
1F
100
AcDbEntity
  8
AM_4
100
AcDbLine
 10
-12.04529818700061
 20
-29.7475
 30
0.0
 11
-46.496
 21
-29.7475
 31
0.0
  0
LINE
  5
291
330
1F
100
AcDbEntity
  8
AM_0
100
AcDbLine
 10
46.496
 20
-29.8275
 30
0.0
 11
-46.496
 21
-29.8275
 31
0.0
  0
LINE
  5
292
330
1F
100
AcDbEntity
  8
AM_4
100
AcDbLine
 10
46.496
 20
-29.7475
 30
0.0
 11
46.49449999999999
 21
-29.7475
 31
0.0
  0
LINE
  5
293
330
1F
100
AcDbEntity
  8
AM_4
100
AcDbLine
 10
46.496
 20
29.7475
 30
0.0
 11
46.49449999999999
 21
29.7475
 31
0.0
  0
LINE
  5
294
330
1F
100
AcDbEntity
  8
AM_0
100
AcDbLine
 10
46.496
 20
29.8275
 30
0.0
 11
-46.496
 21
29.8275
 31
0.0
  0
LINE
  5
295
330
1F
100
AcDbEntity
  8
AM_4
100
AcDbLine
 10
-12.04529818700387
 20
29.7475
 30
0.0
 11
-46.496
 21
29.7475
 31
0.0
  0
ARC
  5
296
330
1F
100
AcDbEntity
  8
AM_0
100
AcDbCircle
 10
-30.60799999999999
 20
13.66800000000003
 30
0.0
 40
11.72800000000001
100
AcDbArc
 50
225.7645852343426
 51
284.2354147656574
  0
ARC
  5
297
330
1F
100
AcDbEntity
  8
AM_0
100
AcDbCircle
 10
-30.608
 20
13.66800000000001
 30
0.0
 40
11.84800000000001
100
AcDbArc
 50
225.7568408393208
 51
284.2431591606793
  0
ARC
  5
298
330
1F
100
AcDbEntity
  8
AM_0
100
AcDbCircle
 10
-30.608
 20
-13.668
 30
0.0
 40
11.72800000000002
100
AcDbArc
 50
225.7645852343426
 51
284.2354147656574
  0
ARC
  5
299
330
1F
100
AcDbEntity
  8
AM_0
100
AcDbCircle
 10
-30.60799999999999
 20
-13.66800000000009
 30
0.0
 40
11.84799999999994
100
AcDbArc
 50
225.7568408393204
 51
284.2431591606793
  0
ARC
  5
29A
330
1F
100
AcDbEntity
  8
AM_0
100
AcDbCircle
 10
-30.60799999999997
 20
13.66799999999998
 30
0.0
 40
11.72800000000002
100
AcDbArc
 50
105.7645852343427
 51
164.2354147656574
  0
ARC
  5
29B
330
1F
100
AcDbEntity
  8
AM_0
100
AcDbCircle
 10
-30.60800000000006
 20
13.66800000000004
 30
0.0
 40
11.84799999999994
100
AcDbArc
 50
105.7568408393205
 51
164.2431591606794
  0
ARC
  5
29C
330
1F
100
AcDbEntity
  8
AM_0
100
AcDbCircle
 10
-30.60799999999996
 20
-13.66799999999998
 30
0.0
 40
11.72800000000003
100
AcDbArc
 50
165.7645852343428
 51
224.2354147656574
  0
ARC
  5
29D
330
1F
100
AcDbEntity
  8
AM_0
100
AcDbCircle
 10
-30.60800000000003
 20
-13.66800000000001
 30
0.0
 40
11.84799999999998
100
AcDbArc
 50
165.7568408393207
 51
224.2431591606793
  0
ARC
  5
29E
330
1F
100
AcDbEntity
  8
AM_0
100
AcDbCircle
 10
-30.60800000000003
 20
-13.66800000000011
 30
0.0
 40
11.7280000000001
100
AcDbArc
 50
45.76458523434287
 51
104.2354147656572
  0
ARC
  5
29F
330
1F
100
AcDbEntity
  8
AM_0
100
AcDbCircle
 10
-30.60799999999999
 20
-13.66800000000002
 30
0.0
 40
11.84800000000001
100
AcDbArc
 50
45.75684083932086
 51
104.2431591606793
  0
ARC
  5
2A0
330
1F
100
AcDbEntity
  8
AM_0
100
AcDbCircle
 10
-30.60799999999997
 20
13.668
 30
0.0
 40
11.728
100
AcDbArc
 50
165.7645852343427
 51
224.2354147656574
  0
ARC
  5
2A1
330
1F
100
AcDbEntity
  8
AM_0
100
AcDbCircle
 10
-30.60799999999995
 20
13.66800000000001
 30
0.0
 40
11.84800000000005
100
AcDbArc
 50
165.7568408393209
 51
224.2431591606791
  0
ARC
  5
2A2
330
1F
100
AcDbEntity
  8
AM_0
100
AcDbCircle
 10
-30.60799999999999
 20
13.66799999999998
 30
0.0
 40
11.728
100
AcDbArc
 50
285.7645852343426
 51
344.2354147656575
  0
ARC
  5
2A3
330
1F
100
AcDbEntity
  8
AM_0
100
AcDbCircle
 10
-30.60800000000008
 20
13.66800000000004
 30
0.0
 40
11.84800000000006
100
AcDbArc
 50
285.7568408393211
 51
344.2431591606792
  0
ARC
  5
2A4
330
1F
100
AcDbEntity
  8
AM_0
100
AcDbCircle
 10
-30.60799999999995
 20
-13.66800000000003
 30
0.0
 40
11.84800000000004
100
AcDbArc
 50
105.7568408393209
 51
164.2431591606793
  0
ARC
  5
2A5
330
1F
100
AcDbEntity
  8
AM_0
100
AcDbCircle
 10
-30.60800000000011
 20
-13.66799999999989
 30
0.0
 40
11.72799999999987
100
AcDbArc
 50
105.7645852343422
 51
164.2354147656579
  0
ARC
  5
2A6
330
1F
100
AcDbEntity
  8
AM_0
100
AcDbCircle
 10
-30.60800000000001
 20
13.66799999999989
 30
0.0
 40
11.84800000000009
100
AcDbArc
 50
45.75684083932113
 51
104.2431591606791
  0
ARC
  5
2A7
330
1F
100
AcDbEntity
  8
AM_0
100
AcDbCircle
 10
-30.60799999999997
 20
13.6680000000001
 30
0.0
 40
11.7279999999999
100
AcDbArc
 50
45.76458523434236
 51
104.2354147656577
  0
ARC
  5
2A8
330
1F
100
AcDbEntity
  8
AM_0
100
AcDbCircle
 10
-30.60800000000001
 20
-13.668
 30
0.0
 40
11.72800000000002
100
AcDbArc
 50
285.7645852343426
 51
344.2354147656574
  0
ARC
  5
2A9
330
1F
100
AcDbEntity
  8
AM_0
100
AcDbCircle
 10
-30.60799999999998
 20
-13.66800000000001
 30
0.0
 40
11.84799999999999
100
AcDbArc
 50
285.7568408393207
 51
344.2431591606793
  0
ARC
  5
2AA
330
1F
100
AcDbEntity
  8
AM_0
100
AcDbCircle
 10
-30.60800000000001
 20
13.668
 30
0.0
 40
11.84799999999998
100
AcDbArc
 50
345.7568408393207
 51
44.24315916067921
  0
ARC
  5
2AB
330
1F
100
AcDbEntity
  8
AM_0
100
AcDbCircle
 10
-30.60800000000014
 20
13.668
 30
0.0
 40
11.72800000000009
100
AcDbArc
 50
345.7645852343427
 51
44.23541476565701
  0
ARC
  5
2AC
330
1F
100
AcDbEntity
  8
AM_0
100
AcDbCircle
 10
-30.608
 20
-13.668
 30
0.0
 40
11.84800000000004
100
AcDbArc
 50
345.7568408393207
 51
44.24315916067925
  0
ARC
  5
2AD
330
1F
100
AcDbEntity
  8
AM_0
100
AcDbCircle
 10
-30.60800000000014
 20
-13.668
 30
0.0
 40
11.7280000000001
100
AcDbArc
 50
345.7645852343427
 51
44.23541476565691
  0
ARC
  5
2AE
330
1F
100
AcDbEntity
  8
AM_0
100
AcDbCircle
 10
-30.60800000000005
 20
-13.66800000000017
 30
0.0
 40
11.18100000000015
100
AcDbArc
 50
45.80199287250783
 51
104.1980071274922
  0
ARC
  5
2AF
330
1F
100
AcDbEntity
  8
AM_0
100
AcDbCircle
 10
-30.608
 20
-13.66799999999999
 30
0.0
 40
11.30099999999999
100
AcDbArc
 50
45.79347634027829
 51
104.2065236597218
  0
ARC
  5
2B0
330
1F
100
AcDbEntity
  8
AM_0
100
AcDbCircle
 10
-30.608
 20
-13.66799999999999
 30
0.0
 40
11.18100000000002
100
AcDbArc
 50
285.8019928725075
 51
344.1980071274925
  0
ARC
  5
2B1
330
1F
100
AcDbEntity
  8
AM_0
100
AcDbCircle
 10
-30.60800000000006
 20
-13.66799999999996
 30
0.0
 40
11.30100000000005
100
AcDbArc
 50
285.7934763402786
 51
344.2065236597216
  0
ARC
  5
2B2
330
1F
100
AcDbEntity
  8
AM_0
100
AcDbCircle
 10
-30.60800000000001
 20
13.668
 30
0.0
 40
11.301
100
AcDbArc
 50
345.7934763402783
 51
44.20652365972166
  0
ARC
  5
2B3
330
1F
100
AcDbEntity
  8
AM_0
100
AcDbCircle
 10
-30.60799999999998
 20
13.668
 30
0.0
 40
11.18099999999998
100
AcDbArc
 50
345.8019928725073
 51
44.19800712749272
  0
ARC
  5
2B4
330
1F
100
AcDbEntity
  8
AM_0
100
AcDbCircle
 10
-30.60799999999998
 20
13.668
 30
0.0
 40
11.181
100
AcDbArc
 50
165.8019928725075
 51
224.1980071274926
  0
ARC
  5
2B5
330
1F
100
AcDbEntity
  8
AM_0
100
AcDbCircle
 10
-30.60800000000014
 20
13.66799999999993
 30
0.0
 40
11.30099999999988
100
AcDbArc
 50
165.7934763402778
 51
224.206523659722
  0
ARC
  5
2B6
330
1F
100
AcDbEntity
  8
AM_0
100
AcDbCircle
 10
-30.608
 20
13.66799999999995
 30
0.0
 40
11.30100000000003
100
AcDbArc
 50
45.79347634027852
 51
104.2065236597217
  0
ARC
  5
2B7
330
1F
100
AcDbEntity
  8
AM_0
100
AcDbCircle
 10
-30.60799999999998
 20
13.66800000000004
 30
0.0
 40
11.18099999999996
100
AcDbArc
 50
45.80199287250734
 51
104.1980071274928
  0
ARC
  5
2B8
330
1F
100
AcDbEntity
  8
AM_0
100
AcDbCircle
 10
-30.60800000000005
 20
-13.668
 30
0.0
 40
11.18100000000004
100
AcDbArc
 50
345.8019928725075
 51
44.19800712749245
  0
ARC
  5
2B9
330
1F
100
AcDbEntity
  8
AM_0
100
AcDbCircle
 10
-30.60799999999999
 20
-13.66799999999999
 30
0.0
 40
11.30099999999996
100
AcDbArc
 50
345.7934763402782
 51
44.20652365972172
  0
ARC
  5
2BA
330
1F
100
AcDbEntity
  8
AM_0
100
AcDbCircle
 10
-30.608
 20
13.66799999999997
 30
0.0
 40
11.181
100
AcDbArc
 50
225.8019928725074
 51
284.1980071274927
  0
ARC
  5
2BB
330
1F
100
AcDbEntity
  8
AM_0
100
AcDbCircle
 10
-30.608
 20
13.66800000000001
 30
0.0
 40
11.30100000000001
100
AcDbArc
 50
225.7934763402783
 51
284.2065236597217
  0
ARC
  5
2BC
330
1F
100
AcDbEntity
  8
AM_0
100
AcDbCircle
 10
-30.60799999999998
 20
-13.66799999999995
 30
0.0
 40
11.18100000000003
100
AcDbArc
 50
225.8019928725075
 51
284.1980071274924
  0
ARC
  5
2BD
330
1F
100
AcDbEntity
  8
AM_0
100
AcDbCircle
 10
-30.60799999999999
 20
-13.66800000000002
 30
0.0
 40
11.30099999999999
100
AcDbArc
 50
225.7934763402781
 51
284.2065236597217
  0
ARC
  5
2BE
330
1F
100
AcDbEntity
  8
AM_0
100
AcDbCircle
 10
-30.608
 20
-13.66799999999999
 30
0.0
 40
11.18100000000003
100
AcDbArc
 50
165.8019928725074
 51
224.1980071274927
  0
ARC
  5
2BF
330
1F
100
AcDbEntity
  8
AM_0
100
AcDbCircle
 10
-30.60799999999973
 20
-13.66799999999986
 30
0.0
 40
11.30100000000023
100
AcDbArc
 50
165.7934763402794
 51
224.2065236597213
  0
ARC
  5
2C0
330
1F
100
AcDbEntity
  8
AM_0
100
AcDbCircle
 10
-30.60799999999999
 20
13.66799999999998
 30
0.0
 40
11.18099999999996
100
AcDbArc
 50
285.8019928725075
 51
344.1980071274927
  0
ARC
  5
2C1
330
1F
100
AcDbEntity
  8
AM_0
100
AcDbCircle
 10
-30.60800000000003
 20
13.66800000000003
 30
0.0
 40
11.30100000000004
100
AcDbArc
 50
285.7934763402785
 51
344.2065236597217
  0
ARC
  5
2C2
330
1F
100
AcDbEntity
  8
AM_0
100
AcDbCircle
 10
-30.60800000000006
 20
-13.66799999999997
 30
0.0
 40
11.30099999999996
100
AcDbArc
 50
105.793476340278
 51
164.2065236597219
  0
ARC
  5
2C3
330
1F
100
AcDbEntity
  8
AM_0
100
AcDbCircle
 10
-30.60799999999972
 20
-13.66800000000028
 30
0.0
 40
11.18100000000035
100
AcDbArc
 50
105.8019928725084
 51
164.1980071274917
  0
ARC
  5
2C4
330
1F
100
AcDbEntity
  8
AM_0
100
AcDbCircle
 10
-30.60800000000008
 20
13.66800000000004
 30
0.0
 40
11.30099999999994
100
AcDbArc
 50
105.793476340278
 51
164.2065236597219
  0
ARC
  5
2C5
330
1F
100
AcDbEntity
  8
AM_0
100
AcDbCircle
 10
-30.60799999999977
 20
13.66799999999977
 30
0.0
 40
11.18100000000029
100
AcDbArc
 50
105.8019928725082
 51
164.1980071274918
  0
ARC
  5
2C6
330
1F
100
AcDbEntity
  8
AM_0
100
AcDbCircle
 10
-30.60799999999999
 20
13.66800000000017
 30
0.0
 40
10.73099999999987
100
AcDbArc
 50
45.83562644514545
 51
104.1643735548543
  0
ARC
  5
2C7
330
1F
100
AcDbEntity
  8
AM_0
100
AcDbCircle
 10
-30.60799999999999
 20
13.66800000000005
 30
0.0
 40
10.61099999999996
100
AcDbArc
 50
45.84507724194246
 51
104.1549227580576
  0
ARC
  5
2C8
330
1F
100
AcDbEntity
  8
AM_0
100
AcDbCircle
 10
-30.60799999999995
 20
-13.66800000000005
 30
0.0
 40
10.61100000000007
100
AcDbArc
 50
105.8450772419427
 51
164.1549227580573
  0
ARC
  5
2C9
330
1F
100
AcDbEntity
  8
AM_0
100
AcDbCircle
 10
-30.6079999999998
 20
-13.66800000000012
 30
0.0
 40
10.73100000000017
100
AcDbArc
 50
105.8356264451469
 51
164.1643735548537
  0
ARC
  5
2CA
330
1F
100
AcDbEntity
  8
AM_0
100
AcDbCircle
 10
-30.60800000000001
 20
-13.66799999999999
 30
0.0
 40
10.611
100
AcDbArc
 50
285.8450772419426
 51
344.1549227580574
  0
ARC
  5
2CB
330
1F
100
AcDbEntity
  8
AM_0
100
AcDbCircle
 10
-30.60799999999998
 20
-13.66800000000002
 30
0.0
 40
10.73099999999998
100
AcDbArc
 50
285.8356264451459
 51
344.164373554854
  0
ARC
  5
2CC
330
1F
100
AcDbEntity
  8
AM_0
100
AcDbCircle
 10
-30.60799999999999
 20
-13.66799999999998
 30
0.0
 40
10.61100000000005
100
AcDbArc
 50
225.8450772419427
 51
284.1549227580574
  0
ARC
  5
2CD
330
1F
100
AcDbEntity
  8
AM_0
100
AcDbCircle
 10
-30.60800000000001
 20
-13.66800000000005
 30
0.0
 40
10.73099999999996
100
AcDbArc
 50
225.8356264451459
 51
284.1643735548541
  0
ARC
  5
2CE
330
1F
100
AcDbEntity
  8
AM_0
100
AcDbCircle
 10
-30.608
 20
13.66799999999999
 30
0.0
 40
10.61099999999999
100
AcDbArc
 50
225.8450772419426
 51
284.1549227580575
  0
ARC
  5
2CF
330
1F
100
AcDbEntity
  8
AM_0
100
AcDbCircle
 10
-30.60799999999999
 20
13.66800000000009
 30
0.0
 40
10.73100000000007
100
AcDbArc
 50
225.8356264451463
 51
284.1643735548539
  0
ARC
  5
2D0
330
1F
100
AcDbEntity
  8
AM_0
100
AcDbCircle
 10
-30.60800000000001
 20
13.66799999999999
 30
0.0
 40
10.61099999999996
100
AcDbArc
 50
165.8450772419426
 51
224.1549227580575
  0
ARC
  5
2D1
330
1F
100
AcDbEntity
  8
AM_0
100
AcDbCircle
 10
-30.60800000000032
 20
13.66799999999981
 30
0.0
 40
10.73099999999974
100
AcDbArc
 50
165.8356264451446
 51
224.1643735548545
  0
ARC
  5
2D2
330
1F
100
AcDbEntity
  8
AM_0
100
AcDbCircle
 10
-30.60799999999999
 20
-13.66799999999992
 30
0.0
 40
10.73099999999993
100
AcDbArc
 50
45.83562644514574
 51
104.1643735548542
  0
ARC
  5
2D3
330
1F
100
AcDbEntity
  8
AM_0
100
AcDbCircle
 10
-30.60800000000003
 20
-13.6680000000001
 30
0.0
 40
10.61100000000009
100
AcDbArc
 50
45.84507724194283
 51
104.1549227580572
  0
ARC
  5
2D4
330
1F
100
AcDbEntity
  8
AM_0
100
AcDbCircle
 10
-30.608
 20
13.66800000000001
 30
0.0
 40
10.61099999999999
100
AcDbArc
 50
285.8450772419426
 51
344.1549227580574
  0
ARC
  5
2D5
330
1F
100
AcDbEntity
  8
AM_0
100
AcDbCircle
 10
-30.60799999999996
 20
13.66799999999996
 30
0.0
 40
10.73099999999995
100
AcDbArc
 50
285.8356264451459
 51
344.1643735548541
  0
ARC
  5
2D6
330
1F
100
AcDbEntity
  8
AM_0
100
AcDbCircle
 10
-30.608
 20
-13.66799999999999
 30
0.0
 40
10.73099999999997
100
AcDbArc
 50
345.835626445146
 51
44.164373554854
  0
ARC
  5
2D7
330
1F
100
AcDbEntity
  8
AM_0
100
AcDbCircle
 10
-30.60799999999998
 20
-13.668
 30
0.0
 40
10.61099999999998
100
AcDbArc
 50
345.8450772419425
 51
44.1549227580575
  0
ARC
  5
2D8
330
1F
100
AcDbEntity
  8
AM_0
100
AcDbCircle
 10
-30.60799999999998
 20
-13.66799999999999
 30
0.0
 40
10.61100000000003
100
AcDbArc
 50
165.8450772419427
 51
224.1549227580574
  0
ARC
  5
2D9
330
1F
100
AcDbEntity
  8
AM_0
100
AcDbCircle
 10
-30.60800000000019
 20
-13.66800000000009
 30
0.0
 40
10.73099999999984
100
AcDbArc
 50
165.8356264451453
 51
224.1643735548544
  0
ARC
  5
2DA
330
1F
100
AcDbEntity
  8
AM_0
100
AcDbCircle
 10
-30.608
 20
13.66799999999998
 30
0.0
 40
10.73100000000002
100
AcDbArc
 50
105.835626445146
 51
164.1643735548539
  0
ARC
  5
2DB
330
1F
100
AcDbEntity
  8
AM_0
100
AcDbCircle
 10
-30.608
 20
13.66800000000001
 30
0.0
 40
10.61099999999999
100
AcDbArc
 50
105.8450772419425
 51
164.1549227580575
  0
ARC
  5
2DC
330
1F
100
AcDbEntity
  8
AM_0
100
AcDbCircle
 10
-30.60800000000002
 20
13.66799999999999
 30
0.0
 40
10.73100000000002
100
AcDbArc
 50
345.835626445146
 51
44.16437355485395
  0
ARC
  5
2DD
330
1F
100
AcDbEntity
  8
AM_0
100
AcDbCircle
 10
-30.60800000000018
 20
13.66799999999999
 30
0.0
 40
10.61100000000014
100
AcDbArc
 50
345.8450772419429
 51
44.15492275805678
  0
ARC
  5
2DE
330
1F
100
AcDbEntity
  8
AM_0
100
AcDbCircle
 10
-30.60800000000014
 20
13.66800000000012
 30
0.0
 40
10.05399999999984
100
AcDbArc
 50
105.8918989098917
 51
164.1081010901083
  0
ARC
  5
2DF
330
1F
100
AcDbEntity
  8
AM_0
100
AcDbCircle
 10
-30.608
 20
13.668
 30
0.0
 40
10.174
100
AcDbArc
 50
105.8813783316953
 51
164.1186216683047
  0
ARC
  5
2E0
330
1F
100
AcDbEntity
  8
AM_0
100
AcDbCircle
 10
-30.60800000000002
 20
13.66800000000002
 30
0.0
 40
10.05400000000002
100
AcDbArc
 50
285.8918989098923
 51
344.1081010901077
  0
ARC
  5
2E1
330
1F
100
AcDbEntity
  8
AM_0
100
AcDbCircle
 10
-30.60799999999998
 20
13.66799999999998
 30
0.0
 40
10.17399999999997
100
AcDbArc
 50
285.8813783316953
 51
344.1186216683047
  0
ARC
  5
2E2
330
1F
100
AcDbEntity
  8
AM_0
100
AcDbCircle
 10
-30.60800000000001
 20
13.668
 30
0.0
 40
10.17400000000003
100
AcDbArc
 50
345.8813783316953
 51
44.11862166830465
  0
ARC
  5
2E3
330
1F
100
AcDbEntity
  8
AM_0
100
AcDbCircle
 10
-30.60800000000006
 20
13.668
 30
0.0
 40
10.05400000000005
100
AcDbArc
 50
345.8918989098923
 51
44.10810109010755
  0
ARC
  5
2E4
330
1F
100
AcDbEntity
  8
AM_0
100
AcDbCircle
 10
-30.608
 20
-13.66799999999995
 30
0.0
 40
10.17399999999997
100
AcDbArc
 50
45.88137833169513
 51
104.1186216683047
  0
ARC
  5
2E5
330
1F
100
AcDbEntity
  8
AM_0
100
AcDbCircle
 10
-30.60799999999994
 20
-13.66799999999979
 30
0.0
 40
10.05399999999981
100
AcDbArc
 50
45.89189890989167
 51
104.1081010901084
  0
ARC
  5
2E6
330
1F
100
AcDbEntity
  8
AM_0
100
AcDbCircle
 10
-30.60799999999988
 20
-13.66800000000007
 30
0.0
 40
10.1740000000001
100
AcDbArc
 50
105.8813783316958
 51
164.1186216683045
  0
ARC
  5
2E7
330
1F
100
AcDbEntity
  8
AM_0
100
AcDbCircle
 10
-30.60800000000001
 20
-13.66799999999999
 30
0.0
 40
10.05399999999999
100
AcDbArc
 50
105.8918989098922
 51
164.1081010901079
  0
ARC
  5
2E8
330
1F
100
AcDbEntity
  8
AM_0
100
AcDbCircle
 10
-30.608
 20
13.66800000000002
 30
0.0
 40
10.05400000000002
100
AcDbArc
 50
225.8918989098923
 51
284.1081010901078
  0
ARC
  5
2E9
330
1F
100
AcDbEntity
  8
AM_0
100
AcDbCircle
 10
-30.608
 20
13.66799999999993
 30
0.0
 40
10.17399999999995
100
AcDbArc
 50
225.8813783316951
 51
284.1186216683049
  0
ARC
  5
2EA
330
1F
100
AcDbEntity
  8
AM_0
100
AcDbCircle
 10
-30.60800000000001
 20
-13.66799999999999
 30
0.0
 40
10.054
100
AcDbArc
 50
165.8918989098923
 51
224.1081010901079
  0
ARC
  5
2EB
330
1F
100
AcDbEntity
  8
AM_0
100
AcDbCircle
 10
-30.60799999999996
 20
-13.66799999999996
 30
0.0
 40
10.17400000000002
100
AcDbArc
 50
165.8813783316956
 51
224.1186216683047
  0
ARC
  5
2EC
330
1F
100
AcDbEntity
  8
AM_0
100
AcDbCircle
 10
-30.608
 20
-13.66800000000001
 30
0.0
 40
10.05400000000002
100
AcDbArc
 50
225.8918989098922
 51
284.1081010901079
  0
ARC
  5
2ED
330
1F
100
AcDbEntity
  8
AM_0
100
AcDbCircle
 10
-30.608
 20
-13.66800000000007
 30
0.0
 40
10.17399999999995
100
AcDbArc
 50
225.8813783316951
 51
284.1186216683047
  0
ARC
  5
2EE
330
1F
100
AcDbEntity
  8
AM_0
100
AcDbCircle
 10
-30.608
 20
13.66799999999999
 30
0.0
 40
10.17400000000001
100
AcDbArc
 50
45.88137833169537
 51
104.1186216683047
  0
ARC
  5
2EF
330
1F
100
AcDbEntity
  8
AM_0
100
AcDbCircle
 10
-30.60799999999998
 20
13.66800000000005
 30
0.0
 40
10.05399999999995
100
AcDbArc
 50
45.89189890989209
 51
104.108101090108
  0
ARC
  5
2F0
330
1F
100
AcDbEntity
  8
AM_0
100
AcDbCircle
 10
-30.60799999999998
 20
13.66800000000002
 30
0.0
 40
10.0540000000001
100
AcDbArc
 50
165.8918989098924
 51
224.1081010901078
  0
ARC
  5
2F1
330
1F
100
AcDbEntity
  8
AM_0
100
AcDbCircle
 10
-30.60799999999985
 20
13.66800000000008
 30
0.0
 40
10.17400000000011
100
AcDbArc
 50
165.881378331696
 51
224.1186216683044
  0
ARC
  5
2F2
330
1F
100
AcDbEntity
  8
AM_0
100
AcDbCircle
 10
-30.60800000000001
 20
-13.668
 30
0.0
 40
10.05399999999996
100
AcDbArc
 50
285.8918989098923
 51
344.1081010901078
  0
ARC
  5
2F3
330
1F
100
AcDbEntity
  8
AM_0
100
AcDbCircle
 10
-30.60800000000006
 20
-13.66799999999996
 30
0.0
 40
10.17400000000006
100
AcDbArc
 50
285.8813783316956
 51
344.1186216683046
  0
ARC
  5
2F4
330
1F
100
AcDbEntity
  8
AM_0
100
AcDbCircle
 10
-30.60800000000001
 20
-13.668
 30
0.0
 40
10.17399999999999
100
AcDbArc
 50
345.8813783316953
 51
44.11862166830466
  0
ARC
  5
2F5
330
1F
100
AcDbEntity
  8
AM_0
100
AcDbCircle
 10
-30.60800000000012
 20
-13.668
 30
0.0
 40
10.05400000000009
100
AcDbArc
 50
345.8918989098924
 51
44.10810109010735
  0
ARC
  5
2F6
330
1F
100
AcDbEntity
  8
AM_0
100
AcDbCircle
 10
-30.60800000000012
 20
13.668
 30
0.0
 40
9.496000000000087
100
AcDbArc
 50
345.9443129166442
 51
44.05568708335552
  0
ARC
  5
2F7
330
1F
100
AcDbEntity
  8
AM_0
100
AcDbCircle
 10
-30.60799999999996
 20
13.66800000000001
 30
0.0
 40
9.615999999999945
100
AcDbArc
 50
345.9325275984079
 51
44.06747240159202
  0
ARC
  5
2F8
330
1F
100
AcDbEntity
  8
AM_0
100
AcDbCircle
 10
-30.60799999999999
 20
-13.66799999999996
 30
0.0
 40
9.495999999999963
100
AcDbArc
 50
45.94431291664385
 51
104.0556870833562
  0
ARC
  5
2F9
330
1F
100
AcDbEntity
  8
AM_0
100
AcDbCircle
 10
-30.60799999999999
 20
-13.66800000000005
 30
0.0
 40
9.616000000000032
100
AcDbArc
 50
45.93252759840834
 51
104.0674724015919
  0
ARC
  5
2FA
330
1F
100
AcDbEntity
  8
AM_0
100
AcDbCircle
 10
-30.60800000000003
 20
13.6679999999999
 30
0.0
 40
9.496000000000093
100
AcDbArc
 50
45.94431291664434
 51
104.0556870833557
  0
ARC
  5
2FB
330
1F
100
AcDbEntity
  8
AM_0
100
AcDbCircle
 10
-30.60799999999998
 20
13.66800000000016
 30
0.0
 40
9.615999999999875
100
AcDbArc
 50
45.93252759840755
 51
104.0674724015923
  0
ARC
  5
2FC
330
1F
100
AcDbEntity
  8
AM_0
100
AcDbCircle
 10
-30.608
 20
13.66799999999997
 30
0.0
 40
9.495999999999988
100
AcDbArc
 50
225.9443129166439
 51
284.0556870833561
  0
ARC
  5
2FD
330
1F
100
AcDbEntity
  8
AM_0
100
AcDbCircle
 10
-30.608
 20
13.66800000000001
 30
0.0
 40
9.61600000000001
100
AcDbArc
 50
225.9325275984081
 51
284.0674724015919
  0
ARC
  5
2FE
330
1F
100
AcDbEntity
  8
AM_0
100
AcDbCircle
 10
-30.60799999999998
 20
13.66799999999999
 30
0.0
 40
9.495999999999983
100
AcDbArc
 50
285.9443129166439
 51
344.0556870833561
  0
ARC
  5
2FF
330
1F
100
AcDbEntity
  8
AM_0
100
AcDbCircle
 10
-30.60799999999993
 20
13.66799999999996
 30
0.0
 40
9.61599999999994
100
AcDbArc
 50
285.9325275984077
 51
344.0674724015921
  0
ARC
  5
300
330
1F
100
AcDbEntity
  8
AM_0
100
AcDbCircle
 10
-30.60800000000007
 20
-13.66799999999993
 30
0.0
 40
9.495999999999915
100
AcDbArc
 50
105.9443129166437
 51
164.0556870833564
  0
ARC
  5
301
330
1F
100
AcDbEntity
  8
AM_0
100
AcDbCircle
 10
-30.60800000000011
 20
-13.66799999999992
 30
0.0
 40
9.615999999999888
100
AcDbArc
 50
105.9325275984076
 51
164.0674724015923
  0
ARC
  5
302
330
1F
100
AcDbEntity
  8
AM_0
100
AcDbCircle
 10
-30.60799999999999
 20
13.66800000000001
 30
0.0
 40
9.496000000000029
100
AcDbArc
 50
165.944312916644
 51
224.055687083356
  0
ARC
  5
303
330
1F
100
AcDbEntity
  8
AM_0
100
AcDbCircle
 10
-30.60799999999994
 20
13.66800000000004
 30
0.0
 40
9.61600000000005
100
AcDbArc
 50
165.9325275984085
 51
224.0674724015919
  0
ARC
  5
304
330
1F
100
AcDbEntity
  8
AM_0
100
AcDbCircle
 10
-30.60799999999984
 20
13.66799999999991
 30
0.0
 40
9.61600000000013
100
AcDbArc
 50
105.9325275984089
 51
164.0674724015917
  0
ARC
  5
305
330
1F
100
AcDbEntity
  8
AM_0
100
AcDbCircle
 10
-30.60799999999993
 20
13.66799999999994
 30
0.0
 40
9.496000000000084
100
AcDbArc
 50
105.9443129166443
 51
164.0556870833558
  0
ARC
  5
306
330
1F
100
AcDbEntity
  8
AM_0
100
AcDbCircle
 10
-30.608
 20
-13.66799999999999
 30
0.0
 40
9.615999999999993
100
AcDbArc
 50
345.9325275984081
 51
44.06747240159191
  0
ARC
  5
307
330
1F
100
AcDbEntity
  8
AM_0
100
AcDbCircle
 10
-30.60800000000001
 20
-13.66799999999999
 30
0.0
 40
9.495999999999999
100
AcDbArc
 50
345.944312916644
 51
44.05568708335596
  0
ARC
  5
308
330
1F
100
AcDbEntity
  8
AM_0
100
AcDbCircle
 10
-30.60800000000003
 20
-13.66799999999999
 30
0.0
 40
9.496000000000054
100
AcDbArc
 50
165.944312916644
 51
224.0556870833562
  0
ARC
  5
309
330
1F
100
AcDbEntity
  8
AM_0
100
AcDbCircle
 10
-30.60799999999994
 20
-13.66799999999997
 30
0.0
 40
9.616000000000053
100
AcDbArc
 50
165.9325275984084
 51
224.0674724015918
  0
ARC
  5
30A
330
1F
100
AcDbEntity
  8
AM_0
100
AcDbCircle
 10
-30.60799999999999
 20
-13.66800000000001
 30
0.0
 40
9.495999999999972
100
AcDbArc
 50
285.9443129166439
 51
344.0556870833561
  0
ARC
  5
30B
330
1F
100
AcDbEntity
  8
AM_0
100
AcDbCircle
 10
-30.60799999999998
 20
-13.66800000000001
 30
0.0
 40
9.615999999999982
100
AcDbArc
 50
285.932527598408
 51
344.067472401592
  0
ARC
  5
30C
330
1F
100
AcDbEntity
  8
AM_0
100
AcDbCircle
 10
-30.60799999999999
 20
-13.66799999999996
 30
0.0
 40
9.49599999999999
100
AcDbArc
 50
225.9443129166441
 51
284.0556870833559
  0
ARC
  5
30D
330
1F
100
AcDbEntity
  8
AM_0
100
AcDbCircle
 10
-30.60800000000001
 20
-13.6680000000001
 30
0.0
 40
9.615999999999914
100
AcDbArc
 50
225.9325275984078
 51
284.0674724015921
  0
ARC
  5
30E
330
1F
100
AcDbEntity
  8
AM_0
100
AcDbCircle
 10
-30.60799999999999
 20
-13.66799999999997
 30
0.0
 40
8.939000000000009
100
AcDbArc
 50
226.0031600438452
 51
283.9968399561548
  0
ARC
  5
30F
330
1F
100
AcDbEntity
  8
AM_0
100
AcDbCircle
 10
-30.608
 20
-13.66800000000006
 30
0.0
 40
9.058999999999951
100
AcDbArc
 50
225.9898703580141
 51
284.0101296419857
  0
ARC
  5
310
330
1F
100
AcDbEntity
  8
AM_0
100
AcDbCircle
 10
-30.60800000000003
 20
13.6679999999999
 30
0.0
 40
8.939000000000089
100
AcDbArc
 50
46.00316004384551
 51
103.9968399561546
  0
ARC
  5
311
330
1F
100
AcDbEntity
  8
AM_0
100
AcDbCircle
 10
-30.60799999999999
 20
13.66800000000006
 30
0.0
 40
9.058999999999951
100
AcDbArc
 50
45.98987035801422
 51
104.0101296419858
  0
ARC
  5
312
330
1F
100
AcDbEntity
  8
AM_0
100
AcDbCircle
 10
-30.608
 20
13.66800000000003
 30
0.0
 40
8.93900000000002
100
AcDbArc
 50
226.0031600438453
 51
283.9968399561548
  0
ARC
  5
313
330
1F
100
AcDbEntity
  8
AM_0
100
AcDbCircle
 10
-30.608
 20
13.66799999999995
 30
0.0
 40
9.058999999999957
100
AcDbArc
 50
225.9898703580142
 51
284.0101296419858
  0
ARC
  5
314
330
1F
100
AcDbEntity
  8
AM_0
100
AcDbCircle
 10
-30.608
 20
-13.668
 30
0.0
 40
9.058999999999994
100
AcDbArc
 50
345.9898703580144
 51
44.01012964198566
  0
ARC
  5
315
330
1F
100
AcDbEntity
  8
AM_0
100
AcDbCircle
 10
-30.60800000000008
 20
-13.668
 30
0.0
 40
8.939000000000052
100
AcDbArc
 50
346.0031600438453
 51
43.99683995615458
  0
ARC
  5
316
330
1F
100
AcDbEntity
  8
AM_0
100
AcDbCircle
 10
-30.60800000000003
 20
13.668
 30
0.0
 40
8.939000000000023
100
AcDbArc
 50
346.0031600438452
 51
43.99683995615475
  0
ARC
  5
317
330
1F
100
AcDbEntity
  8
AM_0
100
AcDbCircle
 10
-30.60800000000003
 20
13.66799999999999
 30
0.0
 40
9.059000000000003
100
AcDbArc
 50
345.9898703580145
 51
44.01012964198554
  0
ARC
  5
318
330
1F
100
AcDbEntity
  8
AM_0
100
AcDbCircle
 10
-30.60800000000002
 20
-13.66800000000005
 30
0.0
 40
8.939000000000043
100
AcDbArc
 50
46.00316004384524
 51
103.9968399561547
  0
ARC
  5
319
330
1F
100
AcDbEntity
  8
AM_0
100
AcDbCircle
 10
-30.60799999999999
 20
-13.66799999999996
 30
0.0
 40
9.058999999999962
100
AcDbArc
 50
45.98987035801424
 51
104.0101296419858
  0
ARC
  5
31A
330
1F
100
AcDbEntity
  8
AM_0
100
AcDbCircle
 10
-30.60799999999996
 20
13.66800000000001
 30
0.0
 40
8.939000000000037
100
AcDbArc
 50
166.0031600438454
 51
223.9968399561548
  0
ARC
  5
31B
330
1F
100
AcDbEntity
  8
AM_0
100
AcDbCircle
 10
-30.60799999999992
 20
13.66800000000003
 30
0.0
 40
9.059000000000069
100
AcDbArc
 50
165.9898703580147
 51
224.0101296419854
  0
ARC
  5
31C
330
1F
100
AcDbEntity
  8
AM_0
100
AcDbCircle
 10
-30.60799999999995
 20
13.66799999999997
 30
0.0
 40
9.059000000000044
100
AcDbArc
 50
105.9898703580147
 51
164.0101296419856
  0
ARC
  5
31D
330
1F
100
AcDbEntity
  8
AM_0
100
AcDbCircle
 10
-30.60800000000004
 20
13.66800000000004
 30
0.0
 40
8.938999999999947
100
AcDbArc
 50
106.003160043845
 51
163.9968399561551
  0
ARC
  5
31E
330
1F
100
AcDbEntity
  8
AM_0
100
AcDbCircle
 10
-30.60799999999998
 20
13.66799999999998
 30
0.0
 40
8.938999999999973
100
AcDbArc
 50
286.003160043845
 51
343.996839956155
  0
ARC
  5
31F
330
1F
100
AcDbEntity
  8
AM_0
100
AcDbCircle
 10
-30.60800000000003
 20
13.66800000000003
 30
0.0
 40
9.059000000000044
100
AcDbArc
 50
285.9898703580146
 51
344.0101296419855
  0
ARC
  5
320
330
1F
100
AcDbEntity
  8
AM_0
100
AcDbCircle
 10
-30.60800000000001
 20
-13.66799999999999
 30
0.0
 40
8.939000000000004
100
AcDbArc
 50
286.0031600438452
 51
343.9968399561548
  0
ARC
  5
321
330
1F
100
AcDbEntity
  8
AM_0
100
AcDbCircle
 10
-30.60799999999986
 20
-13.66800000000009
 30
0.0
 40
9.05899999999988
100
AcDbArc
 50
285.9898703580137
 51
344.0101296419859
  0
ARC
  5
322
330
1F
100
AcDbEntity
  8
AM_0
100
AcDbCircle
 10
-30.60799999999996
 20
-13.66799999999998
 30
0.0
 40
8.939000000000084
100
AcDbArc
 50
166.0031600438454
 51
223.9968399561548
  0
ARC
  5
323
330
1F
100
AcDbEntity
  8
AM_0
100
AcDbCircle
 10
-30.60799999999979
 20
-13.66799999999989
 30
0.0
 40
9.059000000000172
100
AcDbArc
 50
165.9898703580154
 51
224.0101296419853
  0
ARC
  5
324
330
1F
100
AcDbEntity
  8
AM_0
100
AcDbCircle
 10
-30.60800000000001
 20
-13.66799999999999
 30
0.0
 40
9.058999999999994
100
AcDbArc
 50
105.9898703580143
 51
164.0101296419857
  0
ARC
  5
325
330
1F
100
AcDbEntity
  8
AM_0
100
AcDbCircle
 10
-30.60799999999976
 20
-13.66800000000024
 30
0.0
 40
8.939000000000297
100
AcDbArc
 50
106.0031600438462
 51
163.9968399561539
  0
LINE
  5
326
330
1F
100
AcDbEntity
  8
AM_9
100
AcDbLine
 10
-13.51000000000001
 20
29.735
 30
0.0
 11
-13.51000000000001
 21
-29.735
 31
0.0
  0
LINE
  5
327
330
1F
100
AcDbEntity
  8
AM_9
100
AcDbLine
 10
-13.46
 20
29.735
 30
0.0
 11
-13.46
 21
-29.735
 31
0.0
  0
LINE
  5
328
330
1F
100
AcDbEntity
  8
AM_9
100
AcDbLine
 10
-13.11
 20
29.735
 30
0.0
 11
-13.11
 21
-29.735
 31
0.0
  0
LINE
  5
329
330
1F
100
AcDbEntity
  8
AM_9
100
AcDbLine
 10
-13.06
 20
29.735
 30
0.0
 11
-13.06
 21
-29.735
 31
0.0
  0
ARC
  5
32A
330
1F
100
AcDbEntity
  8
AM_0
100
AcDbCircle
 10
-30.60799999999999
 20
-13.66799999999999
 30
0.0
 40
8.381000000000052
100
AcDbArc
 50
226.0699571265439
 51
283.930042873456
  0
ARC
  5
32B
330
1F
100
AcDbEntity
  8
AM_0
100
AcDbCircle
 10
-30.60799999999999
 20
-13.66799999999996
 30
0.0
 40
8.501000000000035
100
AcDbArc
 50
226.0548519074394
 51
283.9451480925605
  0
ARC
  5
32C
330
1F
100
AcDbEntity
  8
AM_0
100
AcDbCircle
 10
-30.60799999999998
 20
13.6680000000001
 30
0.0
 40
8.38099999999991
100
AcDbArc
 50
46.06995712654351
 51
103.9300428734565
  0
ARC
  5
32D
330
1F
100
AcDbEntity
  8
AM_0
100
AcDbCircle
 10
-30.60799999999999
 20
13.66799999999996
 30
0.0
 40
8.501000000000023
100
AcDbArc
 50
46.05485190743949
 51
103.9451480925607
  0
ARC
  5
32E
330
1F
100
AcDbEntity
  8
AM_0
100
AcDbCircle
 10
-30.60799999999995
 20
-13.66800000000003
 30
0.0
 40
8.381000000000046
100
AcDbArc
 50
106.0699571265441
 51
163.9300428734561
  0
ARC
  5
32F
330
1F
100
AcDbEntity
  8
AM_0
100
AcDbCircle
 10
-30.60799999999989
 20
-13.66800000000007
 30
0.0
 40
8.5010000000001
100
AcDbArc
 50
106.0548519074398
 51
163.9451480925605
  0
ARC
  5
330
330
1F
100
AcDbEntity
  8
AM_0
100
AcDbCircle
 10
-30.60800000000002
 20
-13.668
 30
0.0
 40
8.380999999999986
100
AcDbArc
 50
166.0699571265439
 51
223.9300428734563
  0
ARC
  5
331
330
1F
100
AcDbEntity
  8
AM_0
100
AcDbCircle
 10
-30.60800000000008
 20
-13.66800000000004
 30
0.0
 40
8.500999999999937
100
AcDbArc
 50
166.0548519074389
 51
223.9451480925609
  0
ARC
  5
332
330
1F
100
AcDbEntity
  8
AM_0
100
AcDbCircle
 10
-30.60800000000001
 20
-13.66799999999999
 30
0.0
 40
8.381000000000018
100
AcDbArc
 50
286.0699571265439
 51
343.9300428734562
  0
ARC
  5
333
330
1F
100
AcDbEntity
  8
AM_0
100
AcDbCircle
 10
-30.6080000000001
 20
-13.66799999999994
 30
0.0
 40
8.501000000000085
100
AcDbArc
 50
286.0548519074398
 51
343.9451480925606
  0
ARC
  5
334
330
1F
100
AcDbEntity
  8
AM_0
100
AcDbCircle
 10
-30.608
 20
13.66799999999999
 30
0.0
 40
8.381000000000002
100
AcDbArc
 50
226.0699571265439
 51
283.9300428734562
  0
ARC
  5
335
330
1F
100
AcDbEntity
  8
AM_0
100
AcDbCircle
 10
-30.608
 20
13.66799999999994
 30
0.0
 40
8.500999999999948
100
AcDbArc
 50
226.054851907439
 51
283.9451480925609
  0
ARC
  5
336
330
1F
100
AcDbEntity
  8
AM_0
100
AcDbCircle
 10
-30.60800000000003
 20
13.66799999999999
 30
0.0
 40
8.381000000000009
100
AcDbArc
 50
166.0699571265438
 51
223.9300428734563
  0
ARC
  5
337
330
1F
100
AcDbEntity
  8
AM_0
100
AcDbCircle
 10
-30.60800000000005
 20
13.66799999999998
 30
0.0
 40
8.500999999999951
100
AcDbArc
 50
166.0548519074391
 51
223.9451480925609
  0
ARC
  5
338
330
1F
100
AcDbEntity
  8
AM_0
100
AcDbCircle
 10
-30.608
 20
-13.668
 30
0.0
 40
8.501000000000023
100
AcDbArc
 50
346.0548519074392
 51
43.94514809256079
  0
ARC
  5
339
330
1F
100
AcDbEntity
  8
AM_0
100
AcDbCircle
 10
-30.60799999999987
 20
-13.66799999999999
 30
0.0
 40
8.380999999999904
100
AcDbArc
 50
346.0699571265435
 51
43.93004287345673
  0
ARC
  5
33A
330
1F
100
AcDbEntity
  8
AM_0
100
AcDbCircle
 10
-30.60800000000013
 20
13.668
 30
0.0
 40
8.381000000000105
100
AcDbArc
 50
346.0699571265442
 51
43.93004287345555
  0
ARC
  5
33B
330
1F
100
AcDbEntity
  8
AM_0
100
AcDbCircle
 10
-30.60800000000001
 20
13.668
 30
0.0
 40
8.501000000000015
100
AcDbArc
 50
346.0548519074392
 51
43.94514809256071
  0
ARC
  5
33C
330
1F
100
AcDbEntity
  8
AM_0
100
AcDbCircle
 10
-30.60799999999999
 20
13.66799999999998
 30
0.0
 40
8.380999999999968
100
AcDbArc
 50
286.0699571265438
 51
343.9300428734562
  0
ARC
  5
33D
330
1F
100
AcDbEntity
  8
AM_0
100
AcDbCircle
 10
-30.60800000000008
 20
13.66800000000004
 30
0.0
 40
8.50100000000007
100
AcDbArc
 50
286.0548519074398
 51
343.9451480925607
  0
ARC
  5
33E
330
1F
100
AcDbEntity
  8
AM_0
100
AcDbCircle
 10
-30.60800000000001
 20
-13.66800000000002
 30
0.0
 40
8.381000000000014
100
AcDbArc
 50
46.06995712654389
 51
103.9300428734561
  0
ARC
  5
33F
330
1F
100
AcDbEntity
  8
AM_0
100
AcDbCircle
 10
-30.608
 20
-13.668
 30
0.0
 40
8.501000000000001
100
AcDbArc
 50
46.05485190743925
 51
103.9451480925608
  0
ARC
  5
340
330
1F
100
AcDbEntity
  8
AM_0
100
AcDbCircle
 10
-30.60800000000008
 20
13.66800000000005
 30
0.0
 40
8.50099999999993
100
AcDbArc
 50
106.0548519074388
 51
163.945148092561
  0
ARC
  5
341
330
1F
100
AcDbEntity
  8
AM_0
100
AcDbCircle
 10
-30.60799999999994
 20
13.66799999999993
 30
0.0
 40
8.381000000000077
100
AcDbArc
 50
106.0699571265441
 51
163.9300428734559
  0
LINE
  5
342
330
1F
100
AcDbEntity
  8
AM_0
100
AcDbLine
 10
-13.01000000000001
 20
29.735
 30
0.0
 11
-13.01000000000001
 21
-29.735
 31
0.0
  0
LINE
  5
343
330
1F
100
AcDbEntity
  8
AM_0
100
AcDbLine
 10
-13.61
 20
29.735
 30
0.0
 11
-13.01000000000001
 21
29.735
 31
0.0
  0
LINE
  5
344
330
1F
100
AcDbEntity
  8
AM_0
100
AcDbLine
 10
-13.61
 20
-29.735
 30
0.0
 11
-13.01000000000001
 21
-29.735
 31
0.0
  0
LINE
  5
345
330
1F
100
AcDbEntity
  8
AM_0
100
AcDbLine
 10
-13.61
 20
29.735
 30
0.0
 11
-13.61
 21
-29.735
 31
0.0
  0
LINE
  5
346
330
1F
100
AcDbEntity
  8
AM_4
100
AcDbLine
 10
-13.1
 20
29.735
 30
0.0
 11
-13.1
 21
-29.735
 31
0.0
  0
LINE
  5
347
330
1F
100
AcDbEntity
  8
AM_4
100
AcDbLine
 10
-13.52
 20
29.735
 30
0.0
 11
-13.52
 21
-29.735
 31
0.0
  0
ARC
  5
348
330
1F
100
AcDbEntity
  8
AM_0
100
AcDbCircle
 10
-30.60799999999994
 20
13.668
 30
0.0
 40
7.822999999999959
100
AcDbArc
 50
346.1462850176653
 51
43.85371498233498
  0
ARC
  5
349
330
1F
100
AcDbEntity
  8
AM_0
100
AcDbCircle
 10
-30.60800000000002
 20
13.668
 30
0.0
 40
7.943000000000038
100
AcDbArc
 50
346.1289650952826
 51
43.87103490471724
  0
ARC
  5
34A
330
1F
100
AcDbEntity
  8
AM_0
100
AcDbCircle
 10
-30.60799999999998
 20
-13.66799999999999
 30
0.0
 40
7.823000000000006
100
AcDbArc
 50
166.1462850176654
 51
223.8537149823346
  0
ARC
  5
34B
330
1F
100
AcDbEntity
  8
AM_0
100
AcDbCircle
 10
-30.60799999999973
 20
-13.66799999999986
 30
0.0
 40
7.943000000000231
100
AcDbArc
 50
166.1289650952842
 51
223.8710349047168
  0
ARC
  5
34C
330
1F
100
AcDbEntity
  8
AM_0
100
AcDbCircle
 10
-30.608
 20
13.668
 30
0.0
 40
7.823000000000016
100
AcDbArc
 50
226.1462850176653
 51
283.8537149823348
  0
ARC
  5
34D
330
1F
100
AcDbEntity
  8
AM_0
100
AcDbCircle
 10
-30.608
 20
13.66799999999998
 30
0.0
 40
7.942999999999979
100
AcDbArc
 50
226.1289650952826
 51
283.8710349047174
  0
ARC
  5
34E
330
1F
100
AcDbEntity
  8
AM_0
100
AcDbCircle
 10
-30.608
 20
-13.66799999999997
 30
0.0
 40
7.823000000000007
100
AcDbArc
 50
226.1462850176654
 51
283.8537149823346
  0
ARC
  5
34F
330
1F
100
AcDbEntity
  8
AM_0
100
AcDbCircle
 10
-30.60799999999999
 20
-13.66799999999985
 30
0.0
 40
7.943000000000116
100
AcDbArc
 50
226.1289650952834
 51
283.8710349047171
  0
ARC
  5
350
330
1F
100
AcDbEntity
  8
AM_0
100
AcDbCircle
 10
-30.60800000000001
 20
13.66799999999999
 30
0.0
 40
7.943000000000001
100
AcDbArc
 50
106.1289650952826
 51
163.8710349047173
  0
ARC
  5
351
330
1F
100
AcDbEntity
  8
AM_0
100
AcDbCircle
 10
-30.60800000000021
 20
13.66800000000021
 30
0.0
 40
7.822999999999739
100
AcDbArc
 50
106.1462850176643
 51
163.8537149823358
  0
ARC
  5
352
330
1F
100
AcDbEntity
  8
AM_0
100
AcDbCircle
 10
-30.60799999999999
 20
-13.66800000000001
 30
0.0
 40
7.822999999999977
100
AcDbArc
 50
286.1462850176653
 51
343.8537149823348
  0
ARC
  5
353
330
1F
100
AcDbEntity
  8
AM_0
100
AcDbCircle
 10
-30.60800000000006
 20
-13.66799999999998
 30
0.0
 40
7.943000000000038
100
AcDbArc
 50
286.128965095283
 51
343.8710349047173
  0
ARC
  5
354
330
1F
100
AcDbEntity
  8
AM_0
100
AcDbCircle
 10
-30.60799999999998
 20
13.66799999999997
 30
0.0
 40
7.822999999999956
100
AcDbArc
 50
286.1462850176652
 51
343.8537149823348
  0
ARC
  5
355
330
1F
100
AcDbEntity
  8
AM_0
100
AcDbCircle
 10
-30.60800000000007
 20
13.66800000000005
 30
0.0
 40
7.943000000000062
100
AcDbArc
 50
286.128965095283
 51
343.8710349047172
  0
ARC
  5
356
330
1F
100
AcDbEntity
  8
AM_0
100
AcDbCircle
 10
-30.60799999999998
 20
-13.66799999999992
 30
0.0
 40
7.82299999999993
100
AcDbArc
 50
46.14628501766504
 51
103.853714982335
  0
ARC
  5
357
330
1F
100
AcDbEntity
  8
AM_0
100
AcDbCircle
 10
-30.608
 20
-13.66799999999998
 30
0.0
 40
7.942999999999985
100
AcDbArc
 50
46.12896509528259
 51
103.8710349047174
  0
ARC
  5
358
330
1F
100
AcDbEntity
  8
AM_0
100
AcDbCircle
 10
-30.608
 20
13.66800000000002
 30
0.0
 40
7.822999999999976
100
AcDbArc
 50
46.14628501766526
 51
103.8537149823348
  0
ARC
  5
359
330
1F
100
AcDbEntity
  8
AM_0
100
AcDbCircle
 10
-30.608
 20
13.66799999999993
 30
0.0
 40
7.943000000000049
100
AcDbArc
 50
46.12896509528299
 51
103.8710349047172
  0
ARC
  5
35A
330
1F
100
AcDbEntity
  8
AM_0
100
AcDbCircle
 10
-30.60799999999998
 20
13.668
 30
0.0
 40
7.823000000000003
100
AcDbArc
 50
166.1462850176654
 51
223.8537149823346
  0
ARC
  5
35B
330
1F
100
AcDbEntity
  8
AM_0
100
AcDbCircle
 10
-30.60799999999976
 20
13.66800000000013
 30
0.0
 40
7.943000000000201
100
AcDbArc
 50
166.128965095284
 51
223.8710349047168
  0
ARC
  5
35C
330
1F
100
AcDbEntity
  8
AM_0
100
AcDbCircle
 10
-30.60799999999999
 20
-13.668
 30
0.0
 40
7.942999999999996
100
AcDbArc
 50
106.1289650952827
 51
163.8710349047175
  0
ARC
  5
35D
330
1F
100
AcDbEntity
  8
AM_0
100
AcDbCircle
 10
-30.60799999999991
 20
-13.6680000000001
 30
0.0
 40
7.823000000000116
100
AcDbArc
 50
106.1462850176657
 51
163.8537149823343
  0
ARC
  5
35E
330
1F
100
AcDbEntity
  8
AM_0
100
AcDbCircle
 10
-30.60799999999998
 20
-13.66799999999999
 30
0.0
 40
7.942999999999961
100
AcDbArc
 50
346.1289650952825
 51
43.87103490471741
  0
ARC
  5
35F
330
1F
100
AcDbEntity
  8
AM_0
100
AcDbCircle
 10
-30.608
 20
-13.668
 30
0.0
 40
7.822999999999995
100
AcDbArc
 50
346.1462850176653
 51
43.85371498233474
  0
ARC
  5
360
330
1F
100
AcDbEntity
  8
AM_0
100
AcDbCircle
 10
-30.6079999999999
 20
13.6679999999999
 30
0.0
 40
7.266000000000128
100
AcDbArc
 50
106.2341705123095
 51
163.7658294876906
  0
ARC
  5
361
330
1F
100
AcDbEntity
  8
AM_0
100
AcDbCircle
 10
-30.60799999999996
 20
13.66799999999997
 30
0.0
 40
7.386000000000037
100
AcDbArc
 50
106.2141159745615
 51
163.7858840254387
  0
ARC
  5
362
330
1F
100
AcDbEntity
  8
AM_0
100
AcDbCircle
 10
-30.608
 20
-13.66799999999998
 30
0.0
 40
7.266000000000032
100
AcDbArc
 50
226.234170512309
 51
283.765829487691
  0
ARC
  5
363
330
1F
100
AcDbEntity
  8
AM_0
100
AcDbCircle
 10
-30.60799999999999
 20
-13.668
 30
0.0
 40
7.386000000000005
100
AcDbArc
 50
226.2141159745612
 51
283.7858840254387
  0
ARC
  5
364
330
1F
100
AcDbEntity
  8
AM_0
100
AcDbCircle
 10
-30.60799999999992
 20
-13.668
 30
0.0
 40
7.265999999999936
100
AcDbArc
 50
346.2341705123088
 51
43.76582948769153
  0
ARC
  5
365
330
1F
100
AcDbEntity
  8
AM_0
100
AcDbCircle
 10
-30.60799999999999
 20
-13.66799999999999
 30
0.0
 40
7.385999999999993
100
AcDbArc
 50
346.2141159745611
 51
43.78588402543885
  0
ARC
  5
366
330
1F
100
AcDbEntity
  8
AM_0
100
AcDbCircle
 10
-30.608
 20
13.66799999999999
 30
0.0
 40
7.386000000000007
100
AcDbArc
 50
46.21411597456132
 51
103.7858840254388
  0
ARC
  5
367
330
1F
100
AcDbEntity
  8
AM_0
100
AcDbCircle
 10
-30.60799999999999
 20
13.66800000000002
 30
0.0
 40
7.265999999999973
100
AcDbArc
 50
46.23417051230889
 51
103.7658294876913
  0
ARC
  5
368
330
1F
100
AcDbEntity
  8
AM_0
100
AcDbCircle
 10
-30.608
 20
-13.66799999999999
 30
0.0
 40
7.26599999999998
100
AcDbArc
 50
166.2341705123089
 51
223.7658294876911
  0
ARC
  5
369
330
1F
100
AcDbEntity
  8
AM_0
100
AcDbCircle
 10
-30.60800000000008
 20
-13.66800000000004
 30
0.0
 40
7.385999999999924
100
AcDbArc
 50
166.2141159745608
 51
223.7858840254391
  0
ARC
  5
36A
330
1F
100
AcDbEntity
  8
AM_0
100
AcDbCircle
 10
-30.608
 20
-13.66800000000001
 30
0.0
 40
7.266000000000011
100
AcDbArc
 50
46.23417051230897
 51
103.7658294876911
  0
ARC
  5
36B
330
1F
100
AcDbEntity
  8
AM_0
100
AcDbCircle
 10
-30.608
 20
-13.668
 30
0.0
 40
7.385999999999999
100
AcDbArc
 50
46.21411597456122
 51
103.7858840254388
  0
ARC
  5
36C
330
1F
100
AcDbEntity
  8
AM_0
100
AcDbCircle
 10
-30.60800000000001
 20
13.668
 30
0.0
 40
7.386000000000033
100
AcDbArc
 50
346.2141159745613
 51
43.78588402543873
  0
ARC
  5
36D
330
1F
100
AcDbEntity
  8
AM_0
100
AcDbCircle
 10
-30.60800000000005
 20
13.668
 30
0.0
 40
7.266000000000034
100
AcDbArc
 50
346.234170512309
 51
43.76582948769083
  0
ARC
  5
36E
330
1F
100
AcDbEntity
  8
AM_0
100
AcDbCircle
 10
-30.608
 20
13.668
 30
0.0
 40
7.266000000000004
100
AcDbArc
 50
286.2341705123089
 51
343.7658294876911
  0
ARC
  5
36F
330
1F
100
AcDbEntity
  8
AM_0
100
AcDbCircle
 10
-30.60799999999993
 20
13.66799999999996
 30
0.0
 40
7.385999999999944
100
AcDbArc
 50
286.2141159745607
 51
343.7858840254389
  0
ARC
  5
370
330
1F
100
AcDbEntity
  8
AM_0
100
AcDbCircle
 10
-30.608
 20
13.66800000000001
 30
0.0
 40
7.265999999999999
100
AcDbArc
 50
226.234170512309
 51
283.7658294876911
  0
ARC
  5
371
330
1F
100
AcDbEntity
  8
AM_0
100
AcDbCircle
 10
-30.608
 20
13.66799999999999
 30
0.0
 40
7.385999999999994
100
AcDbArc
 50
226.2141159745612
 51
283.7858840254389
  0
ARC
  5
372
330
1F
100
AcDbEntity
  8
AM_0
100
AcDbCircle
 10
-30.60800000000001
 20
-13.66799999999998
 30
0.0
 40
7.265999999999987
100
AcDbArc
 50
286.234170512309
 51
343.765829487691
  0
ARC
  5
373
330
1F
100
AcDbEntity
  8
AM_0
100
AcDbCircle
 10
-30.60799999999992
 20
-13.66800000000005
 30
0.0
 40
7.385999999999928
100
AcDbArc
 50
286.2141159745607
 51
343.785884025439
  0
ARC
  5
374
330
1F
100
AcDbEntity
  8
AM_0
100
AcDbCircle
 10
-30.608
 20
13.668
 30
0.0
 40
7.26599999999998
100
AcDbArc
 50
166.234170512309
 51
223.7658294876911
  0
ARC
  5
375
330
1F
100
AcDbEntity
  8
AM_0
100
AcDbCircle
 10
-30.608
 20
13.66799999999999
 30
0.0
 40
7.385999999999991
100
AcDbArc
 50
166.2141159745612
 51
223.7858840254388
  0
ARC
  5
376
330
1F
100
AcDbEntity
  8
AM_0
100
AcDbCircle
 10
-30.60800000000004
 20
-13.66799999999996
 30
0.0
 40
7.38599999999995
100
AcDbArc
 50
106.214115974561
 51
163.785884025439
  0
ARC
  5
377
330
1F
100
AcDbEntity
  8
AM_0
100
AcDbCircle
 10
-30.60799999999981
 20
-13.66800000000019
 30
0.0
 40
7.26600000000024
100
AcDbArc
 50
106.2341705123099
 51
163.7658294876901
  0
ARC
  5
378
330
1F
100
AcDbEntity
  8
AM_0
100
AcDbCircle
 10
-30.60800000000002
 20
-13.66799999999998
 30
0.0
 40
6.708000000000037
100
AcDbArc
 50
286.3368519884174
 51
343.6631480115826
  0
ARC
  5
379
330
1F
100
AcDbEntity
  8
AM_0
100
AcDbCircle
 10
-30.608
 20
-13.66800000000001
 30
0.0
 40
6.827999999999989
100
AcDbArc
 50
286.3133530731994
 51
343.6866469268007
  0
ARC
  5
37A
330
1F
100
AcDbEntity
  8
AM_0
100
AcDbCircle
 10
-30.608
 20
-13.66799999999999
 30
0.0
 40
6.708000000000007
100
AcDbArc
 50
166.3368519884174
 51
223.6631480115829
  0
ARC
  5
37B
330
1F
100
AcDbEntity
  8
AM_0
100
AcDbCircle
 10
-30.60799999999981
 20
-13.66799999999989
 30
0.0
 40
6.828000000000158
100
AcDbArc
 50
166.3133530732007
 51
223.6866469268001
  0
ARC
  5
37C
330
1F
100
AcDbEntity
  8
AM_0
100
AcDbCircle
 10
-30.60799999999999
 20
-13.66799999999995
 30
0.0
 40
6.707999999999951
100
AcDbArc
 50
46.33685198841711
 51
103.6631480115829
  0
ARC
  5
37D
330
1F
100
AcDbEntity
  8
AM_0
100
AcDbCircle
 10
-30.608
 20
-13.66800000000003
 30
0.0
 40
6.828000000000022
100
AcDbArc
 50
46.31335307319956
 51
103.6866469268006
  0
ARC
  5
37E
330
1F
100
AcDbEntity
  8
AM_0
100
AcDbCircle
 10
-30.60799999999996
 20
13.66799999999995
 30
0.0
 40
6.708000000000051
100
AcDbArc
 50
106.3368519884176
 51
163.6631480115825
  0
ARC
  5
37F
330
1F
100
AcDbEntity
  8
AM_0
100
AcDbCircle
 10
-30.60800000000011
 20
13.66800000000008
 30
0.0
 40
6.827999999999885
100
AcDbArc
 50
106.3133530731987
 51
163.686646926801
  0
ARC
  5
380
330
1F
100
AcDbEntity
  8
AM_0
100
AcDbCircle
 10
-30.60799999999998
 20
13.66800000000001
 30
0.0
 40
6.708000000000025
100
AcDbArc
 50
166.3368519884175
 51
223.6631480115827
  0
ARC
  5
381
330
1F
100
AcDbEntity
  8
AM_0
100
AcDbCircle
 10
-30.60799999999986
 20
13.66800000000008
 30
0.0
 40
6.828000000000114
100
AcDbArc
 50
166.3133530732003
 51
223.6866469268003
  0
ARC
  5
382
330
1F
100
AcDbEntity
  8
AM_0
100
AcDbCircle
 10
-30.60800000000009
 20
-13.6679999999999
 30
0.0
 40
6.707999999999881
100
AcDbArc
 50
106.3368519884168
 51
163.6631480115834
  0
ARC
  5
383
330
1F
100
AcDbEntity
  8
AM_0
100
AcDbCircle
 10
-30.60800000000003
 20
-13.66799999999996
 30
0.0
 40
6.827999999999953
100
AcDbArc
 50
106.3133530731993
 51
163.6866469268009
  0
ARC
  5
384
330
1F
100
AcDbEntity
  8
AM_0
100
AcDbCircle
 10
-30.60799999999999
 20
13.66799999999999
 30
0.0
 40
6.707999999999978
100
AcDbArc
 50
286.3368519884173
 51
343.6631480115827
  0
ARC
  5
385
330
1F
100
AcDbEntity
  8
AM_0
100
AcDbCircle
 10
-30.60799999999991
 20
13.66799999999994
 30
0.0
 40
6.827999999999925
100
AcDbArc
 50
286.3133530731989
 51
343.6866469268008
  0
ARC
  5
386
330
1F
100
AcDbEntity
  8
AM_0
100
AcDbCircle
 10
-30.60800000000001
 20
-13.668
 30
0.0
 40
6.828000000000003
100
AcDbArc
 50
346.3133530731994
 51
43.68664692680053
  0
ARC
  5
387
330
1F
100
AcDbEntity
  8
AM_0
100
AcDbCircle
 10
-30.60800000000005
 20
-13.66799999999999
 30
0.0
 40
6.708000000000037
100
AcDbArc
 50
346.3368519884173
 51
43.66314801158232
  0
ARC
  5
388
330
1F
100
AcDbEntity
  8
AM_0
100
AcDbCircle
 10
-30.608
 20
13.66800000000004
 30
0.0
 40
6.708000000000041
100
AcDbArc
 50
226.3368519884176
 51
283.6631480115826
  0
ARC
  5
389
330
1F
100
AcDbEntity
  8
AM_0
100
AcDbCircle
 10
-30.608
 20
13.6680000000001
 30
0.0
 40
6.828000000000068
100
AcDbArc
 50
226.3133530732
 51
283.6866469268005
  0
ARC
  5
38A
330
1F
100
AcDbEntity
  8
AM_0
100
AcDbCircle
 10
-30.608
 20
13.66799999999998
 30
0.0
 40
6.828000000000008
100
AcDbArc
 50
46.31335307319961
 51
103.6866469268006
  0
ARC
  5
38B
330
1F
100
AcDbEntity
  8
AM_0
100
AcDbCircle
 10
-30.608
 20
13.668
 30
0.0
 40
6.707999999999999
100
AcDbArc
 50
46.33685198841732
 51
103.6631480115827
  0
ARC
  5
38C
330
1F
100
AcDbEntity
  8
AM_0
100
AcDbCircle
 10
-30.60800000000001
 20
13.668
 30
0.0
 40
6.828000000000007
100
AcDbArc
 50
346.3133530731995
 51
43.68664692680049
  0
ARC
  5
38D
330
1F
100
AcDbEntity
  8
AM_0
100
AcDbCircle
 10
-30.60800000000004
 20
13.668
 30
0.0
 40
6.708000000000034
100
AcDbArc
 50
346.3368519884174
 51
43.66314801158244
  0
ARC
  5
38E
330
1F
100
AcDbEntity
  8
AM_0
100
AcDbCircle
 10
-30.608
 20
-13.668
 30
0.0
 40
6.707999999999985
100
AcDbArc
 50
226.3368519884173
 51
283.6631480115827
  0
ARC
  5
38F
330
1F
100
AcDbEntity
  8
AM_0
100
AcDbCircle
 10
-30.608
 20
-13.66800000000005
 30
0.0
 40
6.82799999999996
100
AcDbArc
 50
226.3133530731991
 51
283.6866469268007
  0
ARC
  5
390
330
1F
100
AcDbEntity
  8
AM_0
100
AcDbCircle
 10
-30.60799999999997
 20
-13.66799999999998
 30
0.0
 40
6.150000000000011
100
AcDbArc
 50
166.4581719557937
 51
223.5418280442064
  0
ARC
  5
391
330
1F
100
AcDbEntity
  8
AM_0
100
AcDbCircle
 10
-30.60799999999989
 20
-13.66799999999993
 30
0.0
 40
6.270000000000088
100
AcDbArc
 50
166.4302585037447
 51
223.569741496256
  0
ARC
  5
392
330
1F
100
AcDbEntity
  8
AM_0
100
AcDbCircle
 10
-30.608
 20
-13.66799999999999
 30
0.0
 40
6.149999999999998
100
AcDbArc
 50
226.4581719557935
 51
283.5418280442064
  0
ARC
  5
393
330
1F
100
AcDbEntity
  8
AM_0
100
AcDbCircle
 10
-30.608
 20
-13.66799999999992
 30
0.0
 40
6.27000000000006
100
AcDbArc
 50
226.4302585037443
 51
283.569741496256
  0
ARC
  5
394
330
1F
100
AcDbEntity
  8
AM_0
100
AcDbCircle
 10
-30.608
 20
13.66799999999998
 30
0.0
 40
6.149999999999988
100
AcDbArc
 50
226.4581719557935
 51
283.5418280442066
  0
ARC
  5
395
330
1F
100
AcDbEntity
  8
AM_0
100
AcDbCircle
 10
-30.608
 20
13.66800000000007
 30
0.0
 40
6.270000000000055
100
AcDbArc
 50
226.4302585037443
 51
283.5697414962561
  0
ARC
  5
396
330
1F
100
AcDbEntity
  8
AM_0
100
AcDbCircle
 10
-30.60800000000004
 20
13.66799999999989
 30
0.0
 40
6.150000000000097
100
AcDbArc
 50
46.45817195579399
 51
103.5418280442059
  0
ARC
  5
397
330
1F
100
AcDbEntity
  8
AM_0
100
AcDbCircle
 10
-30.60799999999999
 20
13.668
 30
0.0
 40
6.269999999999992
100
AcDbArc
 50
46.43025850374394
 51
103.5697414962563
  0
ARC
  5
398
330
1F
100
AcDbEntity
  8
AM_0
100
AcDbCircle
 10
-30.60800000000009
 20
-13.66799999999994
 30
0.0
 40
6.269999999999921
100
AcDbArc
 50
106.4302585037432
 51
163.5697414962565
  0
ARC
  5
399
330
1F
100
AcDbEntity
  8
AM_0
100
AcDbCircle
 10
-30.60799999999989
 20
-13.66800000000011
 30
0.0
 40
6.150000000000128
100
AcDbArc
 50
106.4581719557941
 51
163.5418280442059
  0
ARC
  5
39A
330
1F
100
AcDbEntity
  8
AM_0
100
AcDbCircle
 10
-30.608
 20
13.668
 30
0.0
 40
6.150000000000028
100
AcDbArc
 50
166.4581719557935
 51
223.5418280442065
  0
ARC
  5
39B
330
1F
100
AcDbEntity
  8
AM_0
100
AcDbCircle
 10
-30.60800000000004
 20
13.66799999999997
 30
0.0
 40
6.269999999999965
100
AcDbArc
 50
166.4302585037435
 51
223.5697414962563
  0
ARC
  5
39C
330
1F
100
AcDbEntity
  8
AM_0
100
AcDbCircle
 10
-30.608
 20
-13.66799999999999
 30
0.0
 40
6.150000000000004
100
AcDbArc
 50
286.4581719557934
 51
343.5418280442065
  0
ARC
  5
39D
330
1F
100
AcDbEntity
  8
AM_0
100
AcDbCircle
 10
-30.60800000000005
 20
-13.66799999999997
 30
0.0
 40
6.270000000000042
100
AcDbArc
 50
286.4302585037441
 51
343.5697414962561
  0
ARC
  5
39E
330
1F
100
AcDbEntity
  8
AM_0
100
AcDbCircle
 10
-30.60799999999999
 20
13.66799999999999
 30
0.0
 40
6.149999999999984
100
AcDbArc
 50
286.4581719557935
 51
343.5418280442066
  0
ARC
  5
39F
330
1F
100
AcDbEntity
  8
AM_0
100
AcDbCircle
 10
-30.60799999999999
 20
13.66799999999998
 30
0.0
 40
6.269999999999977
100
AcDbArc
 50
286.4302585037438
 51
343.5697414962563
  0
ARC
  5
3A0
330
1F
100
AcDbEntity
  8
AM_0
100
AcDbCircle
 10
-30.60800000000003
 20
13.668
 30
0.0
 40
6.269999999999984
100
AcDbArc
 50
346.4302585037439
 51
43.569741496256
  0
ARC
  5
3A1
330
1F
100
AcDbEntity
  8
AM_0
100
AcDbCircle
 10
-30.60800000000002
 20
13.66799999999999
 30
0.0
 40
6.150000000000021
100
AcDbArc
 50
346.4581719557937
 51
43.54182804420648
  0
ARC
  5
3A2
330
1F
100
AcDbEntity
  8
AM_0
100
AcDbCircle
 10
-30.608
 20
-13.66799999999999
 30
0.0
 40
6.269999999999992
100
AcDbArc
 50
346.4302585037437
 51
43.56974149625618
  0
ARC
  5
3A3
330
1F
100
AcDbEntity
  8
AM_0
100
AcDbCircle
 10
-30.60799999999999
 20
-13.66800000000001
 30
0.0
 40
6.149999999999996
100
AcDbArc
 50
346.4581719557935
 51
43.54182804420668
  0
ARC
  5
3A4
330
1F
100
AcDbEntity
  8
AM_0
100
AcDbCircle
 10
-30.608
 20
-13.66800000000005
 30
0.0
 40
6.270000000000036
100
AcDbArc
 50
46.43025850374418
 51
103.5697414962561
  0
ARC
  5
3A5
330
1F
100
AcDbEntity
  8
AM_0
100
AcDbCircle
 10
-30.60799999999999
 20
-13.66799999999997
 30
0.0
 40
6.149999999999972
100
AcDbArc
 50
46.45817195579338
 51
103.5418280442067
  0
ARC
  5
3A6
330
1F
100
AcDbEntity
  8
AM_0
100
AcDbCircle
 10
-30.60799999999976
 20
13.66799999999976
 30
0.0
 40
6.150000000000292
100
AcDbArc
 50
106.458171955795
 51
163.5418280442051
  0
ARC
  5
3A7
330
1F
100
AcDbEntity
  8
AM_0
100
AcDbCircle
 10
-30.60800000000004
 20
13.66800000000001
 30
0.0
 40
6.269999999999975
100
AcDbArc
 50
106.4302585037435
 51
163.5697414962562
  0
ARC
  5
3A8
330
1F
100
AcDbEntity
  8
AM_0
100
AcDbCircle
 10
-30.608
 20
13.66800000000001
 30
0.0
 40
5.592000000000006
100
AcDbArc
 50
226.60371252323
 51
283.3962874767701
  0
ARC
  5
3A9
330
1F
100
AcDbEntity
  8
AM_0
100
AcDbCircle
 10
-30.608
 20
13.66799999999998
 30
0.0
 40
5.712999999999983
100
AcDbArc
 50
226.5697376751755
 51
283.4302623248246
  0
ARC
  5
3AA
330
1F
100
AcDbEntity
  8
AM_0
100
AcDbCircle
 10
-30.60799999999999
 20
-13.66800000000001
 30
0.0
 40
5.592
100
AcDbArc
 50
286.6037125232298
 51
343.3962874767702
  0
ARC
  5
3AB
330
1F
100
AcDbEntity
  8
AM_0
100
AcDbCircle
 10
-30.60799999999999
 20
-13.66800000000001
 30
0.0
 40
5.712999999999989
100
AcDbArc
 50
286.5697376751754
 51
343.4302623248246
  0
ARC
  5
3AC
330
1F
100
AcDbEntity
  8
AM_0
100
AcDbCircle
 10
-30.608
 20
-13.66800000000004
 30
0.0
 40
5.713000000000031
100
AcDbArc
 50
46.56973767517573
 51
103.4302623248244
  0
ARC
  5
3AD
330
1F
100
AcDbEntity
  8
AM_0
100
AcDbCircle
 10
-30.60799999999999
 20
-13.66799999999999
 30
0.0
 40
5.591999999999995
100
AcDbArc
 50
46.60371252322988
 51
103.3962874767702
  0
ARC
  5
3AE
330
1F
100
AcDbEntity
  8
AM_0
100
AcDbCircle
 10
-30.608
 20
13.668
 30
0.0
 40
5.592000000000009
100
AcDbArc
 50
286.6037125232299
 51
343.3962874767702
  0
ARC
  5
3AF
330
1F
100
AcDbEntity
  8
AM_0
100
AcDbCircle
 10
-30.60799999999995
 20
13.66799999999996
 30
0.0
 40
5.712999999999946
100
AcDbArc
 50
286.5697376751752
 51
343.4302623248248
  0
ARC
  5
3B0
330
1F
100
AcDbEntity
  8
AM_0
100
AcDbCircle
 10
-30.608
 20
-13.66799999999998
 30
0.0
 40
5.592000000000015
100
AcDbArc
 50
226.6037125232299
 51
283.3962874767701
  0
ARC
  5
3B1
330
1F
100
AcDbEntity
  8
AM_0
100
AcDbCircle
 10
-30.608
 20
-13.66800000000004
 30
0.0
 40
5.712999999999967
100
AcDbArc
 50
226.5697376751752
 51
283.4302623248246
  0
ARC
  5
3B2
330
1F
100
AcDbEntity
  8
AM_0
100
AcDbCircle
 10
-30.60800000000002
 20
13.66799999999999
 30
0.0
 40
5.591999999999949
100
AcDbArc
 50
166.6037125232298
 51
223.3962874767702
  0
ARC
  5
3B3
330
1F
100
AcDbEntity
  8
AM_0
100
AcDbCircle
 10
-30.60799999999997
 20
13.66800000000001
 30
0.0
 40
5.713000000000024
100
AcDbArc
 50
166.5697376751758
 51
223.4302623248244
  0
ARC
  5
3B4
330
1F
100
AcDbEntity
  8
AM_0
100
AcDbCircle
 10
-30.60799999999998
 20
-13.66799999999999
 30
0.0
 40
5.591999999999998
100
AcDbArc
 50
166.6037125232301
 51
223.3962874767701
  0
ARC
  5
3B5
330
1F
100
AcDbEntity
  8
AM_0
100
AcDbCircle
 10
-30.60799999999996
 20
-13.66799999999997
 30
0.0
 40
5.713000000000031
100
AcDbArc
 50
166.5697376751759
 51
223.4302623248244
  0
ARC
  5
3B6
330
1F
100
AcDbEntity
  8
AM_0
100
AcDbCircle
 10
-30.60800000000004
 20
-13.668
 30
0.0
 40
5.592000000000024
100
AcDbArc
 50
346.6037125232298
 51
43.39628747676988
  0
ARC
  5
3B7
330
1F
100
AcDbEntity
  8
AM_0
100
AcDbCircle
 10
-30.60800000000001
 20
-13.668
 30
0.0
 40
5.712999999999994
100
AcDbArc
 50
346.5697376751755
 51
43.43026232482443
  0
ARC
  5
3B8
330
1F
100
AcDbEntity
  8
AM_0
100
AcDbCircle
 10
-30.60799999999992
 20
13.66799999999995
 30
0.0
 40
5.713000000000063
100
AcDbArc
 50
106.5697376751762
 51
163.4302623248244
  0
ARC
  5
3B9
330
1F
100
AcDbEntity
  8
AM_0
100
AcDbCircle
 10
-30.60799999999987
 20
13.66799999999988
 30
0.0
 40
5.592000000000146
100
AcDbArc
 50
106.6037125232308
 51
163.3962874767694
  0
ARC
  5
3BA
330
1F
100
AcDbEntity
  8
AM_0
100
AcDbCircle
 10
-30.60799999999994
 20
-13.66800000000006
 30
0.0
 40
5.592000000000073
100
AcDbArc
 50
106.6037125232303
 51
163.3962874767698
  0
ARC
  5
3BB
330
1F
100
AcDbEntity
  8
AM_0
100
AcDbCircle
 10
-30.60799999999992
 20
-13.66800000000006
 30
0.0
 40
5.713000000000082
100
AcDbArc
 50
106.5697376751761
 51
163.4302623248243
  0
ARC
  5
3BC
330
1F
100
AcDbEntity
  8
AM_0
100
AcDbCircle
 10
-30.608
 20
13.66800000000008
 30
0.0
 40
5.712999999999944
100
AcDbArc
 50
46.56973767517502
 51
103.4302623248247
  0
ARC
  5
3BD
330
1F
100
AcDbEntity
  8
AM_0
100
AcDbCircle
 10
-30.60800000000004
 20
13.66799999999986
 30
0.0
 40
5.592000000000129
100
AcDbArc
 50
46.60371252323063
 51
103.3962874767694
  0
ARC
  5
3BE
330
1F
100
AcDbEntity
  8
AM_0
100
AcDbCircle
 10
-30.60800000000001
 20
13.668
 30
0.0
 40
5.713000000000026
100
AcDbArc
 50
346.5697376751755
 51
43.43026232482444
  0
ARC
  5
3BF
330
1F
100
AcDbEntity
  8
AM_0
100
AcDbCircle
 10
-30.60800000000009
 20
13.668
 30
0.0
 40
5.59200000000007
100
AcDbArc
 50
346.6037125232301
 51
43.39628747676949
  0
ARC
  5
3C0
330
1F
100
AcDbEntity
  8
AM_0
100
AcDbCircle
 10
-30.60800000000003
 20
13.66799999999999
 30
0.0
 40
5.034999999999977
100
AcDbArc
 50
166.7811785401906
 51
223.2188214598094
  0
ARC
  5
3C1
330
1F
100
AcDbEntity
  8
AM_0
100
AcDbCircle
 10
-30.60800000000012
 20
13.66799999999994
 30
0.0
 40
5.154999999999897
100
AcDbArc
 50
166.7397027072413
 51
223.2602972927583
  0
ARC
  5
3C2
330
1F
100
AcDbEntity
  8
AM_0
100
AcDbCircle
 10
-30.608
 20
13.66799999999999
 30
0.0
 40
5.035000000000006
100
AcDbArc
 50
106.7811785401908
 51
163.2188214598091
  0
ARC
  5
3C3
330
1F
100
AcDbEntity
  8
AM_0
100
AcDbCircle
 10
-30.60799999999998
 20
13.66799999999999
 30
0.0
 40
5.155000000000014
100
AcDbArc
 50
106.7397027072423
 51
163.2602972927578
  0
ARC
  5
3C4
330
1F
100
AcDbEntity
  8
AM_0
100
AcDbCircle
 10
-30.608
 20
-13.66799999999999
 30
0.0
 40
5.035000000000005
100
AcDbArc
 50
226.7811785401908
 51
283.2188214598093
  0
ARC
  5
3C5
330
1F
100
AcDbEntity
  8
AM_0
100
AcDbCircle
 10
-30.60799999999999
 20
-13.66799999999993
 30
0.0
 40
5.155000000000054
100
AcDbArc
 50
226.7397027072427
 51
283.2602972927576
  0
ARC
  5
3C6
330
1F
100
AcDbEntity
  8
AM_0
100
AcDbCircle
 10
-30.60800000000002
 20
-13.66799999999998
 30
0.0
 40
5.034999999999999
100
AcDbArc
 50
286.7811785401909
 51
343.2188214598091
  0
ARC
  5
3C7
330
1F
100
AcDbEntity
  8
AM_0
100
AcDbCircle
 10
-30.60799999999997
 20
-13.66800000000002
 30
0.0
 40
5.154999999999974
100
AcDbArc
 50
286.7397027072419
 51
343.2602972927579
  0
ARC
  5
3C8
330
1F
100
AcDbEntity
  8
AM_0
100
AcDbCircle
 10
-30.60800000000004
 20
-13.66800000000014
 30
0.0
 40
5.035000000000126
100
AcDbArc
 50
46.78117854019158
 51
103.2188214598085
  0
ARC
  5
3C9
330
1F
100
AcDbEntity
  8
AM_0
100
AcDbCircle
 10
-30.60799999999999
 20
-13.66799999999991
 30
0.0
 40
5.154999999999932
100
AcDbArc
 50
46.7397027072416
 51
103.2602972927581
  0
ARC
  5
3CA
330
1F
100
AcDbEntity
  8
AM_0
100
AcDbCircle
 10
-30.60799999999999
 20
13.66799999999996
 30
0.0
 40
5.155000000000022
100
AcDbArc
 50
46.73970270724254
 51
103.2602972927578
  0
ARC
  5
3CB
330
1F
100
AcDbEntity
  8
AM_0
100
AcDbCircle
 10
-30.608
 20
13.66800000000001
 30
0.0
 40
5.034999999999984
100
AcDbArc
 50
46.78117854019073
 51
103.2188214598093
  0
ARC
  5
3CC
330
1F
100
AcDbEntity
  8
AM_0
100
AcDbCircle
 10
-30.60799999999999
 20
13.66799999999999
 30
0.0
 40
5.034999999999977
100
AcDbArc
 50
286.7811785401908
 51
343.2188214598094
  0
ARC
  5
3CD
330
1F
100
AcDbEntity
  8
AM_0
100
AcDbCircle
 10
-30.6079999999999
 20
13.66799999999994
 30
0.0
 40
5.154999999999914
100
AcDbArc
 50
286.7397027072414
 51
343.2602972927582
  0
ARC
  5
3CE
330
1F
100
AcDbEntity
  8
AM_0
100
AcDbCircle
 10
-30.60799999999984
 20
-13.6680000000001
 30
0.0
 40
5.155000000000145
100
AcDbArc
 50
106.7397027072435
 51
163.2602972927573
  0
ARC
  5
3CF
330
1F
100
AcDbEntity
  8
AM_0
100
AcDbCircle
 10
-30.60800000000012
 20
-13.66799999999988
 30
0.0
 40
5.034999999999853
100
AcDbArc
 50
106.7811785401898
 51
163.2188214598102
  0
ARC
  5
3D0
330
1F
100
AcDbEntity
  8
AM_0
100
AcDbCircle
 10
-30.608
 20
-13.66799999999999
 30
0.0
 40
5.035000000000001
100
AcDbArc
 50
166.7811785401908
 51
223.2188214598092
  0
ARC
  5
3D1
330
1F
100
AcDbEntity
  8
AM_0
100
AcDbCircle
 10
-30.60800000000004
 20
-13.66800000000002
 30
0.0
 40
5.154999999999969
100
AcDbArc
 50
166.7397027072419
 51
223.2602972927579
  0
ARC
  5
3D2
330
1F
100
AcDbEntity
  8
AM_0
100
AcDbCircle
 10
-30.60800000000001
 20
13.668
 30
0.0
 40
5.03499999999998
100
AcDbArc
 50
226.7811785401908
 51
283.2188214598094
  0
ARC
  5
3D3
330
1F
100
AcDbEntity
  8
AM_0
100
AcDbCircle
 10
-30.608
 20
13.668
 30
0.0
 40
5.155000000000008
100
AcDbArc
 50
226.7397027072422
 51
283.2602972927579
  0
ARC
  5
3D4
330
1F
100
AcDbEntity
  8
AM_0
100
AcDbCircle
 10
-30.60800000000001
 20
13.668
 30
0.0
 40
5.154999999999981
100
AcDbArc
 50
346.7397027072421
 51
43.26029729275773
  0
ARC
  5
3D5
330
1F
100
AcDbEntity
  8
AM_0
100
AcDbCircle
 10
-30.60800000000005
 20
13.66799999999999
 30
0.0
 40
5.035000000000038
100
AcDbArc
 50
346.781178540191
 51
43.21882145980893
  0
ARC
  5
3D6
330
1F
100
AcDbEntity
  8
AM_0
100
AcDbCircle
 10
-30.60799999999999
 20
-13.66799999999999
 30
0.0
 40
5.154999999999969
100
AcDbArc
 50
346.739702707242
 51
43.26029729275788
  0
ARC
  5
3D7
330
1F
100
AcDbEntity
  8
AM_0
100
AcDbCircle
 10
-30.60799999999994
 20
-13.66799999999999
 30
0.0
 40
5.03499999999995
100
AcDbArc
 50
346.7811785401905
 51
43.21882145980964
  0
ARC
  5
3D8
330
1F
100
AcDbEntity
  8
AM_0
100
AcDbCircle
 10
-30.6079999999999
 20
13.668
 30
0.0
 40
4.487999999999936
100
AcDbArc
 50
346.9983528774315
 51
43.001647122569
  0
ARC
  5
3D9
330
1F
100
AcDbEntity
  8
AM_0
100
AcDbCircle
 10
-30.60800000000003
 20
13.668
 30
0.0
 40
4.608000000000005
100
AcDbArc
 50
346.9462921439786
 51
43.05370785602135
  0
ARC
  5
3DA
330
1F
100
AcDbEntity
  8
AM_0
100
AcDbCircle
 10
-30.60800000000001
 20
-13.668
 30
0.0
 40
4.608000000000015
100
AcDbArc
 50
346.9462921439784
 51
43.05370785602148
  0
ARC
  5
3DB
330
1F
100
AcDbEntity
  8
AM_0
100
AcDbCircle
 10
-30.60799999999991
 20
-13.668
 30
0.0
 40
4.48799999999994
100
AcDbArc
 50
346.9983528774315
 51
43.001647122569
  0
ARC
  5
3DC
330
1F
100
AcDbEntity
  8
AM_0
100
AcDbCircle
 10
-30.60800000000001
 20
-13.66799999999999
 30
0.0
 40
4.488000000000005
100
AcDbArc
 50
286.9983528774318
 51
343.0016471225681
  0
ARC
  5
3DD
330
1F
100
AcDbEntity
  8
AM_0
100
AcDbCircle
 10
-30.60800000000003
 20
-13.66799999999997
 30
0.0
 40
4.608000000000026
100
AcDbArc
 50
286.9462921439787
 51
343.0537078560214
  0
ARC
  5
3DE
330
1F
100
AcDbEntity
  8
AM_0
100
AcDbCircle
 10
-30.60799999999999
 20
13.66800000000001
 30
0.0
 40
4.488000000000024
100
AcDbArc
 50
226.9983528774319
 51
283.0016471225682
  0
ARC
  5
3DF
330
1F
100
AcDbEntity
  8
AM_0
100
AcDbCircle
 10
-30.608
 20
13.66800000000001
 30
0.0
 40
4.607999999999998
100
AcDbArc
 50
226.9462921439786
 51
283.0537078560216
  0
ARC
  5
3E0
330
1F
100
AcDbEntity
  8
AM_0
100
AcDbCircle
 10
-30.608
 20
13.668
 30
0.0
 40
4.488000000000002
100
AcDbArc
 50
166.9983528774319
 51
223.0016471225683
  0
ARC
  5
3E1
330
1F
100
AcDbEntity
  8
AM_0
100
AcDbCircle
 10
-30.60799999999993
 20
13.66800000000004
 30
0.0
 40
4.608000000000062
100
AcDbArc
 50
166.9462921439792
 51
223.0537078560214
  0
ARC
  5
3E2
330
1F
100
AcDbEntity
  8
AM_0
100
AcDbCircle
 10
-30.60799999999998
 20
-13.66799999999999
 30
0.0
 40
4.487999999999986
100
AcDbArc
 50
166.9983528774319
 51
223.001647122568
  0
ARC
  5
3E3
330
1F
100
AcDbEntity
  8
AM_0
100
AcDbCircle
 10
-30.60799999999998
 20
-13.66799999999998
 30
0.0
 40
4.608000000000009
100
AcDbArc
 50
166.9462921439788
 51
223.0537078560216
  0
ARC
  5
3E4
330
1F
100
AcDbEntity
  8
AM_0
100
AcDbCircle
 10
-30.60799999999992
 20
-13.66800000000003
 30
0.0
 40
4.608000000000061
100
AcDbArc
 50
106.9462921439793
 51
163.0537078560215
  0
ARC
  5
3E5
330
1F
100
AcDbEntity
  8
AM_0
100
AcDbCircle
 10
-30.60800000000029
 20
-13.6679999999997
 30
0.0
 40
4.487999999999634
100
AcDbArc
 50
106.9983528774294
 51
163.0016471225709
  0
ARC
  5
3E6
330
1F
100
AcDbEntity
  8
AM_0
100
AcDbCircle
 10
-30.60799999999997
 20
-13.66799999999991
 30
0.0
 40
4.487999999999922
100
AcDbArc
 50
46.99835287743132
 51
103.0016471225688
  0
ARC
  5
3E7
330
1F
100
AcDbEntity
  8
AM_0
100
AcDbCircle
 10
-30.608
 20
-13.668
 30
0.0
 40
4.608000000000001
100
AcDbArc
 50
46.94629214397848
 51
103.0537078560216
  0
ARC
  5
3E8
330
1F
100
AcDbEntity
  8
AM_0
100
AcDbCircle
 10
-30.60799999999999
 20
13.66799999999993
 30
0.0
 40
4.608000000000044
100
AcDbArc
 50
46.94629214397916
 51
103.0537078560214
  0
ARC
  5
3E9
330
1F
100
AcDbEntity
  8
AM_0
100
AcDbCircle
 10
-30.60799999999998
 20
13.66800000000005
 30
0.0
 40
4.487999999999951
100
AcDbArc
 50
46.99835287743152
 51
103.0016471225686
  0
ARC
  5
3EA
330
1F
100
AcDbEntity
  8
AM_0
100
AcDbCircle
 10
-30.60799999999999
 20
13.66799999999999
 30
0.0
 40
4.487999999999992
100
AcDbArc
 50
286.9983528774317
 51
343.0016471225683
  0
ARC
  5
3EB
330
1F
100
AcDbEntity
  8
AM_0
100
AcDbCircle
 10
-30.60799999999992
 20
13.66799999999994
 30
0.0
 40
4.607999999999926
100
AcDbArc
 50
286.9462921439778
 51
343.053707856022
  0
ARC
  5
3EC
330
1F
100
AcDbEntity
  8
AM_0
100
AcDbCircle
 10
-30.608
 20
-13.66799999999999
 30
0.0
 40
4.488000000000004
100
AcDbArc
 50
226.9983528774318
 51
283.0016471225682
  0
ARC
  5
3ED
330
1F
100
AcDbEntity
  8
AM_0
100
AcDbCircle
 10
-30.608
 20
-13.66799999999998
 30
0.0
 40
4.608000000000016
100
AcDbArc
 50
226.9462921439785
 51
283.0537078560216
  0
ARC
  5
3EE
330
1F
100
AcDbEntity
  8
AM_0
100
AcDbCircle
 10
-30.60799999999987
 20
13.66799999999992
 30
0.0
 40
4.608000000000112
100
AcDbArc
 50
106.9462921439798
 51
163.0537078560212
  0
ARC
  5
3EF
330
1F
100
AcDbEntity
  8
AM_0
100
AcDbCircle
 10
-30.60799999999987
 20
13.66799999999988
 30
0.0
 40
4.488000000000151
100
AcDbArc
 50
106.9983528774329
 51
163.0016471225672
  0
ARC
  5
3F0
330
1F
100
AcDbEntity
  8
AM_0
100
AcDbCircle
 10
-30.60799999999991
 20
-13.66799999999999
 30
0.0
 40
3.918999999999925
100
AcDbArc
 50
347.2886385364267
 51
42.71136146357357
  0
ARC
  5
3F1
330
1F
100
AcDbEntity
  8
AM_0
100
AcDbCircle
 10
-30.60799999999999
 20
-13.66799999999999
 30
0.0
 40
4.039000000000004
100
AcDbArc
 50
347.2206077546178
 51
42.77939224538197
  0
ARC
  5
3F2
330
1F
100
AcDbEntity
  8
AM_0
100
AcDbCircle
 10
-30.60799999999999
 20
13.66799999999997
 30
0.0
 40
3.918999999999985
100
AcDbArc
 50
287.2886385364272
 51
342.7113614635732
  0
ARC
  5
3F3
330
1F
100
AcDbEntity
  8
AM_0
100
AcDbCircle
 10
-30.60799999999997
 20
13.66799999999998
 30
0.0
 40
4.038999999999975
100
AcDbArc
 50
287.2206077546178
 51
342.779392245382
  0
ARC
  5
3F4
330
1F
100
AcDbEntity
  8
AM_0
100
AcDbCircle
 10
-30.60799999999999
 20
13.66800000000001
 30
0.0
 40
3.919000000000008
100
AcDbArc
 50
167.2886385364274
 51
222.7113614635728
  0
ARC
  5
3F5
330
1F
100
AcDbEntity
  8
AM_0
100
AcDbCircle
 10
-30.60800000000003
 20
13.66799999999998
 30
0.0
 40
4.038999999999977
100
AcDbArc
 50
167.2206077546177
 51
222.7793922453819
  0
ARC
  5
3F6
330
1F
100
AcDbEntity
  8
AM_0
100
AcDbCircle
 10
-30.608
 20
13.66800000000001
 30
0.0
 40
3.91899999999998
100
AcDbArc
 50
227.2886385364275
 51
282.7113614635729
  0
ARC
  5
3F7
330
1F
100
AcDbEntity
  8
AM_0
100
AcDbCircle
 10
-30.60799999999999
 20
13.66800000000005
 30
0.0
 40
4.039000000000049
100
AcDbArc
 50
227.2206077546186
 51
282.7793922453817
  0
ARC
  5
3F8
330
1F
100
AcDbEntity
  8
AM_0
100
AcDbCircle
 10
-30.60800000000002
 20
-13.668
 30
0.0
 40
3.918999999999976
100
AcDbArc
 50
167.2886385364272
 51
222.7113614635729
  0
ARC
  5
3F9
330
1F
100
AcDbEntity
  8
AM_0
100
AcDbCircle
 10
-30.60800000000012
 20
-13.66800000000005
 30
0.0
 40
4.038999999999895
100
AcDbArc
 50
167.220607754617
 51
222.7793922453824
  0
ARC
  5
3FA
330
1F
100
AcDbEntity
  8
AM_0
100
AcDbCircle
 10
-30.608
 20
-13.66799999999999
 30
0.0
 40
3.919000000000019
100
AcDbArc
 50
227.2886385364272
 51
282.7113614635728
  0
ARC
  5
3FB
330
1F
100
AcDbEntity
  8
AM_0
100
AcDbCircle
 10
-30.608
 20
-13.66799999999997
 30
0.0
 40
4.039000000000024
100
AcDbArc
 50
227.2206077546183
 51
282.7793922453817
  0
ARC
  5
3FC
330
1F
100
AcDbEntity
  8
AM_0
100
AcDbCircle
 10
-30.60800000000002
 20
13.668
 30
0.0
 40
3.919000000000017
100
AcDbArc
 50
347.2886385364273
 51
42.71136146357248
  0
ARC
  5
3FD
330
1F
100
AcDbEntity
  8
AM_0
100
AcDbCircle
 10
-30.608
 20
13.668
 30
0.0
 40
4.038999999999993
100
AcDbArc
 50
347.2206077546181
 51
42.7793922453817
  0
ARC
  5
3FE
330
1F
100
AcDbEntity
  8
AM_0
100
AcDbCircle
 10
-30.60800000000006
 20
-13.66799999999991
 30
0.0
 40
3.919000000000088
100
AcDbArc
 50
287.2886385364277
 51
342.7113614635717
  0
ARC
  5
3FF
330
1F
100
AcDbEntity
  8
AM_0
100
AcDbCircle
 10
-30.60800000000002
 20
-13.66799999999999
 30
0.0
 40
4.039000000000021
100
AcDbArc
 50
287.2206077546183
 51
342.7793922453817
  0
ARC
  5
400
330
1F
100
AcDbEntity
  8
AM_0
100
AcDbCircle
 10
-30.60800000000008
 20
-13.66800000000028
 30
0.0
 40
3.919000000000258
100
AcDbArc
 50
47.28863853642927
 51
102.7113614635707
  0
ARC
  5
401
330
1F
100
AcDbEntity
  8
AM_0
100
AcDbCircle
 10
-30.60799999999999
 20
-13.66800000000004
 30
0.0
 40
4.039000000000024
100
AcDbArc
 50
47.22060775461861
 51
102.7793922453818
  0
ARC
  5
402
330
1F
100
AcDbEntity
  8
AM_0
100
AcDbCircle
 10
-30.60800000000003
 20
13.66800000000001
 30
0.0
 40
4.038999999999977
100
AcDbArc
 50
107.2206077546178
 51
162.779392245382
  0
ARC
  5
403
330
1F
100
AcDbEntity
  8
AM_0
100
AcDbCircle
 10
-30.60800000000008
 20
13.66800000000009
 30
0.0
 40
3.918999999999897
100
AcDbArc
 50
107.2886385364266
 51
162.7113614635737
  0
ARC
  5
404
330
1F
100
AcDbEntity
  8
AM_0
100
AcDbCircle
 10
-30.60799999999999
 20
13.66800000000005
 30
0.0
 40
3.918999999999956
100
AcDbArc
 50
47.28863853642702
 51
102.7113614635731
  0
ARC
  5
405
330
1F
100
AcDbEntity
  8
AM_0
100
AcDbCircle
 10
-30.608
 20
13.6679999999999
 30
0.0
 40
4.039000000000068
100
AcDbArc
 50
47.22060775461919
 51
102.7793922453816
  0
ARC
  5
406
330
1F
100
AcDbEntity
  8
AM_0
100
AcDbCircle
 10
-30.60800000000005
 20
-13.66799999999996
 30
0.0
 40
4.038999999999948
100
AcDbArc
 50
107.2206077546177
 51
162.7793922453823
  0
ARC
  5
407
330
1F
100
AcDbEntity
  8
AM_0
100
AcDbCircle
 10
-30.60800000000006
 20
-13.66799999999994
 30
0.0
 40
3.918999999999924
100
AcDbArc
 50
107.2886385364266
 51
162.7113614635734
  0
ARC
  5
408
330
1F
100
AcDbEntity
  8
AM_0
100
AcDbCircle
 10
-30.60800000000001
 20
-13.668
 30
0.0
 40
3.585000000000029
100
AcDbArc
 50
347.5019916076187
 51
42.49800839238097
  0
ARC
  5
409
330
1F
100
AcDbEntity
  8
AM_0
100
AcDbCircle
 10
-30.60799999999987
 20
-13.668
 30
0.0
 40
3.473999999999904
100
AcDbArc
 50
347.581987663714
 51
42.41801233628701
  0
ARC
  5
40A
330
1F
100
AcDbEntity
  8
AM_0
100
AcDbCircle
 10
-30.608
 20
-13.66799999999994
 30
0.0
 40
3.473999999999942
100
AcDbArc
 50
47.5819876637138
 51
102.4180123362858
  0
ARC
  5
40B
330
1F
100
AcDbEntity
  8
AM_0
100
AcDbCircle
 10
-30.60799999999999
 20
-13.66799999999995
 30
0.0
 40
3.584999999999952
100
AcDbArc
 50
47.50199160761846
 51
102.4980083923814
  0
ARC
  5
40C
330
1F
100
AcDbEntity
  8
AM_0
100
AcDbCircle
 10
-30.60799999999976
 20
-13.66800000000023
 30
0.0
 40
3.474000000000296
100
AcDbArc
 50
107.5819876637171
 51
162.4180123362831
  0
ARC
  5
40D
330
1F
100
AcDbEntity
  8
AM_0
100
AcDbCircle
 10
-30.60800000000005
 20
-13.66799999999998
 30
0.0
 40
3.584999999999965
100
AcDbArc
 50
107.5019916076182
 51
162.4980083923813
  0
ARC
  5
40E
330
1F
100
AcDbEntity
  8
AM_0
100
AcDbCircle
 10
-30.60800000000004
 20
13.66799999999999
 30
0.0
 40
3.585000000000017
100
AcDbArc
 50
347.5019916076191
 51
42.49800839238066
  0
ARC
  5
40F
330
1F
100
AcDbEntity
  8
AM_0
100
AcDbCircle
 10
-30.60799999999996
 20
13.668
 30
0.0
 40
3.473999999999965
100
AcDbArc
 50
347.5819876637142
 51
42.41801233628584
  0
ARC
  5
410
330
1F
100
AcDbEntity
  8
AM_0
100
AcDbCircle
 10
-30.60799999999993
 20
13.66799999999993
 30
0.0
 40
3.474000000000085
100
AcDbArc
 50
107.5819876637153
 51
162.4180123362848
  0
ARC
  5
411
330
1F
100
AcDbEntity
  8
AM_0
100
AcDbCircle
 10
-30.6079999999999
 20
13.66799999999995
 30
0.0
 40
3.585000000000077
100
AcDbArc
 50
107.5019916076201
 51
162.4980083923807
  0
ARC
  5
412
330
1F
100
AcDbEntity
  8
AM_0
100
AcDbCircle
 10
-30.60800000000003
 20
13.66799999999988
 30
0.0
 40
3.47400000000011
100
AcDbArc
 50
47.58198766371545
 51
102.4180123362846
  0
ARC
  5
413
330
1F
100
AcDbEntity
  8
AM_0
100
AcDbCircle
 10
-30.608
 20
13.66799999999998
 30
0.0
 40
3.585000000000015
100
AcDbArc
 50
47.50199160761922
 51
102.498008392381
  0
ARC
  5
414
330
1F
100
AcDbEntity
  8
AM_0
100
AcDbCircle
 10
-30.60799999999999
 20
13.66799999999999
 30
0.0
 40
3.473999999999981
100
AcDbArc
 50
287.5819876637144
 51
342.4180123362856
  0
ARC
  5
415
330
1F
100
AcDbEntity
  8
AM_0
100
AcDbCircle
 10
-30.60799999999998
 20
13.66799999999999
 30
0.0
 40
3.584999999999983
100
AcDbArc
 50
287.5019916076187
 51
342.4980083923812
  0
ARC
  5
416
330
1F
100
AcDbEntity
  8
AM_0
100
AcDbCircle
 10
-30.60800000000001
 20
-13.66799999999999
 30
0.0
 40
3.474000000000041
100
AcDbArc
 50
287.5819876637146
 51
342.4180123362854
  0
ARC
  5
417
330
1F
100
AcDbEntity
  8
AM_0
100
AcDbCircle
 10
-30.60799999999995
 20
-13.66800000000004
 30
0.0
 40
3.584999999999947
100
AcDbArc
 50
287.5019916076183
 51
342.4980083923815
  0
ARC
  5
418
330
1F
100
AcDbEntity
  8
AM_0
100
AcDbCircle
 10
-30.60800000000001
 20
13.668
 30
0.0
 40
3.474000000000011
100
AcDbArc
 50
167.5819876637144
 51
222.4180123362857
  0
ARC
  5
419
330
1F
100
AcDbEntity
  8
AM_0
100
AcDbCircle
 10
-30.60800000000005
 20
13.66799999999997
 30
0.0
 40
3.584999999999953
100
AcDbArc
 50
167.5019916076183
 51
222.4980083923813
  0
ARC
  5
41A
330
1F
100
AcDbEntity
  8
AM_0
100
AcDbCircle
 10
-30.60800000000001
 20
-13.668
 30
0.0
 40
3.474000000000022
100
AcDbArc
 50
167.5819876637144
 51
222.4180123362856
  0
ARC
  5
41B
330
1F
100
AcDbEntity
  8
AM_0
100
AcDbCircle
 10
-30.60800000000014
 20
-13.66800000000006
 30
0.0
 40
3.584999999999877
100
AcDbArc
 50
167.5019916076175
 51
222.4980083923819
  0
ARC
  5
41C
330
1F
100
AcDbEntity
  8
AM_0
100
AcDbCircle
 10
-30.608
 20
13.66799999999999
 30
0.0
 40
3.474000000000011
100
AcDbArc
 50
227.5819876637146
 51
282.4180123362858
  0
ARC
  5
41D
330
1F
100
AcDbEntity
  8
AM_0
100
AcDbCircle
 10
-30.60800000000001
 20
13.668
 30
0.0
 40
3.584999999999989
100
AcDbArc
 50
227.501991607619
 51
282.4980083923814
  0
ARC
  5
41E
330
1F
100
AcDbEntity
  8
AM_0
100
AcDbCircle
 10
-30.608
 20
-13.66799999999998
 30
0.0
 40
3.474000000000016
100
AcDbArc
 50
227.5819876637146
 51
282.4180123362855
  0
ARC
  5
41F
330
1F
100
AcDbEntity
  8
AM_0
100
AcDbCircle
 10
-30.608
 20
-13.66799999999997
 30
0.0
 40
3.585000000000024
100
AcDbArc
 50
227.5019916076192
 51
282.4980083923809
  0
LINE
  5
420
330
1F
100
AcDbEntity
  8
AM_0
100
AcDbLine
 10
-29.90278667881278
 20
10.43143848789798
 30
0.0
 11
-27.45947316673913
 21
1.312868322019539
 31
0.0
  0
ARC
  5
421
330
1F
100
AcDbEntity
  8
AM_0
100
AcDbCircle
 10
-30.60800010083056
 20
13.66800036727367
 30
0.0
 40
12.75000038079861
100
AcDbArc
 50
284.296704763235
 51
285.7032952577712
  0
LINE
  5
422
330
1F
100
AcDbEntity
  8
AM_0
100
AcDbLine
 10
-28.15766217020228
 20
15.89701340728632
 30
0.0
 11
-21.48240551639749
 21
22.57227006109112
 31
0.0
  0
ARC
  5
423
330
1F
100
AcDbEntity
  8
AM_0
100
AcDbCircle
 10
-30.60799999828033
 20
13.66800000174109
 30
0.0
 40
12.74999999755325
100
AcDbArc
 50
44.29670473152125
 51
45.70329526834264
  0
LINE
  5
424
330
1F
100
AcDbEntity
  8
AM_0
100
AcDbLine
 10
-27.45244884901507
 20
-14.67554810481569
 30
0.0
 11
-18.33387868313663
 21
-17.11886161688935
 31
0.0
  0
ARC
  5
425
330
1F
100
AcDbEntity
  8
AM_0
100
AcDbCircle
 10
-30.60800004144565
 20
-13.66799998916672
 30
0.0
 40
12.75000004283083
100
AcDbArc
 50
344.296704735268
 51
345.7032952670937
  0
LINE
  5
426
330
1F
100
AcDbEntity
  8
AM_0
100
AcDbLine
 10
-28.15766217020228
 20
-11.43898659271367
 30
0.0
 11
-21.4824055163975
 21
-4.763729938908887
 31
0.0
  0
ARC
  5
427
330
1F
100
AcDbEntity
  8
AM_0
100
AcDbCircle
 10
-30.60799990615291
 20
-13.66799990499319
 30
0.0
 40
12.74999986648025
100
AcDbArc
 50
44.29670472067354
 51
45.7032952719568
  0
LINE
  5
428
330
1F
100
AcDbEntity
  8
AM_0
100
AcDbLine
 10
-27.45244884901507
 20
12.66045189518431
 30
0.0
 11
-18.33387868313662
 21
10.21713838311065
 31
0.0
  0
ARC
  5
429
330
1F
100
AcDbEntity
  8
AM_0
100
AcDbCircle
 10
-30.60799982198889
 20
13.66799995347133
 30
0.0
 40
12.74999981603969
100
AcDbArc
 50
344.2967047165007
 51
345.7032952733493
  0
LINE
  5
42A
330
1F
100
AcDbEntity
  8
AM_0
100
AcDbLine
 10
-29.90278667881279
 20
-16.90456151210202
 30
0.0
 11
-27.45947316673913
 21
-26.02313167798046
 31
0.0
  0
ARC
  5
42B
330
1F
100
AcDbEntity
  8
AM_0
100
AcDbCircle
 10
-30.60799988683768
 20
-13.66800041219268
 30
0.0
 40
12.74999957262828
100
AcDbArc
 50
284.2967046963606
 51
285.703295280066
  0
LINE
  5
42C
330
1F
100
AcDbEntity
  8
AM_0
100
AcDbLine
 10
-33.76355115098493
 20
-12.66045189518431
 30
0.0
 11
-42.88212131684799
 21
-10.21713838311499
 31
0.0
  0
ARC
  5
42D
330
1F
100
AcDbEntity
  8
AM_0
100
AcDbCircle
 10
-30.60799989773854
 20
-13.66800002807499
 30
0.0
 40
12.75000010602735
100
AcDbArc
 50
164.2967047346477
 51
165.7032952595006
  0
LINE
  5
42E
330
1F
100
AcDbEntity
  8
AM_0
100
AcDbLine
 10
-33.05833782979772
 20
11.43898659271367
 30
0.0
 11
-39.7335944836025
 21
4.763729938908882
 31
0.0
  0
ARC
  5
42F
330
1F
100
AcDbEntity
  8
AM_0
100
AcDbCircle
 10
-30.60800018864663
 20
13.66799980902292
 30
0.0
 40
12.74999973160595
100
AcDbArc
 50
224.2967047095131
 51
225.7032952756776
  0
LINE
  5
430
330
1F
100
AcDbEntity
  8
AM_0
100
AcDbLine
 10
-33.76355115098492
 20
14.67554810481569
 30
0.0
 11
-42.88212131695605
 21
17.1188616169154
 31
0.0
  0
ARC
  5
431
330
1F
100
AcDbEntity
  8
AM_0
100
AcDbCircle
 10
-30.60800061622924
 20
13.66800016917813
 30
0.0
 40
12.74999936107801
100
AcDbArc
 50
164.2967047140985
 51
165.7032953211452
  0
LINE
  5
432
330
1F
100
AcDbEntity
  8
AM_0
100
AcDbLine
 10
-31.31321332118721
 20
16.90456151210202
 30
0.0
 11
-33.75652683326087
 21
26.02313167798046
 31
0.0
  0
ARC
  5
433
330
1F
100
AcDbEntity
  8
AM_0
100
AcDbCircle
 10
-30.60800004669579
 20
13.66800017008766
 30
0.0
 40
12.74999982364875
100
AcDbArc
 50
104.2967047171302
 51
105.7032952731393
  0
LINE
  5
434
330
1F
100
AcDbEntity
  8
AM_0
100
AcDbLine
 10
-31.31321332118721
 20
-10.43143848789798
 30
0.0
 11
-33.75652683326087
 21
-1.312868322019538
 31
0.0
  0
ARC
  5
435
330
1F
100
AcDbEntity
  8
AM_0
100
AcDbCircle
 10
-30.60799992755864
 20
-13.668000263866
 30
0.0
 40
12.75000027358296
100
AcDbArc
 50
104.2967047543636
 51
105.7032952607293
  0
LINE
  5
436
330
1F
100
AcDbEntity
  8
AM_0
100
AcDbLine
 10
-33.05833782979772
 20
-15.89701340728632
 30
0.0
 11
-39.7335944836025
 21
-22.57227006109112
 31
0.0
  0
ARC
  5
437
330
1F
100
AcDbEntity
  8
AM_0
100
AcDbCircle
 10
-30.60799999792466
 20
-13.66799999789919
 30
0.0
 40
12.75000000295254
100
AcDbArc
 50
224.2967047319681
 51
225.7032952681937
  0
LINE
  5
438
330
1F
100
AcDbEntity
  8
AM_0
100
AcDbLine
 10
-21.70372993890863
 20
22.79359448360278
 30
0.0
 11
-28.37898659271368
 21
16.11833782979772
 31
0.0
  0
ARC
  5
439
330
1F
100
AcDbEntity
  8
AM_0
100
AcDbCircle
 10
-33.193
 20
13.5
 30
0.0
 40
0.375
100
AcDbArc
 50
90.0
 51
270.0
  0
LINE
  5
43A
330
1F
100
AcDbEntity
  8
AM_0
100
AcDbLine
 10
-33.193
 20
13.875
 30
0.0
 11
-32.773
 21
13.875
 31
0.0
  0
ARC
  5
43B
330
1F
100
AcDbEntity
  8
AM_0
100
AcDbCircle
 10
-32.773
 20
13.5
 30
0.0
 40
0.375
100
AcDbArc
 50
270.0
 51
90.0
  0
LINE
  5
43C
330
1F
100
AcDbEntity
  8
AM_0
100
AcDbLine
 10
-32.773
 20
13.125
 30
0.0
 11
-33.193
 21
13.125
 31
0.0
  0
ARC
  5
43D
330
1F
100
AcDbEntity
  8
AM_0
100
AcDbCircle
 10
-28.443
 20
13.5
 30
0.0
 40
0.375
100
AcDbArc
 50
89.99999999999947
 51
270.0000000000006
  0
LINE
  5
43E
330
1F
100
AcDbEntity
  8
AM_0
100
AcDbLine
 10
-28.44299999999999
 20
13.875
 30
0.0
 11
-28.023
 21
13.875
 31
0.0
  0
ARC
  5
43F
330
1F
100
AcDbEntity
  8
AM_0
100
AcDbCircle
 10
-28.023
 20
13.5
 30
0.0
 40
0.375
100
AcDbArc
 50
270.0
 51
90.0
  0
LINE
  5
440
330
1F
100
AcDbEntity
  8
AM_0
100
AcDbLine
 10
-28.023
 20
13.125
 30
0.0
 11
-28.44299999999999
 21
13.125
 31
0.0
  0
LINE
  5
441
330
1F
100
AcDbEntity
  8
AM_0
100
AcDbLine
 10
-30.983
 20
10.915
 30
0.0
 11
-30.983
 21
11.335
 31
0.0
  0
ARC
  5
442
330
1F
100
AcDbEntity
  8
AM_0
100
AcDbCircle
 10
-30.608
 20
11.335
 30
0.0
 40
0.375
100
AcDbArc
 50
0.0
 51
180.0
  0
LINE
  5
443
330
1F
100
AcDbEntity
  8
AM_0
100
AcDbLine
 10
-30.233
 20
11.335
 30
0.0
 11
-30.233
 21
10.915
 31
0.0
  0
ARC
  5
444
330
1F
100
AcDbEntity
  8
AM_0
100
AcDbCircle
 10
-30.608
 20
10.915
 30
0.0
 40
0.375
100
AcDbArc
 50
180.0
 51
0.0
  0
ARC
  5
445
330
1F
100
AcDbEntity
  8
AM_0
100
AcDbCircle
 10
-30.608
 20
15.665
 30
0.0
 40
0.375
100
AcDbArc
 50
180.0000000000006
 51
359.9999999999994
  0
LINE
  5
446
330
1F
100
AcDbEntity
  8
AM_0
100
AcDbLine
 10
-30.983
 20
15.665
 30
0.0
 11
-30.983
 21
16.085
 31
0.0
  0
ARC
  5
447
330
1F
100
AcDbEntity
  8
AM_0
100
AcDbCircle
 10
-30.608
 20
16.085
 30
0.0
 40
0.375
100
AcDbArc
 50
0.0
 51
180.0
  0
LINE
  5
448
330
1F
100
AcDbEntity
  8
AM_0
100
AcDbLine
 10
-30.233
 20
16.085
 30
0.0
 11
-30.233
 21
15.665
 31
0.0
  0
LINE
  5
449
330
1F
100
AcDbEntity
  8
AM_0
100
AcDbLine
 10
-31.86198522414073
 20
13.93454278762837
 30
0.0
 11
-31.92165222778549
 21
13.94722540076825
 31
0.0
  0
ARC
  5
44A
330
1F
100
AcDbEntity
  8
AM_0
100
AcDbCircle
 10
-30.60800000000003
 20
13.66800000000003
 30
0.0
 40
1.342999999999962
100
AcDbArc
 50
103.9999999999988
 51
168.0000000000009
  0
LINE
  5
44B
330
1F
100
AcDbEntity
  8
AM_0
100
AcDbLine
 10
-30.93290110579034
 20
14.97110716038866
 30
0.0
 11
-30.91814387015877
 21
14.91191912108583
 31
0.0
  0
ARC
  5
44C
330
1F
100
AcDbEntity
  8
AM_0
100
AcDbCircle
 10
-30.608
 20
13.668
 30
0.0
 40
1.281999999999993
100
AcDbArc
 50
103.9999999999996
 51
168.0
  0
ARC
  5
44D
330
1F
100
AcDbEntity
  8
AM_0
100
AcDbCircle
 10
-30.60800000000001
 20
13.66799999999999
 30
0.0
 40
1.342999999999992
100
AcDbArc
 50
193.9999999999993
 51
258.0000000000002
  0
LINE
  5
44E
330
1F
100
AcDbEntity
  8
AM_0
100
AcDbLine
 10
-31.91110716038867
 20
13.34309889420965
 30
0.0
 11
-31.85191912108583
 21
13.35785612984123
 31
0.0
  0
ARC
  5
44F
330
1F
100
AcDbEntity
  8
AM_0
100
AcDbCircle
 10
-30.60800000000001
 20
13.66799999999999
 30
0.0
 40
1.281999999999985
100
AcDbArc
 50
193.9999999999993
 51
258.0000000000005
  0
LINE
  5
450
330
1F
100
AcDbEntity
  8
AM_0
100
AcDbLine
 10
-30.87454278762836
 20
12.41401477585926
 30
0.0
 11
-30.88722540076825
 21
12.3543477722145
 31
0.0
  0
ARC
  5
451
330
1F
100
AcDbEntity
  8
AM_0
100
AcDbCircle
 10
-30.608
 20
13.668
 30
0.0
 40
2.969000000000003
100
AcDbArc
 50
283.9999999999999
 51
347.9999999999999
  0
LINE
  5
452
330
1F
100
AcDbEntity
  8
AM_0
100
AcDbLine
 10
-27.70387977342133
 20
13.05071018996207
 30
0.0
 11
-27.64323462217583
 21
13.03781966513137
 31
0.0
  0
ARC
  5
453
330
1F
100
AcDbEntity
  8
AM_0
100
AcDbCircle
 10
-30.608
 20
13.66800000000001
 30
0.0
 40
3.031000000000011
100
AcDbArc
 50
283.9999999999999
 51
347.9999999999998
  0
LINE
  5
454
330
1F
100
AcDbEntity
  8
AM_0
100
AcDbLine
 10
-29.87473473443741
 20
10.72703365365745
 30
0.0
 11
-29.88973389196459
 21
10.78719198868657
 31
0.0
  0
ARC
  5
455
330
1F
100
AcDbEntity
  8
AM_0
100
AcDbCircle
 10
-30.60800000000001
 20
13.668
 30
0.0
 40
2.969000000000003
100
AcDbArc
 50
13.99999999999994
 51
77.99999999999989
  0
LINE
  5
456
330
1F
100
AcDbEntity
  8
AM_0
100
AcDbLine
 10
-29.99071018996207
 20
16.57212022657867
 30
0.0
 11
-29.97781966513137
 21
16.63276537782416
 31
0.0
  0
ARC
  5
457
330
1F
100
AcDbEntity
  8
AM_0
100
AcDbCircle
 10
-30.608
 20
13.668
 30
0.0
 40
3.030999999999998
100
AcDbArc
 50
13.99999999999988
 51
77.99999999999999
  0
LINE
  5
458
330
1F
100
AcDbEntity
  8
AM_0
100
AcDbLine
 10
-27.66703365365746
 20
14.40126526556259
 30
0.0
 11
-27.72719198868657
 21
14.38626610803541
 31
0.0
  0
ARC
  5
459
330
1F
100
AcDbEntity
  8
AM_0
100
AcDbCircle
 10
-30.60799999999212
 20
13.66799999999783
 30
0.0
 40
3.562859375008181
100
AcDbArc
 50
162.4824503195804
 51
167.5175496804179
  0
LINE
  5
45A
330
1F
100
AcDbEntity
  8
AM_0
100
AcDbLine
 10
-42.96313167798046
 20
16.81652683326086
 30
0.0
 11
-33.84456151210202
 21
14.37321332118721
 31
0.0
  0
ARC
  5
45B
330
1F
100
AcDbEntity
  8
AM_0
100
AcDbCircle
 10
-30.60799999999998
 20
13.668
 30
0.0
 40
3.312500000000019
100
AcDbArc
 50
167.7079633718118
 51
222.2920366281882
  0
ARC
  5
45C
330
1F
100
AcDbEntity
  8
AM_0
100
AcDbCircle
 10
-30.60799999999505
 20
13.66800000000494
 30
0.0
 40
3.562859375007002
100
AcDbArc
 50
222.4824503195803
 51
227.5175496804196
  0
LINE
  5
45D
330
1F
100
AcDbEntity
  8
AM_0
100
AcDbLine
 10
-39.51227006111937
 20
4.542405516368546
 30
0.0
 11
-32.83701340728632
 21
11.21766217020228
 31
0.0
  0
ARC
  5
45E
330
1F
100
AcDbEntity
  8
AM_0
100
AcDbCircle
 10
-30.608
 20
13.66799999999997
 30
0.0
 40
3.312499999999977
100
AcDbArc
 50
227.7079633718114
 51
282.2920366281886
  0
ARC
  5
45F
330
1F
100
AcDbEntity
  8
AM_0
100
AcDbCircle
 10
-30.60800000000127
 20
13.66800000000481
 30
0.0
 40
3.562859375004987
100
AcDbArc
 50
282.4824503195787
 51
287.5175496804207
  0
LINE
  5
460
330
1F
100
AcDbEntity
  8
AM_0
100
AcDbLine
 10
-27.15713838312617
 20
1.393878683191871
 30
0.0
 11
-29.60045189518431
 21
10.51244884901507
 31
0.0
  0
ARC
  5
461
330
1F
100
AcDbEntity
  8
AM_0
100
AcDbCircle
 10
-30.60800000000002
 20
13.66800000000002
 30
0.0
 40
3.312500000000029
100
AcDbArc
 50
287.7079633718118
 51
342.2920366281882
  0
ARC
  5
462
330
1F
100
AcDbEntity
  8
AM_0
100
AcDbCircle
 10
-30.60799999999882
 20
13.66799999999961
 30
0.0
 40
3.562859374998771
100
AcDbArc
 50
342.4824503195758
 51
347.5175496804267
  0
LINE
  5
463
330
1F
100
AcDbEntity
  8
AM_0
100
AcDbLine
 10
-18.25286832199267
 20
10.51947316673228
 30
0.0
 11
-27.37143848789798
 21
12.96278667881279
 31
0.0
  0
ARC
  5
464
330
1F
100
AcDbEntity
  8
AM_0
100
AcDbCircle
 10
-30.60799999999999
 20
13.66800000000001
 30
0.0
 40
3.31249999999999
100
AcDbArc
 50
347.7079633718115
 51
42.29203662818834
  0
ARC
  5
465
330
1F
100
AcDbEntity
  8
AM_0
100
AcDbCircle
 10
-30.60800000000235
 20
13.66799999999769
 30
0.0
 40
3.5628593750033
100
AcDbArc
 50
42.48245031957722
 51
47.51754968042185
  0
ARC
  5
466
330
1F
100
AcDbEntity
  8
AM_0
100
AcDbCircle
 10
-30.60800000000001
 20
13.66799999999997
 30
0.0
 40
3.312500000000023
100
AcDbArc
 50
47.70796337181185
 51
102.2920366281881
  0
ARC
  5
467
330
1F
100
AcDbEntity
  8
AM_0
100
AcDbCircle
 10
-30.60799999999809
 20
13.66799999999281
 30
0.0
 40
3.562859375007443
100
AcDbArc
 50
102.4824503195805
 51
107.5175496804192
  0
LINE
  5
468
330
1F
100
AcDbEntity
  8
AM_0
100
AcDbLine
 10
-34.05886161689654
 20
25.94212131688895
 30
0.0
 11
-31.61554810481569
 21
16.82355115098493
 31
0.0
  0
ARC
  5
469
330
1F
100
AcDbEntity
  8
AM_0
100
AcDbCircle
 10
-30.608
 20
13.66800000000001
 30
0.0
 40
3.312499999999988
100
AcDbArc
 50
107.7079633718116
 51
162.2920366281886
  0
ARC
  5
46A
330
1F
100
AcDbEntity
  8
AM_0
100
AcDbCircle
 10
-30.60799999999997
 20
13.66800000000004
 30
0.0
 40
3.031000000000041
100
AcDbArc
 50
194.0000000000003
 51
257.9999999999995
  0
LINE
  5
46B
330
1F
100
AcDbEntity
  8
AM_0
100
AcDbLine
 10
-33.54896634634255
 20
12.93473473443741
 30
0.0
 11
-33.48880801131344
 21
12.94973389196459
 31
0.0
  0
ARC
  5
46C
330
1F
100
AcDbEntity
  8
AM_0
100
AcDbCircle
 10
-30.60800000000001
 20
13.668
 30
0.0
 40
2.968999999999989
100
AcDbArc
 50
193.9999999999999
 51
258.0000000000003
  0
LINE
  5
46D
330
1F
100
AcDbEntity
  8
AM_0
100
AcDbLine
 10
-31.22528981003792
 20
10.76387977342133
 30
0.0
 11
-31.23818033486863
 21
10.70323462217584
 31
0.0
  0
LINE
  5
46E
330
1F
100
AcDbEntity
  8
AM_0
100
AcDbLine
 10
-33.51212022657867
 20
14.30528981003792
 30
0.0
 11
-33.57276537782417
 21
14.31818033486863
 31
0.0
  0
ARC
  5
46F
330
1F
100
AcDbEntity
  8
AM_0
100
AcDbCircle
 10
-30.60799999999999
 20
13.68799999999999
 30
0.0
 40
3.031000000000011
100
AcDbArc
 50
104.0000000000002
 51
168.0
  0
LINE
  5
470
330
1F
100
AcDbEntity
  8
AM_0
100
AcDbLine
 10
-31.3412652655626
 20
16.62896634634255
 30
0.0
 11
-31.32626610803541
 21
16.56880801131343
 31
0.0
  0
ARC
  5
471
330
1F
100
AcDbEntity
  8
AM_0
100
AcDbCircle
 10
-30.60800000000002
 20
13.68800000000002
 30
0.0
 40
2.968999999999975
100
AcDbArc
 50
103.9999999999997
 51
168.0000000000004
  0
ARC
  5
472
330
1F
100
AcDbEntity
  8
AM_0
100
AcDbCircle
 10
-30.608
 20
13.668
 30
0.0
 40
1.281999999999998
100
AcDbArc
 50
13.99999999999959
 51
77.9999999999995
  0
LINE
  5
473
330
1F
100
AcDbEntity
  8
AM_0
100
AcDbLine
 10
-30.34145721237163
 20
14.92198522414074
 30
0.0
 11
-30.32877459923175
 21
14.9816522277855
 31
0.0
  0
ARC
  5
474
330
1F
100
AcDbEntity
  8
AM_0
100
AcDbCircle
 10
-30.608
 20
13.66799999999999
 30
0.0
 40
1.343000000000007
100
AcDbArc
 50
14.00000000000005
 51
77.99999999999993
  0
LINE
  5
475
330
1F
100
AcDbEntity
  8
AM_0
100
AcDbLine
 10
-29.30489283961133
 20
13.99290110579035
 30
0.0
 11
-29.36408087891418
 21
13.97814387015877
 31
0.0
  0
ARC
  5
476
330
1F
100
AcDbEntity
  8
AM_0
100
AcDbCircle
 10
-30.60799999999999
 20
13.66799999999999
 30
0.0
 40
1.281999999999994
100
AcDbArc
 50
283.9999999999995
 51
348.0000000000002
  0
LINE
  5
477
330
1F
100
AcDbEntity
  8
AM_0
100
AcDbLine
 10
-29.35401477585926
 20
13.40145721237163
 30
0.0
 11
-29.29434777221449
 21
13.38877459923174
 31
0.0
  0
ARC
  5
478
330
1F
100
AcDbEntity
  8
AM_0
100
AcDbCircle
 10
-30.60799999999998
 20
13.66799999999999
 30
0.0
 40
1.342999999999986
100
AcDbArc
 50
283.9999999999989
 51
348.0
  0
LINE
  5
479
330
1F
100
AcDbEntity
  8
AM_0
100
AcDbLine
 10
-30.28309889420965
 20
12.36489283961133
 30
0.0
 11
-30.29785612984123
 21
12.42408087891417
 31
0.0
  0
ARC
  5
47A
330
1F
100
AcDbEntity
  8
AM_0
100
AcDbCircle
 10
-28.443
 20
-13.5
 30
0.0
 40
0.375
100
AcDbArc
 50
89.99999999999947
 51
270.0000000000006
  0
LINE
  5
47B
330
1F
100
AcDbEntity
  8
AM_0
100
AcDbLine
 10
-28.44299999999999
 20
-13.125
 30
0.0
 11
-28.023
 21
-13.125
 31
0.0
  0
ARC
  5
47C
330
1F
100
AcDbEntity
  8
AM_0
100
AcDbCircle
 10
-28.023
 20
-13.5
 30
0.0
 40
0.375
100
AcDbArc
 50
270.0
 51
90.0
  0
LINE
  5
47D
330
1F
100
AcDbEntity
  8
AM_0
100
AcDbLine
 10
-28.023
 20
-13.875
 30
0.0
 11
-28.44299999999999
 21
-13.875
 31
0.0
  0
ARC
  5
47E
330
1F
100
AcDbEntity
  8
AM_0
100
AcDbCircle
 10
-33.193
 20
-13.5
 30
0.0
 40
0.375
100
AcDbArc
 50
90.0
 51
270.0
  0
LINE
  5
47F
330
1F
100
AcDbEntity
  8
AM_0
100
AcDbLine
 10
-33.193
 20
-13.125
 30
0.0
 11
-32.773
 21
-13.125
 31
0.0
  0
ARC
  5
480
330
1F
100
AcDbEntity
  8
AM_0
100
AcDbCircle
 10
-32.773
 20
-13.5
 30
0.0
 40
0.375
100
AcDbArc
 50
270.0
 51
90.0
  0
LINE
  5
481
330
1F
100
AcDbEntity
  8
AM_0
100
AcDbLine
 10
-32.773
 20
-13.875
 30
0.0
 11
-33.193
 21
-13.875
 31
0.0
  0
LINE
  5
482
330
1F
100
AcDbEntity
  8
AM_0
100
AcDbLine
 10
-30.983
 20
-11.335
 30
0.0
 11
-30.983
 21
-10.915
 31
0.0
  0
ARC
  5
483
330
1F
100
AcDbEntity
  8
AM_0
100
AcDbCircle
 10
-30.608
 20
-10.915
 30
0.0
 40
0.375
100
AcDbArc
 50
0.0
 51
180.0
  0
LINE
  5
484
330
1F
100
AcDbEntity
  8
AM_0
100
AcDbLine
 10
-30.233
 20
-10.915
 30
0.0
 11
-30.233
 21
-11.335
 31
0.0
  0
ARC
  5
485
330
1F
100
AcDbEntity
  8
AM_0
100
AcDbCircle
 10
-30.608
 20
-11.335
 30
0.0
 40
0.375
100
AcDbArc
 50
180.0
 51
0.0000000000002714
  0
ARC
  5
486
330
1F
100
AcDbEntity
  8
AM_0
100
AcDbCircle
 10
-30.608
 20
-16.085
 30
0.0
 40
0.375
100
AcDbArc
 50
180.0
 51
0.0
  0
LINE
  5
487
330
1F
100
AcDbEntity
  8
AM_0
100
AcDbLine
 10
-30.983
 20
-16.085
 30
0.0
 11
-30.983
 21
-15.665
 31
0.0
  0
ARC
  5
488
330
1F
100
AcDbEntity
  8
AM_0
100
AcDbCircle
 10
-30.608
 20
-15.665
 30
0.0
 40
0.375
100
AcDbArc
 50
0.0000000000005428
 51
179.9999999999995
  0
LINE
  5
489
330
1F
100
AcDbEntity
  8
AM_0
100
AcDbLine
 10
-30.233
 20
-15.665
 30
0.0
 11
-30.233
 21
-16.085
 31
0.0
  0
LINE
  5
48A
330
1F
100
AcDbEntity
  8
AM_0
100
AcDbLine
 10
-31.86198522414074
 20
-13.40145721237164
 30
0.0
 11
-31.9216522277855
 21
-13.38877459923175
 31
0.0
  0
ARC
  5
48B
330
1F
100
AcDbEntity
  8
AM_0
100
AcDbCircle
 10
-30.60800000000001
 20
-13.66799999999999
 30
0.0
 40
1.342999999999983
100
AcDbArc
 50
103.9999999999997
 51
168.0000000000005
  0
LINE
  5
48C
330
1F
100
AcDbEntity
  8
AM_0
100
AcDbLine
 10
-30.93290110579036
 20
-12.36489283961134
 30
0.0
 11
-30.91814387015877
 21
-12.42408087891418
 31
0.0
  0
ARC
  5
48D
330
1F
100
AcDbEntity
  8
AM_0
100
AcDbCircle
 10
-30.60800000000001
 20
-13.668
 30
0.0
 40
1.281999999999994
100
AcDbArc
 50
103.9999999999996
 51
168.0
  0
ARC
  5
48E
330
1F
100
AcDbEntity
  8
AM_0
100
AcDbCircle
 10
-30.60799999999998
 20
-13.66799999999999
 30
0.0
 40
1.343000000000017
100
AcDbArc
 50
194.0000000000005
 51
257.9999999999997
  0
LINE
  5
48F
330
1F
100
AcDbEntity
  8
AM_0
100
AcDbLine
 10
-31.91110716038866
 20
-13.99290110579036
 30
0.0
 11
-31.85191912108582
 21
-13.97814387015878
 31
0.0
  0
ARC
  5
490
330
1F
100
AcDbEntity
  8
AM_0
100
AcDbCircle
 10
-30.60800000000001
 20
-13.66800000000001
 30
0.0
 40
1.281999999999984
100
AcDbArc
 50
193.9999999999997
 51
258.0000000000003
  0
LINE
  5
491
330
1F
100
AcDbEntity
  8
AM_0
100
AcDbLine
 10
-30.87454278762836
 20
-14.92198522414074
 30
0.0
 11
-30.88722540076824
 21
-14.9816522277855
 31
0.0
  0
ARC
  5
492
330
1F
100
AcDbEntity
  8
AM_0
100
AcDbCircle
 10
-30.60800000000001
 20
-13.66799999999999
 30
0.0
 40
2.969000000000018
100
AcDbArc
 50
284.0000000000003
 51
348.0
  0
LINE
  5
493
330
1F
100
AcDbEntity
  8
AM_0
100
AcDbLine
 10
-27.70387977342133
 20
-14.28528981003792
 30
0.0
 11
-27.64323462217583
 21
-14.29818033486862
 31
0.0
  0
ARC
  5
494
330
1F
100
AcDbEntity
  8
AM_0
100
AcDbCircle
 10
-30.60799999999999
 20
-13.668
 30
0.0
 40
3.030999999999991
100
AcDbArc
 50
283.9999999999998
 51
348.0000000000001
  0
LINE
  5
495
330
1F
100
AcDbEntity
  8
AM_0
100
AcDbLine
 10
-29.8747347344374
 20
-16.60896634634254
 30
0.0
 11
-29.88973389196458
 21
-16.54880801131343
 31
0.0
  0
ARC
  5
496
330
1F
100
AcDbEntity
  8
AM_0
100
AcDbCircle
 10
-30.608
 20
-13.668
 30
0.0
 40
2.969
100
AcDbArc
 50
14.0
 51
78.00000000000006
  0
LINE
  5
497
330
1F
100
AcDbEntity
  8
AM_0
100
AcDbLine
 10
-29.99071018996208
 20
-10.76387977342133
 30
0.0
 11
-29.97781966513137
 21
-10.70323462217584
 31
0.0
  0
ARC
  5
498
330
1F
100
AcDbEntity
  8
AM_0
100
AcDbCircle
 10
-30.608
 20
-13.668
 30
0.0
 40
3.030999999999997
100
AcDbArc
 50
14.00000000000003
 51
78.00000000000003
  0
LINE
  5
499
330
1F
100
AcDbEntity
  8
AM_0
100
AcDbLine
 10
-27.66703365365746
 20
-12.9347347344374
 30
0.0
 11
-27.72719198868657
 21
-12.94973389196458
 31
0.0
  0
ARC
  5
49A
330
1F
100
AcDbEntity
  8
AM_0
100
AcDbCircle
 10
-30.60799999999136
 20
-13.66800000000239
 30
0.0
 40
3.562859375008976
100
AcDbArc
 50
162.4824503195807
 51
167.5175496804171
  0
LINE
  5
49B
330
1F
100
AcDbEntity
  8
AM_0
100
AcDbLine
 10
-42.96313167798046
 20
-10.51947316673914
 30
0.0
 11
-33.84456151210202
 21
-12.96278667881279
 31
0.0
  0
ARC
  5
49C
330
1F
100
AcDbEntity
  8
AM_0
100
AcDbCircle
 10
-30.60799999999998
 20
-13.66799999999999
 30
0.0
 40
3.312500000000019
100
AcDbArc
 50
167.7079633718118
 51
222.2920366281882
  0
ARC
  5
49D
330
1F
100
AcDbEntity
  8
AM_0
100
AcDbCircle
 10
-30.60799999999698
 20
-13.66799999999689
 30
0.0
 40
3.56285937500434
100
AcDbArc
 50
222.4824503195794
 51
227.5175496804224
  0
LINE
  5
49E
330
1F
100
AcDbEntity
  8
AM_0
100
AcDbLine
 10
-39.5122700610908
 20
-22.79359448360219
 30
0.0
 11
-32.83701340728633
 21
-16.11833782979771
 31
0.0
  0
ARC
  5
49F
330
1F
100
AcDbEntity
  8
AM_0
100
AcDbCircle
 10
-30.60799999999999
 20
-13.66800000000001
 30
0.0
 40
3.312499999999991
100
AcDbArc
 50
227.7079633718113
 51
282.2920366281883
  0
ARC
  5
4A0
330
1F
100
AcDbEntity
  8
AM_0
100
AcDbCircle
 10
-30.60800000000178
 20
-13.66799999999347
 30
0.0
 40
3.562859375006774
100
AcDbArc
 50
282.4824503195806
 51
287.5175496804201
  0
LINE
  5
4A1
330
1F
100
AcDbEntity
  8
AM_0
100
AcDbLine
 10
-27.15713838309321
 20
-25.94212131692536
 30
0.0
 11
-29.60045189518431
 21
-16.82355115098493
 31
0.0
  0
ARC
  5
4A2
330
1F
100
AcDbEntity
  8
AM_0
100
AcDbCircle
 10
-30.608
 20
-13.66800000000001
 30
0.0
 40
3.312499999999997
100
AcDbArc
 50
287.7079633718116
 51
342.2920366281886
  0
ARC
  5
4A3
330
1F
100
AcDbEntity
  8
AM_0
100
AcDbCircle
 10
-30.60800000000769
 20
-13.66799999999787
 30
0.0
 40
3.562859375007985
100
AcDbArc
 50
342.48245031958
 51
347.5175496804177
  0
LINE
  5
4A4
330
1F
100
AcDbEntity
  8
AM_0
100
AcDbLine
 10
-18.25286832202579
 20
-16.81652683325927
 30
0.0
 11
-27.37143848789798
 21
-14.37321332118721
 31
0.0
  0
ARC
  5
4A5
330
1F
100
AcDbEntity
  8
AM_0
100
AcDbCircle
 10
-30.60799999999999
 20
-13.668
 30
0.0
 40
3.31249999999999
100
AcDbArc
 50
347.7079633718115
 51
42.29203662818854
  0
ARC
  5
4A6
330
1F
100
AcDbEntity
  8
AM_0
100
AcDbCircle
 10
-30.60800000000223
 20
-13.66800000000227
 30
0.0
 40
3.562859375003187
100
AcDbArc
 50
42.48245031957812
 51
47.51754968042276
  0
LINE
  5
4A7
330
1F
100
AcDbEntity
  8
AM_0
100
AcDbLine
 10
-21.70372993889483
 20
-4.542405516383088
 30
0.0
 11
-28.37898659271367
 21
-11.21766217020228
 31
0.0
  0
ARC
  5
4A8
330
1F
100
AcDbEntity
  8
AM_0
100
AcDbCircle
 10
-30.608
 20
-13.668
 30
0.0
 40
3.312499999999999
100
AcDbArc
 50
47.70796337181157
 51
102.2920366281884
  0
ARC
  5
4A9
330
1F
100
AcDbEntity
  8
AM_0
100
AcDbCircle
 10
-30.60799999999831
 20
-13.6680000000066
 30
0.0
 40
3.562859375006818
100
AcDbArc
 50
102.482450319579
 51
107.5175496804185
  0
LINE
  5
4AA
330
1F
100
AcDbEntity
  8
AM_0
100
AcDbLine
 10
-34.05886161687819
 20
-1.393878683176315
 30
0.0
 11
-31.61554810481569
 21
-10.51244884901507
 31
0.0
  0
ARC
  5
4AB
330
1F
100
AcDbEntity
  8
AM_0
100
AcDbCircle
 10
-30.608
 20
-13.66799999999999
 30
0.0
 40
3.312499999999993
100
AcDbArc
 50
107.7079633718115
 51
162.2920366281885
  0
ARC
  5
4AC
330
1F
100
AcDbEntity
  8
AM_0
100
AcDbCircle
 10
-30.60800000000004
 20
-13.66800000000003
 30
0.0
 40
3.030999999999958
100
AcDbArc
 50
193.9999999999996
 51
258.0000000000006
  0
LINE
  5
4AD
330
1F
100
AcDbEntity
  8
AM_0
100
AcDbLine
 10
-33.54896634634255
 20
-14.40126526556259
 30
0.0
 11
-33.48880801131343
 21
-14.38626610803541
 31
0.0
  0
ARC
  5
4AE
330
1F
100
AcDbEntity
  8
AM_0
100
AcDbCircle
 10
-30.60799999999998
 20
-13.66799999999999
 30
0.0
 40
2.969000000000016
100
AcDbArc
 50
194.0000000000001
 51
257.9999999999998
  0
LINE
  5
4AF
330
1F
100
AcDbEntity
  8
AM_0
100
AcDbLine
 10
-31.22528981003792
 20
-16.57212022657867
 30
0.0
 11
-31.23818033486863
 21
-16.63276537782416
 31
0.0
  0
LINE
  5
4B0
330
1F
100
AcDbEntity
  8
AM_0
100
AcDbLine
 10
-33.51212022657867
 20
-13.05071018996207
 30
0.0
 11
-33.57276537782416
 21
-13.03781966513137
 31
0.0
  0
ARC
  5
4B1
330
1F
100
AcDbEntity
  8
AM_0
100
AcDbCircle
 10
-30.60800000000002
 20
-13.66799999999997
 30
0.0
 40
3.030999999999965
100
AcDbArc
 50
103.9999999999998
 51
168.0000000000005
  0
LINE
  5
4B2
330
1F
100
AcDbEntity
  8
AM_0
100
AcDbLine
 10
-31.3412652655626
 20
-10.72703365365746
 30
0.0
 11
-31.32626610803541
 21
-10.78719198868657
 31
0.0
  0
ARC
  5
4B3
330
1F
100
AcDbEntity
  8
AM_0
100
AcDbCircle
 10
-30.60800000000003
 20
-13.66799999999998
 30
0.0
 40
2.968999999999968
100
AcDbArc
 50
103.9999999999996
 51
168.0000000000004
  0
ARC
  5
4B4
330
1F
100
AcDbEntity
  8
AM_0
100
AcDbCircle
 10
-30.60799999999999
 20
-13.66799999999999
 30
0.0
 40
1.281999999999984
100
AcDbArc
 50
13.99999999999983
 51
78.00000000000053
  0
LINE
  5
4B5
330
1F
100
AcDbEntity
  8
AM_0
100
AcDbLine
 10
-30.34145721237164
 20
-12.41401477585926
 30
0.0
 11
-30.32877459923175
 21
-12.3543477722145
 31
0.0
  0
ARC
  5
4B6
330
1F
100
AcDbEntity
  8
AM_0
100
AcDbCircle
 10
-30.60800000000001
 20
-13.668
 30
0.0
 40
1.343000000000008
100
AcDbArc
 50
14.00000000000012
 51
77.99999999999989
  0
LINE
  5
4B7
330
1F
100
AcDbEntity
  8
AM_0
100
AcDbLine
 10
-29.30489283961134
 20
-13.34309889420964
 30
0.0
 11
-29.36408087891418
 21
-13.35785612984122
 31
0.0
  0
ARC
  5
4B8
330
1F
100
AcDbEntity
  8
AM_0
100
AcDbCircle
 10
-30.60799999999997
 20
-13.66800000000002
 30
0.0
 40
1.281999999999968
100
AcDbArc
 50
283.9999999999991
 51
348.0000000000009
  0
LINE
  5
4B9
330
1F
100
AcDbEntity
  8
AM_0
100
AcDbLine
 10
-29.35401477585926
 20
-13.93454278762836
 30
0.0
 11
-29.29434777221449
 21
-13.94722540076824
 31
0.0
  0
ARC
  5
4BA
330
1F
100
AcDbEntity
  8
AM_0
100
AcDbCircle
 10
-30.60799999999999
 20
-13.668
 30
0.0
 40
1.34299999999999
100
AcDbArc
 50
283.9999999999999
 51
348.0000000000005
  0
LINE
  5
4BB
330
1F
100
AcDbEntity
  8
AM_0
100
AcDbLine
 10
-30.28309889420964
 20
-14.97110716038866
 30
0.0
 11
-30.29785612984122
 21
-14.91191912108582
 31
0.0
  0
LINE
  5
4BE
330
1F
100
AcDbEntity
  8
AM_7
100
AcDbLine
 10
-15.2855
 20
-20.63
 30
0.0
 11
-15.0545
 21
-20.63
 31
0.0
  0
LINE
  5
4BF
330
1F
100
AcDbEntity
  8
AM_7
100
AcDbLine
 10
-15.17
 20
-20.7455
 30
0.0
 11
-15.17
 21
-20.5145
 31
0.0
  0
LINE
  5
4C0
330
1F
100
AcDbEntity
  8
AM_7
100
AcDbLine
 10
-15.1055
 20
-23.5
 30
0.0
 11
-14.8745
 21
-23.5
 31
0.0
  0
LINE
  5
4C1
330
1F
100
AcDbEntity
  8
AM_7
100
AcDbLine
 10
-14.99
 20
-23.6155
 30
0.0
 11
-14.99
 21
-23.3845
 31
0.0
  0
LINE
  5
4C2
330
1F
100
AcDbEntity
  8
AM_7
100
AcDbLine
 10
-16.0855
 20
-21.52
 30
0.0
 11
-15.8545
 21
-21.52
 31
0.0
  0
LINE
  5
4C3
330
1F
100
AcDbEntity
  8
AM_7
100
AcDbLine
 10
-15.97
 20
-21.6355
 30
0.0
 11
-15.97
 21
-21.4045
 31
0.0
  0
LINE
  5
4C4
330
1F
100
AcDbEntity
  8
AM_7
100
AcDbLine
 10
26.363875
 20
6.252
 30
0.0
 11
28.070125
 21
6.252
 31
0.0
  0
LINE
  5
4C5
330
1F
100
AcDbEntity
  8
AM_7
100
AcDbLine
 10
27.217
 20
5.398874999999999
 30
0.0
 11
27.217
 21
7.105125
 31
0.0
  0
LINE
  5
4C6
330
1F
100
AcDbEntity
  8
AM_7
100
AcDbLine
 10
45.39449999999999
 20
6.284
 30
0.0
 11
47.5945
 21
6.284
 31
0.0
  0
LINE
  5
4C7
330
1F
100
AcDbEntity
  8
AM_7
100
AcDbLine
 10
-42.898
 20
-33.1991
 30
0.0
 11
-42.898
 21
33.1991
 31
0.0
  0
LINE
  5
4C8
330
1F
100
AcDbEntity
  8
AM_7
100
AcDbLine
 10
-39.898
 20
-33.1991
 30
0.0
 11
-39.898
 21
33.1991
 31
0.0
  0
LINE
  5
4C9
330
1F
100
AcDbEntity
  8
AM_7
100
AcDbLine
 10
42.898
 20
-33.1991
 30
0.0
 11
42.898
 21
33.1991
 31
0.0
  0
LINE
  5
4CA
330
1F
100
AcDbEntity
  8
AM_7
100
AcDbLine
 10
39.898
 20
-33.1991
 30
0.0
 11
39.898
 21
33.1991
 31
0.0
  0
LINE
  5
4CB
330
1F
100
AcDbEntity
  8
AM_7
100
AcDbLine
 10
-51.5878
 20
-26.056
 30
0.0
 11
51.5878
 21
-26.056
 31
0.0
  0
LINE
  5
4CC
330
1F
100
AcDbEntity
  8
AM_7
100
AcDbLine
 10
-51.5878
 20
-23.056
 30
0.0
 11
51.5878
 21
-23.056
 31
0.0
  0
LINE
  5
4CD
330
1F
100
AcDbEntity
  8
AM_7
100
AcDbLine
 10
-51.5878
 20
26.056
 30
0.0
 11
51.5878
 21
26.056
 31
0.0
  0
LINE
  5
4CE
330
1F
100
AcDbEntity
  8
AM_7
100
AcDbLine
 10
-51.5878
 20
23.056
 30
0.0
 11
51.5878
 21
23.056
 31
0.0
  0
LINE
  5
4CF
330
1F
100
AcDbEntity
  8
AM_7
100
AcDbLine
 10
-16.69904999999999
 20
-23.46799999999999
 30
0.0
 11
-13.63095
 21
-23.46799999999999
 31
0.0
  0
LINE
  5
4D0
330
1F
100
AcDbEntity
  8
AM_7
100
AcDbLine
 10
-15.165
 20
-25.00204999999999
 30
0.0
 11
-15.165
 21
-19.67295000000001
 31
0.0
  0
LINE
  5
4D1
330
1F
100
AcDbEntity
  8
AM_7
100
AcDbLine
 10
-16.69905
 20
-21.207
 30
0.0
 11
-13.63095
 21
-21.207
 31
0.0
  0
LINE
  5
4D2
330
1F
100
AcDbEntity
  8
AM_7
100
AcDbLine
 10
-33.58674999999999
 20
13.5
 30
0.0
 11
-32.37925
 21
13.5
 31
0.0
  0
LINE
  5
4D3
330
1F
100
AcDbEntity
  8
AM_7
100
AcDbLine
 10
-33.193
 20
13.10625
 30
0.0
 11
-33.193
 21
13.89375
 31
0.0
  0
LINE
  5
4D4
330
1F
100
AcDbEntity
  8
AM_7
100
AcDbLine
 10
-32.773
 20
13.10625
 30
0.0
 11
-32.773
 21
13.89375
 31
0.0
  0
LINE
  5
4D5
330
1F
100
AcDbEntity
  8
AM_7
100
AcDbLine
 10
-28.83675
 20
13.5
 30
0.0
 11
-27.62925
 21
13.5
 31
0.0
  0
LINE
  5
4D6
330
1F
100
AcDbEntity
  8
AM_7
100
AcDbLine
 10
-28.443
 20
13.10625
 30
0.0
 11
-28.443
 21
13.89375
 31
0.0
  0
LINE
  5
4D7
330
1F
100
AcDbEntity
  8
AM_7
100
AcDbLine
 10
-28.023
 20
13.10625
 30
0.0
 11
-28.023
 21
13.89375
 31
0.0
  0
LINE
  5
4D8
330
1F
100
AcDbEntity
  8
AM_7
100
AcDbLine
 10
-31.00175
 20
11.335
 30
0.0
 11
-30.21425
 21
11.335
 31
0.0
  0
LINE
  5
4D9
330
1F
100
AcDbEntity
  8
AM_7
100
AcDbLine
 10
-30.608
 20
10.52125
 30
0.0
 11
-30.608
 21
11.72875
 31
0.0
  0
LINE
  5
4DA
330
1F
100
AcDbEntity
  8
AM_7
100
AcDbLine
 10
-31.00175
 20
10.915
 30
0.0
 11
-30.21425
 21
10.915
 31
0.0
  0
LINE
  5
4DB
330
1F
100
AcDbEntity
  8
AM_7
100
AcDbLine
 10
-31.00175
 20
15.665
 30
0.0
 11
-30.21425
 21
15.665
 31
0.0
  0
LINE
  5
4DC
330
1F
100
AcDbEntity
  8
AM_7
100
AcDbLine
 10
-30.608
 20
15.27125
 30
0.0
 11
-30.608
 21
16.47875
 31
0.0
  0
LINE
  5
4DD
330
1F
100
AcDbEntity
  8
AM_7
100
AcDbLine
 10
-31.00175
 20
16.085
 30
0.0
 11
-30.21425
 21
16.085
 31
0.0
  0
LINE
  5
4DE
330
1F
100
AcDbEntity
  8
AM_7
100
AcDbLine
 10
-28.83675
 20
-13.5
 30
0.0
 11
-27.62925
 21
-13.5
 31
0.0
  0
LINE
  5
4DF
330
1F
100
AcDbEntity
  8
AM_7
100
AcDbLine
 10
-28.443
 20
-13.89375
 30
0.0
 11
-28.443
 21
-13.10625
 31
0.0
  0
LINE
  5
4E0
330
1F
100
AcDbEntity
  8
AM_7
100
AcDbLine
 10
-28.023
 20
-13.89375
 30
0.0
 11
-28.023
 21
-13.10625
 31
0.0
  0
LINE
  5
4E1
330
1F
100
AcDbEntity
  8
AM_7
100
AcDbLine
 10
-33.58674999999999
 20
-13.5
 30
0.0
 11
-32.37925
 21
-13.5
 31
0.0
  0
LINE
  5
4E2
330
1F
100
AcDbEntity
  8
AM_7
100
AcDbLine
 10
-33.193
 20
-13.89375
 30
0.0
 11
-33.193
 21
-13.10625
 31
0.0
  0
LINE
  5
4E3
330
1F
100
AcDbEntity
  8
AM_7
100
AcDbLine
 10
-32.773
 20
-13.89375
 30
0.0
 11
-32.773
 21
-13.10625
 31
0.0
  0
LINE
  5
4E4
330
1F
100
AcDbEntity
  8
AM_7
100
AcDbLine
 10
-31.00175
 20
-10.915
 30
0.0
 11
-30.21425
 21
-10.915
 31
0.0
  0
LINE
  5
4E5
330
1F
100
AcDbEntity
  8
AM_7
100
AcDbLine
 10
-30.608
 20
-11.72875
 30
0.0
 11
-30.608
 21
-10.52125
 31
0.0
  0
LINE
  5
4E6
330
1F
100
AcDbEntity
  8
AM_7
100
AcDbLine
 10
-31.00175
 20
-11.335
 30
0.0
 11
-30.21425
 21
-11.335
 31
0.0
  0
LINE
  5
4E7
330
1F
100
AcDbEntity
  8
AM_7
100
AcDbLine
 10
-31.00175
 20
-16.085
 30
0.0
 11
-30.21425
 21
-16.085
 31
0.0
  0
LINE
  5
4E8
330
1F
100
AcDbEntity
  8
AM_7
100
AcDbLine
 10
-30.608
 20
-16.47875
 30
0.0
 11
-30.608
 21
-15.27125
 31
0.0
  0
LINE
  5
4E9
330
1F
100
AcDbEntity
  8
AM_7
100
AcDbLine
 10
-31.00175
 20
-15.665
 30
0.0
 11
-30.21425
 21
-15.665
 31
0.0
  0
DIMENSION
  5
4EB
330
1F
100
AcDbEntity
  8
AM_5
100
AcDbDimension
280
     0
  2
*D1
 10
46.898
 20
-41.40349960327148
 30
0.0
 11
0.0
 21
-41.40349960327148
 31
0.0
 70
   160
  1
93.8 in
 71
     5
 42
93.796
 73
     0
 74
     0
 75
     0
  3
Standard
100
AcDbAlignedDimension
 13
-46.898
 23
0.0
 33
0.0
 14
46.898
 24
0.0
 34
0.0
100
AcDbRotatedDimension
1001
ACAD
1000
DSTYLE
1002
{
1070
   147
1040
0.6
1070
    42
1040
0.0
1070
    44
1040
0.0
1070
    41
1040
2.0
1070
   140
1040
2.0
1002
}
  0
DIMENSION
  5
4FA
330
1F
100
AcDbEntity
  8
AM_5
100
AcDbDimension
280
     0
  2
*D2
 10
57.89799880981446
 20
30.181
 30
0.0
 11
57.89799880981445
 21
0.0
 31
0.0
 70
   160
  1
60.36 in
 71
     5
 42
60.362
 73
     0
 74
     0
 75
     0
 53
90.0
  3
Standard
100
AcDbAlignedDimension
 13
0.0
 23
-30.181
 33
0.0
 14
0.0
 24
30.181
 34
0.0
 50
90.0
100
AcDbRotatedDimension
1001
ACAD
1000
DSTYLE
1002
{
1070
   147
1040
0.6
1070
    42
1040
0.0
1070
    44
1040
0.0
1070
    41
1040
2.0
1070
   140
1040
2.0
1002
}
  0
POINT
  5
509
330
1F
100
AcDbEntity
  8
2d ConnectionPoints
100
AcDbPoint
 10
0.0
 20
0.0
 30
0.0
  0
POINT
  5
50A
330
1F
100
AcDbEntity
  8
2d ConnectionPoints
100
AcDbPoint
 10
0.0
 20
29.763
 30
0.0
  0
POINT
  5
50B
330
1F
100
AcDbEntity
  8
2d ConnectionPoints
100
AcDbPoint
 10
0.0
 20
-29.763
 30
0.0
  0
POINT
  5
50C
330
1F
100
AcDbEntity
  8
2d ConnectionPoints
100
AcDbPoint
 10
46.497
 20
0.0000000000000017
 30
0.0
  0
POINT
  5
50D
330
1F
100
AcDbEntity
  8
2d ConnectionPoints
100
AcDbPoint
 10
-46.497
 20
0.0000000000000017
 30
0.0
  0
POINT
  5
50E
330
1F
100
AcDbEntity
  8
2d ConnectionPoints
100
AcDbPoint
 10
0.0
 20
0.0000000000000033
 30
0.0
  0
POINT
  5
50F
330
1F
100
AcDbEntity
  8
2d ConnectionPoints
100
AcDbPoint
 10
27.217
 20
6.252
 30
0.0
  0
POINT
  5
510
330
1F
100
AcDbEntity
  8
2d ConnectionPoints
100
AcDbPoint
 10
46.4945
 20
6.284
 30
0.0
  0
POINT
  5
511
330
1F
100
AcDbEntity
  8
2d ConnectionPoints
100
AcDbPoint
 10
0.0
 20
0.0000000000000033
 30
0.0
  0
POINT
  5
512
330
1F
100
AcDbEntity
  8
2d ConnectionPoints
100
AcDbPoint
 10
46.5285
 20
21.92
 30
0.0
  0
POINT
  5
513
330
1F
100
AcDbEntity
  8
2d ConnectionPoints
100
AcDbPoint
 10
22.0605
 20
17.513
 30
0.0
  0
POINT
  5
514
330
1F
100
AcDbEntity
  8
2d ConnectionPoints
100
AcDbPoint
 10
46.5285
 20
-12.607
 30
0.0
  0
POINT
  5
515
330
1F
100
AcDbEntity
  8
2d ConnectionPoints
100
AcDbPoint
 10
33.202
 20
-10.456
 30
0.0
  0
ENDSEC
  0
SECTION
  2
OBJECTS
  0
DICTIONARY
  5
C
330
0
100
AcDbDictionary
281
     1
  3
ACAD_DETAILVIEWSTYLE
350
51D
  3
ACAD_GROUP
350
D
  3
ACAD_LAYOUT
350
1A
  3
ACAD_MATERIAL
350
43
  3
ACAD_MLEADERSTYLE
350
5B
  3
ACAD_MLINESTYLE
350
17
  3
ACAD_PLOTSETTINGS
350
19
  3
ACAD_PLOTSTYLENAME
350
E
  3
ACAD_SCALELIST
350
47
  3
ACAD_SECTIONVIEWSTYLE
350
51E
  3
ACAD_TABLESTYLE
350
59
  3
ACAD_VISUALSTYLE
350
2A
  3
ACDB_RECOMPOSE_DATA
350
51A
  3
AcDbVariableDictionary
350
516
  0
SUN
  5
5D
330
29
100
AcDbSun
 90
        1
290
     0
 63
     7
421
 16777215
 40
1.0
291
     1
 91
  2455826
 92
 54000000
292
     0
 70
     2
 71
   256
280
     1
  0
DICTIONARY
  5
51D
102
{ACAD_REACTORS
330
C
102
}
330
C
100
AcDbDictionary
281
     1
  0
DICTIONARY
  5
D
102
{ACAD_REACTORS
330
C
102
}
330
C
100
AcDbDictionary
281
     1
  0
DICTIONARY
  5
1A
102
{ACAD_REACTORS
330
C
102
}
330
C
100
AcDbDictionary
281
     1
  3
Layout1
350
1E
  3
Layout2
350
26
  3
Model
350
22
  0
DICTIONARY
  5
43
102
{ACAD_REACTORS
330
C
102
}
330
C
100
AcDbDictionary
281
     1
  3
ByBlock
350
45
  3
ByLayer
350
44
  3
Global
350
46
  0
DICTIONARY
  5
5B
102
{ACAD_REACTORS
330
C
102
}
330
C
100
AcDbDictionary
281
     1
  3
Standard
350
5C
  0
DICTIONARY
  5
17
102
{ACAD_REACTORS
330
C
102
}
330
C
100
AcDbDictionary
281
     1
  3
Standard
350
18
  0
DICTIONARY
  5
19
102
{ACAD_REACTORS
330
C
102
}
330
C
100
AcDbDictionary
281
     1
  0
ACDBDICTIONARYWDFLT
  5
E
102
{ACAD_REACTORS
330
C
102
}
330
C
100
AcDbDictionary
281
     1
  3
Normal
350
F
100
AcDbDictionaryWithDefault
340
F
  0
DICTIONARY
  5
47
102
{ACAD_REACTORS
330
C
102
}
330
C
100
AcDbDictionary
281
     1
  3
A0
350
48
  3
A1
350
49
  3
A2
350
4A
  3
A3
350
4B
  3
A4
350
4C
  3
A5
350
4D
  3
A6
350
4E
  3
A7
350
4F
  3
A8
350
50
  3
A9
350
51
  3
B1
350
52
  3
B2
350
53
  3
B3
350
54
  3
B4
350
55
  3
B5
350
56
  3
B6
350
57
  3
B7
350
58
  0
DICTIONARY
  5
51E
102
{ACAD_REACTORS
330
C
102
}
330
C
100
AcDbDictionary
281
     1
  0
DICTIONARY
  5
59
102
{ACAD_REACTORS
330
C
102
}
330
C
100
AcDbDictionary
281
     1
  3
Standard
350
5A
  0
DICTIONARY
  5
2A
102
{ACAD_REACTORS
330
C
102
}
330
C
100
AcDbDictionary
281
     1
  3
2dWireframe
350
2F
  3
Basic
350
32
  3
Brighten
350
36
  3
ColorChange
350
3A
  3
Conceptual
350
34
  3
Dim
350
35
  3
EdgeColorOff
350
3D
  3
Facepattern
350
39
  3
Flat
350
2B
  3
FlatWithEdges
350
2C
  3
Gouraud
350
2D
  3
GouraudWithEdges
350
2E
  3
Hidden
350
31
  3
JitterOff
350
3B
  3
Linepattern
350
38
  3
OverhangOff
350
3C
  3
Realistic
350
33
  3
Shaded
350
42
  3
Shaded with edges
350
41
  3
Shades of Gray
350
3E
  3
Sketchy
350
3F
  3
Thicken
350
37
  3
Wireframe
350
30
  3
X-Ray
350
40
  0
XRECORD
  5
51A
102
{ACAD_REACTORS
330
C
102
}
330
C
100
AcDbXrecord
280
     1
 90
        1
330
5A
  0
DICTIONARY
  5
516
102
{ACAD_REACTORS
330
C
102
}
330
C
100
AcDbDictionary
281
     1
  3
CANNOSCALE
350
517
  3
CMLEADERSTYLE
350
51C
  3
CTABLESTYLE
350
51B
  0
LAYOUT
  5
1E
102
{ACAD_REACTORS
330
1A
102
}
330
1A
100
AcDbPlotSettings
  1

  2
none_device
  4

  6

 40
0.0
 41
0.0
 42
0.0
 43
0.0
 44
0.0
 45
0.0
 46
0.0
 47
0.0
 48
0.0
 49
0.0
140
0.0
141
0.0
142
1.0
143
1.0
 70
   688
 72
     0
 73
     0
 74
     5
  7

 75
    16
 76
     0
 77
     2
 78
   300
147
1.0
148
0.0
149
0.0
100
AcDbLayout
  1
Layout1
 70
     1
 71
     1
 10
0.0
 20
0.0
 11
12.0
 21
9.0
 12
0.0
 22
0.0
 32
0.0
 14
1.000000000000000E+20
 24
1.000000000000000E+20
 34
1.000000000000000E+20
 15
-1.000000000000000E+20
 25
-1.000000000000000E+20
 35
-1.000000000000000E+20
146
0.0
 13
0.0
 23
0.0
 33
0.0
 16
1.0
 26
0.0
 36
0.0
 17
0.0
 27
1.0
 37
0.0
 76
     0
330
1B
  0
LAYOUT
  5
26
102
{ACAD_REACTORS
330
1A
102
}
330
1A
100
AcDbPlotSettings
  1

  2
none_device
  4

  6

 40
0.0
 41
0.0
 42
0.0
 43
0.0
 44
0.0
 45
0.0
 46
0.0
 47
0.0
 48
0.0
 49
0.0
140
0.0
141
0.0
142
1.0
143
1.0
 70
   688
 72
     0
 73
     0
 74
     5
  7

 75
    16
 76
     0
 77
     2
 78
   300
147
1.0
148
0.0
149
0.0
100
AcDbLayout
  1
Layout2
 70
     1
 71
     2
 10
0.0
 20
0.0
 11
0.0
 21
0.0
 12
0.0
 22
0.0
 32
0.0
 14
0.0
 24
0.0
 34
0.0
 15
0.0
 25
0.0
 35
0.0
146
0.0
 13
0.0
 23
0.0
 33
0.0
 16
1.0
 26
0.0
 36
0.0
 17
0.0
 27
1.0
 37
0.0
 76
     0
330
23
  0
LAYOUT
  5
22
102
{ACAD_REACTORS
330
1A
102
}
330
1A
100
AcDbPlotSettings
  1

  2
none_device
  4
Letter_(8.50_x_11.00_Inches)
  6

 40
6.35
 41
6.35
 42
6.35000508
 43
6.35000508
 44
215.9
 45
279.4
 46
0.0
 47
0.0
 48
0.0
 49
0.0
140
0.0
141
0.0
142
1.0
143
1.0
 70
  1712
 72
     0
 73
     0
 74
     0
  7

 75
     0
 76
     0
 77
     2
 78
   300
147
1.0
148
0.0
149
0.0
100
AcDbLayout
  1
Model
 70
     1
 71
     0
 10
0.0
 20
0.0
 11
12.0
 21
9.0
 12
0.0
 22
0.0
 32
0.0
 14
-51.5878
 24
-42.41366909479691
 34
0.0
 15
60.84305423728814
 25
33.70452372881356
 35
0.0
146
0.0
 13
0.0
 23
0.0
 33
0.0
 16
1.0
 26
0.0
 36
0.0
 17
0.0
 27
1.0
 37
0.0
 76
     0
330
1F
331
29
  0
MATERIAL
  5
45
102
{ACAD_REACTORS
330
43
102
}
330
43
100
AcDbMaterial
  1
ByBlock
 72
     1
 94
      127
  0
MATERIAL
  5
44
102
{ACAD_REACTORS
330
43
102
}
330
43
100
AcDbMaterial
  1
ByLayer
 72
     1
 94
      127
  0
MATERIAL
  5
46
102
{ACAD_REACTORS
330
43
102
}
330
43
100
AcDbMaterial
  1
Global
 72
     1
 94
      127
  0
MLEADERSTYLE
  5
5C
102
{ACAD_REACTORS
330
5B
102
}
330
5B
100
AcDbMLeaderStyle
179
     2
170
     2
171
     1
172
     0
 90
        2
 40
0.0
 41
0.0
173
     1
 91
-1056964608
340
14
 92
       -2
290
     1
 42
0.09
291
     1
 43
0.36
  3
Standard
341
0
 44
0.18
300

342
11
174
     1
178
     6
175
     1
176
     0
 93
-1056964608
 45
0.18
292
     0
297
     0
 46
0.18
343
0
 94
-1056964608
 47
1.0
 49
1.0
140
1.0
293
     1
141
0.0
294
     1
177
     0
142
1.0
295
     0
296
     0
143
0.125
271
     0
272
     9
273
     9
298
     0
  0
MLINESTYLE
  5
18
102
{ACAD_REACTORS
330
17
102
}
330
17
100
AcDbMlineStyle
  2
Standard
 70
     0
  3

 62
   256
 51
90.0
 52
90.0
 71
     2
 49
0.5
 62
   256
  6
BYLAYER
 49
-0.5
 62
   256
  6
BYLAYER
  0
ACDBPLACEHOLDER
  5
F
102
{ACAD_REACTORS
330
E
102
}
330
E
  0
SCALE
  5
48
102
{ACAD_REACTORS
330
47
102
}
330
47
100
AcDbScale
 70
     0
300
1:1
140
1.0
141
1.0
290
     1
  0
SCALE
  5
49
102
{ACAD_REACTORS
330
47
102
}
330
47
100
AcDbScale
 70
     0
300
1/128" = 1'-0"
140
0.0078125
141
12.0
290
     0
  0
SCALE
  5
4A
102
{ACAD_REACTORS
330
47
102
}
330
47
100
AcDbScale
 70
     0
300
1/64" = 1'-0"
140
0.015625
141
12.0
290
     0
  0
SCALE
  5
4B
102
{ACAD_REACTORS
330
47
102
}
330
47
100
AcDbScale
 70
     0
300
1/32" = 1'-0"
140
0.03125
141
12.0
290
     0
  0
SCALE
  5
4C
102
{ACAD_REACTORS
330
47
102
}
330
47
100
AcDbScale
 70
     0
300
1/16" = 1'-0"
140
0.0625
141
12.0
290
     0
  0
SCALE
  5
4D
102
{ACAD_REACTORS
330
47
102
}
330
47
100
AcDbScale
 70
     0
300
3/32" = 1'-0"
140
0.09375
141
12.0
290
     0
  0
SCALE
  5
4E
102
{ACAD_REACTORS
330
47
102
}
330
47
100
AcDbScale
 70
     0
300
1/8" = 1'-0"
140
0.125
141
12.0
290
     0
  0
SCALE
  5
4F
102
{ACAD_REACTORS
330
47
102
}
330
47
100
AcDbScale
 70
     0
300
3/16" = 1'-0"
140
0.1875
141
12.0
290
     0
  0
SCALE
  5
50
102
{ACAD_REACTORS
330
47
102
}
330
47
100
AcDbScale
 70
     0
300
1/4" = 1'-0"
140
0.25
141
12.0
290
     0
  0
SCALE
  5
51
102
{ACAD_REACTORS
330
47
102
}
330
47
100
AcDbScale
 70
     0
300
3/8" = 1'-0"
140
0.375
141
12.0
290
     0
  0
SCALE
  5
52
102
{ACAD_REACTORS
330
47
102
}
330
47
100
AcDbScale
 70
     0
300
1/2" = 1'-0"
140
0.5
141
12.0
290
     0
  0
SCALE
  5
53
102
{ACAD_REACTORS
330
47
102
}
330
47
100
AcDbScale
 70
     0
300
3/4" = 1'-0"
140
0.75
141
12.0
290
     0
  0
SCALE
  5
54
102
{ACAD_REACTORS
330
47
102
}
330
47
100
AcDbScale
 70
     0
300
1" = 1'-0"
140
1.0
141
12.0
290
     0
  0
SCALE
  5
55
102
{ACAD_REACTORS
330
47
102
}
330
47
100
AcDbScale
 70
     0
300
1-1/2" = 1'-0"
140
1.5
141
12.0
290
     0
  0
SCALE
  5
56
102
{ACAD_REACTORS
330
47
102
}
330
47
100
AcDbScale
 70
     0
300
3" = 1'-0"
140
3.0
141
12.0
290
     0
  0
SCALE
  5
57
102
{ACAD_REACTORS
330
47
102
}
330
47
100
AcDbScale
 70
     0
300
6" = 1'-0"
140
6.0
141
12.0
290
     0
  0
SCALE
  5
58
102
{ACAD_REACTORS
330
47
102
}
330
47
100
AcDbScale
 70
     0
300
1'-0" = 1'-0"
140
12.0
141
12.0
290
     0
  0
TABLESTYLE
  5
5A
102
{ACAD_REACTORS
330
59
102
}
102
{ACAD_XDICTIONARY
360
518
102
}
330
59
100
AcDbTableStyle
  3
Standard
 70
     0
 71
     0
 40
0.06
 41
0.06
280
     0
281
     0
  7
Standard
140
0.18
170
     2
 62
     0
 63
   257
283
     0
 90
        4
 91
        0
  1

274
    -2
284
     1
 64
     0
275
    -2
285
     1
 65
     0
276
    -2
286
     1
 66
     0
277
    -2
287
     1
 67
     0
278
    -2
288
     1
 68
     0
279
    -2
289
     1
 69
     0
  7
Standard
140
0.25
170
     5
 62
     0
 63
   257
283
     0
 90
        4
 91
        0
  1

274
    -2
284
     1
 64
     0
275
    -2
285
     1
 65
     0
276
    -2
286
     1
 66
     0
277
    -2
287
     1
 67
     0
278
    -2
288
     1
 68
     0
279
    -2
289
     1
 69
     0
  7
Standard
140
0.18
170
     5
 62
     0
 63
   257
283
     0
 90
        4
 91
        0
  1

274
    -2
284
     1
 64
     0
275
    -2
285
     1
 65
     0
276
    -2
286
     1
 66
     0
277
    -2
287
     1
 67
     0
278
    -2
288
     1
 68
     0
279
    -2
289
     1
 69
     0
  0
VISUALSTYLE
  5
2F
102
{ACAD_REACTORS
330
2A
102
}
330
2A
100
AcDbVisualStyle
  2
2dWireframe
 70
     4
177
     3
291
     0
 70
    58
 90
        0
176
     1
 90
        2
176
     1
 90
        0
176
     1
 90
        0
176
     1
 40
0.6
176
     1
 40
30.0
176
     1
 62
     7
420
 16777215
176
     1
 90
        1
176
     1
 90
        4
176
     1
 62
     7
176
     1
 62
   257
176
     1
 90
        1
176
     1
 90
        1
176
     1
 40
1.0
176
     1
 90
        0
176
     1
 62
   257
176
     1
 40
1.0
176
     1
 90
        1
176
     1
 90
        6
176
     1
 90
        2
176
     1
 62
     7
176
     1
 90
        5
176
     1
 90
        0
176
     1
 90
        0
176
     1
290
     0
176
     1
 90
        1
176
     1
 40
0.0
176
     1
 90
        0
176
     1
290
     1
176
     1
290
     1
176
     1
290
     0
176
     1
290
     0
176
     1
290
     0
176
     1
290
     0
176
     1
290
     0
176
     1
290
     0
176
     1
290
     0
176
     1
 90
       50
176
     1
 40
0.0
176
     1
 40
1.0
176
     1
 90
        0
176
     1
 62
    18
420
        0
176
     1
 90
       50
176
     1
 90
        3
176
     1
 62
     5
420
      255
176
     1
290
     0
176
     1
 90
       50
176
     1
 90
       50
176
     1
 90
       50
176
     1
290
     0
176
     1
 90
       50
176
     1
 62
   256
176
     0
 40
1.0
176
     0
 90
        2
176
     1
  1
strokes_ogs.tif
176
     1
290
     0
176
     1
 40
1.0
176
     1
 40
1.0
176
     1
  0
VISUALSTYLE
  5
32
102
{ACAD_REACTORS
330
2A
102
}
330
2A
100
AcDbVisualStyle
  2
Basic
 70
     7
177
     3
291
     1
 70
    58
 90
        1
176
     1
 90
        0
176
     1
 90
        1
176
     1
 90
        0
176
     1
 40
0.6
176
     1
 40
30.0
176
     1
 62
     7
420
 16777215
176
     1
 90
        0
176
     1
 90
        4
176
     1
 62
     7
176
     1
 62
   257
176
     1
 90
        1
176
     1
 90
        1
176
     1
 40
1.0
176
     1
 90
        8
176
     1
 62
     7
176
     1
 40
1.0
176
     1
 90
        1
176
     1
 90
        6
176
     1
 90
        2
176
     1
 62
     7
176
     1
 90
        5
176
     1
 90
        0
176
     1
 90
        0
176
     1
290
     0
176
     1
 90
        1
176
     1
 40
0.0
176
     1
 90
        0
176
     1
290
     0
176
     1
290
     1
176
     1
290
     1
176
     1
290
     0
176
     1
290
     0
176
     1
290
     0
176
     1
290
     0
176
     1
290
     0
176
     1
290
     0
176
     1
 90
       50
176
     1
 40
0.0
176
     1
 40
1.0
176
     1
 90
        0
176
     1
 62
    18
420
        0
176
     1
 90
       50
176
     1
 90
        3
176
     1
 62
     5
420
      255
176
     1
290
     0
176
     1
 90
       50
176
     1
 90
       50
176
     1
 90
       50
176
     1
290
     0
176
     1
 90
       50
176
     1
 62
   256
176
     0
 40
1.0
176
     0
 90
        2
176
     1
  1
strokes_ogs.tif
176
     1
290
     0
176
     1
 40
1.0
176
     1
 40
1.0
176
     1
  0
VISUALSTYLE
  5
36
102
{ACAD_REACTORS
330
2A
102
}
330
2A
100
AcDbVisualStyle
  2
Brighten
 70
    12
177
     3
291
     1
 70
    58
 90
        2
176
     1
 90
        2
176
     1
 90
        0
176
     1
 90
        0
176
     1
 40
0.6
176
     1
 40
30.0
176
     1
 62
     7
420
 16777215
176
     1
 90
        1
176
     1
 90
        4
176
     1
 62
     7
176
     1
 62
   257
176
     1
 90
        1
176
     1
 90
        1
176
     1
 40
1.0
176
     1
 90
        8
176
     1
 62
     7
176
     1
 40
1.0
176
     1
 90
        1
176
     1
 90
        6
176
     1
 90
        2
176
     1
 62
     7
176
     1
 90
        5
176
     1
 90
        0
176
     1
 90
        0
176
     1
290
     0
176
     1
 90
        1
176
     1
 40
50.0
176
     1
 90
        0
176
     1
290
     0
176
     1
290
     1
176
     1
290
     1
176
     1
290
     0
176
     1
290
     0
176
     1
290
     0
176
     1
290
     0
176
     1
290
     0
176
     1
290
     0
176
     1
 90
       50
176
     1
 40
0.0
176
     1
 40
1.0
176
     1
 90
        0
176
     1
 62
    18
420
        0
176
     1
 90
       50
176
     1
 90
        3
176
     1
 62
     5
420
      255
176
     1
290
     0
176
     1
 90
       50
176
     1
 90
       50
176
     1
 90
       50
176
     1
290
     0
176
     1
 90
       50
176
     1
 62
   256
176
     0
 40
1.0
176
     0
 90
        2
176
     1
  1
strokes_ogs.tif
176
     1
290
     0
176
     1
 40
1.0
176
     1
 40
1.0
176
     1
  0
VISUALSTYLE
  5
3A
102
{ACAD_REACTORS
330
2A
102
}
330
2A
100
AcDbVisualStyle
  2
ColorChange
 70
    16
177
     3
291
     1
 70
    58
 90
        2
176
     1
 90
        2
176
     1
 90
        3
176
     1
 90
        0
176
     1
 40
0.6
176
     1
 40
30.0
176
     1
 62
     8
420
  8421504
176
     1
 90
        1
176
     1
 90
        4
176
     1
 62
     7
176
     1
 62
   257
176
     1
 90
        1
176
     1
 90
        1
176
     1
 40
1.0
176
     1
 90
        8
176
     1
 62
     8
420
  8421504
176
     1
 40
1.0
176
     1
 90
        1
176
     1
 90
        6
176
     1
 90
        2
176
     1
 62
     7
176
     1
 90
        5
176
     1
 90
        0
176
     1
 90
        0
176
     1
290
     0
176
     1
 90
        1
176
     1
 40
0.0
176
     1
 90
        0
176
     1
290
     0
176
     1
290
     1
176
     1
290
     1
176
     1
290
     0
176
     1
290
     0
176
     1
290
     0
176
     1
290
     0
176
     1
290
     0
176
     1
290
     0
176
     1
 90
       50
176
     1
 40
0.0
176
     1
 40
1.0
176
     1
 90
        0
176
     1
 62
    18
420
        0
176
     1
 90
       50
176
     1
 90
        3
176
     1
 62
     5
420
      255
176
     1
290
     0
176
     1
 90
       50
176
     1
 90
       50
176
     1
 90
       50
176
     1
290
     0
176
     1
 90
       50
176
     1
 62
   256
176
     0
 40
1.0
176
     0
 90
        2
176
     1
  1
strokes_ogs.tif
176
     1
290
     0
176
     1
 40
1.0
176
     1
 40
1.0
176
     1
  0
VISUALSTYLE
  5
34
102
{ACAD_REACTORS
330
2A
102
}
330
2A
100
AcDbVisualStyle
  2
Conceptual
 70
     9
177
     3
291
     0
 70
    58
 90
        3
176
     1
 90
        2
176
     1
 90
        0
176
     1
 90
        0
176
     1
 40
0.6
176
     1
 40
30.0
176
     1
 62
     7
420
 16777215
176
     1
 90
        2
176
     1
 90
        2
176
     1
 62
     7
176
     1
 62
   257
176
     1
 90
        1
176
     1
 90
        1
176
     1
 40
179.0
176
     1
 90
        8
176
     1
 62
     7
176
     1
 40
1.0
176
     1
 90
        1
176
     1
 90
        6
176
     1
 90
        2
176
     1
 62
     7
176
     1
 90
        3
176
     1
 90
        0
176
     1
 90
        0
176
     1
290
     0
176
     1
 90
        1
176
     1
 40
0.0
176
     1
 90
        0
176
     1
290
     0
176
     1
290
     1
176
     1
290
     1
176
     1
290
     0
176
     1
290
     0
176
     1
290
     0
176
     1
290
     0
176
     1
290
     0
176
     1
290
     0
176
     1
 90
       50
176
     1
 40
0.0
176
     1
 40
1.0
176
     1
 90
        0
176
     1
 62
    18
420
        0
176
     1
 90
       50
176
     1
 90
        3
176
     1
 62
     5
420
      255
176
     1
290
     0
176
     1
 90
       50
176
     1
 90
       50
176
     1
 90
       50
176
     1
290
     0
176
     1
 90
       50
176
     1
 62
   256
176
     0
 40
1.0
176
     0
 90
        2
176
     1
  1
strokes_ogs.tif
176
     1
290
     0
176
     1
 40
1.0
176
     1
 40
1.0
176
     1
  0
VISUALSTYLE
  5
35
102
{ACAD_REACTORS
330
2A
102
}
330
2A
100
AcDbVisualStyle
  2
Dim
 70
    11
177
     3
291
     1
 70
    58
 90
        2
176
     1
 90
        2
176
     1
 90
        0
176
     1
 90
        0
176
     1
 40
0.6
176
     1
 40
30.0
176
     1
 62
     7
420
 16777215
176
     1
 90
        1
176
     1
 90
        4
176
     1
 62
     7
176
     1
 62
   257
176
     1
 90
        1
176
     1
 90
        1
176
     1
 40
1.0
176
     1
 90
        8
176
     1
 62
     7
176
     1
 40
1.0
176
     1
 90
        1
176
     1
 90
        6
176
     1
 90
        2
176
     1
 62
     7
176
     1
 90
        5
176
     1
 90
        0
176
     1
 90
        0
176
     1
290
     0
176
     1
 90
        1
176
     1
 40
-50.0
176
     1
 90
        0
176
     1
290
     0
176
     1
290
     1
176
     1
290
     1
176
     1
290
     0
176
     1
290
     0
176
     1
290
     0
176
     1
290
     0
176
     1
290
     0
176
     1
290
     0
176
     1
 90
       50
176
     1
 40
0.0
176
     1
 40
1.0
176
     1
 90
        0
176
     1
 62
    18
420
        0
176
     1
 90
       50
176
     1
 90
        3
176
     1
 62
     5
420
      255
176
     1
290
     0
176
     1
 90
       50
176
     1
 90
       50
176
     1
 90
       50
176
     1
290
     0
176
     1
 90
       50
176
     1
 62
   256
176
     0
 40
1.0
176
     0
 90
        2
176
     1
  1
strokes_ogs.tif
176
     1
290
     0
176
     1
 40
1.0
176
     1
 40
1.0
176
     1
  0
VISUALSTYLE
  5
3D
102
{ACAD_REACTORS
330
2A
102
}
330
2A
100
AcDbVisualStyle
  2
EdgeColorOff
 70
    22
177
     3
291
     1
 70
    58
 90
        2
176
     0
 90
        2
176
     0
 90
        0
176
     0
 90
        0
176
     0
 40
0.6
176
     0
 40
30.0
176
     0
 62
     7
420
 16777215
176
     0
 90
        1
176
     0
 90
        4
176
     0
 62
     7
176
     0
 62
   257
176
     0
 90
        1
176
     0
 90
        1
176
     0
 40
1.0
176
     0
 90
        8
176
     2
 62
     7
176
     0
 40
1.0
176
     0
 90
        1
176
     0
 90
        6
176
     0
 90
        2
176
     0
 62
     7
176
     0
 90
        5
176
     0
 90
        0
176
     0
 90
        0
176
     0
290
     0
176
     0
 90
        1
176
     0
 40
0.0
176
     0
 90
        0
176
     0
290
     0
176
     0
290
     1
176
     0
290
     1
176
     0
290
     0
176
     0
290
     0
176
     0
290
     0
176
     0
290
     0
176
     0
290
     0
176
     0
290
     0
176
     0
 90
       50
176
     0
 40
0.0
176
     0
 40
1.0
176
     0
 90
        0
176
     0
 62
    18
420
        0
176
     0
 90
       50
176
     0
 90
        3
176
     0
 62
     5
420
      255
176
     0
290
     0
176
     0
 90
       50
176
     0
 90
       50
176
     0
 90
       50
176
     0
290
     0
176
     0
 90
       50
176
     0
 62
   256
176
     0
 40
1.0
176
     0
 90
        2
176
     0
  1
strokes_ogs.tif
176
     0
290
     0
176
     0
 40
1.0
176
     0
 40
1.0
176
     0
  0
VISUALSTYLE
  5
39
102
{ACAD_REACTORS
330
2A
102
}
330
2A
100
AcDbVisualStyle
  2
Facepattern
 70
    15
177
     3
291
     1
 70
    58
 90
        2
176
     1
 90
        2
176
     1
 90
        0
176
     1
 90
        0
176
     1
 40
0.6
176
     1
 40
30.0
176
     1
 62
     7
420
 16777215
176
     1
 90
        1
176
     1
 90
        4
176
     1
 62
     7
176
     1
 62
   257
176
     1
 90
        1
176
     1
 90
        1
176
     1
 40
1.0
176
     1
 90
        8
176
     1
 62
     7
176
     1
 40
1.0
176
     1
 90
        1
176
     1
 90
        6
176
     1
 90
        2
176
     1
 62
     7
176
     1
 90
        5
176
     1
 90
        0
176
     1
 90
        0
176
     1
290
     0
176
     1
 90
        1
176
     1
 40
0.0
176
     1
 90
        0
176
     1
290
     0
176
     1
290
     1
176
     1
290
     1
176
     1
290
     0
176
     1
290
     0
176
     1
290
     0
176
     1
290
     0
176
     1
290
     0
176
     1
290
     0
176
     1
 90
       50
176
     1
 40
0.0
176
     1
 40
1.0
176
     1
 90
        0
176
     1
 62
    18
420
        0
176
     1
 90
       50
176
     1
 90
        3
176
     1
 62
     5
420
      255
176
     1
290
     0
176
     1
 90
       50
176
     1
 90
       50
176
     1
 90
       50
176
     1
290
     0
176
     1
 90
       50
176
     1
 62
   256
176
     0
 40
1.0
176
     0
 90
        2
176
     1
  1
strokes_ogs.tif
176
     1
290
     0
176
     1
 40
1.0
176
     1
 40
1.0
176
     1
  0
VISUALSTYLE
  5
2B
102
{ACAD_REACTORS
330
2A
102
}
330
2A
100
AcDbVisualStyle
  2
Flat
 70
     0
177
     3
291
     1
 70
    58
 90
        2
176
     1
 90
        1
176
     1
 90
        1
176
     1
 90
        2
176
     1
 40
0.6
176
     1
 40
30.0
176
     1
 62
     7
420
 16777215
176
     1
 90
        0
176
     1
 90
        0
176
     1
 62
     7
176
     1
 62
   257
176
     1
 90
        1
176
     1
 90
        1
176
     1
 40
1.0
176
     1
 90
        8
176
     1
 62
     7
176
     1
 40
1.0
176
     1
 90
        1
176
     1
 90
        6
176
     1
 90
        2
176
     1
 62
     7
176
     1
 90
        5
176
     1
 90
        0
176
     1
 90
        0
176
     1
290
     0
176
     1
 90
       13
176
     1
 40
0.0
176
     1
 90
        0
176
     1
290
     0
176
     1
290
     1
176
     1
290
     1
176
     1
290
     0
176
     1
290
     0
176
     1
290
     0
176
     1
290
     0
176
     1
290
     0
176
     1
290
     0
176
     1
 90
       50
176
     1
 40
0.0
176
     1
 40
1.0
176
     1
 90
        0
176
     1
 62
    18
420
        0
176
     1
 90
       50
176
     1
 90
        3
176
     1
 62
     5
420
      255
176
     1
290
     0
176
     1
 90
       50
176
     1
 90
       50
176
     1
 90
       50
176
     1
290
     0
176
     1
 90
       50
176
     1
 62
   256
176
     0
 40
1.0
176
     0
 90
        2
176
     1
  1
strokes_ogs.tif
176
     1
290
     0
176
     1
 40
1.0
176
     1
 40
1.0
176
     1
  0
VISUALSTYLE
  5
2C
102
{ACAD_REACTORS
330
2A
102
}
330
2A
100
AcDbVisualStyle
  2
FlatWithEdges
 70
     1
177
     3
291
     1
 70
    58
 90
        2
176
     1
 90
        1
176
     1
 90
        1
176
     1
 90
        2
176
     1
 40
0.6
176
     1
 40
30.0
176
     1
 62
     7
420
 16777215
176
     1
 90
        1
176
     1
 90
        0
176
     1
 62
     7
176
     1
 62
   257
176
     1
 90
        1
176
     1
 90
        1
176
     1
 40
1.0
176
     1
 90
        0
176
     1
 62
   257
176
     1
 40
1.0
176
     1
 90
        1
176
     1
 90
        6
176
     1
 90
        2
176
     1
 62
     7
176
     1
 90
        5
176
     1
 90
        0
176
     1
 90
        0
176
     1
290
     0
176
     1
 90
       13
176
     1
 40
0.0
176
     1
 90
        0
176
     1
290
     0
176
     1
290
     1
176
     1
290
     1
176
     1
290
     0
176
     1
290
     0
176
     1
290
     0
176
     1
290
     0
176
     1
290
     0
176
     1
290
     0
176
     1
 90
       50
176
     1
 40
0.0
176
     1
 40
1.0
176
     1
 90
        0
176
     1
 62
    18
420
        0
176
     1
 90
       50
176
     1
 90
        3
176
     1
 62
     5
420
      255
176
     1
290
     0
176
     1
 90
       50
176
     1
 90
       50
176
     1
 90
       50
176
     1
290
     0
176
     1
 90
       50
176
     1
 62
   256
176
     0
 40
1.0
176
     0
 90
        2
176
     1
  1
strokes_ogs.tif
176
     1
290
     0
176
     1
 40
1.0
176
     1
 40
1.0
176
     1
  0
VISUALSTYLE
  5
2D
102
{ACAD_REACTORS
330
2A
102
}
330
2A
100
AcDbVisualStyle
  2
Gouraud
 70
     2
177
     3
291
     1
 70
    58
 90
        2
176
     1
 90
        2
176
     1
 90
        1
176
     1
 90
        2
176
     1
 40
0.6
176
     1
 40
30.0
176
     1
 62
     7
420
 16777215
176
     1
 90
        0
176
     1
 90
        0
176
     1
 62
     7
176
     1
 62
   257
176
     1
 90
        1
176
     1
 90
        1
176
     1
 40
1.0
176
     1
 90
        0
176
     1
 62
     7
176
     1
 40
1.0
176
     1
 90
        1
176
     1
 90
        6
176
     1
 90
        2
176
     1
 62
     7
176
     1
 90
        5
176
     1
 90
        0
176
     1
 90
        0
176
     1
290
     0
176
     1
 90
       13
176
     1
 40
0.0
176
     1
 90
        0
176
     1
290
     0
176
     1
290
     1
176
     1
290
     1
176
     1
290
     0
176
     1
290
     0
176
     1
290
     0
176
     1
290
     0
176
     1
290
     0
176
     1
290
     0
176
     1
 90
       50
176
     1
 40
0.0
176
     1
 40
1.0
176
     1
 90
        0
176
     1
 62
    18
420
        0
176
     1
 90
       50
176
     1
 90
        3
176
     1
 62
     5
420
      255
176
     1
290
     0
176
     1
 90
       50
176
     1
 90
       50
176
     1
 90
       50
176
     1
290
     0
176
     1
 90
       50
176
     1
 62
   256
176
     0
 40
1.0
176
     0
 90
        2
176
     1
  1
strokes_ogs.tif
176
     1
290
     0
176
     1
 40
1.0
176
     1
 40
1.0
176
     1
  0
VISUALSTYLE
  5
2E
102
{ACAD_REACTORS
330
2A
102
}
330
2A
100
AcDbVisualStyle
  2
GouraudWithEdges
 70
     3
177
     3
291
     1
 70
    58
 90
        2
176
     1
 90
        2
176
     1
 90
        1
176
     1
 90
        2
176
     1
 40
0.6
176
     1
 40
30.0
176
     1
 62
     7
420
 16777215
176
     1
 90
        1
176
     1
 90
        0
176
     1
 62
     7
176
     1
 62
   257
176
     1
 90
        1
176
     1
 90
        1
176
     1
 40
1.0
176
     1
 90
        0
176
     1
 62
   257
176
     1
 40
1.0
176
     1
 90
        1
176
     1
 90
        6
176
     1
 90
        2
176
     1
 62
     7
176
     1
 90
        5
176
     1
 90
        0
176
     1
 90
        0
176
     1
290
     0
176
     1
 90
       13
176
     1
 40
0.0
176
     1
 90
        0
176
     1
290
     0
176
     1
290
     1
176
     1
290
     1
176
     1
290
     0
176
     1
290
     0
176
     1
290
     0
176
     1
290
     0
176
     1
290
     0
176
     1
290
     0
176
     1
 90
       50
176
     1
 40
0.0
176
     1
 40
1.0
176
     1
 90
        0
176
     1
 62
    18
420
        0
176
     1
 90
       50
176
     1
 90
        3
176
     1
 62
     5
420
      255
176
     1
290
     0
176
     1
 90
       50
176
     1
 90
       50
176
     1
 90
       50
176
     1
290
     0
176
     1
 90
       50
176
     1
 62
   256
176
     0
 40
1.0
176
     0
 90
        2
176
     1
  1
strokes_ogs.tif
176
     1
290
     0
176
     1
 40
1.0
176
     1
 40
1.0
176
     1
  0
VISUALSTYLE
  5
31
102
{ACAD_REACTORS
330
2A
102
}
330
2A
100
AcDbVisualStyle
  2
Hidden
 70
     6
177
     3
291
     0
 70
    58
 90
        1
176
     1
 90
        2
176
     1
 90
        2
176
     1
 90
        0
176
     1
 40
0.6
176
     1
 40
30.0
176
     1
 62
     7
420
 16777215
176
     1
 90
        2
176
     1
 90
        2
176
     1
 62
     7
176
     1
 62
   257
176
     1
 90
        2
176
     1
 90
        1
176
     1
 40
40.0
176
     1
 90
        0
176
     1
 62
   257
176
     1
 40
1.0
176
     1
 90
        1
176
     1
 90
        6
176
     1
 90
        2
176
     1
 62
     7
176
     1
 90
        3
176
     1
 90
        0
176
     1
 90
        0
176
     1
290
     0
176
     1
 90
        1
176
     1
 40
0.0
176
     1
 90
        0
176
     1
290
     0
176
     1
290
     1
176
     1
290
     1
176
     1
290
     0
176
     1
290
     0
176
     1
290
     0
176
     1
290
     0
176
     1
290
     0
176
     1
290
     0
176
     1
 90
       50
176
     1
 40
0.0
176
     1
 40
1.0
176
     1
 90
        0
176
     1
 62
    18
420
        0
176
     1
 90
       50
176
     1
 90
        3
176
     1
 62
     5
420
      255
176
     1
290
     0
176
     1
 90
       50
176
     1
 90
       50
176
     1
 90
       50
176
     1
290
     0
176
     1
 90
       50
176
     1
 62
   256
176
     0
 40
1.0
176
     0
 90
        2
176
     1
  1
strokes_ogs.tif
176
     1
290
     0
176
     1
 40
1.0
176
     1
 40
1.0
176
     1
  0
VISUALSTYLE
  5
3B
102
{ACAD_REACTORS
330
2A
102
}
330
2A
100
AcDbVisualStyle
  2
JitterOff
 70
    20
177
     3
291
     1
 70
    58
 90
        2
176
     0
 90
        2
176
     0
 90
        0
176
     0
 90
        0
176
     0
 40
0.6
176
     0
 40
30.0
176
     0
 62
     7
420
 16777215
176
     0
 90
        1
176
     0
 90
        4
176
     0
 62
     7
176
     0
 62
   257
176
     0
 90
        1
176
     0
 90
        1
176
     0
 40
1.0
176
     0
 90
       10
176
     2
 62
     7
176
     0
 40
1.0
176
     0
 90
        1
176
     0
 90
        6
176
     0
 90
        2
176
     0
 62
     7
176
     0
 90
        5
176
     0
 90
        0
176
     0
 90
        0
176
     0
290
     0
176
     0
 90
        1
176
     0
 40
0.0
176
     0
 90
        0
176
     0
290
     0
176
     0
290
     1
176
     0
290
     1
176
     0
290
     0
176
     0
290
     0
176
     0
290
     0
176
     0
290
     0
176
     0
290
     0
176
     0
290
     0
176
     0
 90
       50
176
     0
 40
0.0
176
     0
 40
1.0
176
     0
 90
        0
176
     0
 62
    18
420
        0
176
     0
 90
       50
176
     0
 90
        3
176
     0
 62
     5
420
      255
176
     0
290
     0
176
     0
 90
       50
176
     0
 90
       50
176
     0
 90
       50
176
     0
290
     0
176
     0
 90
       50
176
     0
 62
   256
176
     0
 40
1.0
176
     0
 90
        2
176
     0
  1
strokes_ogs.tif
176
     0
290
     0
176
     0
 40
1.0
176
     0
 40
1.0
176
     0
  0
VISUALSTYLE
  5
38
102
{ACAD_REACTORS
330
2A
102
}
330
2A
100
AcDbVisualStyle
  2
Linepattern
 70
    14
177
     3
291
     1
 70
    58
 90
        2
176
     1
 90
        2
176
     1
 90
        0
176
     1
 90
        0
176
     1
 40
0.6
176
     1
 40
30.0
176
     1
 62
     7
420
 16777215
176
     1
 90
        1
176
     1
 90
        4
176
     1
 62
     7
176
     1
 62
   257
176
     1
 90
        7
176
     1
 90
        7
176
     1
 40
1.0
176
     1
 90
        8
176
     1
 62
     7
176
     1
 40
1.0
176
     1
 90
        1
176
     1
 90
        6
176
     1
 90
        2
176
     1
 62
     7
176
     1
 90
        5
176
     1
 90
        0
176
     1
 90
        0
176
     1
290
     0
176
     1
 90
        1
176
     1
 40
0.0
176
     1
 90
        0
176
     1
290
     0
176
     1
290
     1
176
     1
290
     1
176
     1
290
     0
176
     1
290
     0
176
     1
290
     0
176
     1
290
     0
176
     1
290
     0
176
     1
290
     0
176
     1
 90
       50
176
     1
 40
0.0
176
     1
 40
1.0
176
     1
 90
        0
176
     1
 62
    18
420
        0
176
     1
 90
       50
176
     1
 90
        3
176
     1
 62
     5
420
      255
176
     1
290
     0
176
     1
 90
       50
176
     1
 90
       50
176
     1
 90
       50
176
     1
290
     0
176
     1
 90
       50
176
     1
 62
   256
176
     0
 40
1.0
176
     0
 90
        2
176
     1
  1
strokes_ogs.tif
176
     1
290
     0
176
     1
 40
1.0
176
     1
 40
1.0
176
     1
  0
VISUALSTYLE
  5
3C
102
{ACAD_REACTORS
330
2A
102
}
330
2A
100
AcDbVisualStyle
  2
OverhangOff
 70
    21
177
     3
291
     1
 70
    58
 90
        2
176
     0
 90
        2
176
     0
 90
        0
176
     0
 90
        0
176
     0
 40
0.6
176
     0
 40
30.0
176
     0
 62
     7
420
 16777215
176
     0
 90
        1
176
     0
 90
        4
176
     0
 62
     7
176
     0
 62
   257
176
     0
 90
        1
176
     0
 90
        1
176
     0
 40
1.0
176
     0
 90
        9
176
     2
 62
     7
176
     0
 40
1.0
176
     0
 90
        1
176
     0
 90
        6
176
     0
 90
        2
176
     0
 62
     7
176
     0
 90
        5
176
     0
 90
        0
176
     0
 90
        0
176
     0
290
     0
176
     0
 90
        1
176
     0
 40
0.0
176
     0
 90
        0
176
     0
290
     0
176
     0
290
     1
176
     0
290
     1
176
     0
290
     0
176
     0
290
     0
176
     0
290
     0
176
     0
290
     0
176
     0
290
     0
176
     0
290
     0
176
     0
 90
       50
176
     0
 40
0.0
176
     0
 40
1.0
176
     0
 90
        0
176
     0
 62
    18
420
        0
176
     0
 90
       50
176
     0
 90
        3
176
     0
 62
     5
420
      255
176
     0
290
     0
176
     0
 90
       50
176
     0
 90
       50
176
     0
 90
       50
176
     0
290
     0
176
     0
 90
       50
176
     0
 62
   256
176
     0
 40
1.0
176
     0
 90
        2
176
     0
  1
strokes_ogs.tif
176
     0
290
     0
176
     0
 40
1.0
176
     0
 40
1.0
176
     0
  0
VISUALSTYLE
  5
33
102
{ACAD_REACTORS
330
2A
102
}
330
2A
100
AcDbVisualStyle
  2
Realistic
 70
     8
177
     3
291
     0
 70
    58
 90
        2
176
     1
 90
        3
176
     1
 90
        0
176
     1
 90
        2
176
     1
 40
0.6
176
     1
 40
30.0
176
     1
 62
     7
420
 16777215
176
     1
 90
        0
176
     1
 90
        0
176
     1
 62
     7
176
     1
 62
   257
176
     1
 90
        1
176
     1
 90
        1
176
     1
 40
1.0
176
     1
 90
        8
176
     1
 62
   257
176
     1
 40
1.0
176
     1
 90
        1
176
     1
 90
        6
176
     1
 90
        2
176
     1
 62
     7
176
     1
 90
        3
176
     1
 90
        0
176
     1
 90
        0
176
     1
290
     0
176
     1
 90
       13
176
     1
 40
0.0
176
     1
 90
        0
176
     1
290
     0
176
     1
290
     1
176
     1
290
     1
176
     1
290
     0
176
     1
290
     0
176
     1
290
     0
176
     1
290
     0
176
     1
290
     0
176
     1
290
     0
176
     1
 90
       50
176
     1
 40
0.0
176
     1
 40
1.0
176
     1
 90
        0
176
     1
 62
    18
420
        0
176
     1
 90
       50
176
     1
 90
        3
176
     1
 62
     5
420
      255
176
     1
290
     0
176
     1
 90
       50
176
     1
 90
       50
176
     1
 90
       50
176
     1
290
     0
176
     1
 90
       50
176
     1
 62
   256
176
     0
 40
1.0
176
     0
 90
        2
176
     1
  1
strokes_ogs.tif
176
     1
290
     0
176
     1
 40
1.0
176
     1
 40
1.0
176
     1
  0
VISUALSTYLE
  5
42
102
{ACAD_REACTORS
330
2A
102
}
330
2A
100
AcDbVisualStyle
  2
Shaded
 70
    27
177
     3
291
     0
 70
    58
 90
        2
176
     1
 90
        2
176
     1
 90
        1
176
     1
 90
        2
176
     1
 40
0.6
176
     1
 40
30.0
176
     1
 62
     7
420
 16777215
176
     1
 90
        0
176
     1
 90
        4
176
     1
 62
     7
176
     1
 62
   257
176
     1
 90
        1
176
     1
 90
        1
176
     1
 40
1.0
176
     1
 90
        8
176
     1
 62
   257
176
     1
 40
1.0
176
     1
 90
        1
176
     1
 90
        6
176
     1
 90
        2
176
     1
 62
     8
420
  7895160
176
     1
 90
        3
176
     1
 90
        0
176
     1
 90
        0
176
     1
290
     0
176
     1
 90
        5
176
     1
 40
0.0
176
     1
 90
        0
176
     1
290
     0
176
     1
290
     1
176
     1
290
     1
176
     1
290
     0
176
     1
290
     0
176
     1
290
     0
176
     1
290
     0
176
     1
290
     0
176
     1
290
     0
176
     1
 90
       50
176
     1
 40
0.0
176
     1
 40
1.0
176
     1
 90
        0
176
     1
 62
    18
420
        0
176
     1
 90
       50
176
     1
 90
        3
176
     1
 62
     5
420
      255
176
     1
290
     0
176
     1
 90
       50
176
     1
 90
       50
176
     1
 90
       50
176
     1
290
     0
176
     1
 90
       50
176
     1
 62
   256
176
     0
 40
1.0
176
     0
 90
        2
176
     1
  1
strokes_ogs.tif
176
     1
290
     0
176
     1
 40
1.0
176
     1
 40
1.0
176
     1
  0
VISUALSTYLE
  5
41
102
{ACAD_REACTORS
330
2A
102
}
330
2A
100
AcDbVisualStyle
  2
Shaded with edges
 70
    26
177
     3
291
     0
 70
    58
 90
        2
176
     1
 90
        2
176
     1
 90
        1
176
     1
 90
        2
176
     1
 40
0.6
176
     1
 40
30.0
176
     1
 62
     7
420
 16777215
176
     1
 90
        1
176
     1
 90
       10
176
     1
 62
     7
176
     1
 62
   257
176
     1
 90
        2
176
     1
 90
        1
176
     1
 40
1.0
176
     1
 90
        8
176
     1
 62
   257
176
     1
 40
1.0
176
     1
 90
        1
176
     1
 90
        6
176
     1
 90
        2
176
     1
 62
     7
176
     1
 90
        3
176
     1
 90
        0
176
     1
 90
        0
176
     1
290
     0
176
     1
 90
        5
176
     1
 40
0.0
176
     1
 90
        0
176
     1
290
     0
176
     1
290
     1
176
     1
290
     1
176
     1
290
     0
176
     1
290
     0
176
     1
290
     0
176
     1
290
     0
176
     1
290
     0
176
     1
290
     0
176
     1
 90
       50
176
     1
 40
0.0
176
     1
 40
1.0
176
     1
 90
        0
176
     1
 62
    18
420
        0
176
     1
 90
       50
176
     1
 90
        3
176
     1
 62
     5
420
      255
176
     1
290
     0
176
     1
 90
       50
176
     1
 90
       50
176
     1
 90
       50
176
     1
290
     0
176
     1
 90
       50
176
     1
 62
   256
176
     0
 40
1.0
176
     0
 90
        2
176
     1
  1
strokes_ogs.tif
176
     1
290
     0
176
     1
 40
1.0
176
     1
 40
1.0
176
     1
  0
VISUALSTYLE
  5
3E
102
{ACAD_REACTORS
330
2A
102
}
330
2A
100
AcDbVisualStyle
  2
Shades of Gray
 70
    23
177
     3
291
     0
 70
    58
 90
        2
176
     1
 90
        2
176
     1
 90
        3
176
     1
 90
        0
176
     1
 40
0.6
176
     1
 40
30.0
176
     1
 62
     7
420
 16777215
176
     1
 90
        2
176
     1
 90
        2
176
     1
 62
     7
176
     1
 62
     7
176
     1
 90
        1
176
     1
 90
        1
176
     1
 40
40.0
176
     1
 90
        8
176
     1
 62
     7
176
     1
 40
1.0
176
     1
 90
        1
176
     1
 90
        6
176
     1
 90
        2
176
     1
 62
     7
176
     1
 90
        3
176
     1
 90
        0
176
     1
 90
        0
176
     1
290
     0
176
     1
 90
        1
176
     1
 40
0.0
176
     1
 90
        0
176
     1
290
     0
176
     1
290
     1
176
     1
290
     1
176
     1
290
     0
176
     1
290
     0
176
     1
290
     0
176
     1
290
     0
176
     1
290
     0
176
     1
290
     0
176
     1
 90
       50
176
     1
 40
0.0
176
     1
 40
1.0
176
     1
 90
        0
176
     1
 62
    18
420
        0
176
     1
 90
       50
176
     1
 90
        3
176
     1
 62
     5
420
      255
176
     1
290
     0
176
     1
 90
       50
176
     1
 90
       50
176
     1
 90
       50
176
     1
290
     0
176
     1
 90
       50
176
     1
 62
   256
176
     0
 40
1.0
176
     0
 90
        2
176
     1
  1
strokes_ogs.tif
176
     1
290
     0
176
     1
 40
1.0
176
     1
 40
1.0
176
     1
  0
VISUALSTYLE
  5
3F
102
{ACAD_REACTORS
330
2A
102
}
330
2A
100
AcDbVisualStyle
  2
Sketchy
 70
    24
177
     3
291
     0
 70
    58
 90
        1
176
     1
 90
        2
176
     1
 90
        2
176
     1
 90
        0
176
     1
 40
0.6
176
     1
 40
30.0
176
     1
 62
     7
420
 16777215
176
     1
 90
        2
176
     1
 90
        2
176
     1
 62
     7
176
     1
 62
     7
176
     1
 90
        1
176
     1
 90
        1
176
     1
 40
40.0
176
     1
 90
       11
176
     1
 62
     7
176
     1
 40
1.0
176
     1
 90
        1
176
     1
 90
        6
176
     1
 90
        2
176
     1
 62
     7
176
     1
 90
        6
176
     1
 90
        0
176
     1
 90
        0
176
     1
290
     0
176
     1
 90
        1
176
     1
 40
0.0
176
     1
 90
        0
176
     1
290
     0
176
     1
290
     1
176
     1
290
     1
176
     1
290
     0
176
     1
290
     0
176
     1
290
     0
176
     1
290
     0
176
     1
290
     0
176
     1
290
     0
176
     1
 90
       50
176
     1
 40
0.0
176
     1
 40
1.0
176
     1
 90
        0
176
     1
 62
    18
420
        0
176
     1
 90
       50
176
     1
 90
        3
176
     1
 62
     5
420
      255
176
     1
290
     0
176
     1
 90
       50
176
     1
 90
       50
176
     1
 90
       50
176
     1
290
     0
176
     1
 90
       50
176
     1
 62
   256
176
     0
 40
1.0
176
     0
 90
        2
176
     1
  1
strokes_ogs.tif
176
     1
290
     0
176
     1
 40
1.0
176
     1
 40
1.0
176
     1
  0
VISUALSTYLE
  5
37
102
{ACAD_REACTORS
330
2A
102
}
330
2A
100
AcDbVisualStyle
  2
Thicken
 70
    13
177
     3
291
     1
 70
    58
 90
        2
176
     1
 90
        2
176
     1
 90
        0
176
     1
 90
        0
176
     1
 40
0.6
176
     1
 40
30.0
176
     1
 62
     7
420
 16777215
176
     1
 90
        1
176
     1
 90
        4
176
     1
 62
     7
176
     1
 62
   257
176
     1
 90
        1
176
     1
 90
        1
176
     1
 40
1.0
176
     1
 90
       12
176
     1
 62
     7
176
     1
 40
1.0
176
     1
 90
        1
176
     1
 90
        6
176
     1
 90
        2
176
     1
 62
     7
176
     1
 90
        5
176
     1
 90
        0
176
     1
 90
        0
176
     1
290
     0
176
     1
 90
        1
176
     1
 40
0.0
176
     1
 90
        0
176
     1
290
     0
176
     1
290
     1
176
     1
290
     1
176
     1
290
     0
176
     1
290
     0
176
     1
290
     0
176
     1
290
     0
176
     1
290
     0
176
     1
290
     0
176
     1
 90
       50
176
     1
 40
0.0
176
     1
 40
1.0
176
     1
 90
        0
176
     1
 62
    18
420
        0
176
     1
 90
       50
176
     1
 90
        3
176
     1
 62
     5
420
      255
176
     1
290
     0
176
     1
 90
       50
176
     1
 90
       50
176
     1
 90
       50
176
     1
290
     0
176
     1
 90
       50
176
     1
 62
   256
176
     0
 40
1.0
176
     0
 90
        2
176
     1
  1
strokes_ogs.tif
176
     1
290
     0
176
     1
 40
1.0
176
     1
 40
1.0
176
     1
  0
VISUALSTYLE
  5
30
102
{ACAD_REACTORS
330
2A
102
}
330
2A
100
AcDbVisualStyle
  2
Wireframe
 70
     5
177
     3
291
     0
 70
    58
 90
        0
176
     1
 90
        2
176
     1
 90
        0
176
     1
 90
        0
176
     1
 40
0.6
176
     1
 40
30.0
176
     1
 62
     7
420
 16777215
176
     1
 90
        1
176
     1
 90
        4
176
     1
 62
     7
176
     1
 62
   257
176
     1
 90
        1
176
     1
 90
        1
176
     1
 40
1.0
176
     1
 90
        0
176
     1
 62
   257
176
     1
 40
1.0
176
     1
 90
        1
176
     1
 90
        6
176
     1
 90
        2
176
     1
 62
     7
176
     1
 90
        3
176
     1
 90
        0
176
     1
 90
        0
176
     1
290
     0
176
     1
 90
        1
176
     1
 40
0.0
176
     1
 90
        0
176
     1
290
     0
176
     1
290
     1
176
     1
290
     1
176
     1
290
     0
176
     1
290
     0
176
     1
290
     0
176
     1
290
     0
176
     1
290
     0
176
     1
290
     0
176
     1
 90
       50
176
     1
 40
0.0
176
     1
 40
1.0
176
     1
 90
        0
176
     1
 62
    18
420
        0
176
     1
 90
       50
176
     1
 90
        3
176
     1
 62
     5
420
      255
176
     1
290
     0
176
     1
 90
       50
176
     1
 90
       50
176
     1
 90
       50
176
     1
290
     0
176
     1
 90
       50
176
     1
 62
   256
176
     0
 40
1.0
176
     0
 90
        2
176
     1
  1
strokes_ogs.tif
176
     1
290
     0
176
     1
 40
1.0
176
     1
 40
1.0
176
     1
  0
VISUALSTYLE
  5
40
102
{ACAD_REACTORS
330
2A
102
}
330
2A
100
AcDbVisualStyle
  2
X-Ray
 70
    25
177
     3
291
     0
 70
    58
 90
        2
176
     1
 90
        2
176
     1
 90
        1
176
     1
 90
        1
176
     1
 40
0.5
176
     1
 40
30.0
176
     1
 62
     7
420
 16777215
176
     1
 90
        1
176
     1
 90
        0
176
     1
 62
     7
176
     1
 62
   257
176
     1
 90
        1
176
     1
 90
        1
176
     1
 40
1.0
176
     1
 90
        8
176
     1
 62
     7
176
     1
 40
1.0
176
     1
 90
        1
176
     1
 90
        6
176
     1
 90
        2
176
     1
 62
     7
176
     1
 90
        3
176
     1
 90
        0
176
     1
 90
        0
176
     1
290
     0
176
     1
 90
       13
176
     1
 40
0.0
176
     1
 90
        0
176
     1
290
     0
176
     1
290
     1
176
     1
290
     1
176
     1
290
     0
176
     1
290
     0
176
     1
290
     0
176
     1
290
     0
176
     1
290
     0
176
     1
290
     0
176
     1
 90
       50
176
     1
 40
0.0
176
     1
 40
1.0
176
     1
 90
        0
176
     1
 62
    18
420
        0
176
     1
 90
       50
176
     1
 90
        3
176
     1
 62
     5
420
      255
176
     1
290
     0
176
     1
 90
       50
176
     1
 90
       50
176
     1
 90
       50
176
     1
290
     0
176
     1
 90
       50
176
     1
 62
   256
176
     0
 40
1.0
176
     0
 90
        2
176
     1
  1
strokes_ogs.tif
176
     1
290
     0
176
     1
 40
1.0
176
     1
 40
1.0
176
     1
  0
DICTIONARYVAR
  5
517
102
{ACAD_REACTORS
330
516
102
}
330
516
100
DictionaryVariables
280
     0
  1
1:1
  0
DICTIONARYVAR
  5
51C
102
{ACAD_REACTORS
330
516
102
}
330
516
100
DictionaryVariables
280
     0
  1
Standard
  0
DICTIONARYVAR
  5
51B
102
{ACAD_REACTORS
330
516
102
}
330
516
100
DictionaryVariables
280
     0
  1
Standard
  0
DICTIONARY
  5
518
330
5A
100
AcDbDictionary
280
     1
281
     1
  3
ACAD_ROUNDTRIP_2008_TABLESTYLE_CELLSTYLEMAP
360
519
  0
CELLSTYLEMAP
  5
519
102
{ACAD_REACTORS
330
518
102
}
330
518
100
AcDbCellStyleMap
 90
        3
300
CELLSTYLE
  1
TABLEFORMAT_BEGIN
 90
        5
170
     1
 91
        0
 92
    32768
 62
   257
 93
        1
300
CONTENTFORMAT
  1
CONTENTFORMAT_BEGIN
 90
        0
 91
        0
 92
        4
 93
        0
300

 40
0.0
140
1.0
 94
        5
 62
     0
340
11
144
0.25
309
CONTENTFORMAT_END
171
     1
301
MARGIN
  1
CELLMARGIN_BEGIN
 40
0.06
 40
0.06
 40
0.06
 40
0.06
 40
0.06
 40
0.06
309
CELLMARGIN_END
 94
        6
 95
        1
302
GRIDFORMAT
  1
GRIDFORMAT_BEGIN
 90
        0
 91
        1
 62
     0
 92
       -2
340
14
 93
        0
 40
0.045
309
GRIDFORMAT_END
 95
        2
302
GRIDFORMAT
  1
GRIDFORMAT_BEGIN
 90
        0
 91
        1
 62
     0
 92
       -2
340
14
 93
        0
 40
0.045
309
GRIDFORMAT_END
 95
        4
302
GRIDFORMAT
  1
GRIDFORMAT_BEGIN
 90
        0
 91
        1
 62
     0
 92
       -2
340
14
 93
        0
 40
0.045
309
GRIDFORMAT_END
 95
        8
302
GRIDFORMAT
  1
GRIDFORMAT_BEGIN
 90
        0
 91
        1
 62
     0
 92
       -2
340
14
 93
        0
 40
0.045
309
GRIDFORMAT_END
 95
       16
302
GRIDFORMAT
  1
GRIDFORMAT_BEGIN
 90
        0
 91
        1
 62
     0
 92
       -2
340
14
 93
        0
 40
0.045
309
GRIDFORMAT_END
 95
       32
302
GRIDFORMAT
  1
GRIDFORMAT_BEGIN
 90
        0
 91
        1
 62
     0
 92
       -2
340
14
 93
        0
 40
0.045
309
GRIDFORMAT_END
309
TABLEFORMAT_END
  1
CELLSTYLE_BEGIN
 90
        1
 91
        1
300
_TITLE
309
CELLSTYLE_END
300
CELLSTYLE
  1
TABLEFORMAT_BEGIN
 90
        5
170
     1
 91
        0
 92
        0
 62
   257
 93
        1
300
CONTENTFORMAT
  1
CONTENTFORMAT_BEGIN
 90
        0
 91
        0
 92
        4
 93
        0
300

 40
0.0
140
1.0
 94
        5
 62
     0
340
11
144
0.18
309
CONTENTFORMAT_END
171
     1
301
MARGIN
  1
CELLMARGIN_BEGIN
 40
0.06
 40
0.06
 40
0.06
 40
0.06
 40
0.06
 40
0.06
309
CELLMARGIN_END
 94
        6
 95
        1
302
GRIDFORMAT
  1
GRIDFORMAT_BEGIN
 90
        0
 91
        1
 62
     0
 92
       -2
340
14
 93
        0
 40
0.045
309
GRIDFORMAT_END
 95
        2
302
GRIDFORMAT
  1
GRIDFORMAT_BEGIN
 90
        0
 91
        1
 62
     0
 92
       -2
340
14
 93
        0
 40
0.045
309
GRIDFORMAT_END
 95
        4
302
GRIDFORMAT
  1
GRIDFORMAT_BEGIN
 90
        0
 91
        1
 62
     0
 92
       -2
340
14
 93
        0
 40
0.045
309
GRIDFORMAT_END
 95
        8
302
GRIDFORMAT
  1
GRIDFORMAT_BEGIN
 90
        0
 91
        1
 62
     0
 92
       -2
340
14
 93
        0
 40
0.045
309
GRIDFORMAT_END
 95
       16
302
GRIDFORMAT
  1
GRIDFORMAT_BEGIN
 90
        0
 91
        1
 62
     0
 92
       -2
340
14
 93
        0
 40
0.045
309
GRIDFORMAT_END
 95
       32
302
GRIDFORMAT
  1
GRIDFORMAT_BEGIN
 90
        0
 91
        1
 62
     0
 92
       -2
340
14
 93
        0
 40
0.045
309
GRIDFORMAT_END
309
TABLEFORMAT_END
  1
CELLSTYLE_BEGIN
 90
        2
 91
        1
300
_HEADER
309
CELLSTYLE_END
300
CELLSTYLE
  1
TABLEFORMAT_BEGIN
 90
        5
170
     1
 91
        0
 92
        0
 62
   257
 93
        1
300
CONTENTFORMAT
  1
CONTENTFORMAT_BEGIN
 90
        0
 91
        0
 92
        4
 93
        0
300

 40
0.0
140
1.0
 94
        2
 62
     0
340
11
144
0.18
309
CONTENTFORMAT_END
171
     1
301
MARGIN
  1
CELLMARGIN_BEGIN
 40
0.06
 40
0.06
 40
0.06
 40
0.06
 40
0.06
 40
0.06
309
CELLMARGIN_END
 94
        6
 95
        1
302
GRIDFORMAT
  1
GRIDFORMAT_BEGIN
 90
        0
 91
        1
 62
     0
 92
       -2
340
14
 93
        0
 40
0.045
309
GRIDFORMAT_END
 95
        2
302
GRIDFORMAT
  1
GRIDFORMAT_BEGIN
 90
        0
 91
        1
 62
     0
 92
       -2
340
14
 93
        0
 40
0.045
309
GRIDFORMAT_END
 95
        4
302
GRIDFORMAT
  1
GRIDFORMAT_BEGIN
 90
        0
 91
        1
 62
     0
 92
       -2
340
14
 93
        0
 40
0.045
309
GRIDFORMAT_END
 95
        8
302
GRIDFORMAT
  1
GRIDFORMAT_BEGIN
 90
        0
 91
        1
 62
     0
 92
       -2
340
14
 93
        0
 40
0.045
309
GRIDFORMAT_END
 95
       16
302
GRIDFORMAT
  1
GRIDFORMAT_BEGIN
 90
        0
 91
        1
 62
     0
 92
       -2
340
14
 93
        0
 40
0.045
309
GRIDFORMAT_END
 95
       32
302
GRIDFORMAT
  1
GRIDFORMAT_BEGIN
 90
        0
 91
        1
 62
     0
 92
       -2
340
14
 93
        0
 40
0.045
309
GRIDFORMAT_END
309
TABLEFORMAT_END
  1
CELLSTYLE_BEGIN
 90
        3
 91
        2
300
_DATA
309
CELLSTYLE_END
  0
ENDSEC
  0
EOF
