  0
SECTION
  2
HEADER
  9
$ACADVER
  1
AC1027
  9
$ACADMAINTVER
 70
   105
  9
$DWGCODEPAGE
  3
ANSI_1252
  9
$COMMENTS
  1
File was created by Cadenas
  9
$LASTSAVEDBY
  1
psservice
  9
$CUSTOMPROPERTYTAG
  1
NB
  9
$CUSTOMPROPERTY
  1
DHG_Gas_Electric-Daikin-DHG0724DH00001S-300
  9
$CUSTOMPROPERTYTAG
  1
NN
  9
$CUSTOMPROPERTY
  1
(R32) DHG Series 6 Ton Gas Electric
  9
$CUSTOMPROPERTYTAG
  1
NT
  9
$CUSTOMPROPERTY
  1

  9
$CUSTOMPROPERTYTAG
  1
NBSYN
  9
$CUSTOMPROPERTY
  1
DHG_Gas_Electric-Daikin-$PN.-$LOG.
  9
$CUSTOMPROPERTYTAG
  1
LINA
  9
$CUSTOMPROPERTY
  1
DHG_Gas_Electric-Daikin-DHG0724DH00001S-460 VAC
  9
$CUSTOMPROPERTYTAG
  1
CATALOG
  9
$CUSTOMPROPERTY
  1
Daikin
  9
$CUSTOMPROPERTYTAG
  1
PN
  9
$CUSTOMPROPERTY
  1
DHG0724DH00001S
  9
$CUSTOMPROPERTYTAG
  1
LOG
  9
$CUSTOMPROPERTY
  1
300
  9
$CUSTOMPROPERTYTAG
  1
DESC
  9
$CUSTOMPROPERTY
  1
DHG 6 Ton Light Commercial Packaged Gas Electric R32
  9
$CUSTOMPROPERTYTAG
  1
OD
  9
$CUSTOMPROPERTY
  1
48.6100
  9
$CUSTOMPROPERTYTAG
  1
OH
  9
$CUSTOMPROPERTY
  1
53.750
  9
$CUSTOMPROPERTYTAG
  1
OW
  9
$CUSTOMPROPERTY
  1
74.000
  9
$CUSTOMPROPERTYTAG
  1
URL
  9
$CUSTOMPROPERTY
  1
https://daikincomfort.com
  9
$CUSTOMPROPERTYTAG
  1
RFAFAMILY
  9
$CUSTOMPROPERTY
  1
Download Revit Family (RFA)
  9
$CUSTOMPROPERTYTAG
  1
COMPANY
  9
$CUSTOMPROPERTY
  1
daikin
  9
$REQUIREDVERSIONS
160
                 0
  9
$INSBASE
 10
0.0
 20
0.0
 30
0.0
  9
$EXTMIN
 10
-24.5325
 20
-0.26
 30
0.0
  9
$EXTMAX
 10
33.48448863899802
 20
59.55542372881356
 30
0.0
  9
$LIMMIN
 10
0.0
 20
0.0
  9
$LIMMAX
 10
12.0
 20
9.0
  9
$ORTHOMODE
 70
     0
  9
$REGENMODE
 70
     1
  9
$FILLMODE
 70
     1
  9
$QTEXTMODE
 70
     0
  9
$MIRRTEXT
 70
     1
  9
$LTSCALE
 40
1.0
  9
$ATTMODE
 70
     1
  9
$TEXTSIZE
 40
0.2
  9
$TRACEWID
 40
0.05
  9
$TEXTSTYLE
  7
Standard
  9
$CLAYER
  8
0
  9
$CELTYPE
  6
ByLayer
  9
$CECOLOR
 62
   256
  9
$CELTSCALE
 40
1.0
  9
$DISPSILH
 70
     0
  9
$DIMSCALE
 40
1.0
  9
$DIMASZ
 40
0.18
  9
$DIMEXO
 40
0.0625
  9
$DIMDLI
 40
0.38
  9
$DIMRND
 40
0.0
  9
$DIMDLE
 40
0.0
  9
$DIMEXE
 40
0.18
  9
$DIMTP
 40
0.0
  9
$DIMTM
 40
0.0
  9
$DIMTXT
 40
0.18
  9
$DIMCEN
 40
0.09
  9
$DIMTSZ
 40
0.0
  9
$DIMTOL
 70
     0
  9
$DIMLIM
 70
     0
  9
$DIMTIH
 70
     1
  9
$DIMTOH
 70
     1
  9
$DIMSE1
 70
     0
  9
$DIMSE2
 70
     0
  9
$DIMTAD
 70
     0
  9
$DIMZIN
 70
     0
  9
$DIMBLK
  1

  9
$DIMASO
 70
     1
  9
$DIMSHO
 70
     1
  9
$DIMPOST
  1

  9
$DIMAPOST
  1

  9
$DIMALT
 70
     0
  9
$DIMALTD
 70
     2
  9
$DIMALTF
 40
25.4
  9
$DIMLFAC
 40
1.0
  9
$DIMTOFL
 70
     0
  9
$DIMTVP
 40
0.0
  9
$DIMTIX
 70
     0
  9
$DIMSOXD
 70
     0
  9
$DIMSAH
 70
     0
  9
$DIMBLK1
  1

  9
$DIMBLK2
  1

  9
$DIMSTYLE
  2
Standard
  9
$DIMCLRD
 70
     0
  9
$DIMCLRE
 70
     0
  9
$DIMCLRT
 70
     0
  9
$DIMTFAC
 40
1.0
  9
$DIMGAP
 40
0.09
  9
$DIMJUST
 70
     0
  9
$DIMSD1
 70
     0
  9
$DIMSD2
 70
     0
  9
$DIMTOLJ
 70
     1
  9
$DIMTZIN
 70
     0
  9
$DIMALTZ
 70
     0
  9
$DIMALTTZ
 70
     0
  9
$DIMUPT
 70
     0
  9
$DIMDEC
 70
     4
  9
$DIMTDEC
 70
     4
  9
$DIMALTU
 70
     2
  9
$DIMALTTD
 70
     2
  9
$DIMTXSTY
  7
Standard
  9
$DIMAUNIT
 70
     0
  9
$DIMADEC
 70
     0
  9
$DIMALTRND
 40
0.0
  9
$DIMAZIN
 70
     0
  9
$DIMDSEP
 70
    46
  9
$DIMATFIT
 70
     3
  9
$DIMFRAC
 70
     0
  9
$DIMLDRBLK
  1

  9
$DIMLUNIT
 70
     2
  9
$DIMLWD
 70
    -2
  9
$DIMLWE
 70
    -2
  9
$DIMTMOVE
 70
     0
  9
$DIMFXL
 40
1.0
  9
$DIMFXLON
 70
     0
  9
$DIMJOGANG
 40
0.7853981633974483
  9
$DIMTFILL
 70
     0
  9
$DIMTFILLCLR
 70
     0
  9
$DIMARCSYM
 70
     0
  9
$DIMLTYPE
  6

  9
$DIMLTEX1
  6

  9
$DIMLTEX2
  6

  9
$DIMTXTDIRECTION
 70
     0
  9
$LUNITS
 70
     2
  9
$LUPREC
 70
     4
  9
$SKETCHINC
 40
0.1
  9
$FILLETRAD
 40
0.0
  9
$AUNITS
 70
     0
  9
$AUPREC
 70
     0
  9
$MENU
  1
.
  9
$ELEVATION
 40
0.0
  9
$PELEVATION
 40
0.0
  9
$THICKNESS
 40
0.0
  9
$LIMCHECK
 70
     0
  9
$CHAMFERA
 40
0.0
  9
$CHAMFERB
 40
0.0
  9
$CHAMFERC
 40
0.0
  9
$CHAMFERD
 40
0.0
  9
$SKPOLY
 70
     0
  9
$TDCREATE
 40
2461206.687413391
  9
$TDUCREATE
 40
2461206.604080058
  9
$TDUPDATE
 40
2461206.687414838
  9
$TDUUPDATE
 40
2461206.604081505
  9
$TDINDWG
 40
0.0000000116
  9
$TDUSRTIMER
 40
0.0000000116
  9
$USRTIMER
 70
     1
  9
$ANGBASE
 50
0.0
  9
$ANGDIR
 70
     0
  9
$PDMODE
 70
     0
  9
$PDSIZE
 40
0.0
  9
$PLINEWID
 40
0.0
  9
$SPLFRAME
 70
     0
  9
$SPLINETYPE
 70
     6
  9
$SPLINESEGS
 70
     8
  9
$HANDSEED
  5
A2D
  9
$SURFTAB1
 70
     6
  9
$SURFTAB2
 70
     6
  9
$SURFTYPE
 70
     6
  9
$SURFU
 70
     6
  9
$SURFV
 70
     6
  9
$UCSBASE
  2

  9
$UCSNAME
  2

  9
$UCSORG
 10
0.0
 20
0.0
 30
0.0
  9
$UCSXDIR
 10
1.0
 20
0.0
 30
0.0
  9
$UCSYDIR
 10
0.0
 20
1.0
 30
0.0
  9
$UCSORTHOREF
  2

  9
$UCSORTHOVIEW
 70
     0
  9
$UCSORGTOP
 10
0.0
 20
0.0
 30
0.0
  9
$UCSORGBOTTOM
 10
0.0
 20
0.0
 30
0.0
  9
$UCSORGLEFT
 10
0.0
 20
0.0
 30
0.0
  9
$UCSORGRIGHT
 10
0.0
 20
0.0
 30
0.0
  9
$UCSORGFRONT
 10
0.0
 20
0.0
 30
0.0
  9
$UCSORGBACK
 10
0.0
 20
0.0
 30
0.0
  9
$PUCSBASE
  2

  9
$PUCSNAME
  2

  9
$PUCSORG
 10
0.0
 20
0.0
 30
0.0
  9
$PUCSXDIR
 10
1.0
 20
0.0
 30
0.0
  9
$PUCSYDIR
 10
0.0
 20
1.0
 30
0.0
  9
$PUCSORTHOREF
  2

  9
$PUCSORTHOVIEW
 70
     0
  9
$PUCSORGTOP
 10
0.0
 20
0.0
 30
0.0
  9
$PUCSORGBOTTOM
 10
0.0
 20
0.0
 30
0.0
  9
$PUCSORGLEFT
 10
0.0
 20
0.0
 30
0.0
  9
$PUCSORGRIGHT
 10
0.0
 20
0.0
 30
0.0
  9
$PUCSORGFRONT
 10
0.0
 20
0.0
 30
0.0
  9
$PUCSORGBACK
 10
0.0
 20
0.0
 30
0.0
  9
$USERI1
 70
     0
  9
$USERI2
 70
     0
  9
$USERI3
 70
     0
  9
$USERI4
 70
     0
  9
$USERI5
 70
     0
  9
$USERR1
 40
0.0
  9
$USERR2
 40
0.0
  9
$USERR3
 40
0.0
  9
$USERR4
 40
0.0
  9
$USERR5
 40
0.0
  9
$WORLDVIEW
 70
     1
  9
$SHADEDGE
 70
     3
  9
$SHADEDIF
 70
    70
  9
$TILEMODE
 70
     1
  9
$MAXACTVP
 70
    64
  9
$PINSBASE
 10
0.0
 20
0.0
 30
0.0
  9
$PLIMCHECK
 70
     0
  9
$PEXTMIN
 10
1.000000000000000E+20
 20
1.000000000000000E+20
 30
1.000000000000000E+20
  9
$PEXTMAX
 10
-1.000000000000000E+20
 20
-1.000000000000000E+20
 30
-1.000000000000000E+20
  9
$PLIMMIN
 10
0.0
 20
0.0
  9
$PLIMMAX
 10
12.0
 20
9.0
  9
$UNITMODE
 70
     0
  9
$VISRETAIN
 70
     1
  9
$PLINEGEN
 70
     0
  9
$PSLTSCALE
 70
     1
  9
$TREEDEPTH
 70
  3020
  9
$CMLSTYLE
  2
Standard
  9
$CMLJUST
 70
     0
  9
$CMLSCALE
 40
1.0
  9
$PROXYGRAPHICS
 70
     1
  9
$MEASUREMENT
 70
     0
  9
$CELWEIGHT
370
    -1
  9
$ENDCAPS
280
     0
  9
$JOINSTYLE
280
     0
  9
$LWDISPLAY
290
     0
  9
$INSUNITS
 70
     1
  9
$HYPERLINKBASE
  1

  9
$STYLESHEET
  1

  9
$XEDIT
290
     1
  9
$CEPSNTYPE
380
     0
  9
$PSTYLEMODE
290
     1
  9
$FINGERPRINTGUID
  2
{a2cb1888-3151-4141-b2e4-4fe3043b1add}
  9
$VERSIONGUID
  2
{FAEB1C32-E019-11D5-929B-00C0DF256EC4}
  9
$EXTNAMES
290
     1
  9
$PSVPSCALE
 40
0.0
  9
$OLESTARTUP
290
     0
  9
$SORTENTS
280
   127
  9
$INDEXCTL
280
     0
  9
$HIDETEXT
280
     1
  9
$XCLIPFRAME
280
     2
  9
$HALOGAP
280
     0
  9
$OBSCOLOR
 70
   257
  9
$OBSLTYPE
280
     0
  9
$INTERSECTIONDISPLAY
280
     0
  9
$INTERSECTIONCOLOR
 70
   257
  9
$DIMASSOC
280
     2
  9
$PROJECTNAME
  1

  9
$CAMERADISPLAY
290
     0
  9
$LENSLENGTH
 40
50.0
  9
$CAMERAHEIGHT
 40
0.0
  9
$STEPSPERSEC
 40
2.0
  9
$STEPSIZE
 40
6.0
  9
$3DDWFPREC
 40
2.0
  9
$PSOLWIDTH
 40
0.25
  9
$PSOLHEIGHT
 40
4.0
  9
$LOFTANG1
 40
1.570796326794897
  9
$LOFTANG2
 40
1.570796326794897
  9
$LOFTMAG1
 40
0.0
  9
$LOFTMAG2
 40
0.0
  9
$LOFTPARAM
 70
     7
  9
$LOFTNORMALS
280
     1
  9
$LATITUDE
 40
37.795
  9
$LONGITUDE
 40
-122.394
  9
$NORTHDIRECTION
 40
0.0
  9
$TIMEZONE
 70
 -8000
  9
$LIGHTGLYPHDISPLAY
280
     1
  9
$TILEMODELIGHTSYNCH
280
     1
  9
$CMATERIAL
347
44
  9
$SOLIDHIST
280
     0
  9
$SHOWHIST
280
     1
  9
$DWFFRAME
280
     2
  9
$DGNFRAME
280
     2
  9
$REALWORLDSCALE
290
     1
  9
$INTERFERECOLOR
 62
   256
  9
$CSHADOW
280
     0
  9
$SHADOWPLANELOCATION
 40
0.0
  0
ENDSEC
  0
SECTION
  2
CLASSES
  0
CLASS
  1
ACDBDICTIONARYWDFLT
  2
AcDbDictionaryWithDefault
  3
ObjectDBX Classes
 90
        0
 91
        3
280
     0
281
     0
  0
CLASS
  1
VISUALSTYLE
  2
AcDbVisualStyle
  3
ObjectDBX Classes
 90
     4095
 91
        3
280
     0
281
     0
  0
CLASS
  1
MATERIAL
  2
AcDbMaterial
  3
ObjectDBX Classes
 90
     1153
 91
        3
280
     0
281
     0
  0
CLASS
  1
SCALE
  2
AcDbScale
  3
ObjectDBX Classes
 90
     1153
 91
        3
280
     0
281
     0
  0
CLASS
  1
TABLESTYLE
  2
AcDbTableStyle
  3
ObjectDBX Classes
 90
     4095
 91
        3
280
     0
281
     0
  0
CLASS
  1
MLEADERSTYLE
  2
AcDbMLeaderStyle
  3
ACDB_MLEADERSTYLE_CLASS
 90
     4095
 91
        3
280
     0
281
     0
  0
CLASS
  1
SUN
  2
AcDbSun
  3
SCENEOE
 90
     1153
 91
        3
280
     0
281
     0
  0
CLASS
  1
DICTIONARYVAR
  2
AcDbDictionaryVar
  3
ObjectDBX Classes
 90
        0
 91
        3
280
     0
281
     0
  0
CLASS
  1
CELLSTYLEMAP
  2
AcDbCellStyleMap
  3
ObjectDBX Classes
 90
     1152
 91
        3
280
     0
281
     0
  0
ENDSEC
  0
SECTION
  2
TABLES
  0
TABLE
  2
VPORT
  5
8
330
0
100
AcDbSymbolTable
 70
     1
  0
VPORT
  5
29
330
8
100
AcDbSymbolTableRecord
100
AcDbViewportTableRecord
  2
*Active
 70
     0
 10
0.0
 20
0.0
 11
1.0
 21
1.0
 12
4.515146861871887
 22
29.69669491525424
 13
0.0
 23
0.0
 14
0.5
 24
0.5
 15
0.5
 25
0.5
 16
0.0
 26
0.0
 36
1.0
 17
0.0
 27
0.0
 37
0.0
 40
61.11165762711865
 41
0.9696545945420884
 42
50.0
 43
0.0
 44
0.0
 50
0.0
 51
0.0
 71
     0
 72
   100
 73
     1
 74
     3
 75
     0
 76
     0
 77
     0
 78
     0
281
     0
 65
     1
110
0.0
120
0.0
130
0.0
111
1.0
121
0.0
131
0.0
112
0.0
122
1.0
132
0.0
 79
     0
146
0.0
348
2F
 60
     3
 61
     5
292
     1
282
     1
141
0.0
142
0.0
 63
   250
361
5D
  0
ENDTAB
  0
TABLE
  2
LTYPE
  5
5
330
0
100
AcDbSymbolTable
 70
     3
  0
LTYPE
  5
14
330
5
100
AcDbSymbolTableRecord
100
AcDbLinetypeTableRecord
  2
ByBlock
 70
     0
  3

 72
    65
 73
     0
 40
0.0
  0
LTYPE
  5
15
330
5
100
AcDbSymbolTableRecord
100
AcDbLinetypeTableRecord
  2
ByLayer
 70
     0
  3

 72
    65
 73
     0
 40
0.0
  0
LTYPE
  5
16
330
5
100
AcDbSymbolTableRecord
100
AcDbLinetypeTableRecord
  2
Continuous
 70
     0
  3
Solid line
 72
    65
 73
     0
 40
0.0
  0
LTYPE
  5
73
330
5
100
AcDbSymbolTableRecord
100
AcDbLinetypeTableRecord
  2
Dashed
 70
     0
  3

 72
    65
 73
     2
 40
2.0
 49
1.0
 74
     0
 49
-1.0
 74
     0
  0
LTYPE
  5
9E8
330
5
100
AcDbSymbolTableRecord
100
AcDbLinetypeTableRecord
  2
Center
 70
     0
  3

 72
    65
 73
     4
 40
1.5
 49
0.45
 74
     0
 49
-0.5
 74
     0
 49
0.05
 74
     0
 49
-0.5
 74
     0
  0
ENDTAB
  0
TABLE
  2
LAYER
  5
2
330
0
100
AcDbSymbolTable
 70
     7
  0
LAYER
  5
10
330
2
100
AcDbSymbolTableRecord
100
AcDbLayerTableRecord
  2
0
 70
     0
 62
     7
  6
Continuous
370
    -3
390
F
347
46
348
0
  0
LAYER
  5
5E
330
2
100
AcDbSymbolTableRecord
100
AcDbLayerTableRecord
  2
AM_6
 70
     0
 62
    -2
  6
Continuous
370
    35
390
F
347
46
348
0
  0
LAYER
  5
74
330
2
100
AcDbSymbolTableRecord
100
AcDbLayerTableRecord
  2
AM_9
 70
     0
 62
     6
  6
Dashed
370
    25
390
F
347
46
348
0
  0
LAYER
  5
417
330
2
100
AcDbSymbolTableRecord
100
AcDbLayerTableRecord
  2
AM_0
 70
     0
 62
     7
  6
Continuous
370
    50
390
F
347
46
348
0
  0
LAYER
  5
8E3
330
2
100
AcDbSymbolTableRecord
100
AcDbLayerTableRecord
  2
AM_4
 70
     0
 62
     3
  6
Continuous
370
    25
390
F
347
46
348
0
  0
LAYER
  5
9E9
330
2
100
AcDbSymbolTableRecord
100
AcDbLayerTableRecord
  2
AM_7
 70
     0
 62
     7
  6
Center
370
    25
390
F
347
46
348
0
  0
LAYER
  5
A16
330
2
100
AcDbSymbolTableRecord
100
AcDbLayerTableRecord
  2
2d ConnectionPoints
 70
     0
 62
     7
  6
Continuous
370
    50
390
F
347
46
348
0
  0
ENDTAB
  0
TABLE
  2
STYLE
  5
3
330
0
100
AcDbSymbolTable
 70
     1
  0
STYLE
  5
11
330
3
100
AcDbSymbolTableRecord
100
AcDbTextStyleTableRecord
  2
Standard
 70
     0
 40
0.0
 41
1.0
 50
0.0
 71
     0
 42
0.2
  3
txt
  4

  0
ENDTAB
  0
TABLE
  2
VIEW
  5
6
330
0
100
AcDbSymbolTable
 70
     0
  0
ENDTAB
  0
TABLE
  2
UCS
  5
7
330
0
100
AcDbSymbolTable
 70
     0
  0
ENDTAB
  0
TABLE
  2
APPID
  5
9
330
0
100
AcDbSymbolTable
 70
     1
  0
APPID
  5
12
330
9
100
AcDbSymbolTableRecord
100
AcDbRegAppTableRecord
  2
ACAD
 70
     0
  0
ENDTAB
  0
TABLE
  2
DIMSTYLE
  5
A
330
0
100
AcDbSymbolTable
 70
     1
100
AcDbDimStyleTable
  0
DIMSTYLE
105
27
330
A
100
AcDbSymbolTableRecord
100
AcDbDimStyleTableRecord
  2
Standard
 70
     0
178
     0
340
11
  0
ENDTAB
  0
TABLE
  2
BLOCK_RECORD
  5
1
330
0
100
AcDbSymbolTable
 70
     1
  0
BLOCK_RECORD
  5
1F
330
1
100
AcDbSymbolTableRecord
100
AcDbBlockTableRecord
  2
*Model_Space
340
22
 70
     0
280
     1
281
     0
  0
BLOCK_RECORD
  5
1B
330
1
100
AcDbSymbolTableRecord
100
AcDbBlockTableRecord
  2
*Paper_Space
340
1E
 70
     0
280
     1
281
     0
  0
BLOCK_RECORD
  5
23
330
1
100
AcDbSymbolTableRecord
100
AcDbBlockTableRecord
  2
*Paper_Space0
340
26
 70
     0
280
     1
281
     0
  0
ENDTAB
  0
ENDSEC
  0
SECTION
  2
BLOCKS
  0
BLOCK
  5
20
330
1F
100
AcDbEntity
  8
0
100
AcDbBlockBegin
  2
*Model_Space
 70
     2
 10
0.0
 20
0.0
 30
0.0
  3
*Model_Space
  1

  0
ENDBLK
  5
21
330
1F
100
AcDbEntity
  8
0
100
AcDbBlockEnd
  0
BLOCK
  5
1C
330
1B
100
AcDbEntity
 67
     1
  8
0
100
AcDbBlockBegin
  2
*Paper_Space
 70
     0
 10
0.0
 20
0.0
 30
0.0
  3
*Paper_Space
  1

  0
ENDBLK
  5
1D
330
1B
100
AcDbEntity
 67
     1
  8
0
100
AcDbBlockEnd
  0
BLOCK
  5
24
330
23
100
AcDbEntity
  8
0
100
AcDbBlockBegin
  2
*Paper_Space0
 70
     0
 10
0.0
 20
0.0
 30
0.0
  3
*Paper_Space0
  1

  0
ENDBLK
  5
25
330
23
100
AcDbEntity
  8
0
100
AcDbBlockEnd
  0
ENDSEC
  0
SECTION
  2
ENTITIES
  0
ATTDEF
  5
5F
330
1F
100
AcDbEntity
  8
AM_6
100
AcDbText
 10
29.22923440170988
 20
59.05
 30
0.0
 40
0.5
  1
DHG_Gas_Electric-Daikin-DHG0724DH00001S-300
100
AcDbAttributeDefinition
  3

  2
NB
 70
     8
280
     0
  0
ATTDEF
  5
60
330
1F
100
AcDbEntity
  8
AM_6
100
AcDbText
 10
29.22923440170988
 20
58.55
 30
0.0
 40
0.5
  1
(R32) DHG Series 6 Ton Gas Electric
100
AcDbAttributeDefinition
  3

  2
NN
 70
     8
280
     0
  0
ATTDEF
  5
61
330
1F
100
AcDbEntity
  8
AM_6
100
AcDbText
 10
29.22923440170988
 20
58.05
 30
0.0
 40
0.5
  1

100
AcDbAttributeDefinition
  3

  2
NT
 70
     8
280
     0
  0
ATTDEF
  5
62
330
1F
100
AcDbEntity
  8
AM_6
100
AcDbText
 10
29.22923440170988
 20
57.55
 30
0.0
 40
0.5
  1
DHG_Gas_Electric-Daikin-$PN.-$LOG.
100
AcDbAttributeDefinition
  3

  2
NBSYN
 70
     8
280
     0
  0
ATTDEF
  5
63
330
1F
100
AcDbEntity
  8
AM_6
100
AcDbText
 10
29.22923440170988
 20
57.05
 30
0.0
 40
0.5
  1
DHG_Gas_Electric-Daikin-DHG0724DH00001S-460 VAC
100
AcDbAttributeDefinition
  3

  2
LINA
 70
     8
280
     0
  0
ATTDEF
  5
64
330
1F
100
AcDbEntity
  8
AM_6
100
AcDbText
 10
29.22923440170988
 20
56.55
 30
0.0
 40
0.5
  1
Daikin
100
AcDbAttributeDefinition
  3

  2
CATALOG
 70
     8
280
     0
  0
ATTDEF
  5
65
330
1F
100
AcDbEntity
  8
AM_6
100
AcDbText
 10
29.22923440170988
 20
56.05
 30
0.0
 40
0.5
  1
DHG0724DH00001S
100
AcDbAttributeDefinition
  3

  2
PN
 70
     8
280
     0
  0
ATTDEF
  5
66
330
1F
100
AcDbEntity
  8
AM_6
100
AcDbText
 10
29.22923440170988
 20
55.55
 30
0.0
 40
0.5
  1
300
100
AcDbAttributeDefinition
  3

  2
LOG
 70
     8
280
     0
  0
ATTDEF
  5
67
330
1F
100
AcDbEntity
  8
AM_6
100
AcDbText
 10
29.22923440170988
 20
55.05
 30
0.0
 40
0.5
  1
DHG 6 Ton Light Commercial Packaged Gas Electric R32
100
AcDbAttributeDefinition
  3

  2
DESC
 70
     8
280
     0
  0
ATTDEF
  5
68
330
1F
100
AcDbEntity
  8
AM_6
100
AcDbText
 10
29.22923440170988
 20
54.55
 30
0.0
 40
0.5
  1
48.6100
100
AcDbAttributeDefinition
  3

  2
OD
 70
     8
280
     0
  0
ATTDEF
  5
69
330
1F
100
AcDbEntity
  8
AM_6
100
AcDbText
 10
29.22923440170988
 20
54.05
 30
0.0
 40
0.5
  1
53.750
100
AcDbAttributeDefinition
  3

  2
OH
 70
     8
280
     0
  0
ATTDEF
  5
6A
330
1F
100
AcDbEntity
  8
AM_6
100
AcDbText
 10
29.22923440170988
 20
53.55
 30
0.0
 40
0.5
  1
74.000
100
AcDbAttributeDefinition
  3

  2
OW
 70
     8
280
     0
  0
ATTDEF
  5
6B
330
1F
100
AcDbEntity
  8
AM_6
100
AcDbText
 10
29.22923440170988
 20
53.05
 30
0.0
 40
0.5
  1
https://daikincomfort.com
100
AcDbAttributeDefinition
  3

  2
URL
 70
     8
280
     0
  0
ATTDEF
  5
6C
330
1F
100
AcDbEntity
  8
AM_6
100
AcDbText
 10
29.22923440170988
 20
52.55
 30
0.0
 40
0.5
  1
Download Revit Family (RFA)
100
AcDbAttributeDefinition
  3

  2
RFAFAMILY
 70
     8
280
     0
  0
ATTDEF
  5
6D
330
1F
100
AcDbEntity
  8
AM_6
100
AcDbText
 10
29.22923440170988
 20
52.05
 30
0.0
 40
0.5
  1
daikin
100
AcDbAttributeDefinition
  3

  2
COMPANY
 70
     8
280
     0
  0
ATTDEF
  5
6E
330
1F
100
AcDbEntity
  8
AM_6
100
AcDbText
 10
29.22923440170988
 20
51.55
 30
0.0
 40
0.5
  1
{$CADENAS_DATA/23d-libs/daikin/light20commercial20rooftop20package20units/gas-electric/dhg/dhg_gas_electric_6_ton.prj},266 {VTYP=3D},{NB=DHG_Gas_Electric-Daikin-DHG0724DH00001S-300},{LINA=DHG_Gas_Electric-Daikin-DHG0724DH00001S-460 VAC},{NN=(R32) DH
100
AcDbAttributeDefinition
  3

  2
PSOL_0
 70
     9
280
     0
  0
ATTDEF
  5
6F
330
1F
100
AcDbEntity
  8
AM_6
100
AcDbText
 10
29.22923440170988
 20
51.05
 30
0.0
 40
0.5
  1
es 6 Ton Gas Electric},{DATE=03.06.2026 19:23:09},{GEOMDATE=07.08.2025 11:37:24},{VERSION=},{LINEID=490},{WBVAR=LOG},{WBNUMERIC=LOG}  {NB=DHG_Gas_Electric-Daikin-DHG0724DH00001S-300},{LINA=DHG_Gas_Electric-Daikin-DHG0724DH00001S-460 VAC},{KT=DUMMY},
100
AcDbAttributeDefinition
  3

  2
PSOL_1
 70
     9
280
     0
  0
ATTDEF
  5
70
330
1F
100
AcDbEntity
  8
AM_6
100
AcDbText
 10
29.22923440170988
 20
50.55
 30
0.0
 40
0.5
  1
G0724DH00001S},{LOG=300},{ST=dsg072},{DESC=DHG 6 Ton Light Commercial Packaged Gas Electric R32},{W=74},{D=48.61},{H=53.8},{W12=36.626},{D12=23.801},{H12=21.750},{PNH=DHG072},{F=60 Hz},{P=3},{V=460.0},{VC=460 VAC},{MCA=12.200},{MOP=15},{UW=0.705 kip
100
AcDbAttributeDefinition
  3

  2
PSOL_2
 70
     9
280
     0
  0
ATTDEF
  5
71
330
1F
100
AcDbEntity
  8
AM_6
100
AcDbText
 10
29.22923440170988
 20
50.05
 30
0.0
 40
0.5
  1
=705.00},{OD=48.6100},{OH=53.750},{OW=74.000},{CT=Scroll},{RU=R-32},{RC=142 oz.},{SPL=80 dB},{EER=12.500},{IEER=18.600},{EER2=N/A},{SEER2=N/A},{NCC=69000},{NHCH=121.5},{NHCL=91.1},{M=Daikin},{MODEL=DHG072},{URL=https://daikincomfort.com},{CAL=5612.0
100
AcDbAttributeDefinition
  3

  2
PSOL_3
 70
     9
280
     0
  0
ATTDEF
  5
72
330
1F
100
AcDbEntity
  8
AM_6
100
AcDbText
 10
29.22923440170988
 20
49.55
 30
0.0
 40
0.5
  1
OP=3},{NPT=20},{RFAFAMILY=Download Revit Family (RFA)},{RFAFAMILYPATH=../../../light20commercial20rooftop20package20units/gas-electric/dhg/rooftop_unit_daikin_dhg_series-6_ton.rfa},{RACH=25.000},{RACW=11.000},{SACH=17.000},{SACW=12.000}
100
AcDbAttributeDefinition
  3

  2
PSOL_4
 70
     9
280
     0
  0
LINE
  5
75
330
1F
100
AcDbEntity
  8
AM_9
100
AcDbLine
 10
-1.750000000000002
 20
3.35
 30
0.0
 11
-6.750000000000002
 21
3.35
 31
0.0
  0
LINE
  5
76
330
1F
100
AcDbEntity
  8
AM_9
100
AcDbLine
 10
-6.750000000000002
 20
0.85
 30
0.0
 11
-1.750000000000002
 21
0.85
 31
0.0
  0
ARC
  5
77
330
1F
100
AcDbEntity
  8
AM_9
100
AcDbCircle
 10
-1.000000000000003
 20
3.100000000000001
 30
0.0
 40
0.2499999999999996
100
AcDbArc
 50
89.9999999999999
 51
180.0000000000001
  0
LINE
  5
78
330
1F
100
AcDbEntity
  8
AM_9
100
AcDbLine
 10
4.499999999999998
 20
3.35
 30
0.0
 11
-1.000000000000002
 21
3.35
 31
0.0
  0
LINE
  5
79
330
1F
100
AcDbEntity
  8
AM_9
100
AcDbLine
 10
-6.750000000000002
 20
3.35
 30
0.0
 11
-6.750000000000002
 21
0.85
 31
0.0
  0
LINE
  5
7A
330
1F
100
AcDbEntity
  8
AM_9
100
AcDbLine
 10
-1.750000000000002
 20
0.85
 30
0.0
 11
-1.750000000000002
 21
3.35
 31
0.0
  0
ARC
  5
7B
330
1F
100
AcDbEntity
  8
AM_9
100
AcDbCircle
 10
4.499999999999996
 20
3.099999999999998
 30
0.0
 40
0.2500000000000018
100
AcDbArc
 50
0.0000000000004071
 51
89.99999999999939
  0
LINE
  5
7C
330
1F
100
AcDbEntity
  8
AM_9
100
AcDbLine
 10
-1.250000000000002
 20
3.1
 30
0.0
 11
-1.250000000000002
 21
1.1
 31
0.0
  0
ARC
  5
7D
330
1F
100
AcDbEntity
  8
AM_9
100
AcDbCircle
 10
-1.000000000000002
 20
1.1
 30
0.0
 40
0.2499999999999998
100
AcDbArc
 50
179.9999999999999
 51
270.0
  0
LINE
  5
7E
330
1F
100
AcDbEntity
  8
AM_9
100
AcDbLine
 10
-1.000000000000002
 20
0.85
 30
0.0
 11
4.499999999999997
 21
0.85
 31
0.0
  0
ARC
  5
7F
330
1F
100
AcDbEntity
  8
AM_9
100
AcDbCircle
 10
4.499999999999996
 20
1.100000000000001
 30
0.0
 40
0.250000000000001
100
AcDbArc
 50
270.0000000000002
 51
359.9999999999998
  0
LINE
  5
80
330
1F
100
AcDbEntity
  8
AM_9
100
AcDbLine
 10
4.749999999999997
 20
1.1
 30
0.0
 11
4.749999999999997
 21
3.1
 31
0.0
  0
LINE
  5
81
330
1F
100
AcDbEntity
  8
AM_9
100
AcDbLine
 10
14.9915
 20
53.8
 30
0.0
 11
14.9915
 21
53.79264812454566
 31
0.0
  0
LINE
  5
82
330
1F
100
AcDbEntity
  8
AM_9
100
AcDbLine
 10
20.1855
 20
52.5
 30
0.0
 11
20.1855
 21
5.213
 31
0.0
  0
LINE
  5
83
330
1F
100
AcDbEntity
  8
AM_9
100
AcDbLine
 10
-13.18
 20
25.56
 30
0.0
 11
-13.18
 21
35.69
 31
0.0
  0
LINE
  5
84
330
1F
100
AcDbEntity
  8
AM_9
100
AcDbLine
 10
-13.12
 20
25.5
 30
0.0
 11
-13.12
 21
35.75
 31
0.0
  0
LINE
  5
85
330
1F
100
AcDbEntity
  8
AM_9
100
AcDbLine
 10
-14.87
 20
16.79
 30
0.0
 11
-17.37
 21
16.79
 31
0.0
  0
LINE
  5
86
330
1F
100
AcDbEntity
  8
AM_9
100
AcDbLine
 10
-17.31
 20
16.73
 30
0.0
 11
-17.31
 21
12.35
 31
0.0
  0
LINE
  5
87
330
1F
100
AcDbEntity
  8
AM_9
100
AcDbLine
 10
-14.93
 20
12.35
 30
0.0
 11
-14.93
 21
16.73
 31
0.0
  0
LINE
  5
88
330
1F
100
AcDbEntity
  8
AM_9
100
AcDbLine
 10
-14.93
 20
16.73
 30
0.0
 11
-17.31
 21
16.73
 31
0.0
  0
LINE
  5
89
330
1F
100
AcDbEntity
  8
AM_9
100
AcDbLine
 10
-17.31
 20
12.35
 30
0.0
 11
-14.93
 21
12.35
 31
0.0
  0
LINE
  5
8A
330
1F
100
AcDbEntity
  8
AM_9
100
AcDbLine
 10
-17.37
 20
12.29
 30
0.0
 11
-14.87
 21
12.29
 31
0.0
  0
LINE
  5
8B
330
1F
100
AcDbEntity
  8
AM_9
100
AcDbLine
 10
-17.37
 20
16.79
 30
0.0
 11
-17.37
 21
12.29
 31
0.0
  0
LINE
  5
8C
330
1F
100
AcDbEntity
  8
AM_9
100
AcDbLine
 10
-14.87
 20
12.29
 30
0.0
 11
-14.87
 21
16.79
 31
0.0
  0
LINE
  5
8D
330
1F
100
AcDbEntity
  8
AM_9
100
AcDbLine
 10
-13.18
 20
35.69
 30
0.0
 11
-17.06
 21
35.69
 31
0.0
  0
LINE
  5
8E
330
1F
100
AcDbEntity
  8
AM_9
100
AcDbLine
 10
-17.12
 20
35.75
 30
0.0
 11
-17.12
 21
25.5
 31
0.0
  0
LINE
  5
8F
330
1F
100
AcDbEntity
  8
AM_9
100
AcDbLine
 10
-17.12
 20
25.5
 30
0.0
 11
-13.12
 21
25.5
 31
0.0
  0
LINE
  5
90
330
1F
100
AcDbEntity
  8
AM_9
100
AcDbLine
 10
-17.06
 20
35.69
 30
0.0
 11
-17.06
 21
25.56
 31
0.0
  0
LINE
  5
91
330
1F
100
AcDbEntity
  8
AM_9
100
AcDbLine
 10
-13.12
 20
35.75
 30
0.0
 11
-17.12
 21
35.75
 31
0.0
  0
LINE
  5
92
330
1F
100
AcDbEntity
  8
AM_9
100
AcDbLine
 10
-17.06
 20
25.56
 30
0.0
 11
-13.18
 21
25.56
 31
0.0
  0
LINE
  5
93
330
1F
100
AcDbEntity
  8
AM_9
100
AcDbLine
 10
20.7425
 20
52.5
 30
0.0
 11
20.7425
 21
5.213000000000002
 31
0.0
  0
LINE
  5
94
330
1F
100
AcDbEntity
  8
AM_9
100
AcDbLine
 10
21.5645
 20
52.5
 30
0.0
 11
21.5645
 21
5.213
 31
0.0
  0
ARC
  5
95
330
1F
100
AcDbEntity
  8
AM_9
100
AcDbCircle
 10
-6.000429847769198
 20
10.435
 30
0.0
 40
0.299999999999997
100
AcDbArc
 50
123.5573097619217
 51
165.0000000000008
  0
LINE
  5
96
330
1F
100
AcDbEntity
  8
AM_9
100
AcDbLine
 10
-2.259738912713036
 20
11.685
 30
0.0
 11
-2.048000000000002
 21
11.685
 31
0.0
  0
LINE
  5
97
330
1F
100
AcDbEntity
  8
AM_9
100
AcDbLine
 10
-6.378000000000002
 20
12.185
 30
0.0
 11
-6.16626108728697
 21
12.185
 31
0.0
  0
ARC
  5
98
330
1F
100
AcDbEntity
  8
AM_9
100
AcDbCircle
 10
-2.425570152230813
 20
10.435
 30
0.0
 40
0.300000000000004
100
AcDbArc
 50
14.99999999999953
 51
56.44269023807756
  0
LINE
  5
99
330
1F
100
AcDbEntity
  8
AM_9
100
AcDbLine
 10
-2.048000000000002
 20
10.685
 30
0.0
 11
-2.135792404344088
 21
11.01264571353075
 31
0.0
  0
LINE
  5
9A
330
1F
100
AcDbEntity
  8
AM_9
100
AcDbLine
 10
-6.290207595655916
 20
11.01264571353075
 30
0.0
 11
-6.378000000000002
 21
10.685
 31
0.0
  0
LINE
  5
9B
330
1F
100
AcDbEntity
  8
AM_9
100
AcDbLine
 10
-6.378000000000002
 20
14.185
 30
0.0
 11
-6.166261087286967
 21
14.185
 31
0.0
  0
LINE
  5
9C
330
1F
100
AcDbEntity
  8
AM_9
100
AcDbLine
 10
-2.259738912713033
 20
12.185
 30
0.0
 11
-2.048000000000002
 21
12.185
 31
0.0
  0
LINE
  5
9D
330
1F
100
AcDbEntity
  8
AM_9
100
AcDbLine
 10
-6.378000000000002
 20
13.685
 30
0.0
 11
-6.16626108728697
 21
13.685
 31
0.0
  0
LINE
  5
9E
330
1F
100
AcDbEntity
  8
AM_9
100
AcDbLine
 10
-2.259738912713033
 20
12.685
 30
0.0
 11
-2.048000000000002
 21
12.685
 31
0.0
  0
LINE
  5
9F
330
1F
100
AcDbEntity
  8
AM_9
100
AcDbLine
 10
-6.290207595655916
 20
15.01264571353076
 30
0.0
 11
-6.378000000000002
 21
14.685
 31
0.0
  0
LINE
  5
A0
330
1F
100
AcDbEntity
  8
AM_9
100
AcDbLine
 10
-2.259738912713036
 20
14.185
 30
0.0
 11
-2.048000000000002
 21
14.185
 31
0.0
  0
ARC
  5
A1
330
1F
100
AcDbEntity
  8
AM_9
100
AcDbCircle
 10
-6.000429847769221
 20
14.93500000000002
 30
0.0
 40
0.2999999999999694
100
AcDbArc
 50
123.5573097619199
 51
165.000000000003
  0
LINE
  5
A2
330
1F
100
AcDbEntity
  8
AM_9
100
AcDbLine
 10
-2.259738912713033
 20
13.685
 30
0.0
 11
-2.048000000000002
 21
13.685
 31
0.0
  0
ARC
  5
A3
330
1F
100
AcDbEntity
  8
AM_9
100
AcDbCircle
 10
-6.000429847769221
 20
14.43500000000002
 30
0.0
 40
0.2999999999999694
100
AcDbArc
 50
123.5573097619199
 51
165.000000000003
  0
LINE
  5
A4
330
1F
100
AcDbEntity
  8
AM_9
100
AcDbLine
 10
-2.048000000000002
 20
11.685
 30
0.0
 11
-2.135792404344088
 21
12.01264571353076
 31
0.0
  0
ARC
  5
A5
330
1F
100
AcDbEntity
  8
AM_9
100
AcDbCircle
 10
-6.000429847769221
 20
15.93500000000002
 30
0.0
 40
0.2999999999999694
100
AcDbArc
 50
123.5573097619199
 51
165.000000000003
  0
ARC
  5
A6
330
1F
100
AcDbEntity
  8
AM_9
100
AcDbCircle
 10
-2.425570152230795
 20
14.93500000000001
 30
0.0
 40
0.2999999999999827
100
AcDbArc
 50
14.99999999999781
 51
56.44269023807887
  0
LINE
  5
A7
330
1F
100
AcDbEntity
  8
AM_9
100
AcDbLine
 10
-6.290207595655916
 20
16.51264571353076
 30
0.0
 11
-6.378000000000002
 21
16.185
 31
0.0
  0
ARC
  5
A8
330
1F
100
AcDbEntity
  8
AM_9
100
AcDbCircle
 10
-2.425570152230795
 20
10.93500000000001
 30
0.0
 40
0.2999999999999832
100
AcDbArc
 50
14.99999999999814
 51
56.44269023807908
  0
LINE
  5
A9
330
1F
100
AcDbEntity
  8
AM_9
100
AcDbLine
 10
-6.290207595655916
 20
12.51264571353076
 30
0.0
 11
-6.378000000000002
 21
12.185
 31
0.0
  0
LINE
  5
AA
330
1F
100
AcDbEntity
  8
AM_9
100
AcDbLine
 10
-2.259738912713033
 20
15.685
 30
0.0
 11
-2.048000000000002
 21
15.685
 31
0.0
  0
LINE
  5
AB
330
1F
100
AcDbEntity
  8
AM_9
100
AcDbLine
 10
-6.378000000000002
 20
12.685
 30
0.0
 11
-6.16626108728697
 21
12.685
 31
0.0
  0
LINE
  5
AC
330
1F
100
AcDbEntity
  8
AM_9
100
AcDbLine
 10
-2.259738912713033
 20
10.685
 30
0.0
 11
-2.048000000000002
 21
10.685
 31
0.0
  0
LINE
  5
AD
330
1F
100
AcDbEntity
  8
AM_9
100
AcDbLine
 10
-6.378000000000002
 20
11.685
 30
0.0
 11
-6.166261087286967
 21
11.685
 31
0.0
  0
LINE
  5
AE
330
1F
100
AcDbEntity
  8
AM_9
100
AcDbLine
 10
-2.259738912713033
 20
16.185
 30
0.0
 11
-2.048000000000002
 21
16.185
 31
0.0
  0
ARC
  5
AF
330
1F
100
AcDbEntity
  8
AM_9
100
AcDbCircle
 10
-2.425570152230783
 20
14.43500000000002
 30
0.0
 40
0.2999999999999693
100
AcDbArc
 50
14.99999999999709
 51
56.44269023808012
  0
LINE
  5
B0
330
1F
100
AcDbEntity
  8
AM_9
100
AcDbLine
 10
-2.048000000000002
 20
12.685
 30
0.0
 11
-2.135792404344088
 21
13.01264571353076
 31
0.0
  0
LINE
  5
B1
330
1F
100
AcDbEntity
  8
AM_9
100
AcDbLine
 10
-2.048000000000002
 20
14.685
 30
0.0
 11
-2.135792404344088
 21
15.01264571353076
 31
0.0
  0
ARC
  5
B2
330
1F
100
AcDbEntity
  8
AM_9
100
AcDbCircle
 10
-2.425570152230804
 20
12.93500000000001
 30
0.0
 40
0.2999999999999935
100
AcDbArc
 50
14.99999999999831
 51
56.44269023807789
  0
ARC
  5
B3
330
1F
100
AcDbEntity
  8
AM_9
100
AcDbCircle
 10
-6.000429847769198
 20
12.935
 30
0.0
 40
0.299999999999997
100
AcDbArc
 50
123.5573097619217
 51
165.0000000000008
  0
LINE
  5
B4
330
1F
100
AcDbEntity
  8
AM_9
100
AcDbLine
 10
-2.048000000000002
 20
13.185
 30
0.0
 11
-2.135792404344088
 21
13.51264571353075
 31
0.0
  0
LINE
  5
B5
330
1F
100
AcDbEntity
  8
AM_9
100
AcDbLine
 10
-2.048000000000002
 20
15.185
 30
0.0
 11
-2.135792404344088
 21
15.51264571353076
 31
0.0
  0
LINE
  5
B6
330
1F
100
AcDbEntity
  8
AM_9
100
AcDbLine
 10
-6.290207595655916
 20
15.51264571353076
 30
0.0
 11
-6.378000000000002
 21
15.185
 31
0.0
  0
LINE
  5
B7
330
1F
100
AcDbEntity
  8
AM_9
100
AcDbLine
 10
-6.378000000000002
 20
15.685
 30
0.0
 11
-6.16626108728697
 21
15.685
 31
0.0
  0
ARC
  5
B8
330
1F
100
AcDbEntity
  8
AM_9
100
AcDbCircle
 10
-2.425570152230844
 20
16.43499999999998
 30
0.0
 40
0.300000000000039
100
AcDbArc
 50
15.0000000000016
 51
56.44269023807468
  0
LINE
  5
B9
330
1F
100
AcDbEntity
  8
AM_9
100
AcDbLine
 10
-2.259738912713033
 20
11.185
 30
0.0
 11
-2.048000000000002
 21
11.185
 31
0.0
  0
LINE
  5
BA
330
1F
100
AcDbEntity
  8
AM_9
100
AcDbLine
 10
-6.378000000000002
 20
11.185
 30
0.0
 11
-6.16626108728697
 21
11.185
 31
0.0
  0
ARC
  5
BB
330
1F
100
AcDbEntity
  8
AM_9
100
AcDbCircle
 10
-2.425570152230807
 20
11.435
 30
0.0
 40
0.2999999999999965
100
AcDbArc
 50
14.99999999999886
 51
56.44269023807866
  0
ARC
  5
BC
330
1F
100
AcDbEntity
  8
AM_9
100
AcDbCircle
 10
-6.000429847769188
 20
11.435
 30
0.0
 40
0.3000000000000083
100
AcDbArc
 50
123.5573097619219
 51
165.0
  0
ARC
  5
BD
330
1F
100
AcDbEntity
  8
AM_9
100
AcDbCircle
 10
-2.425570152230781
 20
15.93500000000002
 30
0.0
 40
0.2999999999999675
100
AcDbArc
 50
14.99999999999683
 51
56.44269023808006
  0
LINE
  5
BE
330
1F
100
AcDbEntity
  8
AM_9
100
AcDbLine
 10
-2.259738912713033
 20
18.185
 30
0.0
 11
-2.048000000000002
 21
18.185
 31
0.0
  0
LINE
  5
BF
330
1F
100
AcDbEntity
  8
AM_9
100
AcDbLine
 10
-6.378000000000002
 20
18.185
 30
0.0
 11
-6.16626108728697
 21
18.185
 31
0.0
  0
LINE
  5
C0
330
1F
100
AcDbEntity
  8
AM_9
100
AcDbLine
 10
-2.259738912713033
 20
17.685
 30
0.0
 11
-2.048000000000002
 21
17.685
 31
0.0
  0
LINE
  5
C1
330
1F
100
AcDbEntity
  8
AM_9
100
AcDbLine
 10
-6.378000000000002
 20
17.685
 30
0.0
 11
-6.16626108728697
 21
17.685
 31
0.0
  0
LINE
  5
C2
330
1F
100
AcDbEntity
  8
AM_9
100
AcDbLine
 10
-2.259738912713033
 20
16.685
 30
0.0
 11
-2.048000000000002
 21
16.685
 31
0.0
  0
LINE
  5
C3
330
1F
100
AcDbEntity
  8
AM_9
100
AcDbLine
 10
-6.378000000000002
 20
16.685
 30
0.0
 11
-6.16626108728697
 21
16.685
 31
0.0
  0
ARC
  5
C4
330
1F
100
AcDbEntity
  8
AM_9
100
AcDbCircle
 10
-2.425570152230783
 20
18.43500000000002
 30
0.0
 40
0.2999999999999688
100
AcDbArc
 50
14.99999999999676
 51
56.44269023807992
  0
ARC
  5
C5
330
1F
100
AcDbEntity
  8
AM_9
100
AcDbCircle
 10
-6.000429847769221
 20
18.43500000000002
 30
0.0
 40
0.2999999999999709
100
AcDbArc
 50
123.5573097619197
 51
165.0000000000026
  0
LINE
  5
C6
330
1F
100
AcDbEntity
  8
AM_9
100
AcDbLine
 10
-2.048000000000002
 20
18.685
 30
0.0
 11
-2.135792404344088
 21
19.01264571353076
 31
0.0
  0
LINE
  5
C7
330
1F
100
AcDbEntity
  8
AM_9
100
AcDbLine
 10
-6.290207595655916
 20
19.01264571353076
 30
0.0
 11
-6.378000000000002
 21
18.685
 31
0.0
  0
ARC
  5
C8
330
1F
100
AcDbEntity
  8
AM_9
100
AcDbCircle
 10
-2.425570152230781
 20
18.93500000000002
 30
0.0
 40
0.2999999999999675
100
AcDbArc
 50
14.99999999999683
 51
56.44269023808006
  0
ARC
  5
C9
330
1F
100
AcDbEntity
  8
AM_9
100
AcDbCircle
 10
-6.000429847769221
 20
18.93500000000002
 30
0.0
 40
0.2999999999999709
100
AcDbArc
 50
123.5573097619197
 51
165.0000000000026
  0
LINE
  5
CA
330
1F
100
AcDbEntity
  8
AM_9
100
AcDbLine
 10
-2.048000000000002
 20
19.185
 30
0.0
 11
-2.135792404344088
 21
19.51264571353076
 31
0.0
  0
LINE
  5
CB
330
1F
100
AcDbEntity
  8
AM_9
100
AcDbLine
 10
-6.290207595655916
 20
19.51264571353076
 30
0.0
 11
-6.378000000000002
 21
19.185
 31
0.0
  0
LINE
  5
CC
330
1F
100
AcDbEntity
  8
AM_9
100
AcDbLine
 10
-2.259738912713033
 20
19.185
 30
0.0
 11
-2.048000000000002
 21
19.185
 31
0.0
  0
LINE
  5
CD
330
1F
100
AcDbEntity
  8
AM_9
100
AcDbLine
 10
-6.378000000000002
 20
19.185
 30
0.0
 11
-6.16626108728697
 21
19.185
 31
0.0
  0
ARC
  5
CE
330
1F
100
AcDbEntity
  8
AM_9
100
AcDbCircle
 10
-2.425570152230804
 20
19.435
 30
0.0
 40
0.2999999999999945
100
AcDbArc
 50
14.99999999999966
 51
56.44269023807935
  0
ARC
  5
CF
330
1F
100
AcDbEntity
  8
AM_9
100
AcDbCircle
 10
-6.000429847769207
 20
10.93500000000001
 30
0.0
 40
0.2999999999999857
100
AcDbArc
 50
123.5573097619209
 51
165.0000000000016
  0
LINE
  5
D0
330
1F
100
AcDbEntity
  8
AM_9
100
AcDbLine
 10
-2.259738912713033
 20
15.185
 30
0.0
 11
-2.048000000000002
 21
15.185
 31
0.0
  0
LINE
  5
D1
330
1F
100
AcDbEntity
  8
AM_9
100
AcDbLine
 10
-6.378000000000002
 20
15.185
 30
0.0
 11
-6.16626108728697
 21
15.185
 31
0.0
  0
ARC
  5
D2
330
1F
100
AcDbEntity
  8
AM_9
100
AcDbCircle
 10
-2.425570152230813
 20
15.435
 30
0.0
 40
0.300000000000004
100
AcDbArc
 50
14.99999999999953
 51
56.44269023807756
  0
ARC
  5
D3
330
1F
100
AcDbEntity
  8
AM_9
100
AcDbCircle
 10
-6.000429847769198
 20
15.435
 30
0.0
 40
0.299999999999997
100
AcDbArc
 50
123.5573097619217
 51
165.0000000000008
  0
LINE
  5
D4
330
1F
100
AcDbEntity
  8
AM_9
100
AcDbLine
 10
-2.048000000000002
 20
15.685
 30
0.0
 11
-2.135792404344088
 21
16.01264571353076
 31
0.0
  0
LINE
  5
D5
330
1F
100
AcDbEntity
  8
AM_9
100
AcDbLine
 10
-6.290207595655916
 20
16.01264571353076
 30
0.0
 11
-6.378000000000002
 21
15.685
 31
0.0
  0
LINE
  5
D6
330
1F
100
AcDbEntity
  8
AM_9
100
AcDbLine
 10
-2.25973891271303
 20
20.185
 30
0.0
 11
-2.048000000000002
 21
20.185
 31
0.0
  0
LINE
  5
D7
330
1F
100
AcDbEntity
  8
AM_9
100
AcDbLine
 10
-6.290207595655916
 20
12.01264571353076
 30
0.0
 11
-6.378000000000002
 21
11.685
 31
0.0
  0
ARC
  5
D8
330
1F
100
AcDbEntity
  8
AM_9
100
AcDbCircle
 10
-2.425570152230795
 20
11.93500000000001
 30
0.0
 40
0.2999999999999827
100
AcDbArc
 50
14.99999999999781
 51
56.44269023807887
  0
ARC
  5
D9
330
1F
100
AcDbEntity
  8
AM_9
100
AcDbCircle
 10
-6.000429847769221
 20
11.93500000000002
 30
0.0
 40
0.2999999999999694
100
AcDbArc
 50
123.5573097619199
 51
165.000000000003
  0
LINE
  5
DA
330
1F
100
AcDbEntity
  8
AM_9
100
AcDbLine
 10
-2.048000000000002
 20
12.185
 30
0.0
 11
-2.135792404344088
 21
12.51264571353076
 31
0.0
  0
ARC
  5
DB
330
1F
100
AcDbEntity
  8
AM_9
100
AcDbCircle
 10
-6.000429847769211
 20
20.43500000000001
 30
0.0
 40
0.2999999999999807
100
AcDbArc
 50
123.5573097619201
 51
165.0000000000024
  0
LINE
  5
DC
330
1F
100
AcDbEntity
  8
AM_9
100
AcDbLine
 10
-2.048000000000002
 20
20.685
 30
0.0
 11
-2.135792404344088
 21
21.01264571353076
 31
0.0
  0
LINE
  5
DD
330
1F
100
AcDbEntity
  8
AM_9
100
AcDbLine
 10
-6.290207595655916
 20
21.01264571353076
 30
0.0
 11
-6.378000000000002
 21
20.685
 31
0.0
  0
ARC
  5
DE
330
1F
100
AcDbEntity
  8
AM_9
100
AcDbCircle
 10
-2.425570152230803
 20
20.935
 30
0.0
 40
0.2999999999999937
100
AcDbArc
 50
14.99999999999971
 51
56.44269023807949
  0
ARC
  5
DF
330
1F
100
AcDbEntity
  8
AM_9
100
AcDbCircle
 10
-6.000429847769199
 20
20.935
 30
0.0
 40
0.299999999999996
100
AcDbArc
 50
123.5573097619208
 51
165.0000000000004
  0
ARC
  5
E0
330
1F
100
AcDbEntity
  8
AM_9
100
AcDbCircle
 10
-2.425570152230783
 20
12.43500000000002
 30
0.0
 40
0.2999999999999693
100
AcDbArc
 50
14.99999999999709
 51
56.44269023808012
  0
ARC
  5
E1
330
1F
100
AcDbEntity
  8
AM_9
100
AcDbCircle
 10
-6.000429847769221
 20
12.43500000000002
 30
0.0
 40
0.2999999999999694
100
AcDbArc
 50
123.5573097619199
 51
165.000000000003
  0
LINE
  5
E2
330
1F
100
AcDbEntity
  8
AM_9
100
AcDbLine
 10
-2.259738912713036
 20
21.185
 30
0.0
 11
-2.048000000000002
 21
21.185
 31
0.0
  0
LINE
  5
E3
330
1F
100
AcDbEntity
  8
AM_9
100
AcDbLine
 10
-6.290207595655916
 20
13.01264571353076
 30
0.0
 11
-6.378000000000002
 21
12.685
 31
0.0
  0
ARC
  5
E4
330
1F
100
AcDbEntity
  8
AM_9
100
AcDbCircle
 10
-2.425570152230796
 20
21.43500000000002
 30
0.0
 40
0.2999999999999831
100
AcDbArc
 50
14.99999999999744
 51
56.44269023807812
  0
ARC
  5
E5
330
1F
100
AcDbEntity
  8
AM_9
100
AcDbCircle
 10
-6.000429847769208
 20
21.43500000000002
 30
0.0
 40
0.2999999999999827
100
AcDbArc
 50
123.5573097619219
 51
165.0000000000026
  0
LINE
  5
E6
330
1F
100
AcDbEntity
  8
AM_9
100
AcDbLine
 10
-2.048000000000002
 20
21.685
 30
0.0
 11
-2.135792404344088
 21
22.01264571353076
 31
0.0
  0
LINE
  5
E7
330
1F
100
AcDbEntity
  8
AM_9
100
AcDbLine
 10
-6.290207595655916
 20
13.51264571353075
 30
0.0
 11
-6.378000000000002
 21
13.185
 31
0.0
  0
LINE
  5
E8
330
1F
100
AcDbEntity
  8
AM_9
100
AcDbLine
 10
-2.259738912713033
 20
13.185
 30
0.0
 11
-2.048000000000002
 21
13.185
 31
0.0
  0
LINE
  5
E9
330
1F
100
AcDbEntity
  8
AM_9
100
AcDbLine
 10
-2.048000000000002
 20
11.185
 30
0.0
 11
-2.135792404344088
 21
11.51264571353075
 31
0.0
  0
LINE
  5
EA
330
1F
100
AcDbEntity
  8
AM_9
100
AcDbLine
 10
-6.290207595655916
 20
11.51264571353075
 30
0.0
 11
-6.378000000000002
 21
11.185
 31
0.0
  0
ARC
  5
EB
330
1F
100
AcDbEntity
  8
AM_9
100
AcDbCircle
 10
-2.425570152230798
 20
19.93500000000001
 30
0.0
 40
0.2999999999999875
100
AcDbArc
 50
14.99999999999862
 51
56.44269023807801
  0
ARC
  5
EC
330
1F
100
AcDbEntity
  8
AM_9
100
AcDbCircle
 10
-6.000429847769205
 20
19.93500000000001
 30
0.0
 40
0.2999999999999876
100
AcDbArc
 50
123.5573097619221
 51
165.0000000000014
  0
LINE
  5
ED
330
1F
100
AcDbEntity
  8
AM_9
100
AcDbLine
 10
-2.048000000000002
 20
20.185
 30
0.0
 11
-2.135792404344088
 21
20.51264571353075
 31
0.0
  0
LINE
  5
EE
330
1F
100
AcDbEntity
  8
AM_9
100
AcDbLine
 10
-6.290207595655916
 20
20.51264571353075
 30
0.0
 11
-6.378000000000002
 21
20.185
 31
0.0
  0
ARC
  5
EF
330
1F
100
AcDbEntity
  8
AM_9
100
AcDbCircle
 10
-6.000429847769179
 20
13.93499999999999
 30
0.0
 40
0.3000000000000176
100
AcDbArc
 50
123.5573097619227
 51
164.9999999999998
  0
LINE
  5
F0
330
1F
100
AcDbEntity
  8
AM_9
100
AcDbLine
 10
-2.048000000000002
 20
14.185
 30
0.0
 11
-2.135792404344088
 21
14.51264571353076
 31
0.0
  0
LINE
  5
F1
330
1F
100
AcDbEntity
  8
AM_9
100
AcDbLine
 10
-6.290207595655916
 20
14.51264571353076
 30
0.0
 11
-6.378000000000002
 21
14.185
 31
0.0
  0
LINE
  5
F2
330
1F
100
AcDbEntity
  8
AM_9
100
AcDbLine
 10
-2.259738912713033
 20
18.685
 30
0.0
 11
-2.048000000000002
 21
18.685
 31
0.0
  0
LINE
  5
F3
330
1F
100
AcDbEntity
  8
AM_9
100
AcDbLine
 10
-6.378000000000002
 20
18.685
 30
0.0
 11
-6.16626108728697
 21
18.685
 31
0.0
  0
LINE
  5
F4
330
1F
100
AcDbEntity
  8
AM_9
100
AcDbLine
 10
-2.259738912713033
 20
14.685
 30
0.0
 11
-2.048000000000002
 21
14.685
 31
0.0
  0
LINE
  5
F5
330
1F
100
AcDbEntity
  8
AM_9
100
AcDbLine
 10
-6.378000000000002
 20
14.685
 30
0.0
 11
-6.16626108728697
 21
14.685
 31
0.0
  0
LINE
  5
F6
330
1F
100
AcDbEntity
  8
AM_9
100
AcDbLine
 10
-2.25973891271303
 20
6.684999999999997
 30
0.0
 11
-2.048000000000002
 21
6.684999999999997
 31
0.0
  0
LINE
  5
F7
330
1F
100
AcDbEntity
  8
AM_9
100
AcDbLine
 10
-6.378000000000002
 20
6.684999999999997
 30
0.0
 11
-6.166261087286974
 21
6.684999999999997
 31
0.0
  0
ARC
  5
F8
330
1F
100
AcDbEntity
  8
AM_9
100
AcDbCircle
 10
-2.425570152230798
 20
22.43500000000001
 30
0.0
 40
0.2999999999999875
100
AcDbArc
 50
14.99999999999862
 51
56.44269023807801
  0
LINE
  5
F9
330
1F
100
AcDbEntity
  8
AM_9
100
AcDbLine
 10
-6.378000000000002
 20
10.685
 30
0.0
 11
-6.16626108728697
 21
10.685
 31
0.0
  0
ARC
  5
FA
330
1F
100
AcDbEntity
  8
AM_9
100
AcDbCircle
 10
-2.425570152230793
 20
22.93500000000001
 30
0.0
 40
0.2999999999999805
100
AcDbArc
 50
14.99999999999757
 51
56.44269023807992
  0
LINE
  5
FB
330
1F
100
AcDbEntity
  8
AM_9
100
AcDbLine
 10
-2.048000000000002
 20
22.685
 30
0.0
 11
-2.135792404344088
 21
23.01264571353075
 31
0.0
  0
LINE
  5
FC
330
1F
100
AcDbEntity
  8
AM_9
100
AcDbLine
 10
-6.290207595655916
 20
23.01264571353075
 30
0.0
 11
-6.378000000000002
 21
22.685
 31
0.0
  0
ARC
  5
FD
330
1F
100
AcDbEntity
  8
AM_9
100
AcDbCircle
 10
-6.000429847769211
 20
22.93500000000001
 30
0.0
 40
0.2999999999999807
100
AcDbArc
 50
123.5573097619201
 51
165.0000000000024
  0
LINE
  5
FE
330
1F
100
AcDbEntity
  8
AM_9
100
AcDbLine
 10
-2.25973891271303
 20
22.685
 30
0.0
 11
-2.048000000000002
 21
22.685
 31
0.0
  0
LINE
  5
FF
330
1F
100
AcDbEntity
  8
AM_9
100
AcDbLine
 10
-6.378000000000002
 20
22.685
 30
0.0
 11
-6.166261087286974
 21
22.685
 31
0.0
  0
LINE
  5
100
330
1F
100
AcDbEntity
  8
AM_9
100
AcDbLine
 10
-6.378000000000002
 20
23.185
 30
0.0
 11
-6.166261087286967
 21
23.185
 31
0.0
  0
LINE
  5
101
330
1F
100
AcDbEntity
  8
AM_9
100
AcDbLine
 10
-2.259738912713036
 20
23.185
 30
0.0
 11
-2.048000000000002
 21
23.185
 31
0.0
  0
ARC
  5
102
330
1F
100
AcDbEntity
  8
AM_9
100
AcDbCircle
 10
-6.000429847769188
 20
9.434999999999995
 30
0.0
 40
0.3000000000000083
100
AcDbArc
 50
123.5573097619219
 51
165.0
  0
ARC
  5
103
330
1F
100
AcDbEntity
  8
AM_9
100
AcDbCircle
 10
-2.425570152230807
 20
9.435000000000004
 30
0.0
 40
0.2999999999999965
100
AcDbArc
 50
14.99999999999886
 51
56.44269023807866
  0
LINE
  5
104
330
1F
100
AcDbEntity
  8
AM_9
100
AcDbLine
 10
-6.378000000000002
 20
9.184999999999997
 30
0.0
 11
-6.166261087286974
 21
9.184999999999997
 31
0.0
  0
LINE
  5
105
330
1F
100
AcDbEntity
  8
AM_9
100
AcDbLine
 10
-2.25973891271303
 20
9.184999999999997
 30
0.0
 11
-2.048000000000002
 21
9.184999999999997
 31
0.0
  0
LINE
  5
106
330
1F
100
AcDbEntity
  8
AM_9
100
AcDbLine
 10
-6.290207595655916
 20
9.512645713530754
 30
0.0
 11
-6.378000000000002
 21
9.184999999999997
 31
0.0
  0
LINE
  5
107
330
1F
100
AcDbEntity
  8
AM_9
100
AcDbLine
 10
-2.048000000000002
 20
9.184999999999997
 30
0.0
 11
-2.135792404344088
 21
9.512645713530754
 31
0.0
  0
ARC
  5
108
330
1F
100
AcDbEntity
  8
AM_9
100
AcDbCircle
 10
-6.000429847769194
 20
8.935000000000002
 30
0.0
 40
0.3000000000000009
100
AcDbArc
 50
123.5573097619228
 51
165.0000000000007
  0
ARC
  5
109
330
1F
100
AcDbEntity
  8
AM_9
100
AcDbCircle
 10
-2.425570152230797
 20
8.935000000000013
 30
0.0
 40
0.2999999999999853
100
AcDbArc
 50
14.99999999999803
 51
56.44269023807803
  0
LINE
  5
10A
330
1F
100
AcDbEntity
  8
AM_9
100
AcDbLine
 10
-6.290207595655916
 20
9.012645713530755
 30
0.0
 11
-6.378000000000002
 21
8.685
 31
0.0
  0
LINE
  5
10B
330
1F
100
AcDbEntity
  8
AM_9
100
AcDbLine
 10
-2.048000000000002
 20
8.685
 30
0.0
 11
-2.135792404344088
 21
9.012645713530755
 31
0.0
  0
ARC
  5
10C
330
1F
100
AcDbEntity
  8
AM_9
100
AcDbCircle
 10
-6.000429847769187
 20
8.435
 30
0.0
 40
0.3000000000000059
100
AcDbArc
 50
123.5573097619224
 51
165.000000000001
  0
ARC
  5
10D
330
1F
100
AcDbEntity
  8
AM_9
100
AcDbCircle
 10
-2.42557015223079
 20
8.435000000000016
 30
0.0
 40
0.2999999999999775
100
AcDbArc
 50
14.99999999999737
 51
56.44269023808015
  0
LINE
  5
10E
330
1F
100
AcDbEntity
  8
AM_9
100
AcDbLine
 10
-6.378000000000002
 20
7.684999999999999
 30
0.0
 11
-6.16626108728697
 21
7.684999999999999
 31
0.0
  0
LINE
  5
10F
330
1F
100
AcDbEntity
  8
AM_9
100
AcDbLine
 10
-2.259738912713033
 20
7.684999999999999
 30
0.0
 11
-2.048000000000002
 21
7.684999999999999
 31
0.0
  0
LINE
  5
110
330
1F
100
AcDbEntity
  8
AM_9
100
AcDbLine
 10
-6.378000000000002
 20
8.184999999999999
 30
0.0
 11
-6.16626108728697
 21
8.184999999999999
 31
0.0
  0
LINE
  5
111
330
1F
100
AcDbEntity
  8
AM_9
100
AcDbLine
 10
-2.259738912713033
 20
8.184999999999999
 30
0.0
 11
-2.048000000000002
 21
8.184999999999999
 31
0.0
  0
LINE
  5
112
330
1F
100
AcDbEntity
  8
AM_9
100
AcDbLine
 10
-6.290207595655916
 20
8.512645713530754
 30
0.0
 11
-6.378000000000002
 21
8.184999999999999
 31
0.0
  0
LINE
  5
113
330
1F
100
AcDbEntity
  8
AM_9
100
AcDbLine
 10
-2.048000000000002
 20
8.184999999999999
 30
0.0
 11
-2.135792404344088
 21
8.512645713530754
 31
0.0
  0
ARC
  5
114
330
1F
100
AcDbEntity
  8
AM_9
100
AcDbCircle
 10
-6.000429847769198
 20
7.935000000000004
 30
0.0
 40
0.299999999999997
100
AcDbArc
 50
123.5573097619217
 51
165.0000000000008
  0
ARC
  5
115
330
1F
100
AcDbEntity
  8
AM_9
100
AcDbCircle
 10
-2.425570152230804
 20
7.935000000000009
 30
0.0
 40
0.2999999999999935
100
AcDbArc
 50
14.99999999999831
 51
56.44269023807789
  0
LINE
  5
116
330
1F
100
AcDbEntity
  8
AM_9
100
AcDbLine
 10
-6.290207595655916
 20
8.012645713530755
 30
0.0
 11
-6.378000000000002
 21
7.684999999999999
 31
0.0
  0
LINE
  5
117
330
1F
100
AcDbEntity
  8
AM_9
100
AcDbLine
 10
-2.048000000000002
 20
7.684999999999999
 30
0.0
 11
-2.135792404344088
 21
8.012645713530755
 31
0.0
  0
ARC
  5
118
330
1F
100
AcDbEntity
  8
AM_9
100
AcDbCircle
 10
-6.000429847769193
 20
7.435000000000001
 30
0.0
 40
0.3000000000000017
100
AcDbArc
 50
123.5573097619221
 51
165.0000000000005
  0
ARC
  5
119
330
1F
100
AcDbEntity
  8
AM_9
100
AcDbCircle
 10
-2.425570152230804
 20
7.435000000000007
 30
0.0
 40
0.2999999999999942
100
AcDbArc
 50
14.9999999999988
 51
56.44269023807824
  0
LINE
  5
11A
330
1F
100
AcDbEntity
  8
AM_9
100
AcDbLine
 10
-6.378000000000002
 20
7.184999999999999
 30
0.0
 11
-6.166261087286967
 21
7.184999999999999
 31
0.0
  0
LINE
  5
11B
330
1F
100
AcDbEntity
  8
AM_9
100
AcDbLine
 10
-2.259738912713036
 20
7.184999999999999
 30
0.0
 11
-2.048000000000002
 21
7.184999999999999
 31
0.0
  0
LINE
  5
11C
330
1F
100
AcDbEntity
  8
AM_9
100
AcDbLine
 10
-6.290207595655916
 20
7.512645713530755
 30
0.0
 11
-6.378000000000002
 21
7.184999999999999
 31
0.0
  0
LINE
  5
11D
330
1F
100
AcDbEntity
  8
AM_9
100
AcDbLine
 10
-2.048000000000002
 20
7.184999999999999
 30
0.0
 11
-2.135792404344088
 21
7.512645713530755
 31
0.0
  0
ARC
  5
11E
330
1F
100
AcDbEntity
  8
AM_9
100
AcDbCircle
 10
-6.000429847769184
 20
6.934999999999993
 30
0.0
 40
0.3000000000000125
100
AcDbArc
 50
123.5573097619222
 51
164.9999999999997
  0
ARC
  5
11F
330
1F
100
AcDbEntity
  8
AM_9
100
AcDbCircle
 10
-2.425570152230801
 20
6.935000000000008
 30
0.0
 40
0.2999999999999901
100
AcDbArc
 50
14.99999999999849
 51
56.44269023807921
  0
LINE
  5
120
330
1F
100
AcDbEntity
  8
AM_9
100
AcDbLine
 10
-6.290207595655916
 20
7.012645713530754
 30
0.0
 11
-6.378000000000002
 21
6.684999999999997
 31
0.0
  0
LINE
  5
121
330
1F
100
AcDbEntity
  8
AM_9
100
AcDbLine
 10
-2.048000000000002
 20
6.684999999999997
 30
0.0
 11
-2.135792404344088
 21
7.012645713530754
 31
0.0
  0
ARC
  5
122
330
1F
100
AcDbEntity
  8
AM_9
100
AcDbCircle
 10
-6.000429847769191
 20
6.435
 30
0.0
 40
0.3000000000000046
100
AcDbArc
 50
123.557309761923
 51
165.0000000000001
  0
ARC
  5
123
330
1F
100
AcDbEntity
  8
AM_9
100
AcDbCircle
 10
-2.425570152230795
 20
6.435000000000013
 30
0.0
 40
0.2999999999999838
100
AcDbArc
 50
14.99999999999828
 51
56.44269023807839
  0
LINE
  5
124
330
1F
100
AcDbEntity
  8
AM_9
100
AcDbLine
 10
-6.378000000000002
 20
6.185
 30
0.0
 11
-6.166261087286967
 21
6.185
 31
0.0
  0
LINE
  5
125
330
1F
100
AcDbEntity
  8
AM_9
100
AcDbLine
 10
-2.259738912713036
 20
6.185
 30
0.0
 11
-2.048000000000002
 21
6.185
 31
0.0
  0
LINE
  5
126
330
1F
100
AcDbEntity
  8
AM_9
100
AcDbLine
 10
-6.290207595655916
 20
6.512645713530756
 30
0.0
 11
-6.378000000000002
 21
6.185
 31
0.0
  0
LINE
  5
127
330
1F
100
AcDbEntity
  8
AM_9
100
AcDbLine
 10
-2.048000000000002
 20
6.185
 30
0.0
 11
-2.135792404344088
 21
6.512645713530756
 31
0.0
  0
ARC
  5
128
330
1F
100
AcDbEntity
  8
AM_9
100
AcDbCircle
 10
-6.000429847769181
 20
5.934999999999992
 30
0.0
 40
0.3000000000000159
100
AcDbArc
 50
123.5573097619226
 51
164.9999999999995
  0
ARC
  5
129
330
1F
100
AcDbEntity
  8
AM_9
100
AcDbCircle
 10
-2.425570152230805
 20
5.935000000000004
 30
0.0
 40
0.2999999999999955
100
AcDbArc
 50
14.99999999999909
 51
56.44269023807897
  0
LINE
  5
12A
330
1F
100
AcDbEntity
  8
AM_9
100
AcDbLine
 10
-6.290207595655916
 20
6.012645713530754
 30
0.0
 11
-6.378000000000002
 21
5.684999999999998
 31
0.0
  0
LINE
  5
12B
330
1F
100
AcDbEntity
  8
AM_9
100
AcDbLine
 10
-6.378000000000002
 20
5.684999999999998
 30
0.0
 11
-2.048000000000002
 21
5.684999999999998
 31
0.0
  0
LINE
  5
12C
330
1F
100
AcDbEntity
  8
AM_9
100
AcDbLine
 10
-2.048000000000002
 20
5.684999999999998
 30
0.0
 11
-2.135792404344088
 21
6.012645713530754
 31
0.0
  0
ARC
  5
12D
330
1F
100
AcDbEntity
  8
AM_9
100
AcDbCircle
 10
-6.000429847769205
 20
22.43500000000001
 30
0.0
 40
0.2999999999999876
100
AcDbArc
 50
123.5573097619221
 51
165.0000000000014
  0
LINE
  5
12E
330
1F
100
AcDbEntity
  8
AM_9
100
AcDbLine
 10
-6.378000000000002
 20
20.685
 30
0.0
 11
-6.166261087286967
 21
20.685
 31
0.0
  0
LINE
  5
12F
330
1F
100
AcDbEntity
  8
AM_9
100
AcDbLine
 10
-2.259738912713036
 20
20.685
 30
0.0
 11
-2.048000000000002
 21
20.685
 31
0.0
  0
LINE
  5
130
330
1F
100
AcDbEntity
  8
AM_9
100
AcDbLine
 10
-6.378000000000002
 20
21.685
 30
0.0
 11
-6.166261087286974
 21
21.685
 31
0.0
  0
LINE
  5
131
330
1F
100
AcDbEntity
  8
AM_9
100
AcDbLine
 10
-2.25973891271303
 20
21.685
 30
0.0
 11
-2.048000000000002
 21
21.685
 31
0.0
  0
LINE
  5
132
330
1F
100
AcDbEntity
  8
AM_9
100
AcDbLine
 10
-6.378000000000002
 20
22.185
 30
0.0
 11
-6.166261087286967
 21
22.185
 31
0.0
  0
LINE
  5
133
330
1F
100
AcDbEntity
  8
AM_9
100
AcDbLine
 10
-2.259738912713036
 20
22.185
 30
0.0
 11
-2.048000000000002
 21
22.185
 31
0.0
  0
LINE
  5
134
330
1F
100
AcDbEntity
  8
AM_9
100
AcDbLine
 10
-6.290207595655916
 20
22.51264571353076
 30
0.0
 11
-6.378000000000002
 21
22.185
 31
0.0
  0
LINE
  5
135
330
1F
100
AcDbEntity
  8
AM_9
100
AcDbLine
 10
-2.048000000000002
 20
22.185
 30
0.0
 11
-2.135792404344088
 21
22.51264571353076
 31
0.0
  0
LINE
  5
136
330
1F
100
AcDbEntity
  8
AM_9
100
AcDbLine
 10
-6.290207595655916
 20
21.51264571353076
 30
0.0
 11
-6.378000000000002
 21
21.185
 31
0.0
  0
LINE
  5
137
330
1F
100
AcDbEntity
  8
AM_9
100
AcDbLine
 10
-2.048000000000002
 20
21.185
 30
0.0
 11
-2.135792404344088
 21
21.51264571353076
 31
0.0
  0
ARC
  5
138
330
1F
100
AcDbEntity
  8
AM_9
100
AcDbCircle
 10
-2.425570152230793
 20
20.43500000000001
 30
0.0
 40
0.2999999999999805
100
AcDbArc
 50
14.99999999999757
 51
56.44269023807992
  0
LINE
  5
139
330
1F
100
AcDbEntity
  8
AM_9
100
AcDbLine
 10
-6.378000000000002
 20
19.685
 30
0.0
 11
-6.166261087286967
 21
19.685
 31
0.0
  0
LINE
  5
13A
330
1F
100
AcDbEntity
  8
AM_9
100
AcDbLine
 10
-2.259738912713036
 20
19.685
 30
0.0
 11
-2.048000000000002
 21
19.685
 31
0.0
  0
LINE
  5
13B
330
1F
100
AcDbEntity
  8
AM_9
100
AcDbLine
 10
-6.378000000000002
 20
20.185
 30
0.0
 11
-6.166261087286974
 21
20.185
 31
0.0
  0
LINE
  5
13C
330
1F
100
AcDbEntity
  8
AM_9
100
AcDbLine
 10
-6.290207595655916
 20
20.01264571353076
 30
0.0
 11
-6.378000000000002
 21
19.685
 31
0.0
  0
LINE
  5
13D
330
1F
100
AcDbEntity
  8
AM_9
100
AcDbLine
 10
-2.048000000000002
 20
19.685
 30
0.0
 11
-2.135792404344088
 21
20.01264571353076
 31
0.0
  0
ARC
  5
13E
330
1F
100
AcDbEntity
  8
AM_9
100
AcDbCircle
 10
-6.000429847769174
 20
19.43499999999998
 30
0.0
 40
0.300000000000025
100
AcDbArc
 50
123.557309761923
 51
164.9999999999984
  0
LINE
  5
13F
330
1F
100
AcDbEntity
  8
AM_9
100
AcDbLine
 10
-2.048000000000002
 20
18.185
 30
0.0
 11
-2.135792404344088
 21
18.51264571353076
 31
0.0
  0
ARC
  5
140
330
1F
100
AcDbEntity
  8
AM_9
100
AcDbCircle
 10
-6.000429847769221
 20
17.93500000000002
 30
0.0
 40
0.2999999999999709
100
AcDbArc
 50
123.5573097619197
 51
165.0000000000026
  0
ARC
  5
141
330
1F
100
AcDbEntity
  8
AM_9
100
AcDbCircle
 10
-2.425570152230781
 20
17.93500000000002
 30
0.0
 40
0.2999999999999675
100
AcDbArc
 50
14.99999999999683
 51
56.44269023808006
  0
LINE
  5
142
330
1F
100
AcDbEntity
  8
AM_9
100
AcDbLine
 10
-6.290207595655916
 20
18.01264571353076
 30
0.0
 11
-6.378000000000002
 21
17.685
 31
0.0
  0
LINE
  5
143
330
1F
100
AcDbEntity
  8
AM_9
100
AcDbLine
 10
-2.048000000000002
 20
17.685
 30
0.0
 11
-2.135792404344088
 21
18.01264571353076
 31
0.0
  0
ARC
  5
144
330
1F
100
AcDbEntity
  8
AM_9
100
AcDbCircle
 10
-6.000429847769221
 20
17.43500000000002
 30
0.0
 40
0.2999999999999709
100
AcDbArc
 50
123.5573097619197
 51
165.0000000000026
  0
ARC
  5
145
330
1F
100
AcDbEntity
  8
AM_9
100
AcDbCircle
 10
-2.425570152230783
 20
17.43500000000002
 30
0.0
 40
0.2999999999999688
100
AcDbArc
 50
14.99999999999676
 51
56.44269023807992
  0
LINE
  5
146
330
1F
100
AcDbEntity
  8
AM_9
100
AcDbLine
 10
-6.378000000000002
 20
17.185
 30
0.0
 11
-6.166261087286967
 21
17.185
 31
0.0
  0
LINE
  5
147
330
1F
100
AcDbEntity
  8
AM_9
100
AcDbLine
 10
-2.259738912713036
 20
17.185
 30
0.0
 11
-2.048000000000002
 21
17.185
 31
0.0
  0
LINE
  5
148
330
1F
100
AcDbEntity
  8
AM_9
100
AcDbLine
 10
-6.290207595655916
 20
17.51264571353076
 30
0.0
 11
-6.378000000000002
 21
17.185
 31
0.0
  0
LINE
  5
149
330
1F
100
AcDbEntity
  8
AM_9
100
AcDbLine
 10
-2.048000000000002
 20
17.185
 30
0.0
 11
-2.135792404344088
 21
17.51264571353076
 31
0.0
  0
ARC
  5
14A
330
1F
100
AcDbEntity
  8
AM_9
100
AcDbCircle
 10
-6.000429847769174
 20
16.93499999999998
 30
0.0
 40
0.300000000000025
100
AcDbArc
 50
123.557309761923
 51
164.9999999999984
  0
ARC
  5
14B
330
1F
100
AcDbEntity
  8
AM_9
100
AcDbCircle
 10
-2.425570152230804
 20
16.935
 30
0.0
 40
0.2999999999999945
100
AcDbArc
 50
14.99999999999966
 51
56.44269023807935
  0
LINE
  5
14C
330
1F
100
AcDbEntity
  8
AM_9
100
AcDbLine
 10
-6.290207595655916
 20
17.01264571353076
 30
0.0
 11
-6.378000000000002
 21
16.685
 31
0.0
  0
ARC
  5
14D
330
1F
100
AcDbEntity
  8
AM_9
100
AcDbCircle
 10
-6.000429847769199
 20
21.935
 30
0.0
 40
0.299999999999996
100
AcDbArc
 50
123.5573097619208
 51
165.0000000000004
  0
LINE
  5
14E
330
1F
100
AcDbEntity
  8
AM_9
100
AcDbLine
 10
-6.378000000000002
 20
8.685
 30
0.0
 11
-6.166261087286967
 21
8.685
 31
0.0
  0
LINE
  5
14F
330
1F
100
AcDbEntity
  8
AM_9
100
AcDbLine
 10
-2.259738912713036
 20
8.685
 30
0.0
 11
-2.048000000000002
 21
8.685
 31
0.0
  0
LINE
  5
150
330
1F
100
AcDbEntity
  8
AM_9
100
AcDbLine
 10
-6.378000000000002
 20
9.684999999999999
 30
0.0
 11
-6.166261087286967
 21
9.684999999999999
 31
0.0
  0
LINE
  5
151
330
1F
100
AcDbEntity
  8
AM_9
100
AcDbLine
 10
-2.259738912713036
 20
9.684999999999999
 30
0.0
 11
-2.048000000000002
 21
9.684999999999999
 31
0.0
  0
LINE
  5
152
330
1F
100
AcDbEntity
  8
AM_9
100
AcDbLine
 10
-6.378000000000002
 20
10.185
 30
0.0
 11
-6.16626108728697
 21
10.185
 31
0.0
  0
LINE
  5
153
330
1F
100
AcDbEntity
  8
AM_9
100
AcDbLine
 10
-2.259738912713033
 20
10.185
 30
0.0
 11
-2.048000000000002
 21
10.185
 31
0.0
  0
LINE
  5
154
330
1F
100
AcDbEntity
  8
AM_9
100
AcDbLine
 10
-6.290207595655916
 20
10.51264571353076
 30
0.0
 11
-6.378000000000002
 21
10.185
 31
0.0
  0
LINE
  5
155
330
1F
100
AcDbEntity
  8
AM_9
100
AcDbLine
 10
-2.048000000000002
 20
10.185
 30
0.0
 11
-2.135792404344088
 21
10.51264571353076
 31
0.0
  0
ARC
  5
156
330
1F
100
AcDbEntity
  8
AM_9
100
AcDbCircle
 10
-6.000429847769221
 20
9.935000000000022
 30
0.0
 40
0.2999999999999694
100
AcDbArc
 50
123.5573097619199
 51
165.000000000003
  0
ARC
  5
157
330
1F
100
AcDbEntity
  8
AM_9
100
AcDbCircle
 10
-2.425570152230795
 20
9.935000000000015
 30
0.0
 40
0.2999999999999827
100
AcDbArc
 50
14.99999999999781
 51
56.44269023807887
  0
LINE
  5
158
330
1F
100
AcDbEntity
  8
AM_9
100
AcDbLine
 10
-6.290207595655916
 20
10.01264571353076
 30
0.0
 11
-6.378000000000002
 21
9.684999999999999
 31
0.0
  0
LINE
  5
159
330
1F
100
AcDbEntity
  8
AM_9
100
AcDbLine
 10
-2.048000000000002
 20
9.684999999999999
 30
0.0
 11
-2.135792404344088
 21
10.01264571353076
 31
0.0
  0
LINE
  5
15A
330
1F
100
AcDbEntity
  8
AM_9
100
AcDbLine
 10
-6.290207595655916
 20
18.51264571353076
 30
0.0
 11
-6.378000000000002
 21
18.185
 31
0.0
  0
ARC
  5
15B
330
1F
100
AcDbEntity
  8
AM_9
100
AcDbCircle
 10
-2.425570152230816
 20
13.935
 30
0.0
 40
0.3000000000000069
100
AcDbArc
 50
14.99999999999903
 51
56.44269023807767
  0
LINE
  5
15C
330
1F
100
AcDbEntity
  8
AM_9
100
AcDbLine
 10
-6.290207595655916
 20
14.01264571353075
 30
0.0
 11
-6.378000000000002
 21
13.685
 31
0.0
  0
LINE
  5
15D
330
1F
100
AcDbEntity
  8
AM_9
100
AcDbLine
 10
-2.048000000000002
 20
13.685
 30
0.0
 11
-2.135792404344088
 21
14.01264571353075
 31
0.0
  0
ARC
  5
15E
330
1F
100
AcDbEntity
  8
AM_9
100
AcDbCircle
 10
-6.000429847769198
 20
13.43500000000001
 30
0.0
 40
0.299999999999995
100
AcDbArc
 50
123.5573097619217
 51
165.0000000000014
  0
ARC
  5
15F
330
1F
100
AcDbEntity
  8
AM_9
100
AcDbCircle
 10
-2.425570152230795
 20
13.43500000000001
 30
0.0
 40
0.2999999999999822
100
AcDbArc
 50
14.99999999999748
 51
56.44269023807896
  0
LINE
  5
160
330
1F
100
AcDbEntity
  8
AM_9
100
AcDbLine
 10
-6.378000000000002
 20
13.185
 30
0.0
 11
-6.16626108728697
 21
13.185
 31
0.0
  0
ARC
  5
161
330
1F
100
AcDbEntity
  8
AM_9
100
AcDbCircle
 10
-2.425570152230803
 20
21.935
 30
0.0
 40
0.2999999999999937
100
AcDbArc
 50
14.99999999999971
 51
56.44269023807949
  0
LINE
  5
162
330
1F
100
AcDbEntity
  8
AM_9
100
AcDbLine
 10
-6.290207595655916
 20
22.01264571353076
 30
0.0
 11
-6.378000000000002
 21
21.685
 31
0.0
  0
LINE
  5
163
330
1F
100
AcDbEntity
  8
AM_9
100
AcDbLine
 10
-6.378000000000002
 20
21.185
 30
0.0
 11
-6.166261087286967
 21
21.185
 31
0.0
  0
LINE
  5
164
330
1F
100
AcDbEntity
  8
AM_9
100
AcDbLine
 10
-2.048000000000002
 20
16.685
 30
0.0
 11
-2.135792404344088
 21
17.01264571353076
 31
0.0
  0
ARC
  5
165
330
1F
100
AcDbEntity
  8
AM_9
100
AcDbCircle
 10
-6.000429847769159
 20
16.43499999999998
 30
0.0
 40
0.3000000000000373
100
AcDbArc
 50
123.5573097619253
 51
164.9999999999984
  0
LINE
  5
166
330
1F
100
AcDbEntity
  8
AM_9
100
AcDbLine
 10
-6.378000000000002
 20
16.185
 30
0.0
 11
-6.16626108728697
 21
16.185
 31
0.0
  0
LINE
  5
167
330
1F
100
AcDbEntity
  8
AM_9
100
AcDbLine
 10
-2.048000000000002
 20
16.185
 30
0.0
 11
-2.135792404344088
 21
16.51264571353076
 31
0.0
  0
LINE
  5
168
330
1F
100
AcDbEntity
  8
AM_9
100
AcDbLine
 10
-2.425570152230808
 20
23.735
 30
0.0
 11
-6.000429847769196
 21
23.735
 31
0.0
  0
ARC
  5
169
330
1F
100
AcDbEntity
  8
AM_9
100
AcDbCircle
 10
-6.000429847769197
 20
23.435
 30
0.0
 40
0.3000000000000007
100
AcDbArc
 50
89.99999999999983
 51
164.9999999999999
  0
LINE
  5
16A
330
1F
100
AcDbEntity
  8
AM_9
100
AcDbLine
 10
-6.290207595655916
 20
23.51264571353076
 30
0.0
 11
-6.378000000000002
 21
23.185
 31
0.0
  0
LINE
  5
16B
330
1F
100
AcDbEntity
  8
AM_9
100
AcDbLine
 10
-2.048000000000002
 20
23.185
 30
0.0
 11
-2.135792404344088
 21
23.51264571353076
 31
0.0
  0
ARC
  5
16C
330
1F
100
AcDbEntity
  8
AM_9
100
AcDbCircle
 10
-2.425570152230808
 20
23.435
 30
0.0
 40
0.3000000000000002
100
AcDbArc
 50
15.00000000000008
 51
89.99999999999991
  0
LINE
  5
16D
330
1F
100
AcDbEntity
  8
AM_9
100
AcDbLine
 10
-6.814000000000002
 20
24.455
 30
0.0
 11
-6.901792404344088
 21
24.78264571353075
 31
0.0
  0
LINE
  5
16E
330
1F
100
AcDbEntity
  8
AM_9
100
AcDbLine
 10
-11.144
 20
24.455
 30
0.0
 11
-6.814000000000002
 21
24.455
 31
0.0
  0
LINE
  5
16F
330
1F
100
AcDbEntity
  8
AM_9
100
AcDbLine
 10
-11.05620759565591
 20
24.78264571353075
 30
0.0
 11
-11.144
 21
24.455
 31
0.0
  0
ARC
  5
170
330
1F
100
AcDbEntity
  8
AM_9
100
AcDbCircle
 10
-7.191570152230822
 20
24.70499999999998
 30
0.0
 40
0.3000000000000185
100
AcDbArc
 50
15.00000000000335
 51
56.44269023808019
  0
LINE
  5
171
330
1F
100
AcDbEntity
  8
AM_9
100
AcDbLine
 10
-6.814000000000002
 20
24.95499999999999
 30
0.0
 11
-6.901792404344088
 21
25.28264571353075
 31
0.0
  0
LINE
  5
172
330
1F
100
AcDbEntity
  8
AM_9
100
AcDbLine
 10
-11.05620759565591
 20
25.28264571353075
 30
0.0
 11
-11.144
 21
24.95499999999999
 31
0.0
  0
LINE
  5
173
330
1F
100
AcDbEntity
  8
AM_9
100
AcDbLine
 10
-11.144
 20
24.95499999999999
 30
0.0
 11
-10.93226108728697
 21
24.95499999999999
 31
0.0
  0
ARC
  5
174
330
1F
100
AcDbEntity
  8
AM_9
100
AcDbCircle
 10
-7.191570152230802
 20
25.20499999999999
 30
0.0
 40
0.2999999999999951
100
AcDbArc
 50
15.00000000000174
 51
56.44269023808369
  0
ARC
  5
175
330
1F
100
AcDbEntity
  8
AM_9
100
AcDbCircle
 10
-10.76642984776923
 20
25.20500000000002
 30
0.0
 40
0.2999999999999645
100
AcDbArc
 50
123.5573097619167
 51
165.0000000000022
  0
ARC
  5
176
330
1F
100
AcDbEntity
  8
AM_9
100
AcDbCircle
 10
-7.191570152230822
 20
25.70499999999998
 30
0.0
 40
0.3000000000000185
100
AcDbArc
 50
15.00000000000335
 51
56.44269023808155
  0
ARC
  5
177
330
1F
100
AcDbEntity
  8
AM_9
100
AcDbCircle
 10
-10.76642984776923
 20
25.70500000000002
 30
0.0
 40
0.2999999999999655
100
AcDbArc
 50
123.5573097619169
 51
165.0000000000016
  0
LINE
  5
178
330
1F
100
AcDbEntity
  8
AM_9
100
AcDbLine
 10
-11.05620759565591
 20
26.28264571353075
 30
0.0
 11
-11.144
 21
25.955
 31
0.0
  0
LINE
  5
179
330
1F
100
AcDbEntity
  8
AM_9
100
AcDbLine
 10
-7.025738912713052
 20
25.955
 30
0.0
 11
-6.814000000000002
 21
25.955
 31
0.0
  0
LINE
  5
17A
330
1F
100
AcDbEntity
  8
AM_9
100
AcDbLine
 10
-11.144
 20
25.955
 30
0.0
 11
-10.93226108728696
 21
25.955
 31
0.0
  0
LINE
  5
17B
330
1F
100
AcDbEntity
  8
AM_9
100
AcDbLine
 10
-11.144
 20
27.955
 30
0.0
 11
-10.93226108728696
 21
27.955
 31
0.0
  0
LINE
  5
17C
330
1F
100
AcDbEntity
  8
AM_9
100
AcDbLine
 10
-7.025738912713046
 20
27.455
 30
0.0
 11
-6.814000000000002
 21
27.455
 31
0.0
  0
LINE
  5
17D
330
1F
100
AcDbEntity
  8
AM_9
100
AcDbLine
 10
-11.144
 20
27.455
 30
0.0
 11
-10.93226108728697
 21
27.455
 31
0.0
  0
ARC
  5
17E
330
1F
100
AcDbEntity
  8
AM_9
100
AcDbCircle
 10
-7.191570152230815
 20
28.20499999999999
 30
0.0
 40
0.3000000000000089
100
AcDbArc
 50
15.00000000000174
 51
56.44269023808193
  0
ARC
  5
17F
330
1F
100
AcDbEntity
  8
AM_9
100
AcDbCircle
 10
-10.76642984776917
 20
28.20499999999998
 30
0.0
 40
0.3000000000000295
100
AcDbArc
 50
123.5573097619218
 51
164.9999999999979
  0
LINE
  5
180
330
1F
100
AcDbEntity
  8
AM_9
100
AcDbLine
 10
-6.814000000000002
 20
28.455
 30
0.0
 11
-6.901792404344088
 21
28.78264571353075
 31
0.0
  0
LINE
  5
181
330
1F
100
AcDbEntity
  8
AM_9
100
AcDbLine
 10
-11.05620759565591
 20
28.78264571353075
 30
0.0
 11
-11.144
 21
28.455
 31
0.0
  0
ARC
  5
182
330
1F
100
AcDbEntity
  8
AM_9
100
AcDbCircle
 10
-7.191570152230797
 20
28.705
 30
0.0
 40
0.299999999999989
100
AcDbArc
 50
15.00000000000065
 51
56.44269023808226
  0
ARC
  5
183
330
1F
100
AcDbEntity
  8
AM_9
100
AcDbCircle
 10
-10.76642984776922
 20
28.70500000000002
 30
0.0
 40
0.2999999999999714
100
AcDbArc
 50
123.5573097619199
 51
165.0000000000027
  0
LINE
  5
184
330
1F
100
AcDbEntity
  8
AM_9
100
AcDbLine
 10
-6.814000000000002
 20
28.955
 30
0.0
 11
-6.901792404344088
 21
29.28264571353075
 31
0.0
  0
LINE
  5
185
330
1F
100
AcDbEntity
  8
AM_9
100
AcDbLine
 10
-11.05620759565591
 20
29.28264571353075
 30
0.0
 11
-11.144
 21
28.955
 31
0.0
  0
LINE
  5
186
330
1F
100
AcDbEntity
  8
AM_9
100
AcDbLine
 10
-7.025738912713046
 20
28.955
 30
0.0
 11
-6.814000000000002
 21
28.955
 31
0.0
  0
LINE
  5
187
330
1F
100
AcDbEntity
  8
AM_9
100
AcDbLine
 10
-11.144
 20
28.955
 30
0.0
 11
-10.93226108728697
 21
28.955
 31
0.0
  0
ARC
  5
188
330
1F
100
AcDbEntity
  8
AM_9
100
AcDbCircle
 10
-7.191570152230822
 20
29.20499999999998
 30
0.0
 40
0.3000000000000185
100
AcDbArc
 50
15.00000000000335
 51
56.44269023808155
  0
ARC
  5
189
330
1F
100
AcDbEntity
  8
AM_9
100
AcDbCircle
 10
-10.76642984776923
 20
29.20500000000002
 30
0.0
 40
0.2999999999999655
100
AcDbArc
 50
123.5573097619169
 51
165.0000000000016
  0
LINE
  5
18A
330
1F
100
AcDbEntity
  8
AM_9
100
AcDbLine
 10
-6.814000000000002
 20
29.455
 30
0.0
 11
-6.901792404344088
 21
29.78264571353075
 31
0.0
  0
LINE
  5
18B
330
1F
100
AcDbEntity
  8
AM_9
100
AcDbLine
 10
-11.05620759565591
 20
29.78264571353075
 30
0.0
 11
-11.144
 21
29.455
 31
0.0
  0
ARC
  5
18C
330
1F
100
AcDbEntity
  8
AM_9
100
AcDbCircle
 10
-7.191570152230816
 20
29.70499999999999
 30
0.0
 40
0.3000000000000098
100
AcDbArc
 50
15.00000000000169
 51
56.44269023808043
  0
ARC
  5
18D
330
1F
100
AcDbEntity
  8
AM_9
100
AcDbCircle
 10
-10.76642984776915
 20
29.70499999999997
 30
0.0
 40
0.3000000000000442
100
AcDbArc
 50
123.5573097619249
 51
164.9999999999973
  0
LINE
  5
18E
330
1F
100
AcDbEntity
  8
AM_9
100
AcDbLine
 10
-6.814000000000002
 20
29.955
 30
0.0
 11
-6.901792404344088
 21
30.28264571353075
 31
0.0
  0
LINE
  5
18F
330
1F
100
AcDbEntity
  8
AM_9
100
AcDbLine
 10
-11.05620759565591
 20
30.28264571353075
 30
0.0
 11
-11.144
 21
29.955
 31
0.0
  0
LINE
  5
190
330
1F
100
AcDbEntity
  8
AM_9
100
AcDbLine
 10
-7.025738912713046
 20
29.955
 30
0.0
 11
-6.814000000000002
 21
29.955
 31
0.0
  0
LINE
  5
191
330
1F
100
AcDbEntity
  8
AM_9
100
AcDbLine
 10
-11.144
 20
29.955
 30
0.0
 11
-10.93226108728697
 21
29.955
 31
0.0
  0
LINE
  5
192
330
1F
100
AcDbEntity
  8
AM_9
100
AcDbLine
 10
-7.025738912713052
 20
29.455
 30
0.0
 11
-6.814000000000002
 21
29.455
 31
0.0
  0
LINE
  5
193
330
1F
100
AcDbEntity
  8
AM_9
100
AcDbLine
 10
-11.144
 20
29.455
 30
0.0
 11
-10.93226108728696
 21
29.455
 31
0.0
  0
LINE
  5
194
330
1F
100
AcDbEntity
  8
AM_9
100
AcDbLine
 10
-7.025738912713052
 20
28.455
 30
0.0
 11
-6.814000000000002
 21
28.455
 31
0.0
  0
LINE
  5
195
330
1F
100
AcDbEntity
  8
AM_9
100
AcDbLine
 10
-11.144
 20
28.455
 30
0.0
 11
-10.93226108728696
 21
28.455
 31
0.0
  0
ARC
  5
196
330
1F
100
AcDbEntity
  8
AM_9
100
AcDbCircle
 10
-7.191570152230802
 20
30.20499999999999
 30
0.0
 40
0.2999999999999951
100
AcDbArc
 50
15.00000000000174
 51
56.44269023808369
  0
ARC
  5
197
330
1F
100
AcDbEntity
  8
AM_9
100
AcDbCircle
 10
-10.76642984776923
 20
30.20500000000002
 30
0.0
 40
0.2999999999999645
100
AcDbArc
 50
123.5573097619167
 51
165.0000000000022
  0
LINE
  5
198
330
1F
100
AcDbEntity
  8
AM_9
100
AcDbLine
 10
-6.814000000000002
 20
30.455
 30
0.0
 11
-6.901792404344088
 21
30.78264571353075
 31
0.0
  0
LINE
  5
199
330
1F
100
AcDbEntity
  8
AM_9
100
AcDbLine
 10
-11.05620759565591
 20
30.78264571353075
 30
0.0
 11
-11.144
 21
30.455
 31
0.0
  0
ARC
  5
19A
330
1F
100
AcDbEntity
  8
AM_9
100
AcDbCircle
 10
-10.76642984776919
 20
30.70499999999999
 30
0.0
 40
0.3000000000000059
100
AcDbArc
 50
123.5573097619212
 51
164.9999999999987
  0
LINE
  5
19B
330
1F
100
AcDbEntity
  8
AM_9
100
AcDbLine
 10
-6.814000000000002
 20
30.95499999999999
 30
0.0
 11
-6.901792404344088
 21
31.28264571353075
 31
0.0
  0
LINE
  5
19C
330
1F
100
AcDbEntity
  8
AM_9
100
AcDbLine
 10
-11.05620759565591
 20
31.28264571353075
 30
0.0
 11
-11.144
 21
30.95499999999999
 31
0.0
  0
LINE
  5
19D
330
1F
100
AcDbEntity
  8
AM_9
100
AcDbLine
 10
-7.025738912713046
 20
30.95499999999999
 30
0.0
 11
-6.814000000000002
 21
30.95499999999999
 31
0.0
  0
LINE
  5
19E
330
1F
100
AcDbEntity
  8
AM_9
100
AcDbLine
 10
-11.144
 20
30.95499999999999
 30
0.0
 11
-10.93226108728697
 21
30.95499999999999
 31
0.0
  0
ARC
  5
19F
330
1F
100
AcDbEntity
  8
AM_9
100
AcDbCircle
 10
-7.191570152230802
 20
31.20499999999999
 30
0.0
 40
0.2999999999999951
100
AcDbArc
 50
15.00000000000174
 51
56.44269023808369
  0
ARC
  5
1A0
330
1F
100
AcDbEntity
  8
AM_9
100
AcDbCircle
 10
-10.76642984776923
 20
31.20500000000002
 30
0.0
 40
0.2999999999999645
100
AcDbArc
 50
123.5573097619167
 51
165.0000000000022
  0
LINE
  5
1A1
330
1F
100
AcDbEntity
  8
AM_9
100
AcDbLine
 10
-6.814000000000002
 20
31.455
 30
0.0
 11
-6.901792404344088
 21
31.78264571353075
 31
0.0
  0
LINE
  5
1A2
330
1F
100
AcDbEntity
  8
AM_9
100
AcDbLine
 10
-11.05620759565591
 20
31.78264571353075
 30
0.0
 11
-11.144
 21
31.455
 31
0.0
  0
ARC
  5
1A3
330
1F
100
AcDbEntity
  8
AM_9
100
AcDbCircle
 10
-7.191570152230822
 20
31.70499999999998
 30
0.0
 40
0.3000000000000185
100
AcDbArc
 50
15.00000000000335
 51
56.44269023808155
  0
ARC
  5
1A4
330
1F
100
AcDbEntity
  8
AM_9
100
AcDbCircle
 10
-10.76642984776923
 20
31.70500000000002
 30
0.0
 40
0.2999999999999655
100
AcDbArc
 50
123.5573097619169
 51
165.0000000000016
  0
LINE
  5
1A5
330
1F
100
AcDbEntity
  8
AM_9
100
AcDbLine
 10
-6.814000000000002
 20
31.955
 30
0.0
 11
-6.901792404344088
 21
32.28264571353075
 31
0.0
  0
LINE
  5
1A6
330
1F
100
AcDbEntity
  8
AM_9
100
AcDbLine
 10
-11.05620759565591
 20
32.28264571353075
 30
0.0
 11
-11.144
 21
31.955
 31
0.0
  0
LINE
  5
1A7
330
1F
100
AcDbEntity
  8
AM_9
100
AcDbLine
 10
-7.025738912713052
 20
31.955
 30
0.0
 11
-6.814000000000002
 21
31.955
 31
0.0
  0
LINE
  5
1A8
330
1F
100
AcDbEntity
  8
AM_9
100
AcDbLine
 10
-11.144
 20
31.955
 30
0.0
 11
-10.93226108728696
 21
31.955
 31
0.0
  0
LINE
  5
1A9
330
1F
100
AcDbEntity
  8
AM_9
100
AcDbLine
 10
-7.025738912713052
 20
31.455
 30
0.0
 11
-6.814000000000002
 21
31.455
 31
0.0
  0
LINE
  5
1AA
330
1F
100
AcDbEntity
  8
AM_9
100
AcDbLine
 10
-11.144
 20
31.455
 30
0.0
 11
-10.93226108728696
 21
31.455
 31
0.0
  0
ARC
  5
1AB
330
1F
100
AcDbEntity
  8
AM_9
100
AcDbCircle
 10
-7.191570152230832
 20
32.20499999999997
 30
0.0
 40
0.3000000000000298
100
AcDbArc
 50
15.00000000000418
 51
56.44269023807975
  0
ARC
  5
1AC
330
1F
100
AcDbEntity
  8
AM_9
100
AcDbCircle
 10
-10.76642984776922
 20
32.20500000000001
 30
0.0
 40
0.2999999999999832
100
AcDbArc
 50
123.5573097619183
 51
165.0000000000001
  0
LINE
  5
1AD
330
1F
100
AcDbEntity
  8
AM_9
100
AcDbLine
 10
-6.814000000000002
 20
32.455
 30
0.0
 11
-6.901792404344088
 21
32.78264571353075
 31
0.0
  0
LINE
  5
1AE
330
1F
100
AcDbEntity
  8
AM_9
100
AcDbLine
 10
-11.05620759565591
 20
32.78264571353075
 30
0.0
 11
-11.144
 21
32.455
 31
0.0
  0
ARC
  5
1AF
330
1F
100
AcDbEntity
  8
AM_9
100
AcDbCircle
 10
-7.191570152230804
 20
32.70499999999998
 30
0.0
 40
0.2999999999999987
100
AcDbArc
 50
15.00000000000297
 51
56.44269023808376
  0
ARC
  5
1B0
330
1F
100
AcDbEntity
  8
AM_9
100
AcDbCircle
 10
-10.76642984776921
 20
32.70500000000001
 30
0.0
 40
0.2999999999999842
100
AcDbArc
 50
123.5573097619186
 51
165.0000000000005
  0
LINE
  5
1B1
330
1F
100
AcDbEntity
  8
AM_9
100
AcDbLine
 10
-6.814000000000002
 20
32.955
 30
0.0
 11
-6.901792404344088
 21
33.28264571353075
 31
0.0
  0
LINE
  5
1B2
330
1F
100
AcDbEntity
  8
AM_9
100
AcDbLine
 10
-11.05620759565591
 20
33.28264571353075
 30
0.0
 11
-11.144
 21
32.955
 31
0.0
  0
LINE
  5
1B3
330
1F
100
AcDbEntity
  8
AM_9
100
AcDbLine
 10
-7.025738912713052
 20
32.955
 30
0.0
 11
-6.814000000000002
 21
32.955
 31
0.0
  0
LINE
  5
1B4
330
1F
100
AcDbEntity
  8
AM_9
100
AcDbLine
 10
-11.144
 20
32.955
 30
0.0
 11
-10.93226108728696
 21
32.955
 31
0.0
  0
ARC
  5
1B5
330
1F
100
AcDbEntity
  8
AM_9
100
AcDbCircle
 10
-7.191570152230832
 20
33.20499999999997
 30
0.0
 40
0.3000000000000298
100
AcDbArc
 50
15.00000000000418
 51
56.44269023807975
  0
ARC
  5
1B6
330
1F
100
AcDbEntity
  8
AM_9
100
AcDbCircle
 10
-10.76642984776922
 20
33.20500000000001
 30
0.0
 40
0.2999999999999832
100
AcDbArc
 50
123.5573097619183
 51
165.0000000000001
  0
LINE
  5
1B7
330
1F
100
AcDbEntity
  8
AM_9
100
AcDbLine
 10
-6.814000000000002
 20
33.455
 30
0.0
 11
-6.901792404344088
 21
33.78264571353075
 31
0.0
  0
LINE
  5
1B8
330
1F
100
AcDbEntity
  8
AM_9
100
AcDbLine
 10
-11.05620759565591
 20
33.78264571353075
 30
0.0
 11
-11.144
 21
33.455
 31
0.0
  0
ARC
  5
1B9
330
1F
100
AcDbEntity
  8
AM_9
100
AcDbCircle
 10
-7.191570152230804
 20
33.70499999999998
 30
0.0
 40
0.2999999999999987
100
AcDbArc
 50
15.00000000000297
 51
56.44269023808376
  0
ARC
  5
1BA
330
1F
100
AcDbEntity
  8
AM_9
100
AcDbCircle
 10
-10.76642984776921
 20
33.70500000000001
 30
0.0
 40
0.2999999999999842
100
AcDbArc
 50
123.5573097619186
 51
165.0000000000005
  0
LINE
  5
1BB
330
1F
100
AcDbEntity
  8
AM_9
100
AcDbLine
 10
-6.814000000000002
 20
33.955
 30
0.0
 11
-6.901792404344088
 21
34.28264571353075
 31
0.0
  0
LINE
  5
1BC
330
1F
100
AcDbEntity
  8
AM_9
100
AcDbLine
 10
-11.05620759565591
 20
34.28264571353075
 30
0.0
 11
-11.144
 21
33.955
 31
0.0
  0
LINE
  5
1BD
330
1F
100
AcDbEntity
  8
AM_9
100
AcDbLine
 10
-7.025738912713052
 20
33.955
 30
0.0
 11
-6.814000000000002
 21
33.955
 31
0.0
  0
LINE
  5
1BE
330
1F
100
AcDbEntity
  8
AM_9
100
AcDbLine
 10
-11.144
 20
33.955
 30
0.0
 11
-10.93226108728696
 21
33.955
 31
0.0
  0
LINE
  5
1BF
330
1F
100
AcDbEntity
  8
AM_9
100
AcDbLine
 10
-7.025738912713046
 20
33.455
 30
0.0
 11
-6.814000000000002
 21
33.455
 31
0.0
  0
LINE
  5
1C0
330
1F
100
AcDbEntity
  8
AM_9
100
AcDbLine
 10
-11.144
 20
33.455
 30
0.0
 11
-10.93226108728697
 21
33.455
 31
0.0
  0
LINE
  5
1C1
330
1F
100
AcDbEntity
  8
AM_9
100
AcDbLine
 10
-7.025738912713046
 20
32.455
 30
0.0
 11
-6.814000000000002
 21
32.455
 31
0.0
  0
LINE
  5
1C2
330
1F
100
AcDbEntity
  8
AM_9
100
AcDbLine
 10
-11.144
 20
32.455
 30
0.0
 11
-10.93226108728697
 21
32.455
 31
0.0
  0
LINE
  5
1C3
330
1F
100
AcDbEntity
  8
AM_9
100
AcDbLine
 10
-7.025738912713052
 20
30.455
 30
0.0
 11
-6.814000000000002
 21
30.455
 31
0.0
  0
LINE
  5
1C4
330
1F
100
AcDbEntity
  8
AM_9
100
AcDbLine
 10
-11.144
 20
30.455
 30
0.0
 11
-10.93226108728696
 21
30.455
 31
0.0
  0
ARC
  5
1C5
330
1F
100
AcDbEntity
  8
AM_9
100
AcDbCircle
 10
-7.191570152230804
 20
34.20499999999998
 30
0.0
 40
0.2999999999999987
100
AcDbArc
 50
15.00000000000297
 51
56.44269023808376
  0
ARC
  5
1C6
330
1F
100
AcDbEntity
  8
AM_9
100
AcDbCircle
 10
-10.76642984776921
 20
34.20500000000001
 30
0.0
 40
0.2999999999999842
100
AcDbArc
 50
123.5573097619186
 51
165.0000000000005
  0
LINE
  5
1C7
330
1F
100
AcDbEntity
  8
AM_9
100
AcDbLine
 10
-6.814000000000002
 20
34.455
 30
0.0
 11
-6.901792404344088
 21
34.78264571353075
 31
0.0
  0
LINE
  5
1C8
330
1F
100
AcDbEntity
  8
AM_9
100
AcDbLine
 10
-11.05620759565591
 20
34.78264571353075
 30
0.0
 11
-11.144
 21
34.455
 31
0.0
  0
ARC
  5
1C9
330
1F
100
AcDbEntity
  8
AM_9
100
AcDbCircle
 10
-7.191570152230832
 20
34.70499999999997
 30
0.0
 40
0.3000000000000298
100
AcDbArc
 50
15.00000000000418
 51
56.44269023807975
  0
ARC
  5
1CA
330
1F
100
AcDbEntity
  8
AM_9
100
AcDbCircle
 10
-10.76642984776922
 20
34.70500000000001
 30
0.0
 40
0.2999999999999832
100
AcDbArc
 50
123.5573097619183
 51
165.0000000000001
  0
ARC
  5
1CB
330
1F
100
AcDbEntity
  8
AM_9
100
AcDbCircle
 10
-7.191570152230822
 20
30.70499999999998
 30
0.0
 40
0.3000000000000185
100
AcDbArc
 50
15.00000000000335
 51
56.44269023808019
  0
LINE
  5
1CC
330
1F
100
AcDbEntity
  8
AM_9
100
AcDbLine
 10
-11.05620759565591
 20
35.28264571353075
 30
0.0
 11
-11.144
 21
34.955
 31
0.0
  0
LINE
  5
1CD
330
1F
100
AcDbEntity
  8
AM_9
100
AcDbLine
 10
-7.025738912713046
 20
34.955
 30
0.0
 11
-6.814000000000002
 21
34.955
 31
0.0
  0
LINE
  5
1CE
330
1F
100
AcDbEntity
  8
AM_9
100
AcDbLine
 10
-11.144
 20
34.955
 30
0.0
 11
-10.93226108728697
 21
34.955
 31
0.0
  0
ARC
  5
1CF
330
1F
100
AcDbEntity
  8
AM_9
100
AcDbCircle
 10
-7.191570152230804
 20
35.20499999999998
 30
0.0
 40
0.2999999999999987
100
AcDbArc
 50
15.00000000000297
 51
56.44269023808376
  0
ARC
  5
1D0
330
1F
100
AcDbEntity
  8
AM_9
100
AcDbCircle
 10
-10.76642984776921
 20
35.20500000000001
 30
0.0
 40
0.2999999999999842
100
AcDbArc
 50
123.5573097619186
 51
165.0000000000005
  0
LINE
  5
1D1
330
1F
100
AcDbEntity
  8
AM_9
100
AcDbLine
 10
-6.814000000000002
 20
35.455
 30
0.0
 11
-6.901792404344088
 21
35.78264571353075
 31
0.0
  0
LINE
  5
1D2
330
1F
100
AcDbEntity
  8
AM_9
100
AcDbLine
 10
-11.05620759565591
 20
35.78264571353075
 30
0.0
 11
-11.144
 21
35.455
 31
0.0
  0
ARC
  5
1D3
330
1F
100
AcDbEntity
  8
AM_9
100
AcDbCircle
 10
-7.191570152230832
 20
35.70499999999997
 30
0.0
 40
0.3000000000000298
100
AcDbArc
 50
15.00000000000418
 51
56.44269023807975
  0
ARC
  5
1D4
330
1F
100
AcDbEntity
  8
AM_9
100
AcDbCircle
 10
-10.76642984776922
 20
35.70500000000001
 30
0.0
 40
0.2999999999999832
100
AcDbArc
 50
123.5573097619183
 51
165.0000000000001
  0
LINE
  5
1D5
330
1F
100
AcDbEntity
  8
AM_9
100
AcDbLine
 10
-6.814000000000002
 20
35.955
 30
0.0
 11
-6.901792404344088
 21
36.28264571353075
 31
0.0
  0
LINE
  5
1D6
330
1F
100
AcDbEntity
  8
AM_9
100
AcDbLine
 10
-11.05620759565591
 20
36.28264571353075
 30
0.0
 11
-11.144
 21
35.955
 31
0.0
  0
LINE
  5
1D7
330
1F
100
AcDbEntity
  8
AM_9
100
AcDbLine
 10
-7.025738912713046
 20
35.955
 30
0.0
 11
-6.814000000000002
 21
35.955
 31
0.0
  0
LINE
  5
1D8
330
1F
100
AcDbEntity
  8
AM_9
100
AcDbLine
 10
-11.144
 20
35.955
 30
0.0
 11
-10.93226108728697
 21
35.955
 31
0.0
  0
LINE
  5
1D9
330
1F
100
AcDbEntity
  8
AM_9
100
AcDbLine
 10
-7.025738912713052
 20
35.455
 30
0.0
 11
-6.814000000000002
 21
35.455
 31
0.0
  0
LINE
  5
1DA
330
1F
100
AcDbEntity
  8
AM_9
100
AcDbLine
 10
-11.144
 20
35.455
 30
0.0
 11
-10.93226108728696
 21
35.455
 31
0.0
  0
ARC
  5
1DB
330
1F
100
AcDbEntity
  8
AM_9
100
AcDbCircle
 10
-7.191570152230804
 20
36.20499999999998
 30
0.0
 40
0.2999999999999987
100
AcDbArc
 50
15.00000000000297
 51
56.44269023808376
  0
ARC
  5
1DC
330
1F
100
AcDbEntity
  8
AM_9
100
AcDbCircle
 10
-10.76642984776921
 20
36.20500000000001
 30
0.0
 40
0.2999999999999842
100
AcDbArc
 50
123.5573097619186
 51
165.0000000000005
  0
LINE
  5
1DD
330
1F
100
AcDbEntity
  8
AM_9
100
AcDbLine
 10
-6.814000000000002
 20
36.455
 30
0.0
 11
-6.901792404344088
 21
36.78264571353075
 31
0.0
  0
LINE
  5
1DE
330
1F
100
AcDbEntity
  8
AM_9
100
AcDbLine
 10
-11.05620759565591
 20
36.78264571353075
 30
0.0
 11
-11.144
 21
36.455
 31
0.0
  0
ARC
  5
1DF
330
1F
100
AcDbEntity
  8
AM_9
100
AcDbCircle
 10
-7.191570152230804
 20
36.70499999999998
 30
0.0
 40
0.2999999999999987
100
AcDbArc
 50
15.00000000000297
 51
56.44269023808376
  0
ARC
  5
1E0
330
1F
100
AcDbEntity
  8
AM_9
100
AcDbCircle
 10
-10.76642984776921
 20
36.70500000000001
 30
0.0
 40
0.2999999999999842
100
AcDbArc
 50
123.5573097619186
 51
165.0000000000005
  0
LINE
  5
1E1
330
1F
100
AcDbEntity
  8
AM_9
100
AcDbLine
 10
-6.814000000000002
 20
36.955
 30
0.0
 11
-6.901792404344088
 21
37.28264571353075
 31
0.0
  0
LINE
  5
1E2
330
1F
100
AcDbEntity
  8
AM_9
100
AcDbLine
 10
-11.05620759565591
 20
37.28264571353075
 30
0.0
 11
-11.144
 21
36.955
 31
0.0
  0
LINE
  5
1E3
330
1F
100
AcDbEntity
  8
AM_9
100
AcDbLine
 10
-7.025738912713052
 20
36.955
 30
0.0
 11
-6.814000000000002
 21
36.955
 31
0.0
  0
LINE
  5
1E4
330
1F
100
AcDbEntity
  8
AM_9
100
AcDbLine
 10
-11.144
 20
36.955
 30
0.0
 11
-10.93226108728696
 21
36.955
 31
0.0
  0
ARC
  5
1E5
330
1F
100
AcDbEntity
  8
AM_9
100
AcDbCircle
 10
-7.191570152230832
 20
37.20499999999997
 30
0.0
 40
0.3000000000000298
100
AcDbArc
 50
15.00000000000418
 51
56.44269023807975
  0
ARC
  5
1E6
330
1F
100
AcDbEntity
  8
AM_9
100
AcDbCircle
 10
-10.76642984776922
 20
37.20500000000001
 30
0.0
 40
0.2999999999999832
100
AcDbArc
 50
123.5573097619183
 51
165.0000000000001
  0
LINE
  5
1E7
330
1F
100
AcDbEntity
  8
AM_9
100
AcDbLine
 10
-6.814000000000002
 20
37.455
 30
0.0
 11
-6.901792404344088
 21
37.78264571353075
 31
0.0
  0
LINE
  5
1E8
330
1F
100
AcDbEntity
  8
AM_9
100
AcDbLine
 10
-11.05620759565591
 20
37.78264571353075
 30
0.0
 11
-11.144
 21
37.455
 31
0.0
  0
ARC
  5
1E9
330
1F
100
AcDbEntity
  8
AM_9
100
AcDbCircle
 10
-7.191570152230804
 20
37.70499999999998
 30
0.0
 40
0.2999999999999987
100
AcDbArc
 50
15.00000000000297
 51
56.44269023808376
  0
ARC
  5
1EA
330
1F
100
AcDbEntity
  8
AM_9
100
AcDbCircle
 10
-10.76642984776921
 20
37.70500000000001
 30
0.0
 40
0.2999999999999842
100
AcDbArc
 50
123.5573097619186
 51
165.0000000000005
  0
LINE
  5
1EB
330
1F
100
AcDbEntity
  8
AM_9
100
AcDbLine
 10
-6.814000000000002
 20
37.955
 30
0.0
 11
-6.901792404344088
 21
38.28264571353075
 31
0.0
  0
LINE
  5
1EC
330
1F
100
AcDbEntity
  8
AM_9
100
AcDbLine
 10
-11.05620759565591
 20
38.28264571353075
 30
0.0
 11
-11.144
 21
37.955
 31
0.0
  0
LINE
  5
1ED
330
1F
100
AcDbEntity
  8
AM_9
100
AcDbLine
 10
-7.025738912713052
 20
37.955
 30
0.0
 11
-6.814000000000002
 21
37.955
 31
0.0
  0
LINE
  5
1EE
330
1F
100
AcDbEntity
  8
AM_9
100
AcDbLine
 10
-11.144
 20
37.955
 30
0.0
 11
-10.93226108728696
 21
37.955
 31
0.0
  0
LINE
  5
1EF
330
1F
100
AcDbEntity
  8
AM_9
100
AcDbLine
 10
-7.025738912713046
 20
37.455
 30
0.0
 11
-6.814000000000002
 21
37.455
 31
0.0
  0
LINE
  5
1F0
330
1F
100
AcDbEntity
  8
AM_9
100
AcDbLine
 10
-11.144
 20
37.455
 30
0.0
 11
-10.93226108728697
 21
37.455
 31
0.0
  0
LINE
  5
1F1
330
1F
100
AcDbEntity
  8
AM_9
100
AcDbLine
 10
-7.025738912713052
 20
36.455
 30
0.0
 11
-6.814000000000002
 21
36.455
 31
0.0
  0
LINE
  5
1F2
330
1F
100
AcDbEntity
  8
AM_9
100
AcDbLine
 10
-11.144
 20
36.455
 30
0.0
 11
-10.93226108728696
 21
36.455
 31
0.0
  0
ARC
  5
1F3
330
1F
100
AcDbEntity
  8
AM_9
100
AcDbCircle
 10
-7.191570152230832
 20
38.20499999999997
 30
0.0
 40
0.3000000000000298
100
AcDbArc
 50
15.00000000000418
 51
56.44269023807975
  0
ARC
  5
1F4
330
1F
100
AcDbEntity
  8
AM_9
100
AcDbCircle
 10
-10.76642984776922
 20
38.20500000000001
 30
0.0
 40
0.2999999999999832
100
AcDbArc
 50
123.5573097619183
 51
165.0000000000001
  0
LINE
  5
1F5
330
1F
100
AcDbEntity
  8
AM_9
100
AcDbLine
 10
-6.814000000000002
 20
38.455
 30
0.0
 11
-6.901792404344088
 21
38.78264571353075
 31
0.0
  0
LINE
  5
1F6
330
1F
100
AcDbEntity
  8
AM_9
100
AcDbLine
 10
-11.05620759565591
 20
38.78264571353075
 30
0.0
 11
-11.144
 21
38.455
 31
0.0
  0
ARC
  5
1F7
330
1F
100
AcDbEntity
  8
AM_9
100
AcDbCircle
 10
-7.191570152230804
 20
38.70499999999998
 30
0.0
 40
0.2999999999999987
100
AcDbArc
 50
15.00000000000297
 51
56.44269023808376
  0
ARC
  5
1F8
330
1F
100
AcDbEntity
  8
AM_9
100
AcDbCircle
 10
-10.76642984776921
 20
38.70500000000001
 30
0.0
 40
0.2999999999999842
100
AcDbArc
 50
123.5573097619186
 51
165.0000000000005
  0
LINE
  5
1F9
330
1F
100
AcDbEntity
  8
AM_9
100
AcDbLine
 10
-6.814000000000002
 20
38.955
 30
0.0
 11
-6.901792404344088
 21
39.28264571353075
 31
0.0
  0
LINE
  5
1FA
330
1F
100
AcDbEntity
  8
AM_9
100
AcDbLine
 10
-11.05620759565591
 20
39.28264571353075
 30
0.0
 11
-11.144
 21
38.955
 31
0.0
  0
LINE
  5
1FB
330
1F
100
AcDbEntity
  8
AM_9
100
AcDbLine
 10
-7.025738912713052
 20
38.955
 30
0.0
 11
-6.814000000000002
 21
38.955
 31
0.0
  0
LINE
  5
1FC
330
1F
100
AcDbEntity
  8
AM_9
100
AcDbLine
 10
-11.144
 20
38.955
 30
0.0
 11
-10.93226108728696
 21
38.955
 31
0.0
  0
ARC
  5
1FD
330
1F
100
AcDbEntity
  8
AM_9
100
AcDbCircle
 10
-7.191570152230769
 20
39.20500000000002
 30
0.0
 40
0.299999999999956
100
AcDbArc
 50
14.99999999999812
 51
56.44269023808553
  0
ARC
  5
1FE
330
1F
100
AcDbEntity
  8
AM_9
100
AcDbCircle
 10
-10.76642984776918
 20
39.20499999999997
 30
0.0
 40
0.3000000000000315
100
AcDbArc
 50
123.55730976192
 51
164.9999999999956
  0
LINE
  5
1FF
330
1F
100
AcDbEntity
  8
AM_9
100
AcDbLine
 10
-6.814000000000002
 20
39.455
 30
0.0
 11
-6.901792404344088
 21
39.78264571353075
 31
0.0
  0
LINE
  5
200
330
1F
100
AcDbEntity
  8
AM_9
100
AcDbLine
 10
-11.05620759565591
 20
39.78264571353075
 30
0.0
 11
-11.144
 21
39.455
 31
0.0
  0
ARC
  5
201
330
1F
100
AcDbEntity
  8
AM_9
100
AcDbCircle
 10
-7.191570152230832
 20
39.70499999999997
 30
0.0
 40
0.3000000000000298
100
AcDbArc
 50
15.00000000000418
 51
56.44269023807975
  0
ARC
  5
202
330
1F
100
AcDbEntity
  8
AM_9
100
AcDbCircle
 10
-10.76642984776922
 20
39.70500000000001
 30
0.0
 40
0.2999999999999832
100
AcDbArc
 50
123.5573097619183
 51
165.0000000000001
  0
LINE
  5
203
330
1F
100
AcDbEntity
  8
AM_9
100
AcDbLine
 10
-6.814000000000002
 20
39.955
 30
0.0
 11
-6.901792404344088
 21
40.28264571353075
 31
0.0
  0
LINE
  5
204
330
1F
100
AcDbEntity
  8
AM_9
100
AcDbLine
 10
-11.05620759565591
 20
40.28264571353075
 30
0.0
 11
-11.144
 21
39.955
 31
0.0
  0
LINE
  5
205
330
1F
100
AcDbEntity
  8
AM_9
100
AcDbLine
 10
-7.025738912713046
 20
39.955
 30
0.0
 11
-6.814000000000002
 21
39.955
 31
0.0
  0
LINE
  5
206
330
1F
100
AcDbEntity
  8
AM_9
100
AcDbLine
 10
-11.144
 20
39.955
 30
0.0
 11
-10.93226108728697
 21
39.955
 31
0.0
  0
LINE
  5
207
330
1F
100
AcDbEntity
  8
AM_9
100
AcDbLine
 10
-7.025738912713052
 20
39.455
 30
0.0
 11
-6.814000000000002
 21
39.455
 31
0.0
  0
LINE
  5
208
330
1F
100
AcDbEntity
  8
AM_9
100
AcDbLine
 10
-11.144
 20
39.455
 30
0.0
 11
-10.93226108728696
 21
39.455
 31
0.0
  0
ARC
  5
209
330
1F
100
AcDbEntity
  8
AM_9
100
AcDbCircle
 10
-7.191570152230761
 20
40.20500000000002
 30
0.0
 40
0.2999999999999483
100
AcDbArc
 50
14.99999999999852
 51
56.44269023808506
  0
ARC
  5
20A
330
1F
100
AcDbEntity
  8
AM_9
100
AcDbCircle
 10
-10.76642984776929
 20
40.20500000000006
 30
0.0
 40
0.2999999999998897
100
AcDbArc
 50
123.5573097619135
 51
165.000000000007
  0
LINE
  5
20B
330
1F
100
AcDbEntity
  8
AM_9
100
AcDbLine
 10
-6.814000000000002
 20
40.45499999999999
 30
0.0
 11
-6.901792404344088
 21
40.78264571353075
 31
0.0
  0
LINE
  5
20C
330
1F
100
AcDbEntity
  8
AM_9
100
AcDbLine
 10
-11.05620759565591
 20
40.78264571353075
 30
0.0
 11
-11.144
 21
40.45499999999999
 31
0.0
  0
ARC
  5
20D
330
1F
100
AcDbEntity
  8
AM_9
100
AcDbCircle
 10
-7.19157015223076
 20
40.70500000000001
 30
0.0
 40
0.2999999999999474
100
AcDbArc
 50
14.99999999999856
 51
56.44269023808869
  0
ARC
  5
20E
330
1F
100
AcDbEntity
  8
AM_9
100
AcDbCircle
 10
-10.76642984776925
 20
40.70500000000003
 30
0.0
 40
0.299999999999932
100
AcDbArc
 50
123.5573097619134
 51
165.0000000000048
  0
LINE
  5
20F
330
1F
100
AcDbEntity
  8
AM_9
100
AcDbLine
 10
-6.814000000000002
 20
40.955
 30
0.0
 11
-6.901792404344088
 21
41.28264571353075
 31
0.0
  0
LINE
  5
210
330
1F
100
AcDbEntity
  8
AM_9
100
AcDbLine
 10
-11.05620759565591
 20
41.28264571353075
 30
0.0
 11
-11.144
 21
40.955
 31
0.0
  0
LINE
  5
211
330
1F
100
AcDbEntity
  8
AM_9
100
AcDbLine
 10
-7.025738912713059
 20
40.955
 30
0.0
 11
-6.814000000000002
 21
40.955
 31
0.0
  0
LINE
  5
212
330
1F
100
AcDbEntity
  8
AM_9
100
AcDbLine
 10
-11.144
 20
40.955
 30
0.0
 11
-10.93226108728696
 21
40.955
 31
0.0
  0
ARC
  5
213
330
1F
100
AcDbEntity
  8
AM_9
100
AcDbCircle
 10
-7.191570152230832
 20
41.20499999999997
 30
0.0
 40
0.3000000000000298
100
AcDbArc
 50
15.00000000000418
 51
56.44269023807975
  0
ARC
  5
214
330
1F
100
AcDbEntity
  8
AM_9
100
AcDbCircle
 10
-10.76642984776922
 20
41.20500000000001
 30
0.0
 40
0.2999999999999832
100
AcDbArc
 50
123.5573097619183
 51
165.0000000000001
  0
LINE
  5
215
330
1F
100
AcDbEntity
  8
AM_9
100
AcDbLine
 10
-11.144
 20
25.455
 30
0.0
 11
-10.93226108728696
 21
25.455
 31
0.0
  0
LINE
  5
216
330
1F
100
AcDbEntity
  8
AM_9
100
AcDbLine
 10
-7.025738912713052
 20
27.955
 30
0.0
 11
-6.814000000000002
 21
27.955
 31
0.0
  0
LINE
  5
217
330
1F
100
AcDbEntity
  8
AM_9
100
AcDbLine
 10
-11.05620759565591
 20
28.28264571353075
 30
0.0
 11
-11.144
 21
27.955
 31
0.0
  0
LINE
  5
218
330
1F
100
AcDbEntity
  8
AM_9
100
AcDbLine
 10
-6.814000000000002
 20
27.955
 30
0.0
 11
-6.901792404344088
 21
28.28264571353075
 31
0.0
  0
ARC
  5
219
330
1F
100
AcDbEntity
  8
AM_9
100
AcDbCircle
 10
-10.76642984776923
 20
27.70500000000002
 30
0.0
 40
0.2999999999999645
100
AcDbArc
 50
123.5573097619167
 51
165.0000000000022
  0
ARC
  5
21A
330
1F
100
AcDbEntity
  8
AM_9
100
AcDbCircle
 10
-7.191570152230802
 20
27.70499999999999
 30
0.0
 40
0.2999999999999951
100
AcDbArc
 50
15.00000000000174
 51
56.44269023808369
  0
LINE
  5
21B
330
1F
100
AcDbEntity
  8
AM_9
100
AcDbLine
 10
-11.05620759565591
 20
27.78264571353075
 30
0.0
 11
-11.144
 21
27.455
 31
0.0
  0
LINE
  5
21C
330
1F
100
AcDbEntity
  8
AM_9
100
AcDbLine
 10
-6.814000000000002
 20
27.455
 30
0.0
 11
-6.901792404344088
 21
27.78264571353075
 31
0.0
  0
ARC
  5
21D
330
1F
100
AcDbEntity
  8
AM_9
100
AcDbCircle
 10
-10.76642984776915
 20
27.20499999999997
 30
0.0
 40
0.3000000000000442
100
AcDbArc
 50
123.5573097619249
 51
164.9999999999973
  0
ARC
  5
21E
330
1F
100
AcDbEntity
  8
AM_9
100
AcDbCircle
 10
-7.191570152230816
 20
27.20499999999999
 30
0.0
 40
0.3000000000000098
100
AcDbArc
 50
15.00000000000169
 51
56.44269023808043
  0
LINE
  5
21F
330
1F
100
AcDbEntity
  8
AM_9
100
AcDbLine
 10
-11.144
 20
26.955
 30
0.0
 11
-10.93226108728696
 21
26.955
 31
0.0
  0
LINE
  5
220
330
1F
100
AcDbEntity
  8
AM_9
100
AcDbLine
 10
-7.025738912713052
 20
26.955
 30
0.0
 11
-6.814000000000002
 21
26.955
 31
0.0
  0
LINE
  5
221
330
1F
100
AcDbEntity
  8
AM_9
100
AcDbLine
 10
-11.05620759565591
 20
27.28264571353075
 30
0.0
 11
-11.144
 21
26.955
 31
0.0
  0
LINE
  5
222
330
1F
100
AcDbEntity
  8
AM_9
100
AcDbLine
 10
-6.814000000000002
 20
26.955
 30
0.0
 11
-6.901792404344088
 21
27.28264571353075
 31
0.0
  0
ARC
  5
223
330
1F
100
AcDbEntity
  8
AM_9
100
AcDbCircle
 10
-10.76642984776923
 20
26.70500000000002
 30
0.0
 40
0.2999999999999655
100
AcDbArc
 50
123.5573097619169
 51
165.0000000000016
  0
ARC
  5
224
330
1F
100
AcDbEntity
  8
AM_9
100
AcDbCircle
 10
-7.191570152230822
 20
26.70499999999998
 30
0.0
 40
0.3000000000000185
100
AcDbArc
 50
15.00000000000335
 51
56.44269023808155
  0
LINE
  5
225
330
1F
100
AcDbEntity
  8
AM_9
100
AcDbLine
 10
-11.05620759565591
 20
26.78264571353075
 30
0.0
 11
-11.144
 21
26.455
 31
0.0
  0
LINE
  5
226
330
1F
100
AcDbEntity
  8
AM_9
100
AcDbLine
 10
-6.814000000000002
 20
26.455
 30
0.0
 11
-6.901792404344088
 21
26.78264571353075
 31
0.0
  0
ARC
  5
227
330
1F
100
AcDbEntity
  8
AM_9
100
AcDbCircle
 10
-10.76642984776922
 20
26.20500000000002
 30
0.0
 40
0.2999999999999714
100
AcDbArc
 50
123.5573097619199
 51
165.0000000000027
  0
ARC
  5
228
330
1F
100
AcDbEntity
  8
AM_9
100
AcDbCircle
 10
-7.191570152230797
 20
26.205
 30
0.0
 40
0.299999999999989
100
AcDbArc
 50
15.00000000000065
 51
56.44269023808226
  0
LINE
  5
229
330
1F
100
AcDbEntity
  8
AM_9
100
AcDbLine
 10
-7.025738912713052
 20
25.455
 30
0.0
 11
-6.814000000000002
 21
25.455
 31
0.0
  0
LINE
  5
22A
330
1F
100
AcDbEntity
  8
AM_9
100
AcDbLine
 10
-6.814000000000002
 20
25.955
 30
0.0
 11
-6.901792404344088
 21
26.28264571353075
 31
0.0
  0
LINE
  5
22B
330
1F
100
AcDbEntity
  8
AM_9
100
AcDbLine
 10
-11.05620759565591
 20
25.78264571353075
 30
0.0
 11
-11.144
 21
25.455
 31
0.0
  0
LINE
  5
22C
330
1F
100
AcDbEntity
  8
AM_9
100
AcDbLine
 10
-6.814000000000002
 20
25.455
 30
0.0
 11
-6.901792404344088
 21
25.78264571353075
 31
0.0
  0
LINE
  5
22D
330
1F
100
AcDbEntity
  8
AM_9
100
AcDbLine
 10
-7.025738912713046
 20
24.95499999999999
 30
0.0
 11
-6.814000000000002
 21
24.95499999999999
 31
0.0
  0
ARC
  5
22E
330
1F
100
AcDbEntity
  8
AM_9
100
AcDbCircle
 10
-10.76642984776919
 20
24.70499999999999
 30
0.0
 40
0.3000000000000059
100
AcDbArc
 50
123.5573097619212
 51
164.9999999999987
  0
LINE
  5
22F
330
1F
100
AcDbEntity
  8
AM_9
100
AcDbLine
 10
-6.814000000000002
 20
34.955
 30
0.0
 11
-6.901792404344088
 21
35.28264571353075
 31
0.0
  0
LINE
  5
230
330
1F
100
AcDbEntity
  8
AM_9
100
AcDbLine
 10
-11.144
 20
26.455
 30
0.0
 11
-10.93226108728697
 21
26.455
 31
0.0
  0
LINE
  5
231
330
1F
100
AcDbEntity
  8
AM_9
100
AcDbLine
 10
-7.025738912713046
 20
26.455
 30
0.0
 11
-6.814000000000002
 21
26.455
 31
0.0
  0
LINE
  5
232
330
1F
100
AcDbEntity
  8
AM_9
100
AcDbLine
 10
-11.144
 20
34.455
 30
0.0
 11
-10.93226108728696
 21
34.455
 31
0.0
  0
LINE
  5
233
330
1F
100
AcDbEntity
  8
AM_9
100
AcDbLine
 10
-7.025738912713052
 20
34.455
 30
0.0
 11
-6.814000000000002
 21
34.455
 31
0.0
  0
LINE
  5
234
330
1F
100
AcDbEntity
  8
AM_9
100
AcDbLine
 10
-11.144
 20
38.455
 30
0.0
 11
-10.93226108728697
 21
38.455
 31
0.0
  0
LINE
  5
235
330
1F
100
AcDbEntity
  8
AM_9
100
AcDbLine
 10
-7.025738912713046
 20
38.455
 30
0.0
 11
-6.814000000000002
 21
38.455
 31
0.0
  0
LINE
  5
236
330
1F
100
AcDbEntity
  8
AM_9
100
AcDbLine
 10
-11.144
 20
40.45499999999999
 30
0.0
 11
-10.93226108728697
 21
40.45499999999999
 31
0.0
  0
LINE
  5
237
330
1F
100
AcDbEntity
  8
AM_9
100
AcDbLine
 10
-7.025738912713046
 20
40.45499999999999
 30
0.0
 11
-6.814000000000002
 21
40.45499999999999
 31
0.0
  0
LINE
  5
238
330
1F
100
AcDbEntity
  8
AM_9
100
AcDbLine
 10
-11.144
 20
41.455
 30
0.0
 11
-10.93226108728697
 21
41.455
 31
0.0
  0
LINE
  5
239
330
1F
100
AcDbEntity
  8
AM_9
100
AcDbLine
 10
-7.025738912713046
 20
41.455
 30
0.0
 11
-6.814000000000002
 21
41.455
 31
0.0
  0
LINE
  5
23A
330
1F
100
AcDbEntity
  8
AM_9
100
AcDbLine
 10
-7.191570152230808
 20
42.00499999999999
 30
0.0
 11
-10.7664298477692
 21
42.00499999999999
 31
0.0
  0
ARC
  5
23B
330
1F
100
AcDbEntity
  8
AM_9
100
AcDbCircle
 10
-10.76642984776921
 20
41.705
 30
0.0
 40
0.2999999999999901
100
AcDbArc
 50
89.99999999999795
 51
164.9999999999993
  0
LINE
  5
23C
330
1F
100
AcDbEntity
  8
AM_9
100
AcDbLine
 10
-11.05620759565591
 20
41.78264571353075
 30
0.0
 11
-11.144
 21
41.455
 31
0.0
  0
LINE
  5
23D
330
1F
100
AcDbEntity
  8
AM_9
100
AcDbLine
 10
-6.814000000000002
 20
41.455
 30
0.0
 11
-6.901792404344088
 21
41.78264571353075
 31
0.0
  0
ARC
  5
23E
330
1F
100
AcDbEntity
  8
AM_9
100
AcDbCircle
 10
-7.191570152230798
 20
41.705
 30
0.0
 40
0.2999999999999898
100
AcDbArc
 50
15.00000000000061
 51
90.00000000000188
  0
LINE
  5
23F
330
1F
100
AcDbEntity
  8
AM_9
100
AcDbLine
 10
-2.050000000000002
 20
24.455
 30
0.0
 11
-2.137792404344088
 21
24.78264571353075
 31
0.0
  0
LINE
  5
240
330
1F
100
AcDbEntity
  8
AM_9
100
AcDbLine
 10
-6.380000000000003
 20
24.455
 30
0.0
 11
-2.050000000000002
 21
24.455
 31
0.0
  0
LINE
  5
241
330
1F
100
AcDbEntity
  8
AM_9
100
AcDbLine
 10
-6.292207595655914
 20
24.78264571353075
 30
0.0
 11
-6.380000000000003
 21
24.455
 31
0.0
  0
ARC
  5
242
330
1F
100
AcDbEntity
  8
AM_9
100
AcDbCircle
 10
-2.427570152230823
 20
24.70499999999998
 30
0.0
 40
0.3000000000000198
100
AcDbArc
 50
15.00000000000329
 51
56.44269023808005
  0
ARC
  5
243
330
1F
100
AcDbEntity
  8
AM_9
100
AcDbCircle
 10
-6.00242984776919
 20
24.70499999999999
 30
0.0
 40
0.3000000000000064
100
AcDbArc
 50
123.5573097619213
 51
164.9999999999988
  0
LINE
  5
244
330
1F
100
AcDbEntity
  8
AM_9
100
AcDbLine
 10
-2.050000000000002
 20
24.95499999999999
 30
0.0
 11
-2.137792404344088
 21
25.28264571353075
 31
0.0
  0
LINE
  5
245
330
1F
100
AcDbEntity
  8
AM_9
100
AcDbLine
 10
-6.292207595655914
 20
25.28264571353075
 30
0.0
 11
-6.380000000000003
 21
24.95499999999999
 31
0.0
  0
ARC
  5
246
330
1F
100
AcDbEntity
  8
AM_9
100
AcDbCircle
 10
-2.427570152230802
 20
25.20499999999999
 30
0.0
 40
0.2999999999999964
100
AcDbArc
 50
15.00000000000168
 51
56.44269023808361
  0
ARC
  5
247
330
1F
100
AcDbEntity
  8
AM_9
100
AcDbCircle
 10
-6.002429847769228
 20
25.20500000000002
 30
0.0
 40
0.299999999999964
100
AcDbArc
 50
123.5573097619165
 51
165.0000000000022
  0
LINE
  5
248
330
1F
100
AcDbEntity
  8
AM_9
100
AcDbLine
 10
-2.050000000000002
 20
25.455
 30
0.0
 11
-2.137792404344088
 21
25.78264571353075
 31
0.0
  0
LINE
  5
249
330
1F
100
AcDbEntity
  8
AM_9
100
AcDbLine
 10
-2.261738912713052
 20
25.455
 30
0.0
 11
-2.050000000000002
 21
25.455
 31
0.0
  0
LINE
  5
24A
330
1F
100
AcDbEntity
  8
AM_9
100
AcDbLine
 10
-6.380000000000003
 20
25.455
 30
0.0
 11
-6.16826108728696
 21
25.455
 31
0.0
  0
ARC
  5
24B
330
1F
100
AcDbEntity
  8
AM_9
100
AcDbCircle
 10
-2.427570152230805
 20
25.70499999999998
 30
0.0
 40
0.3000000000000008
100
AcDbArc
 50
15.00000000000285
 51
56.44269023808356
  0
ARC
  5
24C
330
1F
100
AcDbEntity
  8
AM_9
100
AcDbCircle
 10
-6.002429847769228
 20
25.70500000000002
 30
0.0
 40
0.2999999999999645
100
AcDbArc
 50
123.5573097619167
 51
165.0000000000016
  0
LINE
  5
24D
330
1F
100
AcDbEntity
  8
AM_9
100
AcDbLine
 10
-2.050000000000002
 20
25.955
 30
0.0
 11
-2.137792404344088
 21
26.28264571353075
 31
0.0
  0
LINE
  5
24E
330
1F
100
AcDbEntity
  8
AM_9
100
AcDbLine
 10
-6.292207595655914
 20
26.28264571353075
 30
0.0
 11
-6.380000000000003
 21
25.955
 31
0.0
  0
ARC
  5
24F
330
1F
100
AcDbEntity
  8
AM_9
100
AcDbCircle
 10
-2.427570152230798
 20
26.205
 30
0.0
 40
0.2999999999999903
100
AcDbArc
 50
15.00000000000058
 51
56.44269023808213
  0
ARC
  5
250
330
1F
100
AcDbEntity
  8
AM_9
100
AcDbCircle
 10
-6.002429847769216
 20
26.20500000000002
 30
0.0
 40
0.2999999999999714
100
AcDbArc
 50
123.5573097619199
 51
165.0000000000028
  0
LINE
  5
251
330
1F
100
AcDbEntity
  8
AM_9
100
AcDbLine
 10
-2.050000000000002
 20
26.455
 30
0.0
 11
-2.137792404344088
 21
26.78264571353075
 31
0.0
  0
LINE
  5
252
330
1F
100
AcDbEntity
  8
AM_9
100
AcDbLine
 10
-6.292207595655914
 20
26.78264571353075
 30
0.0
 11
-6.380000000000003
 21
26.455
 31
0.0
  0
LINE
  5
253
330
1F
100
AcDbEntity
  8
AM_9
100
AcDbLine
 10
-2.261738912713046
 20
26.455
 30
0.0
 11
-2.050000000000002
 21
26.455
 31
0.0
  0
LINE
  5
254
330
1F
100
AcDbEntity
  8
AM_9
100
AcDbLine
 10
-6.380000000000003
 20
26.455
 30
0.0
 11
-6.168261087286966
 21
26.455
 31
0.0
  0
LINE
  5
255
330
1F
100
AcDbEntity
  8
AM_9
100
AcDbLine
 10
-2.261738912713052
 20
25.955
 30
0.0
 11
-2.050000000000002
 21
25.955
 31
0.0
  0
LINE
  5
256
330
1F
100
AcDbEntity
  8
AM_9
100
AcDbLine
 10
-6.380000000000003
 20
25.955
 30
0.0
 11
-6.16826108728696
 21
25.955
 31
0.0
  0
ARC
  5
257
330
1F
100
AcDbEntity
  8
AM_9
100
AcDbCircle
 10
-2.427570152230805
 20
26.70499999999998
 30
0.0
 40
0.3000000000000008
100
AcDbArc
 50
15.00000000000285
 51
56.44269023808356
  0
ARC
  5
258
330
1F
100
AcDbEntity
  8
AM_9
100
AcDbCircle
 10
-6.002429847769228
 20
26.70500000000002
 30
0.0
 40
0.2999999999999645
100
AcDbArc
 50
123.5573097619167
 51
165.0000000000016
  0
LINE
  5
259
330
1F
100
AcDbEntity
  8
AM_9
100
AcDbLine
 10
-2.050000000000002
 20
26.955
 30
0.0
 11
-2.137792404344088
 21
27.28264571353075
 31
0.0
  0
LINE
  5
25A
330
1F
100
AcDbEntity
  8
AM_9
100
AcDbLine
 10
-6.292207595655914
 20
27.28264571353075
 30
0.0
 11
-6.380000000000003
 21
26.955
 31
0.0
  0
ARC
  5
25B
330
1F
100
AcDbEntity
  8
AM_9
100
AcDbCircle
 10
-2.427570152230816
 20
27.20499999999999
 30
0.0
 40
0.3000000000000102
100
AcDbArc
 50
15.00000000000167
 51
56.44269023808043
  0
ARC
  5
25C
330
1F
100
AcDbEntity
  8
AM_9
100
AcDbCircle
 10
-6.002429847769198
 20
27.205
 30
0.0
 40
0.299999999999996
100
AcDbArc
 50
123.5573097619208
 51
165.0000000000004
  0
LINE
  5
25D
330
1F
100
AcDbEntity
  8
AM_9
100
AcDbLine
 10
-2.050000000000002
 20
27.455
 30
0.0
 11
-2.137792404344088
 21
27.78264571353075
 31
0.0
  0
LINE
  5
25E
330
1F
100
AcDbEntity
  8
AM_9
100
AcDbLine
 10
-6.292207595655914
 20
27.78264571353075
 30
0.0
 11
-6.380000000000003
 21
27.455
 31
0.0
  0
LINE
  5
25F
330
1F
100
AcDbEntity
  8
AM_9
100
AcDbLine
 10
-2.261738912713046
 20
27.455
 30
0.0
 11
-2.050000000000002
 21
27.455
 31
0.0
  0
LINE
  5
260
330
1F
100
AcDbEntity
  8
AM_9
100
AcDbLine
 10
-6.380000000000003
 20
27.455
 30
0.0
 11
-6.168261087286966
 21
27.455
 31
0.0
  0
ARC
  5
261
330
1F
100
AcDbEntity
  8
AM_9
100
AcDbCircle
 10
-2.427570152230802
 20
27.70499999999999
 30
0.0
 40
0.2999999999999964
100
AcDbArc
 50
15.00000000000168
 51
56.44269023808361
  0
ARC
  5
262
330
1F
100
AcDbEntity
  8
AM_9
100
AcDbCircle
 10
-6.002429847769228
 20
27.70500000000002
 30
0.0
 40
0.299999999999964
100
AcDbArc
 50
123.5573097619165
 51
165.0000000000022
  0
LINE
  5
263
330
1F
100
AcDbEntity
  8
AM_9
100
AcDbLine
 10
-2.050000000000002
 20
27.955
 30
0.0
 11
-2.137792404344088
 21
28.28264571353075
 31
0.0
  0
LINE
  5
264
330
1F
100
AcDbEntity
  8
AM_9
100
AcDbLine
 10
-6.292207595655914
 20
28.28264571353075
 30
0.0
 11
-6.380000000000003
 21
27.955
 31
0.0
  0
ARC
  5
265
330
1F
100
AcDbEntity
  8
AM_9
100
AcDbCircle
 10
-2.427570152230797
 20
28.20499999999999
 30
0.0
 40
0.2999999999999903
100
AcDbArc
 50
15.00000000000128
 51
56.44269023808408
  0
ARC
  5
266
330
1F
100
AcDbEntity
  8
AM_9
100
AcDbCircle
 10
-6.002429847769187
 20
28.205
 30
0.0
 40
0.3000000000000049
100
AcDbArc
 50
123.5573097619209
 51
165.0000000000003
  0
LINE
  5
267
330
1F
100
AcDbEntity
  8
AM_9
100
AcDbLine
 10
-2.050000000000002
 20
28.455
 30
0.0
 11
-2.137792404344088
 21
28.78264571353075
 31
0.0
  0
LINE
  5
268
330
1F
100
AcDbEntity
  8
AM_9
100
AcDbLine
 10
-6.292207595655914
 20
28.78264571353075
 30
0.0
 11
-6.380000000000003
 21
28.455
 31
0.0
  0
LINE
  5
269
330
1F
100
AcDbEntity
  8
AM_9
100
AcDbLine
 10
-2.261738912713052
 20
28.455
 30
0.0
 11
-2.050000000000002
 21
28.455
 31
0.0
  0
LINE
  5
26A
330
1F
100
AcDbEntity
  8
AM_9
100
AcDbLine
 10
-6.380000000000003
 20
28.455
 30
0.0
 11
-6.16826108728696
 21
28.455
 31
0.0
  0
LINE
  5
26B
330
1F
100
AcDbEntity
  8
AM_9
100
AcDbLine
 10
-2.261738912713052
 20
27.955
 30
0.0
 11
-2.050000000000002
 21
27.955
 31
0.0
  0
LINE
  5
26C
330
1F
100
AcDbEntity
  8
AM_9
100
AcDbLine
 10
-6.380000000000003
 20
27.955
 30
0.0
 11
-6.16826108728696
 21
27.955
 31
0.0
  0
LINE
  5
26D
330
1F
100
AcDbEntity
  8
AM_9
100
AcDbLine
 10
-2.261738912713052
 20
26.955
 30
0.0
 11
-2.050000000000002
 21
26.955
 31
0.0
  0
LINE
  5
26E
330
1F
100
AcDbEntity
  8
AM_9
100
AcDbLine
 10
-6.380000000000003
 20
26.955
 30
0.0
 11
-6.16826108728696
 21
26.955
 31
0.0
  0
ARC
  5
26F
330
1F
100
AcDbEntity
  8
AM_9
100
AcDbCircle
 10
-2.427570152230798
 20
28.705
 30
0.0
 40
0.2999999999999903
100
AcDbArc
 50
15.00000000000058
 51
56.44269023808213
  0
ARC
  5
270
330
1F
100
AcDbEntity
  8
AM_9
100
AcDbCircle
 10
-6.002429847769216
 20
28.70500000000002
 30
0.0
 40
0.2999999999999714
100
AcDbArc
 50
123.5573097619199
 51
165.0000000000028
  0
LINE
  5
271
330
1F
100
AcDbEntity
  8
AM_9
100
AcDbLine
 10
-2.050000000000002
 20
28.955
 30
0.0
 11
-2.137792404344088
 21
29.28264571353075
 31
0.0
  0
LINE
  5
272
330
1F
100
AcDbEntity
  8
AM_9
100
AcDbLine
 10
-6.292207595655914
 20
29.28264571353075
 30
0.0
 11
-6.380000000000003
 21
28.955
 31
0.0
  0
ARC
  5
273
330
1F
100
AcDbEntity
  8
AM_9
100
AcDbCircle
 10
-2.427570152230805
 20
29.20499999999998
 30
0.0
 40
0.3000000000000008
100
AcDbArc
 50
15.00000000000285
 51
56.44269023808356
  0
ARC
  5
274
330
1F
100
AcDbEntity
  8
AM_9
100
AcDbCircle
 10
-6.002429847769228
 20
29.20500000000002
 30
0.0
 40
0.2999999999999645
100
AcDbArc
 50
123.5573097619167
 51
165.0000000000016
  0
LINE
  5
275
330
1F
100
AcDbEntity
  8
AM_9
100
AcDbLine
 10
-2.050000000000002
 20
29.455
 30
0.0
 11
-2.137792404344088
 21
29.78264571353075
 31
0.0
  0
LINE
  5
276
330
1F
100
AcDbEntity
  8
AM_9
100
AcDbLine
 10
-6.292207595655914
 20
29.78264571353075
 30
0.0
 11
-6.380000000000003
 21
29.455
 31
0.0
  0
LINE
  5
277
330
1F
100
AcDbEntity
  8
AM_9
100
AcDbLine
 10
-2.261738912713052
 20
29.455
 30
0.0
 11
-2.050000000000002
 21
29.455
 31
0.0
  0
LINE
  5
278
330
1F
100
AcDbEntity
  8
AM_9
100
AcDbLine
 10
-6.380000000000003
 20
29.455
 30
0.0
 11
-6.16826108728696
 21
29.455
 31
0.0
  0
ARC
  5
279
330
1F
100
AcDbEntity
  8
AM_9
100
AcDbCircle
 10
-2.427570152230816
 20
29.70499999999999
 30
0.0
 40
0.3000000000000102
100
AcDbArc
 50
15.00000000000167
 51
56.44269023808043
  0
ARC
  5
27A
330
1F
100
AcDbEntity
  8
AM_9
100
AcDbCircle
 10
-6.002429847769198
 20
29.705
 30
0.0
 40
0.299999999999996
100
AcDbArc
 50
123.5573097619208
 51
165.0000000000004
  0
LINE
  5
27B
330
1F
100
AcDbEntity
  8
AM_9
100
AcDbLine
 10
-2.050000000000002
 20
29.955
 30
0.0
 11
-2.137792404344088
 21
30.28264571353075
 31
0.0
  0
LINE
  5
27C
330
1F
100
AcDbEntity
  8
AM_9
100
AcDbLine
 10
-6.292207595655914
 20
30.28264571353075
 30
0.0
 11
-6.380000000000003
 21
29.955
 31
0.0
  0
ARC
  5
27D
330
1F
100
AcDbEntity
  8
AM_9
100
AcDbCircle
 10
-2.427570152230802
 20
30.20499999999999
 30
0.0
 40
0.2999999999999964
100
AcDbArc
 50
15.00000000000168
 51
56.44269023808361
  0
ARC
  5
27E
330
1F
100
AcDbEntity
  8
AM_9
100
AcDbCircle
 10
-6.002429847769228
 20
30.20500000000002
 30
0.0
 40
0.299999999999964
100
AcDbArc
 50
123.5573097619165
 51
165.0000000000022
  0
LINE
  5
27F
330
1F
100
AcDbEntity
  8
AM_9
100
AcDbLine
 10
-2.050000000000002
 20
30.455
 30
0.0
 11
-2.137792404344088
 21
30.78264571353075
 31
0.0
  0
LINE
  5
280
330
1F
100
AcDbEntity
  8
AM_9
100
AcDbLine
 10
-6.292207595655914
 20
30.78264571353075
 30
0.0
 11
-6.380000000000003
 21
30.455
 31
0.0
  0
LINE
  5
281
330
1F
100
AcDbEntity
  8
AM_9
100
AcDbLine
 10
-2.261738912713052
 20
30.455
 30
0.0
 11
-2.050000000000002
 21
30.455
 31
0.0
  0
LINE
  5
282
330
1F
100
AcDbEntity
  8
AM_9
100
AcDbLine
 10
-6.380000000000003
 20
30.455
 30
0.0
 11
-6.16826108728696
 21
30.455
 31
0.0
  0
LINE
  5
283
330
1F
100
AcDbEntity
  8
AM_9
100
AcDbLine
 10
-2.261738912713046
 20
29.955
 30
0.0
 11
-2.050000000000002
 21
29.955
 31
0.0
  0
LINE
  5
284
330
1F
100
AcDbEntity
  8
AM_9
100
AcDbLine
 10
-6.380000000000003
 20
29.955
 30
0.0
 11
-6.168261087286966
 21
29.955
 31
0.0
  0
ARC
  5
285
330
1F
100
AcDbEntity
  8
AM_9
100
AcDbCircle
 10
-2.427570152230823
 20
30.70499999999998
 30
0.0
 40
0.3000000000000198
100
AcDbArc
 50
15.00000000000329
 51
56.44269023808005
  0
ARC
  5
286
330
1F
100
AcDbEntity
  8
AM_9
100
AcDbCircle
 10
-6.00242984776919
 20
30.70499999999999
 30
0.0
 40
0.3000000000000064
100
AcDbArc
 50
123.5573097619213
 51
164.9999999999988
  0
LINE
  5
287
330
1F
100
AcDbEntity
  8
AM_9
100
AcDbLine
 10
-2.050000000000002
 20
30.95499999999999
 30
0.0
 11
-2.137792404344088
 21
31.28264571353075
 31
0.0
  0
LINE
  5
288
330
1F
100
AcDbEntity
  8
AM_9
100
AcDbLine
 10
-6.292207595655914
 20
31.28264571353075
 30
0.0
 11
-6.380000000000003
 21
30.95499999999999
 31
0.0
  0
ARC
  5
289
330
1F
100
AcDbEntity
  8
AM_9
100
AcDbCircle
 10
-2.427570152230802
 20
31.20499999999999
 30
0.0
 40
0.2999999999999964
100
AcDbArc
 50
15.00000000000168
 51
56.44269023808361
  0
ARC
  5
28A
330
1F
100
AcDbEntity
  8
AM_9
100
AcDbCircle
 10
-6.002429847769228
 20
31.20500000000002
 30
0.0
 40
0.299999999999964
100
AcDbArc
 50
123.5573097619165
 51
165.0000000000022
  0
LINE
  5
28B
330
1F
100
AcDbEntity
  8
AM_9
100
AcDbLine
 10
-2.050000000000002
 20
31.455
 30
0.0
 11
-2.137792404344088
 21
31.78264571353075
 31
0.0
  0
LINE
  5
28C
330
1F
100
AcDbEntity
  8
AM_9
100
AcDbLine
 10
-6.292207595655914
 20
31.78264571353075
 30
0.0
 11
-6.380000000000003
 21
31.455
 31
0.0
  0
LINE
  5
28D
330
1F
100
AcDbEntity
  8
AM_9
100
AcDbLine
 10
-2.261738912713052
 20
31.455
 30
0.0
 11
-2.050000000000002
 21
31.455
 31
0.0
  0
LINE
  5
28E
330
1F
100
AcDbEntity
  8
AM_9
100
AcDbLine
 10
-6.380000000000003
 20
31.455
 30
0.0
 11
-6.16826108728696
 21
31.455
 31
0.0
  0
ARC
  5
28F
330
1F
100
AcDbEntity
  8
AM_9
100
AcDbCircle
 10
-2.427570152230805
 20
31.70499999999998
 30
0.0
 40
0.3000000000000008
100
AcDbArc
 50
15.00000000000285
 51
56.44269023808356
  0
ARC
  5
290
330
1F
100
AcDbEntity
  8
AM_9
100
AcDbCircle
 10
-6.002429847769228
 20
31.70500000000002
 30
0.0
 40
0.2999999999999645
100
AcDbArc
 50
123.5573097619167
 51
165.0000000000016
  0
LINE
  5
291
330
1F
100
AcDbEntity
  8
AM_9
100
AcDbLine
 10
-2.050000000000002
 20
31.955
 30
0.0
 11
-2.137792404344088
 21
32.28264571353075
 31
0.0
  0
LINE
  5
292
330
1F
100
AcDbEntity
  8
AM_9
100
AcDbLine
 10
-6.292207595655914
 20
32.28264571353075
 30
0.0
 11
-6.380000000000003
 21
31.955
 31
0.0
  0
ARC
  5
293
330
1F
100
AcDbEntity
  8
AM_9
100
AcDbCircle
 10
-2.427570152230832
 20
32.20499999999997
 30
0.0
 40
0.3000000000000307
100
AcDbArc
 50
15.00000000000414
 51
56.44269023807968
  0
ARC
  5
294
330
1F
100
AcDbEntity
  8
AM_9
100
AcDbCircle
 10
-6.002429847769216
 20
32.20500000000001
 30
0.0
 40
0.2999999999999832
100
AcDbArc
 50
123.5573097619183
 51
165.0000000000001
  0
LINE
  5
295
330
1F
100
AcDbEntity
  8
AM_9
100
AcDbLine
 10
-2.050000000000002
 20
32.455
 30
0.0
 11
-2.137792404344088
 21
32.78264571353075
 31
0.0
  0
LINE
  5
296
330
1F
100
AcDbEntity
  8
AM_9
100
AcDbLine
 10
-6.292207595655914
 20
32.78264571353075
 30
0.0
 11
-6.380000000000003
 21
32.455
 31
0.0
  0
LINE
  5
297
330
1F
100
AcDbEntity
  8
AM_9
100
AcDbLine
 10
-2.261738912713046
 20
32.455
 30
0.0
 11
-2.050000000000002
 21
32.455
 31
0.0
  0
LINE
  5
298
330
1F
100
AcDbEntity
  8
AM_9
100
AcDbLine
 10
-6.380000000000003
 20
32.455
 30
0.0
 11
-6.168261087286966
 21
32.455
 31
0.0
  0
LINE
  5
299
330
1F
100
AcDbEntity
  8
AM_9
100
AcDbLine
 10
-2.261738912713052
 20
31.955
 30
0.0
 11
-2.050000000000002
 21
31.955
 31
0.0
  0
LINE
  5
29A
330
1F
100
AcDbEntity
  8
AM_9
100
AcDbLine
 10
-6.380000000000003
 20
31.955
 30
0.0
 11
-6.16826108728696
 21
31.955
 31
0.0
  0
LINE
  5
29B
330
1F
100
AcDbEntity
  8
AM_9
100
AcDbLine
 10
-2.261738912713046
 20
30.95499999999999
 30
0.0
 11
-2.050000000000002
 21
30.95499999999999
 31
0.0
  0
LINE
  5
29C
330
1F
100
AcDbEntity
  8
AM_9
100
AcDbLine
 10
-6.380000000000003
 20
30.95499999999999
 30
0.0
 11
-6.168261087286966
 21
30.95499999999999
 31
0.0
  0
LINE
  5
29D
330
1F
100
AcDbEntity
  8
AM_9
100
AcDbLine
 10
-2.261738912713046
 20
28.955
 30
0.0
 11
-2.050000000000002
 21
28.955
 31
0.0
  0
LINE
  5
29E
330
1F
100
AcDbEntity
  8
AM_9
100
AcDbLine
 10
-6.380000000000003
 20
28.955
 30
0.0
 11
-6.168261087286966
 21
28.955
 31
0.0
  0
ARC
  5
29F
330
1F
100
AcDbEntity
  8
AM_9
100
AcDbCircle
 10
-2.427570152230805
 20
32.70499999999998
 30
0.0
 40
0.3000000000000008
100
AcDbArc
 50
15.00000000000285
 51
56.44269023808356
  0
ARC
  5
2A0
330
1F
100
AcDbEntity
  8
AM_9
100
AcDbCircle
 10
-6.00242984776921
 20
32.70500000000001
 30
0.0
 40
0.2999999999999832
100
AcDbArc
 50
123.5573097619183
 51
165.0000000000005
  0
LINE
  5
2A1
330
1F
100
AcDbEntity
  8
AM_9
100
AcDbLine
 10
-2.050000000000002
 20
32.955
 30
0.0
 11
-2.137792404344088
 21
33.28264571353075
 31
0.0
  0
LINE
  5
2A2
330
1F
100
AcDbEntity
  8
AM_9
100
AcDbLine
 10
-6.292207595655914
 20
33.28264571353075
 30
0.0
 11
-6.380000000000003
 21
32.955
 31
0.0
  0
ARC
  5
2A3
330
1F
100
AcDbEntity
  8
AM_9
100
AcDbCircle
 10
-2.427570152230832
 20
33.20499999999997
 30
0.0
 40
0.3000000000000307
100
AcDbArc
 50
15.00000000000414
 51
56.44269023807968
  0
ARC
  5
2A4
330
1F
100
AcDbEntity
  8
AM_9
100
AcDbCircle
 10
-6.002429847769216
 20
33.20500000000001
 30
0.0
 40
0.2999999999999832
100
AcDbArc
 50
123.5573097619183
 51
165.0000000000001
  0
LINE
  5
2A5
330
1F
100
AcDbEntity
  8
AM_9
100
AcDbLine
 10
-2.261738912713052
 20
33.955
 30
0.0
 11
-2.050000000000002
 21
33.955
 31
0.0
  0
LINE
  5
2A6
330
1F
100
AcDbEntity
  8
AM_9
100
AcDbLine
 10
-6.380000000000003
 20
33.955
 30
0.0
 11
-6.16826108728696
 21
33.955
 31
0.0
  0
ARC
  5
2A7
330
1F
100
AcDbEntity
  8
AM_9
100
AcDbCircle
 10
-2.427570152230832
 20
34.70499999999997
 30
0.0
 40
0.3000000000000307
100
AcDbArc
 50
15.00000000000414
 51
56.44269023807968
  0
ARC
  5
2A8
330
1F
100
AcDbEntity
  8
AM_9
100
AcDbCircle
 10
-6.002429847769216
 20
34.70500000000001
 30
0.0
 40
0.2999999999999832
100
AcDbArc
 50
123.5573097619183
 51
165.0000000000001
  0
LINE
  5
2A9
330
1F
100
AcDbEntity
  8
AM_9
100
AcDbLine
 10
-2.050000000000002
 20
34.955
 30
0.0
 11
-2.137792404344088
 21
35.28264571353075
 31
0.0
  0
LINE
  5
2AA
330
1F
100
AcDbEntity
  8
AM_9
100
AcDbLine
 10
-6.292207595655914
 20
35.28264571353075
 30
0.0
 11
-6.380000000000003
 21
34.955
 31
0.0
  0
ARC
  5
2AB
330
1F
100
AcDbEntity
  8
AM_9
100
AcDbCircle
 10
-2.427570152230805
 20
35.20499999999998
 30
0.0
 40
0.3000000000000008
100
AcDbArc
 50
15.00000000000285
 51
56.44269023808356
  0
ARC
  5
2AC
330
1F
100
AcDbEntity
  8
AM_9
100
AcDbCircle
 10
-6.00242984776921
 20
35.20500000000001
 30
0.0
 40
0.2999999999999832
100
AcDbArc
 50
123.5573097619183
 51
165.0000000000005
  0
LINE
  5
2AD
330
1F
100
AcDbEntity
  8
AM_9
100
AcDbLine
 10
-2.050000000000002
 20
35.455
 30
0.0
 11
-2.137792404344088
 21
35.78264571353075
 31
0.0
  0
LINE
  5
2AE
330
1F
100
AcDbEntity
  8
AM_9
100
AcDbLine
 10
-6.292207595655914
 20
35.78264571353075
 30
0.0
 11
-6.380000000000003
 21
35.455
 31
0.0
  0
CIRCLE
  5
2AF
330
1F
100
AcDbEntity
  8
AM_9
100
AcDbCircle
 10
-16.244
 20
8.415
 30
0.0
 40
0.25
  0
CIRCLE
  5
2B0
330
1F
100
AcDbEntity
  8
AM_9
100
AcDbCircle
 10
-16.244
 20
20.505
 30
0.0
 40
0.56
  0
CIRCLE
  5
2B1
330
1F
100
AcDbEntity
  8
AM_9
100
AcDbCircle
 10
-18.087
 20
14.505
 30
0.0
 40
0.109
  0
CIRCLE
  5
2B2
330
1F
100
AcDbEntity
  8
AM_9
100
AcDbCircle
 10
-14.15
 20
14.505
 30
0.0
 40
0.109
  0
CIRCLE
  5
2B3
330
1F
100
AcDbEntity
  8
AM_9
100
AcDbCircle
 10
-12.866
 20
25.22
 30
0.0
 40
0.064
  0
CIRCLE
  5
2B4
330
1F
100
AcDbEntity
  8
AM_9
100
AcDbCircle
 10
-17.366
 20
31.22
 30
0.0
 40
0.064
  0
CIRCLE
  5
2B5
330
1F
100
AcDbEntity
  8
AM_9
100
AcDbCircle
 10
-17.366
 20
35.97
 30
0.0
 40
0.064
  0
CIRCLE
  5
2B6
330
1F
100
AcDbEntity
  8
AM_9
100
AcDbCircle
 10
-18.375
 20
25.028
 30
0.0
 40
0.109
  0
CIRCLE
  5
2B7
330
1F
100
AcDbEntity
  8
AM_9
100
AcDbCircle
 10
-11.857
 20
25.028
 30
0.0
 40
0.109
  0
CIRCLE
  5
2B8
330
1F
100
AcDbEntity
  8
AM_9
100
AcDbCircle
 10
-18.375
 20
31.412
 30
0.0
 40
0.109
  0
CIRCLE
  5
2B9
330
1F
100
AcDbEntity
  8
AM_9
100
AcDbCircle
 10
-18.375
 20
36.412
 30
0.0
 40
0.109
  0
CIRCLE
  5
2BA
330
1F
100
AcDbEntity
  8
AM_9
100
AcDbCircle
 10
-11.857
 20
31.412
 30
0.0
 40
0.109
  0
CIRCLE
  5
2BB
330
1F
100
AcDbEntity
  8
AM_9
100
AcDbCircle
 10
-11.857
 20
36.412
 30
0.0
 40
0.109
  0
LINE
  5
2BC
330
1F
100
AcDbEntity
  8
AM_9
100
AcDbLine
 10
-6.812000000000003
 20
5.684999999999998
 30
0.0
 11
-6.899792404344089
 21
6.012645713530754
 31
0.0
  0
LINE
  5
2BD
330
1F
100
AcDbEntity
  8
AM_9
100
AcDbLine
 10
-11.142
 20
5.684999999999998
 30
0.0
 11
-6.812000000000003
 21
5.684999999999998
 31
0.0
  0
LINE
  5
2BE
330
1F
100
AcDbEntity
  8
AM_9
100
AcDbLine
 10
-11.05420759565592
 20
6.012645713530754
 30
0.0
 11
-11.142
 21
5.684999999999998
 31
0.0
  0
LINE
  5
2BF
330
1F
100
AcDbEntity
  8
AM_9
100
AcDbLine
 10
-6.812000000000003
 20
6.684999999999997
 30
0.0
 11
-6.899792404344089
 21
7.012645713530754
 31
0.0
  0
LINE
  5
2C0
330
1F
100
AcDbEntity
  8
AM_9
100
AcDbLine
 10
-11.05420759565592
 20
7.012645713530754
 30
0.0
 11
-11.142
 21
6.684999999999997
 31
0.0
  0
ARC
  5
2C1
330
1F
100
AcDbEntity
  8
AM_9
100
AcDbCircle
 10
-7.189570152230798
 20
6.935000000000009
 30
0.0
 40
0.2999999999999857
100
AcDbArc
 50
14.99999999999836
 51
56.44269023807973
  0
ARC
  5
2C2
330
1F
100
AcDbEntity
  8
AM_9
100
AcDbCircle
 10
-10.7644298477692
 20
6.935000000000008
 30
0.0
 40
0.2999999999999886
100
AcDbArc
 50
123.5573097619205
 51
165.0000000000014
  0
LINE
  5
2C3
330
1F
100
AcDbEntity
  8
AM_9
100
AcDbLine
 10
-6.812000000000003
 20
7.184999999999999
 30
0.0
 11
-6.899792404344089
 21
7.512645713530755
 31
0.0
  0
LINE
  5
2C4
330
1F
100
AcDbEntity
  8
AM_9
100
AcDbLine
 10
-11.05420759565592
 20
7.512645713530755
 30
0.0
 11
-11.142
 21
7.184999999999999
 31
0.0
  0
LINE
  5
2C5
330
1F
100
AcDbEntity
  8
AM_9
100
AcDbLine
 10
-7.023738912713037
 20
7.184999999999999
 30
0.0
 11
-6.812000000000003
 21
7.184999999999999
 31
0.0
  0
ARC
  5
2C6
330
1F
100
AcDbEntity
  8
AM_9
100
AcDbCircle
 10
-7.189570152230805
 20
7.435000000000007
 30
0.0
 40
0.2999999999999938
100
AcDbArc
 50
14.99999999999883
 51
56.44269023807831
  0
ARC
  5
2C7
330
1F
100
AcDbEntity
  8
AM_9
100
AcDbCircle
 10
-10.7644298477692
 20
7.435000000000008
 30
0.0
 40
0.2999999999999928
100
AcDbArc
 50
123.557309761922
 51
165.0000000000015
  0
LINE
  5
2C8
330
1F
100
AcDbEntity
  8
AM_9
100
AcDbLine
 10
-6.812000000000003
 20
7.684999999999999
 30
0.0
 11
-6.899792404344089
 21
8.012645713530755
 31
0.0
  0
LINE
  5
2C9
330
1F
100
AcDbEntity
  8
AM_9
100
AcDbLine
 10
-11.05420759565592
 20
8.012645713530755
 30
0.0
 11
-11.142
 21
7.684999999999999
 31
0.0
  0
ARC
  5
2CA
330
1F
100
AcDbEntity
  8
AM_9
100
AcDbCircle
 10
-7.189570152230796
 20
7.935000000000014
 30
0.0
 40
0.2999999999999834
100
AcDbArc
 50
14.99999999999795
 51
56.44269023807898
  0
ARC
  5
2CB
330
1F
100
AcDbEntity
  8
AM_9
100
AcDbCircle
 10
-10.7644298477692
 20
7.935000000000009
 30
0.0
 40
0.2999999999999921
100
AcDbArc
 50
123.5573097619221
 51
165.0000000000016
  0
LINE
  5
2CC
330
1F
100
AcDbEntity
  8
AM_9
100
AcDbLine
 10
-6.812000000000003
 20
8.184999999999999
 30
0.0
 11
-6.899792404344089
 21
8.512645713530754
 31
0.0
  0
LINE
  5
2CD
330
1F
100
AcDbEntity
  8
AM_9
100
AcDbLine
 10
-11.05420759565592
 20
8.512645713530754
 30
0.0
 11
-11.142
 21
8.184999999999999
 31
0.0
  0
LINE
  5
2CE
330
1F
100
AcDbEntity
  8
AM_9
100
AcDbLine
 10
-7.023738912713034
 20
8.184999999999999
 30
0.0
 11
-6.812000000000003
 21
8.184999999999999
 31
0.0
  0
LINE
  5
2CF
330
1F
100
AcDbEntity
  8
AM_9
100
AcDbLine
 10
-11.142
 20
8.184999999999999
 30
0.0
 11
-10.93026108728697
 21
8.184999999999999
 31
0.0
  0
LINE
  5
2D0
330
1F
100
AcDbEntity
  8
AM_9
100
AcDbLine
 10
-7.023738912713034
 20
7.684999999999999
 30
0.0
 11
-6.812000000000003
 21
7.684999999999999
 31
0.0
  0
LINE
  5
2D1
330
1F
100
AcDbEntity
  8
AM_9
100
AcDbLine
 10
-11.142
 20
7.684999999999999
 30
0.0
 11
-10.93026108728697
 21
7.684999999999999
 31
0.0
  0
LINE
  5
2D2
330
1F
100
AcDbEntity
  8
AM_9
100
AcDbLine
 10
-7.02373891271303
 20
6.684999999999997
 30
0.0
 11
-6.812000000000003
 21
6.684999999999997
 31
0.0
  0
LINE
  5
2D3
330
1F
100
AcDbEntity
  8
AM_9
100
AcDbLine
 10
-11.142
 20
6.684999999999997
 30
0.0
 11
-10.93026108728697
 21
6.684999999999997
 31
0.0
  0
ARC
  5
2D4
330
1F
100
AcDbEntity
  8
AM_9
100
AcDbCircle
 10
-7.189570152230792
 20
8.435000000000016
 30
0.0
 40
0.2999999999999788
100
AcDbArc
 50
14.99999999999731
 51
56.44269023808002
  0
ARC
  5
2D5
330
1F
100
AcDbEntity
  8
AM_9
100
AcDbCircle
 10
-10.76442984776921
 20
8.435000000000015
 30
0.0
 40
0.2999999999999812
100
AcDbArc
 50
123.5573097619203
 51
165.0000000000025
  0
LINE
  5
2D6
330
1F
100
AcDbEntity
  8
AM_9
100
AcDbLine
 10
-11.05420759565592
 20
9.012645713530755
 30
0.0
 11
-11.142
 21
8.685
 31
0.0
  0
ARC
  5
2D7
330
1F
100
AcDbEntity
  8
AM_9
100
AcDbCircle
 10
-7.18957015223079
 20
8.935000000000016
 30
0.0
 40
0.2999999999999767
100
AcDbArc
 50
14.99999999999777
 51
56.44269023807893
  0
LINE
  5
2D8
330
1F
100
AcDbEntity
  8
AM_9
100
AcDbLine
 10
-6.812000000000003
 20
9.184999999999997
 30
0.0
 11
-6.899792404344089
 21
9.512645713530754
 31
0.0
  0
LINE
  5
2D9
330
1F
100
AcDbEntity
  8
AM_9
100
AcDbLine
 10
-11.05420759565592
 20
9.512645713530754
 30
0.0
 11
-11.142
 21
9.184999999999997
 31
0.0
  0
LINE
  5
2DA
330
1F
100
AcDbEntity
  8
AM_9
100
AcDbLine
 10
-7.02373891271303
 20
9.184999999999997
 30
0.0
 11
-6.812000000000003
 21
9.184999999999997
 31
0.0
  0
ARC
  5
2DB
330
1F
100
AcDbEntity
  8
AM_9
100
AcDbCircle
 10
-10.7644298477692
 20
9.435000000000008
 30
0.0
 40
0.2999999999999896
100
AcDbArc
 50
123.5573097619208
 51
165.0000000000016
  0
LINE
  5
2DC
330
1F
100
AcDbEntity
  8
AM_9
100
AcDbLine
 10
-6.812000000000003
 20
9.684999999999999
 30
0.0
 11
-6.899792404344089
 21
10.01264571353076
 31
0.0
  0
ARC
  5
2DD
330
1F
100
AcDbEntity
  8
AM_9
100
AcDbCircle
 10
-7.189570152230783
 20
9.935000000000022
 30
0.0
 40
0.2999999999999693
100
AcDbArc
 50
14.99999999999709
 51
56.44269023808012
  0
ARC
  5
2DE
330
1F
100
AcDbEntity
  8
AM_9
100
AcDbCircle
 10
-10.76442984776921
 20
9.935000000000018
 30
0.0
 40
0.2999999999999778
100
AcDbArc
 50
123.5573097619211
 51
165.0000000000027
  0
LINE
  5
2DF
330
1F
100
AcDbEntity
  8
AM_9
100
AcDbLine
 10
-6.812000000000003
 20
10.185
 30
0.0
 11
-6.899792404344089
 21
10.51264571353076
 31
0.0
  0
LINE
  5
2E0
330
1F
100
AcDbEntity
  8
AM_9
100
AcDbLine
 10
-6.292207595655914
 20
25.78264571353075
 30
0.0
 11
-6.380000000000003
 21
25.455
 31
0.0
  0
LINE
  5
2E1
330
1F
100
AcDbEntity
  8
AM_9
100
AcDbLine
 10
-6.812000000000003
 20
12.185
 30
0.0
 11
-6.899792404344089
 21
12.51264571353076
 31
0.0
  0
LINE
  5
2E2
330
1F
100
AcDbEntity
  8
AM_9
100
AcDbLine
 10
-11.05420759565592
 20
12.51264571353076
 30
0.0
 11
-11.142
 21
12.185
 31
0.0
  0
LINE
  5
2E3
330
1F
100
AcDbEntity
  8
AM_9
100
AcDbLine
 10
-7.023738912713034
 20
12.185
 30
0.0
 11
-6.812000000000003
 21
12.185
 31
0.0
  0
LINE
  5
2E4
330
1F
100
AcDbEntity
  8
AM_9
100
AcDbLine
 10
-11.142
 20
12.185
 30
0.0
 11
-10.93026108728697
 21
12.185
 31
0.0
  0
LINE
  5
2E5
330
1F
100
AcDbEntity
  8
AM_9
100
AcDbLine
 10
-7.023738912713037
 20
11.685
 30
0.0
 11
-6.812000000000003
 21
11.685
 31
0.0
  0
LINE
  5
2E6
330
1F
100
AcDbEntity
  8
AM_9
100
AcDbLine
 10
-11.142
 20
11.685
 30
0.0
 11
-10.93026108728697
 21
11.685
 31
0.0
  0
LINE
  5
2E7
330
1F
100
AcDbEntity
  8
AM_9
100
AcDbLine
 10
-7.023738912713034
 20
10.685
 30
0.0
 11
-6.812000000000003
 21
10.685
 31
0.0
  0
LINE
  5
2E8
330
1F
100
AcDbEntity
  8
AM_9
100
AcDbLine
 10
-11.142
 20
10.685
 30
0.0
 11
-10.93026108728697
 21
10.685
 31
0.0
  0
ARC
  5
2E9
330
1F
100
AcDbEntity
  8
AM_9
100
AcDbCircle
 10
-7.189570152230783
 20
12.43500000000002
 30
0.0
 40
0.2999999999999693
100
AcDbArc
 50
14.99999999999709
 51
56.44269023808012
  0
ARC
  5
2EA
330
1F
100
AcDbEntity
  8
AM_9
100
AcDbCircle
 10
-10.76442984776921
 20
12.43500000000002
 30
0.0
 40
0.2999999999999778
100
AcDbArc
 50
123.5573097619211
 51
165.0000000000027
  0
LINE
  5
2EB
330
1F
100
AcDbEntity
  8
AM_9
100
AcDbLine
 10
-6.812000000000003
 20
12.685
 30
0.0
 11
-6.899792404344089
 21
13.01264571353076
 31
0.0
  0
LINE
  5
2EC
330
1F
100
AcDbEntity
  8
AM_9
100
AcDbLine
 10
-11.05420759565592
 20
13.01264571353076
 30
0.0
 11
-11.142
 21
12.685
 31
0.0
  0
ARC
  5
2ED
330
1F
100
AcDbEntity
  8
AM_9
100
AcDbCircle
 10
-7.189570152230796
 20
12.93500000000001
 30
0.0
 40
0.2999999999999831
100
AcDbArc
 50
14.99999999999779
 51
56.44269023807887
  0
ARC
  5
2EE
330
1F
100
AcDbEntity
  8
AM_9
100
AcDbCircle
 10
-10.7644298477692
 20
12.93500000000001
 30
0.0
 40
0.2999999999999921
100
AcDbArc
 50
123.5573097619221
 51
165.0000000000016
  0
LINE
  5
2EF
330
1F
100
AcDbEntity
  8
AM_9
100
AcDbLine
 10
-6.812000000000003
 20
13.185
 30
0.0
 11
-6.899792404344089
 21
13.51264571353075
 31
0.0
  0
LINE
  5
2F0
330
1F
100
AcDbEntity
  8
AM_9
100
AcDbLine
 10
-11.05420759565592
 20
13.51264571353075
 30
0.0
 11
-11.142
 21
13.185
 31
0.0
  0
LINE
  5
2F1
330
1F
100
AcDbEntity
  8
AM_9
100
AcDbLine
 10
-7.023738912713034
 20
13.185
 30
0.0
 11
-6.812000000000003
 21
13.185
 31
0.0
  0
LINE
  5
2F2
330
1F
100
AcDbEntity
  8
AM_9
100
AcDbLine
 10
-11.142
 20
13.185
 30
0.0
 11
-10.93026108728697
 21
13.185
 31
0.0
  0
ARC
  5
2F3
330
1F
100
AcDbEntity
  8
AM_9
100
AcDbCircle
 10
-7.189570152230804
 20
13.43500000000001
 30
0.0
 40
0.2999999999999927
100
AcDbArc
 50
14.99999999999871
 51
56.44269023807855
  0
ARC
  5
2F4
330
1F
100
AcDbEntity
  8
AM_9
100
AcDbCircle
 10
-10.7644298477692
 20
13.43500000000001
 30
0.0
 40
0.2999999999999906
100
AcDbArc
 50
123.5573097619223
 51
165.0000000000023
  0
LINE
  5
2F5
330
1F
100
AcDbEntity
  8
AM_9
100
AcDbLine
 10
-6.812000000000003
 20
13.685
 30
0.0
 11
-6.899792404344089
 21
14.01264571353075
 31
0.0
  0
LINE
  5
2F6
330
1F
100
AcDbEntity
  8
AM_9
100
AcDbLine
 10
-11.05420759565592
 20
14.01264571353075
 30
0.0
 11
-11.142
 21
13.685
 31
0.0
  0
ARC
  5
2F7
330
1F
100
AcDbEntity
  8
AM_9
100
AcDbCircle
 10
-7.189570152230818
 20
13.935
 30
0.0
 40
0.3000000000000078
100
AcDbArc
 50
14.99999999999899
 51
56.4426902380776
  0
ARC
  5
2F8
330
1F
100
AcDbEntity
  8
AM_9
100
AcDbCircle
 10
-10.76442984776921
 20
13.93500000000001
 30
0.0
 40
0.2999999999999812
100
AcDbArc
 50
123.5573097619203
 51
165.0000000000025
  0
LINE
  5
2F9
330
1F
100
AcDbEntity
  8
AM_9
100
AcDbLine
 10
-6.812000000000003
 20
14.185
 30
0.0
 11
-6.899792404344089
 21
14.51264571353076
 31
0.0
  0
LINE
  5
2FA
330
1F
100
AcDbEntity
  8
AM_9
100
AcDbLine
 10
-11.05420759565592
 20
14.51264571353076
 30
0.0
 11
-11.142
 21
14.185
 31
0.0
  0
LINE
  5
2FB
330
1F
100
AcDbEntity
  8
AM_9
100
AcDbLine
 10
-7.023738912713037
 20
14.185
 30
0.0
 11
-6.812000000000003
 21
14.185
 31
0.0
  0
LINE
  5
2FC
330
1F
100
AcDbEntity
  8
AM_9
100
AcDbLine
 10
-11.142
 20
14.185
 30
0.0
 11
-10.93026108728697
 21
14.185
 31
0.0
  0
LINE
  5
2FD
330
1F
100
AcDbEntity
  8
AM_9
100
AcDbLine
 10
-7.023738912713034
 20
13.685
 30
0.0
 11
-6.812000000000003
 21
13.685
 31
0.0
  0
LINE
  5
2FE
330
1F
100
AcDbEntity
  8
AM_9
100
AcDbLine
 10
-11.142
 20
13.685
 30
0.0
 11
-10.93026108728697
 21
13.685
 31
0.0
  0
ARC
  5
2FF
330
1F
100
AcDbEntity
  8
AM_9
100
AcDbCircle
 10
-7.189570152230783
 20
14.43500000000002
 30
0.0
 40
0.2999999999999693
100
AcDbArc
 50
14.99999999999709
 51
56.44269023808012
  0
ARC
  5
300
330
1F
100
AcDbEntity
  8
AM_9
100
AcDbCircle
 10
-10.76442984776921
 20
14.43500000000002
 30
0.0
 40
0.2999999999999778
100
AcDbArc
 50
123.5573097619211
 51
165.0000000000027
  0
LINE
  5
301
330
1F
100
AcDbEntity
  8
AM_9
100
AcDbLine
 10
-6.812000000000003
 20
14.685
 30
0.0
 11
-6.899792404344089
 21
15.01264571353076
 31
0.0
  0
LINE
  5
302
330
1F
100
AcDbEntity
  8
AM_9
100
AcDbLine
 10
-11.05420759565592
 20
15.01264571353076
 30
0.0
 11
-11.142
 21
14.685
 31
0.0
  0
ARC
  5
303
330
1F
100
AcDbEntity
  8
AM_9
100
AcDbCircle
 10
-7.189570152230783
 20
14.93500000000002
 30
0.0
 40
0.2999999999999693
100
AcDbArc
 50
14.99999999999709
 51
56.44269023808012
  0
ARC
  5
304
330
1F
100
AcDbEntity
  8
AM_9
100
AcDbCircle
 10
-10.76442984776921
 20
14.93500000000002
 30
0.0
 40
0.2999999999999778
100
AcDbArc
 50
123.5573097619211
 51
165.0000000000027
  0
LINE
  5
305
330
1F
100
AcDbEntity
  8
AM_9
100
AcDbLine
 10
-6.812000000000003
 20
15.185
 30
0.0
 11
-6.899792404344089
 21
15.51264571353076
 31
0.0
  0
LINE
  5
306
330
1F
100
AcDbEntity
  8
AM_9
100
AcDbLine
 10
-11.05420759565592
 20
15.51264571353076
 30
0.0
 11
-11.142
 21
15.185
 31
0.0
  0
LINE
  5
307
330
1F
100
AcDbEntity
  8
AM_9
100
AcDbLine
 10
-7.023738912713034
 20
15.185
 30
0.0
 11
-6.812000000000003
 21
15.185
 31
0.0
  0
LINE
  5
308
330
1F
100
AcDbEntity
  8
AM_9
100
AcDbLine
 10
-11.142
 20
15.185
 30
0.0
 11
-10.93026108728697
 21
15.185
 31
0.0
  0
ARC
  5
309
330
1F
100
AcDbEntity
  8
AM_9
100
AcDbCircle
 10
-7.189570152230796
 20
15.43500000000001
 30
0.0
 40
0.2999999999999831
100
AcDbArc
 50
14.99999999999779
 51
56.44269023807887
  0
ARC
  5
30A
330
1F
100
AcDbEntity
  8
AM_9
100
AcDbCircle
 10
-10.7644298477692
 20
15.43500000000001
 30
0.0
 40
0.2999999999999921
100
AcDbArc
 50
123.5573097619221
 51
165.0000000000016
  0
LINE
  5
30B
330
1F
100
AcDbEntity
  8
AM_9
100
AcDbLine
 10
-6.812000000000003
 20
15.685
 30
0.0
 11
-6.899792404344089
 21
16.01264571353076
 31
0.0
  0
LINE
  5
30C
330
1F
100
AcDbEntity
  8
AM_9
100
AcDbLine
 10
-11.05420759565592
 20
16.01264571353076
 30
0.0
 11
-11.142
 21
15.685
 31
0.0
  0
ARC
  5
30D
330
1F
100
AcDbEntity
  8
AM_9
100
AcDbCircle
 10
-7.189570152230783
 20
15.93500000000002
 30
0.0
 40
0.2999999999999693
100
AcDbArc
 50
14.99999999999709
 51
56.44269023808012
  0
ARC
  5
30E
330
1F
100
AcDbEntity
  8
AM_9
100
AcDbCircle
 10
-10.7644298477692
 20
15.93500000000001
 30
0.0
 40
0.2999999999999857
100
AcDbArc
 50
123.5573097619221
 51
165.0000000000024
  0
LINE
  5
30F
330
1F
100
AcDbEntity
  8
AM_9
100
AcDbLine
 10
-6.812000000000003
 20
16.185
 30
0.0
 11
-6.899792404344089
 21
16.51264571353076
 31
0.0
  0
LINE
  5
310
330
1F
100
AcDbEntity
  8
AM_9
100
AcDbLine
 10
-11.05420759565592
 20
16.51264571353076
 30
0.0
 11
-11.142
 21
16.185
 31
0.0
  0
LINE
  5
311
330
1F
100
AcDbEntity
  8
AM_9
100
AcDbLine
 10
-7.023738912713034
 20
16.185
 30
0.0
 11
-6.812000000000003
 21
16.185
 31
0.0
  0
LINE
  5
312
330
1F
100
AcDbEntity
  8
AM_9
100
AcDbLine
 10
-11.142
 20
16.185
 30
0.0
 11
-10.93026108728697
 21
16.185
 31
0.0
  0
LINE
  5
313
330
1F
100
AcDbEntity
  8
AM_9
100
AcDbLine
 10
-7.023738912713034
 20
15.685
 30
0.0
 11
-6.812000000000003
 21
15.685
 31
0.0
  0
LINE
  5
314
330
1F
100
AcDbEntity
  8
AM_9
100
AcDbLine
 10
-11.142
 20
15.685
 30
0.0
 11
-10.93026108728697
 21
15.685
 31
0.0
  0
LINE
  5
315
330
1F
100
AcDbEntity
  8
AM_9
100
AcDbLine
 10
-7.023738912713034
 20
14.685
 30
0.0
 11
-6.812000000000003
 21
14.685
 31
0.0
  0
LINE
  5
316
330
1F
100
AcDbEntity
  8
AM_9
100
AcDbLine
 10
-11.142
 20
14.685
 30
0.0
 11
-10.93026108728697
 21
14.685
 31
0.0
  0
LINE
  5
317
330
1F
100
AcDbEntity
  8
AM_9
100
AcDbLine
 10
-7.023738912713034
 20
12.685
 30
0.0
 11
-6.812000000000003
 21
12.685
 31
0.0
  0
LINE
  5
318
330
1F
100
AcDbEntity
  8
AM_9
100
AcDbLine
 10
-11.142
 20
12.685
 30
0.0
 11
-10.93026108728697
 21
12.685
 31
0.0
  0
ARC
  5
319
330
1F
100
AcDbEntity
  8
AM_9
100
AcDbCircle
 10
-7.189570152230845
 20
16.43499999999998
 30
0.0
 40
0.300000000000039
100
AcDbArc
 50
15.0000000000016
 51
56.44269023807468
  0
ARC
  5
31A
330
1F
100
AcDbEntity
  8
AM_9
100
AcDbCircle
 10
-10.76442984776916
 20
16.43499999999998
 30
0.0
 40
0.3000000000000373
100
AcDbArc
 50
123.5573097619253
 51
164.9999999999983
  0
LINE
  5
31B
330
1F
100
AcDbEntity
  8
AM_9
100
AcDbLine
 10
-6.812000000000003
 20
16.685
 30
0.0
 11
-6.899792404344089
 21
17.01264571353076
 31
0.0
  0
LINE
  5
31C
330
1F
100
AcDbEntity
  8
AM_9
100
AcDbLine
 10
-11.05420759565592
 20
17.01264571353076
 30
0.0
 11
-11.142
 21
16.685
 31
0.0
  0
ARC
  5
31D
330
1F
100
AcDbEntity
  8
AM_9
100
AcDbCircle
 10
-7.189570152230806
 20
16.935
 30
0.0
 40
0.2999999999999958
100
AcDbArc
 50
14.9999999999996
 51
56.44269023807921
  0
ARC
  5
31E
330
1F
100
AcDbEntity
  8
AM_9
100
AcDbCircle
 10
-10.76442984776921
 20
16.93500000000001
 30
0.0
 40
0.2999999999999813
100
AcDbArc
 50
123.557309761919
 51
165.0000000000009
  0
LINE
  5
31F
330
1F
100
AcDbEntity
  8
AM_9
100
AcDbLine
 10
-6.812000000000003
 20
17.185
 30
0.0
 11
-6.899792404344089
 21
17.51264571353076
 31
0.0
  0
LINE
  5
320
330
1F
100
AcDbEntity
  8
AM_9
100
AcDbLine
 10
-11.05420759565592
 20
17.51264571353076
 30
0.0
 11
-11.142
 21
17.185
 31
0.0
  0
LINE
  5
321
330
1F
100
AcDbEntity
  8
AM_9
100
AcDbLine
 10
-7.023738912713037
 20
17.185
 30
0.0
 11
-6.812000000000003
 21
17.185
 31
0.0
  0
LINE
  5
322
330
1F
100
AcDbEntity
  8
AM_9
100
AcDbLine
 10
-11.142
 20
17.185
 30
0.0
 11
-10.93026108728697
 21
17.185
 31
0.0
  0
ARC
  5
323
330
1F
100
AcDbEntity
  8
AM_9
100
AcDbCircle
 10
-7.189570152230783
 20
17.43500000000002
 30
0.0
 40
0.2999999999999688
100
AcDbArc
 50
14.99999999999676
 51
56.44269023807992
  0
ARC
  5
324
330
1F
100
AcDbEntity
  8
AM_9
100
AcDbCircle
 10
-10.7644298477692
 20
17.43500000000001
 30
0.0
 40
0.2999999999999871
100
AcDbArc
 50
123.5573097619219
 51
165.0000000000021
  0
LINE
  5
325
330
1F
100
AcDbEntity
  8
AM_9
100
AcDbLine
 10
-6.812000000000003
 20
17.685
 30
0.0
 11
-6.899792404344089
 21
18.01264571353076
 31
0.0
  0
LINE
  5
326
330
1F
100
AcDbEntity
  8
AM_9
100
AcDbLine
 10
-11.05420759565592
 20
18.01264571353076
 30
0.0
 11
-11.142
 21
17.685
 31
0.0
  0
ARC
  5
327
330
1F
100
AcDbEntity
  8
AM_9
100
AcDbCircle
 10
-7.189570152230783
 20
17.93500000000002
 30
0.0
 40
0.2999999999999688
100
AcDbArc
 50
14.99999999999676
 51
56.44269023807992
  0
ARC
  5
328
330
1F
100
AcDbEntity
  8
AM_9
100
AcDbCircle
 10
-10.7644298477692
 20
17.93500000000001
 30
0.0
 40
0.2999999999999871
100
AcDbArc
 50
123.5573097619219
 51
165.0000000000021
  0
LINE
  5
329
330
1F
100
AcDbEntity
  8
AM_9
100
AcDbLine
 10
-6.812000000000003
 20
18.185
 30
0.0
 11
-6.899792404344089
 21
18.51264571353076
 31
0.0
  0
LINE
  5
32A
330
1F
100
AcDbEntity
  8
AM_9
100
AcDbLine
 10
-11.05420759565592
 20
18.51264571353076
 30
0.0
 11
-11.142
 21
18.185
 31
0.0
  0
LINE
  5
32B
330
1F
100
AcDbEntity
  8
AM_9
100
AcDbLine
 10
-7.023738912713034
 20
18.185
 30
0.0
 11
-6.812000000000003
 21
18.185
 31
0.0
  0
LINE
  5
32C
330
1F
100
AcDbEntity
  8
AM_9
100
AcDbLine
 10
-11.142
 20
18.185
 30
0.0
 11
-10.93026108728697
 21
18.185
 31
0.0
  0
LINE
  5
32D
330
1F
100
AcDbEntity
  8
AM_9
100
AcDbLine
 10
-7.023738912713034
 20
17.685
 30
0.0
 11
-6.812000000000003
 21
17.685
 31
0.0
  0
LINE
  5
32E
330
1F
100
AcDbEntity
  8
AM_9
100
AcDbLine
 10
-11.142
 20
17.685
 30
0.0
 11
-10.93026108728697
 21
17.685
 31
0.0
  0
ARC
  5
32F
330
1F
100
AcDbEntity
  8
AM_9
100
AcDbCircle
 10
-7.189570152230783
 20
18.43500000000002
 30
0.0
 40
0.2999999999999688
100
AcDbArc
 50
14.99999999999676
 51
56.44269023807992
  0
ARC
  5
330
330
1F
100
AcDbEntity
  8
AM_9
100
AcDbCircle
 10
-10.7644298477692
 20
18.43500000000001
 30
0.0
 40
0.2999999999999871
100
AcDbArc
 50
123.5573097619219
 51
165.0000000000021
  0
LINE
  5
331
330
1F
100
AcDbEntity
  8
AM_9
100
AcDbLine
 10
-6.812000000000003
 20
18.685
 30
0.0
 11
-6.899792404344089
 21
19.01264571353076
 31
0.0
  0
LINE
  5
332
330
1F
100
AcDbEntity
  8
AM_9
100
AcDbLine
 10
-11.05420759565592
 20
19.01264571353076
 30
0.0
 11
-11.142
 21
18.685
 31
0.0
  0
ARC
  5
333
330
1F
100
AcDbEntity
  8
AM_9
100
AcDbCircle
 10
-7.189570152230783
 20
18.93500000000002
 30
0.0
 40
0.2999999999999688
100
AcDbArc
 50
14.99999999999676
 51
56.44269023807992
  0
ARC
  5
334
330
1F
100
AcDbEntity
  8
AM_9
100
AcDbCircle
 10
-10.7644298477692
 20
18.93500000000001
 30
0.0
 40
0.2999999999999871
100
AcDbArc
 50
123.5573097619219
 51
165.0000000000021
  0
LINE
  5
335
330
1F
100
AcDbEntity
  8
AM_9
100
AcDbLine
 10
-6.812000000000003
 20
19.185
 30
0.0
 11
-6.899792404344089
 21
19.51264571353076
 31
0.0
  0
LINE
  5
336
330
1F
100
AcDbEntity
  8
AM_9
100
AcDbLine
 10
-11.05420759565592
 20
19.51264571353076
 30
0.0
 11
-11.142
 21
19.185
 31
0.0
  0
LINE
  5
337
330
1F
100
AcDbEntity
  8
AM_9
100
AcDbLine
 10
-7.023738912713034
 20
19.185
 30
0.0
 11
-6.812000000000003
 21
19.185
 31
0.0
  0
LINE
  5
338
330
1F
100
AcDbEntity
  8
AM_9
100
AcDbLine
 10
-11.142
 20
19.185
 30
0.0
 11
-10.93026108728697
 21
19.185
 31
0.0
  0
ARC
  5
339
330
1F
100
AcDbEntity
  8
AM_9
100
AcDbCircle
 10
-7.189570152230806
 20
19.435
 30
0.0
 40
0.2999999999999958
100
AcDbArc
 50
14.9999999999996
 51
56.44269023807921
  0
ARC
  5
33A
330
1F
100
AcDbEntity
  8
AM_9
100
AcDbCircle
 10
-10.76442984776921
 20
19.43500000000001
 30
0.0
 40
0.2999999999999813
100
AcDbArc
 50
123.557309761919
 51
165.0000000000009
  0
LINE
  5
33B
330
1F
100
AcDbEntity
  8
AM_9
100
AcDbLine
 10
-6.812000000000003
 20
19.685
 30
0.0
 11
-6.899792404344089
 21
20.01264571353076
 31
0.0
  0
LINE
  5
33C
330
1F
100
AcDbEntity
  8
AM_9
100
AcDbLine
 10
-11.05420759565592
 20
20.01264571353076
 30
0.0
 11
-11.142
 21
19.685
 31
0.0
  0
ARC
  5
33D
330
1F
100
AcDbEntity
  8
AM_9
100
AcDbCircle
 10
-7.189570152230798
 20
19.93500000000001
 30
0.0
 40
0.2999999999999871
100
AcDbArc
 50
14.99999999999864
 51
56.44269023807809
  0
ARC
  5
33E
330
1F
100
AcDbEntity
  8
AM_9
100
AcDbCircle
 10
-10.76442984776921
 20
19.93500000000001
 30
0.0
 40
0.2999999999999871
100
AcDbArc
 50
123.5573097619219
 51
165.0000000000014
  0
LINE
  5
33F
330
1F
100
AcDbEntity
  8
AM_9
100
AcDbLine
 10
-6.812000000000003
 20
20.185
 30
0.0
 11
-6.899792404344089
 21
20.51264571353075
 31
0.0
  0
LINE
  5
340
330
1F
100
AcDbEntity
  8
AM_9
100
AcDbLine
 10
-11.05420759565592
 20
20.51264571353075
 30
0.0
 11
-11.142
 21
20.185
 31
0.0
  0
LINE
  5
341
330
1F
100
AcDbEntity
  8
AM_9
100
AcDbLine
 10
-7.02373891271303
 20
20.185
 30
0.0
 11
-6.812000000000003
 21
20.185
 31
0.0
  0
LINE
  5
342
330
1F
100
AcDbEntity
  8
AM_9
100
AcDbLine
 10
-11.142
 20
20.185
 30
0.0
 11
-10.93026108728697
 21
20.185
 31
0.0
  0
LINE
  5
343
330
1F
100
AcDbEntity
  8
AM_9
100
AcDbLine
 10
-7.023738912713037
 20
19.685
 30
0.0
 11
-6.812000000000003
 21
19.685
 31
0.0
  0
LINE
  5
344
330
1F
100
AcDbEntity
  8
AM_9
100
AcDbLine
 10
-11.142
 20
19.685
 30
0.0
 11
-10.93026108728697
 21
19.685
 31
0.0
  0
LINE
  5
345
330
1F
100
AcDbEntity
  8
AM_9
100
AcDbLine
 10
-7.023738912713034
 20
18.685
 30
0.0
 11
-6.812000000000003
 21
18.685
 31
0.0
  0
LINE
  5
346
330
1F
100
AcDbEntity
  8
AM_9
100
AcDbLine
 10
-11.142
 20
18.685
 30
0.0
 11
-10.93026108728697
 21
18.685
 31
0.0
  0
ARC
  5
347
330
1F
100
AcDbEntity
  8
AM_9
100
AcDbCircle
 10
-7.189570152230761
 20
20.43500000000004
 30
0.0
 40
0.2999999999999428
100
AcDbArc
 50
14.99999999999459
 51
56.44269023808253
  0
ARC
  5
348
330
1F
100
AcDbEntity
  8
AM_9
100
AcDbCircle
 10
-10.76442984776924
 20
20.43500000000004
 30
0.0
 40
0.2999999999999419
100
AcDbArc
 50
123.5573097619175
 51
165.0000000000054
  0
LINE
  5
349
330
1F
100
AcDbEntity
  8
AM_9
100
AcDbLine
 10
-6.812000000000003
 20
20.685
 30
0.0
 11
-6.899792404344089
 21
21.01264571353076
 31
0.0
  0
LINE
  5
34A
330
1F
100
AcDbEntity
  8
AM_9
100
AcDbLine
 10
-11.05420759565592
 20
21.01264571353076
 30
0.0
 11
-11.142
 21
20.685
 31
0.0
  0
ARC
  5
34B
330
1F
100
AcDbEntity
  8
AM_9
100
AcDbCircle
 10
-7.189570152230787
 20
20.93500000000001
 30
0.0
 40
0.2999999999999759
100
AcDbArc
 50
14.99999999999921
 51
56.44269023808143
  0
ARC
  5
34C
330
1F
100
AcDbEntity
  8
AM_9
100
AcDbCircle
 10
-10.76442984776921
 20
20.93500000000001
 30
0.0
 40
0.2999999999999813
100
AcDbArc
 50
123.557309761919
 51
165.0000000000009
  0
LINE
  5
34D
330
1F
100
AcDbEntity
  8
AM_9
100
AcDbLine
 10
-6.812000000000003
 20
21.185
 30
0.0
 11
-6.899792404344089
 21
21.51264571353076
 31
0.0
  0
LINE
  5
34E
330
1F
100
AcDbEntity
  8
AM_9
100
AcDbLine
 10
-11.05420759565592
 20
21.51264571353076
 30
0.0
 11
-11.142
 21
21.185
 31
0.0
  0
LINE
  5
34F
330
1F
100
AcDbEntity
  8
AM_9
100
AcDbLine
 10
-7.023738912713037
 20
21.185
 30
0.0
 11
-6.812000000000003
 21
21.185
 31
0.0
  0
LINE
  5
350
330
1F
100
AcDbEntity
  8
AM_9
100
AcDbLine
 10
-11.142
 20
21.185
 30
0.0
 11
-10.93026108728697
 21
21.185
 31
0.0
  0
ARC
  5
351
330
1F
100
AcDbEntity
  8
AM_9
100
AcDbCircle
 10
-7.189570152230779
 20
21.43500000000003
 30
0.0
 40
0.2999999999999617
100
AcDbArc
 50
14.99999999999502
 51
56.44269023807894
  0
ARC
  5
352
330
1F
100
AcDbEntity
  8
AM_9
100
AcDbCircle
 10
-10.76442984776923
 20
21.43500000000003
 30
0.0
 40
0.2999999999999576
100
AcDbArc
 50
123.5573097619208
 51
165.0000000000049
  0
LINE
  5
353
330
1F
100
AcDbEntity
  8
AM_9
100
AcDbLine
 10
-6.812000000000003
 20
21.685
 30
0.0
 11
-6.899792404344089
 21
22.01264571353076
 31
0.0
  0
LINE
  5
354
330
1F
100
AcDbEntity
  8
AM_9
100
AcDbLine
 10
-11.05420759565592
 20
22.01264571353076
 30
0.0
 11
-11.142
 21
21.685
 31
0.0
  0
ARC
  5
355
330
1F
100
AcDbEntity
  8
AM_9
100
AcDbCircle
 10
-7.189570152230787
 20
21.93500000000001
 30
0.0
 40
0.2999999999999759
100
AcDbArc
 50
14.99999999999921
 51
56.44269023808143
  0
ARC
  5
356
330
1F
100
AcDbEntity
  8
AM_9
100
AcDbCircle
 10
-10.76442984776921
 20
21.93500000000001
 30
0.0
 40
0.2999999999999813
100
AcDbArc
 50
123.557309761919
 51
165.0000000000009
  0
LINE
  5
357
330
1F
100
AcDbEntity
  8
AM_9
100
AcDbLine
 10
-6.812000000000003
 20
22.185
 30
0.0
 11
-6.899792404344089
 21
22.51264571353076
 31
0.0
  0
LINE
  5
358
330
1F
100
AcDbEntity
  8
AM_9
100
AcDbLine
 10
-11.05420759565592
 20
22.51264571353076
 30
0.0
 11
-11.142
 21
22.185
 31
0.0
  0
LINE
  5
359
330
1F
100
AcDbEntity
  8
AM_9
100
AcDbLine
 10
-7.023738912713037
 20
22.185
 30
0.0
 11
-6.812000000000003
 21
22.185
 31
0.0
  0
LINE
  5
35A
330
1F
100
AcDbEntity
  8
AM_9
100
AcDbLine
 10
-11.142
 20
22.185
 30
0.0
 11
-10.93026108728697
 21
22.185
 31
0.0
  0
LINE
  5
35B
330
1F
100
AcDbEntity
  8
AM_9
100
AcDbLine
 10
-7.02373891271303
 20
21.685
 30
0.0
 11
-6.812000000000003
 21
21.685
 31
0.0
  0
LINE
  5
35C
330
1F
100
AcDbEntity
  8
AM_9
100
AcDbLine
 10
-11.142
 20
21.685
 30
0.0
 11
-10.93026108728697
 21
21.685
 31
0.0
  0
ARC
  5
35D
330
1F
100
AcDbEntity
  8
AM_9
100
AcDbCircle
 10
-7.189570152230798
 20
22.43500000000001
 30
0.0
 40
0.2999999999999871
100
AcDbArc
 50
14.99999999999864
 51
56.44269023807809
  0
ARC
  5
35E
330
1F
100
AcDbEntity
  8
AM_9
100
AcDbCircle
 10
-10.76442984776921
 20
22.43500000000001
 30
0.0
 40
0.2999999999999871
100
AcDbArc
 50
123.5573097619219
 51
165.0000000000014
  0
LINE
  5
35F
330
1F
100
AcDbEntity
  8
AM_9
100
AcDbLine
 10
-6.812000000000003
 20
22.685
 30
0.0
 11
-6.899792404344089
 21
23.01264571353075
 31
0.0
  0
LINE
  5
360
330
1F
100
AcDbEntity
  8
AM_9
100
AcDbLine
 10
-11.05420759565592
 20
23.01264571353075
 30
0.0
 11
-11.142
 21
22.685
 31
0.0
  0
ARC
  5
361
330
1F
100
AcDbEntity
  8
AM_9
100
AcDbCircle
 10
-7.189570152230761
 20
22.93500000000004
 30
0.0
 40
0.2999999999999428
100
AcDbArc
 50
14.99999999999459
 51
56.44269023808253
  0
ARC
  5
362
330
1F
100
AcDbEntity
  8
AM_9
100
AcDbCircle
 10
-10.76442984776924
 20
22.93500000000004
 30
0.0
 40
0.2999999999999419
100
AcDbArc
 50
123.5573097619175
 51
165.0000000000054
  0
ARC
  5
363
330
1F
100
AcDbEntity
  8
AM_9
100
AcDbCircle
 10
-7.189570152230796
 20
10.43500000000001
 30
0.0
 40
0.2999999999999831
100
AcDbArc
 50
14.99999999999779
 51
56.44269023807887
  0
ARC
  5
364
330
1F
100
AcDbEntity
  8
AM_9
100
AcDbCircle
 10
-10.7644298477692
 20
10.43500000000001
 30
0.0
 40
0.2999999999999921
100
AcDbArc
 50
123.5573097619221
 51
165.0000000000016
  0
LINE
  5
365
330
1F
100
AcDbEntity
  8
AM_9
100
AcDbLine
 10
-6.812000000000003
 20
10.685
 30
0.0
 11
-6.899792404344089
 21
11.01264571353075
 31
0.0
  0
LINE
  5
366
330
1F
100
AcDbEntity
  8
AM_9
100
AcDbLine
 10
-11.142
 20
9.684999999999999
 30
0.0
 11
-10.93026108728697
 21
9.684999999999999
 31
0.0
  0
LINE
  5
367
330
1F
100
AcDbEntity
  8
AM_9
100
AcDbLine
 10
-7.023738912713037
 20
9.684999999999999
 30
0.0
 11
-6.812000000000003
 21
9.684999999999999
 31
0.0
  0
LINE
  5
368
330
1F
100
AcDbEntity
  8
AM_9
100
AcDbLine
 10
-11.05420759565592
 20
10.01264571353076
 30
0.0
 11
-11.142
 21
9.684999999999999
 31
0.0
  0
LINE
  5
369
330
1F
100
AcDbEntity
  8
AM_9
100
AcDbLine
 10
-7.023738912713034
 20
10.185
 30
0.0
 11
-6.812000000000003
 21
10.185
 31
0.0
  0
LINE
  5
36A
330
1F
100
AcDbEntity
  8
AM_9
100
AcDbLine
 10
-11.142
 20
10.185
 30
0.0
 11
-10.93026108728697
 21
10.185
 31
0.0
  0
LINE
  5
36B
330
1F
100
AcDbEntity
  8
AM_9
100
AcDbLine
 10
-11.05420759565592
 20
10.51264571353076
 30
0.0
 11
-11.142
 21
10.185
 31
0.0
  0
LINE
  5
36C
330
1F
100
AcDbEntity
  8
AM_9
100
AcDbLine
 10
-11.05420759565592
 20
11.01264571353075
 30
0.0
 11
-11.142
 21
10.685
 31
0.0
  0
ARC
  5
36D
330
1F
100
AcDbEntity
  8
AM_9
100
AcDbCircle
 10
-7.189570152230799
 20
9.435000000000008
 30
0.0
 40
0.2999999999999879
100
AcDbArc
 50
14.99999999999859
 51
56.44269023807963
  0
LINE
  5
36E
330
1F
100
AcDbEntity
  8
AM_9
100
AcDbLine
 10
-11.142
 20
9.184999999999997
 30
0.0
 11
-10.93026108728697
 21
9.184999999999997
 31
0.0
  0
ARC
  5
36F
330
1F
100
AcDbEntity
  8
AM_9
100
AcDbCircle
 10
-10.76442984776921
 20
8.935000000000013
 30
0.0
 40
0.2999999999999857
100
AcDbArc
 50
123.5573097619221
 51
165.000000000002
  0
LINE
  5
370
330
1F
100
AcDbEntity
  8
AM_9
100
AcDbLine
 10
-6.812000000000003
 20
8.685
 30
0.0
 11
-6.899792404344089
 21
9.012645713530755
 31
0.0
  0
LINE
  5
371
330
1F
100
AcDbEntity
  8
AM_9
100
AcDbLine
 10
-11.142
 20
7.184999999999999
 30
0.0
 11
-10.93026108728697
 21
7.184999999999999
 31
0.0
  0
ARC
  5
372
330
1F
100
AcDbEntity
  8
AM_9
100
AcDbCircle
 10
-10.76442984776919
 20
6.435000000000003
 30
0.0
 40
0.3000000000000017
100
AcDbArc
 50
123.5573097619233
 51
165.0000000000007
  0
ARC
  5
373
330
1F
100
AcDbEntity
  8
AM_9
100
AcDbCircle
 10
-7.189570152230791
 20
6.435000000000017
 30
0.0
 40
0.2999999999999784
100
AcDbArc
 50
14.99999999999768
 51
56.44269023807856
  0
LINE
  5
374
330
1F
100
AcDbEntity
  8
AM_9
100
AcDbLine
 10
-11.142
 20
6.185
 30
0.0
 11
-10.93026108728697
 21
6.185
 31
0.0
  0
LINE
  5
375
330
1F
100
AcDbEntity
  8
AM_9
100
AcDbLine
 10
-7.023738912713037
 20
6.185
 30
0.0
 11
-6.812000000000003
 21
6.185
 31
0.0
  0
LINE
  5
376
330
1F
100
AcDbEntity
  8
AM_9
100
AcDbLine
 10
-11.05420759565592
 20
6.512645713530756
 30
0.0
 11
-11.142
 21
6.185
 31
0.0
  0
LINE
  5
377
330
1F
100
AcDbEntity
  8
AM_9
100
AcDbLine
 10
-6.812000000000003
 20
6.185
 30
0.0
 11
-6.899792404344089
 21
6.512645713530756
 31
0.0
  0
ARC
  5
378
330
1F
100
AcDbEntity
  8
AM_9
100
AcDbCircle
 10
-10.7644298477692
 20
5.935000000000008
 30
0.0
 40
0.2999999999999886
100
AcDbArc
 50
123.5573097619205
 51
165.0000000000014
  0
ARC
  5
379
330
1F
100
AcDbEntity
  8
AM_9
100
AcDbCircle
 10
-7.189570152230798
 20
5.93500000000001
 30
0.0
 40
0.2999999999999857
100
AcDbArc
 50
14.99999999999836
 51
56.44269023807973
  0
ARC
  5
37A
330
1F
100
AcDbEntity
  8
AM_9
100
AcDbCircle
 10
-10.76442984776921
 20
11.93500000000002
 30
0.0
 40
0.2999999999999778
100
AcDbArc
 50
123.5573097619211
 51
165.0000000000027
  0
ARC
  5
37B
330
1F
100
AcDbEntity
  8
AM_9
100
AcDbCircle
 10
-7.189570152230783
 20
11.93500000000002
 30
0.0
 40
0.2999999999999693
100
AcDbArc
 50
14.99999999999709
 51
56.44269023808012
  0
LINE
  5
37C
330
1F
100
AcDbEntity
  8
AM_9
100
AcDbLine
 10
-11.05420759565592
 20
12.01264571353076
 30
0.0
 11
-11.142
 21
11.685
 31
0.0
  0
LINE
  5
37D
330
1F
100
AcDbEntity
  8
AM_9
100
AcDbLine
 10
-6.812000000000003
 20
11.685
 30
0.0
 11
-6.899792404344089
 21
12.01264571353076
 31
0.0
  0
ARC
  5
37E
330
1F
100
AcDbEntity
  8
AM_9
100
AcDbCircle
 10
-10.76442984776922
 20
11.43500000000002
 30
0.0
 40
0.2999999999999719
100
AcDbArc
 50
123.5573097619194
 51
165.0000000000027
  0
ARC
  5
37F
330
1F
100
AcDbEntity
  8
AM_9
100
AcDbCircle
 10
-7.189570152230799
 20
11.43500000000001
 30
0.0
 40
0.2999999999999879
100
AcDbArc
 50
14.99999999999859
 51
56.44269023807963
  0
LINE
  5
380
330
1F
100
AcDbEntity
  8
AM_9
100
AcDbLine
 10
-11.142
 20
11.185
 30
0.0
 11
-10.93026108728697
 21
11.185
 31
0.0
  0
LINE
  5
381
330
1F
100
AcDbEntity
  8
AM_9
100
AcDbLine
 10
-7.023738912713034
 20
11.185
 30
0.0
 11
-6.812000000000003
 21
11.185
 31
0.0
  0
LINE
  5
382
330
1F
100
AcDbEntity
  8
AM_9
100
AcDbLine
 10
-11.05420759565592
 20
11.51264571353075
 30
0.0
 11
-11.142
 21
11.185
 31
0.0
  0
LINE
  5
383
330
1F
100
AcDbEntity
  8
AM_9
100
AcDbLine
 10
-6.812000000000003
 20
11.185
 30
0.0
 11
-6.899792404344089
 21
11.51264571353075
 31
0.0
  0
ARC
  5
384
330
1F
100
AcDbEntity
  8
AM_9
100
AcDbCircle
 10
-10.76442984776921
 20
10.93500000000002
 30
0.0
 40
0.2999999999999778
100
AcDbArc
 50
123.5573097619211
 51
165.0000000000027
  0
ARC
  5
385
330
1F
100
AcDbEntity
  8
AM_9
100
AcDbCircle
 10
-7.189570152230783
 20
10.93500000000002
 30
0.0
 40
0.2999999999999693
100
AcDbArc
 50
14.99999999999709
 51
56.44269023808012
  0
LINE
  5
386
330
1F
100
AcDbEntity
  8
AM_9
100
AcDbLine
 10
-11.142
 20
8.685
 30
0.0
 11
-10.93026108728697
 21
8.685
 31
0.0
  0
LINE
  5
387
330
1F
100
AcDbEntity
  8
AM_9
100
AcDbLine
 10
-7.023738912713037
 20
8.685
 30
0.0
 11
-6.812000000000003
 21
8.685
 31
0.0
  0
LINE
  5
388
330
1F
100
AcDbEntity
  8
AM_9
100
AcDbLine
 10
-11.142
 20
16.685
 30
0.0
 11
-10.93026108728697
 21
16.685
 31
0.0
  0
LINE
  5
389
330
1F
100
AcDbEntity
  8
AM_9
100
AcDbLine
 10
-7.023738912713034
 20
16.685
 30
0.0
 11
-6.812000000000003
 21
16.685
 31
0.0
  0
LINE
  5
38A
330
1F
100
AcDbEntity
  8
AM_9
100
AcDbLine
 10
-11.142
 20
20.685
 30
0.0
 11
-10.93026108728697
 21
20.685
 31
0.0
  0
LINE
  5
38B
330
1F
100
AcDbEntity
  8
AM_9
100
AcDbLine
 10
-7.023738912713037
 20
20.685
 30
0.0
 11
-6.812000000000003
 21
20.685
 31
0.0
  0
LINE
  5
38C
330
1F
100
AcDbEntity
  8
AM_9
100
AcDbLine
 10
-11.142
 20
22.685
 30
0.0
 11
-10.93026108728697
 21
22.685
 31
0.0
  0
LINE
  5
38D
330
1F
100
AcDbEntity
  8
AM_9
100
AcDbLine
 10
-7.02373891271303
 20
22.685
 30
0.0
 11
-6.812000000000003
 21
22.685
 31
0.0
  0
LINE
  5
38E
330
1F
100
AcDbEntity
  8
AM_9
100
AcDbLine
 10
-11.142
 20
23.185
 30
0.0
 11
-10.93026108728697
 21
23.185
 31
0.0
  0
LINE
  5
38F
330
1F
100
AcDbEntity
  8
AM_9
100
AcDbLine
 10
-7.023738912713037
 20
23.185
 30
0.0
 11
-6.812000000000003
 21
23.185
 31
0.0
  0
LINE
  5
390
330
1F
100
AcDbEntity
  8
AM_9
100
AcDbLine
 10
-7.189570152230808
 20
23.735
 30
0.0
 11
-10.7644298477692
 21
23.735
 31
0.0
  0
ARC
  5
391
330
1F
100
AcDbEntity
  8
AM_9
100
AcDbCircle
 10
-10.7644298477692
 20
23.435
 30
0.0
 40
0.3000000000000007
100
AcDbArc
 50
90.0
 51
164.9999999999999
  0
LINE
  5
392
330
1F
100
AcDbEntity
  8
AM_9
100
AcDbLine
 10
-11.05420759565592
 20
23.51264571353076
 30
0.0
 11
-11.142
 21
23.185
 31
0.0
  0
LINE
  5
393
330
1F
100
AcDbEntity
  8
AM_9
100
AcDbLine
 10
-6.812000000000003
 20
23.185
 30
0.0
 11
-6.899792404344089
 21
23.51264571353076
 31
0.0
  0
ARC
  5
394
330
1F
100
AcDbEntity
  8
AM_9
100
AcDbCircle
 10
-7.189570152230808
 20
23.435
 30
0.0
 40
0.2999999999999993
100
AcDbArc
 50
15.00000000000012
 51
90.0
  0
ARC
  5
395
330
1F
100
AcDbEntity
  8
AM_9
100
AcDbCircle
 10
-6.002429847769216
 20
35.70500000000001
 30
0.0
 40
0.2999999999999832
100
AcDbArc
 50
123.5573097619183
 51
165.0000000000001
  0
LINE
  5
396
330
1F
100
AcDbEntity
  8
AM_9
100
AcDbLine
 10
-2.050000000000002
 20
35.955
 30
0.0
 11
-2.137792404344088
 21
36.28264571353075
 31
0.0
  0
LINE
  5
397
330
1F
100
AcDbEntity
  8
AM_9
100
AcDbLine
 10
-6.292207595655914
 20
36.28264571353075
 30
0.0
 11
-6.380000000000003
 21
35.955
 31
0.0
  0
ARC
  5
398
330
1F
100
AcDbEntity
  8
AM_9
100
AcDbCircle
 10
-2.427570152230805
 20
36.20499999999998
 30
0.0
 40
0.3000000000000008
100
AcDbArc
 50
15.00000000000285
 51
56.44269023808356
  0
ARC
  5
399
330
1F
100
AcDbEntity
  8
AM_9
100
AcDbCircle
 10
-6.00242984776921
 20
36.20500000000001
 30
0.0
 40
0.2999999999999832
100
AcDbArc
 50
123.5573097619183
 51
165.0000000000005
  0
CIRCLE
  5
39A
330
1F
100
AcDbEntity
  8
AM_9
100
AcDbCircle
 10
-17.366
 20
25.22
 30
0.0
 40
0.064
  0
LINE
  5
39B
330
1F
100
AcDbEntity
  8
AM_9
100
AcDbLine
 10
-6.380000000000003
 20
36.455
 30
0.0
 11
-6.16826108728696
 21
36.455
 31
0.0
  0
LINE
  5
39C
330
1F
100
AcDbEntity
  8
AM_9
100
AcDbLine
 10
-2.261738912713046
 20
35.955
 30
0.0
 11
-2.050000000000002
 21
35.955
 31
0.0
  0
LINE
  5
39D
330
1F
100
AcDbEntity
  8
AM_9
100
AcDbLine
 10
-6.380000000000003
 20
35.955
 30
0.0
 11
-6.168261087286966
 21
35.955
 31
0.0
  0
LINE
  5
39E
330
1F
100
AcDbEntity
  8
AM_9
100
AcDbLine
 10
-2.261738912713046
 20
34.955
 30
0.0
 11
-2.050000000000002
 21
34.955
 31
0.0
  0
LINE
  5
39F
330
1F
100
AcDbEntity
  8
AM_9
100
AcDbLine
 10
-6.380000000000003
 20
34.955
 30
0.0
 11
-6.168261087286966
 21
34.955
 31
0.0
  0
CIRCLE
  5
3A0
330
1F
100
AcDbEntity
  8
AM_9
100
AcDbCircle
 10
-12.866
 20
31.22
 30
0.0
 40
0.064
  0
CIRCLE
  5
3A1
330
1F
100
AcDbEntity
  8
AM_9
100
AcDbCircle
 10
-12.866
 20
35.97
 30
0.0
 40
0.064
  0
ARC
  5
3A2
330
1F
100
AcDbEntity
  8
AM_9
100
AcDbCircle
 10
-2.427570152230832
 20
37.20499999999997
 30
0.0
 40
0.3000000000000307
100
AcDbArc
 50
15.00000000000414
 51
56.44269023807968
  0
ARC
  5
3A3
330
1F
100
AcDbEntity
  8
AM_9
100
AcDbCircle
 10
-6.002429847769216
 20
37.20500000000001
 30
0.0
 40
0.2999999999999832
100
AcDbArc
 50
123.5573097619183
 51
165.0000000000001
  0
LINE
  5
3A4
330
1F
100
AcDbEntity
  8
AM_9
100
AcDbLine
 10
-2.050000000000002
 20
37.455
 30
0.0
 11
-2.137792404344088
 21
37.78264571353075
 31
0.0
  0
LINE
  5
3A5
330
1F
100
AcDbEntity
  8
AM_9
100
AcDbLine
 10
-6.292207595655914
 20
37.78264571353075
 30
0.0
 11
-6.380000000000003
 21
37.455
 31
0.0
  0
LINE
  5
3A6
330
1F
100
AcDbEntity
  8
AM_9
100
AcDbLine
 10
-2.261738912713046
 20
37.455
 30
0.0
 11
-2.050000000000002
 21
37.455
 31
0.0
  0
ARC
  5
3A7
330
1F
100
AcDbEntity
  8
AM_9
100
AcDbCircle
 10
-6.00242984776921
 20
37.70500000000001
 30
0.0
 40
0.2999999999999832
100
AcDbArc
 50
123.5573097619183
 51
165.0000000000005
  0
LINE
  5
3A8
330
1F
100
AcDbEntity
  8
AM_9
100
AcDbLine
 10
-2.050000000000002
 20
37.955
 30
0.0
 11
-2.137792404344088
 21
38.28264571353075
 31
0.0
  0
LINE
  5
3A9
330
1F
100
AcDbEntity
  8
AM_9
100
AcDbLine
 10
-6.292207595655914
 20
38.28264571353075
 30
0.0
 11
-6.380000000000003
 21
37.955
 31
0.0
  0
ARC
  5
3AA
330
1F
100
AcDbEntity
  8
AM_9
100
AcDbCircle
 10
-2.427570152230832
 20
38.20499999999997
 30
0.0
 40
0.3000000000000307
100
AcDbArc
 50
15.00000000000414
 51
56.44269023807968
  0
ARC
  5
3AB
330
1F
100
AcDbEntity
  8
AM_9
100
AcDbCircle
 10
-6.002429847769216
 20
38.20500000000001
 30
0.0
 40
0.2999999999999832
100
AcDbArc
 50
123.5573097619183
 51
165.0000000000001
  0
LINE
  5
3AC
330
1F
100
AcDbEntity
  8
AM_9
100
AcDbLine
 10
-2.050000000000002
 20
38.455
 30
0.0
 11
-2.137792404344088
 21
38.78264571353075
 31
0.0
  0
LINE
  5
3AD
330
1F
100
AcDbEntity
  8
AM_9
100
AcDbLine
 10
-6.292207595655914
 20
38.78264571353075
 30
0.0
 11
-6.380000000000003
 21
38.455
 31
0.0
  0
LINE
  5
3AE
330
1F
100
AcDbEntity
  8
AM_9
100
AcDbLine
 10
-2.261738912713046
 20
38.455
 30
0.0
 11
-2.050000000000002
 21
38.455
 31
0.0
  0
ARC
  5
3AF
330
1F
100
AcDbEntity
  8
AM_9
100
AcDbCircle
 10
-6.002429847769173
 20
39.20499999999997
 30
0.0
 40
0.300000000000033
100
AcDbArc
 50
123.5573097619204
 51
164.9999999999957
  0
LINE
  5
3B0
330
1F
100
AcDbEntity
  8
AM_9
100
AcDbLine
 10
-2.050000000000002
 20
39.455
 30
0.0
 11
-2.137792404344088
 21
39.78264571353075
 31
0.0
  0
LINE
  5
3B1
330
1F
100
AcDbEntity
  8
AM_9
100
AcDbLine
 10
-6.292207595655914
 20
39.78264571353075
 30
0.0
 11
-6.380000000000003
 21
39.455
 31
0.0
  0
LINE
  5
3B2
330
1F
100
AcDbEntity
  8
AM_9
100
AcDbLine
 10
-2.261738912713052
 20
39.455
 30
0.0
 11
-2.050000000000002
 21
39.455
 31
0.0
  0
LINE
  5
3B3
330
1F
100
AcDbEntity
  8
AM_9
100
AcDbLine
 10
-6.380000000000003
 20
39.455
 30
0.0
 11
-6.16826108728696
 21
39.455
 31
0.0
  0
ARC
  5
3B4
330
1F
100
AcDbEntity
  8
AM_9
100
AcDbCircle
 10
-2.427570152230832
 20
39.70499999999997
 30
0.0
 40
0.3000000000000307
100
AcDbArc
 50
15.00000000000414
 51
56.44269023807968
  0
ARC
  5
3B5
330
1F
100
AcDbEntity
  8
AM_9
100
AcDbCircle
 10
-6.002429847769216
 20
39.70500000000001
 30
0.0
 40
0.2999999999999832
100
AcDbArc
 50
123.5573097619183
 51
165.0000000000001
  0
LINE
  5
3B6
330
1F
100
AcDbEntity
  8
AM_9
100
AcDbLine
 10
-6.292207595655914
 20
40.28264571353075
 30
0.0
 11
-6.380000000000003
 21
39.955
 31
0.0
  0
ARC
  5
3B7
330
1F
100
AcDbEntity
  8
AM_9
100
AcDbCircle
 10
-2.427570152230761
 20
40.20500000000002
 30
0.0
 40
0.2999999999999487
100
AcDbArc
 50
14.9999999999985
 51
56.44269023808506
  0
ARC
  5
3B8
330
1F
100
AcDbEntity
  8
AM_9
100
AcDbCircle
 10
-6.002429847769289
 20
40.20500000000006
 30
0.0
 40
0.2999999999998897
100
AcDbArc
 50
123.5573097619135
 51
165.000000000007
  0
LINE
  5
3B9
330
1F
100
AcDbEntity
  8
AM_9
100
AcDbLine
 10
-2.050000000000002
 20
40.45499999999999
 30
0.0
 11
-2.137792404344088
 21
40.78264571353075
 31
0.0
  0
LINE
  5
3BA
330
1F
100
AcDbEntity
  8
AM_9
100
AcDbLine
 10
-6.292207595655914
 20
40.78264571353075
 30
0.0
 11
-6.380000000000003
 21
40.45499999999999
 31
0.0
  0
LINE
  5
3BB
330
1F
100
AcDbEntity
  8
AM_9
100
AcDbLine
 10
-2.261738912713046
 20
40.45499999999999
 30
0.0
 11
-2.050000000000002
 21
40.45499999999999
 31
0.0
  0
LINE
  5
3BC
330
1F
100
AcDbEntity
  8
AM_9
100
AcDbLine
 10
-6.380000000000003
 20
40.45499999999999
 30
0.0
 11
-6.168261087286966
 21
40.45499999999999
 31
0.0
  0
LINE
  5
3BD
330
1F
100
AcDbEntity
  8
AM_9
100
AcDbLine
 10
-2.261738912713046
 20
39.955
 30
0.0
 11
-2.050000000000002
 21
39.955
 31
0.0
  0
LINE
  5
3BE
330
1F
100
AcDbEntity
  8
AM_9
100
AcDbLine
 10
-6.380000000000003
 20
39.955
 30
0.0
 11
-6.168261087286966
 21
39.955
 31
0.0
  0
LINE
  5
3BF
330
1F
100
AcDbEntity
  8
AM_9
100
AcDbLine
 10
-2.261738912713052
 20
38.955
 30
0.0
 11
-2.050000000000002
 21
38.955
 31
0.0
  0
LINE
  5
3C0
330
1F
100
AcDbEntity
  8
AM_9
100
AcDbLine
 10
-6.380000000000003
 20
38.955
 30
0.0
 11
-6.16826108728696
 21
38.955
 31
0.0
  0
LINE
  5
3C1
330
1F
100
AcDbEntity
  8
AM_9
100
AcDbLine
 10
-2.261738912713052
 20
36.955
 30
0.0
 11
-2.050000000000002
 21
36.955
 31
0.0
  0
LINE
  5
3C2
330
1F
100
AcDbEntity
  8
AM_9
100
AcDbLine
 10
-6.380000000000003
 20
36.955
 30
0.0
 11
-6.16826108728696
 21
36.955
 31
0.0
  0
LINE
  5
3C3
330
1F
100
AcDbEntity
  8
AM_9
100
AcDbLine
 10
-2.261738912713052
 20
32.955
 30
0.0
 11
-2.050000000000002
 21
32.955
 31
0.0
  0
LINE
  5
3C4
330
1F
100
AcDbEntity
  8
AM_9
100
AcDbLine
 10
-6.380000000000003
 20
32.955
 30
0.0
 11
-6.16826108728696
 21
32.955
 31
0.0
  0
LINE
  5
3C5
330
1F
100
AcDbEntity
  8
AM_9
100
AcDbLine
 10
-2.261738912713046
 20
24.95499999999999
 30
0.0
 11
-2.050000000000002
 21
24.95499999999999
 31
0.0
  0
ARC
  5
3C6
330
1F
100
AcDbEntity
  8
AM_9
100
AcDbCircle
 10
-2.427570152230761
 20
40.70500000000001
 30
0.0
 40
0.2999999999999487
100
AcDbArc
 50
14.9999999999985
 51
56.44269023808869
  0
ARC
  5
3C7
330
1F
100
AcDbEntity
  8
AM_9
100
AcDbCircle
 10
-6.002429847769255
 20
40.70500000000003
 30
0.0
 40
0.299999999999931
100
AcDbArc
 50
123.5573097619131
 51
165.0000000000047
  0
LINE
  5
3C8
330
1F
100
AcDbEntity
  8
AM_9
100
AcDbLine
 10
-2.050000000000002
 20
40.955
 30
0.0
 11
-2.137792404344088
 21
41.28264571353075
 31
0.0
  0
LINE
  5
3C9
330
1F
100
AcDbEntity
  8
AM_9
100
AcDbLine
 10
-6.292207595655914
 20
41.28264571353075
 30
0.0
 11
-6.380000000000003
 21
40.955
 31
0.0
  0
ARC
  5
3CA
330
1F
100
AcDbEntity
  8
AM_9
100
AcDbCircle
 10
-6.002429847769216
 20
41.20500000000001
 30
0.0
 40
0.2999999999999832
100
AcDbArc
 50
123.5573097619183
 51
165.0000000000001
  0
LINE
  5
3CB
330
1F
100
AcDbEntity
  8
AM_9
100
AcDbLine
 10
-2.050000000000002
 20
33.455
 30
0.0
 11
-2.137792404344088
 21
33.78264571353075
 31
0.0
  0
LINE
  5
3CC
330
1F
100
AcDbEntity
  8
AM_9
100
AcDbLine
 10
-6.292207595655914
 20
33.78264571353075
 30
0.0
 11
-6.380000000000003
 21
33.455
 31
0.0
  0
LINE
  5
3CD
330
1F
100
AcDbEntity
  8
AM_9
100
AcDbLine
 10
-2.261738912713046
 20
33.455
 30
0.0
 11
-2.050000000000002
 21
33.455
 31
0.0
  0
LINE
  5
3CE
330
1F
100
AcDbEntity
  8
AM_9
100
AcDbLine
 10
-6.380000000000003
 20
33.455
 30
0.0
 11
-6.168261087286966
 21
33.455
 31
0.0
  0
ARC
  5
3CF
330
1F
100
AcDbEntity
  8
AM_9
100
AcDbCircle
 10
-2.427570152230805
 20
33.70499999999998
 30
0.0
 40
0.3000000000000008
100
AcDbArc
 50
15.00000000000285
 51
56.44269023808356
  0
ARC
  5
3D0
330
1F
100
AcDbEntity
  8
AM_9
100
AcDbCircle
 10
-6.00242984776921
 20
33.70500000000001
 30
0.0
 40
0.2999999999999832
100
AcDbArc
 50
123.5573097619183
 51
165.0000000000005
  0
LINE
  5
3D1
330
1F
100
AcDbEntity
  8
AM_9
100
AcDbLine
 10
-2.050000000000002
 20
33.955
 30
0.0
 11
-2.137792404344088
 21
34.28264571353075
 31
0.0
  0
LINE
  5
3D2
330
1F
100
AcDbEntity
  8
AM_9
100
AcDbLine
 10
-6.292207595655914
 20
34.28264571353075
 30
0.0
 11
-6.380000000000003
 21
33.955
 31
0.0
  0
ARC
  5
3D3
330
1F
100
AcDbEntity
  8
AM_9
100
AcDbCircle
 10
-2.427570152230805
 20
34.20499999999998
 30
0.0
 40
0.3000000000000008
100
AcDbArc
 50
15.00000000000285
 51
56.44269023808356
  0
ARC
  5
3D4
330
1F
100
AcDbEntity
  8
AM_9
100
AcDbCircle
 10
-6.00242984776921
 20
34.20500000000001
 30
0.0
 40
0.2999999999999832
100
AcDbArc
 50
123.5573097619183
 51
165.0000000000005
  0
LINE
  5
3D5
330
1F
100
AcDbEntity
  8
AM_9
100
AcDbLine
 10
-2.050000000000002
 20
34.455
 30
0.0
 11
-2.137792404344088
 21
34.78264571353075
 31
0.0
  0
LINE
  5
3D6
330
1F
100
AcDbEntity
  8
AM_9
100
AcDbLine
 10
-6.292207595655914
 20
34.78264571353075
 30
0.0
 11
-6.380000000000003
 21
34.455
 31
0.0
  0
LINE
  5
3D7
330
1F
100
AcDbEntity
  8
AM_9
100
AcDbLine
 10
-2.261738912713052
 20
34.455
 30
0.0
 11
-2.050000000000002
 21
34.455
 31
0.0
  0
LINE
  5
3D8
330
1F
100
AcDbEntity
  8
AM_9
100
AcDbLine
 10
-6.380000000000003
 20
34.455
 30
0.0
 11
-6.16826108728696
 21
34.455
 31
0.0
  0
ARC
  5
3D9
330
1F
100
AcDbEntity
  8
AM_9
100
AcDbCircle
 10
-6.00242984776921
 20
38.70500000000001
 30
0.0
 40
0.2999999999999832
100
AcDbArc
 50
123.5573097619183
 51
165.0000000000005
  0
LINE
  5
3DA
330
1F
100
AcDbEntity
  8
AM_9
100
AcDbLine
 10
-2.050000000000002
 20
38.955
 30
0.0
 11
-2.137792404344088
 21
39.28264571353075
 31
0.0
  0
LINE
  5
3DB
330
1F
100
AcDbEntity
  8
AM_9
100
AcDbLine
 10
-6.292207595655914
 20
39.28264571353075
 30
0.0
 11
-6.380000000000003
 21
38.955
 31
0.0
  0
ARC
  5
3DC
330
1F
100
AcDbEntity
  8
AM_9
100
AcDbCircle
 10
-2.427570152230769
 20
39.20500000000002
 30
0.0
 40
0.2999999999999565
100
AcDbArc
 50
14.9999999999981
 51
56.4426902380856
  0
LINE
  5
3DD
330
1F
100
AcDbEntity
  8
AM_9
100
AcDbLine
 10
-2.050000000000002
 20
36.955
 30
0.0
 11
-2.137792404344088
 21
37.28264571353075
 31
0.0
  0
LINE
  5
3DE
330
1F
100
AcDbEntity
  8
AM_9
100
AcDbLine
 10
-6.292207595655914
 20
37.28264571353075
 30
0.0
 11
-6.380000000000003
 21
36.955
 31
0.0
  0
ARC
  5
3DF
330
1F
100
AcDbEntity
  8
AM_9
100
AcDbCircle
 10
-2.427570152230832
 20
41.20499999999997
 30
0.0
 40
0.3000000000000307
100
AcDbArc
 50
15.00000000000414
 51
56.44269023807968
  0
LINE
  5
3E0
330
1F
100
AcDbEntity
  8
AM_9
100
AcDbLine
 10
-2.050000000000002
 20
36.455
 30
0.0
 11
-2.137792404344088
 21
36.78264571353075
 31
0.0
  0
LINE
  5
3E1
330
1F
100
AcDbEntity
  8
AM_9
100
AcDbLine
 10
-2.261738912713046
 20
41.455
 30
0.0
 11
-2.050000000000002
 21
41.455
 31
0.0
  0
LINE
  5
3E2
330
1F
100
AcDbEntity
  8
AM_9
100
AcDbLine
 10
-2.261738912713052
 20
35.455
 30
0.0
 11
-2.050000000000002
 21
35.455
 31
0.0
  0
LINE
  5
3E3
330
1F
100
AcDbEntity
  8
AM_9
100
AcDbLine
 10
-6.380000000000003
 20
35.455
 30
0.0
 11
-6.16826108728696
 21
35.455
 31
0.0
  0
ARC
  5
3E4
330
1F
100
AcDbEntity
  8
AM_9
100
AcDbCircle
 10
-2.427570152230832
 20
35.70499999999997
 30
0.0
 40
0.3000000000000307
100
AcDbArc
 50
15.00000000000414
 51
56.44269023807968
  0
ARC
  5
3E5
330
1F
100
AcDbEntity
  8
AM_9
100
AcDbCircle
 10
-2.427570152230805
 20
37.70499999999998
 30
0.0
 40
0.3000000000000008
100
AcDbArc
 50
15.00000000000285
 51
56.44269023808356
  0
LINE
  5
3E6
330
1F
100
AcDbEntity
  8
AM_9
100
AcDbLine
 10
-6.292207595655914
 20
41.78264571353075
 30
0.0
 11
-6.380000000000003
 21
41.455
 31
0.0
  0
ARC
  5
3E7
330
1F
100
AcDbEntity
  8
AM_9
100
AcDbCircle
 10
-6.002429847769206
 20
41.705
 30
0.0
 40
0.2999999999999901
100
AcDbArc
 50
89.99999999999795
 51
164.9999999999993
  0
LINE
  5
3E8
330
1F
100
AcDbEntity
  8
AM_9
100
AcDbLine
 10
-2.427570152230808
 20
42.00499999999999
 30
0.0
 11
-6.002429847769196
 21
42.00499999999999
 31
0.0
  0
LINE
  5
3E9
330
1F
100
AcDbEntity
  8
AM_9
100
AcDbLine
 10
-6.292207595655914
 20
36.78264571353075
 30
0.0
 11
-6.380000000000003
 21
36.455
 31
0.0
  0
LINE
  5
3EA
330
1F
100
AcDbEntity
  8
AM_9
100
AcDbLine
 10
-2.261738912713052
 20
36.455
 30
0.0
 11
-2.050000000000002
 21
36.455
 31
0.0
  0
LINE
  5
3EB
330
1F
100
AcDbEntity
  8
AM_9
100
AcDbLine
 10
-2.261738912713052
 20
37.955
 30
0.0
 11
-2.050000000000002
 21
37.955
 31
0.0
  0
LINE
  5
3EC
330
1F
100
AcDbEntity
  8
AM_9
100
AcDbLine
 10
-6.380000000000003
 20
37.955
 30
0.0
 11
-6.16826108728696
 21
37.955
 31
0.0
  0
ARC
  5
3ED
330
1F
100
AcDbEntity
  8
AM_9
100
AcDbCircle
 10
-2.427570152230805
 20
38.70499999999998
 30
0.0
 40
0.3000000000000008
100
AcDbArc
 50
15.00000000000285
 51
56.44269023808356
  0
ARC
  5
3EE
330
1F
100
AcDbEntity
  8
AM_9
100
AcDbCircle
 10
-2.427570152230798
 20
41.705
 30
0.0
 40
0.2999999999999903
100
AcDbArc
 50
15.00000000000058
 51
90.00000000000196
  0
ARC
  5
3EF
330
1F
100
AcDbEntity
  8
AM_9
100
AcDbCircle
 10
-2.427570152230805
 20
36.70499999999998
 30
0.0
 40
0.3000000000000008
100
AcDbArc
 50
15.00000000000285
 51
56.44269023808356
  0
ARC
  5
3F0
330
1F
100
AcDbEntity
  8
AM_9
100
AcDbCircle
 10
-6.00242984776921
 20
36.70500000000001
 30
0.0
 40
0.2999999999999832
100
AcDbArc
 50
123.5573097619183
 51
165.0000000000005
  0
LINE
  5
3F1
330
1F
100
AcDbEntity
  8
AM_9
100
AcDbLine
 10
-6.380000000000003
 20
24.95499999999999
 30
0.0
 11
-6.168261087286966
 21
24.95499999999999
 31
0.0
  0
LINE
  5
3F2
330
1F
100
AcDbEntity
  8
AM_9
100
AcDbLine
 10
-6.380000000000003
 20
37.455
 30
0.0
 11
-6.168261087286966
 21
37.455
 31
0.0
  0
LINE
  5
3F3
330
1F
100
AcDbEntity
  8
AM_9
100
AcDbLine
 10
-2.050000000000002
 20
39.955
 30
0.0
 11
-2.137792404344088
 21
40.28264571353075
 31
0.0
  0
LINE
  5
3F4
330
1F
100
AcDbEntity
  8
AM_9
100
AcDbLine
 10
-6.380000000000003
 20
41.455
 30
0.0
 11
-6.168261087286966
 21
41.455
 31
0.0
  0
LINE
  5
3F5
330
1F
100
AcDbEntity
  8
AM_9
100
AcDbLine
 10
-6.380000000000003
 20
38.455
 30
0.0
 11
-6.168261087286966
 21
38.455
 31
0.0
  0
LINE
  5
3F6
330
1F
100
AcDbEntity
  8
AM_9
100
AcDbLine
 10
-6.380000000000003
 20
40.955
 30
0.0
 11
-6.168261087286954
 21
40.955
 31
0.0
  0
LINE
  5
3F7
330
1F
100
AcDbEntity
  8
AM_9
100
AcDbLine
 10
-2.050000000000002
 20
41.455
 30
0.0
 11
-2.137792404344088
 21
41.78264571353075
 31
0.0
  0
LINE
  5
3F8
330
1F
100
AcDbEntity
  8
AM_9
100
AcDbLine
 10
-2.261738912713059
 20
40.955
 30
0.0
 11
-2.050000000000002
 21
40.955
 31
0.0
  0
LINE
  5
3F9
330
1F
100
AcDbEntity
  8
AM_9
100
AcDbLine
 10
5.499999999999997
 20
2.74
 30
0.0
 11
13.0
 21
2.74
 31
0.0
  0
ARC
  5
3FA
330
1F
100
AcDbEntity
  8
AM_9
100
AcDbCircle
 10
-7.500000000000004
 20
2.489999999999999
 30
0.0
 40
0.2500000000000018
100
AcDbArc
 50
0.0000000000001018
 51
89.99999999999982
  0
ARC
  5
3FB
330
1F
100
AcDbEntity
  8
AM_9
100
AcDbCircle
 10
-7.500000000000002
 20
0.87
 30
0.0
 40
0.25
100
AcDbArc
 50
269.9999999999998
 51
0.0
  0
LINE
  5
3FC
330
1F
100
AcDbEntity
  8
AM_9
100
AcDbLine
 10
-15.0
 20
2.74
 30
0.0
 11
-7.500000000000003
 21
2.74
 31
0.0
  0
LINE
  5
3FD
330
1F
100
AcDbEntity
  8
AM_9
100
AcDbLine
 10
-15.25
 20
0.8700000000000003
 30
0.0
 11
-15.25
 21
2.49
 31
0.0
  0
ARC
  5
3FE
330
1F
100
AcDbEntity
  8
AM_9
100
AcDbCircle
 10
-15.00000000000001
 20
2.490000000000002
 30
0.0
 40
0.2499999999999982
100
AcDbArc
 50
89.99999999999957
 51
180.0000000000005
  0
ARC
  5
3FF
330
1F
100
AcDbEntity
  8
AM_9
100
AcDbCircle
 10
13.0
 20
2.490000000000003
 30
0.0
 40
0.2499999999999982
100
AcDbArc
 50
359.9999999999993
 51
90.0
  0
ARC
  5
400
330
1F
100
AcDbEntity
  8
AM_9
100
AcDbCircle
 10
13.0
 20
0.8699999999999941
 30
0.0
 40
0.2499999999999941
100
AcDbArc
 50
269.9999999999996
 51
0.000000000001374
  0
LINE
  5
401
330
1F
100
AcDbEntity
  8
AM_9
100
AcDbLine
 10
5.249999999999998
 20
0.8700000000000003
 30
0.0
 11
5.249999999999999
 21
2.49
 31
0.0
  0
LINE
  5
402
330
1F
100
AcDbEntity
  8
AM_9
100
AcDbLine
 10
5.499999999999996
 20
0.6200000000000009
 30
0.0
 11
13.0
 21
0.62
 31
0.0
  0
LINE
  5
403
330
1F
100
AcDbEntity
  8
AM_9
100
AcDbLine
 10
-7.250000000000002
 20
2.49
 30
0.0
 11
-7.250000000000002
 21
0.87
 31
0.0
  0
ARC
  5
404
330
1F
100
AcDbEntity
  8
AM_9
100
AcDbCircle
 10
5.499999999999995
 20
0.8699999999999978
 30
0.0
 40
0.2499999999999964
100
AcDbArc
 50
179.9999999999994
 51
270.0000000000004
  0
LINE
  5
405
330
1F
100
AcDbEntity
  8
AM_9
100
AcDbLine
 10
-15.0
 20
0.6200000000000015
 30
0.0
 11
-7.500000000000003
 21
0.62
 31
0.0
  0
ARC
  5
406
330
1F
100
AcDbEntity
  8
AM_9
100
AcDbCircle
 10
5.499999999999998
 20
2.49
 30
0.0
 40
0.25
100
AcDbArc
 50
90.0000000000002
 51
180.0000000000001
  0
LINE
  5
407
330
1F
100
AcDbEntity
  8
AM_9
100
AcDbLine
 10
13.25
 20
2.49
 30
0.0
 11
13.25
 21
0.8700000000000001
 31
0.0
  0
ARC
  5
408
330
1F
100
AcDbEntity
  8
AM_9
100
AcDbCircle
 10
-15.0
 20
0.8700000000000025
 30
0.0
 40
0.2500000000000018
100
AcDbArc
 50
180.0000000000005
 51
269.9999999999992
  0
LINE
  5
409
330
1F
100
AcDbEntity
  8
AM_9
100
AcDbLine
 10
20.8105
 20
52.5
 30
0.0
 11
20.81049999999999
 21
5.213
 31
0.0
  0
LINE
  5
40A
330
1F
100
AcDbEntity
  8
AM_9
100
AcDbLine
 10
21.4965
 20
52.5
 30
0.0
 11
21.4965
 21
5.213000000000002
 31
0.0
  0
LINE
  5
40B
330
1F
100
AcDbEntity
  8
AM_9
100
AcDbLine
 10
21.53049999999999
 20
52.5
 30
0.0
 11
21.5305
 21
5.213
 31
0.0
  0
LINE
  5
40C
330
1F
100
AcDbEntity
  8
AM_9
100
AcDbLine
 10
20.7765
 20
52.5
 30
0.0
 11
20.7765
 21
5.213000000000002
 31
0.0
  0
LINE
  5
40D
330
1F
100
AcDbEntity
  8
AM_9
100
AcDbLine
 10
21.4625
 20
52.5
 30
0.0
 11
21.46250000000001
 21
5.213000000000002
 31
0.0
  0
LINE
  5
40E
330
1F
100
AcDbEntity
  8
AM_9
100
AcDbLine
 10
20.8445
 20
52.5
 30
0.0
 11
20.8445
 21
5.213
 31
0.0
  0
LINE
  5
40F
330
1F
100
AcDbEntity
  8
AM_9
100
AcDbLine
 10
23.1625
 20
52.5
 30
0.0
 11
23.1625
 21
5.213
 31
0.0
  0
LINE
  5
410
330
1F
100
AcDbEntity
  8
AM_9
100
AcDbLine
 10
23.1285
 20
52.5
 30
0.0
 11
23.1285
 21
5.213000000000002
 31
0.0
  0
LINE
  5
411
330
1F
100
AcDbEntity
  8
AM_9
100
AcDbLine
 10
23.1965
 20
52.5
 30
0.0
 11
23.1965
 21
5.213
 31
0.0
  0
LINE
  5
412
330
1F
100
AcDbEntity
  8
AM_9
100
AcDbLine
 10
23.7135
 20
52.5
 30
0.0
 11
23.7135
 21
5.213000000000002
 31
0.0
  0
LINE
  5
413
330
1F
100
AcDbEntity
  8
AM_9
100
AcDbLine
 10
10.95752683326086
 20
53.81677588466579
 30
0.0
 11
10.95752683326086
 21
53.8
 31
0.0
  0
LINE
  5
414
330
1F
100
AcDbEntity
  8
AM_9
100
AcDbLine
 10
11.25986161686639
 20
53.81677588468002
 30
0.0
 11
10.95752683326086
 21
53.81677588466579
 31
0.0
  0
LINE
  5
415
330
1F
100
AcDbEntity
  8
AM_9
100
AcDbLine
 10
20.1855
 20
52.5
 30
0.0
 11
23.7815
 21
52.5
 31
0.0
  0
LINE
  5
416
330
1F
100
AcDbEntity
  8
AM_9
100
AcDbLine
 10
23.7475
 20
52.5
 30
0.0
 11
23.7475
 21
5.213
 31
0.0
  0
LINE
  5
418
330
1F
100
AcDbEntity
  8
AM_0
100
AcDbLine
 10
-23.8615
 20
40.159
 30
0.0
 11
-23.7815
 21
40.159
 31
0.0
  0
LINE
  5
419
330
1F
100
AcDbEntity
  8
AM_9
100
AcDbLine
 10
-23.8615
 20
34.159
 30
0.0
 11
-23.7815
 21
34.159
 31
0.0
  0
LINE
  5
41A
330
1F
100
AcDbEntity
  8
AM_9
100
AcDbLine
 10
-11.251
 20
5.704
 30
0.0
 11
-11.251
 21
5.167
 31
0.0
  0
LINE
  5
41B
330
1F
100
AcDbEntity
  8
AM_9
100
AcDbLine
 10
-19.475
 20
5.704
 30
0.0
 11
-19.475
 21
5.167
 31
0.0
  0
LINE
  5
41C
330
1F
100
AcDbEntity
  8
AM_9
100
AcDbLine
 10
-1.095270061091117
 20
53.8167758846658
 30
0.0
 11
-1.316594483602449
 21
53.8167758846658
 31
0.0
  0
LINE
  5
41D
330
1F
100
AcDbEntity
  8
AM_9
100
AcDbLine
 10
-1.095270061091117
 20
53.8167758846658
 30
0.0
 11
-1.095270061091117
 21
53.8
 31
0.0
  0
LINE
  5
41E
330
1F
100
AcDbEntity
  8
AM_9
100
AcDbLine
 10
-0.4574080328690275
 20
53.83514755224736
 30
0.0
 11
-0.457408032869043
 21
53.8
 31
0.0
  0
LINE
  5
41F
330
1F
100
AcDbEntity
  8
AM_9
100
AcDbLine
 10
10.72405312682211
 20
53.83514755224736
 30
0.0
 11
10.72405312682212
 21
53.8
 31
0.0
  0
LINE
  5
420
330
1F
100
AcDbEntity
  8
AM_9
100
AcDbLine
 10
4.893946873177883
 20
53.83514755224736
 30
0.0
 11
4.383659511994408
 21
53.83514755224735
 31
0.0
  0
LINE
  5
421
330
1F
100
AcDbEntity
  8
AM_9
100
AcDbLine
 10
-0.4574080328690275
 20
53.83514755224736
 30
0.0
 11
-0.3725477399575741
 21
53.85655722874319
 31
0.0
  0
LINE
  5
422
330
1F
100
AcDbEntity
  8
AM_9
100
AcDbLine
 10
10.69299210384393
 20
53.85655722874319
 30
0.0
 11
10.72405312682211
 21
53.83514755224736
 31
0.0
  0
LINE
  5
423
330
1F
100
AcDbEntity
  8
AM_9
100
AcDbLine
 10
-0.3725477399575741
 20
53.85655722874319
 30
0.0
 11
-0.3725477399575515
 21
53.8
 31
0.0
  0
LINE
  5
424
330
1F
100
AcDbEntity
  8
AM_9
100
AcDbLine
 10
10.69299210384393
 20
53.85655722874319
 30
0.0
 11
10.69299210384392
 21
53.8
 31
0.0
  0
LINE
  5
425
330
1F
100
AcDbEntity
  8
AM_9
100
AcDbLine
 10
4.925007896156075
 20
53.85655722874319
 30
0.0
 11
4.416905727921711
 21
53.85655722874319
 31
0.0
  0
LINE
  5
426
330
1F
100
AcDbEntity
  8
AM_9
100
AcDbLine
 10
-0.0705852426721316
 20
53.93273999427426
 30
0.0
 11
-0.070585242672129
 21
53.8
 31
0.0
  0
LINE
  5
427
330
1F
100
AcDbEntity
  8
AM_9
100
AcDbLine
 10
10.58246615884727
 20
53.93273999427426
 30
0.0
 11
10.58246615884727
 21
53.8
 31
0.0
  0
LINE
  5
428
330
1F
100
AcDbEntity
  8
AM_9
100
AcDbLine
 10
5.035533841152732
 20
53.93273999427426
 30
0.0
 11
4.535185928776591
 21
53.93273999427426
 31
0.0
  0
LINE
  5
429
330
1F
100
AcDbEntity
  8
AM_9
100
AcDbLine
 10
0.0142757959689785
 20
53.95414967077011
 30
0.0
 11
0.0142757959689648
 21
53.8
 31
0.0
  0
LINE
  5
42A
330
1F
100
AcDbEntity
  8
AM_9
100
AcDbLine
 10
5.066595137086893
 20
53.95414967077011
 30
0.0
 11
4.56842023721472
 21
53.95414967077011
 31
0.0
  0
LINE
  5
42B
330
1F
100
AcDbEntity
  8
AM_9
100
AcDbLine
 10
-0.0705852426721316
 20
53.93273999427426
 30
0.0
 11
0.0142757959689785
 21
53.95414967077011
 31
0.0
  0
LINE
  5
42C
330
1F
100
AcDbEntity
  8
AM_9
100
AcDbLine
 10
10.55140486291309
 20
53.95414967077011
 30
0.0
 11
10.58246615884727
 21
53.93273999427426
 31
0.0
  0
LINE
  5
42D
330
1F
100
AcDbEntity
  8
AM_9
100
AcDbLine
 10
0.3325063294380589
 20
54.03443595762955
 30
0.0
 11
0.3325063294380566
 21
53.8
 31
0.0
  0
LINE
  5
42E
330
1F
100
AcDbEntity
  8
AM_9
100
AcDbLine
 10
10.43492440340353
 20
54.03443595762955
 30
0.0
 11
10.43492440340353
 21
53.8
 31
0.0
  0
LINE
  5
42F
330
1F
100
AcDbEntity
  8
AM_9
100
AcDbLine
 10
5.183075596596462
 20
54.03443595762955
 30
0.0
 11
4.693024400984692
 21
54.03443595762955
 31
0.0
  0
LINE
  5
430
330
1F
100
AcDbEntity
  8
AM_9
100
AcDbLine
 10
0.3325063294380589
 20
54.03443595762955
 30
0.0
 11
0.4173682703999861
 21
54.05584563412538
 31
0.0
  0
LINE
  5
431
330
1F
100
AcDbEntity
  8
AM_9
100
AcDbLine
 10
10.40386277719701
 20
54.05584563412538
 30
0.0
 11
10.43492440340353
 21
54.03443595762955
 31
0.0
  0
LINE
  5
432
330
1F
100
AcDbEntity
  8
AM_9
100
AcDbLine
 10
0.4173682703999861
 20
54.05584563412538
 30
0.0
 11
0.417368270400004
 21
53.8
 31
0.0
  0
LINE
  5
433
330
1F
100
AcDbEntity
  8
AM_9
100
AcDbLine
 10
10.40386277719701
 20
54.05584563412538
 30
0.0
 11
10.403862777197
 21
53.8
 31
0.0
  0
LINE
  5
434
330
1F
100
AcDbEntity
  8
AM_9
100
AcDbLine
 10
5.214137222802992
 20
54.05584563412538
 30
0.0
 11
4.72624546355987
 21
54.0558456341254
 31
0.0
  0
LINE
  5
435
330
1F
100
AcDbEntity
  8
AM_9
100
AcDbLine
 10
0.7264089920926128
 20
54.13381253936444
 30
0.0
 11
0.7264089920926136
 21
53.8
 31
0.0
  0
LINE
  5
436
330
1F
100
AcDbEntity
  8
AM_9
100
AcDbLine
 10
10.29074602225363
 20
54.13381253936444
 30
0.0
 11
10.29074602225363
 21
53.8
 31
0.0
  0
LINE
  5
437
330
1F
100
AcDbEntity
  8
AM_9
100
AcDbLine
 10
5.327253977746356
 20
54.13381253936444
 30
0.0
 11
4.847200592811816
 21
54.13381253936444
 31
0.0
  0
LINE
  5
438
330
1F
100
AcDbEntity
  8
AM_9
100
AcDbLine
 10
0.7264089920926128
 20
54.13381253936444
 30
0.0
 11
0.8112719662705393
 21
54.15522221586029
 31
0.0
  0
LINE
  5
439
330
1F
100
AcDbEntity
  8
AM_9
100
AcDbLine
 10
10.25968401786381
 20
54.15522221586029
 30
0.0
 11
10.29074602225363
 21
54.13381253936444
 31
0.0
  0
LINE
  5
43A
330
1F
100
AcDbEntity
  8
AM_9
100
AcDbLine
 10
0.8112719662705393
 20
54.15522221586029
 30
0.0
 11
0.8112719662705459
 21
53.8
 31
0.0
  0
LINE
  5
43B
330
1F
100
AcDbEntity
  8
AM_9
100
AcDbLine
 10
10.25968401786381
 20
54.15522221586029
 30
0.0
 11
10.25968401786381
 21
53.8
 31
0.0
  0
LINE
  5
43C
330
1F
100
AcDbEntity
  8
AM_9
100
AcDbLine
 10
5.358315982136189
 20
54.15522221586029
 30
0.0
 11
4.880407776926825
 21
54.15522221586029
 31
0.0
  0
LINE
  5
43D
330
1F
100
AcDbEntity
  8
AM_9
100
AcDbLine
 10
1.121023974446794
 20
54.23336753507014
 30
0.0
 11
1.121023974446798
 21
53.8
 31
0.0
  0
LINE
  5
43E
330
1F
100
AcDbEntity
  8
AM_9
100
AcDbLine
 10
10.14630691399806
 20
54.23336753507014
 30
0.0
 11
10.14630691399805
 21
53.8
 31
0.0
  0
LINE
  5
43F
330
1F
100
AcDbEntity
  8
AM_9
100
AcDbLine
 10
5.471693086001936
 20
54.23336753507014
 30
0.0
 11
4.998058021543192
 21
54.23336753507014
 31
0.0
  0
LINE
  5
440
330
1F
100
AcDbEntity
  8
AM_9
100
AcDbLine
 10
1.121023974446794
 20
54.23336753507014
 30
0.0
 11
1.205888170151846
 21
54.25477721156599
 31
0.0
  0
LINE
  5
441
330
1F
100
AcDbEntity
  8
AM_9
100
AcDbLine
 10
10.11524446249827
 20
54.25477721156599
 30
0.0
 11
10.14630691399806
 21
54.23336753507014
 31
0.0
  0
LINE
  5
442
330
1F
100
AcDbEntity
  8
AM_9
100
AcDbLine
 10
1.205888170151846
 20
54.25477721156599
 30
0.0
 11
1.20588817015184
 21
53.8
 31
0.0
  0
LINE
  5
443
330
1F
100
AcDbEntity
  8
AM_9
100
AcDbLine
 10
10.11524446249827
 20
54.25477721156599
 30
0.0
 11
10.11524446249827
 21
53.8
 31
0.0
  0
LINE
  5
444
330
1F
100
AcDbEntity
  8
AM_9
100
AcDbLine
 10
5.502755537501726
 20
54.25477721156599
 30
0.0
 11
5.03132025582583
 21
54.25477721156599
 31
0.0
  0
LINE
  5
445
330
1F
100
AcDbEntity
  8
AM_9
100
AcDbLine
 10
23.797
 20
52.622
 30
0.0
 11
15.56231694021793
 21
52.622
 31
0.0
  0
LINE
  5
446
330
1F
100
AcDbEntity
  8
AM_9
100
AcDbLine
 10
23.7815
 20
5.213000000000002
 30
0.0
 11
14.9915
 21
5.213000000000002
 31
0.0
  0
LINE
  5
447
330
1F
100
AcDbEntity
  8
AM_9
100
AcDbLine
 10
15.56231694021792
 20
52.622
 30
0.0
 11
14.99150000000001
 21
52.60344617613084
 31
0.0
  0
LINE
  5
448
330
1F
100
AcDbEntity
  8
AM_9
100
AcDbLine
 10
14.9915
 20
52.60344617613084
 30
0.0
 11
14.9915
 21
5.213000000000002
 31
0.0
  0
LINE
  5
449
330
1F
100
AcDbEntity
  8
AM_9
100
AcDbLine
 10
1.514937831940081
 20
54.33274411680504
 30
0.0
 11
1.514937831940067
 21
53.8
 31
0.0
  0
LINE
  5
44A
330
1F
100
AcDbEntity
  8
AM_9
100
AcDbLine
 10
10.00212443525279
 20
54.33274411680504
 30
0.0
 11
10.0021244352528
 21
53.8
 31
0.0
  0
LINE
  5
44B
330
1F
100
AcDbEntity
  8
AM_9
100
AcDbLine
 10
5.615875564747205
 20
54.33274411680504
 30
0.0
 11
5.152423800192977
 21
54.33274411680504
 31
0.0
  0
LINE
  5
44C
330
1F
100
AcDbEntity
  8
AM_9
100
AcDbLine
 10
1.514937831940081
 20
54.33274411680504
 30
0.0
 11
1.599803480635211
 21
54.35415379330089
 31
0.0
  0
LINE
  5
44D
330
1F
100
AcDbEntity
  8
AM_9
100
AcDbLine
 10
9.971061451921724
 20
54.35415379330089
 30
0.0
 11
10.00212443525279
 21
54.33274411680504
 31
0.0
  0
LINE
  5
44E
330
1F
100
AcDbEntity
  8
AM_9
100
AcDbLine
 10
1.599803480635211
 20
54.35415379330089
 30
0.0
 11
1.599803480635204
 21
53.8
 31
0.0
  0
LINE
  5
44F
330
1F
100
AcDbEntity
  8
AM_9
100
AcDbLine
 10
9.971061451921724
 20
54.35415379330089
 30
0.0
 11
9.971061451921726
 21
53.8
 31
0.0
  0
LINE
  5
450
330
1F
100
AcDbEntity
  8
AM_9
100
AcDbLine
 10
5.646938548078271
 20
54.35415379330089
 30
0.0
 11
5.185671286207413
 21
54.35415379330089
 31
0.0
  0
LINE
  5
451
330
1F
100
AcDbEntity
  8
AM_9
100
AcDbLine
 10
1.90956617416944
 20
54.43229911251073
 30
0.0
 11
1.909566174169433
 21
53.8
 31
0.0
  0
LINE
  5
452
330
1F
100
AcDbEntity
  8
AM_9
100
AcDbLine
 10
9.857680436943506
 20
54.43229911251073
 30
0.0
 11
9.857680436943507
 21
53.8
 31
0.0
  0
LINE
  5
453
330
1F
100
AcDbEntity
  8
AM_9
100
AcDbLine
 10
5.760319563056482
 20
54.43229911251073
 30
0.0
 11
5.306995853454489
 21
54.43229911251073
 31
0.0
  0
LINE
  5
454
330
1F
100
AcDbEntity
  8
AM_9
100
AcDbLine
 10
1.994433576426485
 20
54.45370878900658
 30
0.0
 11
1.994433576426486
 21
53.8
 31
0.0
  0
LINE
  5
455
330
1F
100
AcDbEntity
  8
AM_9
100
AcDbLine
 10
9.826616811764232
 20
54.45370878900658
 30
0.0
 11
9.826616811764232
 21
53.8
 31
0.0
  0
LINE
  5
456
330
1F
100
AcDbEntity
  8
AM_9
100
AcDbLine
 10
5.791383188235765
 20
54.45370878900658
 30
0.0
 11
5.340227307959448
 21
54.45370878900659
 31
0.0
  0
LINE
  5
457
330
1F
100
AcDbEntity
  8
AM_9
100
AcDbLine
 10
1.90956617416944
 20
54.43229911251073
 30
0.0
 11
1.994433576426485
 21
54.45370878900658
 31
0.0
  0
LINE
  5
458
330
1F
100
AcDbEntity
  8
AM_9
100
AcDbLine
 10
9.826616811764232
 20
54.45370878900658
 30
0.0
 11
9.857680436943506
 21
54.43229911251073
 31
0.0
  0
LINE
  5
459
330
1F
100
AcDbEntity
  8
AM_9
100
AcDbLine
 10
2.304203336417417
 20
54.53185410821644
 30
0.0
 11
2.304203336417416
 21
53.8
 31
0.0
  0
LINE
  5
45A
330
1F
100
AcDbEntity
  8
AM_9
100
AcDbLine
 10
9.713233210283343
 20
54.53185410821643
 30
0.0
 11
9.713233210283343
 21
53.8
 31
0.0
  0
LINE
  5
45B
330
1F
100
AcDbEntity
  8
AM_9
100
AcDbLine
 10
5.904766789716649
 20
54.53185410821644
 30
0.0
 11
5.461490764274584
 21
54.53185410821643
 31
0.0
  0
LINE
  5
45C
330
1F
100
AcDbEntity
  8
AM_9
100
AcDbLine
 10
2.389072877830178
 20
54.55326378471227
 30
0.0
 11
2.389072877830186
 21
53.8
 31
0.0
  0
LINE
  5
45D
330
1F
100
AcDbEntity
  8
AM_9
100
AcDbLine
 10
9.682168802118737
 20
54.55326378471227
 30
0.0
 11
9.682168802118733
 21
53.8
 31
0.0
  0
LINE
  5
45E
330
1F
100
AcDbEntity
  8
AM_9
100
AcDbLine
 10
5.935831197881255
 20
54.55326378471227
 30
0.0
 11
5.494671790612885
 21
54.55326378471229
 31
0.0
  0
LINE
  5
45F
330
1F
100
AcDbEntity
  8
AM_9
100
AcDbLine
 10
2.304203336417417
 20
54.53185410821644
 30
0.0
 11
2.389072877830178
 21
54.55326378471227
 31
0.0
  0
LINE
  5
460
330
1F
100
AcDbEntity
  8
AM_9
100
AcDbLine
 10
9.682168802118737
 20
54.55326378471227
 30
0.0
 11
9.713233210283343
 21
54.53185410821643
 31
0.0
  0
LINE
  5
461
330
1F
100
AcDbEntity
  8
AM_9
100
AcDbLine
 10
2.698144053190923
 20
54.63123068995132
 30
0.0
 11
2.698144053190934
 21
53.8
 31
0.0
  0
LINE
  5
462
330
1F
100
AcDbEntity
  8
AM_9
100
AcDbLine
 10
9.569040900359186
 20
54.63123068995133
 30
0.0
 11
9.569040900359186
 21
53.8
 31
0.0
  0
LINE
  5
463
330
1F
100
AcDbEntity
  8
AM_9
100
AcDbLine
 10
6.048959099640808
 20
54.63123068995132
 30
0.0
 11
5.612417632011836
 21
54.63123068995132
 31
0.0
  0
LINE
  5
464
330
1F
100
AcDbEntity
  8
AM_9
100
AcDbLine
 10
2.783016236010772
 20
54.65264036644718
 30
0.0
 11
2.783016236010762
 21
53.8
 31
0.0
  0
LINE
  5
465
330
1F
100
AcDbEntity
  8
AM_9
100
AcDbLine
 10
9.537975525372486
 20
54.65264036644718
 30
0.0
 11
9.537975525372493
 21
53.8
 31
0.0
  0
LINE
  5
466
330
1F
100
AcDbEntity
  8
AM_9
100
AcDbLine
 10
6.080024474627498
 20
54.65264036644718
 30
0.0
 11
5.645693249227555
 21
54.65264036644718
 31
0.0
  0
LINE
  5
467
330
1F
100
AcDbEntity
  8
AM_9
100
AcDbLine
 10
2.698144053190923
 20
54.63123068995132
 30
0.0
 11
2.783016236010772
 21
54.65264036644718
 31
0.0
  0
LINE
  5
468
330
1F
100
AcDbEntity
  8
AM_9
100
AcDbLine
 10
9.537975525372486
 20
54.65264036644718
 30
0.0
 11
9.569040900359186
 21
54.63123068995133
 31
0.0
  0
LINE
  5
469
330
1F
100
AcDbEntity
  8
AM_9
100
AcDbLine
 10
3.092805483011095
 20
54.73078568565703
 30
0.0
 11
3.092805483011114
 21
53.8
 31
0.0
  0
LINE
  5
46A
330
1F
100
AcDbEntity
  8
AM_9
100
AcDbLine
 10
9.424584791151112
 20
54.73078568565703
 30
0.0
 11
9.424584791151112
 21
53.8
 31
0.0
  0
LINE
  5
46B
330
1F
100
AcDbEntity
  8
AM_9
100
AcDbLine
 10
6.193415208848879
 20
54.73078568565703
 30
0.0
 11
5.767115177280608
 21
54.73078568565703
 31
0.0
  0
LINE
  5
46C
330
1F
100
AcDbEntity
  8
AM_9
100
AcDbLine
 10
3.177680992925131
 20
54.75219536215288
 30
0.0
 11
3.177680992925114
 21
53.8
 31
0.0
  0
LINE
  5
46D
330
1F
100
AcDbEntity
  8
AM_9
100
AcDbLine
 10
9.393518198363422
 20
54.75219536215288
 30
0.0
 11
9.393518198363429
 21
53.8
 31
0.0
  0
LINE
  5
46E
330
1F
100
AcDbEntity
  8
AM_9
100
AcDbLine
 10
6.224481801636562
 20
54.75219536215288
 30
0.0
 11
5.800371720929288
 21
54.75219536215288
 31
0.0
  0
LINE
  5
46F
330
1F
100
AcDbEntity
  8
AM_9
100
AcDbLine
 10
3.092805483011095
 20
54.73078568565703
 30
0.0
 11
3.177680992925131
 21
54.75219536215288
 31
0.0
  0
LINE
  5
470
330
1F
100
AcDbEntity
  8
AM_9
100
AcDbLine
 10
9.393518198363422
 20
54.75219536215288
 30
0.0
 11
9.424584791151112
 21
54.73078568565703
 31
0.0
  0
LINE
  5
471
330
1F
100
AcDbEntity
  8
AM_9
100
AcDbLine
 10
3.487483979843939
 20
54.83034068136272
 30
0.0
 11
3.487483979843966
 21
53.8
 31
0.0
  0
LINE
  5
472
330
1F
100
AcDbEntity
  8
AM_9
100
AcDbLine
 10
9.28012243498283
 20
54.83034068136273
 30
0.0
 11
9.280122434982829
 21
53.8
 31
0.0
  0
LINE
  5
473
330
1F
100
AcDbEntity
  8
AM_9
100
AcDbLine
 10
6.337877565017168
 20
54.83034068136272
 30
0.0
 11
5.921720178292825
 21
54.83034068136273
 31
0.0
  0
LINE
  5
474
330
1F
100
AcDbEntity
  8
AM_9
100
AcDbLine
 10
3.487483979843939
 20
54.83034068136272
 30
0.0
 11
3.572363754167654
 21
54.85175035785858
 31
0.0
  0
LINE
  5
475
330
1F
100
AcDbEntity
  8
AM_9
100
AcDbLine
 10
9.24905428131287
 20
54.85175035785858
 30
0.0
 11
9.28012243498283
 21
54.83034068136273
 31
0.0
  0
LINE
  5
476
330
1F
100
AcDbEntity
  8
AM_9
100
AcDbLine
 10
3.572363754167654
 20
54.85175035785858
 30
0.0
 11
3.572363754167661
 21
53.8
 31
0.0
  0
LINE
  5
477
330
1F
100
AcDbEntity
  8
AM_9
100
AcDbLine
 10
9.24905428131287
 20
54.85175035785858
 30
0.0
 11
9.249054281312869
 21
53.8
 31
0.0
  0
LINE
  5
478
330
1F
100
AcDbEntity
  8
AM_9
100
AcDbLine
 10
6.368945718687126
 20
54.85175035785858
 30
0.0
 11
5.954955447410159
 21
54.85175035785858
 31
0.0
  0
LINE
  5
479
330
1F
100
AcDbEntity
  8
AM_9
100
AcDbLine
 10
3.881477176490692
 20
54.92971726309762
 30
0.0
 11
3.881477176490698
 21
53.8
 31
0.0
  0
LINE
  5
47A
330
1F
100
AcDbEntity
  8
AM_9
100
AcDbLine
 10
9.135910916091893
 20
54.92971726309762
 30
0.0
 11
9.135910916091891
 21
53.8
 31
0.0
  0
LINE
  5
47B
330
1F
100
AcDbEntity
  8
AM_9
100
AcDbLine
 10
6.482089083908104
 20
54.92971726309762
 30
0.0
 11
6.072917153127992
 21
54.92971726309762
 31
0.0
  0
LINE
  5
47C
330
1F
100
AcDbEntity
  8
AM_9
100
AcDbLine
 10
3.881477176490692
 20
54.92971726309762
 30
0.0
 11
3.967069913155626
 21
54.95130535356427
 31
0.0
  0
LINE
  5
47D
330
1F
100
AcDbEntity
  8
AM_9
100
AcDbLine
 10
9.104581800093095
 20
54.95130535356427
 30
0.0
 11
9.135910916091893
 21
54.92971726309762
 31
0.0
  0
LINE
  5
47E
330
1F
100
AcDbEntity
  8
AM_9
100
AcDbLine
 10
3.967069913155626
 20
54.95130535356427
 30
0.0
 11
3.967069913155624
 21
53.8
 31
0.0
  0
LINE
  5
47F
330
1F
100
AcDbEntity
  8
AM_9
100
AcDbLine
 10
9.104581800093095
 20
54.95130535356427
 30
0.0
 11
9.104581800093095
 21
53.8
 31
0.0
  0
LINE
  5
480
330
1F
100
AcDbEntity
  8
AM_9
100
AcDbLine
 10
6.513418199906897
 20
54.95130535356427
 30
0.0
 11
6.106423975542637
 21
54.95130535356427
 31
0.0
  0
LINE
  5
481
330
1F
100
AcDbEntity
  8
AM_9
100
AcDbLine
 10
4.276206931579557
 20
55.02927225880332
 30
0.0
 11
4.276206931579547
 21
53.8
 31
0.0
  0
LINE
  5
482
330
1F
100
AcDbEntity
  8
AM_9
100
AcDbLine
 10
8.991429798099762
 20
55.02927225880332
 30
0.0
 11
8.991429798099762
 21
53.8
 31
0.0
  0
LINE
  5
483
330
1F
100
AcDbEntity
  8
AM_9
100
AcDbLine
 10
6.62657020190023
 20
55.02927225880332
 30
0.0
 11
6.22766923449376
 21
55.02927225880332
 31
0.0
  0
LINE
  5
484
330
1F
100
AcDbEntity
  8
AM_9
100
AcDbLine
 10
4.276206931579557
 20
55.02927225880332
 30
0.0
 11
4.361099808402544
 21
55.05068193529917
 31
0.0
  0
LINE
  5
485
330
1F
100
AcDbEntity
  8
AM_9
100
AcDbLine
 10
8.960356848582203
 20
55.05068193529917
 30
0.0
 11
8.991429798099762
 21
55.02927225880332
 31
0.0
  0
LINE
  5
486
330
1F
100
AcDbEntity
  8
AM_9
100
AcDbLine
 10
4.361099808402544
 20
55.05068193529917
 30
0.0
 11
4.361099808402543
 21
53.8
 31
0.0
  0
LINE
  5
487
330
1F
100
AcDbEntity
  8
AM_9
100
AcDbLine
 10
8.960356848582203
 20
55.05068193529917
 30
0.0
 11
8.960356848582203
 21
53.8
 31
0.0
  0
LINE
  5
488
330
1F
100
AcDbEntity
  8
AM_9
100
AcDbLine
 10
6.657643151417791
 20
55.05068193529917
 30
0.0
 11
6.260950933061665
 21
55.05068193529917
 31
0.0
  0
LINE
  5
489
330
1F
100
AcDbEntity
  8
AM_9
100
AcDbLine
 10
10.95752683326086
 20
53.81677588466579
 30
0.0
 11
8.579078436937177
 21
55.358
 31
0.0
  0
LINE
  5
48A
330
1F
100
AcDbEntity
  8
AM_9
100
AcDbLine
 10
4.663193898036611
 20
55.12686470083024
 30
0.0
 11
4.663193898036606
 21
53.8
 31
0.0
  0
LINE
  5
48B
330
1F
100
AcDbEntity
  8
AM_9
100
AcDbLine
 10
8.849782737443002
 20
55.12686470083023
 30
0.0
 11
8.849782737443002
 21
53.8
 31
0.0
  0
LINE
  5
48C
330
1F
100
AcDbEntity
  8
AM_9
100
AcDbLine
 10
6.768217262556988
 20
55.12686470083024
 30
0.0
 11
6.37933194767145
 21
55.12686470083023
 31
0.0
  0
LINE
  5
48D
330
1F
100
AcDbEntity
  8
AM_9
100
AcDbLine
 10
4.748097002246113
 20
55.14827437732608
 30
0.0
 11
4.748097002246112
 21
53.8
 31
0.0
  0
LINE
  5
48E
330
1F
100
AcDbEntity
  8
AM_9
100
AcDbLine
 10
8.818706044442166
 20
55.14827437732608
 30
0.0
 11
8.818706044442166
 21
53.8
 31
0.0
  0
LINE
  5
48F
330
1F
100
AcDbEntity
  8
AM_9
100
AcDbLine
 10
6.799293955557831
 20
55.14827437732608
 30
0.0
 11
6.412586769450055
 21
55.14827437732608
 31
0.0
  0
LINE
  5
490
330
1F
100
AcDbEntity
  8
AM_9
100
AcDbLine
 10
4.663193898036611
 20
55.12686470083024
 30
0.0
 11
4.748097002246113
 21
55.14827437732608
 31
0.0
  0
LINE
  5
491
330
1F
100
AcDbEntity
  8
AM_9
100
AcDbLine
 10
8.818706044442166
 20
55.14827437732608
 30
0.0
 11
8.849782737443002
 21
55.12686470083023
 31
0.0
  0
LINE
  5
492
330
1F
100
AcDbEntity
  8
AM_9
100
AcDbLine
 10
8.514213321187205
 20
55.358
 30
0.0
 11
8.514213321187205
 21
53.8
 31
0.0
  0
LINE
  5
493
330
1F
100
AcDbEntity
  8
AM_9
100
AcDbLine
 10
8.556057149893533
 20
55.32918614371599
 30
0.0
 11
8.58481435437669
 21
55.30938219295734
 31
0.0
  0
LINE
  5
494
330
1F
100
AcDbEntity
  8
AM_9
100
AcDbLine
 10
8.58481435437669
 20
55.30938219295734
 30
0.0
 11
8.58481435437669
 21
53.8
 31
0.0
  0
LINE
  5
495
330
1F
100
AcDbEntity
  8
AM_9
100
AcDbLine
 10
8.671335363269057
 20
55.24979192671056
 30
0.0
 11
8.702417705132126
 21
55.22838225021471
 31
0.0
  0
LINE
  5
496
330
1F
100
AcDbEntity
  8
AM_9
100
AcDbLine
 10
8.702417705132126
 20
55.22838225021471
 30
0.0
 11
8.702417705132126
 21
53.8
 31
0.0
  0
LINE
  5
497
330
1F
100
AcDbEntity
  8
AM_9
100
AcDbLine
 10
19.21178558220255
 20
53.83514755224735
 30
0.0
 11
19.21178558220255
 21
53.8
 31
0.0
  0
LINE
  5
498
330
1F
100
AcDbEntity
  8
AM_9
100
AcDbLine
 10
16.87094431330349
 20
53.83514755224735
 30
0.0
 11
16.07540803286903
 21
53.83514755224736
 31
0.0
  0
LINE
  5
499
330
1F
100
AcDbEntity
  8
AM_9
100
AcDbLine
 10
19.09586426631287
 20
53.8565572287432
 30
0.0
 11
19.09586426631287
 21
53.8
 31
0.0
  0
LINE
  5
49A
330
1F
100
AcDbEntity
  8
AM_9
100
AcDbLine
 10
16.78072096448606
 20
53.8565572287432
 30
0.0
 11
15.99054773995755
 21
53.8565572287432
 31
0.0
  0
LINE
  5
49B
330
1F
100
AcDbEntity
  8
AM_9
100
AcDbLine
 10
19.09586426631287
 20
53.8565572287432
 30
0.0
 11
19.21178558220255
 21
53.83514755224735
 31
0.0
  0
LINE
  5
49C
330
1F
100
AcDbEntity
  8
AM_9
100
AcDbLine
 10
8.816548104815693
 20
55.358
 30
0.0
 11
8.816548104815693
 21
53.8
 31
0.0
  0
LINE
  5
49D
330
1F
100
AcDbEntity
  8
AM_9
100
AcDbLine
 10
8.887149138005181
 20
55.30938219295734
 30
0.0
 11
8.858391933522007
 21
55.32918614371601
 31
0.0
  0
LINE
  5
49E
330
1F
100
AcDbEntity
  8
AM_9
100
AcDbLine
 10
8.887149138005181
 20
55.30938219295734
 30
0.0
 11
8.887149138005176
 21
53.8
 31
0.0
  0
LINE
  5
49F
330
1F
100
AcDbEntity
  8
AM_9
100
AcDbLine
 10
9.004752488760612
 20
55.22838225021471
 30
0.0
 11
8.97367014689755
 21
55.24979192671056
 31
0.0
  0
LINE
  5
4A0
330
1F
100
AcDbEntity
  8
AM_9
100
AcDbLine
 10
9.004752488760612
 20
55.22838225021471
 30
0.0
 11
9.004752488760612
 21
53.8
 31
0.0
  0
LINE
  5
4A1
330
1F
100
AcDbEntity
  8
AM_9
100
AcDbLine
 10
9.152117521071496
 20
55.12686470083023
 30
0.0
 11
9.121040828070651
 21
55.14827437732608
 31
0.0
  0
LINE
  5
4A2
330
1F
100
AcDbEntity
  8
AM_9
100
AcDbLine
 10
9.152117521071496
 20
55.12686470083023
 30
0.0
 11
9.15211752107149
 21
53.8
 31
0.0
  0
LINE
  5
4A3
330
1F
100
AcDbEntity
  8
AM_9
100
AcDbLine
 10
9.293764581728258
 20
55.02927225880332
 30
0.0
 11
9.262691632210688
 21
55.05068193529917
 31
0.0
  0
LINE
  5
4A4
330
1F
100
AcDbEntity
  8
AM_9
100
AcDbLine
 10
9.293764581728258
 20
55.02927225880332
 30
0.0
 11
9.293764581728249
 21
53.8
 31
0.0
  0
LINE
  5
4A5
330
1F
100
AcDbEntity
  8
AM_9
100
AcDbLine
 10
9.438245699720374
 20
54.92971726309762
 30
0.0
 11
9.40691658372158
 21
54.95130535356427
 31
0.0
  0
LINE
  5
4A6
330
1F
100
AcDbEntity
  8
AM_9
100
AcDbLine
 10
9.438245699720374
 20
54.92971726309762
 30
0.0
 11
9.438245699720378
 21
53.8
 31
0.0
  0
LINE
  5
4A7
330
1F
100
AcDbEntity
  8
AM_9
100
AcDbLine
 10
9.582457218611312
 20
54.83034068136273
 30
0.0
 11
9.551389064941354
 21
54.85175035785858
 31
0.0
  0
LINE
  5
4A8
330
1F
100
AcDbEntity
  8
AM_9
100
AcDbLine
 10
9.582457218611312
 20
54.83034068136273
 30
0.0
 11
9.582457218611315
 21
53.8
 31
0.0
  0
LINE
  5
4A9
330
1F
100
AcDbEntity
  8
AM_9
100
AcDbLine
 10
9.726919574779597
 20
54.73078568565703
 30
0.0
 11
9.695852981991914
 21
54.75219536215288
 31
0.0
  0
LINE
  5
4AA
330
1F
100
AcDbEntity
  8
AM_9
100
AcDbLine
 10
9.726919574779597
 20
54.73078568565703
 30
0.0
 11
9.726919574779597
 21
53.8
 31
0.0
  0
LINE
  5
4AB
330
1F
100
AcDbEntity
  8
AM_9
100
AcDbLine
 10
9.871375683987672
 20
54.63123068995133
 30
0.0
 11
9.840310309000976
 21
54.65264036644718
 31
0.0
  0
LINE
  5
4AC
330
1F
100
AcDbEntity
  8
AM_9
100
AcDbLine
 10
9.871375683987672
 20
54.63123068995133
 30
0.0
 11
9.87137568398767
 21
53.8
 31
0.0
  0
LINE
  5
4AD
330
1F
100
AcDbEntity
  8
AM_9
100
AcDbLine
 10
10.01556799391182
 20
54.53185410821644
 30
0.0
 11
9.984503585747218
 21
54.55326378471229
 31
0.0
  0
LINE
  5
4AE
330
1F
100
AcDbEntity
  8
AM_9
100
AcDbLine
 10
10.01556799391182
 20
54.53185410821644
 30
0.0
 11
10.01556799391183
 21
53.8
 31
0.0
  0
LINE
  5
4AF
330
1F
100
AcDbEntity
  8
AM_9
100
AcDbLine
 10
10.16001522057199
 20
54.43229911251073
 30
0.0
 11
10.12895159539272
 21
54.45370878900658
 31
0.0
  0
LINE
  5
4B0
330
1F
100
AcDbEntity
  8
AM_9
100
AcDbLine
 10
10.16001522057199
 20
54.43229911251073
 30
0.0
 11
10.16001522057199
 21
53.8
 31
0.0
  0
LINE
  5
4B1
330
1F
100
AcDbEntity
  8
AM_9
100
AcDbLine
 10
10.30445921888128
 20
54.33274411680504
 30
0.0
 11
10.27339623555021
 21
54.35415379330089
 31
0.0
  0
LINE
  5
4B2
330
1F
100
AcDbEntity
  8
AM_9
100
AcDbLine
 10
10.30445921888128
 20
54.33274411680504
 30
0.0
 11
10.30445921888128
 21
53.8
 31
0.0
  0
LINE
  5
4B3
330
1F
100
AcDbEntity
  8
AM_9
100
AcDbLine
 10
10.44864169762654
 20
54.23336753507014
 30
0.0
 11
10.41757924612676
 21
54.25477721156599
 31
0.0
  0
LINE
  5
4B4
330
1F
100
AcDbEntity
  8
AM_9
100
AcDbLine
 10
10.44864169762654
 20
54.23336753507014
 30
0.0
 11
10.44864169762654
 21
53.8
 31
0.0
  0
LINE
  5
4B5
330
1F
100
AcDbEntity
  8
AM_9
100
AcDbLine
 10
10.59308080588211
 20
54.13381253936444
 30
0.0
 11
10.56201880149229
 21
54.15522221586029
 31
0.0
  0
LINE
  5
4B6
330
1F
100
AcDbEntity
  8
AM_9
100
AcDbLine
 10
10.59308080588211
 20
54.13381253936444
 30
0.0
 11
10.59308080588212
 21
53.8
 31
0.0
  0
LINE
  5
4B7
330
1F
100
AcDbEntity
  8
AM_9
100
AcDbLine
 10
10.73725918703201
 20
54.03443595762955
 30
0.0
 11
10.70619756082549
 21
54.0558456341254
 31
0.0
  0
LINE
  5
4B8
330
1F
100
AcDbEntity
  8
AM_9
100
AcDbLine
 10
10.73725918703201
 20
54.03443595762955
 30
0.0
 11
10.73725918703202
 21
53.8
 31
0.0
  0
LINE
  5
4B9
330
1F
100
AcDbEntity
  8
AM_9
100
AcDbLine
 10
10.88480094247575
 20
53.93273999427426
 30
0.0
 11
10.85373964654158
 21
53.95414967077011
 31
0.0
  0
LINE
  5
4BA
330
1F
100
AcDbEntity
  8
AM_9
100
AcDbLine
 10
10.88480094247575
 20
53.93273999427426
 30
0.0
 11
10.88480094247575
 21
53.8
 31
0.0
  0
LINE
  5
4BB
330
1F
100
AcDbEntity
  8
AM_9
100
AcDbLine
 10
8.881413220565666
 20
55.358
 30
0.0
 11
11.25986161686639
 21
53.81677588468002
 31
0.0
  0
LINE
  5
4BC
330
1F
100
AcDbEntity
  8
AM_9
100
AcDbLine
 10
10.9953268874724
 20
53.8565572287432
 30
0.0
 11
10.9953268874724
 21
53.8
 31
0.0
  0
LINE
  5
4BD
330
1F
100
AcDbEntity
  8
AM_9
100
AcDbLine
 10
11.0263879104506
 20
53.83514755224736
 30
0.0
 11
10.9953268874724
 21
53.8565572287432
 31
0.0
  0
LINE
  5
4BE
330
1F
100
AcDbEntity
  8
AM_9
100
AcDbLine
 10
11.0263879104506
 20
53.83514755224736
 30
0.0
 11
11.0263879104506
 21
53.8
 31
0.0
  0
LINE
  5
4BF
330
1F
100
AcDbEntity
  8
AM_9
100
AcDbLine
 10
11.25986161686639
 20
53.81677588468002
 30
0.0
 11
11.25986161688934
 21
53.8
 31
0.0
  0
LINE
  5
4C0
330
1F
100
AcDbEntity
  8
AM_9
100
AcDbLine
 10
20.16413167798046
 20
53.81677588467588
 30
0.0
 11
20.08312131680547
 21
53.81677588467588
 31
0.0
  0
LINE
  5
4C1
330
1F
100
AcDbEntity
  8
AM_9
100
AcDbLine
 10
20.08312131680547
 20
53.81677588467588
 30
0.0
 11
20.08312131686337
 21
53.8
 31
0.0
  0
LINE
  5
4C2
330
1F
100
AcDbEntity
  8
AM_9
100
AcDbLine
 10
18.68337582403079
 20
53.93273999427426
 30
0.0
 11
18.68337582403079
 21
53.8
 31
0.0
  0
LINE
  5
4C3
330
1F
100
AcDbEntity
  8
AM_9
100
AcDbLine
 10
16.45967179464688
 20
53.93273999427426
 30
0.0
 11
15.68858524267212
 21
53.93273999427426
 31
0.0
  0
LINE
  5
4C4
330
1F
100
AcDbEntity
  8
AM_9
100
AcDbLine
 10
18.56745348945552
 20
53.95414967077011
 30
0.0
 11
18.56745348945552
 21
53.8
 31
0.0
  0
LINE
  5
4C5
330
1F
100
AcDbEntity
  8
AM_9
100
AcDbLine
 10
10.85373964654158
 20
53.95414967077011
 30
0.0
 11
10.85373964654158
 21
53.8
 31
0.0
  0
LINE
  5
4C6
330
1F
100
AcDbEntity
  8
AM_9
100
AcDbLine
 10
18.56745348945552
 20
53.95414967077011
 30
0.0
 11
18.68337582403079
 21
53.93273999427426
 31
0.0
  0
LINE
  5
4C7
330
1F
100
AcDbEntity
  8
AM_9
100
AcDbLine
 10
5.06580265356896
 20
55.22838225021472
 30
0.0
 11
5.065802653568949
 21
53.8
 31
0.0
  0
LINE
  5
4C8
330
1F
100
AcDbEntity
  8
AM_9
100
AcDbLine
 10
6.915582294867868
 20
55.22838225021472
 30
0.0
 11
6.534126792615456
 21
55.22838225021471
 31
0.0
  0
LINE
  5
4C9
330
1F
100
AcDbEntity
  8
AM_9
100
AcDbLine
 10
18.13274249647687
 20
54.03443595762955
 30
0.0
 11
18.13274249647687
 21
53.8
 31
0.0
  0
LINE
  5
4CA
330
1F
100
AcDbEntity
  8
AM_9
100
AcDbLine
 10
16.03109386433241
 20
54.03443595762954
 30
0.0
 11
15.28549367056194
 21
54.03443595762955
 31
0.0
  0
LINE
  5
4CB
330
1F
100
AcDbEntity
  8
AM_9
100
AcDbLine
 10
8.426289810037925
 20
55.30799999999999
 30
0.0
 11
8.426289810037925
 21
55.358
 31
0.0
  0
LINE
  5
4CC
330
1F
100
AcDbEntity
  8
AM_9
100
AcDbLine
 10
18.01681892930839
 20
54.0558456341254
 30
0.0
 11
18.01681892930839
 21
53.8
 31
0.0
  0
LINE
  5
4CD
330
1F
100
AcDbEntity
  8
AM_9
100
AcDbLine
 10
15.94351801896623
 20
54.05584563412538
 30
0.0
 11
15.19499999999999
 21
54.0558456341254
 31
0.0
  0
LINE
  5
4CE
330
1F
100
AcDbEntity
  8
AM_9
100
AcDbLine
 10
10.70619756082549
 20
54.0558456341254
 30
0.0
 11
10.70619756082549
 21
53.8
 31
0.0
  0
LINE
  5
4CF
330
1F
100
AcDbEntity
  8
AM_9
100
AcDbLine
 10
18.01681892930839
 20
54.0558456341254
 30
0.0
 11
18.13274249647687
 21
54.03443595762955
 31
0.0
  0
LINE
  5
4D0
330
1F
100
AcDbEntity
  8
AM_9
100
AcDbLine
 10
7.090733891964585
 20
55.30799999999999
 30
0.0
 11
7.090733891964585
 21
55.358
 31
0.0
  0
LINE
  5
4D1
330
1F
100
AcDbEntity
  8
AM_9
100
AcDbLine
 10
5.150721190757078
 20
55.24979192671056
 30
0.0
 11
5.150721190757067
 21
53.8
 31
0.0
  0
LINE
  5
4D2
330
1F
100
AcDbEntity
  8
AM_9
100
AcDbLine
 10
6.946664636730929
 20
55.24979192671056
 30
0.0
 11
6.567463529036905
 21
55.24979192671056
 31
0.0
  0
LINE
  5
4D3
330
1F
100
AcDbEntity
  8
AM_9
100
AcDbLine
 10
8.671335363269057
 20
55.24979192671056
 30
0.0
 11
8.671335363269062
 21
53.8
 31
0.0
  0
LINE
  5
4D4
330
1F
100
AcDbEntity
  8
AM_9
100
AcDbLine
 10
5.06580265356896
 20
55.22838225021472
 30
0.0
 11
5.150721190757078
 21
55.24979192671056
 31
0.0
  0
LINE
  5
4D5
330
1F
100
AcDbEntity
  8
AM_9
100
AcDbLine
 10
17.59466145267241
 20
54.13381253936444
 30
0.0
 11
17.59466145267241
 21
53.8
 31
0.0
  0
LINE
  5
4D6
330
1F
100
AcDbEntity
  8
AM_9
100
AcDbLine
 10
15.61227764231488
 20
54.13381253936443
 30
0.0
 11
14.8915910079074
 21
54.13381253936444
 31
0.0
  0
LINE
  5
4D7
330
1F
100
AcDbEntity
  8
AM_9
100
AcDbLine
 10
17.47873647410465
 20
54.15522221586029
 30
0.0
 11
17.47873647410464
 21
53.8
 31
0.0
  0
LINE
  5
4D8
330
1F
100
AcDbEntity
  8
AM_9
100
AcDbLine
 10
15.52204620559732
 20
54.15522221586029
 30
0.0
 11
14.80672803372945
 21
54.1552222158603
 31
0.0
  0
LINE
  5
4D9
330
1F
100
AcDbEntity
  8
AM_9
100
AcDbLine
 10
10.56201880149229
 20
54.15522221586029
 30
0.0
 11
10.56201880149229
 21
53.8
 31
0.0
  0
LINE
  5
4DA
330
1F
100
AcDbEntity
  8
AM_9
100
AcDbLine
 10
17.47873647410465
 20
54.15522221586029
 30
0.0
 11
17.59466145267241
 21
54.13381253936444
 31
0.0
  0
LINE
  5
4DB
330
1F
100
AcDbEntity
  8
AM_9
100
AcDbLine
 10
5.387100982973161
 20
55.30938219295734
 30
0.0
 11
5.387100982973153
 21
53.8
 31
0.0
  0
LINE
  5
4DC
330
1F
100
AcDbEntity
  8
AM_9
100
AcDbLine
 10
7.033185645623306
 20
55.30938219295734
 30
0.0
 11
6.660216454936883
 21
55.30938219295734
 31
0.0
  0
LINE
  5
4DD
330
1F
100
AcDbEntity
  8
AM_9
100
AcDbLine
 10
17.05560736206265
 20
54.23336753507014
 30
0.0
 11
17.05560736206265
 21
53.8
 31
0.0
  0
LINE
  5
4DE
330
1F
100
AcDbEntity
  8
AM_9
100
AcDbLine
 10
15.19269608030673
 20
54.23336753507014
 30
0.0
 11
14.49697602555321
 21
54.23336753507014
 31
0.0
  0
LINE
  5
4DF
330
1F
100
AcDbEntity
  8
AM_9
100
AcDbLine
 10
16.93968071485783
 20
54.25477721156599
 30
0.0
 11
17.05560736206265
 21
54.23336753507014
 31
0.0
  0
LINE
  5
4E0
330
1F
100
AcDbEntity
  8
AM_9
100
AcDbLine
 10
16.93968071485783
 20
54.25477721156599
 30
0.0
 11
16.93968071485783
 21
53.8
 31
0.0
  0
LINE
  5
4E1
330
1F
100
AcDbEntity
  8
AM_9
100
AcDbLine
 10
15.10246166496865
 20
54.25477721156599
 30
0.0
 11
14.41211182984816
 21
54.25477721156599
 31
0.0
  0
LINE
  5
4E2
330
1F
100
AcDbEntity
  8
AM_9
100
AcDbLine
 10
10.41757924612676
 20
54.25477721156599
 30
0.0
 11
10.41757924612676
 21
53.8
 31
0.0
  0
LINE
  5
4E3
330
1F
100
AcDbEntity
  8
AM_9
100
AcDbLine
 10
5.387100982973161
 20
55.30938219295734
 30
0.0
 11
5.465667126704778
 21
55.32918614371599
 31
0.0
  0
LINE
  5
4E4
330
1F
100
AcDbEntity
  8
AM_9
100
AcDbLine
 10
5.465667126704778
 20
55.32918614371599
 30
0.0
 11
5.465667126704794
 21
53.8
 31
0.0
  0
LINE
  5
4E5
330
1F
100
AcDbEntity
  8
AM_9
100
AcDbLine
 10
7.061942850106468
 20
55.32918614371599
 30
0.0
 11
6.691029626160638
 21
55.32918614371601
 31
0.0
  0
LINE
  5
4E6
330
1F
100
AcDbEntity
  8
AM_9
100
AcDbLine
 10
8.556057149893533
 20
55.32918614371599
 30
0.0
 11
8.55605714989353
 21
53.8
 31
0.0
  0
LINE
  5
4E7
330
1F
100
AcDbEntity
  8
AM_9
100
AcDbLine
 10
16.51751102582412
 20
54.33274411680504
 30
0.0
 11
16.51751102582413
 21
53.8
 31
0.0
  0
LINE
  5
4E8
330
1F
100
AcDbEntity
  8
AM_9
100
AcDbLine
 10
14.77385237253755
 20
54.33274411680504
 30
0.0
 11
14.10306216805992
 21
54.33274411680504
 31
0.0
  0
LINE
  5
4E9
330
1F
100
AcDbEntity
  8
AM_9
100
AcDbLine
 10
16.40158239379791
 20
54.35415379330089
 30
0.0
 11
16.40158239379792
 21
53.8
 31
0.0
  0
LINE
  5
4EA
330
1F
100
AcDbEntity
  8
AM_9
100
AcDbLine
 10
10.27339623555021
 20
54.35415379330089
 30
0.0
 11
10.27339623555021
 21
53.8
 31
0.0
  0
LINE
  5
4EB
330
1F
100
AcDbEntity
  8
AM_9
100
AcDbLine
 10
16.40158239379791
 20
54.35415379330089
 30
0.0
 11
16.51751102582412
 21
54.33274411680504
 31
0.0
  0
LINE
  5
4EC
330
1F
100
AcDbEntity
  8
AM_9
100
AcDbLine
 10
5.579986592713674
 20
55.358
 30
0.0
 11
5.579986592713674
 21
53.8
 31
0.0
  0
LINE
  5
4ED
330
1F
100
AcDbEntity
  8
AM_9
100
AcDbLine
 10
5.402771800845914
 20
55.358
 30
0.0
 11
-1.095270061091117
 21
53.8167758846658
 31
0.0
  0
LINE
  5
4EE
330
1F
100
AcDbEntity
  8
AM_9
100
AcDbLine
 10
15.97843868528547
 20
54.43229911251073
 30
0.0
 11
15.97843868528547
 21
53.8
 31
0.0
  0
LINE
  5
4EF
330
1F
100
AcDbEntity
  8
AM_9
100
AcDbLine
 10
14.35424189705722
 20
54.43229911251073
 30
0.0
 11
13.70843382583058
 21
54.43229911251073
 31
0.0
  0
LINE
  5
4F0
330
1F
100
AcDbEntity
  8
AM_9
100
AcDbLine
 10
15.86250765784914
 20
54.45370878900658
 30
0.0
 11
15.86250765784914
 21
53.8
 31
0.0
  0
LINE
  5
4F1
330
1F
100
AcDbEntity
  8
AM_9
100
AcDbLine
 10
14.26400108279108
 20
54.45370878900658
 30
0.0
 11
13.62356642357351
 21
54.45370878900659
 31
0.0
  0
LINE
  5
4F2
330
1F
100
AcDbEntity
  8
AM_9
100
AcDbLine
 10
10.12895159539272
 20
54.45370878900658
 30
0.0
 11
10.12895159539272
 21
53.8
 31
0.0
  0
LINE
  5
4F3
330
1F
100
AcDbEntity
  8
AM_9
100
AcDbLine
 10
15.86250765784914
 20
54.45370878900658
 30
0.0
 11
15.97843868528547
 21
54.43229911251073
 31
0.0
  0
LINE
  5
4F4
330
1F
100
AcDbEntity
  8
AM_9
100
AcDbLine
 10
-1.316594483602449
 20
53.8167758846658
 30
0.0
 11
5.181447378334515
 21
55.358
 31
0.0
  0
LINE
  5
4F5
330
1F
100
AcDbEntity
  8
AM_9
100
AcDbLine
 10
-1.316594483602449
 20
53.8167758846658
 30
0.0
 11
-1.316594483602503
 21
53.8
 31
0.0
  0
LINE
  5
4F6
330
1F
100
AcDbEntity
  8
AM_9
100
AcDbLine
 10
15.43935429637732
 20
54.53185410821643
 30
0.0
 11
15.43935429637732
 21
53.8
 31
0.0
  0
LINE
  5
4F7
330
1F
100
AcDbEntity
  8
AM_9
100
AcDbLine
 10
13.93461592274277
 20
54.53185410821643
 30
0.0
 11
13.31379666358258
 21
54.53185410821644
 31
0.0
  0
LINE
  5
4F8
330
1F
100
AcDbEntity
  8
AM_9
100
AcDbLine
 10
15.32342034679994
 20
54.55326378471229
 30
0.0
 11
15.32342034679994
 21
53.8
 31
0.0
  0
LINE
  5
4F9
330
1F
100
AcDbEntity
  8
AM_9
100
AcDbLine
 10
13.84437169072594
 20
54.55326378471229
 30
0.0
 11
13.22892712216981
 21
54.55326378471229
 31
0.0
  0
LINE
  5
4FA
330
1F
100
AcDbEntity
  8
AM_9
100
AcDbLine
 10
9.984503585747218
 20
54.55326378471229
 30
0.0
 11
9.98450358574722
 21
53.8
 31
0.0
  0
LINE
  5
4FB
330
1F
100
AcDbEntity
  8
AM_9
100
AcDbLine
 10
15.32342034679994
 20
54.55326378471229
 30
0.0
 11
15.43935429637732
 21
54.53185410821643
 31
0.0
  0
LINE
  5
4FC
330
1F
100
AcDbEntity
  8
AM_9
100
AcDbLine
 10
14.90122126967964
 20
54.63123068995133
 30
0.0
 11
14.90122126967964
 21
53.8
 31
0.0
  0
LINE
  5
4FD
330
1F
100
AcDbEntity
  8
AM_9
100
AcDbLine
 10
13.51572588698027
 20
54.63123068995133
 30
0.0
 11
12.91985594680906
 21
54.63123068995133
 31
0.0
  0
LINE
  5
4FE
330
1F
100
AcDbEntity
  8
AM_9
100
AcDbLine
 10
14.78528371187313
 20
54.65264036644718
 30
0.0
 11
14.90122126967964
 21
54.63123068995133
 31
0.0
  0
LINE
  5
4FF
330
1F
100
AcDbEntity
  8
AM_9
100
AcDbLine
 10
14.78528371187313
 20
54.65264036644718
 30
0.0
 11
14.78528371187313
 21
53.8
 31
0.0
  0
LINE
  5
500
330
1F
100
AcDbEntity
  8
AM_9
100
AcDbLine
 10
9.840310309000976
 20
54.65264036644718
 30
0.0
 11
9.840310309000976
 21
53.8
 31
0.0
  0
LINE
  5
501
330
1F
100
AcDbEntity
  8
AM_9
100
AcDbLine
 10
14.3621037306514
 20
54.73078568565703
 30
0.0
 11
14.3621037306514
 21
53.8
 31
0.0
  0
LINE
  5
502
330
1F
100
AcDbEntity
  8
AM_9
100
AcDbLine
 10
13.09606720638573
 20
54.73078568565703
 30
0.0
 11
12.52519451698889
 21
54.73078568565703
 31
0.0
  0
LINE
  5
503
330
1F
100
AcDbEntity
  8
AM_9
100
AcDbLine
 10
14.24616162794971
 20
54.75219536215288
 30
0.0
 11
14.3621037306514
 21
54.73078568565703
 31
0.0
  0
LINE
  5
504
330
1F
100
AcDbEntity
  8
AM_9
100
AcDbLine
 10
14.24616162794971
 20
54.75219536215288
 30
0.0
 11
14.24616162794971
 21
53.8
 31
0.0
  0
LINE
  5
505
330
1F
100
AcDbEntity
  8
AM_9
100
AcDbLine
 10
13.00581582824567
 20
54.75219536215288
 30
0.0
 11
12.44031900707489
 21
54.75219536215288
 31
0.0
  0
LINE
  5
506
330
1F
100
AcDbEntity
  8
AM_9
100
AcDbLine
 10
9.695852981991914
 20
54.75219536215288
 30
0.0
 11
9.695852981991914
 21
53.8
 31
0.0
  0
LINE
  5
507
330
1F
100
AcDbEntity
  8
AM_9
100
AcDbLine
 10
13.82296287765026
 20
54.83034068136273
 30
0.0
 11
13.82296287765026
 21
53.8
 31
0.0
  0
LINE
  5
508
330
1F
100
AcDbEntity
  8
AM_9
100
AcDbLine
 10
12.67639168847418
 20
54.83034068136273
 30
0.0
 11
12.13051602015601
 21
54.83034068136273
 31
0.0
  0
LINE
  5
509
330
1F
100
AcDbEntity
  8
AM_9
100
AcDbLine
 10
13.7070149496566
 20
54.85175035785858
 30
0.0
 11
13.82296287765026
 21
54.83034068136273
 31
0.0
  0
LINE
  5
50A
330
1F
100
AcDbEntity
  8
AM_9
100
AcDbLine
 10
13.7070149496566
 20
54.85175035785858
 30
0.0
 11
13.7070149496566
 21
53.8
 31
0.0
  0
LINE
  5
50B
330
1F
100
AcDbEntity
  8
AM_9
100
AcDbLine
 10
12.58613670211866
 20
54.85175035785858
 30
0.0
 11
12.04563624583234
 21
54.85175035785858
 31
0.0
  0
LINE
  5
50C
330
1F
100
AcDbEntity
  8
AM_9
100
AcDbLine
 10
9.551389064941354
 20
54.85175035785858
 30
0.0
 11
9.551389064941354
 21
53.8
 31
0.0
  0
LINE
  5
50D
330
1F
100
AcDbEntity
  8
AM_9
100
AcDbLine
 10
13.28475816211259
 20
54.92971726309762
 30
0.0
 11
13.28475816211259
 21
53.8
 31
0.0
  0
LINE
  5
50E
330
1F
100
AcDbEntity
  8
AM_9
100
AcDbLine
 10
12.25745176088983
 20
54.92971726309762
 30
0.0
 11
11.7365228235093
 21
54.92971726309762
 31
0.0
  0
LINE
  5
50F
330
1F
100
AcDbEntity
  8
AM_9
100
AcDbLine
 10
13.16783630944886
 20
54.95130535356427
 30
0.0
 11
13.16783630944886
 21
53.8
 31
0.0
  0
LINE
  5
510
330
1F
100
AcDbEntity
  8
AM_9
100
AcDbLine
 10
9.40691658372158
 20
54.95130535356427
 30
0.0
 11
9.40691658372158
 21
53.8
 31
0.0
  0
LINE
  5
511
330
1F
100
AcDbEntity
  8
AM_9
100
AcDbLine
 10
13.16783630944886
 20
54.95130535356427
 30
0.0
 11
13.28475816211259
 21
54.92971726309762
 31
0.0
  0
LINE
  5
512
330
1F
100
AcDbEntity
  8
AM_9
100
AcDbLine
 10
12.74554728903161
 20
55.02927225880332
 30
0.0
 11
12.74554728903161
 21
53.8
 31
0.0
  0
LINE
  5
513
330
1F
100
AcDbEntity
  8
AM_9
100
AcDbLine
 10
11.83774435519334
 20
55.02927225880332
 30
0.0
 11
11.34179306842046
 21
55.02927225880332
 31
0.0
  0
LINE
  5
514
330
1F
100
AcDbEntity
  8
AM_9
100
AcDbLine
 10
12.62958146269106
 20
55.05068193529917
 30
0.0
 11
12.74554728903161
 21
55.02927225880332
 31
0.0
  0
LINE
  5
515
330
1F
100
AcDbEntity
  8
AM_9
100
AcDbLine
 10
12.62958146269106
 20
55.05068193529917
 30
0.0
 11
12.62958146269105
 21
53.8
 31
0.0
  0
LINE
  5
516
330
1F
100
AcDbEntity
  8
AM_9
100
AcDbLine
 10
9.262691632210688
 20
55.05068193529917
 30
0.0
 11
9.26269163221069
 21
53.8
 31
0.0
  0
LINE
  5
517
330
1F
100
AcDbEntity
  8
AM_9
100
AcDbLine
 10
12.21691326191779
 20
55.12686470083023
 30
0.0
 11
12.21691326191779
 21
53.8
 31
0.0
  0
LINE
  5
518
330
1F
100
AcDbEntity
  8
AM_9
100
AcDbLine
 10
11.42629866903667
 20
55.12686470083023
 30
0.0
 11
10.95480610196341
 21
55.12686470083023
 31
0.0
  0
LINE
  5
519
330
1F
100
AcDbEntity
  8
AM_9
100
AcDbLine
 10
12.10093346470745
 20
55.14827437732608
 30
0.0
 11
12.10093346470745
 21
53.8
 31
0.0
  0
LINE
  5
51A
330
1F
100
AcDbEntity
  8
AM_9
100
AcDbLine
 10
11.33603525580619
 20
55.14827437732608
 30
0.0
 11
10.86990299775388
 21
55.14827437732608
 31
0.0
  0
LINE
  5
51B
330
1F
100
AcDbEntity
  8
AM_9
100
AcDbLine
 10
9.121040828070651
 20
55.14827437732608
 30
0.0
 11
9.121040828070653
 21
53.8
 31
0.0
  0
LINE
  5
51C
330
1F
100
AcDbEntity
  8
AM_9
100
AcDbLine
 10
12.10093346470745
 20
55.14827437732608
 30
0.0
 11
12.21691326191779
 21
55.12686470083023
 31
0.0
  0
LINE
  5
51D
330
1F
100
AcDbEntity
  8
AM_9
100
AcDbLine
 10
8.075542787628367
 20
55.30799999999999
 30
0.0
 11
8.075542787628367
 21
55.358
 31
0.0
  0
LINE
  5
51E
330
1F
100
AcDbEntity
  8
AM_9
100
AcDbLine
 10
7.498856129841222
 20
55.30799999999999
 30
0.0
 11
7.498856129841222
 21
55.358
 31
0.0
  0
LINE
  5
51F
330
1F
100
AcDbEntity
  8
AM_9
100
AcDbLine
 10
11.66693947407458
 20
55.22838225021471
 30
0.0
 11
11.66693947407458
 21
53.8
 31
0.0
  0
LINE
  5
520
330
1F
100
AcDbEntity
  8
AM_9
100
AcDbLine
 10
10.99829857333597
 20
55.22838225021471
 30
0.0
 11
10.55219734643105
 21
55.22838225021471
 31
0.0
  0
LINE
  5
521
330
1F
100
AcDbEntity
  8
AM_9
100
AcDbLine
 10
11.55093859502339
 20
55.24979192671056
 30
0.0
 11
11.55093859502339
 21
53.8
 31
0.0
  0
LINE
  5
522
330
1F
100
AcDbEntity
  8
AM_9
100
AcDbLine
 10
10.90803517934935
 20
55.24979192671056
 30
0.0
 11
10.46727880924293
 21
55.24979192671056
 31
0.0
  0
LINE
  5
523
330
1F
100
AcDbEntity
  8
AM_9
100
AcDbLine
 10
8.97367014689755
 20
55.24979192671056
 30
0.0
 11
8.97367014689755
 21
53.8
 31
0.0
  0
LINE
  5
524
330
1F
100
AcDbEntity
  8
AM_9
100
AcDbLine
 10
11.55093859502339
 20
55.24979192671056
 30
0.0
 11
11.66693947407458
 21
55.22838225021471
 31
0.0
  0
LINE
  5
525
330
1F
100
AcDbEntity
  8
AM_9
100
AcDbLine
 10
11.22803779391493
 20
55.30938219295734
 30
0.0
 11
11.22803779391493
 21
53.8
 31
0.0
  0
LINE
  5
526
330
1F
100
AcDbEntity
  8
AM_9
100
AcDbLine
 10
10.65680517742779
 20
55.30938219295734
 30
0.0
 11
10.23089901702685
 21
55.30938219295734
 31
0.0
  0
LINE
  5
527
330
1F
100
AcDbEntity
  8
AM_9
100
AcDbLine
 10
11.12071444570013
 20
55.32918614371601
 30
0.0
 11
11.22803779391493
 21
55.30938219295734
 31
0.0
  0
LINE
  5
528
330
1F
100
AcDbEntity
  8
AM_9
100
AcDbLine
 10
11.12071444570013
 20
55.32918614371601
 30
0.0
 11
11.12071444570013
 21
53.8
 31
0.0
  0
LINE
  5
529
330
1F
100
AcDbEntity
  8
AM_9
100
AcDbLine
 10
10.57331427331365
 20
55.32918614371601
 30
0.0
 11
10.15233287329521
 21
55.32918614371599
 31
0.0
  0
LINE
  5
52A
330
1F
100
AcDbEntity
  8
AM_9
100
AcDbLine
 10
8.858391933522007
 20
55.32918614371601
 30
0.0
 11
8.858391933522016
 21
53.8
 31
0.0
  0
LINE
  5
52B
330
1F
100
AcDbEntity
  8
AM_9
100
AcDbLine
 10
20.08312131680547
 20
53.81677588467588
 30
0.0
 11
11.20663105860266
 21
55.358
 31
0.0
  0
LINE
  5
52C
330
1F
100
AcDbEntity
  8
AM_9
100
AcDbLine
 10
10.96455115098493
 20
55.358
 30
0.0
 11
10.96455115098493
 21
53.8
 31
0.0
  0
LINE
  5
52D
330
1F
100
AcDbEntity
  8
AM_9
100
AcDbLine
 10
10.74996634634254
 20
55.30799999999999
 30
0.0
 11
10.74996634634254
 21
55.358
 31
0.0
  0
LINE
  5
52E
330
1F
100
AcDbEntity
  8
AM_9
100
AcDbLine
 10
8.439180334868626
 20
55.30799999999999
 30
0.0
 11
8.439180334868626
 21
55.358
 31
0.0
  0
LINE
  5
52F
330
1F
100
AcDbEntity
  8
AM_9
100
AcDbLine
 10
10.68980801131343
 20
55.30799999999999
 30
0.0
 11
10.68980801131343
 21
55.358
 31
0.0
  0
LINE
  5
530
330
1F
100
AcDbEntity
  8
AM_0
100
AcDbLine
 10
11.28764141971975
 20
55.358
 30
0.0
 11
20.16413167798046
 21
53.81677588467588
 31
0.0
  0
LINE
  5
531
330
1F
100
AcDbEntity
  8
AM_0
100
AcDbLine
 10
20.16413167798046
 20
53.81677588467588
 30
0.0
 11
20.16413167798046
 21
53.8
 31
0.0
  0
LINE
  5
532
330
1F
100
AcDbEntity
  8
AM_9
100
AcDbLine
 10
4.844234622175835
 20
55.30799999999999
 30
0.0
 11
4.844234622175835
 21
55.358
 31
0.0
  0
LINE
  5
533
330
1F
100
AcDbEntity
  8
AM_9
100
AcDbLine
 10
7.075734734437408
 20
55.30799999999999
 30
0.0
 11
7.075734734437408
 21
55.358
 31
0.0
  0
LINE
  5
534
330
1F
100
AcDbEntity
  8
AM_9
100
AcDbLine
 10
4.904879773421331
 20
55.30799999999999
 30
0.0
 11
4.904879773421331
 21
55.358
 31
0.0
  0
LINE
  5
535
330
1F
100
AcDbEntity
  8
AM_9
100
AcDbLine
 10
4.844234622175835
 20
55.30799999999999
 30
0.0
 11
7.542457212371634
 21
55.30799999999999
 31
0.0
  0
LINE
  5
536
330
1F
100
AcDbEntity
  8
AM_9
100
AcDbLine
 10
9.112107160388662
 20
55.30799999999999
 30
0.0
 11
9.112107160388662
 21
55.358
 31
0.0
  0
LINE
  5
537
330
1F
100
AcDbEntity
  8
AM_9
100
AcDbLine
 10
8.088225400768248
 20
55.30799999999999
 30
0.0
 11
8.088225400768248
 21
55.358
 31
0.0
  0
LINE
  5
538
330
1F
100
AcDbEntity
  8
AM_9
100
AcDbLine
 10
-23.8615
 20
34.659
 30
0.0
 11
-23.7815
 21
34.659
 31
0.0
  0
LINE
  5
539
330
1F
100
AcDbEntity
  8
AM_0
100
AcDbLine
 10
-23.8615
 20
39.659
 30
0.0
 11
-23.7815
 21
39.659
 31
0.0
  0
LINE
  5
53A
330
1F
100
AcDbEntity
  8
AM_9
100
AcDbLine
 10
9.052919121085825
 20
55.30799999999999
 30
0.0
 11
9.052919121085825
 21
55.358
 31
0.0
  0
LINE
  5
53B
330
1F
100
AcDbEntity
  8
AM_9
100
AcDbLine
 10
6.495347772214497
 20
55.30799999999999
 30
0.0
 11
6.495347772214497
 21
55.358
 31
0.0
  0
LINE
  5
53C
330
1F
100
AcDbEntity
  8
AM_9
100
AcDbLine
 10
7.484098894209643
 20
55.30799999999999
 30
0.0
 11
7.484098894209643
 21
55.358
 31
0.0
  0
LINE
  5
53D
330
1F
100
AcDbEntity
  8
AM_9
100
AcDbLine
 10
6.555014775859261
 20
55.30799999999999
 30
0.0
 11
6.555014775859261
 21
55.358
 31
0.0
  0
LINE
  5
53E
330
1F
100
AcDbEntity
  8
AM_9
100
AcDbLine
 10
-11.28
 20
5.704
 30
0.0
 11
-11.28
 21
5.167
 31
0.0
  0
LINE
  5
53F
330
1F
100
AcDbEntity
  8
AM_9
100
AcDbLine
 10
-9.873000000000003
 20
5.704
 30
0.0
 11
-9.873000000000003
 21
5.167
 31
0.0
  0
LINE
  5
540
330
1F
100
AcDbEntity
  8
AM_9
100
AcDbLine
 10
-20.853
 20
5.704
 30
0.0
 11
-20.853
 21
5.167
 31
0.0
  0
LINE
  5
541
330
1F
100
AcDbEntity
  8
AM_9
100
AcDbLine
 10
-19.44600000000001
 20
5.704
 30
0.0
 11
-19.44600000000001
 21
5.167
 31
0.0
  0
LINE
  5
542
330
1F
100
AcDbEntity
  8
AM_9
100
AcDbLine
 10
9.122652227785498
 20
55.30799999999999
 30
0.0
 11
9.122652227785498
 21
55.358
 31
0.0
  0
LINE
  5
543
330
1F
100
AcDbEntity
  8
AM_9
100
AcDbLine
 10
6.505892839611339
 20
55.30799999999999
 30
0.0
 11
6.505892839611339
 21
55.358
 31
0.0
  0
LINE
  5
544
330
1F
100
AcDbEntity
  8
AM_9
100
AcDbLine
 10
9.629999999999999
 20
55.016
 30
0.0
 11
10.876
 21
55.016
 31
0.0
  0
LINE
  5
545
330
1F
100
AcDbEntity
  8
AM_9
100
AcDbLine
 10
10.501
 20
55.016
 30
0.0
 11
10.501
 21
55.358
 31
0.0
  0
LINE
  5
546
330
1F
100
AcDbEntity
  8
AM_9
100
AcDbLine
 10
10.876
 20
55.016
 30
0.0
 11
10.876
 21
55.358
 31
0.0
  0
LINE
  5
547
330
1F
100
AcDbEntity
  8
AM_9
100
AcDbLine
 10
5.117
 20
55.016
 30
0.0
 11
5.117
 21
55.358
 31
0.0
  0
LINE
  5
548
330
1F
100
AcDbEntity
  8
AM_9
100
AcDbLine
 10
4.742
 20
55.358
 30
0.0
 11
4.742
 21
55.016
 31
0.0
  0
LINE
  5
549
330
1F
100
AcDbEntity
  8
AM_9
100
AcDbLine
 10
10.005
 20
55.016
 30
0.0
 11
10.005
 21
55.358
 31
0.0
  0
LINE
  5
54A
330
1F
100
AcDbEntity
  8
AM_9
100
AcDbLine
 10
9.629999999999999
 20
55.358
 30
0.0
 11
9.629999999999999
 21
55.016
 31
0.0
  0
LINE
  5
54B
330
1F
100
AcDbEntity
  8
AM_9
100
AcDbLine
 10
4.742
 20
55.016
 30
0.0
 11
5.987999999999999
 21
55.016
 31
0.0
  0
LINE
  5
54C
330
1F
100
AcDbEntity
  8
AM_9
100
AcDbLine
 10
5.612999999999999
 20
55.016
 30
0.0
 11
5.612999999999999
 21
55.358
 31
0.0
  0
LINE
  5
54D
330
1F
100
AcDbEntity
  8
AM_9
100
AcDbLine
 10
5.987999999999999
 20
55.016
 30
0.0
 11
5.987999999999999
 21
55.358
 31
0.0
  0
LINE
  5
54E
330
1F
100
AcDbEntity
  8
AM_9
100
AcDbLine
 10
10.77376537782416
 20
55.30799999999999
 30
0.0
 11
10.77376537782416
 21
55.358
 31
0.0
  0
LINE
  5
54F
330
1F
100
AcDbEntity
  8
AM_9
100
AcDbLine
 10
4.572438487897979
 20
55.358
 30
0.0
 11
4.572438487897979
 21
53.8
 31
0.0
  0
LINE
  5
550
330
1F
100
AcDbEntity
  8
AM_9
100
AcDbLine
 10
5.358662170202278
 20
55.358
 30
0.0
 11
5.358662170202278
 21
53.8
 31
0.0
  0
LINE
  5
551
330
1F
100
AcDbEntity
  8
AM_9
100
AcDbLine
 10
4.496499999999999
 20
55.358
 30
0.0
 11
4.496499999999999
 21
53.8
 31
0.0
  0
LINE
  5
552
330
1F
100
AcDbEntity
  8
AM_9
100
AcDbLine
 10
4.868033653657454
 20
55.30799999999999
 30
0.0
 11
4.868033653657454
 21
55.358
 31
0.0
  0
LINE
  5
553
330
1F
100
AcDbEntity
  8
AM_9
100
AcDbLine
 10
4.416275193182791
 20
55.32918614371601
 30
0.0
 11
4.416275193182779
 21
53.8
 31
0.0
  0
LINE
  5
554
330
1F
100
AcDbEntity
  8
AM_9
100
AcDbLine
 10
5.244342704193405
 20
55.32918614371601
 30
0.0
 11
5.244342704193394
 21
53.8
 31
0.0
  0
LINE
  5
555
330
1F
100
AcDbEntity
  8
AM_9
100
AcDbLine
 10
4.334999999999998
 20
55.32918614371601
 30
0.0
 11
4.334999999999998
 21
53.8
 31
0.0
  0
LINE
  5
556
330
1F
100
AcDbEntity
  8
AM_9
100
AcDbLine
 10
4.308951844967956
 20
55.30938219295734
 30
0.0
 11
4.308951844967973
 21
53.8
 31
0.0
  0
LINE
  5
557
330
1F
100
AcDbEntity
  8
AM_9
100
AcDbLine
 10
5.165776560461753
 20
55.30938219295734
 30
0.0
 11
5.165776560461752
 21
53.8
 31
0.0
  0
LINE
  5
558
330
1F
100
AcDbEntity
  8
AM_9
100
AcDbLine
 10
4.223999999999999
 20
55.30938219295734
 30
0.0
 11
4.223999999999999
 21
53.8
 31
0.0
  0
LINE
  5
559
330
1F
100
AcDbEntity
  8
AM_9
100
AcDbLine
 10
4.308951844967956
 20
55.30938219295734
 30
0.0
 11
4.416275193182791
 21
55.32918614371601
 31
0.0
  0
LINE
  5
55A
330
1F
100
AcDbEntity
  8
AM_9
100
AcDbLine
 10
4.496499999999999
 20
55.32918614371601
 30
0.0
 11
4.335000000000013
 21
55.32918614371601
 31
0.0
  0
LINE
  5
55B
330
1F
100
AcDbEntity
  8
AM_9
100
AcDbLine
 10
5.244342704193405
 20
55.32918614371601
 30
0.0
 11
5.165776560461753
 21
55.30938219295734
 31
0.0
  0
LINE
  5
55C
330
1F
100
AcDbEntity
  8
AM_9
100
AcDbLine
 10
4.389962206085067
 20
55.30938219295734
 30
0.0
 11
4.223999999999979
 21
55.30938219295734
 31
0.0
  0
LINE
  5
55D
330
1F
100
AcDbEntity
  8
AM_9
100
AcDbLine
 10
4.335000000000011
 20
55.32918614371601
 30
0.0
 11
4.223999999999998
 21
55.30938219295734
 31
0.0
  0
LINE
  5
55E
330
1F
100
AcDbEntity
  8
AM_9
100
AcDbLine
 10
3.986051043859511
 20
55.24979192671056
 30
0.0
 11
3.986051043859515
 21
53.8
 31
0.0
  0
LINE
  5
55F
330
1F
100
AcDbEntity
  8
AM_9
100
AcDbLine
 10
4.929396768245667
 20
55.24979192671056
 30
0.0
 11
4.929396768245667
 21
53.8
 31
0.0
  0
LINE
  5
560
330
1F
100
AcDbEntity
  8
AM_9
100
AcDbLine
 10
3.889999999999997
 20
55.24979192671056
 30
0.0
 11
3.889999999999997
 21
53.8
 31
0.0
  0
LINE
  5
561
330
1F
100
AcDbEntity
  8
AM_9
100
AcDbLine
 10
3.870050164808338
 20
55.22838225021471
 30
0.0
 11
3.870050164808342
 21
53.8
 31
0.0
  0
LINE
  5
562
330
1F
100
AcDbEntity
  8
AM_9
100
AcDbLine
 10
4.844478231057551
 20
55.22838225021471
 30
0.0
 11
4.84447823105755
 21
53.8
 31
0.0
  0
LINE
  5
563
330
1F
100
AcDbEntity
  8
AM_9
100
AcDbLine
 10
3.770000000000004
 20
55.22838225021471
 30
0.0
 11
3.770000000000004
 21
53.8
 31
0.0
  0
LINE
  5
564
330
1F
100
AcDbEntity
  8
AM_9
100
AcDbLine
 10
3.870050164808338
 20
55.22838225021471
 30
0.0
 11
3.986051043859511
 21
55.24979192671056
 31
0.0
  0
LINE
  5
565
330
1F
100
AcDbEntity
  8
AM_9
100
AcDbLine
 10
4.067061404976628
 20
55.24979192671056
 30
0.0
 11
3.889999999999997
 21
55.24979192671056
 31
0.0
  0
LINE
  5
566
330
1F
100
AcDbEntity
  8
AM_9
100
AcDbLine
 10
4.929396768245667
 20
55.24979192671056
 30
0.0
 11
4.844478231057551
 21
55.22838225021471
 31
0.0
  0
LINE
  5
567
330
1F
100
AcDbEntity
  8
AM_9
100
AcDbLine
 10
3.951060525925426
 20
55.22838225021471
 30
0.0
 11
3.770000000000003
 21
55.22838225021471
 31
0.0
  0
LINE
  5
568
330
1F
100
AcDbEntity
  8
AM_9
100
AcDbLine
 10
3.889999999999995
 20
55.24979192671056
 30
0.0
 11
3.769999999999997
 21
55.22838225021471
 31
0.0
  0
LINE
  5
569
330
1F
100
AcDbEntity
  8
AM_9
100
AcDbLine
 10
3.436056174175476
 20
55.14827437732608
 30
0.0
 11
3.43605617417546
 21
53.8
 31
0.0
  0
LINE
  5
56A
330
1F
100
AcDbEntity
  8
AM_9
100
AcDbLine
 10
4.526772579734728
 20
55.14827437732608
 30
0.0
 11
4.526772579734716
 21
53.8
 31
0.0
  0
LINE
  5
56B
330
1F
100
AcDbEntity
  8
AM_9
100
AcDbLine
 10
3.320999999999997
 20
55.14827437732608
 30
0.0
 11
3.320999999999997
 21
53.8
 31
0.0
  0
LINE
  5
56C
330
1F
100
AcDbEntity
  8
AM_9
100
AcDbLine
 10
3.320076376965124
 20
55.12686470083024
 30
0.0
 11
3.436056174175476
 21
55.14827437732608
 31
0.0
  0
LINE
  5
56D
330
1F
100
AcDbEntity
  8
AM_9
100
AcDbLine
 10
3.517066535292527
 20
55.14827437732608
 30
0.0
 11
3.321000000000015
 21
55.14827437732608
 31
0.0
  0
LINE
  5
56E
330
1F
100
AcDbEntity
  8
AM_9
100
AcDbLine
 10
4.526772579734728
 20
55.14827437732608
 30
0.0
 11
4.441869475525207
 21
55.12686470083023
 31
0.0
  0
LINE
  5
56F
330
1F
100
AcDbEntity
  8
AM_9
100
AcDbLine
 10
3.321000000000015
 20
55.14827437732608
 30
0.0
 11
3.200999999999999
 21
55.12686470083023
 31
0.0
  0
LINE
  5
570
330
1F
100
AcDbEntity
  8
AM_9
100
AcDbLine
 10
3.320076376965124
 20
55.12686470083024
 30
0.0
 11
3.320076376965113
 21
53.8
 31
0.0
  0
LINE
  5
571
330
1F
100
AcDbEntity
  8
AM_9
100
AcDbLine
 10
4.441869475525207
 20
55.12686470083023
 30
0.0
 11
4.441869475525206
 21
53.8
 31
0.0
  0
LINE
  5
572
330
1F
100
AcDbEntity
  8
AM_9
100
AcDbLine
 10
3.401086738082204
 20
55.12686470083024
 30
0.0
 11
3.20100000000001
 21
55.12686470083024
 31
0.0
  0
LINE
  5
573
330
1F
100
AcDbEntity
  8
AM_9
100
AcDbLine
 10
3.200999999999997
 20
55.12686470083023
 30
0.0
 11
3.200999999999997
 21
53.8
 31
0.0
  0
LINE
  5
574
330
1F
100
AcDbEntity
  8
AM_9
100
AcDbLine
 10
-18.241
 20
5.704
 30
0.0
 11
-18.241
 21
5.167
 31
0.0
  0
LINE
  5
575
330
1F
100
AcDbEntity
  8
AM_9
100
AcDbLine
 10
-12.485
 20
5.704
 30
0.0
 11
-12.485
 21
5.167
 31
0.0
  0
LINE
  5
576
330
1F
100
AcDbEntity
  8
AM_9
100
AcDbLine
 10
2.907408176191852
 20
55.05068193529917
 30
0.0
 11
2.907408176191856
 21
53.8
 31
0.0
  0
LINE
  5
577
330
1F
100
AcDbEntity
  8
AM_9
100
AcDbLine
 10
4.139775385891146
 20
55.05068193529917
 30
0.0
 11
4.139775385891149
 21
53.8
 31
0.0
  0
LINE
  5
578
330
1F
100
AcDbEntity
  8
AM_9
100
AcDbLine
 10
2.774000000000002
 20
55.05068193529917
 30
0.0
 11
2.774000000000002
 21
53.8
 31
0.0
  0
LINE
  5
579
330
1F
100
AcDbEntity
  8
AM_9
100
AcDbLine
 10
2.791442349851305
 20
55.02927225880332
 30
0.0
 11
2.907408176191852
 21
55.05068193529917
 31
0.0
  0
LINE
  5
57A
330
1F
100
AcDbEntity
  8
AM_9
100
AcDbLine
 10
2.988418537308941
 20
55.05068193529917
 30
0.0
 11
2.773999999999996
 21
55.05068193529917
 31
0.0
  0
LINE
  5
57B
330
1F
100
AcDbEntity
  8
AM_9
100
AcDbLine
 10
4.139775385891146
 20
55.05068193529917
 30
0.0
 11
4.054882509068152
 21
55.02927225880332
 31
0.0
  0
LINE
  5
57C
330
1F
100
AcDbEntity
  8
AM_9
100
AcDbLine
 10
2.773999999999998
 20
55.05068193529917
 30
0.0
 11
2.654
 21
55.02927225880332
 31
0.0
  0
LINE
  5
57D
330
1F
100
AcDbEntity
  8
AM_9
100
AcDbLine
 10
2.791442349851305
 20
55.02927225880332
 30
0.0
 11
2.791442349851302
 21
53.8
 31
0.0
  0
LINE
  5
57E
330
1F
100
AcDbEntity
  8
AM_9
100
AcDbLine
 10
4.054882509068152
 20
55.02927225880332
 30
0.0
 11
4.054882509068151
 21
53.8
 31
0.0
  0
LINE
  5
57F
330
1F
100
AcDbEntity
  8
AM_9
100
AcDbLine
 10
2.872452710968387
 20
55.02927225880332
 30
0.0
 11
2.654000000000005
 21
55.02927225880332
 31
0.0
  0
LINE
  5
580
330
1F
100
AcDbEntity
  8
AM_9
100
AcDbLine
 10
2.654000000000001
 20
55.02927225880332
 30
0.0
 11
2.654000000000001
 21
53.8
 31
0.0
  0
LINE
  5
581
330
1F
100
AcDbEntity
  8
AM_9
100
AcDbLine
 10
8.119143870158776
 20
55.30799999999999
 30
0.0
 11
8.119143870158776
 21
55.358
 31
0.0
  0
LINE
  5
582
330
1F
100
AcDbEntity
  8
AM_9
100
AcDbLine
 10
9.062985224140737
 20
55.30799999999999
 30
0.0
 11
9.062985224140737
 21
55.358
 31
0.0
  0
LINE
  5
583
330
1F
100
AcDbEntity
  8
AM_9
100
AcDbLine
 10
7.542457212371634
 20
55.30799999999999
 30
0.0
 11
7.542457212371634
 21
55.358
 31
0.0
  0
LINE
  5
584
330
1F
100
AcDbEntity
  8
AM_9
100
AcDbLine
 10
6.565080878914173
 20
55.30799999999999
 30
0.0
 11
6.565080878914173
 21
55.358
 31
0.0
  0
LINE
  5
585
330
1F
100
AcDbEntity
  8
AM_9
100
AcDbLine
 10
2.369153329434034
 20
54.95130535356427
 30
0.0
 11
2.369153329434044
 21
53.8
 31
0.0
  0
LINE
  5
586
330
1F
100
AcDbEntity
  8
AM_9
100
AcDbLine
 10
3.745745490644224
 20
54.95130535356427
 30
0.0
 11
3.745745490644228
 21
53.8
 31
0.0
  0
LINE
  5
587
330
1F
100
AcDbEntity
  8
AM_9
100
AcDbLine
 10
2.217000000000001
 20
54.95130535356427
 30
0.0
 11
2.217000000000001
 21
53.8
 31
0.0
  0
LINE
  5
588
330
1F
100
AcDbEntity
  8
AM_9
100
AcDbLine
 10
8.133901105790354
 20
55.30799999999999
 30
0.0
 11
8.133901105790354
 21
55.358
 31
0.0
  0
LINE
  5
589
330
1F
100
AcDbEntity
  8
AM_9
100
AcDbLine
 10
7.529774599231748
 20
55.30799999999999
 30
0.0
 11
7.529774599231748
 21
55.358
 31
0.0
  0
LINE
  5
58A
330
1F
100
AcDbEntity
  8
AM_9
100
AcDbLine
 10
2.252231476770323
 20
54.92971726309762
 30
0.0
 11
2.252231476770318
 21
53.8
 31
0.0
  0
LINE
  5
58B
330
1F
100
AcDbEntity
  8
AM_9
100
AcDbLine
 10
3.660152753979302
 20
54.92971726309762
 30
0.0
 11
3.660152753979301
 21
53.8
 31
0.0
  0
LINE
  5
58C
330
1F
100
AcDbEntity
  8
AM_9
100
AcDbLine
 10
2.095999999999998
 20
54.92971726309762
 30
0.0
 11
2.095999999999998
 21
53.8
 31
0.0
  0
LINE
  5
58D
330
1F
100
AcDbEntity
  8
AM_9
100
AcDbLine
 10
2.252231476770323
 20
54.92971726309762
 30
0.0
 11
2.369153329434034
 21
54.95130535356427
 31
0.0
  0
LINE
  5
58E
330
1F
100
AcDbEntity
  8
AM_9
100
AcDbLine
 10
2.450163690551113
 20
54.95130535356427
 30
0.0
 11
2.216999999999992
 21
54.95130535356427
 31
0.0
  0
LINE
  5
58F
330
1F
100
AcDbEntity
  8
AM_9
100
AcDbLine
 10
3.745745490644224
 20
54.95130535356427
 30
0.0
 11
3.660152753979302
 21
54.92971726309762
 31
0.0
  0
LINE
  5
590
330
1F
100
AcDbEntity
  8
AM_9
100
AcDbLine
 10
2.333241837887408
 20
54.92971726309762
 30
0.0
 11
2.096000000000005
 21
54.92971726309762
 31
0.0
  0
LINE
  5
591
330
1F
100
AcDbEntity
  8
AM_9
100
AcDbLine
 10
2.216999999999993
 20
54.95130535356427
 30
0.0
 11
2.096000000000001
 21
54.92971726309762
 31
0.0
  0
LINE
  5
592
330
1F
100
AcDbEntity
  8
AM_9
100
AcDbLine
 10
1.829974689226292
 20
54.85175035785858
 30
0.0
 11
1.829974689226307
 21
53.8
 31
0.0
  0
LINE
  5
593
330
1F
100
AcDbEntity
  8
AM_9
100
AcDbLine
 10
3.351039331656257
 20
54.85175035785858
 30
0.0
 11
3.351039331656264
 21
53.8
 31
0.0
  0
LINE
  5
594
330
1F
100
AcDbEntity
  8
AM_9
100
AcDbLine
 10
1.659000000000001
 20
54.85175035785858
 30
0.0
 11
1.659000000000001
 21
53.8
 31
0.0
  0
LINE
  5
595
330
1F
100
AcDbEntity
  8
AM_9
100
AcDbLine
 10
1.714026761232639
 20
54.83034068136272
 30
0.0
 11
1.714026761232654
 21
53.8
 31
0.0
  0
LINE
  5
596
330
1F
100
AcDbEntity
  8
AM_9
100
AcDbLine
 10
3.266159557332572
 20
54.83034068136273
 30
0.0
 11
3.266159557332572
 21
53.8
 31
0.0
  0
LINE
  5
597
330
1F
100
AcDbEntity
  8
AM_9
100
AcDbLine
 10
1.539000000000004
 20
54.83034068136273
 30
0.0
 11
1.539000000000004
 21
53.8
 31
0.0
  0
LINE
  5
598
330
1F
100
AcDbEntity
  8
AM_9
100
AcDbLine
 10
1.714026761232639
 20
54.83034068136272
 30
0.0
 11
1.829974689226292
 21
54.85175035785858
 31
0.0
  0
LINE
  5
599
330
1F
100
AcDbEntity
  8
AM_9
100
AcDbLine
 10
1.91098505034341
 20
54.85175035785858
 30
0.0
 11
1.658999999999986
 21
54.85175035785858
 31
0.0
  0
LINE
  5
59A
330
1F
100
AcDbEntity
  8
AM_9
100
AcDbLine
 10
3.351039331656257
 20
54.85175035785858
 30
0.0
 11
3.266159557332572
 21
54.83034068136273
 31
0.0
  0
LINE
  5
59B
330
1F
100
AcDbEntity
  8
AM_9
100
AcDbLine
 10
1.79503712234974
 20
54.83034068136272
 30
0.0
 11
1.53899999999999
 21
54.83034068136272
 31
0.0
  0
LINE
  5
59C
330
1F
100
AcDbEntity
  8
AM_9
100
AcDbLine
 10
1.658999999999986
 20
54.85175035785858
 30
0.0
 11
1.539000000000001
 21
54.83034068136273
 31
0.0
  0
LINE
  5
59D
330
1F
100
AcDbEntity
  8
AM_9
100
AcDbLine
 10
1.2908280109332
 20
54.75219536215288
 30
0.0
 11
1.290828010933195
 21
53.8
 31
0.0
  0
LINE
  5
59E
330
1F
100
AcDbEntity
  8
AM_9
100
AcDbLine
 10
2.95635657041372
 20
54.75219536215288
 30
0.0
 11
2.956356570413719
 21
53.8
 31
0.0
  0
LINE
  5
59F
330
1F
100
AcDbEntity
  8
AM_9
100
AcDbLine
 10
1.101
 20
54.75219536215288
 30
0.0
 11
1.101
 21
53.8
 31
0.0
  0
LINE
  5
5A0
330
1F
100
AcDbEntity
  8
AM_9
100
AcDbLine
 10
1.174885908231519
 20
54.73078568565703
 30
0.0
 11
1.2908280109332
 21
54.75219536215288
 31
0.0
  0
LINE
  5
5A1
330
1F
100
AcDbEntity
  8
AM_9
100
AcDbLine
 10
1.371838372050294
 20
54.75219536215288
 30
0.0
 11
1.101000000000004
 21
54.75219536215288
 31
0.0
  0
LINE
  5
5A2
330
1F
100
AcDbEntity
  8
AM_9
100
AcDbLine
 10
2.95635657041372
 20
54.75219536215288
 30
0.0
 11
2.871481060499716
 21
54.73078568565703
 31
0.0
  0
LINE
  5
5A3
330
1F
100
AcDbEntity
  8
AM_9
100
AcDbLine
 10
1.101
 20
54.75219536215288
 30
0.0
 11
0.980999999999998
 21
54.73078568565703
 31
0.0
  0
LINE
  5
5A4
330
1F
100
AcDbEntity
  8
AM_9
100
AcDbLine
 10
1.174885908231519
 20
54.73078568565703
 30
0.0
 11
1.174885908231515
 21
53.8
 31
0.0
  0
LINE
  5
5A5
330
1F
100
AcDbEntity
  8
AM_9
100
AcDbLine
 10
2.871481060499716
 20
54.73078568565703
 30
0.0
 11
2.871481060499717
 21
53.8
 31
0.0
  0
LINE
  5
5A6
330
1F
100
AcDbEntity
  8
AM_9
100
AcDbLine
 10
1.255896269348603
 20
54.73078568565703
 30
0.0
 11
0.9810000000000066
 21
54.73078568565703
 31
0.0
  0
LINE
  5
5A7
330
1F
100
AcDbEntity
  8
AM_9
100
AcDbLine
 10
0.9809999999999991
 20
54.73078568565703
 30
0.0
 11
0.9809999999999991
 21
53.8
 31
0.0
  0
LINE
  5
5A8
330
1F
100
AcDbEntity
  8
AM_9
100
AcDbLine
 10
0.7517059270097736
 20
54.65264036644718
 30
0.0
 11
0.7517059270097808
 21
53.8
 31
0.0
  0
LINE
  5
5A9
330
1F
100
AcDbEntity
  8
AM_9
100
AcDbLine
 10
2.56169181349936
 20
54.65264036644718
 30
0.0
 11
2.561691813499364
 21
53.8
 31
0.0
  0
LINE
  5
5AA
330
1F
100
AcDbEntity
  8
AM_9
100
AcDbLine
 10
0.543000000000001
 20
54.65264036644718
 30
0.0
 11
0.543000000000001
 21
53.8
 31
0.0
  0
LINE
  5
5AB
330
1F
100
AcDbEntity
  8
AM_9
100
AcDbLine
 10
0.6357683692032572
 20
54.63123068995133
 30
0.0
 11
0.6357683692032645
 21
53.8
 31
0.0
  0
LINE
  5
5AC
330
1F
100
AcDbEntity
  8
AM_9
100
AcDbLine
 10
2.476819630679541
 20
54.63123068995133
 30
0.0
 11
2.476819630679541
 21
53.8
 31
0.0
  0
LINE
  5
5AD
330
1F
100
AcDbEntity
  8
AM_9
100
AcDbLine
 10
0.4230000000000002
 20
54.63123068995133
 30
0.0
 11
0.4230000000000002
 21
53.8
 31
0.0
  0
LINE
  5
5AE
330
1F
100
AcDbEntity
  8
AM_9
100
AcDbLine
 10
0.6357683692032572
 20
54.63123068995133
 30
0.0
 11
0.7517059270097736
 21
54.65264036644718
 31
0.0
  0
LINE
  5
5AF
330
1F
100
AcDbEntity
  8
AM_9
100
AcDbLine
 10
0.8327162881268895
 20
54.65264036644718
 30
0.0
 11
0.5429999999999934
 21
54.65264036644718
 31
0.0
  0
LINE
  5
5B0
330
1F
100
AcDbEntity
  8
AM_9
100
AcDbLine
 10
2.56169181349936
 20
54.65264036644718
 30
0.0
 11
2.476819630679541
 21
54.63123068995133
 31
0.0
  0
LINE
  5
5B1
330
1F
100
AcDbEntity
  8
AM_9
100
AcDbLine
 10
0.716778730320353
 20
54.63123068995133
 30
0.0
 11
0.4229999999999936
 21
54.63123068995133
 31
0.0
  0
LINE
  5
5B2
330
1F
100
AcDbEntity
  8
AM_9
100
AcDbLine
 10
0.5429999999999945
 20
54.65264036644718
 30
0.0
 11
0.4230000000000007
 21
54.63123068995133
 31
0.0
  0
LINE
  5
5B3
330
1F
100
AcDbEntity
  8
AM_9
100
AcDbLine
 10
0.2135692920829534
 20
54.55326378471227
 30
0.0
 11
0.2135692920829668
 21
53.8
 31
0.0
  0
LINE
  5
5B4
330
1F
100
AcDbEntity
  8
AM_9
100
AcDbLine
 10
2.167748455318784
 20
54.55326378471227
 30
0.0
 11
2.167748455318793
 21
53.8
 31
0.0
  0
LINE
  5
5B5
330
1F
100
AcDbEntity
  8
AM_9
100
AcDbLine
 10
-0.0139999999999996
 20
54.55326378471227
 30
0.0
 11
-0.0139999999999996
 21
53.8
 31
0.0
  0
LINE
  5
5B6
330
1F
100
AcDbEntity
  8
AM_9
100
AcDbLine
 10
0.0976353425055939
 20
54.53185410821644
 30
0.0
 11
0.2135692920829534
 21
54.55326378471227
 31
0.0
  0
LINE
  5
5B7
330
1F
100
AcDbEntity
  8
AM_9
100
AcDbLine
 10
0.2945796532000514
 20
54.55326378471227
 30
0.0
 11
-0.0140000000000127
 21
54.55326378471227
 31
0.0
  0
LINE
  5
5B8
330
1F
100
AcDbEntity
  8
AM_9
100
AcDbLine
 10
2.167748455318784
 20
54.55326378471227
 30
0.0
 11
2.082878913906022
 21
54.53185410821644
 31
0.0
  0
LINE
  5
5B9
330
1F
100
AcDbEntity
  8
AM_9
100
AcDbLine
 10
-0.0140000000000132
 20
54.55326378471227
 30
0.0
 11
-0.1339999999999966
 21
54.53185410821644
 31
0.0
  0
LINE
  5
5BA
330
1F
100
AcDbEntity
  8
AM_9
100
AcDbLine
 10
0.0976353425055939
 20
54.53185410821644
 30
0.0
 11
0.097635342505586
 21
53.8
 31
0.0
  0
LINE
  5
5BB
330
1F
100
AcDbEntity
  8
AM_9
100
AcDbLine
 10
2.082878913906022
 20
54.53185410821644
 30
0.0
 11
2.082878913906021
 21
53.8
 31
0.0
  0
LINE
  5
5BC
330
1F
100
AcDbEntity
  8
AM_9
100
AcDbLine
 10
0.1786457036226766
 20
54.53185410821644
 30
0.0
 11
-0.1339999999999895
 21
54.53185410821644
 31
0.0
  0
LINE
  5
5BD
330
1F
100
AcDbEntity
  8
AM_9
100
AcDbLine
 10
-0.1339999999999994
 20
54.53185410821644
 30
0.0
 11
-0.1339999999999994
 21
53.8
 31
0.0
  0
LINE
  5
5BE
330
1F
100
AcDbEntity
  8
AM_9
100
AcDbLine
 10
-0.3255180189662352
 20
54.45370878900658
 30
0.0
 11
-0.3255180189662296
 21
53.8
 31
0.0
  0
LINE
  5
5BF
330
1F
100
AcDbEntity
  8
AM_9
100
AcDbLine
 10
1.773109153915091
 20
54.45370878900658
 30
0.0
 11
1.773109153915097
 21
53.8
 31
0.0
  0
LINE
  5
5C0
330
1F
100
AcDbEntity
  8
AM_9
100
AcDbLine
 10
-0.5719999999999973
 20
54.45370878900658
 30
0.0
 11
-0.5719999999999973
 21
53.8
 31
0.0
  0
LINE
  5
5C1
330
1F
100
AcDbEntity
  8
AM_9
100
AcDbLine
 10
-0.4414490464025709
 20
54.43229911251073
 30
0.0
 11
-0.4414490464025621
 21
53.8
 31
0.0
  0
LINE
  5
5C2
330
1F
100
AcDbEntity
  8
AM_9
100
AcDbLine
 10
1.688241751658036
 20
54.43229911251073
 30
0.0
 11
1.688241751658036
 21
53.8
 31
0.0
  0
LINE
  5
5C3
330
1F
100
AcDbEntity
  8
AM_9
100
AcDbLine
 10
-0.6920000000000003
 20
54.43229911251073
 30
0.0
 11
-0.6920000000000003
 21
53.8
 31
0.0
  0
LINE
  5
5C4
330
1F
100
AcDbEntity
  8
AM_9
100
AcDbLine
 10
-0.4414490464025709
 20
54.43229911251073
 30
0.0
 11
-0.3255180189662352
 21
54.45370878900658
 31
0.0
  0
LINE
  5
5C5
330
1F
100
AcDbEntity
  8
AM_9
100
AcDbLine
 10
-0.244507657849132
 20
54.45370878900658
 30
0.0
 11
-0.5720000000000038
 21
54.45370878900658
 31
0.0
  0
LINE
  5
5C6
330
1F
100
AcDbEntity
  8
AM_9
100
AcDbLine
 10
1.773109153915091
 20
54.45370878900658
 30
0.0
 11
1.688241751658036
 21
54.43229911251073
 31
0.0
  0
LINE
  5
5C7
330
1F
100
AcDbEntity
  8
AM_9
100
AcDbLine
 10
-0.3604386852854737
 20
54.43229911251073
 30
0.0
 11
-0.6920000000000079
 21
54.43229911251073
 31
0.0
  0
LINE
  5
5C8
330
1F
100
AcDbEntity
  8
AM_9
100
AcDbLine
 10
-0.5720000000000016
 20
54.45370878900658
 30
0.0
 11
-0.6920000000000046
 21
54.43229911251073
 31
0.0
  0
LINE
  5
5C9
330
1F
100
AcDbEntity
  8
AM_9
100
AcDbLine
 10
-0.8645927549150006
 20
54.35415379330089
 30
0.0
 11
-0.8645927549150031
 21
53.8
 31
0.0
  0
LINE
  5
5CA
330
1F
100
AcDbEntity
  8
AM_9
100
AcDbLine
 10
1.378479058123818
 20
54.35415379330089
 30
0.0
 11
1.378479058123815
 21
53.8
 31
0.0
  0
LINE
  5
5CB
330
1F
100
AcDbEntity
  8
AM_9
100
AcDbLine
 10
-1.129999999999999
 20
54.35415379330089
 30
0.0
 11
-1.129999999999999
 21
53.8
 31
0.0
  0
LINE
  5
5CC
330
1F
100
AcDbEntity
  8
AM_9
100
AcDbLine
 10
-0.9805213869412301
 20
54.33274411680503
 30
0.0
 11
-0.9805213869412207
 21
53.8
 31
0.0
  0
LINE
  5
5CD
330
1F
100
AcDbEntity
  8
AM_9
100
AcDbLine
 10
1.293613409428673
 20
54.33274411680504
 30
0.0
 11
1.293613409428672
 21
53.8
 31
0.0
  0
LINE
  5
5CE
330
1F
100
AcDbEntity
  8
AM_9
100
AcDbLine
 10
-1.25
 20
54.33274411680504
 30
0.0
 11
-1.25
 21
53.8
 31
0.0
  0
LINE
  5
5CF
330
1F
100
AcDbEntity
  8
AM_9
100
AcDbLine
 10
-0.9805213869412301
 20
54.33274411680503
 30
0.0
 11
-0.8645927549150006
 21
54.35415379330089
 31
0.0
  0
LINE
  5
5D0
330
1F
100
AcDbEntity
  8
AM_9
100
AcDbLine
 10
-0.7835823937979101
 20
54.35415379330089
 30
0.0
 11
-1.129999999999995
 21
54.35415379330089
 31
0.0
  0
LINE
  5
5D1
330
1F
100
AcDbEntity
  8
AM_9
100
AcDbLine
 10
1.378479058123818
 20
54.35415379330089
 30
0.0
 11
1.293613409428673
 21
54.33274411680504
 31
0.0
  0
LINE
  5
5D2
330
1F
100
AcDbEntity
  8
AM_9
100
AcDbLine
 10
-0.8995110258241271
 20
54.33274411680503
 30
0.0
 11
-1.250000000000011
 21
54.33274411680503
 31
0.0
  0
LINE
  5
5D3
330
1F
100
AcDbEntity
  8
AM_9
100
AcDbLine
 10
-1.129999999999993
 20
54.35415379330089
 30
0.0
 11
-1.249999999999997
 21
54.33274411680504
 31
0.0
  0
LINE
  5
5D4
330
1F
100
AcDbEntity
  8
AM_9
100
AcDbLine
 10
10.25933782979772
 20
55.358
 30
0.0
 11
10.25933782979772
 21
53.8
 31
0.0
  0
LINE
  5
5D5
330
1F
100
AcDbEntity
  8
AM_9
100
AcDbLine
 10
11.04556151210202
 20
55.358
 30
0.0
 11
11.04556151210202
 21
53.8
 31
0.0
  0
LINE
  5
5D6
330
1F
100
AcDbEntity
  8
AM_0
100
AcDbLine
 10
11.1215
 20
55.32918614371601
 30
0.0
 11
11.1215
 21
55.358
 31
0.0
  0
LINE
  5
5D7
330
1F
100
AcDbEntity
  8
AM_9
100
AcDbLine
 10
11.1215
 20
53.8
 30
0.0
 11
11.1215
 21
55.32918614371601
 31
0.0
  0
LINE
  5
5D8
330
1F
100
AcDbEntity
  8
AM_9
100
AcDbLine
 10
-1.402691075974928
 20
54.25477721156599
 30
0.0
 11
-1.402691075974922
 21
53.8
 31
0.0
  0
LINE
  5
5D9
330
1F
100
AcDbEntity
  8
AM_9
100
AcDbLine
 10
0.9845637476404416
 20
54.25477721156599
 30
0.0
 11
0.9845637476404426
 21
53.8
 31
0.0
  0
LINE
  5
5DA
330
1F
100
AcDbEntity
  8
AM_9
100
AcDbLine
 10
-1.687000000000002
 20
54.25477721156599
 30
0.0
 11
-1.687000000000002
 21
53.8
 31
0.0
  0
LINE
  5
5DB
330
1F
100
AcDbEntity
  8
AM_9
100
AcDbLine
 10
-1.518617723179744
 20
54.23336753507014
 30
0.0
 11
-1.402691075974928
 21
54.25477721156599
 31
0.0
  0
LINE
  5
5DC
330
1F
100
AcDbEntity
  8
AM_9
100
AcDbLine
 10
-1.321680714857825
 20
54.25477721156599
 30
0.0
 11
-1.687000000000004
 21
54.25477721156599
 31
0.0
  0
LINE
  5
5DD
330
1F
100
AcDbEntity
  8
AM_9
100
AcDbLine
 10
0.9845637476404416
 20
54.25477721156599
 30
0.0
 11
0.8996995519354041
 21
54.23336753507014
 31
0.0
  0
LINE
  5
5DE
330
1F
100
AcDbEntity
  8
AM_9
100
AcDbLine
 10
-1.687000000000004
 20
54.25477721156599
 30
0.0
 11
-1.807
 21
54.23336753507014
 31
0.0
  0
LINE
  5
5DF
330
1F
100
AcDbEntity
  8
AM_9
100
AcDbLine
 10
-1.518617723179744
 20
54.23336753507014
 30
0.0
 11
-1.518617723179741
 21
53.8
 31
0.0
  0
LINE
  5
5E0
330
1F
100
AcDbEntity
  8
AM_9
100
AcDbLine
 10
0.8996995519354041
 20
54.23336753507014
 30
0.0
 11
0.8996995519354035
 21
53.8
 31
0.0
  0
LINE
  5
5E1
330
1F
100
AcDbEntity
  8
AM_9
100
AcDbLine
 10
-1.437607362062652
 20
54.23336753507014
 30
0.0
 11
-1.806999999999999
 21
54.23336753507014
 31
0.0
  0
LINE
  5
5E2
330
1F
100
AcDbEntity
  8
AM_9
100
AcDbLine
 10
-1.806999999999999
 20
54.23336753507014
 30
0.0
 11
-1.806999999999999
 21
53.8
 31
0.0
  0
LINE
  5
5E3
330
1F
100
AcDbEntity
  8
AM_9
100
AcDbLine
 10
10.3736572958066
 20
55.32918614371601
 30
0.0
 11
10.3736572958066
 21
53.8
 31
0.0
  0
LINE
  5
5E4
330
1F
100
AcDbEntity
  8
AM_9
100
AcDbLine
 10
11.20172480681722
 20
55.32918614371601
 30
0.0
 11
11.20172480681722
 21
53.8
 31
0.0
  0
LINE
  5
5E5
330
1F
100
AcDbEntity
  8
AM_9
100
AcDbLine
 10
11.283
 20
53.8
 30
0.0
 11
11.283
 21
55.32918614371601
 31
0.0
  0
LINE
  5
5E6
330
1F
100
AcDbEntity
  8
AM_9
100
AcDbLine
 10
10.3736572958066
 20
55.32918614371601
 30
0.0
 11
10.45222343953824
 21
55.30938219295734
 31
0.0
  0
LINE
  5
5E7
330
1F
100
AcDbEntity
  8
AM_9
100
AcDbLine
 10
11.30904815503204
 20
55.30938219295734
 30
0.0
 11
11.20172480681722
 21
55.32918614371601
 31
0.0
  0
LINE
  5
5E8
330
1F
100
AcDbEntity
  8
AM_0
100
AcDbLine
 10
10.57331427331365
 20
55.32918614371601
 30
0.0
 11
11.283
 21
55.32918614371601
 31
0.0
  0
LINE
  5
5E9
330
1F
100
AcDbEntity
  8
AM_0
100
AcDbLine
 10
11.394
 20
55.30938219295734
 30
0.0
 11
11.283
 21
55.32918614371601
 31
0.0
  0
LINE
  5
5EA
330
1F
100
AcDbEntity
  8
AM_9
100
AcDbLine
 10
10.45222343953824
 20
55.30938219295734
 30
0.0
 11
10.45222343953824
 21
53.8
 31
0.0
  0
LINE
  5
5EB
330
1F
100
AcDbEntity
  8
AM_9
100
AcDbLine
 10
11.30904815503204
 20
55.30938219295734
 30
0.0
 11
11.30904815503202
 21
53.8
 31
0.0
  0
LINE
  5
5EC
330
1F
100
AcDbEntity
  8
AM_0
100
AcDbLine
 10
10.65680517742779
 20
55.30938219295734
 30
0.0
 11
11.39400000000001
 21
55.30938219295734
 31
0.0
  0
LINE
  5
5ED
330
1F
100
AcDbEntity
  8
AM_0
100
AcDbLine
 10
11.39399999999999
 20
55.24979192671056
 30
0.0
 11
11.39399999999999
 21
55.30938219295734
 31
0.0
  0
LINE
  5
5EE
330
1F
100
AcDbEntity
  8
AM_9
100
AcDbLine
 10
11.39399999999999
 20
53.8
 30
0.0
 11
11.39399999999999
 21
55.24979192671056
 31
0.0
  0
LINE
  5
5EF
330
1F
100
AcDbEntity
  8
AM_9
100
AcDbLine
 10
-1.941746835221753
 20
54.15522221586029
 30
0.0
 11
-1.941746835221747
 21
53.8
 31
0.0
  0
LINE
  5
5F0
330
1F
100
AcDbEntity
  8
AM_9
100
AcDbLine
 10
0.5899475437591484
 20
54.15522221586029
 30
0.0
 11
0.5899475437591523
 21
53.8
 31
0.0
  0
LINE
  5
5F1
330
1F
100
AcDbEntity
  8
AM_9
100
AcDbLine
 10
-2.245000000000003
 20
54.15522221586029
 30
0.0
 11
-2.245000000000003
 21
53.8
 31
0.0
  0
LINE
  5
5F2
330
1F
100
AcDbEntity
  8
AM_9
100
AcDbLine
 10
-2.057671813789526
 20
54.13381253936443
 30
0.0
 11
-2.0576718137895
 21
53.8
 31
0.0
  0
LINE
  5
5F3
330
1F
100
AcDbEntity
  8
AM_9
100
AcDbLine
 10
0.5050845695812205
 20
54.13381253936444
 30
0.0
 11
0.5050845695812216
 21
53.8
 31
0.0
  0
LINE
  5
5F4
330
1F
100
AcDbEntity
  8
AM_9
100
AcDbLine
 10
-2.364999999999997
 20
54.13381253936444
 30
0.0
 11
-2.364999999999997
 21
53.8
 31
0.0
  0
LINE
  5
5F5
330
1F
100
AcDbEntity
  8
AM_9
100
AcDbLine
 10
-2.057671813789526
 20
54.13381253936443
 30
0.0
 11
-1.941746835221753
 21
54.15522221586029
 31
0.0
  0
LINE
  5
5F6
330
1F
100
AcDbEntity
  8
AM_9
100
AcDbLine
 10
-1.860736474104643
 20
54.15522221586029
 30
0.0
 11
-2.245000000000008
 21
54.15522221586029
 31
0.0
  0
LINE
  5
5F7
330
1F
100
AcDbEntity
  8
AM_9
100
AcDbLine
 10
0.5899475437591484
 20
54.15522221586029
 30
0.0
 11
0.5050845695812205
 21
54.13381253936444
 31
0.0
  0
LINE
  5
5F8
330
1F
100
AcDbEntity
  8
AM_9
100
AcDbLine
 10
-1.97666145267241
 20
54.13381253936443
 30
0.0
 11
-2.365000000000021
 21
54.13381253936443
 31
0.0
  0
LINE
  5
5F9
330
1F
100
AcDbEntity
  8
AM_9
100
AcDbLine
 10
-2.245000000000006
 20
54.15522221586029
 30
0.0
 11
-2.365000000000003
 21
54.13381253936444
 31
0.0
  0
LINE
  5
5FA
330
1F
100
AcDbEntity
  8
AM_9
100
AcDbLine
 10
-2.479829290425488
 20
54.0558456341254
 30
0.0
 11
-2.479829290425487
 21
53.8
 31
0.0
  0
LINE
  5
5FB
330
1F
100
AcDbEntity
  8
AM_9
100
AcDbLine
 10
0.1960438478886099
 20
54.0558456341254
 30
0.0
 11
0.1960438478886098
 21
53.8
 31
0.0
  0
LINE
  5
5FC
330
1F
100
AcDbEntity
  8
AM_9
100
AcDbLine
 10
-2.802000000000001
 20
54.0558456341254
 30
0.0
 11
-2.802000000000001
 21
53.8
 31
0.0
  0
LINE
  5
5FD
330
1F
100
AcDbEntity
  8
AM_9
100
AcDbLine
 10
-2.595752857593977
 20
54.03443595762954
 30
0.0
 11
-2.595752857593961
 21
53.8
 31
0.0
  0
LINE
  5
5FE
330
1F
100
AcDbEntity
  8
AM_9
100
AcDbLine
 10
0.1111819069266597
 20
54.03443595762955
 30
0.0
 11
0.1111819069266591
 21
53.8
 31
0.0
  0
LINE
  5
5FF
330
1F
100
AcDbEntity
  8
AM_9
100
AcDbLine
 10
-2.921999999999998
 20
54.03443595762955
 30
0.0
 11
-2.921999999999998
 21
53.8
 31
0.0
  0
LINE
  5
600
330
1F
100
AcDbEntity
  8
AM_9
100
AcDbLine
 10
-2.595752857593977
 20
54.03443595762954
 30
0.0
 11
-2.479829290425488
 21
54.0558456341254
 31
0.0
  0
LINE
  5
601
330
1F
100
AcDbEntity
  8
AM_9
100
AcDbLine
 10
-2.398818929308405
 20
54.0558456341254
 30
0.0
 11
-2.802
 21
54.0558456341254
 31
0.0
  0
LINE
  5
602
330
1F
100
AcDbEntity
  8
AM_9
100
AcDbLine
 10
0.1960438478886099
 20
54.0558456341254
 30
0.0
 11
0.1111819069266597
 21
54.03443595762955
 31
0.0
  0
LINE
  5
603
330
1F
100
AcDbEntity
  8
AM_9
100
AcDbLine
 10
-2.514742496476874
 20
54.03443595762954
 30
0.0
 11
-2.922000000000013
 21
54.03443595762954
 31
0.0
  0
LINE
  5
604
330
1F
100
AcDbEntity
  8
AM_9
100
AcDbLine
 10
-2.801999999999999
 20
54.0558456341254
 30
0.0
 11
-2.922000000000001
 21
54.03443595762955
 31
0.0
  0
LINE
  5
605
330
1F
100
AcDbEntity
  8
AM_9
100
AcDbLine
 10
10.68860323175433
 20
55.24979192671056
 30
0.0
 11
10.68860323175432
 21
53.8
 31
0.0
  0
LINE
  5
606
330
1F
100
AcDbEntity
  8
AM_9
100
AcDbLine
 10
11.63194895614048
 20
55.24979192671056
 30
0.0
 11
11.63194895614048
 21
53.8
 31
0.0
  0
LINE
  5
607
330
1F
100
AcDbEntity
  8
AM_9
100
AcDbLine
 10
11.728
 20
53.8
 30
0.0
 11
11.728
 21
55.24979192671056
 31
0.0
  0
LINE
  5
608
330
1F
100
AcDbEntity
  8
AM_9
100
AcDbLine
 10
-3.030463850572645
 20
53.95414967077011
 30
0.0
 11
-3.030463850572615
 21
53.8
 31
0.0
  0
LINE
  5
609
330
1F
100
AcDbEntity
  8
AM_9
100
AcDbLine
 10
-0.2070486265424489
 20
53.95414967077011
 30
0.0
 11
-0.2070486265424316
 21
53.8
 31
0.0
  0
LINE
  5
60A
330
1F
100
AcDbEntity
  8
AM_9
100
AcDbLine
 10
-3.371999999999998
 20
53.95414967077011
 30
0.0
 11
-3.371999999999998
 21
53.8
 31
0.0
  0
LINE
  5
60B
330
1F
100
AcDbEntity
  8
AM_9
100
AcDbLine
 10
10.77352176894244
 20
55.22838225021471
 30
0.0
 11
10.77352176894244
 21
53.8
 31
0.0
  0
LINE
  5
60C
330
1F
100
AcDbEntity
  8
AM_9
100
AcDbLine
 10
11.74794983519167
 20
55.22838225021471
 30
0.0
 11
11.74794983519166
 21
53.8
 31
0.0
  0
LINE
  5
60D
330
1F
100
AcDbEntity
  8
AM_0
100
AcDbLine
 10
11.84799999999999
 20
55.14827437732608
 30
0.0
 11
11.84799999999999
 21
55.22838225021471
 31
0.0
  0
LINE
  5
60E
330
1F
100
AcDbEntity
  8
AM_9
100
AcDbLine
 10
11.84799999999999
 20
53.8
 30
0.0
 11
11.84799999999999
 21
55.14827437732608
 31
0.0
  0
LINE
  5
60F
330
1F
100
AcDbEntity
  8
AM_9
100
AcDbLine
 10
10.68860323175433
 20
55.24979192671056
 30
0.0
 11
10.77352176894244
 21
55.22838225021471
 31
0.0
  0
LINE
  5
610
330
1F
100
AcDbEntity
  8
AM_0
100
AcDbLine
 10
10.99829857333597
 20
55.22838225021471
 30
0.0
 11
11.848
 21
55.22838225021471
 31
0.0
  0
LINE
  5
611
330
1F
100
AcDbEntity
  8
AM_9
100
AcDbLine
 10
11.74794983519167
 20
55.22838225021471
 30
0.0
 11
11.63194895614048
 21
55.24979192671056
 31
0.0
  0
LINE
  5
612
330
1F
100
AcDbEntity
  8
AM_0
100
AcDbLine
 10
10.90803517934935
 20
55.24979192671056
 30
0.0
 11
11.728
 21
55.24979192671056
 31
0.0
  0
LINE
  5
613
330
1F
100
AcDbEntity
  8
AM_0
100
AcDbLine
 10
11.848
 20
55.22838225021471
 30
0.0
 11
11.728
 21
55.24979192671056
 31
0.0
  0
LINE
  5
614
330
1F
100
AcDbEntity
  8
AM_9
100
AcDbLine
 10
-3.146386185147862
 20
53.93273999427426
 30
0.0
 11
-3.030463850572645
 21
53.95414967077011
 31
0.0
  0
LINE
  5
615
330
1F
100
AcDbEntity
  8
AM_9
100
AcDbLine
 10
-2.949453489455534
 20
53.95414967077011
 30
0.0
 11
-3.372000000000024
 21
53.95414967077011
 31
0.0
  0
LINE
  5
616
330
1F
100
AcDbEntity
  8
AM_9
100
AcDbLine
 10
-0.2070486265424489
 20
53.95414967077011
 30
0.0
 11
-0.29190966518352
 21
53.93273999427426
 31
0.0
  0
LINE
  5
617
330
1F
100
AcDbEntity
  8
AM_9
100
AcDbLine
 10
-3.372000000000023
 20
53.95414967077011
 30
0.0
 11
-3.492000000000003
 21
53.93273999427426
 31
0.0
  0
LINE
  5
618
330
1F
100
AcDbEntity
  8
AM_9
100
AcDbLine
 10
-3.146386185147862
 20
53.93273999427426
 30
0.0
 11
-3.146386185147874
 21
53.8
 31
0.0
  0
LINE
  5
619
330
1F
100
AcDbEntity
  8
AM_9
100
AcDbLine
 10
-0.29190966518352
 20
53.93273999427426
 30
0.0
 11
-0.2919096651835199
 21
53.8
 31
0.0
  0
LINE
  5
61A
330
1F
100
AcDbEntity
  8
AM_9
100
AcDbLine
 10
-3.065375824030787
 20
53.93273999427426
 30
0.0
 11
-3.491999999999982
 21
53.93273999427426
 31
0.0
  0
LINE
  5
61B
330
1F
100
AcDbEntity
  8
AM_9
100
AcDbLine
 10
-3.491999999999999
 20
53.93273999427426
 30
0.0
 11
-3.491999999999999
 21
53.8
 31
0.0
  0
LINE
  5
61C
330
1F
100
AcDbEntity
  8
AM_9
100
AcDbLine
 10
8.527266108035414
 20
55.30799999999999
 30
0.0
 11
8.527266108035414
 21
55.358
 31
0.0
  0
LINE
  5
61D
330
1F
100
AcDbEntity
  8
AM_9
100
AcDbLine
 10
10.71312022657867
 20
55.30799999999999
 30
0.0
 11
10.71312022657867
 21
55.358
 31
0.0
  0
LINE
  5
61E
330
1F
100
AcDbEntity
  8
AM_9
100
AcDbLine
 10
-3.558874627429987
 20
53.85655722874319
 30
0.0
 11
-3.558874627429958
 21
53.8
 31
0.0
  0
LINE
  5
61F
330
1F
100
AcDbEntity
  8
AM_9
100
AcDbLine
 10
-0.5938721624689641
 20
53.85655722874319
 30
0.0
 11
-0.5938721624689446
 21
53.8
 31
0.0
  0
LINE
  5
620
330
1F
100
AcDbEntity
  8
AM_9
100
AcDbLine
 10
-3.918999999999997
 20
53.85655722874319
 30
0.0
 11
-3.918999999999997
 21
53.8
 31
0.0
  0
LINE
  5
621
330
1F
100
AcDbEntity
  8
AM_9
100
AcDbLine
 10
7.191710189962071
 20
55.30799999999999
 30
0.0
 11
7.191710189962071
 21
55.358
 31
0.0
  0
LINE
  5
622
330
1F
100
AcDbEntity
  8
AM_9
100
AcDbLine
 10
4.928191988686565
 20
55.30799999999999
 30
0.0
 11
4.928191988686565
 21
55.358
 31
0.0
  0
LINE
  5
623
330
1F
100
AcDbEntity
  8
AM_9
100
AcDbLine
 10
-3.674795943319645
 20
53.83514755224735
 30
0.0
 11
-3.674795943319635
 21
53.8
 31
0.0
  0
LINE
  5
624
330
1F
100
AcDbEntity
  8
AM_9
100
AcDbLine
 10
-0.6787324553804346
 20
53.83514755224735
 30
0.0
 11
-0.6787324553804295
 21
53.8
 31
0.0
  0
LINE
  5
625
330
1F
100
AcDbEntity
  8
AM_9
100
AcDbLine
 10
-4.038999999999998
 20
53.83514755224735
 30
0.0
 11
-4.038999999999998
 21
53.8
 31
0.0
  0
LINE
  5
626
330
1F
100
AcDbEntity
  8
AM_9
100
AcDbLine
 10
-3.674795943319645
 20
53.83514755224735
 30
0.0
 11
-3.558874627429987
 21
53.85655722874319
 31
0.0
  0
LINE
  5
627
330
1F
100
AcDbEntity
  8
AM_9
100
AcDbLine
 10
-3.491999999999998
 20
53.85655722874319
 30
0.0
 11
-3.919000000000024
 21
53.85655722874319
 31
0.0
  0
LINE
  5
628
330
1F
100
AcDbEntity
  8
AM_9
100
AcDbLine
 10
-0.5938721624689641
 20
53.85655722874319
 30
0.0
 11
-0.6787324553804346
 21
53.83514755224735
 31
0.0
  0
LINE
  5
629
330
1F
100
AcDbEntity
  8
AM_9
100
AcDbLine
 10
-3.593785582202551
 20
53.83514755224735
 30
0.0
 11
-4.039000000000005
 21
53.83514755224735
 31
0.0
  0
LINE
  5
62A
330
1F
100
AcDbEntity
  8
AM_9
100
AcDbLine
 10
-3.919000000000024
 20
53.85655722874319
 30
0.0
 11
-4.039000000000001
 21
53.83514755224736
 31
0.0
  0
LINE
  5
62B
330
1F
100
AcDbEntity
  8
AM_9
100
AcDbLine
 10
8.542265265562595
 20
55.30799999999999
 30
0.0
 11
8.542265265562595
 21
55.358
 31
0.0
  0
LINE
  5
62C
330
1F
100
AcDbEntity
  8
AM_9
100
AcDbLine
 10
8.075542787628367
 20
55.30799999999999
 30
0.0
 11
10.77376537782416
 21
55.30799999999999
 31
0.0
  0
LINE
  5
62D
330
1F
100
AcDbEntity
  8
AM_9
100
AcDbLine
 10
7.178819665131368
 20
55.30799999999999
 30
0.0
 11
7.178819665131368
 21
55.358
 31
0.0
  0
LINE
  5
62E
330
1F
100
AcDbEntity
  8
AM_9
100
AcDbLine
 10
11.09122742026527
 20
55.14827437732608
 30
0.0
 11
11.09122742026527
 21
53.8
 31
0.0
  0
LINE
  5
62F
330
1F
100
AcDbEntity
  8
AM_9
100
AcDbLine
 10
12.18194382582453
 20
55.14827437732608
 30
0.0
 11
12.18194382582453
 21
53.8
 31
0.0
  0
LINE
  5
630
330
1F
100
AcDbEntity
  8
AM_9
100
AcDbLine
 10
12.29699999999999
 20
53.8
 30
0.0
 11
12.29699999999999
 21
55.14827437732608
 31
0.0
  0
LINE
  5
631
330
1F
100
AcDbEntity
  8
AM_9
100
AcDbLine
 10
7.433999999999999
 20
55.016
 30
0.0
 11
8.184
 21
55.016
 31
0.0
  0
LINE
  5
632
330
1F
100
AcDbEntity
  8
AM_9
100
AcDbLine
 10
8.184
 20
55.016
 30
0.0
 11
8.184
 21
55.358
 31
0.0
  0
LINE
  5
633
330
1F
100
AcDbEntity
  8
AM_9
100
AcDbLine
 10
7.433999999999999
 20
55.016
 30
0.0
 11
7.433999999999999
 21
55.358
 31
0.0
  0
LINE
  5
634
330
1F
100
AcDbEntity
  8
AM_9
100
AcDbLine
 10
11.09122742026527
 20
55.14827437732608
 30
0.0
 11
11.17613052447479
 21
55.12686470083023
 31
0.0
  0
LINE
  5
635
330
1F
100
AcDbEntity
  8
AM_9
100
AcDbLine
 10
12.29792362303488
 20
55.12686470083023
 30
0.0
 11
12.18194382582453
 21
55.14827437732608
 31
0.0
  0
LINE
  5
636
330
1F
100
AcDbEntity
  8
AM_0
100
AcDbLine
 10
11.33603525580619
 20
55.14827437732608
 30
0.0
 11
12.29700000000003
 21
55.14827437732608
 31
0.0
  0
LINE
  5
637
330
1F
100
AcDbEntity
  8
AM_0
100
AcDbLine
 10
12.417
 20
55.12686470083023
 30
0.0
 11
12.297
 21
55.14827437732608
 31
0.0
  0
LINE
  5
638
330
1F
100
AcDbEntity
  8
AM_9
100
AcDbLine
 10
11.17613052447479
 20
55.12686470083023
 30
0.0
 11
11.17613052447479
 21
53.8
 31
0.0
  0
LINE
  5
639
330
1F
100
AcDbEntity
  8
AM_9
100
AcDbLine
 10
12.29792362303488
 20
55.12686470083023
 30
0.0
 11
12.29792362303488
 21
53.8
 31
0.0
  0
LINE
  5
63A
330
1F
100
AcDbEntity
  8
AM_0
100
AcDbLine
 10
11.42629866903667
 20
55.12686470083023
 30
0.0
 11
12.41699999999999
 21
55.12686470083023
 31
0.0
  0
LINE
  5
63B
330
1F
100
AcDbEntity
  8
AM_0
100
AcDbLine
 10
12.417
 20
55.05068193529916
 30
0.0
 11
12.417
 21
55.12686470083023
 31
0.0
  0
LINE
  5
63C
330
1F
100
AcDbEntity
  8
AM_9
100
AcDbLine
 10
12.417
 20
53.8
 30
0.0
 11
12.417
 21
55.05068193529916
 31
0.0
  0
LINE
  5
63D
330
1F
100
AcDbEntity
  8
AM_9
100
AcDbLine
 10
6.801451895184307
 20
55.358
 30
0.0
 11
6.801451895184307
 21
53.8
 31
0.0
  0
LINE
  5
63E
330
1F
100
AcDbEntity
  8
AM_9
100
AcDbLine
 10
6.759608066477994
 20
55.32918614371601
 30
0.0
 11
6.759608066477985
 21
53.8
 31
0.0
  0
LINE
  5
63F
330
1F
100
AcDbEntity
  8
AM_9
100
AcDbLine
 10
6.730850861994824
 20
55.30938219295734
 30
0.0
 11
6.730850861994825
 21
53.8
 31
0.0
  0
LINE
  5
640
330
1F
100
AcDbEntity
  8
AM_9
100
AcDbLine
 10
6.730850861994824
 20
55.30938219295734
 30
0.0
 11
6.759608066477994
 21
55.32918614371601
 31
0.0
  0
LINE
  5
641
330
1F
100
AcDbEntity
  8
AM_0
100
AcDbLine
 10
4.497285554299895
 20
55.32918614371601
 30
0.0
 11
6.691029626160638
 21
55.32918614371601
 31
0.0
  0
LINE
  5
642
330
1F
100
AcDbEntity
  8
AM_0
100
AcDbLine
 10
4.389962206085067
 20
55.30938219295734
 30
0.0
 11
6.660216454936883
 21
55.30938219295734
 31
0.0
  0
LINE
  5
643
330
1F
100
AcDbEntity
  8
AM_9
100
AcDbLine
 10
11.47822461410884
 20
55.05068193529917
 30
0.0
 11
11.47822461410884
 21
53.8
 31
0.0
  0
LINE
  5
644
330
1F
100
AcDbEntity
  8
AM_9
100
AcDbLine
 10
12.71059182380814
 20
55.05068193529917
 30
0.0
 11
12.71059182380814
 21
53.8
 31
0.0
  0
LINE
  5
645
330
1F
100
AcDbEntity
  8
AM_9
100
AcDbLine
 10
12.844
 20
53.8
 30
0.0
 11
12.844
 21
55.05068193529917
 31
0.0
  0
LINE
  5
646
330
1F
100
AcDbEntity
  8
AM_0
100
AcDbLine
 10
11.28764141971975
 20
55.358
 30
0.0
 11
4.330358580280246
 21
55.358
 31
0.0
  0
LINE
  5
647
330
1F
100
AcDbEntity
  8
AM_0
100
AcDbLine
 10
4.330358580280246
 20
55.358
 30
0.0
 11
-4.546131677980462
 21
53.81677588467029
 31
0.0
  0
LINE
  5
648
330
1F
100
AcDbEntity
  8
AM_9
100
AcDbLine
 10
-3.477864266312898
 20
53.85655722874319
 30
0.0
 11
-3.477864266312874
 21
53.8
 31
0.0
  0
LINE
  5
649
330
1F
100
AcDbEntity
  8
AM_9
100
AcDbLine
 10
-2.949453489455532
 20
53.95414967077011
 30
0.0
 11
-2.949453489455522
 21
53.8
 31
0.0
  0
LINE
  5
64A
330
1F
100
AcDbEntity
  8
AM_9
100
AcDbLine
 10
-2.398818929308403
 20
54.0558456341254
 30
0.0
 11
-2.398818929308397
 21
53.8
 31
0.0
  0
LINE
  5
64B
330
1F
100
AcDbEntity
  8
AM_9
100
AcDbLine
 10
-1.860736474104643
 20
54.15522221586029
 30
0.0
 11
-1.86073647410466
 21
53.8
 31
0.0
  0
LINE
  5
64C
330
1F
100
AcDbEntity
  8
AM_9
100
AcDbLine
 10
-1.321680714857825
 20
54.25477721156599
 30
0.0
 11
-1.321680714857828
 21
53.8
 31
0.0
  0
LINE
  5
64D
330
1F
100
AcDbEntity
  8
AM_9
100
AcDbLine
 10
-0.7835823937979103
 20
54.35415379330089
 30
0.0
 11
-0.7835823937979163
 21
53.8
 31
0.0
  0
LINE
  5
64E
330
1F
100
AcDbEntity
  8
AM_9
100
AcDbLine
 10
-0.2445076578491316
 20
54.45370878900658
 30
0.0
 11
-0.2445076578491417
 21
53.8
 31
0.0
  0
LINE
  5
64F
330
1F
100
AcDbEntity
  8
AM_9
100
AcDbLine
 10
0.2945796532000518
 20
54.55326378471229
 30
0.0
 11
0.2945796532000559
 21
53.8
 31
0.0
  0
LINE
  5
650
330
1F
100
AcDbEntity
  8
AM_9
100
AcDbLine
 10
0.8327162881268896
 20
54.65264036644718
 30
0.0
 11
0.8327162881268719
 21
53.8
 31
0.0
  0
LINE
  5
651
330
1F
100
AcDbEntity
  8
AM_9
100
AcDbLine
 10
1.371838372050294
 20
54.75219536215288
 30
0.0
 11
1.371838372050288
 21
53.8
 31
0.0
  0
LINE
  5
652
330
1F
100
AcDbEntity
  8
AM_9
100
AcDbLine
 10
1.91098505034341
 20
54.85175035785858
 30
0.0
 11
1.910985050343398
 21
53.8
 31
0.0
  0
LINE
  5
653
330
1F
100
AcDbEntity
  8
AM_9
100
AcDbLine
 10
2.450163690551113
 20
54.95130535356427
 30
0.0
 11
2.450163690551133
 21
53.8
 31
0.0
  0
LINE
  5
654
330
1F
100
AcDbEntity
  8
AM_9
100
AcDbLine
 10
2.988418537308942
 20
55.05068193529917
 30
0.0
 11
2.988418537308942
 21
53.8
 31
0.0
  0
LINE
  5
655
330
1F
100
AcDbEntity
  8
AM_9
100
AcDbLine
 10
3.517066535292528
 20
55.14827437732608
 30
0.0
 11
3.517066535292551
 21
53.8
 31
0.0
  0
LINE
  5
656
330
1F
100
AcDbEntity
  8
AM_9
100
AcDbLine
 10
4.067061404976628
 20
55.24979192671056
 30
0.0
 11
4.067061404976609
 21
53.8
 31
0.0
  0
LINE
  5
657
330
1F
100
AcDbEntity
  8
AM_0
100
AcDbLine
 10
-4.46512131683755
 20
53.81677588467029
 30
0.0
 11
4.411368941397334
 21
55.358
 31
0.0
  0
LINE
  5
658
330
1F
100
AcDbEntity
  8
AM_9
100
AcDbLine
 10
4.389962206085068
 20
55.24979192671056
 30
0.0
 11
4.389962206085067
 21
53.8
 31
0.0
  0
LINE
  5
659
330
1F
100
AcDbEntity
  8
AM_0
100
AcDbLine
 10
4.389962206085067
 20
55.30938219295734
 30
0.0
 11
4.389962206085068
 21
55.24979192671056
 31
0.0
  0
LINE
  5
65A
330
1F
100
AcDbEntity
  8
AM_0
100
AcDbLine
 10
4.497285554299895
 20
55.32918614371601
 30
0.0
 11
4.389962206085067
 21
55.30938219295734
 31
0.0
  0
LINE
  5
65B
330
1F
100
AcDbEntity
  8
AM_9
100
AcDbLine
 10
4.497285554299895
 20
55.32918614371601
 30
0.0
 11
4.497285554299871
 21
53.8
 31
0.0
  0
LINE
  5
65C
330
1F
100
AcDbEntity
  8
AM_9
100
AcDbLine
 10
4.653448849015068
 20
55.32918614371601
 30
0.0
 11
4.653448849015068
 21
53.8
 31
0.0
  0
LINE
  5
65D
330
1F
100
AcDbEntity
  8
AM_0
100
AcDbLine
 10
4.653448849015068
 20
55.358
 30
0.0
 11
4.653448849015068
 21
55.32918614371601
 31
0.0
  0
LINE
  5
65E
330
1F
100
AcDbEntity
  8
AM_0
100
AcDbLine
 10
-4.546131677980462
 20
53.81677588467029
 30
0.0
 11
-4.46512131683755
 21
53.81677588467029
 31
0.0
  0
LINE
  5
65F
330
1F
100
AcDbEntity
  8
AM_0
100
AcDbLine
 10
-4.546131677980462
 20
53.81677588467029
 30
0.0
 11
-4.546131677980462
 21
53.8
 31
0.0
  0
LINE
  5
660
330
1F
100
AcDbEntity
  8
AM_0
100
AcDbLine
 10
-4.46512131683755
 20
53.81677588467029
 30
0.0
 11
-4.465121316863374
 21
53.8
 31
0.0
  0
LINE
  5
661
330
1F
100
AcDbEntity
  8
AM_9
100
AcDbLine
 10
11.47822461410884
 20
55.05068193529917
 30
0.0
 11
11.56311749093184
 21
55.02927225880332
 31
0.0
  0
LINE
  5
662
330
1F
100
AcDbEntity
  8
AM_9
100
AcDbLine
 10
12.82655765014871
 20
55.02927225880332
 30
0.0
 11
12.71059182380814
 21
55.05068193529917
 31
0.0
  0
LINE
  5
663
330
1F
100
AcDbEntity
  8
AM_0
100
AcDbLine
 10
11.74748292747715
 20
55.05068193529917
 30
0.0
 11
12.844
 21
55.05068193529917
 31
0.0
  0
LINE
  5
664
330
1F
100
AcDbEntity
  8
AM_9
100
AcDbLine
 10
11.25690019159745
 20
55.05068193529916
 30
0.0
 11
11.74748292747715
 21
55.05068193529917
 31
0.0
  0
LINE
  5
665
330
1F
100
AcDbEntity
  8
AM_0
100
AcDbLine
 10
12.964
 20
55.02927225880332
 30
0.0
 11
12.84399999999999
 21
55.05068193529917
 31
0.0
  0
LINE
  5
666
330
1F
100
AcDbEntity
  8
AM_9
100
AcDbLine
 10
11.56311749093184
 20
55.02927225880332
 30
0.0
 11
11.56311749093184
 21
53.8
 31
0.0
  0
LINE
  5
667
330
1F
100
AcDbEntity
  8
AM_9
100
AcDbLine
 10
12.82655765014871
 20
55.02927225880332
 30
0.0
 11
12.8265576501487
 21
53.8
 31
0.0
  0
LINE
  5
668
330
1F
100
AcDbEntity
  8
AM_0
100
AcDbLine
 10
11.83774435519334
 20
55.02927225880332
 30
0.0
 11
12.96400000000001
 21
55.02927225880332
 31
0.0
  0
LINE
  5
669
330
1F
100
AcDbEntity
  8
AM_0
100
AcDbLine
 10
12.964
 20
54.95130535356428
 30
0.0
 11
12.964
 21
55.02927225880332
 31
0.0
  0
LINE
  5
66A
330
1F
100
AcDbEntity
  8
AM_9
100
AcDbLine
 10
12.964
 20
53.8
 30
0.0
 11
12.964
 21
54.95130535356428
 31
0.0
  0
LINE
  5
66B
330
1F
100
AcDbEntity
  8
AM_0
100
AcDbLine
 10
7.033185645623306
 20
55.30938219295734
 30
0.0
 11
10.23089901702685
 21
55.30938219295734
 31
0.0
  0
LINE
  5
66C
330
1F
100
AcDbEntity
  8
AM_0
100
AcDbLine
 10
7.061942850106468
 20
55.32918614371601
 30
0.0
 11
10.15233287329521
 21
55.32918614371601
 31
0.0
  0
LINE
  5
66D
330
1F
100
AcDbEntity
  8
AM_9
100
AcDbLine
 10
6.644329853102453
 20
55.24979192671056
 30
0.0
 11
6.644329853102452
 21
53.8
 31
0.0
  0
LINE
  5
66E
330
1F
100
AcDbEntity
  8
AM_9
100
AcDbLine
 10
11.87225450935576
 20
54.95130535356427
 30
0.0
 11
11.87225450935576
 21
53.8
 31
0.0
  0
LINE
  5
66F
330
1F
100
AcDbEntity
  8
AM_9
100
AcDbLine
 10
13.24884667056595
 20
54.95130535356427
 30
0.0
 11
13.24884667056595
 21
53.8
 31
0.0
  0
LINE
  5
670
330
1F
100
AcDbEntity
  8
AM_9
100
AcDbLine
 10
13.401
 20
53.8
 30
0.0
 11
13.401
 21
54.95130535356427
 31
0.0
  0
LINE
  5
671
330
1F
100
AcDbEntity
  8
AM_9
100
AcDbLine
 10
6.613247511239389
 20
55.22838225021471
 30
0.0
 11
6.644329853102453
 21
55.24979192671056
 31
0.0
  0
LINE
  5
672
330
1F
100
AcDbEntity
  8
AM_0
100
AcDbLine
 10
4.067061404976628
 20
55.24979192671056
 30
0.0
 11
6.567463529036905
 21
55.24979192671056
 31
0.0
  0
LINE
  5
673
330
1F
100
AcDbEntity
  8
AM_0
100
AcDbLine
 10
4.067061404976628
 20
55.24979192671056
 30
0.0
 11
3.951060525925426
 21
55.22838225021471
 31
0.0
  0
LINE
  5
674
330
1F
100
AcDbEntity
  8
AM_9
100
AcDbLine
 10
6.613247511239389
 20
55.22838225021471
 30
0.0
 11
6.613247511239387
 21
53.8
 31
0.0
  0
LINE
  5
675
330
1F
100
AcDbEntity
  8
AM_9
100
AcDbLine
 10
3.951060525925426
 20
55.14827437732608
 30
0.0
 11
3.951060525925425
 21
53.8
 31
0.0
  0
LINE
  5
676
330
1F
100
AcDbEntity
  8
AM_0
100
AcDbLine
 10
3.951060525925426
 20
55.22838225021471
 30
0.0
 11
3.951060525925426
 21
55.14827437732608
 31
0.0
  0
LINE
  5
677
330
1F
100
AcDbEntity
  8
AM_0
100
AcDbLine
 10
3.951060525925426
 20
55.22838225021471
 30
0.0
 11
6.534126792615456
 21
55.22838225021471
 31
0.0
  0
LINE
  5
678
330
1F
100
AcDbEntity
  8
AM_9
100
AcDbLine
 10
11.87225450935576
 20
54.95130535356427
 30
0.0
 11
11.95784724602069
 21
54.92971726309762
 31
0.0
  0
LINE
  5
679
330
1F
100
AcDbEntity
  8
AM_9
100
AcDbLine
 10
13.36576852322968
 20
54.92971726309762
 30
0.0
 11
13.24884667056595
 21
54.95130535356427
 31
0.0
  0
LINE
  5
67A
330
1F
100
AcDbEntity
  8
AM_0
100
AcDbLine
 10
12.16644117675326
 20
54.95130535356427
 30
0.0
 11
13.401
 21
54.95130535356427
 31
0.0
  0
LINE
  5
67B
330
1F
100
AcDbEntity
  8
AM_9
100
AcDbLine
 10
11.65093008684437
 20
54.95130535356428
 30
0.0
 11
12.16644117675326
 21
54.95130535356427
 31
0.0
  0
LINE
  5
67C
330
1F
100
AcDbEntity
  8
AM_0
100
AcDbLine
 10
13.522
 20
54.92971726309762
 30
0.0
 11
13.40099999999999
 21
54.95130535356427
 31
0.0
  0
LINE
  5
67D
330
1F
100
AcDbEntity
  8
AM_9
100
AcDbLine
 10
11.95784724602069
 20
54.92971726309762
 30
0.0
 11
11.95784724602069
 21
53.8
 31
0.0
  0
LINE
  5
67E
330
1F
100
AcDbEntity
  8
AM_9
100
AcDbLine
 10
13.36576852322968
 20
54.92971726309762
 30
0.0
 11
13.36576852322968
 21
53.8
 31
0.0
  0
LINE
  5
67F
330
1F
100
AcDbEntity
  8
AM_0
100
AcDbLine
 10
12.25745176088983
 20
54.92971726309762
 30
0.0
 11
13.52199999999999
 21
54.92971726309762
 31
0.0
  0
LINE
  5
680
330
1F
100
AcDbEntity
  8
AM_0
100
AcDbLine
 10
13.522
 20
54.85175035785858
 30
0.0
 11
13.522
 21
54.92971726309762
 31
0.0
  0
LINE
  5
681
330
1F
100
AcDbEntity
  8
AM_9
100
AcDbLine
 10
13.522
 20
53.8
 30
0.0
 11
13.522
 21
54.85175035785858
 31
0.0
  0
LINE
  5
682
330
1F
100
AcDbEntity
  8
AM_0
100
AcDbLine
 10
6.915582294867868
 20
55.22838225021471
 30
0.0
 11
10.55219734643105
 21
55.22838225021471
 31
0.0
  0
LINE
  5
683
330
1F
100
AcDbEntity
  8
AM_0
100
AcDbLine
 10
6.946664636730929
 20
55.24979192671056
 30
0.0
 11
10.46727880924293
 21
55.24979192671056
 31
0.0
  0
LINE
  5
684
330
1F
100
AcDbEntity
  8
AM_9
100
AcDbLine
 10
12.26696066834373
 20
54.85175035785858
 30
0.0
 11
12.26696066834373
 21
53.8
 31
0.0
  0
LINE
  5
685
330
1F
100
AcDbEntity
  8
AM_9
100
AcDbLine
 10
13.78802531077369
 20
54.85175035785858
 30
0.0
 11
13.78802531077369
 21
53.8
 31
0.0
  0
LINE
  5
686
330
1F
100
AcDbEntity
  8
AM_9
100
AcDbLine
 10
13.959
 20
53.8
 30
0.0
 11
13.959
 21
54.85175035785858
 31
0.0
  0
LINE
  5
687
330
1F
100
AcDbEntity
  8
AM_9
100
AcDbLine
 10
6.496959171929342
 20
55.14827437732608
 30
0.0
 11
6.496959171929348
 21
53.8
 31
0.0
  0
LINE
  5
688
330
1F
100
AcDbEntity
  8
AM_9
100
AcDbLine
 10
12.26696066834373
 20
54.85175035785858
 30
0.0
 11
12.35184044266743
 21
54.83034068136273
 31
0.0
  0
LINE
  5
689
330
1F
100
AcDbEntity
  8
AM_9
100
AcDbLine
 10
13.90397323876735
 20
54.83034068136273
 30
0.0
 11
13.78802531077369
 21
54.85175035785858
 31
0.0
  0
LINE
  5
68A
330
1F
100
AcDbEntity
  8
AM_0
100
AcDbLine
 10
12.58613670211866
 20
54.85175035785858
 30
0.0
 11
13.959
 21
54.85175035785858
 31
0.0
  0
LINE
  5
68B
330
1F
100
AcDbEntity
  8
AM_0
100
AcDbLine
 10
14.079
 20
54.83034068136273
 30
0.0
 11
13.959
 21
54.85175035785858
 31
0.0
  0
LINE
  5
68C
330
1F
100
AcDbEntity
  8
AM_9
100
AcDbLine
 10
12.35184044266743
 20
54.83034068136273
 30
0.0
 11
12.35184044266743
 21
53.8
 31
0.0
  0
LINE
  5
68D
330
1F
100
AcDbEntity
  8
AM_9
100
AcDbLine
 10
13.90397323876735
 20
54.83034068136273
 30
0.0
 11
13.90397323876735
 21
53.8
 31
0.0
  0
LINE
  5
68E
330
1F
100
AcDbEntity
  8
AM_0
100
AcDbLine
 10
12.67639168847418
 20
54.83034068136273
 30
0.0
 11
14.079
 21
54.83034068136273
 31
0.0
  0
LINE
  5
68F
330
1F
100
AcDbEntity
  8
AM_0
100
AcDbLine
 10
14.079
 20
54.75219536215288
 30
0.0
 11
14.079
 21
54.83034068136273
 31
0.0
  0
LINE
  5
690
330
1F
100
AcDbEntity
  8
AM_9
100
AcDbLine
 10
14.079
 20
53.8
 30
0.0
 11
14.079
 21
54.75219536215288
 31
0.0
  0
LINE
  5
691
330
1F
100
AcDbEntity
  8
AM_9
100
AcDbLine
 10
6.465882478928511
 20
55.12686470083023
 30
0.0
 11
6.496959171929342
 21
55.14827437732608
 31
0.0
  0
LINE
  5
692
330
1F
100
AcDbEntity
  8
AM_0
100
AcDbLine
 10
3.517066535292528
 20
55.14827437732608
 30
0.0
 11
6.412586769450055
 21
55.14827437732608
 31
0.0
  0
LINE
  5
693
330
1F
100
AcDbEntity
  8
AM_0
100
AcDbLine
 10
3.517066535292528
 20
55.14827437732608
 30
0.0
 11
3.401086738082205
 21
55.12686470083023
 31
0.0
  0
LINE
  5
694
330
1F
100
AcDbEntity
  8
AM_9
100
AcDbLine
 10
6.465882478928511
 20
55.12686470083023
 30
0.0
 11
6.465882478928511
 21
53.8
 31
0.0
  0
LINE
  5
695
330
1F
100
AcDbEntity
  8
AM_9
100
AcDbLine
 10
3.401086738082206
 20
55.05068193529917
 30
0.0
 11
3.401086738082205
 21
53.8
 31
0.0
  0
LINE
  5
696
330
1F
100
AcDbEntity
  8
AM_0
100
AcDbLine
 10
3.401086738082205
 20
55.12686470083023
 30
0.0
 11
3.401086738082206
 21
55.05068193529917
 31
0.0
  0
LINE
  5
697
330
1F
100
AcDbEntity
  8
AM_0
100
AcDbLine
 10
3.401086738082205
 20
55.12686470083023
 30
0.0
 11
6.37933194767145
 21
55.12686470083023
 31
0.0
  0
LINE
  5
698
330
1F
100
AcDbEntity
  8
AM_0
100
AcDbLine
 10
6.768217262556988
 20
55.12686470083023
 30
0.0
 11
10.95480610196341
 21
55.12686470083023
 31
0.0
  0
LINE
  5
699
330
1F
100
AcDbEntity
  8
AM_0
100
AcDbLine
 10
6.799293955557831
 20
55.14827437732608
 30
0.0
 11
10.86990299775389
 21
55.14827437732608
 31
0.0
  0
LINE
  5
69A
330
1F
100
AcDbEntity
  8
AM_9
100
AcDbLine
 10
12.66164342958628
 20
54.75219536215288
 30
0.0
 11
12.66164342958628
 21
53.8
 31
0.0
  0
LINE
  5
69B
330
1F
100
AcDbEntity
  8
AM_9
100
AcDbLine
 10
14.3271719890668
 20
54.75219536215288
 30
0.0
 11
14.3271719890668
 21
53.8
 31
0.0
  0
LINE
  5
69C
330
1F
100
AcDbEntity
  8
AM_9
100
AcDbLine
 10
14.517
 20
53.8
 30
0.0
 11
14.517
 21
54.75219536215288
 31
0.0
  0
LINE
  5
69D
330
1F
100
AcDbEntity
  8
AM_9
100
AcDbLine
 10
12.66164342958628
 20
54.75219536215288
 30
0.0
 11
12.74651893950028
 21
54.73078568565703
 31
0.0
  0
LINE
  5
69E
330
1F
100
AcDbEntity
  8
AM_9
100
AcDbLine
 10
14.4431140917685
 20
54.73078568565703
 30
0.0
 11
14.3271719890668
 21
54.75219536215288
 31
0.0
  0
LINE
  5
69F
330
1F
100
AcDbEntity
  8
AM_0
100
AcDbLine
 10
13.00581582824567
 20
54.75219536215288
 30
0.0
 11
14.517
 21
54.75219536215288
 31
0.0
  0
LINE
  5
6A0
330
1F
100
AcDbEntity
  8
AM_0
100
AcDbLine
 10
14.637
 20
54.73078568565703
 30
0.0
 11
14.517
 21
54.75219536215288
 31
0.0
  0
LINE
  5
6A1
330
1F
100
AcDbEntity
  8
AM_9
100
AcDbLine
 10
12.74651893950028
 20
54.73078568565703
 30
0.0
 11
12.74651893950028
 21
53.8
 31
0.0
  0
LINE
  5
6A2
330
1F
100
AcDbEntity
  8
AM_9
100
AcDbLine
 10
14.4431140917685
 20
54.73078568565703
 30
0.0
 11
14.44311409176848
 21
53.8
 31
0.0
  0
LINE
  5
6A3
330
1F
100
AcDbEntity
  8
AM_0
100
AcDbLine
 10
13.09606720638573
 20
54.73078568565703
 30
0.0
 11
14.63700000000001
 21
54.73078568565703
 31
0.0
  0
LINE
  5
6A4
330
1F
100
AcDbEntity
  8
AM_0
100
AcDbLine
 10
14.637
 20
54.65264036644718
 30
0.0
 11
14.637
 21
54.73078568565703
 31
0.0
  0
LINE
  5
6A5
330
1F
100
AcDbEntity
  8
AM_9
100
AcDbLine
 10
14.637
 20
53.8
 30
0.0
 11
14.637
 21
54.65264036644718
 31
0.0
  0
LINE
  5
6A6
330
1F
100
AcDbEntity
  8
AM_9
100
AcDbLine
 10
6.355308367789311
 20
55.05068193529917
 30
0.0
 11
6.355308367789311
 21
53.8
 31
0.0
  0
LINE
  5
6A7
330
1F
100
AcDbEntity
  8
AM_9
100
AcDbLine
 10
-15.555
 20
5.704
 30
0.0
 11
-15.555
 21
5.167
 31
0.0
  0
LINE
  5
6A8
330
1F
100
AcDbEntity
  8
AM_9
100
AcDbLine
 10
-16.962
 20
5.704
 30
0.0
 11
-16.962
 21
5.167
 31
0.0
  0
LINE
  5
6A9
330
1F
100
AcDbEntity
  8
AM_9
100
AcDbLine
 10
-20.853
 20
5.704
 30
0.0
 11
-9.873000000000003
 21
5.704
 31
0.0
  0
LINE
  5
6AA
330
1F
100
AcDbEntity
  8
AM_9
100
AcDbLine
 10
-15.171
 20
5.704
 30
0.0
 11
-15.171
 21
5.167
 31
0.0
  0
LINE
  5
6AB
330
1F
100
AcDbEntity
  8
AM_9
100
AcDbLine
 10
-13.764
 20
5.704
 30
0.0
 11
-13.764
 21
5.167
 31
0.0
  0
LINE
  5
6AC
330
1F
100
AcDbEntity
  8
AM_9
100
AcDbLine
 10
6.324235418271752
 20
55.02927225880332
 30
0.0
 11
6.355308367789311
 21
55.05068193529917
 31
0.0
  0
LINE
  5
6AD
330
1F
100
AcDbEntity
  8
AM_0
100
AcDbLine
 10
2.988418537308942
 20
55.05068193529917
 30
0.0
 11
6.260950933061665
 21
55.05068193529917
 31
0.0
  0
LINE
  5
6AE
330
1F
100
AcDbEntity
  8
AM_0
100
AcDbLine
 10
2.988418537308942
 20
55.05068193529917
 30
0.0
 11
2.872452710968388
 21
55.02927225880332
 31
0.0
  0
LINE
  5
6AF
330
1F
100
AcDbEntity
  8
AM_9
100
AcDbLine
 10
6.324235418271752
 20
55.02927225880332
 30
0.0
 11
6.324235418271752
 21
53.8
 31
0.0
  0
LINE
  5
6B0
330
1F
100
AcDbEntity
  8
AM_9
100
AcDbLine
 10
2.87245271096839
 20
54.95130535356427
 30
0.0
 11
2.872452710968388
 21
53.8
 31
0.0
  0
LINE
  5
6B1
330
1F
100
AcDbEntity
  8
AM_0
100
AcDbLine
 10
2.872452710968388
 20
55.02927225880332
 30
0.0
 11
2.87245271096839
 21
54.95130535356427
 31
0.0
  0
LINE
  5
6B2
330
1F
100
AcDbEntity
  8
AM_0
100
AcDbLine
 10
2.872452710968388
 20
55.02927225880332
 30
0.0
 11
6.22766923449376
 21
55.02927225880332
 31
0.0
  0
LINE
  5
6B3
330
1F
100
AcDbEntity
  8
AM_9
100
AcDbLine
 10
13.05630818650063
 20
54.65264036644718
 30
0.0
 11
13.05630818650063
 21
53.8
 31
0.0
  0
LINE
  5
6B4
330
1F
100
AcDbEntity
  8
AM_9
100
AcDbLine
 10
14.86629407299022
 20
54.65264036644718
 30
0.0
 11
14.86629407299022
 21
53.8
 31
0.0
  0
LINE
  5
6B5
330
1F
100
AcDbEntity
  8
AM_9
100
AcDbLine
 10
15.07499999999999
 20
53.8
 30
0.0
 11
15.07499999999999
 21
54.65264036644718
 31
0.0
  0
LINE
  5
6B6
330
1F
100
AcDbEntity
  8
AM_9
100
AcDbLine
 10
13.05630818650063
 20
54.65264036644718
 30
0.0
 11
13.14118036932046
 21
54.63123068995133
 31
0.0
  0
LINE
  5
6B7
330
1F
100
AcDbEntity
  8
AM_9
100
AcDbLine
 10
14.98223163079674
 20
54.63123068995133
 30
0.0
 11
14.86629407299022
 21
54.65264036644718
 31
0.0
  0
LINE
  5
6B8
330
1F
100
AcDbEntity
  8
AM_0
100
AcDbLine
 10
13.4254781234347
 20
54.65264036644718
 30
0.0
 11
15.07500000000002
 21
54.65264036644718
 31
0.0
  0
LINE
  5
6B9
330
1F
100
AcDbEntity
  8
AM_9
100
AcDbLine
 10
12.83498376398924
 20
54.65264036644718
 30
0.0
 11
13.4254781234347
 21
54.65264036644718
 31
0.0
  0
LINE
  5
6BA
330
1F
100
AcDbEntity
  8
AM_0
100
AcDbLine
 10
15.195
 20
54.63123068995133
 30
0.0
 11
15.075
 21
54.65264036644718
 31
0.0
  0
LINE
  5
6BB
330
1F
100
AcDbEntity
  8
AM_9
100
AcDbLine
 10
13.14118036932046
 20
54.63123068995133
 30
0.0
 11
13.14118036932046
 21
53.8
 31
0.0
  0
LINE
  5
6BC
330
1F
100
AcDbEntity
  8
AM_9
100
AcDbLine
 10
14.98223163079674
 20
54.63123068995133
 30
0.0
 11
14.98223163079673
 21
53.8
 31
0.0
  0
LINE
  5
6BD
330
1F
100
AcDbEntity
  8
AM_0
100
AcDbLine
 10
13.51572588698027
 20
54.63123068995133
 30
0.0
 11
15.195
 21
54.63123068995133
 31
0.0
  0
LINE
  5
6BE
330
1F
100
AcDbEntity
  8
AM_0
100
AcDbLine
 10
15.19499999999999
 20
54.55326378471229
 30
0.0
 11
15.19499999999999
 21
54.63123068995133
 31
0.0
  0
LINE
  5
6BF
330
1F
100
AcDbEntity
  8
AM_9
100
AcDbLine
 10
15.19499999999999
 20
53.8
 30
0.0
 11
15.19499999999999
 21
54.55326378471229
 31
0.0
  0
LINE
  5
6C0
330
1F
100
AcDbEntity
  8
AM_0
100
AcDbLine
 10
6.62657020190023
 20
55.02927225880332
 30
0.0
 11
11.34179306842046
 21
55.02927225880332
 31
0.0
  0
LINE
  5
6C1
330
1F
100
AcDbEntity
  8
AM_0
100
AcDbLine
 10
6.657643151417791
 20
55.05068193529917
 30
0.0
 11
11.25690019159746
 21
55.05068193529917
 31
0.0
  0
LINE
  5
6C2
330
1F
100
AcDbEntity
  8
AM_9
100
AcDbLine
 10
6.211083416278413
 20
54.95130535356427
 30
0.0
 11
6.211083416278418
 21
53.8
 31
0.0
  0
LINE
  5
6C3
330
1F
100
AcDbEntity
  8
AM_9
100
AcDbLine
 10
13.4502515446812
 20
54.55326378471229
 30
0.0
 11
13.4502515446812
 21
53.8
 31
0.0
  0
LINE
  5
6C4
330
1F
100
AcDbEntity
  8
AM_9
100
AcDbLine
 10
15.40443070791703
 20
54.55326378471229
 30
0.0
 11
15.40443070791703
 21
53.8
 31
0.0
  0
LINE
  5
6C5
330
1F
100
AcDbEntity
  8
AM_9
100
AcDbLine
 10
15.632
 20
53.8
 30
0.0
 11
15.632
 21
54.55326378471229
 31
0.0
  0
LINE
  5
6C6
330
1F
100
AcDbEntity
  8
AM_9
100
AcDbLine
 10
6.17975430027962
 20
54.92971726309762
 30
0.0
 11
6.179754300279623
 21
53.8
 31
0.0
  0
LINE
  5
6C7
330
1F
100
AcDbEntity
  8
AM_9
100
AcDbLine
 10
2.333241837887408
 20
54.85175035785858
 30
0.0
 11
2.333241837887409
 21
53.8
 31
0.0
  0
LINE
  5
6C8
330
1F
100
AcDbEntity
  8
AM_0
100
AcDbLine
 10
2.333241837887408
 20
54.92971726309762
 30
0.0
 11
2.333241837887408
 21
54.85175035785858
 31
0.0
  0
LINE
  5
6C9
330
1F
100
AcDbEntity
  8
AM_9
100
AcDbLine
 10
6.17975430027962
 20
54.92971726309762
 30
0.0
 11
6.211083416278413
 21
54.95130535356427
 31
0.0
  0
LINE
  5
6CA
330
1F
100
AcDbEntity
  8
AM_0
100
AcDbLine
 10
2.450163690551113
 20
54.95130535356427
 30
0.0
 11
6.106423975542637
 21
54.95130535356427
 31
0.0
  0
LINE
  5
6CB
330
1F
100
AcDbEntity
  8
AM_0
100
AcDbLine
 10
2.450163690551113
 20
54.95130535356427
 30
0.0
 11
2.333241837887408
 21
54.92971726309762
 31
0.0
  0
LINE
  5
6CC
330
1F
100
AcDbEntity
  8
AM_0
100
AcDbLine
 10
2.333241837887408
 20
54.92971726309762
 30
0.0
 11
6.072917153127992
 21
54.92971726309762
 31
0.0
  0
LINE
  5
6CD
330
1F
100
AcDbEntity
  8
AM_9
100
AcDbLine
 10
13.4502515446812
 20
54.55326378471229
 30
0.0
 11
13.53512108609398
 21
54.53185410821643
 31
0.0
  0
LINE
  5
6CE
330
1F
100
AcDbEntity
  8
AM_9
100
AcDbLine
 10
15.52036465749442
 20
54.53185410821643
 30
0.0
 11
15.40443070791703
 21
54.55326378471229
 31
0.0
  0
LINE
  5
6CF
330
1F
100
AcDbEntity
  8
AM_0
100
AcDbLine
 10
13.84437169072594
 20
54.55326378471229
 30
0.0
 11
15.63200000000001
 21
54.55326378471229
 31
0.0
  0
LINE
  5
6D0
330
1F
100
AcDbEntity
  8
AM_0
100
AcDbLine
 10
15.752
 20
54.53185410821643
 30
0.0
 11
15.63199999999999
 21
54.55326378471229
 31
0.0
  0
LINE
  5
6D1
330
1F
100
AcDbEntity
  8
AM_9
100
AcDbLine
 10
13.53512108609398
 20
54.53185410821643
 30
0.0
 11
13.53512108609398
 21
53.8
 31
0.0
  0
LINE
  5
6D2
330
1F
100
AcDbEntity
  8
AM_9
100
AcDbLine
 10
15.52036465749442
 20
54.53185410821643
 30
0.0
 11
15.52036465749441
 21
53.8
 31
0.0
  0
LINE
  5
6D3
330
1F
100
AcDbEntity
  8
AM_0
100
AcDbLine
 10
13.93461592274277
 20
54.53185410821643
 30
0.0
 11
15.75200000000001
 21
54.53185410821643
 31
0.0
  0
LINE
  5
6D4
330
1F
100
AcDbEntity
  8
AM_0
100
AcDbLine
 10
15.752
 20
54.45370878900659
 30
0.0
 11
15.752
 21
54.53185410821643
 31
0.0
  0
LINE
  5
6D5
330
1F
100
AcDbEntity
  8
AM_9
100
AcDbLine
 10
15.752
 20
53.8
 30
0.0
 11
15.752
 21
54.45370878900659
 31
0.0
  0
LINE
  5
6D6
330
1F
100
AcDbEntity
  8
AM_0
100
AcDbLine
 10
6.513418199906897
 20
54.95130535356427
 30
0.0
 11
11.65093008684438
 21
54.95130535356427
 31
0.0
  0
LINE
  5
6D7
330
1F
100
AcDbEntity
  8
AM_0
100
AcDbLine
 10
6.482089083908104
 20
54.92971726309762
 30
0.0
 11
11.7365228235093
 21
54.92971726309762
 31
0.0
  0
LINE
  5
6D8
330
1F
100
AcDbEntity
  8
AM_9
100
AcDbLine
 10
13.84489084608491
 20
54.45370878900658
 30
0.0
 11
13.8448908460849
 21
53.8
 31
0.0
  0
LINE
  5
6D9
330
1F
100
AcDbEntity
  8
AM_9
100
AcDbLine
 10
15.94351801896623
 20
54.45370878900658
 30
0.0
 11
15.94351801896623
 21
53.8
 31
0.0
  0
LINE
  5
6DA
330
1F
100
AcDbEntity
  8
AM_9
100
AcDbLine
 10
16.19
 20
53.8
 30
0.0
 11
16.19
 21
54.45370878900658
 31
0.0
  0
LINE
  5
6DB
330
1F
100
AcDbEntity
  8
AM_9
100
AcDbLine
 10
6.066610935058648
 20
54.85175035785858
 30
0.0
 11
6.066610935058645
 21
53.8
 31
0.0
  0
LINE
  5
6DC
330
1F
100
AcDbEntity
  8
AM_9
100
AcDbLine
 10
13.92975824834196
 20
54.43229911251073
 30
0.0
 11
13.92975824834196
 21
53.8
 31
0.0
  0
LINE
  5
6DD
330
1F
100
AcDbEntity
  8
AM_9
100
AcDbLine
 10
16.05944904640258
 20
54.43229911251073
 30
0.0
 11
16.05944904640256
 21
53.8
 31
0.0
  0
LINE
  5
6DE
330
1F
100
AcDbEntity
  8
AM_0
100
AcDbLine
 10
16.31
 20
54.35415379330089
 30
0.0
 11
16.31
 21
54.43229911251073
 31
0.0
  0
LINE
  5
6DF
330
1F
100
AcDbEntity
  8
AM_9
100
AcDbLine
 10
16.31
 20
53.8
 30
0.0
 11
16.31
 21
54.35415379330089
 31
0.0
  0
LINE
  5
6E0
330
1F
100
AcDbEntity
  8
AM_9
100
AcDbLine
 10
13.84489084608491
 20
54.45370878900658
 30
0.0
 11
13.92975824834196
 21
54.43229911251073
 31
0.0
  0
LINE
  5
6E1
330
1F
100
AcDbEntity
  8
AM_0
100
AcDbLine
 10
14.35424189705722
 20
54.43229911251073
 30
0.0
 11
16.31000000000002
 21
54.43229911251073
 31
0.0
  0
LINE
  5
6E2
330
1F
100
AcDbEntity
  8
AM_9
100
AcDbLine
 10
16.05944904640258
 20
54.43229911251073
 30
0.0
 11
15.94351801896623
 21
54.45370878900658
 31
0.0
  0
LINE
  5
6E3
330
1F
100
AcDbEntity
  8
AM_0
100
AcDbLine
 10
14.26400108279108
 20
54.45370878900658
 30
0.0
 11
16.19
 21
54.45370878900658
 31
0.0
  0
LINE
  5
6E4
330
1F
100
AcDbEntity
  8
AM_0
100
AcDbLine
 10
16.31
 20
54.43229911251073
 30
0.0
 11
16.19
 21
54.45370878900658
 31
0.0
  0
LINE
  5
6E5
330
1F
100
AcDbEntity
  8
AM_9
100
AcDbLine
 10
6.035542781388683
 20
54.83034068136273
 30
0.0
 11
6.066610935058648
 21
54.85175035785858
 31
0.0
  0
LINE
  5
6E6
330
1F
100
AcDbEntity
  8
AM_0
100
AcDbLine
 10
1.91098505034341
 20
54.85175035785858
 30
0.0
 11
5.954955447410159
 21
54.85175035785858
 31
0.0
  0
LINE
  5
6E7
330
1F
100
AcDbEntity
  8
AM_0
100
AcDbLine
 10
1.91098505034341
 20
54.85175035785858
 30
0.0
 11
1.79503712234974
 21
54.83034068136273
 31
0.0
  0
LINE
  5
6E8
330
1F
100
AcDbEntity
  8
AM_9
100
AcDbLine
 10
6.035542781388683
 20
54.83034068136273
 30
0.0
 11
6.035542781388683
 21
53.8
 31
0.0
  0
LINE
  5
6E9
330
1F
100
AcDbEntity
  8
AM_9
100
AcDbLine
 10
1.795037122349741
 20
54.75219536215288
 30
0.0
 11
1.795037122349739
 21
53.8
 31
0.0
  0
LINE
  5
6EA
330
1F
100
AcDbEntity
  8
AM_0
100
AcDbLine
 10
1.79503712234974
 20
54.83034068136273
 30
0.0
 11
1.795037122349741
 21
54.75219536215288
 31
0.0
  0
LINE
  5
6EB
330
1F
100
AcDbEntity
  8
AM_0
100
AcDbLine
 10
1.79503712234974
 20
54.83034068136273
 30
0.0
 11
5.921720178292825
 21
54.83034068136273
 31
0.0
  0
LINE
  5
6EC
330
1F
100
AcDbEntity
  8
AM_9
100
AcDbLine
 10
14.23952094187618
 20
54.35415379330089
 30
0.0
 11
14.23952094187618
 21
53.8
 31
0.0
  0
LINE
  5
6ED
330
1F
100
AcDbEntity
  8
AM_9
100
AcDbLine
 10
16.48259275491501
 20
54.35415379330089
 30
0.0
 11
16.48259275491501
 21
53.8
 31
0.0
  0
LINE
  5
6EE
330
1F
100
AcDbEntity
  8
AM_9
100
AcDbLine
 10
16.748
 20
53.8
 30
0.0
 11
16.748
 21
54.35415379330089
 31
0.0
  0
LINE
  5
6EF
330
1F
100
AcDbEntity
  8
AM_0
100
AcDbLine
 10
6.368945718687127
 20
54.85175035785858
 30
0.0
 11
12.04563624583234
 21
54.85175035785858
 31
0.0
  0
LINE
  5
6F0
330
1F
100
AcDbEntity
  8
AM_0
100
AcDbLine
 10
6.337877565017169
 20
54.83034068136273
 30
0.0
 11
12.13051602015602
 21
54.83034068136273
 31
0.0
  0
LINE
  5
6F1
330
1F
100
AcDbEntity
  8
AM_9
100
AcDbLine
 10
14.23952094187618
 20
54.35415379330089
 30
0.0
 11
14.32438659057133
 21
54.33274411680504
 31
0.0
  0
LINE
  5
6F2
330
1F
100
AcDbEntity
  8
AM_9
100
AcDbLine
 10
16.59852138694122
 20
54.33274411680504
 30
0.0
 11
16.48259275491501
 21
54.35415379330089
 31
0.0
  0
LINE
  5
6F3
330
1F
100
AcDbEntity
  8
AM_0
100
AcDbLine
 10
14.68361483494715
 20
54.35415379330088
 30
0.0
 11
16.74800000000001
 21
54.35415379330088
 31
0.0
  0
LINE
  5
6F4
330
1F
100
AcDbEntity
  8
AM_9
100
AcDbLine
 10
14.01819651936479
 20
54.35415379330089
 30
0.0
 11
14.68361483494715
 21
54.35415379330088
 31
0.0
  0
LINE
  5
6F5
330
1F
100
AcDbEntity
  8
AM_0
100
AcDbLine
 10
16.86799999999999
 20
54.33274411680504
 30
0.0
 11
16.74799999999999
 21
54.35415379330089
 31
0.0
  0
LINE
  5
6F6
330
1F
100
AcDbEntity
  8
AM_9
100
AcDbLine
 10
14.32438659057133
 20
54.33274411680504
 30
0.0
 11
14.32438659057133
 21
53.8
 31
0.0
  0
LINE
  5
6F7
330
1F
100
AcDbEntity
  8
AM_9
100
AcDbLine
 10
16.59852138694122
 20
54.33274411680504
 30
0.0
 11
16.59852138694121
 21
53.8
 31
0.0
  0
LINE
  5
6F8
330
1F
100
AcDbEntity
  8
AM_0
100
AcDbLine
 10
14.77385237253755
 20
54.33274411680504
 30
0.0
 11
16.868
 21
54.33274411680504
 31
0.0
  0
LINE
  5
6F9
330
1F
100
AcDbEntity
  8
AM_0
100
AcDbLine
 10
16.86799999999999
 20
54.25477721156599
 30
0.0
 11
16.86799999999999
 21
54.33274411680504
 31
0.0
  0
LINE
  5
6FA
330
1F
100
AcDbEntity
  8
AM_9
100
AcDbLine
 10
16.86799999999999
 20
53.8
 30
0.0
 11
16.86799999999999
 21
54.25477721156599
 31
0.0
  0
LINE
  5
6FB
330
1F
100
AcDbEntity
  8
AM_9
100
AcDbLine
 10
5.922147018008086
 20
54.75219536215288
 30
0.0
 11
5.922147018008084
 21
53.8
 31
0.0
  0
LINE
  5
6FC
330
1F
100
AcDbEntity
  8
AM_9
100
AcDbLine
 10
5.891080425220393
 20
54.73078568565703
 30
0.0
 11
5.891080425220402
 21
53.8
 31
0.0
  0
LINE
  5
6FD
330
1F
100
AcDbEntity
  8
AM_9
100
AcDbLine
 10
1.255896269348605
 20
54.65264036644718
 30
0.0
 11
1.255896269348604
 21
53.8
 31
0.0
  0
LINE
  5
6FE
330
1F
100
AcDbEntity
  8
AM_0
100
AcDbLine
 10
1.255896269348604
 20
54.73078568565703
 30
0.0
 11
1.255896269348605
 21
54.65264036644718
 31
0.0
  0
LINE
  5
6FF
330
1F
100
AcDbEntity
  8
AM_9
100
AcDbLine
 10
5.891080425220393
 20
54.73078568565703
 30
0.0
 11
5.922147018008086
 21
54.75219536215288
 31
0.0
  0
LINE
  5
700
330
1F
100
AcDbEntity
  8
AM_0
100
AcDbLine
 10
1.371838372050294
 20
54.75219536215288
 30
0.0
 11
5.800371720929288
 21
54.75219536215288
 31
0.0
  0
LINE
  5
701
330
1F
100
AcDbEntity
  8
AM_0
100
AcDbLine
 10
1.371838372050294
 20
54.75219536215288
 30
0.0
 11
1.255896269348604
 21
54.73078568565703
 31
0.0
  0
LINE
  5
702
330
1F
100
AcDbEntity
  8
AM_0
100
AcDbLine
 10
1.255896269348604
 20
54.73078568565703
 30
0.0
 11
5.767115177280608
 21
54.73078568565703
 31
0.0
  0
LINE
  5
703
330
1F
100
AcDbEntity
  8
AM_9
100
AcDbLine
 10
14.63343625235955
 20
54.25477721156599
 30
0.0
 11
14.63343625235955
 21
53.8
 31
0.0
  0
LINE
  5
704
330
1F
100
AcDbEntity
  8
AM_9
100
AcDbLine
 10
17.02069107597492
 20
54.25477721156599
 30
0.0
 11
17.02069107597492
 21
53.8
 31
0.0
  0
LINE
  5
705
330
1F
100
AcDbEntity
  8
AM_9
100
AcDbLine
 10
17.305
 20
53.8
 30
0.0
 11
17.305
 21
54.25477721156599
 31
0.0
  0
LINE
  5
706
330
1F
100
AcDbEntity
  8
AM_9
100
AcDbLine
 10
14.71830044806459
 20
54.23336753507014
 30
0.0
 11
14.71830044806459
 21
53.8
 31
0.0
  0
LINE
  5
707
330
1F
100
AcDbEntity
  8
AM_9
100
AcDbLine
 10
17.13661772317975
 20
54.23336753507014
 30
0.0
 11
17.13661772317974
 21
53.8
 31
0.0
  0
LINE
  5
708
330
1F
100
AcDbEntity
  8
AM_0
100
AcDbLine
 10
17.425
 20
54.1552222158603
 30
0.0
 11
17.425
 21
54.23336753507014
 31
0.0
  0
LINE
  5
709
330
1F
100
AcDbEntity
  8
AM_9
100
AcDbLine
 10
17.425
 20
53.8
 30
0.0
 11
17.425
 21
54.1552222158603
 31
0.0
  0
LINE
  5
70A
330
1F
100
AcDbEntity
  8
AM_9
100
AcDbLine
 10
14.63343625235955
 20
54.25477721156599
 30
0.0
 11
14.71830044806459
 21
54.23336753507014
 31
0.0
  0
LINE
  5
70B
330
1F
100
AcDbEntity
  8
AM_0
100
AcDbLine
 10
15.19269608030673
 20
54.23336753507014
 30
0.0
 11
17.425
 21
54.23336753507014
 31
0.0
  0
LINE
  5
70C
330
1F
100
AcDbEntity
  8
AM_9
100
AcDbLine
 10
17.13661772317975
 20
54.23336753507014
 30
0.0
 11
17.02069107597492
 21
54.25477721156599
 31
0.0
  0
LINE
  5
70D
330
1F
100
AcDbEntity
  8
AM_0
100
AcDbLine
 10
15.10246166496865
 20
54.25477721156599
 30
0.0
 11
17.305
 21
54.25477721156599
 31
0.0
  0
LINE
  5
70E
330
1F
100
AcDbEntity
  8
AM_0
100
AcDbLine
 10
17.425
 20
54.23336753507014
 30
0.0
 11
17.305
 21
54.25477721156599
 31
0.0
  0
LINE
  5
70F
330
1F
100
AcDbEntity
  8
AM_0
100
AcDbLine
 10
6.19341520884888
 20
54.73078568565703
 30
0.0
 11
12.5251945169889
 21
54.73078568565703
 31
0.0
  0
LINE
  5
710
330
1F
100
AcDbEntity
  8
AM_0
100
AcDbLine
 10
6.224481801636563
 20
54.75219536215288
 30
0.0
 11
12.44031900707489
 21
54.75219536215288
 31
0.0
  0
LINE
  5
711
330
1F
100
AcDbEntity
  8
AM_9
100
AcDbLine
 10
5.777689690999026
 20
54.65264036644718
 30
0.0
 11
5.77768969099902
 21
53.8
 31
0.0
  0
LINE
  5
712
330
1F
100
AcDbEntity
  8
AM_9
100
AcDbLine
 10
15.02805245624084
 20
54.15522221586029
 30
0.0
 11
15.02805245624084
 21
53.8
 31
0.0
  0
LINE
  5
713
330
1F
100
AcDbEntity
  8
AM_9
100
AcDbLine
 10
17.55974683522174
 20
54.15522221586029
 30
0.0
 11
17.55974683522174
 21
53.8
 31
0.0
  0
LINE
  5
714
330
1F
100
AcDbEntity
  8
AM_9
100
AcDbLine
 10
17.863
 20
53.8
 30
0.0
 11
17.863
 21
54.15522221586029
 31
0.0
  0
LINE
  5
715
330
1F
100
AcDbEntity
  8
AM_9
100
AcDbLine
 10
15.11291543041878
 20
54.13381253936444
 30
0.0
 11
15.11291543041878
 21
53.8
 31
0.0
  0
LINE
  5
716
330
1F
100
AcDbEntity
  8
AM_9
100
AcDbLine
 10
17.67567181378952
 20
54.13381253936443
 30
0.0
 11
17.6756718137895
 21
53.8
 31
0.0
  0
LINE
  5
717
330
1F
100
AcDbEntity
  8
AM_0
100
AcDbLine
 10
17.983
 20
54.0558456341254
 30
0.0
 11
17.983
 21
54.13381253936444
 31
0.0
  0
LINE
  5
718
330
1F
100
AcDbEntity
  8
AM_9
100
AcDbLine
 10
17.983
 20
53.8
 30
0.0
 11
17.983
 21
54.0558456341254
 31
0.0
  0
LINE
  5
719
330
1F
100
AcDbEntity
  8
AM_9
100
AcDbLine
 10
15.02805245624084
 20
54.15522221586029
 30
0.0
 11
15.11291543041878
 21
54.13381253936444
 31
0.0
  0
LINE
  5
71A
330
1F
100
AcDbEntity
  8
AM_0
100
AcDbLine
 10
15.61227764231488
 20
54.13381253936443
 30
0.0
 11
17.98300000000001
 21
54.13381253936443
 31
0.0
  0
LINE
  5
71B
330
1F
100
AcDbEntity
  8
AM_9
100
AcDbLine
 10
17.67567181378952
 20
54.13381253936443
 30
0.0
 11
17.55974683522174
 21
54.15522221586029
 31
0.0
  0
LINE
  5
71C
330
1F
100
AcDbEntity
  8
AM_0
100
AcDbLine
 10
15.52204620559732
 20
54.15522221586029
 30
0.0
 11
17.86300000000001
 21
54.15522221586029
 31
0.0
  0
LINE
  5
71D
330
1F
100
AcDbEntity
  8
AM_0
100
AcDbLine
 10
17.983
 20
54.13381253936444
 30
0.0
 11
17.863
 21
54.15522221586029
 31
0.0
  0
LINE
  5
71E
330
1F
100
AcDbEntity
  8
AM_9
100
AcDbLine
 10
5.746624316012322
 20
54.63123068995132
 30
0.0
 11
5.746624316012329
 21
53.8
 31
0.0
  0
LINE
  5
71F
330
1F
100
AcDbEntity
  8
AM_9
100
AcDbLine
 10
0.7167787303203556
 20
54.55326378471229
 30
0.0
 11
0.7167787303203552
 21
53.8
 31
0.0
  0
LINE
  5
720
330
1F
100
AcDbEntity
  8
AM_0
100
AcDbLine
 10
0.716778730320353
 20
54.63123068995133
 30
0.0
 11
0.7167787303203556
 21
54.55326378471229
 31
0.0
  0
LINE
  5
721
330
1F
100
AcDbEntity
  8
AM_9
100
AcDbLine
 10
5.746624316012322
 20
54.63123068995132
 30
0.0
 11
5.777689690999026
 21
54.65264036644718
 31
0.0
  0
LINE
  5
722
330
1F
100
AcDbEntity
  8
AM_0
100
AcDbLine
 10
0.8327162881268896
 20
54.65264036644718
 30
0.0
 11
5.645693249227555
 21
54.65264036644718
 31
0.0
  0
LINE
  5
723
330
1F
100
AcDbEntity
  8
AM_0
100
AcDbLine
 10
0.8327162881268896
 20
54.65264036644718
 30
0.0
 11
0.716778730320353
 21
54.63123068995133
 31
0.0
  0
LINE
  5
724
330
1F
100
AcDbEntity
  8
AM_0
100
AcDbLine
 10
0.716778730320353
 20
54.63123068995133
 30
0.0
 11
5.612417632011836
 21
54.63123068995132
 31
0.0
  0
LINE
  5
725
330
1F
100
AcDbEntity
  8
AM_0
100
AcDbLine
 10
6.048959099640808
 20
54.63123068995133
 30
0.0
 11
12.91985594680906
 21
54.63123068995133
 31
0.0
  0
LINE
  5
726
330
1F
100
AcDbEntity
  8
AM_0
100
AcDbLine
 10
6.080024474627498
 20
54.65264036644718
 30
0.0
 11
12.83498376398924
 21
54.65264036644718
 31
0.0
  0
LINE
  5
727
330
1F
100
AcDbEntity
  8
AM_9
100
AcDbLine
 10
15.42195615211138
 20
54.0558456341254
 30
0.0
 11
15.42195615211138
 21
53.8
 31
0.0
  0
LINE
  5
728
330
1F
100
AcDbEntity
  8
AM_9
100
AcDbLine
 10
18.09782929042548
 20
54.0558456341254
 30
0.0
 11
18.09782929042548
 21
53.8
 31
0.0
  0
LINE
  5
729
330
1F
100
AcDbEntity
  8
AM_9
100
AcDbLine
 10
18.41999999999999
 20
53.8
 30
0.0
 11
18.41999999999999
 21
54.0558456341254
 31
0.0
  0
LINE
  5
72A
330
1F
100
AcDbEntity
  8
AM_9
100
AcDbLine
 10
15.50681809307334
 20
54.03443595762955
 30
0.0
 11
15.50681809307334
 21
53.8
 31
0.0
  0
LINE
  5
72B
330
1F
100
AcDbEntity
  8
AM_9
100
AcDbLine
 10
18.21375285759397
 20
54.03443595762954
 30
0.0
 11
18.21375285759396
 21
53.8
 31
0.0
  0
LINE
  5
72C
330
1F
100
AcDbEntity
  8
AM_0
100
AcDbLine
 10
18.54
 20
53.95414967077011
 30
0.0
 11
18.54
 21
54.03443595762955
 31
0.0
  0
LINE
  5
72D
330
1F
100
AcDbEntity
  8
AM_9
100
AcDbLine
 10
18.54
 20
53.8
 30
0.0
 11
18.54
 21
53.95414967077011
 31
0.0
  0
LINE
  5
72E
330
1F
100
AcDbEntity
  8
AM_9
100
AcDbLine
 10
15.42195615211138
 20
54.0558456341254
 30
0.0
 11
15.50681809307334
 21
54.03443595762955
 31
0.0
  0
LINE
  5
72F
330
1F
100
AcDbEntity
  8
AM_0
100
AcDbLine
 10
16.03109386433241
 20
54.03443595762954
 30
0.0
 11
18.54000000000001
 21
54.03443595762954
 31
0.0
  0
LINE
  5
730
330
1F
100
AcDbEntity
  8
AM_9
100
AcDbLine
 10
18.21375285759397
 20
54.03443595762954
 30
0.0
 11
18.09782929042548
 21
54.0558456341254
 31
0.0
  0
LINE
  5
731
330
1F
100
AcDbEntity
  8
AM_0
100
AcDbLine
 10
15.94351801896623
 20
54.05584563412538
 30
0.0
 11
18.42000000000001
 21
54.05584563412538
 31
0.0
  0
LINE
  5
732
330
1F
100
AcDbEntity
  8
AM_0
100
AcDbLine
 10
18.54
 20
54.03443595762955
 30
0.0
 11
18.41999999999999
 21
54.0558456341254
 31
0.0
  0
LINE
  5
733
330
1F
100
AcDbEntity
  8
AM_9
100
AcDbLine
 10
5.633496414252778
 20
54.55326378471229
 30
0.0
 11
5.633496414252778
 21
53.8
 31
0.0
  0
LINE
  5
734
330
1F
100
AcDbEntity
  8
AM_9
100
AcDbLine
 10
5.602432006088168
 20
54.53185410821643
 30
0.0
 11
5.602432006088169
 21
53.8
 31
0.0
  0
LINE
  5
735
330
1F
100
AcDbEntity
  8
AM_9
100
AcDbLine
 10
0.1786457036226776
 20
54.45370878900659
 30
0.0
 11
0.1786457036226767
 21
53.8
 31
0.0
  0
LINE
  5
736
330
1F
100
AcDbEntity
  8
AM_0
100
AcDbLine
 10
0.1786457036226765
 20
54.53185410821644
 30
0.0
 11
0.1786457036226776
 21
54.45370878900659
 31
0.0
  0
LINE
  5
737
330
1F
100
AcDbEntity
  8
AM_9
100
AcDbLine
 10
5.602432006088168
 20
54.53185410821643
 30
0.0
 11
5.633496414252778
 21
54.55326378471229
 31
0.0
  0
LINE
  5
738
330
1F
100
AcDbEntity
  8
AM_0
100
AcDbLine
 10
0.2945796532000518
 20
54.55326378471229
 30
0.0
 11
5.494671790612885
 21
54.55326378471229
 31
0.0
  0
LINE
  5
739
330
1F
100
AcDbEntity
  8
AM_0
100
AcDbLine
 10
0.2945796532000518
 20
54.55326378471229
 30
0.0
 11
0.1786457036226765
 21
54.53185410821644
 31
0.0
  0
LINE
  5
73A
330
1F
100
AcDbEntity
  8
AM_0
100
AcDbLine
 10
0.1786457036226765
 20
54.53185410821644
 30
0.0
 11
5.461490764274584
 21
54.53185410821643
 31
0.0
  0
LINE
  5
73B
330
1F
100
AcDbEntity
  8
AM_9
100
AcDbLine
 10
15.82504862654243
 20
53.95414967077011
 30
0.0
 11
15.82504862654243
 21
53.8
 31
0.0
  0
LINE
  5
73C
330
1F
100
AcDbEntity
  8
AM_9
100
AcDbLine
 10
18.64846385057261
 20
53.95414967077011
 30
0.0
 11
18.64846385057261
 21
53.8
 31
0.0
  0
LINE
  5
73D
330
1F
100
AcDbEntity
  8
AM_9
100
AcDbLine
 10
18.99
 20
53.8
 30
0.0
 11
18.99
 21
53.95414967077011
 31
0.0
  0
LINE
  5
73E
330
1F
100
AcDbEntity
  8
AM_9
100
AcDbLine
 10
15.82504862654243
 20
53.95414967077011
 30
0.0
 11
15.90990966518351
 21
53.93273999427426
 31
0.0
  0
LINE
  5
73F
330
1F
100
AcDbEntity
  8
AM_9
100
AcDbLine
 10
18.7643861851479
 20
53.93273999427426
 30
0.0
 11
18.64846385057261
 21
53.95414967077011
 31
0.0
  0
LINE
  5
740
330
1F
100
AcDbEntity
  8
AM_0
100
AcDbLine
 10
16.36944593627881
 20
53.95414967077011
 30
0.0
 11
18.99
 21
53.95414967077011
 31
0.0
  0
LINE
  5
741
330
1F
100
AcDbEntity
  8
AM_9
100
AcDbLine
 10
15.60372420403104
 20
53.95414967077011
 30
0.0
 11
16.36944593627881
 21
53.95414967077011
 31
0.0
  0
LINE
  5
742
330
1F
100
AcDbEntity
  8
AM_0
100
AcDbLine
 10
19.10999999999999
 20
53.93273999427426
 30
0.0
 11
18.98999999999999
 21
53.95414967077011
 31
0.0
  0
LINE
  5
743
330
1F
100
AcDbEntity
  8
AM_9
100
AcDbLine
 10
15.90990966518351
 20
53.93273999427426
 30
0.0
 11
15.90990966518351
 21
53.8
 31
0.0
  0
LINE
  5
744
330
1F
100
AcDbEntity
  8
AM_9
100
AcDbLine
 10
18.7643861851479
 20
53.93273999427426
 30
0.0
 11
18.76438618514787
 21
53.8
 31
0.0
  0
LINE
  5
745
330
1F
100
AcDbEntity
  8
AM_0
100
AcDbLine
 10
16.45967179464688
 20
53.93273999427426
 30
0.0
 11
19.11000000000002
 21
53.93273999427426
 31
0.0
  0
LINE
  5
746
330
1F
100
AcDbEntity
  8
AM_0
100
AcDbLine
 10
19.10999999999999
 20
53.8565572287432
 30
0.0
 11
19.10999999999999
 21
53.93273999427426
 31
0.0
  0
LINE
  5
747
330
1F
100
AcDbEntity
  8
AM_9
100
AcDbLine
 10
19.10999999999999
 20
53.8
 30
0.0
 11
19.10999999999999
 21
53.8565572287432
 31
0.0
  0
LINE
  5
748
330
1F
100
AcDbEntity
  8
AM_0
100
AcDbLine
 10
5.90476678971665
 20
54.53185410821643
 30
0.0
 11
13.31379666358259
 21
54.53185410821643
 31
0.0
  0
LINE
  5
749
330
1F
100
AcDbEntity
  8
AM_0
100
AcDbLine
 10
5.935831197881257
 20
54.55326378471227
 30
0.0
 11
13.22892712216981
 21
54.55326378471229
 31
0.0
  0
LINE
  5
74A
330
1F
100
AcDbEntity
  8
AM_9
100
AcDbLine
 10
5.489048404607284
 20
54.45370878900658
 30
0.0
 11
5.489048404607281
 21
53.8
 31
0.0
  0
LINE
  5
74B
330
1F
100
AcDbEntity
  8
AM_9
100
AcDbLine
 10
5.457984779428006
 20
54.43229911251073
 30
0.0
 11
5.457984779428007
 21
53.8
 31
0.0
  0
LINE
  5
74C
330
1F
100
AcDbEntity
  8
AM_9
100
AcDbLine
 10
-0.3604386852854725
 20
54.35415379330089
 30
0.0
 11
-0.3604386852854736
 21
53.8
 31
0.0
  0
LINE
  5
74D
330
1F
100
AcDbEntity
  8
AM_0
100
AcDbLine
 10
-0.3604386852854736
 20
54.43229911251073
 30
0.0
 11
-0.3604386852854725
 21
54.35415379330089
 31
0.0
  0
LINE
  5
74E
330
1F
100
AcDbEntity
  8
AM_9
100
AcDbLine
 10
5.457984779428006
 20
54.43229911251073
 30
0.0
 11
5.489048404607284
 21
54.45370878900658
 31
0.0
  0
LINE
  5
74F
330
1F
100
AcDbEntity
  8
AM_0
100
AcDbLine
 10
-0.2445076578491316
 20
54.45370878900658
 30
0.0
 11
5.340227307959448
 21
54.45370878900659
 31
0.0
  0
LINE
  5
750
330
1F
100
AcDbEntity
  8
AM_0
100
AcDbLine
 10
-0.2445076578491316
 20
54.45370878900658
 30
0.0
 11
-0.3604386852854736
 21
54.43229911251073
 31
0.0
  0
LINE
  5
751
330
1F
100
AcDbEntity
  8
AM_0
100
AcDbLine
 10
-0.3604386852854736
 20
54.43229911251073
 30
0.0
 11
5.306995853454489
 21
54.43229911251073
 31
0.0
  0
LINE
  5
752
330
1F
100
AcDbEntity
  8
AM_9
100
AcDbLine
 10
16.21187216246895
 20
53.8565572287432
 30
0.0
 11
16.21187216246895
 21
53.8
 31
0.0
  0
LINE
  5
753
330
1F
100
AcDbEntity
  8
AM_9
100
AcDbLine
 10
19.17687462742996
 20
53.8565572287432
 30
0.0
 11
19.17687462742996
 21
53.8
 31
0.0
  0
LINE
  5
754
330
1F
100
AcDbEntity
  8
AM_9
100
AcDbLine
 10
19.537
 20
53.8
 30
0.0
 11
19.537
 21
53.8565572287432
 31
0.0
  0
LINE
  5
755
330
1F
100
AcDbEntity
  8
AM_9
100
AcDbLine
 10
16.29673245538043
 20
53.83514755224736
 30
0.0
 11
16.29673245538043
 21
53.8
 31
0.0
  0
LINE
  5
756
330
1F
100
AcDbEntity
  8
AM_9
100
AcDbLine
 10
19.29279594331965
 20
53.83514755224735
 30
0.0
 11
19.29279594331964
 21
53.8
 31
0.0
  0
LINE
  5
757
330
1F
100
AcDbEntity
  8
AM_0
100
AcDbLine
 10
19.657
 20
53.8
 30
0.0
 11
19.657
 21
53.83514755224736
 31
0.0
  0
LINE
  5
758
330
1F
100
AcDbEntity
  8
AM_9
100
AcDbLine
 10
16.21187216246895
 20
53.8565572287432
 30
0.0
 11
16.29673245538043
 21
53.83514755224736
 31
0.0
  0
LINE
  5
759
330
1F
100
AcDbEntity
  8
AM_0
100
AcDbLine
 10
16.87094431330349
 20
53.83514755224735
 30
0.0
 11
19.65700000000001
 21
53.83514755224735
 31
0.0
  0
LINE
  5
75A
330
1F
100
AcDbEntity
  8
AM_9
100
AcDbLine
 10
19.29279594331965
 20
53.83514755224735
 30
0.0
 11
19.17687462742996
 21
53.8565572287432
 31
0.0
  0
LINE
  5
75B
330
1F
100
AcDbEntity
  8
AM_0
100
AcDbLine
 10
16.78072096448606
 20
53.8565572287432
 30
0.0
 11
19.53699999999998
 21
53.8565572287432
 31
0.0
  0
LINE
  5
75C
330
1F
100
AcDbEntity
  8
AM_0
100
AcDbLine
 10
19.657
 20
53.83514755224736
 30
0.0
 11
19.537
 21
53.8565572287432
 31
0.0
  0
LINE
  5
75D
330
1F
100
AcDbEntity
  8
AM_0
100
AcDbLine
 10
5.760319563056482
 20
54.43229911251073
 30
0.0
 11
13.70843382583058
 21
54.43229911251073
 31
0.0
  0
LINE
  5
75E
330
1F
100
AcDbEntity
  8
AM_0
100
AcDbLine
 10
5.791383188235765
 20
54.45370878900659
 30
0.0
 11
13.62356642357351
 21
54.45370878900658
 31
0.0
  0
LINE
  5
75F
330
1F
100
AcDbEntity
  8
AM_9
100
AcDbLine
 10
5.344603764449788
 20
54.35415379330089
 30
0.0
 11
5.344603764449787
 21
53.8
 31
0.0
  0
LINE
  5
760
330
1F
100
AcDbEntity
  8
AM_9
100
AcDbLine
 10
5.313540781118721
 20
54.33274411680504
 30
0.0
 11
5.344603764449788
 21
54.35415379330089
 31
0.0
  0
LINE
  5
761
330
1F
100
AcDbEntity
  8
AM_0
100
AcDbLine
 10
-0.7835823937979103
 20
54.35415379330089
 30
0.0
 11
5.185671286207413
 21
54.35415379330089
 31
0.0
  0
LINE
  5
762
330
1F
100
AcDbEntity
  8
AM_0
100
AcDbLine
 10
-0.7835823937979103
 20
54.35415379330089
 30
0.0
 11
-0.8995110258241272
 21
54.33274411680504
 31
0.0
  0
LINE
  5
763
330
1F
100
AcDbEntity
  8
AM_9
100
AcDbLine
 10
5.313540781118721
 20
54.33274411680504
 30
0.0
 11
5.313540781118718
 21
53.8
 31
0.0
  0
LINE
  5
764
330
1F
100
AcDbEntity
  8
AM_9
100
AcDbLine
 10
-0.8995110258241283
 20
54.25477721156599
 30
0.0
 11
-0.8995110258241279
 21
53.8
 31
0.0
  0
LINE
  5
765
330
1F
100
AcDbEntity
  8
AM_0
100
AcDbLine
 10
-0.8995110258241272
 20
54.33274411680504
 30
0.0
 11
-0.8995110258241283
 21
54.25477721156599
 31
0.0
  0
LINE
  5
766
330
1F
100
AcDbEntity
  8
AM_0
100
AcDbLine
 10
-0.8995110258241272
 20
54.33274411680504
 30
0.0
 11
5.152423800192977
 21
54.33274411680504
 31
0.0
  0
LINE
  5
767
330
1F
100
AcDbEntity
  8
AM_0
100
AcDbLine
 10
5.646938548078272
 20
54.35415379330089
 30
0.0
 11
14.01819651936479
 21
54.35415379330089
 31
0.0
  0
LINE
  5
768
330
1F
100
AcDbEntity
  8
AM_0
100
AcDbLine
 10
5.615875564747205
 20
54.33274411680504
 30
0.0
 11
14.10306216805992
 21
54.33274411680504
 31
0.0
  0
LINE
  5
769
330
1F
100
AcDbEntity
  8
AM_9
100
AcDbLine
 10
-23.6815
 20
21.18
 30
0.0
 11
-23.6815
 21
20.73
 31
0.0
  0
LINE
  5
76A
330
1F
100
AcDbEntity
  8
AM_9
100
AcDbLine
 10
-23.6815
 20
21.0317638090205
 30
0.0
 11
-23.7815
 21
21.0317638090205
 31
0.0
  0
LINE
  5
76B
330
1F
100
AcDbEntity
  8
AM_9
100
AcDbLine
 10
-23.6815
 20
21.18
 30
0.0
 11
-23.7815
 21
21.18
 31
0.0
  0
LINE
  5
76C
330
1F
100
AcDbEntity
  8
AM_9
100
AcDbLine
 10
-23.6815
 20
12.7117638090205
 30
0.0
 11
-23.7815
 21
12.7117638090205
 31
0.0
  0
LINE
  5
76D
330
1F
100
AcDbEntity
  8
AM_9
100
AcDbLine
 10
-23.6815
 20
12.86
 30
0.0
 11
-23.6815
 21
12.41
 31
0.0
  0
LINE
  5
76E
330
1F
100
AcDbEntity
  8
AM_9
100
AcDbLine
 10
-23.6815
 20
12.86
 30
0.0
 11
-23.7815
 21
12.86
 31
0.0
  0
LINE
  5
76F
330
1F
100
AcDbEntity
  8
AM_9
100
AcDbLine
 10
-23.6815
 20
20.66
 30
0.0
 11
-23.6815
 21
20.21
 31
0.0
  0
LINE
  5
770
330
1F
100
AcDbEntity
  8
AM_9
100
AcDbLine
 10
-23.6815
 20
20.5117638090205
 30
0.0
 11
-23.7815
 21
20.5117638090205
 31
0.0
  0
LINE
  5
771
330
1F
100
AcDbEntity
  8
AM_9
100
AcDbLine
 10
-23.6815
 20
20.66
 30
0.0
 11
-23.7815
 21
20.66
 31
0.0
  0
LINE
  5
772
330
1F
100
AcDbEntity
  8
AM_9
100
AcDbLine
 10
-23.6815
 20
11.6717638090205
 30
0.0
 11
-23.7815
 21
11.6717638090205
 31
0.0
  0
LINE
  5
773
330
1F
100
AcDbEntity
  8
AM_9
100
AcDbLine
 10
-23.6815
 20
11.82
 30
0.0
 11
-23.6815
 21
11.37
 31
0.0
  0
LINE
  5
774
330
1F
100
AcDbEntity
  8
AM_9
100
AcDbLine
 10
-23.6815
 20
11.82
 30
0.0
 11
-23.7815
 21
11.82
 31
0.0
  0
LINE
  5
775
330
1F
100
AcDbEntity
  8
AM_9
100
AcDbLine
 10
-23.6815
 20
14.2717638090205
 30
0.0
 11
-23.7815
 21
14.2717638090205
 31
0.0
  0
LINE
  5
776
330
1F
100
AcDbEntity
  8
AM_9
100
AcDbLine
 10
-23.6815
 20
14.42
 30
0.0
 11
-23.6815
 21
13.97
 31
0.0
  0
LINE
  5
777
330
1F
100
AcDbEntity
  8
AM_9
100
AcDbLine
 10
-23.6815
 20
14.42
 30
0.0
 11
-23.7815
 21
14.42
 31
0.0
  0
LINE
  5
778
330
1F
100
AcDbEntity
  8
AM_9
100
AcDbLine
 10
-23.6815
 20
10.78
 30
0.0
 11
-23.6815
 21
10.33
 31
0.0
  0
LINE
  5
779
330
1F
100
AcDbEntity
  8
AM_9
100
AcDbLine
 10
-23.6815
 20
10.6317638090205
 30
0.0
 11
-23.7815
 21
10.6317638090205
 31
0.0
  0
LINE
  5
77A
330
1F
100
AcDbEntity
  8
AM_9
100
AcDbLine
 10
-23.6815
 20
10.78
 30
0.0
 11
-23.7815
 21
10.78
 31
0.0
  0
LINE
  5
77B
330
1F
100
AcDbEntity
  8
AM_9
100
AcDbLine
 10
-23.6815
 20
22.22
 30
0.0
 11
-23.6815
 21
21.77
 31
0.0
  0
LINE
  5
77C
330
1F
100
AcDbEntity
  8
AM_9
100
AcDbLine
 10
-23.6815
 20
22.0717638090205
 30
0.0
 11
-23.7815
 21
22.0717638090205
 31
0.0
  0
LINE
  5
77D
330
1F
100
AcDbEntity
  8
AM_9
100
AcDbLine
 10
-23.6815
 20
22.22
 30
0.0
 11
-23.7815
 21
22.22
 31
0.0
  0
LINE
  5
77E
330
1F
100
AcDbEntity
  8
AM_9
100
AcDbLine
 10
-23.6815
 20
16.8717638090205
 30
0.0
 11
-23.7815
 21
16.8717638090205
 31
0.0
  0
LINE
  5
77F
330
1F
100
AcDbEntity
  8
AM_9
100
AcDbLine
 10
-23.6815
 20
17.02
 30
0.0
 11
-23.6815
 21
16.57
 31
0.0
  0
LINE
  5
780
330
1F
100
AcDbEntity
  8
AM_9
100
AcDbLine
 10
-23.6815
 20
17.02
 30
0.0
 11
-23.7815
 21
17.02
 31
0.0
  0
LINE
  5
781
330
1F
100
AcDbEntity
  8
AM_9
100
AcDbLine
 10
-23.6815
 20
13.38
 30
0.0
 11
-23.6815
 21
12.93
 31
0.0
  0
LINE
  5
782
330
1F
100
AcDbEntity
  8
AM_9
100
AcDbLine
 10
-23.6815
 20
13.2317638090205
 30
0.0
 11
-23.7815
 21
13.2317638090205
 31
0.0
  0
LINE
  5
783
330
1F
100
AcDbEntity
  8
AM_9
100
AcDbLine
 10
-23.6815
 20
13.38
 30
0.0
 11
-23.7815
 21
13.38
 31
0.0
  0
LINE
  5
784
330
1F
100
AcDbEntity
  8
AM_9
100
AcDbLine
 10
-23.6815
 20
13.9
 30
0.0
 11
-23.6815
 21
13.45
 31
0.0
  0
LINE
  5
785
330
1F
100
AcDbEntity
  8
AM_9
100
AcDbLine
 10
-23.6815
 20
13.7517638090205
 30
0.0
 11
-23.7815
 21
13.7517638090205
 31
0.0
  0
LINE
  5
786
330
1F
100
AcDbEntity
  8
AM_9
100
AcDbLine
 10
-23.6815
 20
13.9
 30
0.0
 11
-23.7815
 21
13.9
 31
0.0
  0
LINE
  5
787
330
1F
100
AcDbEntity
  8
AM_9
100
AcDbLine
 10
-23.6815
 20
12.1917638090205
 30
0.0
 11
-23.7815
 21
12.1917638090205
 31
0.0
  0
LINE
  5
788
330
1F
100
AcDbEntity
  8
AM_9
100
AcDbLine
 10
-23.6815
 20
12.34
 30
0.0
 11
-23.6815
 21
11.89
 31
0.0
  0
LINE
  5
789
330
1F
100
AcDbEntity
  8
AM_9
100
AcDbLine
 10
-23.6815
 20
12.34
 30
0.0
 11
-23.7815
 21
12.34
 31
0.0
  0
LINE
  5
78A
330
1F
100
AcDbEntity
  8
AM_9
100
AcDbLine
 10
-23.6815
 20
24.3
 30
0.0
 11
-23.6815
 21
23.85
 31
0.0
  0
LINE
  5
78B
330
1F
100
AcDbEntity
  8
AM_9
100
AcDbLine
 10
-23.6815
 20
24.1517638090205
 30
0.0
 11
-23.7815
 21
24.1517638090205
 31
0.0
  0
LINE
  5
78C
330
1F
100
AcDbEntity
  8
AM_9
100
AcDbLine
 10
-23.6815
 20
24.3
 30
0.0
 11
-23.7815
 21
24.3
 31
0.0
  0
LINE
  5
78D
330
1F
100
AcDbEntity
  8
AM_9
100
AcDbLine
 10
-23.6815
 20
23.1117638090205
 30
0.0
 11
-23.7815
 21
23.1117638090205
 31
0.0
  0
LINE
  5
78E
330
1F
100
AcDbEntity
  8
AM_9
100
AcDbLine
 10
-23.6815
 20
23.26
 30
0.0
 11
-23.6815
 21
22.81
 31
0.0
  0
LINE
  5
78F
330
1F
100
AcDbEntity
  8
AM_9
100
AcDbLine
 10
-23.6815
 20
23.26
 30
0.0
 11
-23.7815
 21
23.26
 31
0.0
  0
LINE
  5
790
330
1F
100
AcDbEntity
  8
AM_9
100
AcDbLine
 10
-23.6815
 20
25.86
 30
0.0
 11
-23.6815
 21
25.41
 31
0.0
  0
LINE
  5
791
330
1F
100
AcDbEntity
  8
AM_9
100
AcDbLine
 10
-23.6815
 20
25.7117638090205
 30
0.0
 11
-23.7815
 21
25.7117638090205
 31
0.0
  0
LINE
  5
792
330
1F
100
AcDbEntity
  8
AM_9
100
AcDbLine
 10
-23.6815
 20
25.86
 30
0.0
 11
-23.7815
 21
25.86
 31
0.0
  0
LINE
  5
793
330
1F
100
AcDbEntity
  8
AM_9
100
AcDbLine
 10
-23.6815
 20
22.74
 30
0.0
 11
-23.6815
 21
22.29
 31
0.0
  0
LINE
  5
794
330
1F
100
AcDbEntity
  8
AM_9
100
AcDbLine
 10
-23.6815
 20
22.5917638090205
 30
0.0
 11
-23.7815
 21
22.5917638090205
 31
0.0
  0
LINE
  5
795
330
1F
100
AcDbEntity
  8
AM_9
100
AcDbLine
 10
-23.6815
 20
22.74
 30
0.0
 11
-23.7815
 21
22.74
 31
0.0
  0
LINE
  5
796
330
1F
100
AcDbEntity
  8
AM_9
100
AcDbLine
 10
-23.6815
 20
7.659999999999998
 30
0.0
 11
-23.6815
 21
7.209999999999996
 31
0.0
  0
LINE
  5
797
330
1F
100
AcDbEntity
  8
AM_9
100
AcDbLine
 10
-23.6815
 20
7.511763809020501
 30
0.0
 11
-23.7815
 21
7.511763809020501
 31
0.0
  0
LINE
  5
798
330
1F
100
AcDbEntity
  8
AM_9
100
AcDbLine
 10
-23.6815
 20
7.659999999999998
 30
0.0
 11
-23.7815
 21
7.659999999999998
 31
0.0
  0
LINE
  5
799
330
1F
100
AcDbEntity
  8
AM_9
100
AcDbLine
 10
-23.6815
 20
8.700000000000003
 30
0.0
 11
-23.6815
 21
8.25
 31
0.0
  0
LINE
  5
79A
330
1F
100
AcDbEntity
  8
AM_9
100
AcDbLine
 10
-23.6815
 20
8.551763809020505
 30
0.0
 11
-23.7815
 21
8.551763809020505
 31
0.0
  0
LINE
  5
79B
330
1F
100
AcDbEntity
  8
AM_9
100
AcDbLine
 10
-23.6815
 20
8.700000000000003
 30
0.0
 11
-23.7815
 21
8.700000000000003
 31
0.0
  0
LINE
  5
79C
330
1F
100
AcDbEntity
  8
AM_9
100
AcDbLine
 10
-23.6815
 20
20.14
 30
0.0
 11
-23.6815
 21
19.69
 31
0.0
  0
LINE
  5
79D
330
1F
100
AcDbEntity
  8
AM_9
100
AcDbLine
 10
-23.6815
 20
19.9917638090205
 30
0.0
 11
-23.7815
 21
19.9917638090205
 31
0.0
  0
LINE
  5
79E
330
1F
100
AcDbEntity
  8
AM_9
100
AcDbLine
 10
-23.6815
 20
20.14
 30
0.0
 11
-23.7815
 21
20.14
 31
0.0
  0
LINE
  5
79F
330
1F
100
AcDbEntity
  8
AM_9
100
AcDbLine
 10
-23.6815
 20
15.3117638090205
 30
0.0
 11
-23.7815
 21
15.3117638090205
 31
0.0
  0
LINE
  5
7A0
330
1F
100
AcDbEntity
  8
AM_9
100
AcDbLine
 10
-23.6815
 20
15.46
 30
0.0
 11
-23.6815
 21
15.01
 31
0.0
  0
LINE
  5
7A1
330
1F
100
AcDbEntity
  8
AM_9
100
AcDbLine
 10
-23.6815
 20
15.46
 30
0.0
 11
-23.7815
 21
15.46
 31
0.0
  0
LINE
  5
7A2
330
1F
100
AcDbEntity
  8
AM_9
100
AcDbLine
 10
-23.6815
 20
17.3917638090205
 30
0.0
 11
-23.7815
 21
17.3917638090205
 31
0.0
  0
LINE
  5
7A3
330
1F
100
AcDbEntity
  8
AM_9
100
AcDbLine
 10
-23.6815
 20
17.54
 30
0.0
 11
-23.6815
 21
17.09
 31
0.0
  0
LINE
  5
7A4
330
1F
100
AcDbEntity
  8
AM_9
100
AcDbLine
 10
-23.6815
 20
17.54
 30
0.0
 11
-23.7815
 21
17.54
 31
0.0
  0
LINE
  5
7A5
330
1F
100
AcDbEntity
  8
AM_9
100
AcDbLine
 10
-23.6815
 20
21.5517638090205
 30
0.0
 11
-23.7815
 21
21.5517638090205
 31
0.0
  0
LINE
  5
7A6
330
1F
100
AcDbEntity
  8
AM_9
100
AcDbLine
 10
-23.6815
 20
21.7
 30
0.0
 11
-23.6815
 21
21.25
 31
0.0
  0
LINE
  5
7A7
330
1F
100
AcDbEntity
  8
AM_9
100
AcDbLine
 10
-23.6815
 20
21.7
 30
0.0
 11
-23.7815
 21
21.7
 31
0.0
  0
LINE
  5
7A8
330
1F
100
AcDbEntity
  8
AM_9
100
AcDbLine
 10
-23.6815
 20
11.3
 30
0.0
 11
-23.6815
 21
10.85
 31
0.0
  0
LINE
  5
7A9
330
1F
100
AcDbEntity
  8
AM_9
100
AcDbLine
 10
-23.6815
 20
11.1517638090205
 30
0.0
 11
-23.7815
 21
11.1517638090205
 31
0.0
  0
LINE
  5
7AA
330
1F
100
AcDbEntity
  8
AM_9
100
AcDbLine
 10
-23.6815
 20
11.3
 30
0.0
 11
-23.7815
 21
11.3
 31
0.0
  0
LINE
  5
7AB
330
1F
100
AcDbEntity
  8
AM_9
100
AcDbLine
 10
-23.6815
 20
10.1117638090205
 30
0.0
 11
-23.7815
 21
10.1117638090205
 31
0.0
  0
LINE
  5
7AC
330
1F
100
AcDbEntity
  8
AM_9
100
AcDbLine
 10
-23.6815
 20
10.26
 30
0.0
 11
-23.6815
 21
9.809999999999999
 31
0.0
  0
LINE
  5
7AD
330
1F
100
AcDbEntity
  8
AM_9
100
AcDbLine
 10
-23.6815
 20
10.26
 30
0.0
 11
-23.7815
 21
10.26
 31
0.0
  0
LINE
  5
7AE
330
1F
100
AcDbEntity
  8
AM_9
100
AcDbLine
 10
-23.6815
 20
6.9917638090205
 30
0.0
 11
-23.7815
 21
6.9917638090205
 31
0.0
  0
LINE
  5
7AF
330
1F
100
AcDbEntity
  8
AM_9
100
AcDbLine
 10
-23.6815
 20
7.139999999999999
 30
0.0
 11
-23.6815
 21
6.689999999999997
 31
0.0
  0
LINE
  5
7B0
330
1F
100
AcDbEntity
  8
AM_9
100
AcDbLine
 10
-23.6815
 20
7.139999999999999
 30
0.0
 11
-23.7815
 21
7.139999999999999
 31
0.0
  0
LINE
  5
7B1
330
1F
100
AcDbEntity
  8
AM_9
100
AcDbLine
 10
-23.6815
 20
5.951763809020505
 30
0.0
 11
-23.7815
 21
5.951763809020505
 31
0.0
  0
LINE
  5
7B2
330
1F
100
AcDbEntity
  8
AM_9
100
AcDbLine
 10
-23.6815
 20
6.100000000000003
 30
0.0
 11
-23.6815
 21
5.650000000000001
 31
0.0
  0
LINE
  5
7B3
330
1F
100
AcDbEntity
  8
AM_9
100
AcDbLine
 10
-23.6815
 20
6.100000000000003
 30
0.0
 11
-23.7815
 21
6.100000000000003
 31
0.0
  0
LINE
  5
7B4
330
1F
100
AcDbEntity
  8
AM_9
100
AcDbLine
 10
-23.6815
 20
26.2317638090205
 30
0.0
 11
-23.7815
 21
26.2317638090205
 31
0.0
  0
LINE
  5
7B5
330
1F
100
AcDbEntity
  8
AM_9
100
AcDbLine
 10
-23.6815
 20
26.38
 30
0.0
 11
-23.6815
 21
25.93
 31
0.0
  0
LINE
  5
7B6
330
1F
100
AcDbEntity
  8
AM_9
100
AcDbLine
 10
-23.6815
 20
26.38
 30
0.0
 11
-23.7815
 21
26.38
 31
0.0
  0
LINE
  5
7B7
330
1F
100
AcDbEntity
  8
AM_9
100
AcDbLine
 10
-23.6815
 20
14.7917638090205
 30
0.0
 11
-23.7815
 21
14.7917638090205
 31
0.0
  0
LINE
  5
7B8
330
1F
100
AcDbEntity
  8
AM_9
100
AcDbLine
 10
-23.6815
 20
14.94
 30
0.0
 11
-23.6815
 21
14.49
 31
0.0
  0
LINE
  5
7B9
330
1F
100
AcDbEntity
  8
AM_9
100
AcDbLine
 10
-23.6815
 20
14.94
 30
0.0
 11
-23.7815
 21
14.94
 31
0.0
  0
LINE
  5
7BA
330
1F
100
AcDbEntity
  8
AM_9
100
AcDbLine
 10
-23.6815
 20
18.06
 30
0.0
 11
-23.6815
 21
17.61
 31
0.0
  0
LINE
  5
7BB
330
1F
100
AcDbEntity
  8
AM_9
100
AcDbLine
 10
-23.6815
 20
17.9117638090205
 30
0.0
 11
-23.7815
 21
17.9117638090205
 31
0.0
  0
LINE
  5
7BC
330
1F
100
AcDbEntity
  8
AM_9
100
AcDbLine
 10
-23.6815
 20
18.06
 30
0.0
 11
-23.7815
 21
18.06
 31
0.0
  0
LINE
  5
7BD
330
1F
100
AcDbEntity
  8
AM_9
100
AcDbLine
 10
-23.6815
 20
9.591763809020504
 30
0.0
 11
-23.7815
 21
9.591763809020504
 31
0.0
  0
LINE
  5
7BE
330
1F
100
AcDbEntity
  8
AM_9
100
AcDbLine
 10
-23.6815
 20
9.740000000000002
 30
0.0
 11
-23.6815
 21
9.290000000000001
 31
0.0
  0
LINE
  5
7BF
330
1F
100
AcDbEntity
  8
AM_9
100
AcDbLine
 10
-23.6815
 20
9.740000000000002
 30
0.0
 11
-23.7815
 21
9.740000000000002
 31
0.0
  0
LINE
  5
7C0
330
1F
100
AcDbEntity
  8
AM_9
100
AcDbLine
 10
-23.6815
 20
23.6317638090205
 30
0.0
 11
-23.7815
 21
23.6317638090205
 31
0.0
  0
LINE
  5
7C1
330
1F
100
AcDbEntity
  8
AM_9
100
AcDbLine
 10
-23.6815
 20
23.78
 30
0.0
 11
-23.6815
 21
23.33
 31
0.0
  0
LINE
  5
7C2
330
1F
100
AcDbEntity
  8
AM_9
100
AcDbLine
 10
-23.6815
 20
23.78
 30
0.0
 11
-23.7815
 21
23.78
 31
0.0
  0
LINE
  5
7C3
330
1F
100
AcDbEntity
  8
AM_9
100
AcDbLine
 10
-23.6815
 20
6.619999999999999
 30
0.0
 11
-23.6815
 21
6.169999999999996
 31
0.0
  0
LINE
  5
7C4
330
1F
100
AcDbEntity
  8
AM_9
100
AcDbLine
 10
-23.6815
 20
6.471763809020501
 30
0.0
 11
-23.7815
 21
6.471763809020501
 31
0.0
  0
LINE
  5
7C5
330
1F
100
AcDbEntity
  8
AM_9
100
AcDbLine
 10
-23.6815
 20
6.619999999999999
 30
0.0
 11
-23.7815
 21
6.619999999999999
 31
0.0
  0
LINE
  5
7C6
330
1F
100
AcDbEntity
  8
AM_9
100
AcDbLine
 10
-23.6815
 20
18.4317638090205
 30
0.0
 11
-23.7815
 21
18.4317638090205
 31
0.0
  0
LINE
  5
7C7
330
1F
100
AcDbEntity
  8
AM_9
100
AcDbLine
 10
-23.6815
 20
18.58
 30
0.0
 11
-23.6815
 21
18.13
 31
0.0
  0
LINE
  5
7C8
330
1F
100
AcDbEntity
  8
AM_9
100
AcDbLine
 10
-23.6815
 20
18.58
 30
0.0
 11
-23.7815
 21
18.58
 31
0.0
  0
LINE
  5
7C9
330
1F
100
AcDbEntity
  8
AM_9
100
AcDbLine
 10
-23.6815
 20
18.9517638090205
 30
0.0
 11
-23.7815
 21
18.9517638090205
 31
0.0
  0
LINE
  5
7CA
330
1F
100
AcDbEntity
  8
AM_9
100
AcDbLine
 10
-23.6815
 20
19.1
 30
0.0
 11
-23.6815
 21
18.65
 31
0.0
  0
LINE
  5
7CB
330
1F
100
AcDbEntity
  8
AM_9
100
AcDbLine
 10
-23.6815
 20
19.1
 30
0.0
 11
-23.7815
 21
19.1
 31
0.0
  0
LINE
  5
7CC
330
1F
100
AcDbEntity
  8
AM_9
100
AcDbLine
 10
-23.6815
 20
25.1917638090205
 30
0.0
 11
-23.7815
 21
25.1917638090205
 31
0.0
  0
LINE
  5
7CD
330
1F
100
AcDbEntity
  8
AM_9
100
AcDbLine
 10
-23.6815
 20
25.34
 30
0.0
 11
-23.6815
 21
24.89
 31
0.0
  0
LINE
  5
7CE
330
1F
100
AcDbEntity
  8
AM_9
100
AcDbLine
 10
-23.6815
 20
25.34
 30
0.0
 11
-23.7815
 21
25.34
 31
0.0
  0
LINE
  5
7CF
330
1F
100
AcDbEntity
  8
AM_9
100
AcDbLine
 10
-23.6815
 20
9.220000000000002
 30
0.0
 11
-23.6815
 21
8.770000000000001
 31
0.0
  0
LINE
  5
7D0
330
1F
100
AcDbEntity
  8
AM_9
100
AcDbLine
 10
-23.6815
 20
9.071763809020505
 30
0.0
 11
-23.7815
 21
9.071763809020505
 31
0.0
  0
LINE
  5
7D1
330
1F
100
AcDbEntity
  8
AM_9
100
AcDbLine
 10
-23.6815
 20
9.220000000000002
 30
0.0
 11
-23.7815
 21
9.220000000000002
 31
0.0
  0
LINE
  5
7D2
330
1F
100
AcDbEntity
  8
AM_9
100
AcDbLine
 10
-23.6815
 20
24.6717638090205
 30
0.0
 11
-23.7815
 21
24.6717638090205
 31
0.0
  0
LINE
  5
7D3
330
1F
100
AcDbEntity
  8
AM_9
100
AcDbLine
 10
-23.6815
 20
24.82
 30
0.0
 11
-23.6815
 21
24.37
 31
0.0
  0
LINE
  5
7D4
330
1F
100
AcDbEntity
  8
AM_9
100
AcDbLine
 10
-23.6815
 20
24.82
 30
0.0
 11
-23.7815
 21
24.82
 31
0.0
  0
LINE
  5
7D5
330
1F
100
AcDbEntity
  8
AM_9
100
AcDbLine
 10
-23.6815
 20
26.7517638090205
 30
0.0
 11
-23.7815
 21
26.7517638090205
 31
0.0
  0
LINE
  5
7D6
330
1F
100
AcDbEntity
  8
AM_9
100
AcDbLine
 10
-23.6815
 20
26.9
 30
0.0
 11
-23.6815
 21
26.45
 31
0.0
  0
LINE
  5
7D7
330
1F
100
AcDbEntity
  8
AM_9
100
AcDbLine
 10
-23.6815
 20
26.9
 30
0.0
 11
-23.7815
 21
26.9
 31
0.0
  0
LINE
  5
7D8
330
1F
100
AcDbEntity
  8
AM_9
100
AcDbLine
 10
-23.6815
 20
16.3517638090205
 30
0.0
 11
-23.7815
 21
16.3517638090205
 31
0.0
  0
LINE
  5
7D9
330
1F
100
AcDbEntity
  8
AM_9
100
AcDbLine
 10
-23.6815
 20
16.5
 30
0.0
 11
-23.6815
 21
16.05
 31
0.0
  0
LINE
  5
7DA
330
1F
100
AcDbEntity
  8
AM_9
100
AcDbLine
 10
-23.6815
 20
16.5
 30
0.0
 11
-23.7815
 21
16.5
 31
0.0
  0
LINE
  5
7DB
330
1F
100
AcDbEntity
  8
AM_9
100
AcDbLine
 10
-23.6815
 20
19.62
 30
0.0
 11
-23.6815
 21
19.17
 31
0.0
  0
LINE
  5
7DC
330
1F
100
AcDbEntity
  8
AM_9
100
AcDbLine
 10
-23.6815
 20
19.4717638090205
 30
0.0
 11
-23.7815
 21
19.4717638090205
 31
0.0
  0
LINE
  5
7DD
330
1F
100
AcDbEntity
  8
AM_9
100
AcDbLine
 10
-23.6815
 20
19.62
 30
0.0
 11
-23.7815
 21
19.62
 31
0.0
  0
LINE
  5
7DE
330
1F
100
AcDbEntity
  8
AM_9
100
AcDbLine
 10
-23.6815
 20
8.031763809020504
 30
0.0
 11
-23.7815
 21
8.031763809020504
 31
0.0
  0
LINE
  5
7DF
330
1F
100
AcDbEntity
  8
AM_9
100
AcDbLine
 10
-23.6815
 20
8.180000000000003
 30
0.0
 11
-23.6815
 21
7.73
 31
0.0
  0
LINE
  5
7E0
330
1F
100
AcDbEntity
  8
AM_9
100
AcDbLine
 10
-23.6815
 20
8.180000000000003
 30
0.0
 11
-23.7815
 21
8.180000000000003
 31
0.0
  0
LINE
  5
7E1
330
1F
100
AcDbEntity
  8
AM_9
100
AcDbLine
 10
-23.6815
 20
15.8317638090205
 30
0.0
 11
-23.7815
 21
15.8317638090205
 31
0.0
  0
LINE
  5
7E2
330
1F
100
AcDbEntity
  8
AM_9
100
AcDbLine
 10
-23.6815
 20
15.98
 30
0.0
 11
-23.6815
 21
15.53
 31
0.0
  0
LINE
  5
7E3
330
1F
100
AcDbEntity
  8
AM_9
100
AcDbLine
 10
-23.6815
 20
15.98
 30
0.0
 11
-23.7815
 21
15.98
 31
0.0
  0
LINE
  5
7E4
330
1F
100
AcDbEntity
  8
AM_9
100
AcDbLine
 10
15.99054773995755
 20
53.8565572287432
 30
0.0
 11
15.99054773995755
 21
53.8
 31
0.0
  0
LINE
  5
7E5
330
1F
100
AcDbEntity
  8
AM_9
100
AcDbLine
 10
15.60372420403104
 20
53.95414967077011
 30
0.0
 11
15.60372420403104
 21
53.8
 31
0.0
  0
LINE
  5
7E6
330
1F
100
AcDbEntity
  8
AM_9
100
AcDbLine
 10
15.2006317296
 20
54.0558456341254
 30
0.0
 11
15.2006317296
 21
53.8
 31
0.0
  0
LINE
  5
7E7
330
1F
100
AcDbEntity
  8
AM_9
100
AcDbLine
 10
14.80672803372945
 20
54.15522221586029
 30
0.0
 11
14.80672803372945
 21
53.8
 31
0.0
  0
LINE
  5
7E8
330
1F
100
AcDbEntity
  8
AM_9
100
AcDbLine
 10
14.41211182984816
 20
54.25477721156599
 30
0.0
 11
14.41211182984816
 21
53.8
 31
0.0
  0
LINE
  5
7E9
330
1F
100
AcDbEntity
  8
AM_9
100
AcDbLine
 10
10.03801340728633
 20
55.32918614371601
 30
0.0
 11
10.03801340728633
 21
53.8
 31
0.0
  0
LINE
  5
7EA
330
1F
100
AcDbEntity
  8
AM_0
100
AcDbLine
 10
10.03801340728633
 20
55.358
 30
0.0
 11
10.03801340728633
 21
55.32918614371601
 31
0.0
  0
LINE
  5
7EB
330
1F
100
AcDbEntity
  8
AM_9
100
AcDbLine
 10
10.15233287329521
 20
55.32918614371601
 30
0.0
 11
10.15233287329521
 21
53.8
 31
0.0
  0
LINE
  5
7EC
330
1F
100
AcDbEntity
  8
AM_0
100
AcDbLine
 10
10.23089901702685
 20
55.30938219295734
 30
0.0
 11
10.15233287329521
 21
55.32918614371601
 31
0.0
  0
LINE
  5
7ED
330
1F
100
AcDbEntity
  8
AM_9
100
AcDbLine
 10
10.23089901702685
 20
55.24979192671056
 30
0.0
 11
10.23089901702685
 21
53.8
 31
0.0
  0
LINE
  5
7EE
330
1F
100
AcDbEntity
  8
AM_0
100
AcDbLine
 10
10.23089901702685
 20
55.30938219295734
 30
0.0
 11
10.23089901702685
 21
55.24979192671056
 31
0.0
  0
LINE
  5
7EF
330
1F
100
AcDbEntity
  8
AM_9
100
AcDbLine
 10
10.46727880924293
 20
55.24979192671056
 30
0.0
 11
10.46727880924293
 21
53.8
 31
0.0
  0
LINE
  5
7F0
330
1F
100
AcDbEntity
  8
AM_0
100
AcDbLine
 10
10.55219734643105
 20
55.22838225021471
 30
0.0
 11
10.46727880924293
 21
55.24979192671056
 31
0.0
  0
LINE
  5
7F1
330
1F
100
AcDbEntity
  8
AM_9
100
AcDbLine
 10
10.55219734643105
 20
53.95414967077011
 30
0.0
 11
10.55219734643105
 21
53.8
 31
0.0
  0
LINE
  5
7F2
330
1F
100
AcDbEntity
  8
AM_9
100
AcDbLine
 10
10.55219734643105
 20
55.14827437732608
 30
0.0
 11
10.55140486291309
 21
53.8
 31
0.0
  0
LINE
  5
7F3
330
1F
100
AcDbEntity
  8
AM_0
100
AcDbLine
 10
10.55219734643105
 20
55.22838225021471
 30
0.0
 11
10.55219734643105
 21
55.14827437732608
 31
0.0
  0
LINE
  5
7F4
330
1F
100
AcDbEntity
  8
AM_9
100
AcDbLine
 10
10.86990299775389
 20
55.14827437732608
 30
0.0
 11
10.86990299775389
 21
53.8
 31
0.0
  0
LINE
  5
7F5
330
1F
100
AcDbEntity
  8
AM_0
100
AcDbLine
 10
10.95480610196341
 20
55.12686470083023
 30
0.0
 11
10.86990299775389
 21
55.14827437732608
 31
0.0
  0
LINE
  5
7F6
330
1F
100
AcDbEntity
  8
AM_9
100
AcDbLine
 10
10.9548061019634
 20
55.05068193529917
 30
0.0
 11
10.9548061019634
 21
53.8
 31
0.0
  0
LINE
  5
7F7
330
1F
100
AcDbEntity
  8
AM_0
100
AcDbLine
 10
10.95480610196341
 20
55.12686470083023
 30
0.0
 11
10.9548061019634
 21
55.05068193529917
 31
0.0
  0
LINE
  5
7F8
330
1F
100
AcDbEntity
  8
AM_9
100
AcDbLine
 10
11.25690019159746
 20
55.05068193529917
 30
0.0
 11
11.25690019159746
 21
53.8
 31
0.0
  0
LINE
  5
7F9
330
1F
100
AcDbEntity
  8
AM_0
100
AcDbLine
 10
11.34179306842046
 20
55.02927225880332
 30
0.0
 11
11.25690019159746
 21
55.05068193529917
 31
0.0
  0
LINE
  5
7FA
330
1F
100
AcDbEntity
  8
AM_9
100
AcDbLine
 10
11.34179306842045
 20
54.95130535356427
 30
0.0
 11
11.34179306842045
 21
53.8
 31
0.0
  0
LINE
  5
7FB
330
1F
100
AcDbEntity
  8
AM_0
100
AcDbLine
 10
11.34179306842046
 20
55.02927225880332
 30
0.0
 11
11.34179306842045
 21
54.95130535356427
 31
0.0
  0
LINE
  5
7FC
330
1F
100
AcDbEntity
  8
AM_9
100
AcDbLine
 10
11.65093008684438
 20
54.95130535356427
 30
0.0
 11
11.65093008684438
 21
53.8
 31
0.0
  0
LINE
  5
7FD
330
1F
100
AcDbEntity
  8
AM_0
100
AcDbLine
 10
11.7365228235093
 20
54.92971726309762
 30
0.0
 11
11.65093008684438
 21
54.95130535356427
 31
0.0
  0
LINE
  5
7FE
330
1F
100
AcDbEntity
  8
AM_9
100
AcDbLine
 10
11.7365228235093
 20
54.85175035785858
 30
0.0
 11
11.7365228235093
 21
53.8
 31
0.0
  0
LINE
  5
7FF
330
1F
100
AcDbEntity
  8
AM_0
100
AcDbLine
 10
11.7365228235093
 20
54.92971726309762
 30
0.0
 11
11.7365228235093
 21
54.85175035785858
 31
0.0
  0
LINE
  5
800
330
1F
100
AcDbEntity
  8
AM_9
100
AcDbLine
 10
12.04563624583234
 20
54.85175035785858
 30
0.0
 11
12.04563624583234
 21
53.8
 31
0.0
  0
LINE
  5
801
330
1F
100
AcDbEntity
  8
AM_0
100
AcDbLine
 10
12.13051602015602
 20
54.83034068136273
 30
0.0
 11
12.04563624583234
 21
54.85175035785858
 31
0.0
  0
LINE
  5
802
330
1F
100
AcDbEntity
  8
AM_9
100
AcDbLine
 10
12.13051602015604
 20
54.75219536215288
 30
0.0
 11
12.13051602015603
 21
53.8
 31
0.0
  0
LINE
  5
803
330
1F
100
AcDbEntity
  8
AM_0
100
AcDbLine
 10
12.13051602015602
 20
54.83034068136273
 30
0.0
 11
12.13051602015604
 21
54.75219536215288
 31
0.0
  0
LINE
  5
804
330
1F
100
AcDbEntity
  8
AM_9
100
AcDbLine
 10
12.44031900707489
 20
54.75219536215288
 30
0.0
 11
12.44031900707489
 21
53.8
 31
0.0
  0
LINE
  5
805
330
1F
100
AcDbEntity
  8
AM_0
100
AcDbLine
 10
12.5251945169889
 20
54.73078568565703
 30
0.0
 11
12.44031900707489
 21
54.75219536215288
 31
0.0
  0
LINE
  5
806
330
1F
100
AcDbEntity
  8
AM_9
100
AcDbLine
 10
12.52519451698889
 20
54.65264036644718
 30
0.0
 11
12.52519451698889
 21
53.8
 31
0.0
  0
LINE
  5
807
330
1F
100
AcDbEntity
  8
AM_0
100
AcDbLine
 10
12.5251945169889
 20
54.73078568565703
 30
0.0
 11
12.52519451698889
 21
54.65264036644718
 31
0.0
  0
LINE
  5
808
330
1F
100
AcDbEntity
  8
AM_9
100
AcDbLine
 10
12.83498376398924
 20
54.65264036644718
 30
0.0
 11
12.83498376398924
 21
53.8
 31
0.0
  0
LINE
  5
809
330
1F
100
AcDbEntity
  8
AM_0
100
AcDbLine
 10
12.91985594680906
 20
54.63123068995133
 30
0.0
 11
12.83498376398924
 21
54.65264036644718
 31
0.0
  0
LINE
  5
80A
330
1F
100
AcDbEntity
  8
AM_9
100
AcDbLine
 10
12.91985594680907
 20
54.55326378471227
 30
0.0
 11
12.91985594680906
 21
53.8
 31
0.0
  0
LINE
  5
80B
330
1F
100
AcDbEntity
  8
AM_0
100
AcDbLine
 10
12.91985594680906
 20
54.63123068995133
 30
0.0
 11
12.91985594680907
 21
54.55326378471227
 31
0.0
  0
LINE
  5
80C
330
1F
100
AcDbEntity
  8
AM_9
100
AcDbLine
 10
13.22892712216981
 20
54.55326378471229
 30
0.0
 11
13.22892712216981
 21
53.8
 31
0.0
  0
LINE
  5
80D
330
1F
100
AcDbEntity
  8
AM_0
100
AcDbLine
 10
13.31379666358259
 20
54.53185410821643
 30
0.0
 11
13.22892712216981
 21
54.55326378471229
 31
0.0
  0
LINE
  5
80E
330
1F
100
AcDbEntity
  8
AM_9
100
AcDbLine
 10
13.31379666358259
 20
54.45370878900659
 30
0.0
 11
13.31379666358258
 21
53.8
 31
0.0
  0
LINE
  5
80F
330
1F
100
AcDbEntity
  8
AM_0
100
AcDbLine
 10
13.31379666358259
 20
54.53185410821643
 30
0.0
 11
13.31379666358259
 21
54.45370878900659
 31
0.0
  0
LINE
  5
810
330
1F
100
AcDbEntity
  8
AM_9
100
AcDbLine
 10
13.62356642357351
 20
54.45370878900658
 30
0.0
 11
13.62356642357351
 21
53.8
 31
0.0
  0
LINE
  5
811
330
1F
100
AcDbEntity
  8
AM_0
100
AcDbLine
 10
13.70843382583058
 20
54.43229911251073
 30
0.0
 11
13.62356642357351
 21
54.45370878900658
 31
0.0
  0
LINE
  5
812
330
1F
100
AcDbEntity
  8
AM_9
100
AcDbLine
 10
13.70843382583057
 20
54.35415379330089
 30
0.0
 11
13.70843382583057
 21
53.8
 31
0.0
  0
LINE
  5
813
330
1F
100
AcDbEntity
  8
AM_0
100
AcDbLine
 10
13.70843382583058
 20
54.43229911251073
 30
0.0
 11
13.70843382583057
 21
54.35415379330089
 31
0.0
  0
LINE
  5
814
330
1F
100
AcDbEntity
  8
AM_9
100
AcDbLine
 10
14.01819651936479
 20
54.35415379330089
 30
0.0
 11
14.01819651936479
 21
53.8
 31
0.0
  0
LINE
  5
815
330
1F
100
AcDbEntity
  8
AM_0
100
AcDbLine
 10
14.10306216805992
 20
54.33274411680504
 30
0.0
 11
14.01819651936479
 21
54.35415379330089
 31
0.0
  0
LINE
  5
816
330
1F
100
AcDbEntity
  8
AM_9
100
AcDbLine
 10
14.10306216805994
 20
54.25477721156599
 30
0.0
 11
14.10306216805993
 21
53.8
 31
0.0
  0
LINE
  5
817
330
1F
100
AcDbEntity
  8
AM_0
100
AcDbLine
 10
14.10306216805992
 20
54.33274411680504
 30
0.0
 11
14.10306216805994
 21
54.25477721156599
 31
0.0
  0
LINE
  5
818
330
1F
100
AcDbEntity
  8
AM_0
100
AcDbLine
 10
16.71327006109112
 20
53.8167758846641
 30
0.0
 11
16.71327006109112
 21
53.8
 31
0.0
  0
LINE
  5
819
330
1F
100
AcDbEntity
  8
AM_0
100
AcDbLine
 10
16.93459448360972
 20
53.8167758846641
 30
0.0
 11
16.93459448360251
 21
53.8
 31
0.0
  0
LINE
  5
81A
330
1F
100
AcDbEntity
  8
AM_0
100
AcDbLine
 10
10.21522819915408
 20
55.358
 30
0.0
 11
16.71327006109112
 21
53.8167758846641
 31
0.0
  0
LINE
  5
81B
330
1F
100
AcDbEntity
  8
AM_0
100
AcDbLine
 10
16.71327006109112
 20
53.8167758846641
 30
0.0
 11
16.93459448360972
 21
53.8167758846641
 31
0.0
  0
LINE
  5
81C
330
1F
100
AcDbEntity
  8
AM_0
100
AcDbLine
 10
16.93459448360972
 20
53.8167758846641
 30
0.0
 11
10.43655262166548
 21
55.358
 31
0.0
  0
LINE
  5
81D
330
1F
100
AcDbEntity
  8
AM_9
100
AcDbLine
 10
5.200420753873241
 20
54.25477721156599
 30
0.0
 11
5.200420753873239
 21
53.8
 31
0.0
  0
LINE
  5
81E
330
1F
100
AcDbEntity
  8
AM_9
100
AcDbLine
 10
-23.6815
 20
17.61
 30
0.0
 11
-23.7815
 21
17.61
 31
0.0
  0
LINE
  5
81F
330
1F
100
AcDbEntity
  8
AM_9
100
AcDbLine
 10
-23.6815
 20
15.01
 30
0.0
 11
-23.7815
 21
15.00999999999999
 31
0.0
  0
LINE
  5
820
330
1F
100
AcDbEntity
  8
AM_9
100
AcDbLine
 10
-23.6815
 20
12.93
 30
0.0
 11
-23.7815
 21
12.93
 31
0.0
  0
LINE
  5
821
330
1F
100
AcDbEntity
  8
AM_9
100
AcDbLine
 10
-23.6815
 20
17.09
 30
0.0
 11
-23.7815
 21
17.09
 31
0.0
  0
LINE
  5
822
330
1F
100
AcDbEntity
  8
AM_9
100
AcDbLine
 10
-23.6815
 20
23.85
 30
0.0
 11
-23.7815
 21
23.85
 31
0.0
  0
LINE
  5
823
330
1F
100
AcDbEntity
  8
AM_9
100
AcDbLine
 10
-23.6815
 20
22.81
 30
0.0
 11
-23.7815
 21
22.81
 31
0.0
  0
LINE
  5
824
330
1F
100
AcDbEntity
  8
AM_9
100
AcDbLine
 10
-23.6815
 20
13.45
 30
0.0
 11
-23.7815
 21
13.45
 31
0.0
  0
LINE
  5
825
330
1F
100
AcDbEntity
  8
AM_9
100
AcDbLine
 10
-23.6815
 20
12.41
 30
0.0
 11
-23.7815
 21
12.41
 31
0.0
  0
LINE
  5
826
330
1F
100
AcDbEntity
  8
AM_9
100
AcDbLine
 10
-23.6815
 20
21.77
 30
0.0
 11
-23.7815
 21
21.77
 31
0.0
  0
LINE
  5
827
330
1F
100
AcDbEntity
  8
AM_9
100
AcDbLine
 10
-23.6815
 20
9.290000000000001
 30
0.0
 11
-23.7815
 21
9.289999999999996
 31
0.0
  0
LINE
  5
828
330
1F
100
AcDbEntity
  8
AM_9
100
AcDbLine
 10
-23.6815
 20
14.49
 30
0.0
 11
-23.7815
 21
14.49
 31
0.0
  0
LINE
  5
829
330
1F
100
AcDbEntity
  8
AM_9
100
AcDbLine
 10
-23.6815
 20
11.37
 30
0.0
 11
-23.7815
 21
11.37
 31
0.0
  0
LINE
  5
82A
330
1F
100
AcDbEntity
  8
AM_9
100
AcDbLine
 10
-23.6815
 20
19.17
 30
0.0
 11
-23.7815
 21
19.17
 31
0.0
  0
LINE
  5
82B
330
1F
100
AcDbEntity
  8
AM_9
100
AcDbLine
 10
-23.6815
 20
25.93
 30
0.0
 11
-23.7815
 21
25.93
 31
0.0
  0
LINE
  5
82C
330
1F
100
AcDbEntity
  8
AM_9
100
AcDbLine
 10
-23.6815
 20
23.33
 30
0.0
 11
-23.7815
 21
23.32999999999999
 31
0.0
  0
LINE
  5
82D
330
1F
100
AcDbEntity
  8
AM_9
100
AcDbLine
 10
-23.6815
 20
24.89
 30
0.0
 11
-23.7815
 21
24.89
 31
0.0
  0
LINE
  5
82E
330
1F
100
AcDbEntity
  8
AM_9
100
AcDbLine
 10
-23.6815
 20
19.69
 30
0.0
 11
-23.7815
 21
19.69
 31
0.0
  0
LINE
  5
82F
330
1F
100
AcDbEntity
  8
AM_9
100
AcDbLine
 10
-23.6815
 20
22.29
 30
0.0
 11
-23.7815
 21
22.29
 31
0.0
  0
LINE
  5
830
330
1F
100
AcDbEntity
  8
AM_9
100
AcDbLine
 10
-23.6815
 20
10.33
 30
0.0
 11
-23.7815
 21
10.33000000000001
 31
0.0
  0
LINE
  5
831
330
1F
100
AcDbEntity
  8
AM_9
100
AcDbLine
 10
-23.6815
 20
20.21
 30
0.0
 11
-23.7815
 21
20.20999999999999
 31
0.0
  0
LINE
  5
832
330
1F
100
AcDbEntity
  8
AM_9
100
AcDbLine
 10
-23.6815
 20
7.209999999999996
 30
0.0
 11
-23.7815
 21
7.209999999999996
 31
0.0
  0
LINE
  5
833
330
1F
100
AcDbEntity
  8
AM_9
100
AcDbLine
 10
-23.6815
 20
21.25
 30
0.0
 11
-23.7815
 21
21.24999999999999
 31
0.0
  0
LINE
  5
834
330
1F
100
AcDbEntity
  8
AM_9
100
AcDbLine
 10
-23.6815
 20
8.770000000000001
 30
0.0
 11
-23.7815
 21
8.77000000000001
 31
0.0
  0
LINE
  5
835
330
1F
100
AcDbEntity
  8
AM_9
100
AcDbLine
 10
-23.6815
 20
15.53
 30
0.0
 11
-23.7815
 21
15.53
 31
0.0
  0
LINE
  5
836
330
1F
100
AcDbEntity
  8
AM_9
100
AcDbLine
 10
-23.6815
 20
16.57
 30
0.0
 11
-23.7815
 21
16.57
 31
0.0
  0
LINE
  5
837
330
1F
100
AcDbEntity
  8
AM_9
100
AcDbLine
 10
-23.6815
 20
10.85
 30
0.0
 11
-23.7815
 21
10.85
 31
0.0
  0
LINE
  5
838
330
1F
100
AcDbEntity
  8
AM_9
100
AcDbLine
 10
-23.6815
 20
8.25
 30
0.0
 11
-23.7815
 21
8.250000000000005
 31
0.0
  0
LINE
  5
839
330
1F
100
AcDbEntity
  8
AM_9
100
AcDbLine
 10
-23.6815
 20
18.13
 30
0.0
 11
-23.7815
 21
18.13000000000001
 31
0.0
  0
LINE
  5
83A
330
1F
100
AcDbEntity
  8
AM_9
100
AcDbLine
 10
-23.6815
 20
25.41
 30
0.0
 11
-23.7815
 21
25.41
 31
0.0
  0
LINE
  5
83B
330
1F
100
AcDbEntity
  8
AM_9
100
AcDbLine
 10
-23.6815
 20
6.169999999999996
 30
0.0
 11
-23.7815
 21
6.169999999999996
 31
0.0
  0
LINE
  5
83C
330
1F
100
AcDbEntity
  8
AM_9
100
AcDbLine
 10
-23.6815
 20
6.689999999999997
 30
0.0
 11
-23.7815
 21
6.690000000000001
 31
0.0
  0
LINE
  5
83D
330
1F
100
AcDbEntity
  8
AM_9
100
AcDbLine
 10
-23.6815
 20
5.650000000000001
 30
0.0
 11
-23.7815
 21
5.650000000000001
 31
0.0
  0
LINE
  5
83E
330
1F
100
AcDbEntity
  8
AM_9
100
AcDbLine
 10
-23.6815
 20
20.73
 30
0.0
 11
-23.7815
 21
20.73
 31
0.0
  0
LINE
  5
83F
330
1F
100
AcDbEntity
  8
AM_9
100
AcDbLine
 10
-23.6815
 20
7.73
 30
0.0
 11
-23.7815
 21
7.73
 31
0.0
  0
LINE
  5
840
330
1F
100
AcDbEntity
  8
AM_9
100
AcDbLine
 10
-23.6815
 20
26.45
 30
0.0
 11
-23.7815
 21
26.45
 31
0.0
  0
LINE
  5
841
330
1F
100
AcDbEntity
  8
AM_9
100
AcDbLine
 10
-23.6815
 20
13.97
 30
0.0
 11
-23.7815
 21
13.96999999999999
 31
0.0
  0
LINE
  5
842
330
1F
100
AcDbEntity
  8
AM_9
100
AcDbLine
 10
-23.6815
 20
18.65
 30
0.0
 11
-23.7815
 21
18.65
 31
0.0
  0
LINE
  5
843
330
1F
100
AcDbEntity
  8
AM_9
100
AcDbLine
 10
-23.6815
 20
9.809999999999999
 30
0.0
 11
-23.7815
 21
9.809999999999992
 31
0.0
  0
LINE
  5
844
330
1F
100
AcDbEntity
  8
AM_9
100
AcDbLine
 10
-23.6815
 20
24.37
 30
0.0
 11
-23.7815
 21
24.37
 31
0.0
  0
LINE
  5
845
330
1F
100
AcDbEntity
  8
AM_9
100
AcDbLine
 10
-23.6815
 20
11.89
 30
0.0
 11
-23.7815
 21
11.89
 31
0.0
  0
LINE
  5
846
330
1F
100
AcDbEntity
  8
AM_9
100
AcDbLine
 10
-23.6815
 20
16.05
 30
0.0
 11
-23.7815
 21
16.05
 31
0.0
  0
LINE
  5
847
330
1F
100
AcDbEntity
  8
AM_9
100
AcDbLine
 10
5.16935830237346
 20
54.23336753507014
 30
0.0
 11
5.200420753873241
 21
54.25477721156599
 31
0.0
  0
LINE
  5
848
330
1F
100
AcDbEntity
  8
AM_0
100
AcDbLine
 10
-1.321680714857825
 20
54.25477721156599
 30
0.0
 11
5.03132025582583
 21
54.25477721156599
 31
0.0
  0
LINE
  5
849
330
1F
100
AcDbEntity
  8
AM_0
100
AcDbLine
 10
-1.321680714857825
 20
54.25477721156599
 30
0.0
 11
-1.437607362062652
 21
54.23336753507014
 31
0.0
  0
LINE
  5
84A
330
1F
100
AcDbEntity
  8
AM_9
100
AcDbLine
 10
5.16935830237346
 20
54.23336753507014
 30
0.0
 11
5.16935830237346
 21
53.8
 31
0.0
  0
LINE
  5
84B
330
1F
100
AcDbEntity
  8
AM_9
100
AcDbLine
 10
-1.437607362062651
 20
54.15522221586029
 30
0.0
 11
-1.43760736206265
 21
53.8
 31
0.0
  0
LINE
  5
84C
330
1F
100
AcDbEntity
  8
AM_0
100
AcDbLine
 10
-1.437607362062652
 20
54.23336753507014
 30
0.0
 11
-1.437607362062651
 21
54.15522221586029
 31
0.0
  0
LINE
  5
84D
330
1F
100
AcDbEntity
  8
AM_0
100
AcDbLine
 10
-1.437607362062652
 20
54.23336753507014
 30
0.0
 11
4.998058021543192
 21
54.23336753507014
 31
0.0
  0
LINE
  5
84E
330
1F
100
AcDbEntity
  8
AM_9
100
AcDbLine
 10
14.4969760255532
 20
54.15522221586029
 30
0.0
 11
14.4969760255532
 21
53.8
 31
0.0
  0
LINE
  5
84F
330
1F
100
AcDbEntity
  8
AM_0
100
AcDbLine
 10
14.49697602555321
 20
54.23336753507014
 30
0.0
 11
14.4969760255532
 21
54.15522221586029
 31
0.0
  0
LINE
  5
850
330
1F
100
AcDbEntity
  8
AM_0
100
AcDbLine
 10
5.471693086001936
 20
54.23336753507014
 30
0.0
 11
14.49697602555321
 21
54.23336753507014
 31
0.0
  0
LINE
  5
851
330
1F
100
AcDbEntity
  8
AM_0
100
AcDbLine
 10
14.49697602555321
 20
54.23336753507014
 30
0.0
 11
14.41211182984816
 21
54.25477721156599
 31
0.0
  0
LINE
  5
852
330
1F
100
AcDbEntity
  8
AM_0
100
AcDbLine
 10
5.502755537501725
 20
54.25477721156599
 30
0.0
 11
14.41211182984816
 21
54.25477721156599
 31
0.0
  0
LINE
  5
853
330
1F
100
AcDbEntity
  8
AM_9
100
AcDbLine
 10
5.055981198507711
 20
54.15522221586029
 30
0.0
 11
5.055981198507707
 21
53.8
 31
0.0
  0
LINE
  5
854
330
1F
100
AcDbEntity
  8
AM_9
100
AcDbLine
 10
5.024919194117878
 20
54.13381253936444
 30
0.0
 11
5.024919194117882
 21
53.8
 31
0.0
  0
LINE
  5
855
330
1F
100
AcDbEntity
  8
AM_9
100
AcDbLine
 10
-1.976661452672413
 20
54.0558456341254
 30
0.0
 11
-1.976661452672413
 21
53.8
 31
0.0
  0
LINE
  5
856
330
1F
100
AcDbEntity
  8
AM_0
100
AcDbLine
 10
-1.976661452672411
 20
54.13381253936444
 30
0.0
 11
-1.976661452672413
 21
54.0558456341254
 31
0.0
  0
LINE
  5
857
330
1F
100
AcDbEntity
  8
AM_9
100
AcDbLine
 10
5.024919194117878
 20
54.13381253936444
 30
0.0
 11
5.055981198507711
 21
54.15522221586029
 31
0.0
  0
LINE
  5
858
330
1F
100
AcDbEntity
  8
AM_0
100
AcDbLine
 10
-1.860736474104643
 20
54.15522221586029
 30
0.0
 11
4.880407776926825
 21
54.15522221586029
 31
0.0
  0
LINE
  5
859
330
1F
100
AcDbEntity
  8
AM_0
100
AcDbLine
 10
-1.860736474104643
 20
54.15522221586029
 30
0.0
 11
-1.976661452672411
 21
54.13381253936444
 31
0.0
  0
LINE
  5
85A
330
1F
100
AcDbEntity
  8
AM_0
100
AcDbLine
 10
-1.976661452672411
 20
54.13381253936444
 30
0.0
 11
4.847200592811816
 21
54.13381253936444
 31
0.0
  0
LINE
  5
85B
330
1F
100
AcDbEntity
  8
AM_9
100
AcDbLine
 10
14.89159100790739
 20
54.0558456341254
 30
0.0
 11
14.89159100790738
 21
53.8
 31
0.0
  0
LINE
  5
85C
330
1F
100
AcDbEntity
  8
AM_0
100
AcDbLine
 10
14.8915910079074
 20
54.13381253936443
 30
0.0
 11
14.89159100790739
 21
54.0558456341254
 31
0.0
  0
LINE
  5
85D
330
1F
100
AcDbEntity
  8
AM_0
100
AcDbLine
 10
5.327253977746355
 20
54.13381253936443
 30
0.0
 11
14.8915910079074
 21
54.13381253936443
 31
0.0
  0
LINE
  5
85E
330
1F
100
AcDbEntity
  8
AM_0
100
AcDbLine
 10
14.8915910079074
 20
54.13381253936443
 30
0.0
 11
14.80672803372945
 21
54.15522221586029
 31
0.0
  0
LINE
  5
85F
330
1F
100
AcDbEntity
  8
AM_0
100
AcDbLine
 10
5.358315982136189
 20
54.15522221586029
 30
0.0
 11
14.80672803372945
 21
54.15522221586029
 31
0.0
  0
LINE
  5
860
330
1F
100
AcDbEntity
  8
AM_9
100
AcDbLine
 10
4.911802439174508
 20
54.0558456341254
 30
0.0
 11
4.91180243917451
 21
53.8
 31
0.0
  0
LINE
  5
861
330
1F
100
AcDbEntity
  8
AM_9
100
AcDbLine
 10
4.880740812967986
 20
54.03443595762955
 30
0.0
 11
4.911802439174508
 21
54.0558456341254
 31
0.0
  0
LINE
  5
862
330
1F
100
AcDbEntity
  8
AM_0
100
AcDbLine
 10
-2.398818929308403
 20
54.0558456341254
 30
0.0
 11
4.72624546355987
 21
54.0558456341254
 31
0.0
  0
LINE
  5
863
330
1F
100
AcDbEntity
  8
AM_0
100
AcDbLine
 10
-2.398818929308403
 20
54.0558456341254
 30
0.0
 11
-2.514742496476874
 21
54.03443595762955
 31
0.0
  0
LINE
  5
864
330
1F
100
AcDbEntity
  8
AM_9
100
AcDbLine
 10
4.880740812967986
 20
54.03443595762955
 30
0.0
 11
4.880740812967982
 21
53.8
 31
0.0
  0
LINE
  5
865
330
1F
100
AcDbEntity
  8
AM_9
100
AcDbLine
 10
-2.514742496476875
 20
53.95414967077011
 30
0.0
 11
-2.514742496476873
 21
53.8
 31
0.0
  0
LINE
  5
866
330
1F
100
AcDbEntity
  8
AM_0
100
AcDbLine
 10
-2.514742496476874
 20
54.03443595762955
 30
0.0
 11
-2.514742496476875
 21
53.95414967077011
 31
0.0
  0
LINE
  5
867
330
1F
100
AcDbEntity
  8
AM_0
100
AcDbLine
 10
-2.514742496476874
 20
54.03443595762955
 30
0.0
 11
4.693024400984692
 21
54.03443595762955
 31
0.0
  0
ARC
  5
868
330
1F
100
AcDbEntity
  8
AM_9
100
AcDbCircle
 10
-12.09
 20
5.74
 30
0.0
 40
0.1100000000000002
100
AcDbArc
 50
221.5777957855103
 51
318.4222042144897
  0
ARC
  5
869
330
1F
100
AcDbEntity
  8
AM_9
100
AcDbCircle
 10
-13.59
 20
5.74
 30
0.0
 40
0.1100000000000002
100
AcDbArc
 50
221.5777957855103
 51
318.4222042144897
  0
ARC
  5
86A
330
1F
100
AcDbEntity
  8
AM_9
100
AcDbCircle
 10
-16.59
 20
5.74000000000065
 30
0.0
 40
0.110000000000433
100
AcDbArc
 50
221.577795785763
 51
318.422204214237
  0
LINE
  5
86B
330
1F
100
AcDbEntity
  8
AM_0
100
AcDbLine
 10
15.28549367056194
 20
54.03443595762955
 30
0.0
 11
15.2006317296
 21
54.0558456341254
 31
0.0
  0
LINE
  5
86C
330
1F
100
AcDbEntity
  8
AM_0
100
AcDbLine
 10
5.214137222802992
 20
54.0558456341254
 30
0.0
 11
15.2006317296
 21
54.0558456341254
 31
0.0
  0
LINE
  5
86D
330
1F
100
AcDbEntity
  8
AM_9
100
AcDbLine
 10
15.28549367056195
 20
53.95414967077011
 30
0.0
 11
15.28549367056194
 21
53.8
 31
0.0
  0
LINE
  5
86E
330
1F
100
AcDbEntity
  8
AM_0
100
AcDbLine
 10
15.28549367056194
 20
54.03443595762955
 30
0.0
 11
15.28549367056195
 21
53.95414967077011
 31
0.0
  0
LINE
  5
86F
330
1F
100
AcDbEntity
  8
AM_0
100
AcDbLine
 10
5.183075596596461
 20
54.03443595762955
 30
0.0
 11
15.28549367056194
 21
54.03443595762955
 31
0.0
  0
LINE
  5
870
330
1F
100
AcDbEntity
  8
AM_9
100
AcDbLine
 10
4.764260353458418
 20
53.95414967077011
 30
0.0
 11
4.76426035345842
 21
53.8
 31
0.0
  0
LINE
  5
871
330
1F
100
AcDbEntity
  8
AM_9
100
AcDbLine
 10
4.73319905752424
 20
53.93273999427426
 30
0.0
 11
4.733199057524249
 21
53.8
 31
0.0
  0
LINE
  5
872
330
1F
100
AcDbEntity
  8
AM_9
100
AcDbLine
 10
-3.065375824030786
 20
53.85655722874319
 30
0.0
 11
-3.065375824030784
 21
53.8
 31
0.0
  0
LINE
  5
873
330
1F
100
AcDbEntity
  8
AM_0
100
AcDbLine
 10
-3.065375824030788
 20
53.93273999427426
 30
0.0
 11
-3.065375824030786
 21
53.85655722874319
 31
0.0
  0
LINE
  5
874
330
1F
100
AcDbEntity
  8
AM_9
100
AcDbLine
 10
4.73319905752424
 20
53.93273999427426
 30
0.0
 11
4.764260353458418
 21
53.95414967077011
 31
0.0
  0
LINE
  5
875
330
1F
100
AcDbEntity
  8
AM_0
100
AcDbLine
 10
-2.949453489455532
 20
53.95414967077011
 30
0.0
 11
4.56842023721472
 21
53.95414967077011
 31
0.0
  0
LINE
  5
876
330
1F
100
AcDbEntity
  8
AM_0
100
AcDbLine
 10
-2.949453489455532
 20
53.95414967077011
 30
0.0
 11
-3.065375824030788
 21
53.93273999427426
 31
0.0
  0
LINE
  5
877
330
1F
100
AcDbEntity
  8
AM_0
100
AcDbLine
 10
-3.065375824030788
 20
53.93273999427426
 30
0.0
 11
4.535185928776591
 21
53.93273999427426
 31
0.0
  0
LINE
  5
878
330
1F
100
AcDbEntity
  8
AM_9
100
AcDbLine
 10
-23.8615
 20
29.346
 30
0.0
 11
-23.7815
 21
29.346
 31
0.0
  0
LINE
  5
879
330
1F
100
AcDbEntity
  8
AM_0
100
AcDbLine
 10
-23.8615
 20
38.346
 30
0.0
 11
-23.7815
 21
38.346
 31
0.0
  0
LINE
  5
87A
330
1F
100
AcDbEntity
  8
AM_9
100
AcDbLine
 10
4.622673112527585
 20
53.85655722874319
 30
0.0
 11
4.622673112527592
 21
53.8
 31
0.0
  0
LINE
  5
87B
330
1F
100
AcDbEntity
  8
AM_0
100
AcDbLine
 10
15.68858524267212
 20
53.93273999427426
 30
0.0
 11
15.60372420403104
 21
53.95414967077011
 31
0.0
  0
LINE
  5
87C
330
1F
100
AcDbEntity
  8
AM_0
100
AcDbLine
 10
5.066595137086892
 20
53.95414967077011
 30
0.0
 11
15.60372420403104
 21
53.95414967077011
 31
0.0
  0
LINE
  5
87D
330
1F
100
AcDbEntity
  8
AM_9
100
AcDbLine
 10
15.68858524267212
 20
53.8565572287432
 30
0.0
 11
15.68858524267212
 21
53.8
 31
0.0
  0
LINE
  5
87E
330
1F
100
AcDbEntity
  8
AM_0
100
AcDbLine
 10
15.68858524267212
 20
53.93273999427426
 30
0.0
 11
15.68858524267212
 21
53.8565572287432
 31
0.0
  0
LINE
  5
87F
330
1F
100
AcDbEntity
  8
AM_0
100
AcDbLine
 10
5.035533841152731
 20
53.93273999427426
 30
0.0
 11
15.68858524267212
 21
53.93273999427426
 31
0.0
  0
LINE
  5
880
330
1F
100
AcDbEntity
  8
AM_9
100
AcDbLine
 10
4.591612089549398
 20
53.83514755224735
 30
0.0
 11
4.591612089549399
 21
53.8
 31
0.0
  0
LINE
  5
881
330
1F
100
AcDbEntity
  8
AM_0
100
AcDbLine
 10
-3.59378558220255
 20
53.83514755224735
 30
0.0
 11
-3.593785582202549
 21
53.8
 31
0.0
  0
LINE
  5
882
330
1F
100
AcDbEntity
  8
AM_9
100
AcDbLine
 10
4.591612089549398
 20
53.83514755224735
 30
0.0
 11
4.622673112527585
 21
53.85655722874319
 31
0.0
  0
LINE
  5
883
330
1F
100
AcDbEntity
  8
AM_0
100
AcDbLine
 10
-3.477864266312898
 20
53.85655722874319
 30
0.0
 11
4.416905727921711
 21
53.85655722874319
 31
0.0
  0
LINE
  5
884
330
1F
100
AcDbEntity
  8
AM_0
100
AcDbLine
 10
-3.477864266312898
 20
53.85655722874319
 30
0.0
 11
-3.59378558220255
 21
53.83514755224735
 31
0.0
  0
LINE
  5
885
330
1F
100
AcDbEntity
  8
AM_0
100
AcDbLine
 10
-3.59378558220255
 20
53.83514755224735
 30
0.0
 11
4.383659511994408
 21
53.83514755224735
 31
0.0
  0
LINE
  5
886
330
1F
100
AcDbEntity
  8
AM_0
100
AcDbLine
 10
16.07540803286903
 20
53.83514755224736
 30
0.0
 11
15.99054773995755
 21
53.8565572287432
 31
0.0
  0
LINE
  5
887
330
1F
100
AcDbEntity
  8
AM_0
100
AcDbLine
 10
4.925007896156075
 20
53.8565572287432
 30
0.0
 11
15.99054773995755
 21
53.8565572287432
 31
0.0
  0
LINE
  5
888
330
1F
100
AcDbEntity
  8
AM_0
100
AcDbLine
 10
16.07540803286903
 20
53.83514755224736
 30
0.0
 11
16.07540803286904
 21
53.8
 31
0.0
  0
LINE
  5
889
330
1F
100
AcDbEntity
  8
AM_0
100
AcDbLine
 10
4.893946873177884
 20
53.83514755224736
 30
0.0
 11
16.07540803286903
 21
53.83514755224736
 31
0.0
  0
LINE
  5
88A
330
1F
100
AcDbEntity
  8
AM_9
100
AcDbLine
 10
-16.62
 20
5.667
 30
0.0
 11
-16.62
 21
5.167
 31
0.0
  0
LINE
  5
88B
330
1F
100
AcDbEntity
  8
AM_9
100
AcDbLine
 10
-18.12
 20
5.667
 30
0.0
 11
-18.12
 21
5.167
 31
0.0
  0
LINE
  5
88C
330
1F
100
AcDbEntity
  8
AM_9
100
AcDbLine
 10
-12.12
 20
5.667
 30
0.0
 11
-12.12
 21
5.167
 31
0.0
  0
LINE
  5
88D
330
1F
100
AcDbEntity
  8
AM_9
100
AcDbLine
 10
-18.12
 20
5.667
 30
0.0
 11
-10.62
 21
5.667
 31
0.0
  0
LINE
  5
88E
330
1F
100
AcDbEntity
  8
AM_9
100
AcDbLine
 10
-10.62
 20
5.167
 30
0.0
 11
-10.62
 21
5.667
 31
0.0
  0
LINE
  5
88F
330
1F
100
AcDbEntity
  8
AM_0
100
AcDbLine
 10
6.736586779434336
 20
55.358
 30
0.0
 11
4.358138383110653
 21
53.81677588466935
 31
0.0
  0
LINE
  5
890
330
1F
100
AcDbEntity
  8
AM_0
100
AcDbLine
 10
4.66047316674437
 20
53.81677588466935
 30
0.0
 11
7.038921563062817
 21
55.358
 31
0.0
  0
LINE
  5
891
330
1F
100
AcDbEntity
  8
AM_0
100
AcDbLine
 10
4.893946873177884
 20
53.83514755224736
 30
0.0
 11
4.893946873177881
 21
53.8
 31
0.0
  0
LINE
  5
892
330
1F
100
AcDbEntity
  8
AM_0
100
AcDbLine
 10
4.925007896156075
 20
53.8565572287432
 30
0.0
 11
4.893946873177884
 21
53.83514755224736
 31
0.0
  0
LINE
  5
893
330
1F
100
AcDbEntity
  8
AM_9
100
AcDbLine
 10
4.925007896156075
 20
53.8565572287432
 30
0.0
 11
4.925007896156072
 21
53.8
 31
0.0
  0
LINE
  5
894
330
1F
100
AcDbEntity
  8
AM_9
100
AcDbLine
 10
5.035533841152728
 20
53.8565572287432
 30
0.0
 11
5.035533841152728
 21
53.8
 31
0.0
  0
LINE
  5
895
330
1F
100
AcDbEntity
  8
AM_0
100
AcDbLine
 10
5.035533841152731
 20
53.93273999427426
 30
0.0
 11
5.035533841152728
 21
53.8565572287432
 31
0.0
  0
LINE
  5
896
330
1F
100
AcDbEntity
  8
AM_0
100
AcDbLine
 10
5.066595137086892
 20
53.95414967077011
 30
0.0
 11
5.035533841152731
 21
53.93273999427426
 31
0.0
  0
LINE
  5
897
330
1F
100
AcDbEntity
  8
AM_9
100
AcDbLine
 10
5.066595137086892
 20
53.95414967077011
 30
0.0
 11
5.0665951370869
 21
53.8
 31
0.0
  0
LINE
  5
898
330
1F
100
AcDbEntity
  8
AM_9
100
AcDbLine
 10
5.183075596596462
 20
53.95414967077011
 30
0.0
 11
5.183075596596462
 21
53.8
 31
0.0
  0
LINE
  5
899
330
1F
100
AcDbEntity
  8
AM_0
100
AcDbLine
 10
5.183075596596461
 20
54.03443595762955
 30
0.0
 11
5.183075596596462
 21
53.95414967077011
 31
0.0
  0
LINE
  5
89A
330
1F
100
AcDbEntity
  8
AM_0
100
AcDbLine
 10
5.214137222802992
 20
54.0558456341254
 30
0.0
 11
5.183075596596461
 21
54.03443595762955
 31
0.0
  0
LINE
  5
89B
330
1F
100
AcDbEntity
  8
AM_9
100
AcDbLine
 10
5.214137222802992
 20
54.0558456341254
 30
0.0
 11
5.21413722280299
 21
53.8
 31
0.0
  0
LINE
  5
89C
330
1F
100
AcDbEntity
  8
AM_9
100
AcDbLine
 10
5.327253977746362
 20
54.0558456341254
 30
0.0
 11
5.327253977746363
 21
53.8
 31
0.0
  0
LINE
  5
89D
330
1F
100
AcDbEntity
  8
AM_0
100
AcDbLine
 10
5.327253977746355
 20
54.13381253936443
 30
0.0
 11
5.327253977746362
 21
54.0558456341254
 31
0.0
  0
LINE
  5
89E
330
1F
100
AcDbEntity
  8
AM_0
100
AcDbLine
 10
5.358315982136189
 20
54.15522221586029
 30
0.0
 11
5.327253977746355
 21
54.13381253936443
 31
0.0
  0
LINE
  5
89F
330
1F
100
AcDbEntity
  8
AM_9
100
AcDbLine
 10
5.358315982136189
 20
54.15522221586029
 30
0.0
 11
5.358315982136187
 21
53.8
 31
0.0
  0
LINE
  5
8A0
330
1F
100
AcDbEntity
  8
AM_9
100
AcDbLine
 10
5.471693086001943
 20
54.15522221586029
 30
0.0
 11
5.471693086001941
 21
53.8
 31
0.0
  0
LINE
  5
8A1
330
1F
100
AcDbEntity
  8
AM_0
100
AcDbLine
 10
5.471693086001936
 20
54.23336753507014
 30
0.0
 11
5.471693086001943
 21
54.15522221586029
 31
0.0
  0
LINE
  5
8A2
330
1F
100
AcDbEntity
  8
AM_0
100
AcDbLine
 10
5.502755537501725
 20
54.25477721156599
 30
0.0
 11
5.471693086001936
 21
54.23336753507014
 31
0.0
  0
LINE
  5
8A3
330
1F
100
AcDbEntity
  8
AM_9
100
AcDbLine
 10
5.502755537501725
 20
54.25477721156599
 30
0.0
 11
5.502755537501719
 21
53.8
 31
0.0
  0
LINE
  5
8A4
330
1F
100
AcDbEntity
  8
AM_9
100
AcDbLine
 10
5.615875564747202
 20
54.25477721156599
 30
0.0
 11
5.615875564747198
 21
53.8
 31
0.0
  0
LINE
  5
8A5
330
1F
100
AcDbEntity
  8
AM_0
100
AcDbLine
 10
5.615875564747205
 20
54.33274411680504
 30
0.0
 11
5.615875564747202
 21
54.25477721156599
 31
0.0
  0
LINE
  5
8A6
330
1F
100
AcDbEntity
  8
AM_0
100
AcDbLine
 10
5.646938548078272
 20
54.35415379330089
 30
0.0
 11
5.615875564747205
 21
54.33274411680504
 31
0.0
  0
LINE
  5
8A7
330
1F
100
AcDbEntity
  8
AM_9
100
AcDbLine
 10
5.646938548078272
 20
54.35415379330089
 30
0.0
 11
5.646938548078267
 21
53.8
 31
0.0
  0
LINE
  5
8A8
330
1F
100
AcDbEntity
  8
AM_9
100
AcDbLine
 10
5.760319563056488
 20
54.35415379330089
 30
0.0
 11
5.760319563056487
 21
53.8
 31
0.0
  0
LINE
  5
8A9
330
1F
100
AcDbEntity
  8
AM_0
100
AcDbLine
 10
5.760319563056482
 20
54.43229911251073
 30
0.0
 11
5.760319563056488
 21
54.35415379330089
 31
0.0
  0
LINE
  5
8AA
330
1F
100
AcDbEntity
  8
AM_0
100
AcDbLine
 10
5.791383188235765
 20
54.45370878900659
 30
0.0
 11
5.760319563056482
 21
54.43229911251073
 31
0.0
  0
LINE
  5
8AB
330
1F
100
AcDbEntity
  8
AM_9
100
AcDbLine
 10
5.791383188235765
 20
54.45370878900659
 30
0.0
 11
5.791383188235762
 21
53.8
 31
0.0
  0
LINE
  5
8AC
330
1F
100
AcDbEntity
  8
AM_9
100
AcDbLine
 10
5.904766789716654
 20
54.45370878900659
 30
0.0
 11
5.90476678971665
 21
53.8
 31
0.0
  0
LINE
  5
8AD
330
1F
100
AcDbEntity
  8
AM_0
100
AcDbLine
 10
5.90476678971665
 20
54.53185410821643
 30
0.0
 11
5.904766789716654
 21
54.45370878900659
 31
0.0
  0
LINE
  5
8AE
330
1F
100
AcDbEntity
  8
AM_0
100
AcDbLine
 10
5.935831197881257
 20
54.55326378471227
 30
0.0
 11
5.90476678971665
 21
54.53185410821643
 31
0.0
  0
LINE
  5
8AF
330
1F
100
AcDbEntity
  8
AM_9
100
AcDbLine
 10
5.935831197881257
 20
54.55326378471227
 30
0.0
 11
5.935831197881261
 21
53.8
 31
0.0
  0
LINE
  5
8B0
330
1F
100
AcDbEntity
  8
AM_9
100
AcDbLine
 10
6.048959099640812
 20
54.55326378471227
 30
0.0
 11
6.048959099640809
 21
53.8
 31
0.0
  0
LINE
  5
8B1
330
1F
100
AcDbEntity
  8
AM_0
100
AcDbLine
 10
6.048959099640808
 20
54.63123068995133
 30
0.0
 11
6.048959099640812
 21
54.55326378471227
 31
0.0
  0
LINE
  5
8B2
330
1F
100
AcDbEntity
  8
AM_0
100
AcDbLine
 10
6.080024474627498
 20
54.65264036644718
 30
0.0
 11
6.048959099640808
 21
54.63123068995133
 31
0.0
  0
LINE
  5
8B3
330
1F
100
AcDbEntity
  8
AM_9
100
AcDbLine
 10
6.080024474627498
 20
54.65264036644718
 30
0.0
 11
6.080024474627502
 21
53.8
 31
0.0
  0
LINE
  5
8B4
330
1F
100
AcDbEntity
  8
AM_9
100
AcDbLine
 10
6.193415208848887
 20
54.65264036644718
 30
0.0
 11
6.193415208848882
 21
53.8
 31
0.0
  0
LINE
  5
8B5
330
1F
100
AcDbEntity
  8
AM_0
100
AcDbLine
 10
6.19341520884888
 20
54.73078568565703
 30
0.0
 11
6.193415208848887
 21
54.65264036644718
 31
0.0
  0
LINE
  5
8B6
330
1F
100
AcDbEntity
  8
AM_0
100
AcDbLine
 10
6.224481801636563
 20
54.75219536215288
 30
0.0
 11
6.19341520884888
 21
54.73078568565703
 31
0.0
  0
LINE
  5
8B7
330
1F
100
AcDbEntity
  8
AM_9
100
AcDbLine
 10
6.224481801636563
 20
54.75219536215288
 30
0.0
 11
6.224481801636565
 21
53.8
 31
0.0
  0
LINE
  5
8B8
330
1F
100
AcDbEntity
  8
AM_9
100
AcDbLine
 10
6.337877565017169
 20
54.75219536215288
 30
0.0
 11
6.337877565017163
 21
53.8
 31
0.0
  0
LINE
  5
8B9
330
1F
100
AcDbEntity
  8
AM_0
100
AcDbLine
 10
6.337877565017169
 20
54.83034068136273
 30
0.0
 11
6.337877565017169
 21
54.75219536215288
 31
0.0
  0
LINE
  5
8BA
330
1F
100
AcDbEntity
  8
AM_0
100
AcDbLine
 10
6.368945718687127
 20
54.85175035785858
 30
0.0
 11
6.337877565017169
 21
54.83034068136273
 31
0.0
  0
LINE
  5
8BB
330
1F
100
AcDbEntity
  8
AM_9
100
AcDbLine
 10
6.368945718687127
 20
54.85175035785858
 30
0.0
 11
6.368945718687126
 21
53.8
 31
0.0
  0
LINE
  5
8BC
330
1F
100
AcDbEntity
  8
AM_9
100
AcDbLine
 10
6.482089083908103
 20
54.85175035785858
 30
0.0
 11
6.482089083908105
 21
53.8
 31
0.0
  0
LINE
  5
8BD
330
1F
100
AcDbEntity
  8
AM_0
100
AcDbLine
 10
6.482089083908104
 20
54.92971726309762
 30
0.0
 11
6.482089083908103
 21
54.85175035785858
 31
0.0
  0
LINE
  5
8BE
330
1F
100
AcDbEntity
  8
AM_0
100
AcDbLine
 10
6.513418199906897
 20
54.95130535356427
 30
0.0
 11
6.482089083908104
 21
54.92971726309762
 31
0.0
  0
LINE
  5
8BF
330
1F
100
AcDbEntity
  8
AM_9
100
AcDbLine
 10
6.513418199906897
 20
54.95130535356427
 30
0.0
 11
6.513418199906901
 21
53.8
 31
0.0
  0
LINE
  5
8C0
330
1F
100
AcDbEntity
  8
AM_9
100
AcDbLine
 10
6.626570201900234
 20
54.95130535356427
 30
0.0
 11
6.626570201900233
 21
53.8
 31
0.0
  0
LINE
  5
8C1
330
1F
100
AcDbEntity
  8
AM_0
100
AcDbLine
 10
6.62657020190023
 20
55.02927225880332
 30
0.0
 11
6.626570201900234
 21
54.95130535356427
 31
0.0
  0
LINE
  5
8C2
330
1F
100
AcDbEntity
  8
AM_0
100
AcDbLine
 10
6.657643151417791
 20
55.05068193529917
 30
0.0
 11
6.62657020190023
 21
55.02927225880332
 31
0.0
  0
LINE
  5
8C3
330
1F
100
AcDbEntity
  8
AM_9
100
AcDbLine
 10
6.657643151417791
 20
55.05068193529917
 30
0.0
 11
6.657643151417794
 21
53.8
 31
0.0
  0
LINE
  5
8C4
330
1F
100
AcDbEntity
  8
AM_9
100
AcDbLine
 10
6.768217262556997
 20
55.05068193529917
 30
0.0
 11
6.768217262556992
 21
53.8
 31
0.0
  0
LINE
  5
8C5
330
1F
100
AcDbEntity
  8
AM_0
100
AcDbLine
 10
6.768217262556988
 20
55.12686470083023
 30
0.0
 11
6.768217262556997
 21
55.05068193529917
 31
0.0
  0
LINE
  5
8C6
330
1F
100
AcDbEntity
  8
AM_0
100
AcDbLine
 10
6.799293955557831
 20
55.14827437732608
 30
0.0
 11
6.768217262556988
 21
55.12686470083023
 31
0.0
  0
LINE
  5
8C7
330
1F
100
AcDbEntity
  8
AM_9
100
AcDbLine
 10
6.799293955557831
 20
55.14827437732608
 30
0.0
 11
6.79929395555783
 21
53.8
 31
0.0
  0
LINE
  5
8C8
330
1F
100
AcDbEntity
  8
AM_9
100
AcDbLine
 10
6.915582294867872
 20
55.14827437732608
 30
0.0
 11
6.915582294867869
 21
53.8
 31
0.0
  0
LINE
  5
8C9
330
1F
100
AcDbEntity
  8
AM_0
100
AcDbLine
 10
6.915582294867868
 20
55.22838225021471
 30
0.0
 11
6.915582294867872
 21
55.14827437732608
 31
0.0
  0
LINE
  5
8CA
330
1F
100
AcDbEntity
  8
AM_0
100
AcDbLine
 10
6.946664636730929
 20
55.24979192671056
 30
0.0
 11
6.915582294867868
 21
55.22838225021471
 31
0.0
  0
LINE
  5
8CB
330
1F
100
AcDbEntity
  8
AM_9
100
AcDbLine
 10
6.946664636730929
 20
55.24979192671056
 30
0.0
 11
6.946664636730932
 21
53.8
 31
0.0
  0
LINE
  5
8CC
330
1F
100
AcDbEntity
  8
AM_9
100
AcDbLine
 10
7.033185645623314
 20
55.24979192671056
 30
0.0
 11
7.033185645623307
 21
53.8
 31
0.0
  0
LINE
  5
8CD
330
1F
100
AcDbEntity
  8
AM_0
100
AcDbLine
 10
7.033185645623306
 20
55.30938219295734
 30
0.0
 11
7.033185645623314
 21
55.24979192671056
 31
0.0
  0
LINE
  5
8CE
330
1F
100
AcDbEntity
  8
AM_0
100
AcDbLine
 10
7.061942850106468
 20
55.32918614371601
 30
0.0
 11
7.033185645623306
 21
55.30938219295734
 31
0.0
  0
LINE
  5
8CF
330
1F
100
AcDbEntity
  8
AM_9
100
AcDbLine
 10
7.061942850106468
 20
55.32918614371601
 30
0.0
 11
7.061942850106466
 21
53.8
 31
0.0
  0
LINE
  5
8D0
330
1F
100
AcDbEntity
  8
AM_9
100
AcDbLine
 10
7.103786678812789
 20
55.32918614371601
 30
0.0
 11
7.103786678812789
 21
53.8
 31
0.0
  0
LINE
  5
8D1
330
1F
100
AcDbEntity
  8
AM_0
100
AcDbLine
 10
7.103786678812789
 20
55.358
 30
0.0
 11
7.103786678812789
 21
55.32918614371601
 31
0.0
  0
LINE
  5
8D2
330
1F
100
AcDbEntity
  8
AM_0
100
AcDbLine
 10
4.358138383110653
 20
53.81677588466935
 30
0.0
 11
4.66047316674437
 21
53.81677588466935
 31
0.0
  0
LINE
  5
8D3
330
1F
100
AcDbEntity
  8
AM_0
100
AcDbLine
 10
4.358138383110653
 20
53.81677588466935
 30
0.0
 11
4.358138383110653
 21
53.8
 31
0.0
  0
LINE
  5
8D4
330
1F
100
AcDbEntity
  8
AM_0
100
AcDbLine
 10
4.66047316674437
 20
53.81677588466935
 30
0.0
 11
4.660473166739133
 21
53.8
 31
0.0
  0
LINE
  5
8D5
330
1F
100
AcDbEntity
  8
AM_9
100
AcDbLine
 10
-23.7015
 20
28.11200000000001
 30
0.0
 11
-23.7815
 21
28.11200000000001
 31
0.0
  0
LINE
  5
8D6
330
1F
100
AcDbEntity
  8
AM_9
100
AcDbLine
 10
-23.7015
 20
27.912
 30
0.0
 11
-23.7815
 21
27.912
 31
0.0
  0
LINE
  5
8D7
330
1F
100
AcDbEntity
  8
AM_9
100
AcDbLine
 10
-23.7015
 20
4.599999999999993
 30
0.0
 11
-23.7815
 21
4.599999999999993
 31
0.0
  0
LINE
  5
8D8
330
1F
100
AcDbEntity
  8
AM_9
100
AcDbLine
 10
-23.7015
 20
52.63
 30
0.0
 11
-23.7815
 21
52.63
 31
0.0
  0
LINE
  5
8D9
330
1F
100
AcDbEntity
  8
AM_9
100
AcDbLine
 10
-23.7015
 20
4.53
 30
0.0
 11
-23.7815
 21
4.53
 31
0.0
  0
LINE
  5
8DA
330
1F
100
AcDbEntity
  8
AM_9
100
AcDbLine
 10
-23.7015
 20
52.63800000000001
 30
0.0
 11
-23.7015
 21
4.484999999999996
 31
0.0
  0
LINE
  5
8DB
330
1F
100
AcDbEntity
  8
AM_9
100
AcDbLine
 10
-23.7015
 20
52.63800000000001
 30
0.0
 11
-23.7815
 21
52.63800000000001
 31
0.0
  0
LINE
  5
8DC
330
1F
100
AcDbEntity
  8
AM_9
100
AcDbLine
 10
-23.7015
 20
4.537999999999994
 30
0.0
 11
-23.7815
 21
4.537999999999994
 31
0.0
  0
LINE
  5
8DD
330
1F
100
AcDbEntity
  8
AM_9
100
AcDbLine
 10
-23.8465
 20
12.787
 30
0.0
 11
-23.8465
 21
10.737
 31
0.0
  0
LINE
  5
8DE
330
1F
100
AcDbEntity
  8
AM_9
100
AcDbLine
 10
-23.8465
 20
10.737
 30
0.0
 11
-23.8415
 21
10.737
 31
0.0
  0
LINE
  5
8DF
330
1F
100
AcDbEntity
  8
AM_9
100
AcDbLine
 10
-23.8415
 20
12.787
 30
0.0
 11
-23.8465
 21
12.787
 31
0.0
  0
LINE
  5
8E0
330
1F
100
AcDbEntity
  8
AM_9
100
AcDbLine
 10
-23.8615
 20
22.6
 30
0.0
 11
-23.7815
 21
22.6
 31
0.0
  0
LINE
  5
8E1
330
1F
100
AcDbEntity
  8
AM_9
100
AcDbLine
 10
-23.8615
 20
22.66
 30
0.0
 11
-23.7815
 21
22.66
 31
0.0
  0
LINE
  5
8E2
330
1F
100
AcDbEntity
  8
AM_0
100
AcDbLine
 10
-23.8615
 20
28.91
 30
0.0
 11
-23.7815
 21
28.91
 31
0.0
  0
LINE
  5
8E4
330
1F
100
AcDbEntity
  8
AM_4
100
AcDbLine
 10
-23.8615
 20
28.85
 30
0.0
 11
-23.7815
 21
28.85
 31
0.0
  0
LINE
  5
8E5
330
1F
100
AcDbEntity
  8
AM_9
100
AcDbLine
 10
-23.8415
 20
13.267
 30
0.0
 11
-23.7815
 21
13.267
 31
0.0
  0
LINE
  5
8E6
330
1F
100
AcDbEntity
  8
AM_0
100
AcDbLine
 10
-23.8415
 20
7.249999999999999
 30
0.0
 11
-23.8415
 21
4.569
 31
0.0
  0
LINE
  5
8E7
330
1F
100
AcDbEntity
  8
AM_9
100
AcDbLine
 10
-23.8415
 20
13.267
 30
0.0
 11
-23.8415
 21
7.249999999999999
 31
0.0
  0
LINE
  5
8E8
330
1F
100
AcDbEntity
  8
AM_0
100
AcDbLine
 10
-23.8415
 20
4.569
 30
0.0
 11
-23.7815
 21
4.569
 31
0.0
  0
LINE
  5
8E9
330
1F
100
AcDbEntity
  8
AM_9
100
AcDbLine
 10
24.128
 20
3.375
 30
0.0
 11
24.128
 21
0.8749999999999998
 31
0.0
  0
LINE
  5
8EA
330
1F
100
AcDbEntity
  8
AM_9
100
AcDbLine
 10
24.128
 20
0.8749999999999998
 30
0.0
 11
24.098
 21
0.875
 31
0.0
  0
LINE
  5
8EB
330
1F
100
AcDbEntity
  8
AM_9
100
AcDbLine
 10
-24.098
 20
0.8749999999999998
 30
0.0
 11
-24.128
 21
0.8749999999999998
 31
0.0
  0
LINE
  5
8EC
330
1F
100
AcDbEntity
  8
AM_9
100
AcDbLine
 10
-24.128
 20
3.375
 30
0.0
 11
-24.128
 21
0.8749999999999998
 31
0.0
  0
LINE
  5
8ED
330
1F
100
AcDbEntity
  8
AM_9
100
AcDbLine
 10
-23.7015
 20
17.8117638090205
 30
0.0
 11
-23.7815
 21
17.8117638090205
 31
0.0
  0
LINE
  5
8EE
330
1F
100
AcDbEntity
  8
AM_9
100
AcDbLine
 10
-23.7015
 20
17.96
 30
0.0
 11
-23.7815
 21
17.96
 31
0.0
  0
LINE
  5
8EF
330
1F
100
AcDbEntity
  8
AM_9
100
AcDbLine
 10
-23.7015
 20
19.8007638090205
 30
0.0
 11
-23.7815
 21
19.8007638090205
 31
0.0
  0
LINE
  5
8F0
330
1F
100
AcDbEntity
  8
AM_9
100
AcDbLine
 10
-23.7015
 20
19.949
 30
0.0
 11
-23.7815
 21
19.949
 31
0.0
  0
LINE
  5
8F1
330
1F
100
AcDbEntity
  8
AM_9
100
AcDbLine
 10
-23.7015
 20
15.1597638090205
 30
0.0
 11
-23.7815
 21
15.1597638090205
 31
0.0
  0
LINE
  5
8F2
330
1F
100
AcDbEntity
  8
AM_9
100
AcDbLine
 10
-23.7015
 20
15.308
 30
0.0
 11
-23.7815
 21
15.308
 31
0.0
  0
LINE
  5
8F3
330
1F
100
AcDbEntity
  8
AM_9
100
AcDbLine
 10
-23.7015
 20
16.4857638090205
 30
0.0
 11
-23.7815
 21
16.4857638090205
 31
0.0
  0
LINE
  5
8F4
330
1F
100
AcDbEntity
  8
AM_9
100
AcDbLine
 10
-23.7015
 20
16.634
 30
0.0
 11
-23.7815
 21
16.634
 31
0.0
  0
LINE
  5
8F5
330
1F
100
AcDbEntity
  8
AM_9
100
AcDbLine
 10
-23.7015
 20
18.4747638090205
 30
0.0
 11
-23.7815
 21
18.4747638090205
 31
0.0
  0
LINE
  5
8F6
330
1F
100
AcDbEntity
  8
AM_9
100
AcDbLine
 10
-23.7015
 20
18.623
 30
0.0
 11
-23.7815
 21
18.623
 31
0.0
  0
LINE
  5
8F7
330
1F
100
AcDbEntity
  8
AM_9
100
AcDbLine
 10
-23.7015
 20
15.8227638090205
 30
0.0
 11
-23.7815
 21
15.8227638090205
 31
0.0
  0
LINE
  5
8F8
330
1F
100
AcDbEntity
  8
AM_9
100
AcDbLine
 10
-23.7015
 20
15.971
 30
0.0
 11
-23.7815
 21
15.971
 31
0.0
  0
LINE
  5
8F9
330
1F
100
AcDbEntity
  8
AM_9
100
AcDbLine
 10
-23.7015
 20
19.1377638090205
 30
0.0
 11
-23.7815
 21
19.1377638090205
 31
0.0
  0
LINE
  5
8FA
330
1F
100
AcDbEntity
  8
AM_9
100
AcDbLine
 10
-23.7015
 20
19.286
 30
0.0
 11
-23.7815
 21
19.286
 31
0.0
  0
LINE
  5
8FB
330
1F
100
AcDbEntity
  8
AM_9
100
AcDbLine
 10
-23.7015
 20
17.1487638090205
 30
0.0
 11
-23.7815
 21
17.1487638090205
 31
0.0
  0
LINE
  5
8FC
330
1F
100
AcDbEntity
  8
AM_9
100
AcDbLine
 10
-23.7015
 20
17.297
 30
0.0
 11
-23.7815
 21
17.297
 31
0.0
  0
LINE
  5
8FD
330
1F
100
AcDbEntity
  8
AM_9
100
AcDbLine
 10
-23.7015
 20
14.849
 30
0.0
 11
-23.7815
 21
14.849
 31
0.0
  0
LINE
  5
8FE
330
1F
100
AcDbEntity
  8
AM_9
100
AcDbLine
 10
-23.7015
 20
18.164
 30
0.0
 11
-23.7815
 21
18.16400000000001
 31
0.0
  0
LINE
  5
8FF
330
1F
100
AcDbEntity
  8
AM_9
100
AcDbLine
 10
-23.7015
 20
15.512
 30
0.0
 11
-23.7815
 21
15.51199999999999
 31
0.0
  0
LINE
  5
900
330
1F
100
AcDbEntity
  8
AM_9
100
AcDbLine
 10
-23.7015
 20
16.175
 30
0.0
 11
-23.7815
 21
16.175
 31
0.0
  0
LINE
  5
901
330
1F
100
AcDbEntity
  8
AM_9
100
AcDbLine
 10
-23.7015
 20
17.501
 30
0.0
 11
-23.7815
 21
17.501
 31
0.0
  0
LINE
  5
902
330
1F
100
AcDbEntity
  8
AM_9
100
AcDbLine
 10
-23.7015
 20
16.838
 30
0.0
 11
-23.7815
 21
16.838
 31
0.0
  0
LINE
  5
903
330
1F
100
AcDbEntity
  8
AM_9
100
AcDbLine
 10
-23.7015
 20
18.827
 30
0.0
 11
-23.7815
 21
18.827
 31
0.0
  0
LINE
  5
904
330
1F
100
AcDbEntity
  8
AM_9
100
AcDbLine
 10
-23.7015
 20
19.49
 30
0.0
 11
-23.7815
 21
19.48999999999999
 31
0.0
  0
LINE
  5
905
330
1F
100
AcDbEntity
  8
AM_9
100
AcDbLine
 10
-24.5325
 20
16.381
 30
0.0
 11
-23.7815
 21
16.381
 31
0.0
  0
LINE
  5
906
330
1F
100
AcDbEntity
  8
AM_9
100
AcDbLine
 10
-24.5325
 20
19.807
 30
0.0
 11
-23.7815
 21
19.807
 31
0.0
  0
LINE
  5
907
330
1F
100
AcDbEntity
  8
AM_9
100
AcDbLine
 10
-23.8615
 20
16.348
 30
0.0
 11
-23.7815
 21
16.348
 31
0.0
  0
LINE
  5
908
330
1F
100
AcDbEntity
  8
AM_0
100
AcDbLine
 10
-24.5325
 20
16.348
 30
0.0
 11
-23.8615
 21
16.348
 31
0.0
  0
LINE
  5
909
330
1F
100
AcDbEntity
  8
AM_9
100
AcDbLine
 10
-23.8615
 20
19.84
 30
0.0
 11
-23.7815
 21
19.84
 31
0.0
  0
LINE
  5
90A
330
1F
100
AcDbEntity
  8
AM_0
100
AcDbLine
 10
-24.5325
 20
19.84
 30
0.0
 11
-23.8615
 21
19.84
 31
0.0
  0
LINE
  5
90B
330
1F
100
AcDbEntity
  8
AM_0
100
AcDbLine
 10
-24.5325
 20
19.84
 30
0.0
 11
-24.5325
 21
16.348
 31
0.0
  0
LINE
  5
90C
330
1F
100
AcDbEntity
  8
AM_9
100
AcDbLine
 10
-23.8615
 20
19.774
 30
0.0
 11
-23.7815
 21
19.774
 31
0.0
  0
LINE
  5
90D
330
1F
100
AcDbEntity
  8
AM_4
100
AcDbLine
 10
-24.5325
 20
19.774
 30
0.0
 11
-23.8615
 21
19.774
 31
0.0
  0
LINE
  5
90E
330
1F
100
AcDbEntity
  8
AM_9
100
AcDbLine
 10
-23.8615
 20
16.414
 30
0.0
 11
-23.7815
 21
16.414
 31
0.0
  0
LINE
  5
90F
330
1F
100
AcDbEntity
  8
AM_4
100
AcDbLine
 10
-24.5325
 20
16.414
 30
0.0
 11
-23.8615
 21
16.414
 31
0.0
  0
LINE
  5
910
330
1F
100
AcDbEntity
  8
AM_0
100
AcDbLine
 10
-23.8615
 20
24.5
 30
0.0
 11
-23.7815
 21
24.5
 31
0.0
  0
LINE
  5
911
330
1F
100
AcDbEntity
  8
AM_4
100
AcDbLine
 10
-23.8615
 20
24.44
 30
0.0
 11
-23.7815
 21
24.44
 31
0.0
  0
LINE
  5
912
330
1F
100
AcDbEntity
  8
AM_4
100
AcDbLine
 10
-23.8615
 20
22.06
 30
0.0
 11
-23.7815
 21
22.06
 31
0.0
  0
LINE
  5
913
330
1F
100
AcDbEntity
  8
AM_0
100
AcDbLine
 10
23.8615
 20
31.659
 30
0.0
 11
23.8615
 21
30.659
 31
0.0
  0
LINE
  5
914
330
1F
100
AcDbEntity
  8
AM_0
100
AcDbLine
 10
23.8615
 20
31.659
 30
0.0
 11
23.7815
 21
31.659
 31
0.0
  0
LINE
  5
915
330
1F
100
AcDbEntity
  8
AM_0
100
AcDbLine
 10
23.8615
 20
30.659
 30
0.0
 11
23.7815
 21
30.659
 31
0.0
  0
LINE
  5
916
330
1F
100
AcDbEntity
  8
AM_9
100
AcDbLine
 10
-23.7965
 20
12.125
 30
0.0
 11
-23.7815
 21
12.125
 31
0.0
  0
LINE
  5
917
330
1F
100
AcDbEntity
  8
AM_9
100
AcDbLine
 10
-23.7965
 20
14.875
 30
0.0
 11
-23.7815
 21
14.875
 31
0.0
  0
LINE
  5
918
330
1F
100
AcDbEntity
  8
AM_9
100
AcDbLine
 10
-23.7965
 20
12.0
 30
0.0
 11
-23.7815
 21
12.0
 31
0.0
  0
LINE
  5
919
330
1F
100
AcDbEntity
  8
AM_9
100
AcDbLine
 10
-23.7965
 20
15.0
 30
0.0
 11
-23.7965
 21
12.0
 31
0.0
  0
LINE
  5
91A
330
1F
100
AcDbEntity
  8
AM_9
100
AcDbLine
 10
-23.7965
 20
15.0
 30
0.0
 11
-23.7815
 21
15.0
 31
0.0
  0
LINE
  5
91B
330
1F
100
AcDbEntity
  8
AM_9
100
AcDbLine
 10
-23.8615
 20
9.0
 30
0.0
 11
-23.7815
 21
9.0
 31
0.0
  0
LINE
  5
91C
330
1F
100
AcDbEntity
  8
AM_9
100
AcDbLine
 10
-23.8615
 20
10.0
 30
0.0
 11
-23.7815
 21
10.0
 31
0.0
  0
LINE
  5
91D
330
1F
100
AcDbEntity
  8
AM_9
100
AcDbLine
 10
-22.09005382386916
 20
2.660946176130834
 30
0.0
 11
-21.15447308806542
 21
3.596526911934581
 31
0.0
  0
LINE
  5
91E
330
1F
100
AcDbEntity
  8
AM_9
100
AcDbLine
 10
21.273
 20
4.356
 30
0.0
 11
-21.273
 21
4.356
 31
0.0
  0
LINE
  5
91F
330
1F
100
AcDbEntity
  8
AM_9
100
AcDbLine
 10
-21.273
 20
4.356
 30
0.0
 11
-21.273
 21
3.61
 31
0.0
  0
LINE
  5
920
330
1F
100
AcDbEntity
  8
AM_9
100
AcDbLine
 10
-21.273
 20
3.61
 30
0.0
 11
-21.20605382386916
 21
3.61
 31
0.0
  0
LINE
  5
921
330
1F
100
AcDbEntity
  8
AM_9
100
AcDbLine
 10
-21.20605382386916
 20
3.61
 30
0.0
 11
-22.12258073580374
 21
2.693473088065418
 31
0.0
  0
ARC
  5
922
330
1F
100
AcDbEntity
  8
AM_9
100
AcDbCircle
 10
-22.15510764773833
 20
2.726000000000023
 30
0.0
 40
0.0460000000000229
100
AcDbArc
 50
270.0000000000044
 51
314.9999999999863
  0
LINE
  5
923
330
1F
100
AcDbEntity
  8
AM_9
100
AcDbLine
 10
-22.15510764773832
 20
2.68
 30
0.0
 11
-24.052
 21
2.68
 31
0.0
  0
ARC
  5
924
330
1F
100
AcDbEntity
  8
AM_9
100
AcDbCircle
 10
-24.052
 20
2.725999999999998
 30
0.0
 40
0.0459999999999958
100
AcDbArc
 50
179.9999999999989
 51
270.0000000000044
  0
LINE
  5
925
330
1F
100
AcDbEntity
  8
AM_9
100
AcDbLine
 10
-24.098
 20
3.375
 30
0.0
 11
-24.144
 21
3.375
 31
0.0
  0
LINE
  5
926
330
1F
100
AcDbEntity
  8
AM_9
100
AcDbLine
 10
-24.144
 20
3.375
 30
0.0
 11
-24.144
 21
2.726
 31
0.0
  0
ARC
  5
927
330
1F
100
AcDbEntity
  8
AM_9
100
AcDbCircle
 10
-24.05200000000001
 20
2.725999999999992
 30
0.0
 40
0.0919999999999916
100
AcDbArc
 50
179.9999999999951
 51
270.0000000000044
  0
LINE
  5
928
330
1F
100
AcDbEntity
  8
AM_9
100
AcDbLine
 10
-24.052
 20
2.634000000000002
 30
0.0
 11
-22.15510764773832
 21
2.634
 31
0.0
  0
ARC
  5
929
330
1F
100
AcDbEntity
  8
AM_9
100
AcDbCircle
 10
-22.1551076477383
 20
2.725999999999982
 30
0.0
 40
0.0919999999999819
100
AcDbArc
 50
269.9999999999889
 51
314.9999999999994
  0
ARC
  5
92A
330
1F
100
AcDbEntity
  8
AM_9
100
AcDbCircle
 10
-21.12194617613085
 20
3.564000000000017
 30
0.0
 40
0.0459999999999807
100
AcDbArc
 50
89.99999999998231
 51
135.0000000000031
  0
LINE
  5
92B
330
1F
100
AcDbEntity
  8
AM_9
100
AcDbLine
 10
-21.12194617613083
 20
3.609999999999998
 30
0.0
 11
-19.186
 21
3.61
 31
0.0
  0
LINE
  5
92C
330
1F
100
AcDbEntity
  8
AM_9
100
AcDbLine
 10
-19.186
 20
3.61
 30
0.0
 11
-19.186
 21
3.655999999999999
 31
0.0
  0
LINE
  5
92D
330
1F
100
AcDbEntity
  8
AM_9
100
AcDbLine
 10
-19.186
 20
3.655999999999999
 30
0.0
 11
19.186
 21
3.655999999999999
 31
0.0
  0
LINE
  5
92E
330
1F
100
AcDbEntity
  8
AM_9
100
AcDbLine
 10
19.186
 20
3.655999999999999
 30
0.0
 11
19.186
 21
3.609999999999999
 31
0.0
  0
LINE
  5
92F
330
1F
100
AcDbEntity
  8
AM_9
100
AcDbLine
 10
19.186
 20
3.609999999999999
 30
0.0
 11
21.12194617613083
 21
3.609999999999999
 31
0.0
  0
ARC
  5
930
330
1F
100
AcDbEntity
  8
AM_9
100
AcDbCircle
 10
21.12194617613084
 20
3.563999999999982
 30
0.0
 40
0.0460000000000161
100
AcDbArc
 50
45.00000000000625
 51
90.00000000000885
  0
LINE
  5
931
330
1F
100
AcDbEntity
  8
AM_9
100
AcDbLine
 10
21.15447308806543
 20
3.596526911934578
 30
0.0
 11
22.09005382386915
 21
2.660946176130842
 31
0.0
  0
ARC
  5
932
330
1F
100
AcDbEntity
  8
AM_9
100
AcDbCircle
 10
22.15510764773835
 20
2.726000000000028
 30
0.0
 40
0.0920000000000429
100
AcDbArc
 50
224.9999999999941
 51
269.9999999999845
  0
LINE
  5
933
330
1F
100
AcDbEntity
  8
AM_9
100
AcDbLine
 10
22.15510764773832
 20
2.633999999999986
 30
0.0
 11
24.052
 21
2.633999999999987
 31
0.0
  0
ARC
  5
934
330
1F
100
AcDbEntity
  8
AM_9
100
AcDbCircle
 10
24.05200000000001
 20
2.725999999999974
 30
0.0
 40
0.0919999999999872
100
AcDbArc
 50
269.9999999999911
 51
0.0000000000240616
  0
LINE
  5
935
330
1F
100
AcDbEntity
  8
AM_9
100
AcDbLine
 10
24.144
 20
2.726000000000012
 30
0.0
 11
24.144
 21
3.375
 31
0.0
  0
LINE
  5
936
330
1F
100
AcDbEntity
  8
AM_9
100
AcDbLine
 10
24.144
 20
3.375
 30
0.0
 11
24.098
 21
3.375
 31
0.0
  0
ARC
  5
937
330
1F
100
AcDbEntity
  8
AM_9
100
AcDbCircle
 10
24.05200000000001
 20
2.725999999999988
 30
0.0
 40
0.0459999999999892
100
AcDbArc
 50
269.9999999999868
 51
0.0000000000304227
  0
LINE
  5
938
330
1F
100
AcDbEntity
  8
AM_9
100
AcDbLine
 10
24.052
 20
2.679999999999999
 30
0.0
 11
22.15510764773832
 21
2.68
 31
0.0
  0
ARC
  5
939
330
1F
100
AcDbEntity
  8
AM_9
100
AcDbCircle
 10
22.15510764773831
 20
2.725999999999976
 30
0.0
 40
0.0459999999999778
100
AcDbArc
 50
224.9999999999773
 51
270.0000000000132
  0
LINE
  5
93A
330
1F
100
AcDbEntity
  8
AM_9
100
AcDbLine
 10
22.12258073580373
 20
2.693473088065423
 30
0.0
 11
21.20605382386916
 21
3.609999999999999
 31
0.0
  0
LINE
  5
93B
330
1F
100
AcDbEntity
  8
AM_9
100
AcDbLine
 10
21.20605382386916
 20
3.609999999999999
 30
0.0
 11
21.273
 21
3.609999999999999
 31
0.0
  0
LINE
  5
93C
330
1F
100
AcDbEntity
  8
AM_9
100
AcDbLine
 10
21.273
 20
3.609999999999999
 30
0.0
 11
21.273
 21
4.356
 31
0.0
  0
LINE
  5
93D
330
1F
100
AcDbEntity
  8
AM_9
100
AcDbLine
 10
24.098
 20
2.490000000000004
 30
0.0
 11
23.578
 21
2.490000000000004
 31
0.0
  0
LINE
  5
93E
330
1F
100
AcDbEntity
  8
AM_9
100
AcDbLine
 10
24.098
 20
2.740000000000004
 30
0.0
 11
23.578
 21
2.740000000000004
 31
0.0
  0
LINE
  5
93F
330
1F
100
AcDbEntity
  8
AM_9
100
AcDbLine
 10
24.098
 20
0.6199999999999949
 30
0.0
 11
23.578
 21
0.6199999999999961
 31
0.0
  0
LINE
  5
940
330
1F
100
AcDbEntity
  8
AM_9
100
AcDbLine
 10
24.098
 20
0.8699999999999948
 30
0.0
 11
23.578
 21
0.8699999999999948
 31
0.0
  0
LINE
  5
941
330
1F
100
AcDbEntity
  8
AM_9
100
AcDbLine
 10
-23.578
 20
0.8699999999999948
 30
0.0
 11
-24.098
 21
0.8699999999999948
 31
0.0
  0
LINE
  5
942
330
1F
100
AcDbEntity
  8
AM_9
100
AcDbLine
 10
-23.578
 20
0.6199999999999949
 30
0.0
 11
-24.098
 21
0.6199999999999961
 31
0.0
  0
LINE
  5
943
330
1F
100
AcDbEntity
  8
AM_9
100
AcDbLine
 10
-23.578
 20
2.740000000000004
 30
0.0
 11
-24.098
 21
2.740000000000004
 31
0.0
  0
LINE
  5
944
330
1F
100
AcDbEntity
  8
AM_9
100
AcDbLine
 10
-23.578
 20
2.490000000000004
 30
0.0
 11
-24.098
 21
2.490000000000004
 31
0.0
  0
LINE
  5
945
330
1F
100
AcDbEntity
  8
AM_0
100
AcDbLine
 10
-23.8615
 20
22.0
 30
0.0
 11
-23.7815
 21
22.0
 31
0.0
  0
LINE
  5
946
330
1F
100
AcDbEntity
  8
AM_9
100
AcDbLine
 10
-23.8615
 20
17.0
 30
0.0
 11
-23.7815
 21
17.0
 31
0.0
  0
LINE
  5
947
330
1F
100
AcDbEntity
  8
AM_0
100
AcDbLine
 10
-23.8615
 20
29.0
 30
0.0
 11
-23.7815
 21
29.0
 31
0.0
  0
LINE
  5
948
330
1F
100
AcDbEntity
  8
AM_0
100
AcDbLine
 10
-23.8615
 20
30.0
 30
0.0
 11
-23.7815
 21
30.0
 31
0.0
  0
LINE
  5
949
330
1F
100
AcDbEntity
  8
AM_0
100
AcDbLine
 10
-23.8615
 20
40.159
 30
0.0
 11
-23.8615
 21
29.0
 31
0.0
  0
LINE
  5
94A
330
1F
100
AcDbEntity
  8
AM_9
100
AcDbLine
 10
2.830000000000001
 20
5.2
 30
0.0
 11
2.830000000000001
 21
4.667
 31
0.0
  0
LINE
  5
94B
330
1F
100
AcDbEntity
  8
AM_9
100
AcDbLine
 10
4.510000000000001
 20
4.667
 30
0.0
 11
4.510000000000001
 21
5.2
 31
0.0
  0
LINE
  5
94C
330
1F
100
AcDbEntity
  8
AM_9
100
AcDbLine
 10
2.420000000000001
 20
5.2
 30
0.0
 11
4.920000000000001
 21
5.2
 31
0.0
  0
LINE
  5
94D
330
1F
100
AcDbEntity
  8
AM_9
100
AcDbLine
 10
2.420000000000001
 20
5.2
 30
0.0
 11
2.420000000000001
 21
4.667
 31
0.0
  0
LINE
  5
94E
330
1F
100
AcDbEntity
  8
AM_9
100
AcDbLine
 10
4.920000000000001
 20
4.667
 30
0.0
 11
4.920000000000001
 21
5.2
 31
0.0
  0
LINE
  5
94F
330
1F
100
AcDbEntity
  8
AM_0
100
AcDbLine
 10
-23.8615
 20
17.25
 30
0.0
 11
-23.7815
 21
17.25
 31
0.0
  0
LINE
  5
950
330
1F
100
AcDbEntity
  8
AM_0
100
AcDbLine
 10
-23.8615
 20
7.249999999999999
 30
0.0
 11
-23.7815
 21
7.249999999999999
 31
0.0
  0
LINE
  5
951
330
1F
100
AcDbEntity
  8
AM_0
100
AcDbLine
 10
-23.8615
 20
25.156
 30
0.0
 11
-23.7815
 21
25.156
 31
0.0
  0
LINE
  5
952
330
1F
100
AcDbEntity
  8
AM_0
100
AcDbLine
 10
-23.8615
 20
28.91
 30
0.0
 11
-23.8615
 21
7.249999999999999
 31
0.0
  0
LINE
  5
953
330
1F
100
AcDbEntity
  8
AM_0
100
AcDbLine
 10
-23.8615
 20
27.156
 30
0.0
 11
-23.7815
 21
27.156
 31
0.0
  0
LINE
  5
954
330
1F
100
AcDbEntity
  8
AM_4
100
AcDbLine
 10
-23.8615
 20
27.096
 30
0.0
 11
-23.7815
 21
27.096
 31
0.0
  0
LINE
  5
955
330
1F
100
AcDbEntity
  8
AM_4
100
AcDbLine
 10
-23.8615
 20
25.216
 30
0.0
 11
-23.7815
 21
25.216
 31
0.0
  0
LINE
  5
956
330
1F
100
AcDbEntity
  8
AM_9
100
AcDbLine
 10
6.966000000000003
 20
5.829
 30
0.0
 11
6.966000000000003
 21
4.667
 31
0.0
  0
LINE
  5
957
330
1F
100
AcDbEntity
  8
AM_9
100
AcDbLine
 10
9.963000000000005
 20
5.829
 30
0.0
 11
9.963000000000005
 21
4.667
 31
0.0
  0
LINE
  5
958
330
1F
100
AcDbEntity
  8
AM_9
100
AcDbLine
 10
6.966000000000003
 20
5.829
 30
0.0
 11
17.966
 21
5.829
 31
0.0
  0
LINE
  5
959
330
1F
100
AcDbEntity
  8
AM_9
100
AcDbLine
 10
14.969
 20
5.829
 30
0.0
 11
14.969
 21
4.667
 31
0.0
  0
LINE
  5
95A
330
1F
100
AcDbEntity
  8
AM_9
100
AcDbLine
 10
17.966
 20
5.829
 30
0.0
 11
17.966
 21
4.667
 31
0.0
  0
LINE
  5
95B
330
1F
100
AcDbEntity
  8
AM_9
100
AcDbLine
 10
-16.285
 20
5.829
 30
0.0
 11
0.7150000000000022
 21
5.829
 31
0.0
  0
LINE
  5
95C
330
1F
100
AcDbEntity
  8
AM_9
100
AcDbLine
 10
-2.281999999999997
 20
5.829
 30
0.0
 11
-2.281999999999997
 21
4.667
 31
0.0
  0
LINE
  5
95D
330
1F
100
AcDbEntity
  8
AM_9
100
AcDbLine
 10
0.7150000000000022
 20
5.829
 30
0.0
 11
0.7150000000000022
 21
4.667
 31
0.0
  0
LINE
  5
95E
330
1F
100
AcDbEntity
  8
AM_9
100
AcDbLine
 10
-16.285
 20
5.829
 30
0.0
 11
-16.285
 21
4.667
 31
0.0
  0
LINE
  5
95F
330
1F
100
AcDbEntity
  8
AM_9
100
AcDbLine
 10
-13.288
 20
5.829
 30
0.0
 11
-13.288
 21
4.667
 31
0.0
  0
LINE
  5
960
330
1F
100
AcDbEntity
  8
AM_0
100
AcDbLine
 10
23.8615
 20
17.781
 30
0.0
 11
23.7815
 21
17.781
 31
0.0
  0
LINE
  5
961
330
1F
100
AcDbEntity
  8
AM_0
100
AcDbLine
 10
23.8615
 20
7.780999999999999
 30
0.0
 11
23.7815
 21
7.781000000000004
 31
0.0
  0
LINE
  5
962
330
1F
100
AcDbEntity
  8
AM_0
100
AcDbLine
 10
23.8615
 20
17.781
 30
0.0
 11
23.8615
 21
7.780999999999999
 31
0.0
  0
LINE
  5
963
330
1F
100
AcDbEntity
  8
AM_9
100
AcDbLine
 10
24.098
 20
3.0
 30
0.0
 11
23.578
 21
3.0
 31
0.0
  0
LINE
  5
964
330
1F
100
AcDbEntity
  8
AM_9
100
AcDbLine
 10
23.578
 20
1.0
 30
0.0
 11
24.098
 21
1.0
 31
0.0
  0
LINE
  5
965
330
1F
100
AcDbEntity
  8
AM_9
100
AcDbLine
 10
-23.578
 20
3.0
 30
0.0
 11
-24.098
 21
3.0
 31
0.0
  0
LINE
  5
966
330
1F
100
AcDbEntity
  8
AM_9
100
AcDbLine
 10
-24.098
 20
1.0
 30
0.0
 11
-23.578
 21
1.0
 31
0.0
  0
LINE
  5
967
330
1F
100
AcDbEntity
  8
AM_0
100
AcDbLine
 10
24.22043455417639
 20
27.127
 30
0.0
 11
24.22923440170988
 21
27.15984147809383
 31
0.0
  0
ARC
  5
968
330
1F
100
AcDbEntity
  8
AM_0
100
AcDbCircle
 10
23.80700000000002
 20
27.30817823518259
 30
0.0
 40
0.034000000000026
100
AcDbArc
 50
221.4096221092818
 51
254.9999999999819
  0
LINE
  5
969
330
1F
100
AcDbEntity
  8
AM_0
100
AcDbLine
 10
24.22923440170988
 20
27.15984147809383
 30
0.0
 11
23.79820015246651
 21
27.27533675708874
 31
0.0
  0
ARC
  5
96A
330
1F
100
AcDbEntity
  8
AM_0
100
AcDbCircle
 10
23.80699999999998
 20
27.30817823518255
 30
0.0
 40
0.0679999999999731
100
AcDbArc
 50
247.9756871629639
 51
255.0000000000076
  0
LINE
  5
96B
330
1F
100
AcDbEntity
  8
AM_0
100
AcDbLine
 10
23.78940030493303
 20
27.24249527899491
 30
0.0
 11
24.22043455417639
 21
27.127
 31
0.0
  0
LINE
  5
96C
330
1F
100
AcDbEntity
  8
AM_9
100
AcDbLine
 10
23.7015
 20
4.57
 30
0.0
 11
23.7815
 21
4.57
 31
0.0
  0
LINE
  5
96D
330
1F
100
AcDbEntity
  8
AM_9
100
AcDbLine
 10
23.7015
 20
4.484999999999996
 30
0.0
 11
23.7815
 21
4.484999999999996
 31
0.0
  0
LINE
  5
96E
330
1F
100
AcDbEntity
  8
AM_9
100
AcDbLine
 10
23.7015
 20
52.685
 30
0.0
 11
23.7015
 21
4.484999999999996
 31
0.0
  0
LINE
  5
96F
330
1F
100
AcDbEntity
  8
AM_9
100
AcDbLine
 10
23.7015
 20
52.685
 30
0.0
 11
23.7815
 21
52.685
 31
0.0
  0
LINE
  5
970
330
1F
100
AcDbEntity
  8
AM_9
100
AcDbLine
 10
-23.7015
 20
52.585
 30
0.0
 11
-23.7815
 21
52.585
 31
0.0
  0
LINE
  5
971
330
1F
100
AcDbEntity
  8
AM_9
100
AcDbLine
 10
-23.7015
 20
4.484999999999996
 30
0.0
 11
-23.7815
 21
4.484999999999996
 31
0.0
  0
LINE
  5
972
330
1F
100
AcDbEntity
  8
AM_9
100
AcDbLine
 10
21.75
 20
0.058
 30
0.0
 11
21.75
 21
0.0
 31
0.0
  0
LINE
  5
973
330
1F
100
AcDbEntity
  8
AM_9
100
AcDbLine
 10
-21.75
 20
0.058
 30
0.0
 11
-21.75
 21
0.0
 31
0.0
  0
LINE
  5
974
330
1F
100
AcDbEntity
  8
AM_9
100
AcDbLine
 10
-24.098
 20
4.119
 30
0.0
 11
-24.098
 21
0.0
 31
0.0
  0
LINE
  5
975
330
1F
100
AcDbEntity
  8
AM_9
100
AcDbLine
 10
-24.155
 20
4.119
 30
0.0
 11
-24.098
 21
4.119
 31
0.0
  0
LINE
  5
976
330
1F
100
AcDbEntity
  8
AM_9
100
AcDbLine
 10
24.155
 20
4.119
 30
0.0
 11
24.098
 21
4.119
 31
0.0
  0
LINE
  5
977
330
1F
100
AcDbEntity
  8
AM_9
100
AcDbLine
 10
24.098
 20
4.119
 30
0.0
 11
24.098
 21
0.0
 31
0.0
  0
LINE
  5
978
330
1F
100
AcDbEntity
  8
AM_9
100
AcDbLine
 10
-21.75
 20
4.667
 30
0.0
 11
21.75
 21
4.667
 31
0.0
  0
LINE
  5
979
330
1F
100
AcDbEntity
  8
AM_9
100
AcDbLine
 10
21.75
 20
5.167
 30
0.0
 11
21.75
 21
4.667
 31
0.0
  0
LINE
  5
97A
330
1F
100
AcDbEntity
  8
AM_9
100
AcDbLine
 10
-21.75
 20
5.167
 30
0.0
 11
-21.75
 21
4.667
 31
0.0
  0
LINE
  5
97B
330
1F
100
AcDbEntity
  8
AM_9
100
AcDbLine
 10
-23.578
 20
5.167
 30
0.0
 11
-23.578
 21
0.058
 31
0.0
  0
LINE
  5
97C
330
1F
100
AcDbEntity
  8
AM_9
100
AcDbLine
 10
-23.578
 20
5.167
 30
0.0
 11
23.57800000000001
 21
5.167
 31
0.0
  0
LINE
  5
97D
330
1F
100
AcDbEntity
  8
AM_9
100
AcDbLine
 10
23.57800000000001
 20
5.167
 30
0.0
 11
23.57800000000001
 21
0.058
 31
0.0
  0
LINE
  5
97E
330
1F
100
AcDbEntity
  8
AM_9
100
AcDbLine
 10
-23.578
 20
0.058
 30
0.0
 11
23.57800000000001
 21
0.058
 31
0.0
  0
LINE
  5
97F
330
1F
100
AcDbEntity
  8
AM_0
100
AcDbLine
 10
-23.81244617613083
 20
52.622
 30
0.0
 11
-23.797
 21
52.622
 31
0.0
  0
LINE
  5
980
330
1F
100
AcDbEntity
  8
AM_0
100
AcDbLine
 10
-24.0405
 20
52.459
 30
0.0
 11
-24.00797308806542
 21
52.42647308806541
 31
0.0
  0
ARC
  5
981
330
1F
100
AcDbEntity
  8
AM_0
100
AcDbCircle
 10
-23.79750000000001
 20
53.72000000000001
 30
0.0
 40
0.0799999999999841
100
AcDbArc
 50
89.99999999998728
 51
180.0000000000102
  0
LINE
  5
982
330
1F
100
AcDbEntity
  8
AM_0
100
AcDbLine
 10
-23.87749999999999
 20
53.72
 30
0.0
 11
-23.87749999999999
 21
52.63608326112068
 31
0.0
  0
ARC
  5
983
330
1F
100
AcDbEntity
  8
AM_0
100
AcDbCircle
 10
-23.91149999999998
 20
52.6360832611207
 30
0.0
 40
0.0339999999999893
100
AcDbArc
 50
314.9999999999534
 51
359.9999999999641
  0
LINE
  5
984
330
1F
100
AcDbEntity
  8
AM_0
100
AcDbLine
 10
-23.88745836943967
 20
52.61204163056035
 30
0.0
 11
-24.0405
 21
52.459
 31
0.0
  0
LINE
  5
985
330
1F
100
AcDbEntity
  8
AM_0
100
AcDbLine
 10
-24.00797308806542
 20
52.42647308806541
 30
0.0
 11
-23.81244617613083
 21
52.622
 31
0.0
  0
LINE
  5
986
330
1F
100
AcDbEntity
  8
AM_0
100
AcDbLine
 10
23.797
 20
52.622
 30
0.0
 11
23.81244617613083
 21
52.622
 31
0.0
  0
ARC
  5
987
330
1F
100
AcDbEntity
  8
AM_0
100
AcDbCircle
 10
23.79750000000003
 20
53.72000000000002
 30
0.0
 40
0.0799999999999734
100
AcDbArc
 50
359.9999999999847
 51
90.0000000000178
  0
LINE
  5
988
330
1F
100
AcDbEntity
  8
AM_0
100
AcDbLine
 10
23.81244617613083
 20
52.622
 30
0.0
 11
24.00797308806543
 21
52.42647308806541
 31
0.0
  0
LINE
  5
989
330
1F
100
AcDbEntity
  8
AM_0
100
AcDbLine
 10
24.00797308806543
 20
52.42647308806541
 30
0.0
 11
24.04050000000001
 21
52.459
 31
0.0
  0
LINE
  5
98A
330
1F
100
AcDbEntity
  8
AM_0
100
AcDbLine
 10
24.04050000000001
 20
52.459
 30
0.0
 11
23.88745836943967
 21
52.61204163056034
 31
0.0
  0
ARC
  5
98B
330
1F
100
AcDbEntity
  8
AM_0
100
AcDbCircle
 10
23.91149999999998
 20
52.63608326112069
 30
0.0
 40
0.0339999999999776
100
AcDbArc
 50
180.000000000012
 51
225.0000000000423
  0
LINE
  5
98C
330
1F
100
AcDbEntity
  8
AM_0
100
AcDbLine
 10
23.8775
 20
52.63608326112068
 30
0.0
 11
23.8775
 21
53.72
 31
0.0
  0
LINE
  5
98D
330
1F
100
AcDbEntity
  8
AM_9
100
AcDbLine
 10
-23.7815
 20
52.622
 30
0.0
 11
-23.797
 21
52.622
 31
0.0
  0
LINE
  5
98E
330
1F
100
AcDbEntity
  8
AM_0
100
AcDbLine
 10
23.7815
 20
53.8
 30
0.0
 11
23.7815
 21
53.79264812454565
 31
0.0
  0
LINE
  5
98F
330
1F
100
AcDbEntity
  8
AM_0
100
AcDbLine
 10
-23.7815
 20
53.8
 30
0.0
 11
-23.7815
 21
53.79264812454565
 31
0.0
  0
CIRCLE
  5
990
330
1F
100
AcDbEntity
  8
AM_0
100
AcDbCircle
 10
3.670000000000002
 20
8.161
 30
0.0
 40
0.625
  0
CIRCLE
  5
991
330
1F
100
AcDbEntity
  8
AM_0
100
AcDbCircle
 10
3.670000000000002
 20
8.161
 30
0.0
 40
0.455
  0
LINE
  5
992
330
1F
100
AcDbEntity
  8
AM_9
100
AcDbLine
 10
-23.7815
 20
52.60344617613084
 30
0.0
 11
23.78150000000002
 21
52.60344617613084
 31
0.0
  0
LINE
  5
993
330
1F
100
AcDbEntity
  8
AM_0
100
AcDbLine
 10
23.78150000000002
 20
52.42647308806542
 30
0.0
 11
23.7815
 21
4.475
 31
0.0
  0
LINE
  5
994
330
1F
100
AcDbEntity
  8
AM_9
100
AcDbLine
 10
23.7815
 20
52.685
 30
0.0
 11
23.78150000000002
 21
52.42647308806542
 31
0.0
  0
CIRCLE
  5
995
330
1F
100
AcDbEntity
  8
AM_0
100
AcDbCircle
 10
3.670000000000002
 20
8.161
 30
0.0
 40
1.0
  0
LINE
  5
996
330
1F
100
AcDbEntity
  8
AM_0
100
AcDbLine
 10
-23.7815
 20
52.42647308806542
 30
0.0
 11
-23.7815
 21
4.474999999999996
 31
0.0
  0
LINE
  5
997
330
1F
100
AcDbEntity
  8
AM_9
100
AcDbLine
 10
-23.7815
 20
52.63800000000001
 30
0.0
 11
-23.7815
 21
52.42647308806542
 31
0.0
  0
LINE
  5
998
330
1F
100
AcDbEntity
  8
AM_0
100
AcDbLine
 10
23.7815
 20
53.79264812454565
 30
0.0
 11
-23.7815
 21
53.79264812454565
 31
0.0
  0
LINE
  5
999
330
1F
100
AcDbEntity
  8
AM_0
100
AcDbLine
 10
23.797
 20
53.8
 30
0.0
 11
-23.797
 21
53.8
 31
0.0
  0
LINE
  5
99A
330
1F
100
AcDbEntity
  8
AM_4
100
AcDbLine
 10
23.797
 20
53.72
 30
0.0
 11
-23.797
 21
53.72
 31
0.0
  0
LINE
  5
99B
330
1F
100
AcDbEntity
  8
AM_0
100
AcDbLine
 10
5.902000000000003
 20
21.159
 30
0.0
 11
2.902000000000003
 21
21.159
 31
0.0
  0
LINE
  5
99C
330
1F
100
AcDbEntity
  8
AM_0
100
AcDbLine
 10
5.902000000000003
 20
20.409
 30
0.0
 11
5.902000000000003
 21
21.159
 31
0.0
  0
LINE
  5
99D
330
1F
100
AcDbEntity
  8
AM_0
100
AcDbLine
 10
2.902000000000003
 20
21.159
 30
0.0
 11
2.902000000000002
 21
20.409
 31
0.0
  0
LINE
  5
99E
330
1F
100
AcDbEntity
  8
AM_0
100
AcDbLine
 10
2.902000000000002
 20
20.409
 30
0.0
 11
5.902000000000003
 21
20.409
 31
0.0
  0
LINE
  5
99F
330
1F
100
AcDbEntity
  8
AM_0
100
AcDbLine
 10
6.594000000000003
 20
13.25
 30
0.0
 11
6.594000000000003
 21
16.25
 31
0.0
  0
LINE
  5
9A0
330
1F
100
AcDbEntity
  8
AM_0
100
AcDbLine
 10
6.594000000000003
 20
16.25
 30
0.0
 11
1.594000000000003
 21
16.25
 31
0.0
  0
LINE
  5
9A1
330
1F
100
AcDbEntity
  8
AM_0
100
AcDbLine
 10
1.594000000000003
 20
16.25
 30
0.0
 11
1.594000000000002
 21
13.25
 31
0.0
  0
LINE
  5
9A2
330
1F
100
AcDbEntity
  8
AM_0
100
AcDbLine
 10
1.594000000000002
 20
13.25
 30
0.0
 11
6.594000000000003
 21
13.25
 31
0.0
  0
LINE
  5
9A3
330
1F
100
AcDbEntity
  8
AM_4
100
AcDbLine
 10
23.797
 20
52.63608326112068
 30
0.0
 11
-23.797
 21
52.63608326112068
 31
0.0
  0
LINE
  5
9A4
330
1F
100
AcDbEntity
  8
AM_9
100
AcDbLine
 10
-17.1
 20
5.699287187078887
 30
0.0
 11
0.900000000000004
 21
5.699287187078887
 31
0.0
  0
LINE
  5
9A5
330
1F
100
AcDbEntity
  8
AM_0
100
AcDbLine
 10
0.900000000000004
 20
18.723
 30
0.0
 11
0.9000000000000042
 21
18.79
 31
0.0
  0
LINE
  5
9A6
330
1F
100
AcDbEntity
  8
AM_0
100
AcDbLine
 10
-17.1
 20
18.73
 30
0.0
 11
-17.1
 21
18.79
 31
0.0
  0
LINE
  5
9A7
330
1F
100
AcDbEntity
  8
AM_4
100
AcDbLine
 10
0.900000000000004
 20
18.723
 30
0.0
 11
-17.093
 21
18.723
 31
0.0
  0
LINE
  5
9A8
330
1F
100
AcDbEntity
  8
AM_4
100
AcDbLine
 10
0.9030000000000007
 20
18.73
 30
0.0
 11
0.9030000000000007
 21
5.73
 31
0.0
  0
LINE
  5
9A9
330
1F
100
AcDbEntity
  8
AM_0
100
AcDbLine
 10
-17.093
 20
5.73
 30
0.0
 11
-17.16
 21
5.73
 31
0.0
  0
LINE
  5
9AA
330
1F
100
AcDbEntity
  8
AM_0
100
AcDbLine
 10
-17.1
 20
18.73
 30
0.0
 11
-17.16
 21
18.73
 31
0.0
  0
LINE
  5
9AB
330
1F
100
AcDbEntity
  8
AM_4
100
AcDbLine
 10
-17.093
 20
5.73
 30
0.0
 11
-17.093
 21
18.723
 31
0.0
  0
LINE
  5
9AC
330
1F
100
AcDbEntity
  8
AM_0
100
AcDbLine
 10
-17.093
 20
18.723
 30
0.0
 11
-17.1
 21
18.73
 31
0.0
  0
LINE
  5
9AD
330
1F
100
AcDbEntity
  8
AM_9
100
AcDbLine
 10
-17.1207128129211
 20
18.73
 30
0.0
 11
-17.1207128129211
 21
5.73
 31
0.0
  0
LINE
  5
9AE
330
1F
100
AcDbEntity
  8
AM_9
100
AcDbLine
 10
0.9307128129211029
 20
5.73
 30
0.0
 11
0.9307128129211029
 21
18.73
 31
0.0
  0
LINE
  5
9AF
330
1F
100
AcDbEntity
  8
AM_9
100
AcDbLine
 10
0.900000000000004
 20
18.7507128129211
 30
0.0
 11
-17.1
 21
18.7507128129211
 31
0.0
  0
LINE
  5
9B0
330
1F
100
AcDbEntity
  8
AM_4
100
AcDbLine
 10
0.900000000000004
 20
5.727000000000001
 30
0.0
 11
-17.1
 21
5.727000000000001
 31
0.0
  0
LINE
  5
9B1
330
1F
100
AcDbEntity
  8
AM_9
100
AcDbLine
 10
7.281000000000001
 20
5.756999999999996
 30
0.0
 11
19.281
 21
5.757
 31
0.0
  0
LINE
  5
9B2
330
1F
100
AcDbEntity
  8
AM_9
100
AcDbLine
 10
19.2715
 20
5.6995
 30
0.0
 11
7.280500000000001
 21
5.6995
 31
0.0
  0
LINE
  5
9B3
330
1F
100
AcDbEntity
  8
AM_0
100
AcDbLine
 10
19.281
 20
31.6905
 30
0.0
 11
19.281
 21
31.757
 31
0.0
  0
LINE
  5
9B4
330
1F
100
AcDbEntity
  8
AM_9
100
AcDbLine
 10
19.2715
 20
31.757
 30
0.0
 11
7.281000000000001
 21
31.757
 31
0.0
  0
LINE
  5
9B5
330
1F
100
AcDbEntity
  8
AM_0
100
AcDbLine
 10
19.281
 20
31.757
 30
0.0
 11
19.2715
 21
31.757
 31
0.0
  0
LINE
  5
9B6
330
1F
100
AcDbEntity
  8
AM_0
100
AcDbLine
 10
17.098
 20
18.75
 30
0.0
 11
13.098
 21
18.75
 31
0.0
  0
LINE
  5
9B7
330
1F
100
AcDbEntity
  8
AM_0
100
AcDbLine
 10
17.098
 20
18.0
 30
0.0
 11
17.098
 21
18.75
 31
0.0
  0
LINE
  5
9B8
330
1F
100
AcDbEntity
  8
AM_0
100
AcDbLine
 10
13.098
 20
18.75
 30
0.0
 11
13.098
 21
18.0
 31
0.0
  0
LINE
  5
9B9
330
1F
100
AcDbEntity
  8
AM_0
100
AcDbLine
 10
13.098
 20
18.0
 30
0.0
 11
17.098
 21
18.0
 31
0.0
  0
LINE
  5
9BA
330
1F
100
AcDbEntity
  8
AM_9
100
AcDbLine
 10
19.255
 20
5.756999999999996
 30
0.0
 11
19.255
 21
5.6995
 31
0.0
  0
LINE
  5
9BB
330
1F
100
AcDbEntity
  8
AM_9
100
AcDbLine
 10
19.281
 20
5.757
 30
0.0
 11
19.281
 21
31.6905
 31
0.0
  0
LINE
  5
9BC
330
1F
100
AcDbEntity
  8
AM_0
100
AcDbLine
 10
19.322
 20
5.6995
 30
0.0
 11
19.2715
 21
5.6995
 31
0.0
  0
LINE
  5
9BD
330
1F
100
AcDbEntity
  8
AM_0
100
AcDbLine
 10
19.322
 20
31.6905
 30
0.0
 11
19.2715
 21
31.6905
 31
0.0
  0
LINE
  5
9BE
330
1F
100
AcDbEntity
  8
AM_4
100
AcDbLine
 10
7.264000000000001
 20
31.6905
 30
0.0
 11
7.264000000000001
 21
5.6995
 31
0.0
  0
LINE
  5
9BF
330
1F
100
AcDbEntity
  8
AM_4
100
AcDbLine
 10
19.2715
 20
31.695
 30
0.0
 11
7.280500000000001
 21
31.695
 31
0.0
  0
LINE
  5
9C0
330
1F
100
AcDbEntity
  8
AM_4
100
AcDbLine
 10
19.2715
 20
5.698999999999998
 30
0.0
 11
7.280500000000001
 21
5.698999999999998
 31
0.0
  0
LINE
  5
9C1
330
1F
100
AcDbEntity
  8
AM_9
100
AcDbLine
 10
7.281000000000001
 20
31.70653256259467
 30
0.0
 11
19.2715
 21
31.70653256259467
 31
0.0
  0
LINE
  5
9C2
330
1F
100
AcDbEntity
  8
AM_9
100
AcDbLine
 10
7.281000000000001
 20
31.757
 30
0.0
 11
7.281000000000001
 21
5.756999999999996
 31
0.0
  0
LINE
  5
9C3
330
1F
100
AcDbEntity
  8
AM_0
100
AcDbLine
 10
-23.797
 20
53.8
 30
0.0
 11
-23.797
 21
52.42647308806542
 31
0.0
  0
LINE
  5
9C4
330
1F
100
AcDbEntity
  8
AM_0
100
AcDbLine
 10
23.797
 20
53.8
 30
0.0
 11
23.797
 21
52.42647308806542
 31
0.0
  0
LINE
  5
9C5
330
1F
100
AcDbEntity
  8
AM_0
100
AcDbLine
 10
23.797
 20
52.42647308806542
 30
0.0
 11
-23.797
 21
52.42647308806542
 31
0.0
  0
LINE
  5
9C6
330
1F
100
AcDbEntity
  8
AM_0
100
AcDbLine
 10
23.797
 20
52.459
 30
0.0
 11
-23.797
 21
52.459
 31
0.0
  0
LINE
  5
9C7
330
1F
100
AcDbEntity
  8
AM_4
100
AcDbLine
 10
23.797
 20
52.61204163056034
 30
0.0
 11
-23.797
 21
52.61204163056034
 31
0.0
  0
LINE
  5
9C8
330
1F
100
AcDbEntity
  8
AM_0
100
AcDbLine
 10
-17.16
 20
18.73
 30
0.0
 11
-17.16
 21
5.73
 31
0.0
  0
LINE
  5
9C9
330
1F
100
AcDbEntity
  8
AM_0
100
AcDbLine
 10
-17.126
 20
18.73
 30
0.0
 11
-17.126
 21
5.73
 31
0.0
  0
LINE
  5
9CA
330
1F
100
AcDbEntity
  8
AM_0
100
AcDbLine
 10
0.9000000000000042
 20
18.756
 30
0.0
 11
-17.1
 21
18.756
 31
0.0
  0
LINE
  5
9CB
330
1F
100
AcDbEntity
  8
AM_0
100
AcDbLine
 10
0.9000000000000042
 20
18.79
 30
0.0
 11
-17.1
 21
18.79
 31
0.0
  0
LINE
  5
9CC
330
1F
100
AcDbEntity
  8
AM_0
100
AcDbLine
 10
0.900000000000004
 20
18.73
 30
0.0
 11
0.9700000000000011
 21
18.73
 31
0.0
  0
LINE
  5
9CD
330
1F
100
AcDbEntity
  8
AM_0
100
AcDbLine
 10
0.9700000000000011
 20
18.73
 30
0.0
 11
0.9700000000000011
 21
5.73
 31
0.0
  0
LINE
  5
9CE
330
1F
100
AcDbEntity
  8
AM_0
100
AcDbLine
 10
0.900000000000004
 20
5.73
 30
0.0
 11
0.9700000000000011
 21
5.73
 31
0.0
  0
LINE
  5
9CF
330
1F
100
AcDbEntity
  8
AM_0
100
AcDbLine
 10
0.9360000000000012
 20
18.73
 30
0.0
 11
0.9360000000000012
 21
5.73
 31
0.0
  0
LINE
  5
9D0
330
1F
100
AcDbEntity
  8
AM_0
100
AcDbLine
 10
-17.1
 20
5.73
 30
0.0
 11
-17.1
 21
5.66
 31
0.0
  0
LINE
  5
9D1
330
1F
100
AcDbEntity
  8
AM_0
100
AcDbLine
 10
0.9000000000000042
 20
5.66
 30
0.0
 11
-17.1
 21
5.66
 31
0.0
  0
LINE
  5
9D2
330
1F
100
AcDbEntity
  8
AM_0
100
AcDbLine
 10
0.900000000000004
 20
5.73
 30
0.0
 11
0.9000000000000042
 21
5.66
 31
0.0
  0
LINE
  5
9D3
330
1F
100
AcDbEntity
  8
AM_0
100
AcDbLine
 10
0.9000000000000042
 20
5.694
 30
0.0
 11
-17.1
 21
5.694
 31
0.0
  0
CIRCLE
  5
9D4
330
1F
100
AcDbEntity
  8
AM_0
100
AcDbCircle
 10
17.04
 20
2.0
 30
0.0
 40
1.0
  0
CIRCLE
  5
9D5
330
1F
100
AcDbEntity
  8
AM_0
100
AcDbCircle
 10
20.04
 20
2.0
 30
0.0
 40
1.0
  0
CIRCLE
  5
9D6
330
1F
100
AcDbEntity
  8
AM_0
100
AcDbCircle
 10
-17.04
 20
2.0
 30
0.0
 40
1.0
  0
CIRCLE
  5
9D7
330
1F
100
AcDbEntity
  8
AM_0
100
AcDbCircle
 10
-20.03999999999999
 20
2.0
 30
0.0
 40
1.0
  0
LINE
  5
9D8
330
1F
100
AcDbEntity
  8
AM_0
100
AcDbLine
 10
-24.155
 20
0.0
 30
0.0
 11
24.155
 21
0.0
 31
0.0
  0
LINE
  5
9D9
330
1F
100
AcDbEntity
  8
AM_0
100
AcDbLine
 10
24.155
 20
4.475
 30
0.0
 11
24.155
 21
0.0
 31
0.0
  0
LINE
  5
9DA
330
1F
100
AcDbEntity
  8
AM_0
100
AcDbLine
 10
-24.155
 20
4.475
 30
0.0
 11
24.155
 21
4.475
 31
0.0
  0
LINE
  5
9DB
330
1F
100
AcDbEntity
  8
AM_0
100
AcDbLine
 10
-24.155
 20
4.475
 30
0.0
 11
-24.155
 21
0.0
 31
0.0
  0
LINE
  5
9DC
330
1F
100
AcDbEntity
  8
AM_0
100
AcDbLine
 10
19.322
 20
31.6905
 30
0.0
 11
19.322
 21
5.6995
 31
0.0
  0
LINE
  5
9DD
330
1F
100
AcDbEntity
  8
AM_0
100
AcDbLine
 10
19.288
 20
31.6905
 30
0.0
 11
19.288
 21
5.6995
 31
0.0
  0
LINE
  5
9DE
330
1F
100
AcDbEntity
  8
AM_0
100
AcDbLine
 10
7.231000000000002
 20
31.6905
 30
0.0
 11
7.231000000000002
 21
5.6995
 31
0.0
  0
LINE
  5
9DF
330
1F
100
AcDbEntity
  8
AM_0
100
AcDbLine
 10
7.197000000000002
 20
5.6995
 30
0.0
 11
7.280500000000001
 21
5.6995
 31
0.0
  0
LINE
  5
9E0
330
1F
100
AcDbEntity
  8
AM_0
100
AcDbLine
 10
7.197000000000002
 20
31.6905
 30
0.0
 11
7.197000000000002
 21
5.6995
 31
0.0
  0
LINE
  5
9E1
330
1F
100
AcDbEntity
  8
AM_0
100
AcDbLine
 10
7.197000000000002
 20
31.6905
 30
0.0
 11
7.280500000000001
 21
31.6905
 31
0.0
  0
LINE
  5
9E2
330
1F
100
AcDbEntity
  8
AM_0
100
AcDbLine
 10
19.2715
 20
5.632
 30
0.0
 11
7.280500000000001
 21
5.632
 31
0.0
  0
LINE
  5
9E3
330
1F
100
AcDbEntity
  8
AM_0
100
AcDbLine
 10
19.2715
 20
31.762
 30
0.0
 11
19.2715
 21
5.632
 31
0.0
  0
LINE
  5
9E4
330
1F
100
AcDbEntity
  8
AM_0
100
AcDbLine
 10
7.280500000000001
 20
31.762
 30
0.0
 11
7.280500000000001
 21
5.632
 31
0.0
  0
LINE
  5
9E5
330
1F
100
AcDbEntity
  8
AM_0
100
AcDbLine
 10
19.2715
 20
5.665999999999999
 30
0.0
 11
7.280500000000001
 21
5.665999999999999
 31
0.0
  0
LINE
  5
9E6
330
1F
100
AcDbEntity
  8
AM_0
100
AcDbLine
 10
19.2715
 20
31.728
 30
0.0
 11
7.280500000000001
 21
31.728
 31
0.0
  0
LINE
  5
9E7
330
1F
100
AcDbEntity
  8
AM_0
100
AcDbLine
 10
19.2715
 20
31.762
 30
0.0
 11
7.280500000000001
 21
31.762
 31
0.0
  0
LINE
  5
9EA
330
1F
100
AcDbEntity
  8
AM_7
100
AcDbLine
 10
-16.5065
 20
8.415
 30
0.0
 11
-15.9815
 21
8.415
 31
0.0
  0
LINE
  5
9EB
330
1F
100
AcDbEntity
  8
AM_7
100
AcDbLine
 10
-16.244
 20
8.1525
 30
0.0
 11
-16.244
 21
8.677499999999998
 31
0.0
  0
LINE
  5
9EC
330
1F
100
AcDbEntity
  8
AM_7
100
AcDbLine
 10
-16.832
 20
20.505
 30
0.0
 11
-15.656
 21
20.505
 31
0.0
  0
LINE
  5
9ED
330
1F
100
AcDbEntity
  8
AM_7
100
AcDbLine
 10
-16.244
 20
19.917
 30
0.0
 11
-16.244
 21
21.093
 31
0.0
  0
LINE
  5
9EE
330
1F
100
AcDbEntity
  8
AM_7
100
AcDbLine
 10
-18.20145
 20
14.505
 30
0.0
 11
-17.97255
 21
14.505
 31
0.0
  0
LINE
  5
9EF
330
1F
100
AcDbEntity
  8
AM_7
100
AcDbLine
 10
-18.087
 20
14.39055
 30
0.0
 11
-18.087
 21
14.61945
 31
0.0
  0
LINE
  5
9F0
330
1F
100
AcDbEntity
  8
AM_7
100
AcDbLine
 10
-14.26445
 20
14.505
 30
0.0
 11
-14.03555
 21
14.505
 31
0.0
  0
LINE
  5
9F1
330
1F
100
AcDbEntity
  8
AM_7
100
AcDbLine
 10
-14.15
 20
14.39055
 30
0.0
 11
-14.15
 21
14.61945
 31
0.0
  0
LINE
  5
9F2
330
1F
100
AcDbEntity
  8
AM_7
100
AcDbLine
 10
-12.9332
 20
25.22
 30
0.0
 11
-12.7988
 21
25.22
 31
0.0
  0
LINE
  5
9F3
330
1F
100
AcDbEntity
  8
AM_7
100
AcDbLine
 10
-12.866
 20
25.1528
 30
0.0
 11
-12.866
 21
25.2872
 31
0.0
  0
LINE
  5
9F4
330
1F
100
AcDbEntity
  8
AM_7
100
AcDbLine
 10
-17.4332
 20
31.22
 30
0.0
 11
-17.2988
 21
31.22
 31
0.0
  0
LINE
  5
9F5
330
1F
100
AcDbEntity
  8
AM_7
100
AcDbLine
 10
-17.366
 20
31.1528
 30
0.0
 11
-17.366
 21
31.2872
 31
0.0
  0
LINE
  5
9F6
330
1F
100
AcDbEntity
  8
AM_7
100
AcDbLine
 10
-17.4332
 20
35.97
 30
0.0
 11
-17.2988
 21
35.97
 31
0.0
  0
LINE
  5
9F7
330
1F
100
AcDbEntity
  8
AM_7
100
AcDbLine
 10
-17.366
 20
35.9028
 30
0.0
 11
-17.366
 21
36.0372
 31
0.0
  0
LINE
  5
9F8
330
1F
100
AcDbEntity
  8
AM_7
100
AcDbLine
 10
-18.48945000000001
 20
25.028
 30
0.0
 11
-18.26055
 21
25.028
 31
0.0
  0
LINE
  5
9F9
330
1F
100
AcDbEntity
  8
AM_7
100
AcDbLine
 10
-18.375
 20
24.91355
 30
0.0
 11
-18.375
 21
25.14245
 31
0.0
  0
LINE
  5
9FA
330
1F
100
AcDbEntity
  8
AM_7
100
AcDbLine
 10
-11.97145
 20
25.028
 30
0.0
 11
-11.74255
 21
25.028
 31
0.0
  0
LINE
  5
9FB
330
1F
100
AcDbEntity
  8
AM_7
100
AcDbLine
 10
-11.857
 20
24.91355
 30
0.0
 11
-11.857
 21
25.14245
 31
0.0
  0
LINE
  5
9FC
330
1F
100
AcDbEntity
  8
AM_7
100
AcDbLine
 10
-18.48945000000001
 20
31.412
 30
0.0
 11
-18.26055
 21
31.412
 31
0.0
  0
LINE
  5
9FD
330
1F
100
AcDbEntity
  8
AM_7
100
AcDbLine
 10
-18.375
 20
31.29755
 30
0.0
 11
-18.375
 21
31.52645
 31
0.0
  0
LINE
  5
9FE
330
1F
100
AcDbEntity
  8
AM_7
100
AcDbLine
 10
-18.48945000000001
 20
36.412
 30
0.0
 11
-18.26055
 21
36.412
 31
0.0
  0
LINE
  5
9FF
330
1F
100
AcDbEntity
  8
AM_7
100
AcDbLine
 10
-18.375
 20
36.29755
 30
0.0
 11
-18.375
 21
36.52645
 31
0.0
  0
LINE
  5
A00
330
1F
100
AcDbEntity
  8
AM_7
100
AcDbLine
 10
-11.97145
 20
31.412
 30
0.0
 11
-11.74255
 21
31.412
 31
0.0
  0
LINE
  5
A01
330
1F
100
AcDbEntity
  8
AM_7
100
AcDbLine
 10
-11.857
 20
31.29755
 30
0.0
 11
-11.857
 21
31.52645
 31
0.0
  0
LINE
  5
A02
330
1F
100
AcDbEntity
  8
AM_7
100
AcDbLine
 10
-11.97145
 20
36.412
 30
0.0
 11
-11.74255
 21
36.412
 31
0.0
  0
LINE
  5
A03
330
1F
100
AcDbEntity
  8
AM_7
100
AcDbLine
 10
-11.857
 20
36.29755
 30
0.0
 11
-11.857
 21
36.52645
 31
0.0
  0
LINE
  5
A04
330
1F
100
AcDbEntity
  8
AM_7
100
AcDbLine
 10
-17.4332
 20
25.22
 30
0.0
 11
-17.2988
 21
25.22
 31
0.0
  0
LINE
  5
A05
330
1F
100
AcDbEntity
  8
AM_7
100
AcDbLine
 10
-17.366
 20
25.1528
 30
0.0
 11
-17.366
 21
25.2872
 31
0.0
  0
LINE
  5
A06
330
1F
100
AcDbEntity
  8
AM_7
100
AcDbLine
 10
-12.9332
 20
31.22
 30
0.0
 11
-12.7988
 21
31.22
 31
0.0
  0
LINE
  5
A07
330
1F
100
AcDbEntity
  8
AM_7
100
AcDbLine
 10
-12.866
 20
31.1528
 30
0.0
 11
-12.866
 21
31.2872
 31
0.0
  0
LINE
  5
A08
330
1F
100
AcDbEntity
  8
AM_7
100
AcDbLine
 10
-12.9332
 20
35.97
 30
0.0
 11
-12.7988
 21
35.97
 31
0.0
  0
LINE
  5
A09
330
1F
100
AcDbEntity
  8
AM_7
100
AcDbLine
 10
-12.866
 20
35.9028
 30
0.0
 11
-12.866
 21
36.0372
 31
0.0
  0
LINE
  5
A0A
330
1F
100
AcDbEntity
  8
AM_7
100
AcDbLine
 10
2.620000000000002
 20
8.161
 30
0.0
 11
4.720000000000002
 21
8.161
 31
0.0
  0
LINE
  5
A0B
330
1F
100
AcDbEntity
  8
AM_7
100
AcDbLine
 10
3.670000000000002
 20
7.111
 30
0.0
 11
3.670000000000002
 21
9.211
 31
0.0
  0
LINE
  5
A0C
330
1F
100
AcDbEntity
  8
AM_7
100
AcDbLine
 10
15.99
 20
2.0
 30
0.0
 11
18.09
 21
2.0
 31
0.0
  0
LINE
  5
A0D
330
1F
100
AcDbEntity
  8
AM_7
100
AcDbLine
 10
17.04
 20
0.95
 30
0.0
 11
17.04
 21
3.05
 31
0.0
  0
LINE
  5
A0E
330
1F
100
AcDbEntity
  8
AM_7
100
AcDbLine
 10
18.99
 20
2.0
 30
0.0
 11
21.09
 21
2.0
 31
0.0
  0
LINE
  5
A0F
330
1F
100
AcDbEntity
  8
AM_7
100
AcDbLine
 10
20.04
 20
0.95
 30
0.0
 11
20.04
 21
3.05
 31
0.0
  0
LINE
  5
A10
330
1F
100
AcDbEntity
  8
AM_7
100
AcDbLine
 10
-18.09
 20
2.0
 30
0.0
 11
-15.99
 21
2.0
 31
0.0
  0
LINE
  5
A11
330
1F
100
AcDbEntity
  8
AM_7
100
AcDbLine
 10
-17.04
 20
0.95
 30
0.0
 11
-17.04
 21
3.05
 31
0.0
  0
LINE
  5
A12
330
1F
100
AcDbEntity
  8
AM_7
100
AcDbLine
 10
-21.08999999999999
 20
2.0
 30
0.0
 11
-18.98999999999999
 21
2.0
 31
0.0
  0
LINE
  5
A13
330
1F
100
AcDbEntity
  8
AM_7
100
AcDbLine
 10
-20.03999999999999
 20
0.95
 30
0.0
 11
-20.03999999999999
 21
3.05
 31
0.0
  0
LINE
  5
A14
330
1F
100
AcDbEntity
  8
AM_7
100
AcDbLine
 10
3.670000000000001
 20
-0.26
 30
0.0
 11
3.670000000000001
 21
5.46
 31
0.0
  0
LINE
  5
A15
330
1F
100
AcDbEntity
  8
AM_7
100
AcDbLine
 10
7.808999999999998
 20
53.55
 30
0.0
 11
7.808999999999998
 21
59.05
 31
0.0
  0
POINT
  5
A17
330
1F
100
AcDbEntity
  8
2d ConnectionPoints
100
AcDbPoint
 10
0.0
 20
0.0
 30
0.0
  0
POINT
  5
A18
330
1F
100
AcDbEntity
  8
2d ConnectionPoints
100
AcDbPoint
 10
23.781
 20
26.9
 30
0.0
  0
POINT
  5
A19
330
1F
100
AcDbEntity
  8
2d ConnectionPoints
100
AcDbPoint
 10
-23.781
 20
26.9
 30
0.0
  0
POINT
  5
A1A
330
1F
100
AcDbEntity
  8
2d ConnectionPoints
100
AcDbPoint
 10
-0.0000000000000022
 20
26.9
 30
0.0
  0
POINT
  5
A1B
330
1F
100
AcDbEntity
  8
2d ConnectionPoints
100
AcDbPoint
 10
0.0000000000000022
 20
26.9
 30
0.0
  0
POINT
  5
A1C
330
1F
100
AcDbEntity
  8
2d ConnectionPoints
100
AcDbPoint
 10
0.0
 20
53.8
 30
0.0
  0
POINT
  5
A1D
330
1F
100
AcDbEntity
  8
2d ConnectionPoints
100
AcDbPoint
 10
3.670000000000001
 20
5.2
 30
0.0
  0
POINT
  5
A1E
330
1F
100
AcDbEntity
  8
2d ConnectionPoints
100
AcDbPoint
 10
3.670000000000002
 20
8.161
 30
0.0
  0
POINT
  5
A1F
330
1F
100
AcDbEntity
  8
2d ConnectionPoints
100
AcDbPoint
 10
0.0
 20
53.8
 30
0.0
  0
POINT
  5
A20
330
1F
100
AcDbEntity
  8
2d ConnectionPoints
100
AcDbPoint
 10
13.276
 20
18.764
 30
0.0
  0
POINT
  5
A21
330
1F
100
AcDbEntity
  8
2d ConnectionPoints
100
AcDbPoint
 10
12.463
 20
5.829
 30
0.0
  0
POINT
  5
A22
330
1F
100
AcDbEntity
  8
2d ConnectionPoints
100
AcDbPoint
 10
-8.1
 20
12.292
 30
0.0
  0
POINT
  5
A23
330
1F
100
AcDbEntity
  8
2d ConnectionPoints
100
AcDbPoint
 10
-7.787999999999998
 20
5.829
 30
0.0
  0
ENDSEC
  0
SECTION
  2
OBJECTS
  0
DICTIONARY
  5
C
330
0
100
AcDbDictionary
281
     1
  3
ACAD_DETAILVIEWSTYLE
350
A2B
  3
ACAD_GROUP
350
D
  3
ACAD_LAYOUT
350
1A
  3
ACAD_MATERIAL
350
43
  3
ACAD_MLEADERSTYLE
350
5B
  3
ACAD_MLINESTYLE
350
17
  3
ACAD_PLOTSETTINGS
350
19
  3
ACAD_PLOTSTYLENAME
350
E
  3
ACAD_SCALELIST
350
47
  3
ACAD_SECTIONVIEWSTYLE
350
A2C
  3
ACAD_TABLESTYLE
350
59
  3
ACAD_VISUALSTYLE
350
2A
  3
ACDB_RECOMPOSE_DATA
350
A28
  3
AcDbVariableDictionary
350
A24
  0
SUN
  5
5D
330
29
100
AcDbSun
 90
        1
290
     0
 63
     7
421
 16777215
 40
1.0
291
     1
 91
  2455826
 92
 54000000
292
     0
 70
     2
 71
   256
280
     1
  0
DICTIONARY
  5
A2B
102
{ACAD_REACTORS
330
C
102
}
330
C
100
AcDbDictionary
281
     1
  0
DICTIONARY
  5
D
102
{ACAD_REACTORS
330
C
102
}
330
C
100
AcDbDictionary
281
     1
  0
DICTIONARY
  5
1A
102
{ACAD_REACTORS
330
C
102
}
330
C
100
AcDbDictionary
281
     1
  3
Layout1
350
1E
  3
Layout2
350
26
  3
Model
350
22
  0
DICTIONARY
  5
43
102
{ACAD_REACTORS
330
C
102
}
330
C
100
AcDbDictionary
281
     1
  3
ByBlock
350
45
  3
ByLayer
350
44
  3
Global
350
46
  0
DICTIONARY
  5
5B
102
{ACAD_REACTORS
330
C
102
}
330
C
100
AcDbDictionary
281
     1
  3
Standard
350
5C
  0
DICTIONARY
  5
17
102
{ACAD_REACTORS
330
C
102
}
330
C
100
AcDbDictionary
281
     1
  3
Standard
350
18
  0
DICTIONARY
  5
19
102
{ACAD_REACTORS
330
C
102
}
330
C
100
AcDbDictionary
281
     1
  0
ACDBDICTIONARYWDFLT
  5
E
102
{ACAD_REACTORS
330
C
102
}
330
C
100
AcDbDictionary
281
     1
  3
Normal
350
F
100
AcDbDictionaryWithDefault
340
F
  0
DICTIONARY
  5
47
102
{ACAD_REACTORS
330
C
102
}
330
C
100
AcDbDictionary
281
     1
  3
A0
350
48
  3
A1
350
49
  3
A2
350
4A
  3
A3
350
4B
  3
A4
350
4C
  3
A5
350
4D
  3
A6
350
4E
  3
A7
350
4F
  3
A8
350
50
  3
A9
350
51
  3
B1
350
52
  3
B2
350
53
  3
B3
350
54
  3
B4
350
55
  3
B5
350
56
  3
B6
350
57
  3
B7
350
58
  0
DICTIONARY
  5
A2C
102
{ACAD_REACTORS
330
C
102
}
330
C
100
AcDbDictionary
281
     1
  0
DICTIONARY
  5
59
102
{ACAD_REACTORS
330
C
102
}
330
C
100
AcDbDictionary
281
     1
  3
Standard
350
5A
  0
DICTIONARY
  5
2A
102
{ACAD_REACTORS
330
C
102
}
330
C
100
AcDbDictionary
281
     1
  3
2dWireframe
350
2F
  3
Basic
350
32
  3
Brighten
350
36
  3
ColorChange
350
3A
  3
Conceptual
350
34
  3
Dim
350
35
  3
EdgeColorOff
350
3D
  3
Facepattern
350
39
  3
Flat
350
2B
  3
FlatWithEdges
350
2C
  3
Gouraud
350
2D
  3
GouraudWithEdges
350
2E
  3
Hidden
350
31
  3
JitterOff
350
3B
  3
Linepattern
350
38
  3
OverhangOff
350
3C
  3
Realistic
350
33
  3
Shaded
350
42
  3
Shaded with edges
350
41
  3
Shades of Gray
350
3E
  3
Sketchy
350
3F
  3
Thicken
350
37
  3
Wireframe
350
30
  3
X-Ray
350
40
  0
XRECORD
  5
A28
102
{ACAD_REACTORS
330
C
102
}
330
C
100
AcDbXrecord
280
     1
 90
        1
330
5A
  0
DICTIONARY
  5
A24
102
{ACAD_REACTORS
330
C
102
}
330
C
100
AcDbDictionary
281
     1
  3
CANNOSCALE
350
A25
  3
CMLEADERSTYLE
350
A2A
  3
CTABLESTYLE
350
A29
  0
LAYOUT
  5
1E
102
{ACAD_REACTORS
330
1A
102
}
330
1A
100
AcDbPlotSettings
  1

  2
none_device
  4

  6

 40
0.0
 41
0.0
 42
0.0
 43
0.0
 44
0.0
 45
0.0
 46
0.0
 47
0.0
 48
0.0
 49
0.0
140
0.0
141
0.0
142
1.0
143
1.0
 70
   688
 72
     0
 73
     0
 74
     5
  7

 75
    16
 76
     0
 77
     2
 78
   300
147
1.0
148
0.0
149
0.0
100
AcDbLayout
  1
Layout1
 70
     1
 71
     1
 10
0.0
 20
0.0
 11
12.0
 21
9.0
 12
0.0
 22
0.0
 32
0.0
 14
1.000000000000000E+20
 24
1.000000000000000E+20
 34
1.000000000000000E+20
 15
-1.000000000000000E+20
 25
-1.000000000000000E+20
 35
-1.000000000000000E+20
146
0.0
 13
0.0
 23
0.0
 33
0.0
 16
1.0
 26
0.0
 36
0.0
 17
0.0
 27
1.0
 37
0.0
 76
     0
330
1B
  0
LAYOUT
  5
26
102
{ACAD_REACTORS
330
1A
102
}
330
1A
100
AcDbPlotSettings
  1

  2
none_device
  4

  6

 40
0.0
 41
0.0
 42
0.0
 43
0.0
 44
0.0
 45
0.0
 46
0.0
 47
0.0
 48
0.0
 49
0.0
140
0.0
141
0.0
142
1.0
143
1.0
 70
   688
 72
     0
 73
     0
 74
     5
  7

 75
    16
 76
     0
 77
     2
 78
   300
147
1.0
148
0.0
149
0.0
100
AcDbLayout
  1
Layout2
 70
     1
 71
     2
 10
0.0
 20
0.0
 11
0.0
 21
0.0
 12
0.0
 22
0.0
 32
0.0
 14
0.0
 24
0.0
 34
0.0
 15
0.0
 25
0.0
 35
0.0
146
0.0
 13
0.0
 23
0.0
 33
0.0
 16
1.0
 26
0.0
 36
0.0
 17
0.0
 27
1.0
 37
0.0
 76
     0
330
23
  0
LAYOUT
  5
22
102
{ACAD_REACTORS
330
1A
102
}
330
1A
100
AcDbPlotSettings
  1

  2
none_device
  4
Letter_(8.50_x_11.00_Inches)
  6

 40
6.35
 41
6.35
 42
6.35000508
 43
6.35000508
 44
215.9
 45
279.4
 46
0.0
 47
0.0
 48
0.0
 49
0.0
140
0.0
141
0.0
142
1.0
143
1.0
 70
  1712
 72
     0
 73
     0
 74
     0
  7

 75
     0
 76
     0
 77
     2
 78
   300
147
1.0
148
0.0
149
0.0
100
AcDbLayout
  1
Model
 70
     1
 71
     0
 10
0.0
 20
0.0
 11
12.0
 21
9.0
 12
0.0
 22
0.0
 32
0.0
 14
-24.5325
 24
-0.26
 34
0.0
 15
33.48448863899802
 25
59.55542372881356
 35
0.0
146
0.0
 13
0.0
 23
0.0
 33
0.0
 16
1.0
 26
0.0
 36
0.0
 17
0.0
 27
1.0
 37
0.0
 76
     0
330
1F
331
29
  0
MATERIAL
  5
45
102
{ACAD_REACTORS
330
43
102
}
330
43
100
AcDbMaterial
  1
ByBlock
 72
     1
 94
      127
  0
MATERIAL
  5
44
102
{ACAD_REACTORS
330
43
102
}
330
43
100
AcDbMaterial
  1
ByLayer
 72
     1
 94
      127
  0
MATERIAL
  5
46
102
{ACAD_REACTORS
330
43
102
}
330
43
100
AcDbMaterial
  1
Global
 72
     1
 94
      127
  0
MLEADERSTYLE
  5
5C
102
{ACAD_REACTORS
330
5B
102
}
330
5B
100
AcDbMLeaderStyle
179
     2
170
     2
171
     1
172
     0
 90
        2
 40
0.0
 41
0.0
173
     1
 91
-1056964608
340
14
 92
       -2
290
     1
 42
0.09
291
     1
 43
0.36
  3
Standard
341
0
 44
0.18
300

342
11
174
     1
178
     6
175
     1
176
     0
 93
-1056964608
 45
0.18
292
     0
297
     0
 46
0.18
343
0
 94
-1056964608
 47
1.0
 49
1.0
140
1.0
293
     1
141
0.0
294
     1
177
     0
142
1.0
295
     0
296
     0
143
0.125
271
     0
272
     9
273
     9
298
     0
  0
MLINESTYLE
  5
18
102
{ACAD_REACTORS
330
17
102
}
330
17
100
AcDbMlineStyle
  2
Standard
 70
     0
  3

 62
   256
 51
90.0
 52
90.0
 71
     2
 49
0.5
 62
   256
  6
BYLAYER
 49
-0.5
 62
   256
  6
BYLAYER
  0
ACDBPLACEHOLDER
  5
F
102
{ACAD_REACTORS
330
E
102
}
330
E
  0
SCALE
  5
48
102
{ACAD_REACTORS
330
47
102
}
330
47
100
AcDbScale
 70
     0
300
1:1
140
1.0
141
1.0
290
     1
  0
SCALE
  5
49
102
{ACAD_REACTORS
330
47
102
}
330
47
100
AcDbScale
 70
     0
300
1/128" = 1'-0"
140
0.0078125
141
12.0
290
     0
  0
SCALE
  5
4A
102
{ACAD_REACTORS
330
47
102
}
330
47
100
AcDbScale
 70
     0
300
1/64" = 1'-0"
140
0.015625
141
12.0
290
     0
  0
SCALE
  5
4B
102
{ACAD_REACTORS
330
47
102
}
330
47
100
AcDbScale
 70
     0
300
1/32" = 1'-0"
140
0.03125
141
12.0
290
     0
  0
SCALE
  5
4C
102
{ACAD_REACTORS
330
47
102
}
330
47
100
AcDbScale
 70
     0
300
1/16" = 1'-0"
140
0.0625
141
12.0
290
     0
  0
SCALE
  5
4D
102
{ACAD_REACTORS
330
47
102
}
330
47
100
AcDbScale
 70
     0
300
3/32" = 1'-0"
140
0.09375
141
12.0
290
     0
  0
SCALE
  5
4E
102
{ACAD_REACTORS
330
47
102
}
330
47
100
AcDbScale
 70
     0
300
1/8" = 1'-0"
140
0.125
141
12.0
290
     0
  0
SCALE
  5
4F
102
{ACAD_REACTORS
330
47
102
}
330
47
100
AcDbScale
 70
     0
300
3/16" = 1'-0"
140
0.1875
141
12.0
290
     0
  0
SCALE
  5
50
102
{ACAD_REACTORS
330
47
102
}
330
47
100
AcDbScale
 70
     0
300
1/4" = 1'-0"
140
0.25
141
12.0
290
     0
  0
SCALE
  5
51
102
{ACAD_REACTORS
330
47
102
}
330
47
100
AcDbScale
 70
     0
300
3/8" = 1'-0"
140
0.375
141
12.0
290
     0
  0
SCALE
  5
52
102
{ACAD_REACTORS
330
47
102
}
330
47
100
AcDbScale
 70
     0
300
1/2" = 1'-0"
140
0.5
141
12.0
290
     0
  0
SCALE
  5
53
102
{ACAD_REACTORS
330
47
102
}
330
47
100
AcDbScale
 70
     0
300
3/4" = 1'-0"
140
0.75
141
12.0
290
     0
  0
SCALE
  5
54
102
{ACAD_REACTORS
330
47
102
}
330
47
100
AcDbScale
 70
     0
300
1" = 1'-0"
140
1.0
141
12.0
290
     0
  0
SCALE
  5
55
102
{ACAD_REACTORS
330
47
102
}
330
47
100
AcDbScale
 70
     0
300
1-1/2" = 1'-0"
140
1.5
141
12.0
290
     0
  0
SCALE
  5
56
102
{ACAD_REACTORS
330
47
102
}
330
47
100
AcDbScale
 70
     0
300
3" = 1'-0"
140
3.0
141
12.0
290
     0
  0
SCALE
  5
57
102
{ACAD_REACTORS
330
47
102
}
330
47
100
AcDbScale
 70
     0
300
6" = 1'-0"
140
6.0
141
12.0
290
     0
  0
SCALE
  5
58
102
{ACAD_REACTORS
330
47
102
}
330
47
100
AcDbScale
 70
     0
300
1'-0" = 1'-0"
140
12.0
141
12.0
290
     0
  0
TABLESTYLE
  5
5A
102
{ACAD_REACTORS
330
59
102
}
102
{ACAD_XDICTIONARY
360
A26
102
}
330
59
100
AcDbTableStyle
  3
Standard
 70
     0
 71
     0
 40
0.06
 41
0.06
280
     0
281
     0
  7
Standard
140
0.18
170
     2
 62
     0
 63
   257
283
     0
 90
        4
 91
        0
  1

274
    -2
284
     1
 64
     0
275
    -2
285
     1
 65
     0
276
    -2
286
     1
 66
     0
277
    -2
287
     1
 67
     0
278
    -2
288
     1
 68
     0
279
    -2
289
     1
 69
     0
  7
Standard
140
0.25
170
     5
 62
     0
 63
   257
283
     0
 90
        4
 91
        0
  1

274
    -2
284
     1
 64
     0
275
    -2
285
     1
 65
     0
276
    -2
286
     1
 66
     0
277
    -2
287
     1
 67
     0
278
    -2
288
     1
 68
     0
279
    -2
289
     1
 69
     0
  7
Standard
140
0.18
170
     5
 62
     0
 63
   257
283
     0
 90
        4
 91
        0
  1

274
    -2
284
     1
 64
     0
275
    -2
285
     1
 65
     0
276
    -2
286
     1
 66
     0
277
    -2
287
     1
 67
     0
278
    -2
288
     1
 68
     0
279
    -2
289
     1
 69
     0
  0
VISUALSTYLE
  5
2F
102
{ACAD_REACTORS
330
2A
102
}
330
2A
100
AcDbVisualStyle
  2
2dWireframe
 70
     4
177
     3
291
     0
 70
    58
 90
        0
176
     1
 90
        2
176
     1
 90
        0
176
     1
 90
        0
176
     1
 40
0.6
176
     1
 40
30.0
176
     1
 62
     7
420
 16777215
176
     1
 90
        1
176
     1
 90
        4
176
     1
 62
     7
176
     1
 62
   257
176
     1
 90
        1
176
     1
 90
        1
176
     1
 40
1.0
176
     1
 90
        0
176
     1
 62
   257
176
     1
 40
1.0
176
     1
 90
        1
176
     1
 90
        6
176
     1
 90
        2
176
     1
 62
     7
176
     1
 90
        5
176
     1
 90
        0
176
     1
 90
        0
176
     1
290
     0
176
     1
 90
        1
176
     1
 40
0.0
176
     1
 90
        0
176
     1
290
     1
176
     1
290
     1
176
     1
290
     0
176
     1
290
     0
176
     1
290
     0
176
     1
290
     0
176
     1
290
     0
176
     1
290
     0
176
     1
290
     0
176
     1
 90
       50
176
     1
 40
0.0
176
     1
 40
1.0
176
     1
 90
        0
176
     1
 62
    18
420
        0
176
     1
 90
       50
176
     1
 90
        3
176
     1
 62
     5
420
      255
176
     1
290
     0
176
     1
 90
       50
176
     1
 90
       50
176
     1
 90
       50
176
     1
290
     0
176
     1
 90
       50
176
     1
 62
   256
176
     0
 40
1.0
176
     0
 90
        2
176
     1
  1
strokes_ogs.tif
176
     1
290
     0
176
     1
 40
1.0
176
     1
 40
1.0
176
     1
  0
VISUALSTYLE
  5
32
102
{ACAD_REACTORS
330
2A
102
}
330
2A
100
AcDbVisualStyle
  2
Basic
 70
     7
177
     3
291
     1
 70
    58
 90
        1
176
     1
 90
        0
176
     1
 90
        1
176
     1
 90
        0
176
     1
 40
0.6
176
     1
 40
30.0
176
     1
 62
     7
420
 16777215
176
     1
 90
        0
176
     1
 90
        4
176
     1
 62
     7
176
     1
 62
   257
176
     1
 90
        1
176
     1
 90
        1
176
     1
 40
1.0
176
     1
 90
        8
176
     1
 62
     7
176
     1
 40
1.0
176
     1
 90
        1
176
     1
 90
        6
176
     1
 90
        2
176
     1
 62
     7
176
     1
 90
        5
176
     1
 90
        0
176
     1
 90
        0
176
     1
290
     0
176
     1
 90
        1
176
     1
 40
0.0
176
     1
 90
        0
176
     1
290
     0
176
     1
290
     1
176
     1
290
     1
176
     1
290
     0
176
     1
290
     0
176
     1
290
     0
176
     1
290
     0
176
     1
290
     0
176
     1
290
     0
176
     1
 90
       50
176
     1
 40
0.0
176
     1
 40
1.0
176
     1
 90
        0
176
     1
 62
    18
420
        0
176
     1
 90
       50
176
     1
 90
        3
176
     1
 62
     5
420
      255
176
     1
290
     0
176
     1
 90
       50
176
     1
 90
       50
176
     1
 90
       50
176
     1
290
     0
176
     1
 90
       50
176
     1
 62
   256
176
     0
 40
1.0
176
     0
 90
        2
176
     1
  1
strokes_ogs.tif
176
     1
290
     0
176
     1
 40
1.0
176
     1
 40
1.0
176
     1
  0
VISUALSTYLE
  5
36
102
{ACAD_REACTORS
330
2A
102
}
330
2A
100
AcDbVisualStyle
  2
Brighten
 70
    12
177
     3
291
     1
 70
    58
 90
        2
176
     1
 90
        2
176
     1
 90
        0
176
     1
 90
        0
176
     1
 40
0.6
176
     1
 40
30.0
176
     1
 62
     7
420
 16777215
176
     1
 90
        1
176
     1
 90
        4
176
     1
 62
     7
176
     1
 62
   257
176
     1
 90
        1
176
     1
 90
        1
176
     1
 40
1.0
176
     1
 90
        8
176
     1
 62
     7
176
     1
 40
1.0
176
     1
 90
        1
176
     1
 90
        6
176
     1
 90
        2
176
     1
 62
     7
176
     1
 90
        5
176
     1
 90
        0
176
     1
 90
        0
176
     1
290
     0
176
     1
 90
        1
176
     1
 40
50.0
176
     1
 90
        0
176
     1
290
     0
176
     1
290
     1
176
     1
290
     1
176
     1
290
     0
176
     1
290
     0
176
     1
290
     0
176
     1
290
     0
176
     1
290
     0
176
     1
290
     0
176
     1
 90
       50
176
     1
 40
0.0
176
     1
 40
1.0
176
     1
 90
        0
176
     1
 62
    18
420
        0
176
     1
 90
       50
176
     1
 90
        3
176
     1
 62
     5
420
      255
176
     1
290
     0
176
     1
 90
       50
176
     1
 90
       50
176
     1
 90
       50
176
     1
290
     0
176
     1
 90
       50
176
     1
 62
   256
176
     0
 40
1.0
176
     0
 90
        2
176
     1
  1
strokes_ogs.tif
176
     1
290
     0
176
     1
 40
1.0
176
     1
 40
1.0
176
     1
  0
VISUALSTYLE
  5
3A
102
{ACAD_REACTORS
330
2A
102
}
330
2A
100
AcDbVisualStyle
  2
ColorChange
 70
    16
177
     3
291
     1
 70
    58
 90
        2
176
     1
 90
        2
176
     1
 90
        3
176
     1
 90
        0
176
     1
 40
0.6
176
     1
 40
30.0
176
     1
 62
     8
420
  8421504
176
     1
 90
        1
176
     1
 90
        4
176
     1
 62
     7
176
     1
 62
   257
176
     1
 90
        1
176
     1
 90
        1
176
     1
 40
1.0
176
     1
 90
        8
176
     1
 62
     8
420
  8421504
176
     1
 40
1.0
176
     1
 90
        1
176
     1
 90
        6
176
     1
 90
        2
176
     1
 62
     7
176
     1
 90
        5
176
     1
 90
        0
176
     1
 90
        0
176
     1
290
     0
176
     1
 90
        1
176
     1
 40
0.0
176
     1
 90
        0
176
     1
290
     0
176
     1
290
     1
176
     1
290
     1
176
     1
290
     0
176
     1
290
     0
176
     1
290
     0
176
     1
290
     0
176
     1
290
     0
176
     1
290
     0
176
     1
 90
       50
176
     1
 40
0.0
176
     1
 40
1.0
176
     1
 90
        0
176
     1
 62
    18
420
        0
176
     1
 90
       50
176
     1
 90
        3
176
     1
 62
     5
420
      255
176
     1
290
     0
176
     1
 90
       50
176
     1
 90
       50
176
     1
 90
       50
176
     1
290
     0
176
     1
 90
       50
176
     1
 62
   256
176
     0
 40
1.0
176
     0
 90
        2
176
     1
  1
strokes_ogs.tif
176
     1
290
     0
176
     1
 40
1.0
176
     1
 40
1.0
176
     1
  0
VISUALSTYLE
  5
34
102
{ACAD_REACTORS
330
2A
102
}
330
2A
100
AcDbVisualStyle
  2
Conceptual
 70
     9
177
     3
291
     0
 70
    58
 90
        3
176
     1
 90
        2
176
     1
 90
        0
176
     1
 90
        0
176
     1
 40
0.6
176
     1
 40
30.0
176
     1
 62
     7
420
 16777215
176
     1
 90
        2
176
     1
 90
        2
176
     1
 62
     7
176
     1
 62
   257
176
     1
 90
        1
176
     1
 90
        1
176
     1
 40
179.0
176
     1
 90
        8
176
     1
 62
     7
176
     1
 40
1.0
176
     1
 90
        1
176
     1
 90
        6
176
     1
 90
        2
176
     1
 62
     7
176
     1
 90
        3
176
     1
 90
        0
176
     1
 90
        0
176
     1
290
     0
176
     1
 90
        1
176
     1
 40
0.0
176
     1
 90
        0
176
     1
290
     0
176
     1
290
     1
176
     1
290
     1
176
     1
290
     0
176
     1
290
     0
176
     1
290
     0
176
     1
290
     0
176
     1
290
     0
176
     1
290
     0
176
     1
 90
       50
176
     1
 40
0.0
176
     1
 40
1.0
176
     1
 90
        0
176
     1
 62
    18
420
        0
176
     1
 90
       50
176
     1
 90
        3
176
     1
 62
     5
420
      255
176
     1
290
     0
176
     1
 90
       50
176
     1
 90
       50
176
     1
 90
       50
176
     1
290
     0
176
     1
 90
       50
176
     1
 62
   256
176
     0
 40
1.0
176
     0
 90
        2
176
     1
  1
strokes_ogs.tif
176
     1
290
     0
176
     1
 40
1.0
176
     1
 40
1.0
176
     1
  0
VISUALSTYLE
  5
35
102
{ACAD_REACTORS
330
2A
102
}
330
2A
100
AcDbVisualStyle
  2
Dim
 70
    11
177
     3
291
     1
 70
    58
 90
        2
176
     1
 90
        2
176
     1
 90
        0
176
     1
 90
        0
176
     1
 40
0.6
176
     1
 40
30.0
176
     1
 62
     7
420
 16777215
176
     1
 90
        1
176
     1
 90
        4
176
     1
 62
     7
176
     1
 62
   257
176
     1
 90
        1
176
     1
 90
        1
176
     1
 40
1.0
176
     1
 90
        8
176
     1
 62
     7
176
     1
 40
1.0
176
     1
 90
        1
176
     1
 90
        6
176
     1
 90
        2
176
     1
 62
     7
176
     1
 90
        5
176
     1
 90
        0
176
     1
 90
        0
176
     1
290
     0
176
     1
 90
        1
176
     1
 40
-50.0
176
     1
 90
        0
176
     1
290
     0
176
     1
290
     1
176
     1
290
     1
176
     1
290
     0
176
     1
290
     0
176
     1
290
     0
176
     1
290
     0
176
     1
290
     0
176
     1
290
     0
176
     1
 90
       50
176
     1
 40
0.0
176
     1
 40
1.0
176
     1
 90
        0
176
     1
 62
    18
420
        0
176
     1
 90
       50
176
     1
 90
        3
176
     1
 62
     5
420
      255
176
     1
290
     0
176
     1
 90
       50
176
     1
 90
       50
176
     1
 90
       50
176
     1
290
     0
176
     1
 90
       50
176
     1
 62
   256
176
     0
 40
1.0
176
     0
 90
        2
176
     1
  1
strokes_ogs.tif
176
     1
290
     0
176
     1
 40
1.0
176
     1
 40
1.0
176
     1
  0
VISUALSTYLE
  5
3D
102
{ACAD_REACTORS
330
2A
102
}
330
2A
100
AcDbVisualStyle
  2
EdgeColorOff
 70
    22
177
     3
291
     1
 70
    58
 90
        2
176
     0
 90
        2
176
     0
 90
        0
176
     0
 90
        0
176
     0
 40
0.6
176
     0
 40
30.0
176
     0
 62
     7
420
 16777215
176
     0
 90
        1
176
     0
 90
        4
176
     0
 62
     7
176
     0
 62
   257
176
     0
 90
        1
176
     0
 90
        1
176
     0
 40
1.0
176
     0
 90
        8
176
     2
 62
     7
176
     0
 40
1.0
176
     0
 90
        1
176
     0
 90
        6
176
     0
 90
        2
176
     0
 62
     7
176
     0
 90
        5
176
     0
 90
        0
176
     0
 90
        0
176
     0
290
     0
176
     0
 90
        1
176
     0
 40
0.0
176
     0
 90
        0
176
     0
290
     0
176
     0
290
     1
176
     0
290
     1
176
     0
290
     0
176
     0
290
     0
176
     0
290
     0
176
     0
290
     0
176
     0
290
     0
176
     0
290
     0
176
     0
 90
       50
176
     0
 40
0.0
176
     0
 40
1.0
176
     0
 90
        0
176
     0
 62
    18
420
        0
176
     0
 90
       50
176
     0
 90
        3
176
     0
 62
     5
420
      255
176
     0
290
     0
176
     0
 90
       50
176
     0
 90
       50
176
     0
 90
       50
176
     0
290
     0
176
     0
 90
       50
176
     0
 62
   256
176
     0
 40
1.0
176
     0
 90
        2
176
     0
  1
strokes_ogs.tif
176
     0
290
     0
176
     0
 40
1.0
176
     0
 40
1.0
176
     0
  0
VISUALSTYLE
  5
39
102
{ACAD_REACTORS
330
2A
102
}
330
2A
100
AcDbVisualStyle
  2
Facepattern
 70
    15
177
     3
291
     1
 70
    58
 90
        2
176
     1
 90
        2
176
     1
 90
        0
176
     1
 90
        0
176
     1
 40
0.6
176
     1
 40
30.0
176
     1
 62
     7
420
 16777215
176
     1
 90
        1
176
     1
 90
        4
176
     1
 62
     7
176
     1
 62
   257
176
     1
 90
        1
176
     1
 90
        1
176
     1
 40
1.0
176
     1
 90
        8
176
     1
 62
     7
176
     1
 40
1.0
176
     1
 90
        1
176
     1
 90
        6
176
     1
 90
        2
176
     1
 62
     7
176
     1
 90
        5
176
     1
 90
        0
176
     1
 90
        0
176
     1
290
     0
176
     1
 90
        1
176
     1
 40
0.0
176
     1
 90
        0
176
     1
290
     0
176
     1
290
     1
176
     1
290
     1
176
     1
290
     0
176
     1
290
     0
176
     1
290
     0
176
     1
290
     0
176
     1
290
     0
176
     1
290
     0
176
     1
 90
       50
176
     1
 40
0.0
176
     1
 40
1.0
176
     1
 90
        0
176
     1
 62
    18
420
        0
176
     1
 90
       50
176
     1
 90
        3
176
     1
 62
     5
420
      255
176
     1
290
     0
176
     1
 90
       50
176
     1
 90
       50
176
     1
 90
       50
176
     1
290
     0
176
     1
 90
       50
176
     1
 62
   256
176
     0
 40
1.0
176
     0
 90
        2
176
     1
  1
strokes_ogs.tif
176
     1
290
     0
176
     1
 40
1.0
176
     1
 40
1.0
176
     1
  0
VISUALSTYLE
  5
2B
102
{ACAD_REACTORS
330
2A
102
}
330
2A
100
AcDbVisualStyle
  2
Flat
 70
     0
177
     3
291
     1
 70
    58
 90
        2
176
     1
 90
        1
176
     1
 90
        1
176
     1
 90
        2
176
     1
 40
0.6
176
     1
 40
30.0
176
     1
 62
     7
420
 16777215
176
     1
 90
        0
176
     1
 90
        0
176
     1
 62
     7
176
     1
 62
   257
176
     1
 90
        1
176
     1
 90
        1
176
     1
 40
1.0
176
     1
 90
        8
176
     1
 62
     7
176
     1
 40
1.0
176
     1
 90
        1
176
     1
 90
        6
176
     1
 90
        2
176
     1
 62
     7
176
     1
 90
        5
176
     1
 90
        0
176
     1
 90
        0
176
     1
290
     0
176
     1
 90
       13
176
     1
 40
0.0
176
     1
 90
        0
176
     1
290
     0
176
     1
290
     1
176
     1
290
     1
176
     1
290
     0
176
     1
290
     0
176
     1
290
     0
176
     1
290
     0
176
     1
290
     0
176
     1
290
     0
176
     1
 90
       50
176
     1
 40
0.0
176
     1
 40
1.0
176
     1
 90
        0
176
     1
 62
    18
420
        0
176
     1
 90
       50
176
     1
 90
        3
176
     1
 62
     5
420
      255
176
     1
290
     0
176
     1
 90
       50
176
     1
 90
       50
176
     1
 90
       50
176
     1
290
     0
176
     1
 90
       50
176
     1
 62
   256
176
     0
 40
1.0
176
     0
 90
        2
176
     1
  1
strokes_ogs.tif
176
     1
290
     0
176
     1
 40
1.0
176
     1
 40
1.0
176
     1
  0
VISUALSTYLE
  5
2C
102
{ACAD_REACTORS
330
2A
102
}
330
2A
100
AcDbVisualStyle
  2
FlatWithEdges
 70
     1
177
     3
291
     1
 70
    58
 90
        2
176
     1
 90
        1
176
     1
 90
        1
176
     1
 90
        2
176
     1
 40
0.6
176
     1
 40
30.0
176
     1
 62
     7
420
 16777215
176
     1
 90
        1
176
     1
 90
        0
176
     1
 62
     7
176
     1
 62
   257
176
     1
 90
        1
176
     1
 90
        1
176
     1
 40
1.0
176
     1
 90
        0
176
     1
 62
   257
176
     1
 40
1.0
176
     1
 90
        1
176
     1
 90
        6
176
     1
 90
        2
176
     1
 62
     7
176
     1
 90
        5
176
     1
 90
        0
176
     1
 90
        0
176
     1
290
     0
176
     1
 90
       13
176
     1
 40
0.0
176
     1
 90
        0
176
     1
290
     0
176
     1
290
     1
176
     1
290
     1
176
     1
290
     0
176
     1
290
     0
176
     1
290
     0
176
     1
290
     0
176
     1
290
     0
176
     1
290
     0
176
     1
 90
       50
176
     1
 40
0.0
176
     1
 40
1.0
176
     1
 90
        0
176
     1
 62
    18
420
        0
176
     1
 90
       50
176
     1
 90
        3
176
     1
 62
     5
420
      255
176
     1
290
     0
176
     1
 90
       50
176
     1
 90
       50
176
     1
 90
       50
176
     1
290
     0
176
     1
 90
       50
176
     1
 62
   256
176
     0
 40
1.0
176
     0
 90
        2
176
     1
  1
strokes_ogs.tif
176
     1
290
     0
176
     1
 40
1.0
176
     1
 40
1.0
176
     1
  0
VISUALSTYLE
  5
2D
102
{ACAD_REACTORS
330
2A
102
}
330
2A
100
AcDbVisualStyle
  2
Gouraud
 70
     2
177
     3
291
     1
 70
    58
 90
        2
176
     1
 90
        2
176
     1
 90
        1
176
     1
 90
        2
176
     1
 40
0.6
176
     1
 40
30.0
176
     1
 62
     7
420
 16777215
176
     1
 90
        0
176
     1
 90
        0
176
     1
 62
     7
176
     1
 62
   257
176
     1
 90
        1
176
     1
 90
        1
176
     1
 40
1.0
176
     1
 90
        0
176
     1
 62
     7
176
     1
 40
1.0
176
     1
 90
        1
176
     1
 90
        6
176
     1
 90
        2
176
     1
 62
     7
176
     1
 90
        5
176
     1
 90
        0
176
     1
 90
        0
176
     1
290
     0
176
     1
 90
       13
176
     1
 40
0.0
176
     1
 90
        0
176
     1
290
     0
176
     1
290
     1
176
     1
290
     1
176
     1
290
     0
176
     1
290
     0
176
     1
290
     0
176
     1
290
     0
176
     1
290
     0
176
     1
290
     0
176
     1
 90
       50
176
     1
 40
0.0
176
     1
 40
1.0
176
     1
 90
        0
176
     1
 62
    18
420
        0
176
     1
 90
       50
176
     1
 90
        3
176
     1
 62
     5
420
      255
176
     1
290
     0
176
     1
 90
       50
176
     1
 90
       50
176
     1
 90
       50
176
     1
290
     0
176
     1
 90
       50
176
     1
 62
   256
176
     0
 40
1.0
176
     0
 90
        2
176
     1
  1
strokes_ogs.tif
176
     1
290
     0
176
     1
 40
1.0
176
     1
 40
1.0
176
     1
  0
VISUALSTYLE
  5
2E
102
{ACAD_REACTORS
330
2A
102
}
330
2A
100
AcDbVisualStyle
  2
GouraudWithEdges
 70
     3
177
     3
291
     1
 70
    58
 90
        2
176
     1
 90
        2
176
     1
 90
        1
176
     1
 90
        2
176
     1
 40
0.6
176
     1
 40
30.0
176
     1
 62
     7
420
 16777215
176
     1
 90
        1
176
     1
 90
        0
176
     1
 62
     7
176
     1
 62
   257
176
     1
 90
        1
176
     1
 90
        1
176
     1
 40
1.0
176
     1
 90
        0
176
     1
 62
   257
176
     1
 40
1.0
176
     1
 90
        1
176
     1
 90
        6
176
     1
 90
        2
176
     1
 62
     7
176
     1
 90
        5
176
     1
 90
        0
176
     1
 90
        0
176
     1
290
     0
176
     1
 90
       13
176
     1
 40
0.0
176
     1
 90
        0
176
     1
290
     0
176
     1
290
     1
176
     1
290
     1
176
     1
290
     0
176
     1
290
     0
176
     1
290
     0
176
     1
290
     0
176
     1
290
     0
176
     1
290
     0
176
     1
 90
       50
176
     1
 40
0.0
176
     1
 40
1.0
176
     1
 90
        0
176
     1
 62
    18
420
        0
176
     1
 90
       50
176
     1
 90
        3
176
     1
 62
     5
420
      255
176
     1
290
     0
176
     1
 90
       50
176
     1
 90
       50
176
     1
 90
       50
176
     1
290
     0
176
     1
 90
       50
176
     1
 62
   256
176
     0
 40
1.0
176
     0
 90
        2
176
     1
  1
strokes_ogs.tif
176
     1
290
     0
176
     1
 40
1.0
176
     1
 40
1.0
176
     1
  0
VISUALSTYLE
  5
31
102
{ACAD_REACTORS
330
2A
102
}
330
2A
100
AcDbVisualStyle
  2
Hidden
 70
     6
177
     3
291
     0
 70
    58
 90
        1
176
     1
 90
        2
176
     1
 90
        2
176
     1
 90
        0
176
     1
 40
0.6
176
     1
 40
30.0
176
     1
 62
     7
420
 16777215
176
     1
 90
        2
176
     1
 90
        2
176
     1
 62
     7
176
     1
 62
   257
176
     1
 90
        2
176
     1
 90
        1
176
     1
 40
40.0
176
     1
 90
        0
176
     1
 62
   257
176
     1
 40
1.0
176
     1
 90
        1
176
     1
 90
        6
176
     1
 90
        2
176
     1
 62
     7
176
     1
 90
        3
176
     1
 90
        0
176
     1
 90
        0
176
     1
290
     0
176
     1
 90
        1
176
     1
 40
0.0
176
     1
 90
        0
176
     1
290
     0
176
     1
290
     1
176
     1
290
     1
176
     1
290
     0
176
     1
290
     0
176
     1
290
     0
176
     1
290
     0
176
     1
290
     0
176
     1
290
     0
176
     1
 90
       50
176
     1
 40
0.0
176
     1
 40
1.0
176
     1
 90
        0
176
     1
 62
    18
420
        0
176
     1
 90
       50
176
     1
 90
        3
176
     1
 62
     5
420
      255
176
     1
290
     0
176
     1
 90
       50
176
     1
 90
       50
176
     1
 90
       50
176
     1
290
     0
176
     1
 90
       50
176
     1
 62
   256
176
     0
 40
1.0
176
     0
 90
        2
176
     1
  1
strokes_ogs.tif
176
     1
290
     0
176
     1
 40
1.0
176
     1
 40
1.0
176
     1
  0
VISUALSTYLE
  5
3B
102
{ACAD_REACTORS
330
2A
102
}
330
2A
100
AcDbVisualStyle
  2
JitterOff
 70
    20
177
     3
291
     1
 70
    58
 90
        2
176
     0
 90
        2
176
     0
 90
        0
176
     0
 90
        0
176
     0
 40
0.6
176
     0
 40
30.0
176
     0
 62
     7
420
 16777215
176
     0
 90
        1
176
     0
 90
        4
176
     0
 62
     7
176
     0
 62
   257
176
     0
 90
        1
176
     0
 90
        1
176
     0
 40
1.0
176
     0
 90
       10
176
     2
 62
     7
176
     0
 40
1.0
176
     0
 90
        1
176
     0
 90
        6
176
     0
 90
        2
176
     0
 62
     7
176
     0
 90
        5
176
     0
 90
        0
176
     0
 90
        0
176
     0
290
     0
176
     0
 90
        1
176
     0
 40
0.0
176
     0
 90
        0
176
     0
290
     0
176
     0
290
     1
176
     0
290
     1
176
     0
290
     0
176
     0
290
     0
176
     0
290
     0
176
     0
290
     0
176
     0
290
     0
176
     0
290
     0
176
     0
 90
       50
176
     0
 40
0.0
176
     0
 40
1.0
176
     0
 90
        0
176
     0
 62
    18
420
        0
176
     0
 90
       50
176
     0
 90
        3
176
     0
 62
     5
420
      255
176
     0
290
     0
176
     0
 90
       50
176
     0
 90
       50
176
     0
 90
       50
176
     0
290
     0
176
     0
 90
       50
176
     0
 62
   256
176
     0
 40
1.0
176
     0
 90
        2
176
     0
  1
strokes_ogs.tif
176
     0
290
     0
176
     0
 40
1.0
176
     0
 40
1.0
176
     0
  0
VISUALSTYLE
  5
38
102
{ACAD_REACTORS
330
2A
102
}
330
2A
100
AcDbVisualStyle
  2
Linepattern
 70
    14
177
     3
291
     1
 70
    58
 90
        2
176
     1
 90
        2
176
     1
 90
        0
176
     1
 90
        0
176
     1
 40
0.6
176
     1
 40
30.0
176
     1
 62
     7
420
 16777215
176
     1
 90
        1
176
     1
 90
        4
176
     1
 62
     7
176
     1
 62
   257
176
     1
 90
        7
176
     1
 90
        7
176
     1
 40
1.0
176
     1
 90
        8
176
     1
 62
     7
176
     1
 40
1.0
176
     1
 90
        1
176
     1
 90
        6
176
     1
 90
        2
176
     1
 62
     7
176
     1
 90
        5
176
     1
 90
        0
176
     1
 90
        0
176
     1
290
     0
176
     1
 90
        1
176
     1
 40
0.0
176
     1
 90
        0
176
     1
290
     0
176
     1
290
     1
176
     1
290
     1
176
     1
290
     0
176
     1
290
     0
176
     1
290
     0
176
     1
290
     0
176
     1
290
     0
176
     1
290
     0
176
     1
 90
       50
176
     1
 40
0.0
176
     1
 40
1.0
176
     1
 90
        0
176
     1
 62
    18
420
        0
176
     1
 90
       50
176
     1
 90
        3
176
     1
 62
     5
420
      255
176
     1
290
     0
176
     1
 90
       50
176
     1
 90
       50
176
     1
 90
       50
176
     1
290
     0
176
     1
 90
       50
176
     1
 62
   256
176
     0
 40
1.0
176
     0
 90
        2
176
     1
  1
strokes_ogs.tif
176
     1
290
     0
176
     1
 40
1.0
176
     1
 40
1.0
176
     1
  0
VISUALSTYLE
  5
3C
102
{ACAD_REACTORS
330
2A
102
}
330
2A
100
AcDbVisualStyle
  2
OverhangOff
 70
    21
177
     3
291
     1
 70
    58
 90
        2
176
     0
 90
        2
176
     0
 90
        0
176
     0
 90
        0
176
     0
 40
0.6
176
     0
 40
30.0
176
     0
 62
     7
420
 16777215
176
     0
 90
        1
176
     0
 90
        4
176
     0
 62
     7
176
     0
 62
   257
176
     0
 90
        1
176
     0
 90
        1
176
     0
 40
1.0
176
     0
 90
        9
176
     2
 62
     7
176
     0
 40
1.0
176
     0
 90
        1
176
     0
 90
        6
176
     0
 90
        2
176
     0
 62
     7
176
     0
 90
        5
176
     0
 90
        0
176
     0
 90
        0
176
     0
290
     0
176
     0
 90
        1
176
     0
 40
0.0
176
     0
 90
        0
176
     0
290
     0
176
     0
290
     1
176
     0
290
     1
176
     0
290
     0
176
     0
290
     0
176
     0
290
     0
176
     0
290
     0
176
     0
290
     0
176
     0
290
     0
176
     0
 90
       50
176
     0
 40
0.0
176
     0
 40
1.0
176
     0
 90
        0
176
     0
 62
    18
420
        0
176
     0
 90
       50
176
     0
 90
        3
176
     0
 62
     5
420
      255
176
     0
290
     0
176
     0
 90
       50
176
     0
 90
       50
176
     0
 90
       50
176
     0
290
     0
176
     0
 90
       50
176
     0
 62
   256
176
     0
 40
1.0
176
     0
 90
        2
176
     0
  1
strokes_ogs.tif
176
     0
290
     0
176
     0
 40
1.0
176
     0
 40
1.0
176
     0
  0
VISUALSTYLE
  5
33
102
{ACAD_REACTORS
330
2A
102
}
330
2A
100
AcDbVisualStyle
  2
Realistic
 70
     8
177
     3
291
     0
 70
    58
 90
        2
176
     1
 90
        3
176
     1
 90
        0
176
     1
 90
        2
176
     1
 40
0.6
176
     1
 40
30.0
176
     1
 62
     7
420
 16777215
176
     1
 90
        0
176
     1
 90
        0
176
     1
 62
     7
176
     1
 62
   257
176
     1
 90
        1
176
     1
 90
        1
176
     1
 40
1.0
176
     1
 90
        8
176
     1
 62
   257
176
     1
 40
1.0
176
     1
 90
        1
176
     1
 90
        6
176
     1
 90
        2
176
     1
 62
     7
176
     1
 90
        3
176
     1
 90
        0
176
     1
 90
        0
176
     1
290
     0
176
     1
 90
       13
176
     1
 40
0.0
176
     1
 90
        0
176
     1
290
     0
176
     1
290
     1
176
     1
290
     1
176
     1
290
     0
176
     1
290
     0
176
     1
290
     0
176
     1
290
     0
176
     1
290
     0
176
     1
290
     0
176
     1
 90
       50
176
     1
 40
0.0
176
     1
 40
1.0
176
     1
 90
        0
176
     1
 62
    18
420
        0
176
     1
 90
       50
176
     1
 90
        3
176
     1
 62
     5
420
      255
176
     1
290
     0
176
     1
 90
       50
176
     1
 90
       50
176
     1
 90
       50
176
     1
290
     0
176
     1
 90
       50
176
     1
 62
   256
176
     0
 40
1.0
176
     0
 90
        2
176
     1
  1
strokes_ogs.tif
176
     1
290
     0
176
     1
 40
1.0
176
     1
 40
1.0
176
     1
  0
VISUALSTYLE
  5
42
102
{ACAD_REACTORS
330
2A
102
}
330
2A
100
AcDbVisualStyle
  2
Shaded
 70
    27
177
     3
291
     0
 70
    58
 90
        2
176
     1
 90
        2
176
     1
 90
        1
176
     1
 90
        2
176
     1
 40
0.6
176
     1
 40
30.0
176
     1
 62
     7
420
 16777215
176
     1
 90
        0
176
     1
 90
        4
176
     1
 62
     7
176
     1
 62
   257
176
     1
 90
        1
176
     1
 90
        1
176
     1
 40
1.0
176
     1
 90
        8
176
     1
 62
   257
176
     1
 40
1.0
176
     1
 90
        1
176
     1
 90
        6
176
     1
 90
        2
176
     1
 62
     8
420
  7895160
176
     1
 90
        3
176
     1
 90
        0
176
     1
 90
        0
176
     1
290
     0
176
     1
 90
        5
176
     1
 40
0.0
176
     1
 90
        0
176
     1
290
     0
176
     1
290
     1
176
     1
290
     1
176
     1
290
     0
176
     1
290
     0
176
     1
290
     0
176
     1
290
     0
176
     1
290
     0
176
     1
290
     0
176
     1
 90
       50
176
     1
 40
0.0
176
     1
 40
1.0
176
     1
 90
        0
176
     1
 62
    18
420
        0
176
     1
 90
       50
176
     1
 90
        3
176
     1
 62
     5
420
      255
176
     1
290
     0
176
     1
 90
       50
176
     1
 90
       50
176
     1
 90
       50
176
     1
290
     0
176
     1
 90
       50
176
     1
 62
   256
176
     0
 40
1.0
176
     0
 90
        2
176
     1
  1
strokes_ogs.tif
176
     1
290
     0
176
     1
 40
1.0
176
     1
 40
1.0
176
     1
  0
VISUALSTYLE
  5
41
102
{ACAD_REACTORS
330
2A
102
}
330
2A
100
AcDbVisualStyle
  2
Shaded with edges
 70
    26
177
     3
291
     0
 70
    58
 90
        2
176
     1
 90
        2
176
     1
 90
        1
176
     1
 90
        2
176
     1
 40
0.6
176
     1
 40
30.0
176
     1
 62
     7
420
 16777215
176
     1
 90
        1
176
     1
 90
       10
176
     1
 62
     7
176
     1
 62
   257
176
     1
 90
        2
176
     1
 90
        1
176
     1
 40
1.0
176
     1
 90
        8
176
     1
 62
   257
176
     1
 40
1.0
176
     1
 90
        1
176
     1
 90
        6
176
     1
 90
        2
176
     1
 62
     7
176
     1
 90
        3
176
     1
 90
        0
176
     1
 90
        0
176
     1
290
     0
176
     1
 90
        5
176
     1
 40
0.0
176
     1
 90
        0
176
     1
290
     0
176
     1
290
     1
176
     1
290
     1
176
     1
290
     0
176
     1
290
     0
176
     1
290
     0
176
     1
290
     0
176
     1
290
     0
176
     1
290
     0
176
     1
 90
       50
176
     1
 40
0.0
176
     1
 40
1.0
176
     1
 90
        0
176
     1
 62
    18
420
        0
176
     1
 90
       50
176
     1
 90
        3
176
     1
 62
     5
420
      255
176
     1
290
     0
176
     1
 90
       50
176
     1
 90
       50
176
     1
 90
       50
176
     1
290
     0
176
     1
 90
       50
176
     1
 62
   256
176
     0
 40
1.0
176
     0
 90
        2
176
     1
  1
strokes_ogs.tif
176
     1
290
     0
176
     1
 40
1.0
176
     1
 40
1.0
176
     1
  0
VISUALSTYLE
  5
3E
102
{ACAD_REACTORS
330
2A
102
}
330
2A
100
AcDbVisualStyle
  2
Shades of Gray
 70
    23
177
     3
291
     0
 70
    58
 90
        2
176
     1
 90
        2
176
     1
 90
        3
176
     1
 90
        0
176
     1
 40
0.6
176
     1
 40
30.0
176
     1
 62
     7
420
 16777215
176
     1
 90
        2
176
     1
 90
        2
176
     1
 62
     7
176
     1
 62
     7
176
     1
 90
        1
176
     1
 90
        1
176
     1
 40
40.0
176
     1
 90
        8
176
     1
 62
     7
176
     1
 40
1.0
176
     1
 90
        1
176
     1
 90
        6
176
     1
 90
        2
176
     1
 62
     7
176
     1
 90
        3
176
     1
 90
        0
176
     1
 90
        0
176
     1
290
     0
176
     1
 90
        1
176
     1
 40
0.0
176
     1
 90
        0
176
     1
290
     0
176
     1
290
     1
176
     1
290
     1
176
     1
290
     0
176
     1
290
     0
176
     1
290
     0
176
     1
290
     0
176
     1
290
     0
176
     1
290
     0
176
     1
 90
       50
176
     1
 40
0.0
176
     1
 40
1.0
176
     1
 90
        0
176
     1
 62
    18
420
        0
176
     1
 90
       50
176
     1
 90
        3
176
     1
 62
     5
420
      255
176
     1
290
     0
176
     1
 90
       50
176
     1
 90
       50
176
     1
 90
       50
176
     1
290
     0
176
     1
 90
       50
176
     1
 62
   256
176
     0
 40
1.0
176
     0
 90
        2
176
     1
  1
strokes_ogs.tif
176
     1
290
     0
176
     1
 40
1.0
176
     1
 40
1.0
176
     1
  0
VISUALSTYLE
  5
3F
102
{ACAD_REACTORS
330
2A
102
}
330
2A
100
AcDbVisualStyle
  2
Sketchy
 70
    24
177
     3
291
     0
 70
    58
 90
        1
176
     1
 90
        2
176
     1
 90
        2
176
     1
 90
        0
176
     1
 40
0.6
176
     1
 40
30.0
176
     1
 62
     7
420
 16777215
176
     1
 90
        2
176
     1
 90
        2
176
     1
 62
     7
176
     1
 62
     7
176
     1
 90
        1
176
     1
 90
        1
176
     1
 40
40.0
176
     1
 90
       11
176
     1
 62
     7
176
     1
 40
1.0
176
     1
 90
        1
176
     1
 90
        6
176
     1
 90
        2
176
     1
 62
     7
176
     1
 90
        6
176
     1
 90
        0
176
     1
 90
        0
176
     1
290
     0
176
     1
 90
        1
176
     1
 40
0.0
176
     1
 90
        0
176
     1
290
     0
176
     1
290
     1
176
     1
290
     1
176
     1
290
     0
176
     1
290
     0
176
     1
290
     0
176
     1
290
     0
176
     1
290
     0
176
     1
290
     0
176
     1
 90
       50
176
     1
 40
0.0
176
     1
 40
1.0
176
     1
 90
        0
176
     1
 62
    18
420
        0
176
     1
 90
       50
176
     1
 90
        3
176
     1
 62
     5
420
      255
176
     1
290
     0
176
     1
 90
       50
176
     1
 90
       50
176
     1
 90
       50
176
     1
290
     0
176
     1
 90
       50
176
     1
 62
   256
176
     0
 40
1.0
176
     0
 90
        2
176
     1
  1
strokes_ogs.tif
176
     1
290
     0
176
     1
 40
1.0
176
     1
 40
1.0
176
     1
  0
VISUALSTYLE
  5
37
102
{ACAD_REACTORS
330
2A
102
}
330
2A
100
AcDbVisualStyle
  2
Thicken
 70
    13
177
     3
291
     1
 70
    58
 90
        2
176
     1
 90
        2
176
     1
 90
        0
176
     1
 90
        0
176
     1
 40
0.6
176
     1
 40
30.0
176
     1
 62
     7
420
 16777215
176
     1
 90
        1
176
     1
 90
        4
176
     1
 62
     7
176
     1
 62
   257
176
     1
 90
        1
176
     1
 90
        1
176
     1
 40
1.0
176
     1
 90
       12
176
     1
 62
     7
176
     1
 40
1.0
176
     1
 90
        1
176
     1
 90
        6
176
     1
 90
        2
176
     1
 62
     7
176
     1
 90
        5
176
     1
 90
        0
176
     1
 90
        0
176
     1
290
     0
176
     1
 90
        1
176
     1
 40
0.0
176
     1
 90
        0
176
     1
290
     0
176
     1
290
     1
176
     1
290
     1
176
     1
290
     0
176
     1
290
     0
176
     1
290
     0
176
     1
290
     0
176
     1
290
     0
176
     1
290
     0
176
     1
 90
       50
176
     1
 40
0.0
176
     1
 40
1.0
176
     1
 90
        0
176
     1
 62
    18
420
        0
176
     1
 90
       50
176
     1
 90
        3
176
     1
 62
     5
420
      255
176
     1
290
     0
176
     1
 90
       50
176
     1
 90
       50
176
     1
 90
       50
176
     1
290
     0
176
     1
 90
       50
176
     1
 62
   256
176
     0
 40
1.0
176
     0
 90
        2
176
     1
  1
strokes_ogs.tif
176
     1
290
     0
176
     1
 40
1.0
176
     1
 40
1.0
176
     1
  0
VISUALSTYLE
  5
30
102
{ACAD_REACTORS
330
2A
102
}
330
2A
100
AcDbVisualStyle
  2
Wireframe
 70
     5
177
     3
291
     0
 70
    58
 90
        0
176
     1
 90
        2
176
     1
 90
        0
176
     1
 90
        0
176
     1
 40
0.6
176
     1
 40
30.0
176
     1
 62
     7
420
 16777215
176
     1
 90
        1
176
     1
 90
        4
176
     1
 62
     7
176
     1
 62
   257
176
     1
 90
        1
176
     1
 90
        1
176
     1
 40
1.0
176
     1
 90
        0
176
     1
 62
   257
176
     1
 40
1.0
176
     1
 90
        1
176
     1
 90
        6
176
     1
 90
        2
176
     1
 62
     7
176
     1
 90
        3
176
     1
 90
        0
176
     1
 90
        0
176
     1
290
     0
176
     1
 90
        1
176
     1
 40
0.0
176
     1
 90
        0
176
     1
290
     0
176
     1
290
     1
176
     1
290
     1
176
     1
290
     0
176
     1
290
     0
176
     1
290
     0
176
     1
290
     0
176
     1
290
     0
176
     1
290
     0
176
     1
 90
       50
176
     1
 40
0.0
176
     1
 40
1.0
176
     1
 90
        0
176
     1
 62
    18
420
        0
176
     1
 90
       50
176
     1
 90
        3
176
     1
 62
     5
420
      255
176
     1
290
     0
176
     1
 90
       50
176
     1
 90
       50
176
     1
 90
       50
176
     1
290
     0
176
     1
 90
       50
176
     1
 62
   256
176
     0
 40
1.0
176
     0
 90
        2
176
     1
  1
strokes_ogs.tif
176
     1
290
     0
176
     1
 40
1.0
176
     1
 40
1.0
176
     1
  0
VISUALSTYLE
  5
40
102
{ACAD_REACTORS
330
2A
102
}
330
2A
100
AcDbVisualStyle
  2
X-Ray
 70
    25
177
     3
291
     0
 70
    58
 90
        2
176
     1
 90
        2
176
     1
 90
        1
176
     1
 90
        1
176
     1
 40
0.5
176
     1
 40
30.0
176
     1
 62
     7
420
 16777215
176
     1
 90
        1
176
     1
 90
        0
176
     1
 62
     7
176
     1
 62
   257
176
     1
 90
        1
176
     1
 90
        1
176
     1
 40
1.0
176
     1
 90
        8
176
     1
 62
     7
176
     1
 40
1.0
176
     1
 90
        1
176
     1
 90
        6
176
     1
 90
        2
176
     1
 62
     7
176
     1
 90
        3
176
     1
 90
        0
176
     1
 90
        0
176
     1
290
     0
176
     1
 90
       13
176
     1
 40
0.0
176
     1
 90
        0
176
     1
290
     0
176
     1
290
     1
176
     1
290
     1
176
     1
290
     0
176
     1
290
     0
176
     1
290
     0
176
     1
290
     0
176
     1
290
     0
176
     1
290
     0
176
     1
 90
       50
176
     1
 40
0.0
176
     1
 40
1.0
176
     1
 90
        0
176
     1
 62
    18
420
        0
176
     1
 90
       50
176
     1
 90
        3
176
     1
 62
     5
420
      255
176
     1
290
     0
176
     1
 90
       50
176
     1
 90
       50
176
     1
 90
       50
176
     1
290
     0
176
     1
 90
       50
176
     1
 62
   256
176
     0
 40
1.0
176
     0
 90
        2
176
     1
  1
strokes_ogs.tif
176
     1
290
     0
176
     1
 40
1.0
176
     1
 40
1.0
176
     1
  0
DICTIONARYVAR
  5
A25
102
{ACAD_REACTORS
330
A24
102
}
330
A24
100
DictionaryVariables
280
     0
  1
1:1
  0
DICTIONARYVAR
  5
A2A
102
{ACAD_REACTORS
330
A24
102
}
330
A24
100
DictionaryVariables
280
     0
  1
Standard
  0
DICTIONARYVAR
  5
A29
102
{ACAD_REACTORS
330
A24
102
}
330
A24
100
DictionaryVariables
280
     0
  1
Standard
  0
DICTIONARY
  5
A26
330
5A
100
AcDbDictionary
280
     1
281
     1
  3
ACAD_ROUNDTRIP_2008_TABLESTYLE_CELLSTYLEMAP
360
A27
  0
CELLSTYLEMAP
  5
A27
102
{ACAD_REACTORS
330
A26
102
}
330
A26
100
AcDbCellStyleMap
 90
        3
300
CELLSTYLE
  1
TABLEFORMAT_BEGIN
 90
        5
170
     1
 91
        0
 92
    32768
 62
   257
 93
        1
300
CONTENTFORMAT
  1
CONTENTFORMAT_BEGIN
 90
        0
 91
        0
 92
        4
 93
        0
300

 40
0.0
140
1.0
 94
        5
 62
     0
340
11
144
0.25
309
CONTENTFORMAT_END
171
     1
301
MARGIN
  1
CELLMARGIN_BEGIN
 40
0.06
 40
0.06
 40
0.06
 40
0.06
 40
0.06
 40
0.06
309
CELLMARGIN_END
 94
        6
 95
        1
302
GRIDFORMAT
  1
GRIDFORMAT_BEGIN
 90
        0
 91
        1
 62
     0
 92
       -2
340
14
 93
        0
 40
0.045
309
GRIDFORMAT_END
 95
        2
302
GRIDFORMAT
  1
GRIDFORMAT_BEGIN
 90
        0
 91
        1
 62
     0
 92
       -2
340
14
 93
        0
 40
0.045
309
GRIDFORMAT_END
 95
        4
302
GRIDFORMAT
  1
GRIDFORMAT_BEGIN
 90
        0
 91
        1
 62
     0
 92
       -2
340
14
 93
        0
 40
0.045
309
GRIDFORMAT_END
 95
        8
302
GRIDFORMAT
  1
GRIDFORMAT_BEGIN
 90
        0
 91
        1
 62
     0
 92
       -2
340
14
 93
        0
 40
0.045
309
GRIDFORMAT_END
 95
       16
302
GRIDFORMAT
  1
GRIDFORMAT_BEGIN
 90
        0
 91
        1
 62
     0
 92
       -2
340
14
 93
        0
 40
0.045
309
GRIDFORMAT_END
 95
       32
302
GRIDFORMAT
  1
GRIDFORMAT_BEGIN
 90
        0
 91
        1
 62
     0
 92
       -2
340
14
 93
        0
 40
0.045
309
GRIDFORMAT_END
309
TABLEFORMAT_END
  1
CELLSTYLE_BEGIN
 90
        1
 91
        1
300
_TITLE
309
CELLSTYLE_END
300
CELLSTYLE
  1
TABLEFORMAT_BEGIN
 90
        5
170
     1
 91
        0
 92
        0
 62
   257
 93
        1
300
CONTENTFORMAT
  1
CONTENTFORMAT_BEGIN
 90
        0
 91
        0
 92
        4
 93
        0
300

 40
0.0
140
1.0
 94
        5
 62
     0
340
11
144
0.18
309
CONTENTFORMAT_END
171
     1
301
MARGIN
  1
CELLMARGIN_BEGIN
 40
0.06
 40
0.06
 40
0.06
 40
0.06
 40
0.06
 40
0.06
309
CELLMARGIN_END
 94
        6
 95
        1
302
GRIDFORMAT
  1
GRIDFORMAT_BEGIN
 90
        0
 91
        1
 62
     0
 92
       -2
340
14
 93
        0
 40
0.045
309
GRIDFORMAT_END
 95
        2
302
GRIDFORMAT
  1
GRIDFORMAT_BEGIN
 90
        0
 91
        1
 62
     0
 92
       -2
340
14
 93
        0
 40
0.045
309
GRIDFORMAT_END
 95
        4
302
GRIDFORMAT
  1
GRIDFORMAT_BEGIN
 90
        0
 91
        1
 62
     0
 92
       -2
340
14
 93
        0
 40
0.045
309
GRIDFORMAT_END
 95
        8
302
GRIDFORMAT
  1
GRIDFORMAT_BEGIN
 90
        0
 91
        1
 62
     0
 92
       -2
340
14
 93
        0
 40
0.045
309
GRIDFORMAT_END
 95
       16
302
GRIDFORMAT
  1
GRIDFORMAT_BEGIN
 90
        0
 91
        1
 62
     0
 92
       -2
340
14
 93
        0
 40
0.045
309
GRIDFORMAT_END
 95
       32
302
GRIDFORMAT
  1
GRIDFORMAT_BEGIN
 90
        0
 91
        1
 62
     0
 92
       -2
340
14
 93
        0
 40
0.045
309
GRIDFORMAT_END
309
TABLEFORMAT_END
  1
CELLSTYLE_BEGIN
 90
        2
 91
        1
300
_HEADER
309
CELLSTYLE_END
300
CELLSTYLE
  1
TABLEFORMAT_BEGIN
 90
        5
170
     1
 91
        0
 92
        0
 62
   257
 93
        1
300
CONTENTFORMAT
  1
CONTENTFORMAT_BEGIN
 90
        0
 91
        0
 92
        4
 93
        0
300

 40
0.0
140
1.0
 94
        2
 62
     0
340
11
144
0.18
309
CONTENTFORMAT_END
171
     1
301
MARGIN
  1
CELLMARGIN_BEGIN
 40
0.06
 40
0.06
 40
0.06
 40
0.06
 40
0.06
 40
0.06
309
CELLMARGIN_END
 94
        6
 95
        1
302
GRIDFORMAT
  1
GRIDFORMAT_BEGIN
 90
        0
 91
        1
 62
     0
 92
       -2
340
14
 93
        0
 40
0.045
309
GRIDFORMAT_END
 95
        2
302
GRIDFORMAT
  1
GRIDFORMAT_BEGIN
 90
        0
 91
        1
 62
     0
 92
       -2
340
14
 93
        0
 40
0.045
309
GRIDFORMAT_END
 95
        4
302
GRIDFORMAT
  1
GRIDFORMAT_BEGIN
 90
        0
 91
        1
 62
     0
 92
       -2
340
14
 93
        0
 40
0.045
309
GRIDFORMAT_END
 95
        8
302
GRIDFORMAT
  1
GRIDFORMAT_BEGIN
 90
        0
 91
        1
 62
     0
 92
       -2
340
14
 93
        0
 40
0.045
309
GRIDFORMAT_END
 95
       16
302
GRIDFORMAT
  1
GRIDFORMAT_BEGIN
 90
        0
 91
        1
 62
     0
 92
       -2
340
14
 93
        0
 40
0.045
309
GRIDFORMAT_END
 95
       32
302
GRIDFORMAT
  1
GRIDFORMAT_BEGIN
 90
        0
 91
        1
 62
     0
 92
       -2
340
14
 93
        0
 40
0.045
309
GRIDFORMAT_END
309
TABLEFORMAT_END
  1
CELLSTYLE_BEGIN
 90
        3
 91
        2
300
_DATA
309
CELLSTYLE_END
  0
ENDSEC
  0
EOF
