  0
SECTION
  2
HEADER
  9
$ACADVER
  1
AC1027
  9
$ACADMAINTVER
 70
   105
  9
$DWGCODEPAGE
  3
ANSI_1252
  9
$COMMENTS
  1
File was created by Cadenas
  9
$LASTSAVEDBY
  1
psService
  9
$CUSTOMPROPERTYTAG
  1
NB
  9
$CUSTOMPROPERTY
  1
DHG_Gas_Electric-Daikin-DHG1023DM00001S-300
  9
$CUSTOMPROPERTYTAG
  1
NN
  9
$CUSTOMPROPERTY
  1
(R32) DHG Series 7.5 - 12.5 Tons Gas Electric
  9
$CUSTOMPROPERTYTAG
  1
NT
  9
$CUSTOMPROPERTY
  1

  9
$CUSTOMPROPERTYTAG
  1
NBSYN
  9
$CUSTOMPROPERTY
  1
DHG_Gas_Electric-Daikin-$PN.-$LOG.
  9
$CUSTOMPROPERTYTAG
  1
LINA
  9
$CUSTOMPROPERTY
  1
DHG_Gas_Electric-Daikin-DHG1023DM00001S-208 VAC -230 VAC
  9
$CUSTOMPROPERTYTAG
  1
CATALOG
  9
$CUSTOMPROPERTY
  1
Daikin
  9
$CUSTOMPROPERTYTAG
  1
PN
  9
$CUSTOMPROPERTY
  1
DHG1023DM00001S
  9
$CUSTOMPROPERTYTAG
  1
LOG
  9
$CUSTOMPROPERTY
  1
300
  9
$CUSTOMPROPERTYTAG
  1
DESC
  9
$CUSTOMPROPERTY
  1
DHG 7½ Ton Light Commercial Packaged Gas Electric R32
  9
$CUSTOMPROPERTYTAG
  1
OD
  9
$CUSTOMPROPERTY
  1
60.3750
  9
$CUSTOMPROPERTYTAG
  1
OH
  9
$CUSTOMPROPERTY
  1
54.600
  9
$CUSTOMPROPERTYTAG
  1
OW
  9
$CUSTOMPROPERTY
  1
93.750
  9
$CUSTOMPROPERTYTAG
  1
URL
  9
$CUSTOMPROPERTY
  1
https://daikincomfort.com
  9
$CUSTOMPROPERTYTAG
  1
RFAFAMILY
  9
$CUSTOMPROPERTY
  1
Download Revit Family (RFA)
  9
$CUSTOMPROPERTYTAG
  1
COMPANY
  9
$CUSTOMPROPERTY
  1
daikin
  9
$REQUIREDVERSIONS
160
                 0
  9
$INSBASE
 10
0.0
 20
0.0
 30
0.0
  9
$EXTMIN
 10
-51.5878
 20
-6.599999999999999
 30
0.0
  9
$EXTMAX
 10
60.84305423728814
 20
60.83107372881356
 30
0.0
  9
$LIMMIN
 10
0.0
 20
0.0
  9
$LIMMAX
 10
12.0
 20
9.0
  9
$ORTHOMODE
 70
     0
  9
$REGENMODE
 70
     1
  9
$FILLMODE
 70
     1
  9
$QTEXTMODE
 70
     0
  9
$MIRRTEXT
 70
     1
  9
$LTSCALE
 40
1.0
  9
$ATTMODE
 70
     1
  9
$TEXTSIZE
 40
0.2
  9
$TRACEWID
 40
0.05
  9
$TEXTSTYLE
  7
Standard
  9
$CLAYER
  8
0
  9
$CELTYPE
  6
ByLayer
  9
$CECOLOR
 62
   256
  9
$CELTSCALE
 40
1.0
  9
$DISPSILH
 70
     0
  9
$DIMSCALE
 40
1.0
  9
$DIMASZ
 40
0.18
  9
$DIMEXO
 40
0.0625
  9
$DIMDLI
 40
0.38
  9
$DIMRND
 40
0.0
  9
$DIMDLE
 40
0.0
  9
$DIMEXE
 40
0.18
  9
$DIMTP
 40
0.0
  9
$DIMTM
 40
0.0
  9
$DIMTXT
 40
0.18
  9
$DIMCEN
 40
0.09
  9
$DIMTSZ
 40
0.0
  9
$DIMTOL
 70
     0
  9
$DIMLIM
 70
     0
  9
$DIMTIH
 70
     1
  9
$DIMTOH
 70
     1
  9
$DIMSE1
 70
     0
  9
$DIMSE2
 70
     0
  9
$DIMTAD
 70
     0
  9
$DIMZIN
 70
     0
  9
$DIMBLK
  1

  9
$DIMASO
 70
     1
  9
$DIMSHO
 70
     1
  9
$DIMPOST
  1

  9
$DIMAPOST
  1

  9
$DIMALT
 70
     0
  9
$DIMALTD
 70
     2
  9
$DIMALTF
 40
25.4
  9
$DIMLFAC
 40
1.0
  9
$DIMTOFL
 70
     0
  9
$DIMTVP
 40
0.0
  9
$DIMTIX
 70
     0
  9
$DIMSOXD
 70
     0
  9
$DIMSAH
 70
     0
  9
$DIMBLK1
  1

  9
$DIMBLK2
  1

  9
$DIMSTYLE
  2
Standard
  9
$DIMCLRD
 70
     0
  9
$DIMCLRE
 70
     0
  9
$DIMCLRT
 70
     0
  9
$DIMTFAC
 40
1.0
  9
$DIMGAP
 40
0.09
  9
$DIMJUST
 70
     0
  9
$DIMSD1
 70
     0
  9
$DIMSD2
 70
     0
  9
$DIMTOLJ
 70
     1
  9
$DIMTZIN
 70
     0
  9
$DIMALTZ
 70
     0
  9
$DIMALTTZ
 70
     0
  9
$DIMUPT
 70
     0
  9
$DIMDEC
 70
     4
  9
$DIMTDEC
 70
     4
  9
$DIMALTU
 70
     2
  9
$DIMALTTD
 70
     2
  9
$DIMTXSTY
  7
Standard
  9
$DIMAUNIT
 70
     0
  9
$DIMADEC
 70
     0
  9
$DIMALTRND
 40
0.0
  9
$DIMAZIN
 70
     0
  9
$DIMDSEP
 70
    46
  9
$DIMATFIT
 70
     3
  9
$DIMFRAC
 70
     0
  9
$DIMLDRBLK
  1

  9
$DIMLUNIT
 70
     2
  9
$DIMLWD
 70
    -2
  9
$DIMLWE
 70
    -2
  9
$DIMTMOVE
 70
     0
  9
$DIMFXL
 40
1.0
  9
$DIMFXLON
 70
     0
  9
$DIMJOGANG
 40
0.7853981633974483
  9
$DIMTFILL
 70
     0
  9
$DIMTFILLCLR
 70
     0
  9
$DIMARCSYM
 70
     0
  9
$DIMLTYPE
  6

  9
$DIMLTEX1
  6

  9
$DIMLTEX2
  6

  9
$DIMTXTDIRECTION
 70
     0
  9
$LUNITS
 70
     2
  9
$LUPREC
 70
     4
  9
$SKETCHINC
 40
0.1
  9
$FILLETRAD
 40
0.0
  9
$AUNITS
 70
     0
  9
$AUPREC
 70
     0
  9
$MENU
  1
.
  9
$ELEVATION
 40
0.0
  9
$PELEVATION
 40
0.0
  9
$THICKNESS
 40
0.0
  9
$LIMCHECK
 70
     0
  9
$CHAMFERA
 40
0.0
  9
$CHAMFERB
 40
0.0
  9
$CHAMFERC
 40
0.0
  9
$CHAMFERD
 40
0.0
  9
$SKPOLY
 70
     0
  9
$TDCREATE
 40
2461206.689274039
  9
$TDUCREATE
 40
2461206.605940706
  9
$TDUPDATE
 40
2461206.689274757
  9
$TDUUPDATE
 40
2461206.605941424
  9
$TDINDWG
 40
0.0000000116
  9
$TDUSRTIMER
 40
0.0000000116
  9
$USRTIMER
 70
     1
  9
$ANGBASE
 50
0.0
  9
$ANGDIR
 70
     0
  9
$PDMODE
 70
     0
  9
$PDSIZE
 40
0.0
  9
$PLINEWID
 40
0.0
  9
$SPLFRAME
 70
     0
  9
$SPLINETYPE
 70
     6
  9
$SPLINESEGS
 70
     8
  9
$HANDSEED
  5
8B0
  9
$SURFTAB1
 70
     6
  9
$SURFTAB2
 70
     6
  9
$SURFTYPE
 70
     6
  9
$SURFU
 70
     6
  9
$SURFV
 70
     6
  9
$UCSBASE
  2

  9
$UCSNAME
  2

  9
$UCSORG
 10
0.0
 20
0.0
 30
0.0
  9
$UCSXDIR
 10
1.0
 20
0.0
 30
0.0
  9
$UCSYDIR
 10
0.0
 20
1.0
 30
0.0
  9
$UCSORTHOREF
  2

  9
$UCSORTHOVIEW
 70
     0
  9
$UCSORGTOP
 10
0.0
 20
0.0
 30
0.0
  9
$UCSORGBOTTOM
 10
0.0
 20
0.0
 30
0.0
  9
$UCSORGLEFT
 10
0.0
 20
0.0
 30
0.0
  9
$UCSORGRIGHT
 10
0.0
 20
0.0
 30
0.0
  9
$UCSORGFRONT
 10
0.0
 20
0.0
 30
0.0
  9
$UCSORGBACK
 10
0.0
 20
0.0
 30
0.0
  9
$PUCSBASE
  2

  9
$PUCSNAME
  2

  9
$PUCSORG
 10
0.0
 20
0.0
 30
0.0
  9
$PUCSXDIR
 10
1.0
 20
0.0
 30
0.0
  9
$PUCSYDIR
 10
0.0
 20
1.0
 30
0.0
  9
$PUCSORTHOREF
  2

  9
$PUCSORTHOVIEW
 70
     0
  9
$PUCSORGTOP
 10
0.0
 20
0.0
 30
0.0
  9
$PUCSORGBOTTOM
 10
0.0
 20
0.0
 30
0.0
  9
$PUCSORGLEFT
 10
0.0
 20
0.0
 30
0.0
  9
$PUCSORGRIGHT
 10
0.0
 20
0.0
 30
0.0
  9
$PUCSORGFRONT
 10
0.0
 20
0.0
 30
0.0
  9
$PUCSORGBACK
 10
0.0
 20
0.0
 30
0.0
  9
$USERI1
 70
     0
  9
$USERI2
 70
     0
  9
$USERI3
 70
     0
  9
$USERI4
 70
     0
  9
$USERI5
 70
     0
  9
$USERR1
 40
0.0
  9
$USERR2
 40
0.0
  9
$USERR3
 40
0.0
  9
$USERR4
 40
0.0
  9
$USERR5
 40
0.0
  9
$WORLDVIEW
 70
     1
  9
$SHADEDGE
 70
     3
  9
$SHADEDIF
 70
    70
  9
$TILEMODE
 70
     1
  9
$MAXACTVP
 70
    64
  9
$PINSBASE
 10
0.0
 20
0.0
 30
0.0
  9
$PLIMCHECK
 70
     0
  9
$PEXTMIN
 10
1.000000000000000E+20
 20
1.000000000000000E+20
 30
1.000000000000000E+20
  9
$PEXTMAX
 10
-1.000000000000000E+20
 20
-1.000000000000000E+20
 30
-1.000000000000000E+20
  9
$PLIMMIN
 10
0.0
 20
0.0
  9
$PLIMMAX
 10
12.0
 20
9.0
  9
$UNITMODE
 70
     0
  9
$VISRETAIN
 70
     1
  9
$PLINEGEN
 70
     0
  9
$PSLTSCALE
 70
     1
  9
$TREEDEPTH
 70
  3020
  9
$CMLSTYLE
  2
Standard
  9
$CMLJUST
 70
     0
  9
$CMLSCALE
 40
1.0
  9
$PROXYGRAPHICS
 70
     1
  9
$MEASUREMENT
 70
     0
  9
$CELWEIGHT
370
    -1
  9
$ENDCAPS
280
     0
  9
$JOINSTYLE
280
     0
  9
$LWDISPLAY
290
     0
  9
$INSUNITS
 70
     1
  9
$HYPERLINKBASE
  1

  9
$STYLESHEET
  1

  9
$XEDIT
290
     1
  9
$CEPSNTYPE
380
     0
  9
$PSTYLEMODE
290
     1
  9
$FINGERPRINTGUID
  2
{f729bac6-57f4-4464-b935-8298a3439869}
  9
$VERSIONGUID
  2
{FAEB1C32-E019-11D5-929B-00C0DF256EC4}
  9
$EXTNAMES
290
     1
  9
$PSVPSCALE
 40
0.0
  9
$OLESTARTUP
290
     0
  9
$SORTENTS
280
   127
  9
$INDEXCTL
280
     0
  9
$HIDETEXT
280
     1
  9
$XCLIPFRAME
280
     2
  9
$HALOGAP
280
     0
  9
$OBSCOLOR
 70
   257
  9
$OBSLTYPE
280
     0
  9
$INTERSECTIONDISPLAY
280
     0
  9
$INTERSECTIONCOLOR
 70
   257
  9
$DIMASSOC
280
     2
  9
$PROJECTNAME
  1

  9
$CAMERADISPLAY
290
     0
  9
$LENSLENGTH
 40
50.0
  9
$CAMERAHEIGHT
 40
0.0
  9
$STEPSPERSEC
 40
2.0
  9
$STEPSIZE
 40
6.0
  9
$3DDWFPREC
 40
2.0
  9
$PSOLWIDTH
 40
0.25
  9
$PSOLHEIGHT
 40
4.0
  9
$LOFTANG1
 40
1.570796326794897
  9
$LOFTANG2
 40
1.570796326794897
  9
$LOFTMAG1
 40
0.0
  9
$LOFTMAG2
 40
0.0
  9
$LOFTPARAM
 70
     7
  9
$LOFTNORMALS
280
     1
  9
$LATITUDE
 40
37.795
  9
$LONGITUDE
 40
-122.394
  9
$NORTHDIRECTION
 40
0.0
  9
$TIMEZONE
 70
 -8000
  9
$LIGHTGLYPHDISPLAY
280
     1
  9
$TILEMODELIGHTSYNCH
280
     1
  9
$CMATERIAL
347
44
  9
$SOLIDHIST
280
     0
  9
$SHOWHIST
280
     1
  9
$DWFFRAME
280
     2
  9
$DGNFRAME
280
     2
  9
$REALWORLDSCALE
290
     1
  9
$INTERFERECOLOR
 62
   256
  9
$CSHADOW
280
     0
  9
$SHADOWPLANELOCATION
 40
0.0
  0
ENDSEC
  0
SECTION
  2
CLASSES
  0
CLASS
  1
ACDBDICTIONARYWDFLT
  2
AcDbDictionaryWithDefault
  3
ObjectDBX Classes
 90
        0
 91
        3
280
     0
281
     0
  0
CLASS
  1
VISUALSTYLE
  2
AcDbVisualStyle
  3
ObjectDBX Classes
 90
     4095
 91
        3
280
     0
281
     0
  0
CLASS
  1
MATERIAL
  2
AcDbMaterial
  3
ObjectDBX Classes
 90
     1153
 91
        3
280
     0
281
     0
  0
CLASS
  1
SCALE
  2
AcDbScale
  3
ObjectDBX Classes
 90
     1153
 91
        3
280
     0
281
     0
  0
CLASS
  1
TABLESTYLE
  2
AcDbTableStyle
  3
ObjectDBX Classes
 90
     4095
 91
        3
280
     0
281
     0
  0
CLASS
  1
MLEADERSTYLE
  2
AcDbMLeaderStyle
  3
ACDB_MLEADERSTYLE_CLASS
 90
     4095
 91
        3
280
     0
281
     0
  0
CLASS
  1
SUN
  2
AcDbSun
  3
SCENEOE
 90
     1153
 91
        3
280
     0
281
     0
  0
CLASS
  1
DICTIONARYVAR
  2
AcDbDictionaryVar
  3
ObjectDBX Classes
 90
        0
 91
        3
280
     0
281
     0
  0
CLASS
  1
CELLSTYLEMAP
  2
AcDbCellStyleMap
  3
ObjectDBX Classes
 90
     1152
 91
        3
280
     0
281
     0
  0
ENDSEC
  0
SECTION
  2
TABLES
  0
TABLE
  2
VPORT
  5
8
330
0
100
AcDbSymbolTable
 70
     1
  0
VPORT
  5
29
330
8
100
AcDbSymbolTableRecord
100
AcDbViewportTableRecord
  2
*Active
 70
     0
 10
0.0
 20
0.0
 11
1.0
 21
1.0
 12
4.666779661016943
 22
27.16451991525424
 13
0.0
 23
0.0
 14
0.5
 24
0.5
 15
0.5
 25
0.5
 16
0.0
 26
0.0
 36
1.0
 17
0.0
 27
0.0
 37
0.0
 40
68.87962062711865
 41
1.666085577470393
 42
50.0
 43
0.0
 44
0.0
 50
0.0
 51
0.0
 71
     0
 72
   100
 73
     1
 74
     3
 75
     0
 76
     0
 77
     0
 78
     0
281
     0
 65
     1
110
0.0
120
0.0
130
0.0
111
1.0
121
0.0
131
0.0
112
0.0
122
1.0
132
0.0
 79
     0
146
0.0
348
2F
 60
     3
 61
     5
292
     1
282
     1
141
0.0
142
0.0
 63
   250
361
5D
  0
ENDTAB
  0
TABLE
  2
LTYPE
  5
5
330
0
100
AcDbSymbolTable
 70
     3
  0
LTYPE
  5
14
330
5
100
AcDbSymbolTableRecord
100
AcDbLinetypeTableRecord
  2
ByBlock
 70
     0
  3

 72
    65
 73
     0
 40
0.0
  0
LTYPE
  5
15
330
5
100
AcDbSymbolTableRecord
100
AcDbLinetypeTableRecord
  2
ByLayer
 70
     0
  3

 72
    65
 73
     0
 40
0.0
  0
LTYPE
  5
16
330
5
100
AcDbSymbolTableRecord
100
AcDbLinetypeTableRecord
  2
Continuous
 70
     0
  3
Solid line
 72
    65
 73
     0
 40
0.0
  0
LTYPE
  5
74
330
5
100
AcDbSymbolTableRecord
100
AcDbLinetypeTableRecord
  2
Dashed
 70
     0
  3

 72
    65
 73
     2
 40
2.0
 49
1.0
 74
     0
 49
-1.0
 74
     0
  0
LTYPE
  5
87A
330
5
100
AcDbSymbolTableRecord
100
AcDbLinetypeTableRecord
  2
Center
 70
     0
  3

 72
    65
 73
     4
 40
1.5
 49
0.45
 74
     0
 49
-0.5
 74
     0
 49
0.05
 74
     0
 49
-0.5
 74
     0
  0
ENDTAB
  0
TABLE
  2
LAYER
  5
2
330
0
100
AcDbSymbolTable
 70
     9
  0
LAYER
  5
10
330
2
100
AcDbSymbolTableRecord
100
AcDbLayerTableRecord
  2
0
 70
     0
 62
     7
  6
Continuous
370
    -3
390
F
347
46
348
0
  0
LAYER
  5
5E
330
2
100
AcDbSymbolTableRecord
100
AcDbLayerTableRecord
  2
AM_6
 70
     0
 62
    -2
  6
Continuous
370
    35
390
F
347
46
348
0
  0
LAYER
  5
75
330
2
100
AcDbSymbolTableRecord
100
AcDbLayerTableRecord
  2
AM_9
 70
     0
 62
     6
  6
Dashed
370
    25
390
F
347
46
348
0
  0
LAYER
  5
10C
330
2
100
AcDbSymbolTableRecord
100
AcDbLayerTableRecord
  2
AM_4
 70
     0
 62
     3
  6
Continuous
370
    25
390
F
347
46
348
0
  0
LAYER
  5
128
330
2
100
AcDbSymbolTableRecord
100
AcDbLayerTableRecord
  2
AM_0
 70
     0
 62
     7
  6
Continuous
370
    50
390
F
347
46
348
0
  0
LAYER
  5
87B
330
2
100
AcDbSymbolTableRecord
100
AcDbLayerTableRecord
  2
AM_7
 70
     0
 62
     7
  6
Center
370
    25
390
F
347
46
348
0
  0
LAYER
  5
889
330
2
100
AcDbSymbolTableRecord
100
AcDbLayerTableRecord
  2
AM_5
 70
     0
 62
     3
  6
Continuous
370
    25
390
F
347
46
348
0
  0
LAYER
  5
88B
330
2
100
AcDbSymbolTableRecord
100
AcDbLayerTableRecord
  2
Defpoints
 70
     0
 62
     7
  6
Continuous
290
     0
370
    -3
390
F
347
46
348
0
  0
LAYER
  5
899
330
2
100
AcDbSymbolTableRecord
100
AcDbLayerTableRecord
  2
2d ConnectionPoints
 70
     0
 62
     7
  6
Continuous
370
    50
390
F
347
46
348
0
  0
ENDTAB
  0
TABLE
  2
STYLE
  5
3
330
0
100
AcDbSymbolTable
 70
     1
  0
STYLE
  5
11
330
3
100
AcDbSymbolTableRecord
100
AcDbTextStyleTableRecord
  2
Standard
 70
     0
 40
0.0
 41
1.0
 50
0.0
 71
     0
 42
0.2
  3
txt
  4

  0
ENDTAB
  0
TABLE
  2
VIEW
  5
6
330
0
100
AcDbSymbolTable
 70
     0
  0
ENDTAB
  0
TABLE
  2
UCS
  5
7
330
0
100
AcDbSymbolTable
 70
     0
  0
ENDTAB
  0
TABLE
  2
APPID
  5
9
330
0
100
AcDbSymbolTable
 70
     1
  0
APPID
  5
12
330
9
100
AcDbSymbolTableRecord
100
AcDbRegAppTableRecord
  2
ACAD
 70
     0
  0
ENDTAB
  0
TABLE
  2
DIMSTYLE
  5
A
330
0
100
AcDbSymbolTable
 70
     1
100
AcDbDimStyleTable
  0
DIMSTYLE
105
27
102
{ACAD_REACTORS
330
88A
102
}
330
A
100
AcDbSymbolTableRecord
100
AcDbDimStyleTableRecord
  2
Standard
 70
     0
178
     0
340
11
  0
ENDTAB
  0
TABLE
  2
BLOCK_RECORD
  5
1
330
0
100
AcDbSymbolTable
 70
     2
  0
BLOCK_RECORD
  5
1F
330
1
100
AcDbSymbolTableRecord
100
AcDbBlockTableRecord
  2
*Model_Space
340
22
 70
     0
280
     1
281
     0
  0
BLOCK_RECORD
  5
1B
330
1
100
AcDbSymbolTableRecord
100
AcDbBlockTableRecord
  2
*Paper_Space
340
1E
 70
     0
280
     1
281
     0
  0
BLOCK_RECORD
  5
23
330
1
100
AcDbSymbolTableRecord
100
AcDbBlockTableRecord
  2
*Paper_Space0
340
26
 70
     0
280
     1
281
     0
  0
BLOCK_RECORD
  5
88C
330
1
100
AcDbSymbolTableRecord
100
AcDbBlockTableRecord
  2
*D1
340
0
 70
     0
280
     1
281
     0
  0
ENDTAB
  0
ENDSEC
  0
SECTION
  2
BLOCKS
  0
BLOCK
  5
20
330
1F
100
AcDbEntity
  8
0
100
AcDbBlockBegin
  2
*Model_Space
 70
     2
 10
0.0
 20
0.0
 30
0.0
  3
*Model_Space
  1

  0
ENDBLK
  5
21
330
1F
100
AcDbEntity
  8
0
100
AcDbBlockEnd
  0
BLOCK
  5
1C
330
1B
100
AcDbEntity
 67
     1
  8
0
100
AcDbBlockBegin
  2
*Paper_Space
 70
     0
 10
0.0
 20
0.0
 30
0.0
  3
*Paper_Space
  1

  0
ENDBLK
  5
1D
330
1B
100
AcDbEntity
 67
     1
  8
0
100
AcDbBlockEnd
  0
BLOCK
  5
24
330
23
100
AcDbEntity
  8
0
100
AcDbBlockBegin
  2
*Paper_Space0
 70
     0
 10
0.0
 20
0.0
 30
0.0
  3
*Paper_Space0
  1

  0
ENDBLK
  5
25
330
23
100
AcDbEntity
  8
0
100
AcDbBlockEnd
  0
BLOCK
  5
88D
330
88C
100
AcDbEntity
  8
0
100
AcDbBlockBegin
  2
*D1
 70
     1
 10
0.0
 20
0.0
 30
0.0
  3
*D1
  1

  0
LINE
  5
88F
330
88C
100
AcDbEntity
  8
AM_5
 62
     0
370
    -2
100
AcDbLine
 10
0.0
 20
0.0
 30
0.0
 11
57.89799880981445
 21
-0.0000000000000009
 31
0.0
  0
LINE
  5
890
330
88C
100
AcDbEntity
  8
AM_5
 62
     0
370
    -2
100
AcDbLine
 10
0.0
 20
54.6
 30
0.0
 11
57.89799880981445
 21
54.6
 31
0.0
  0
LINE
  5
891
330
88C
100
AcDbEntity
  8
AM_5
 62
     0
370
    -2
100
AcDbLine
 10
57.89799880981445
 20
1.999999999999999
 30
0.0
 11
57.89799880981445
 21
21.34406779661017
 31
0.0
  0
LINE
  5
892
330
88C
100
AcDbEntity
  8
AM_5
 62
     0
370
    -2
100
AcDbLine
 10
57.89799880981445
 20
52.6
 30
0.0
 11
57.89799880981445
 21
33.25593220338983
 31
0.0
  0
SOLID
  5
893
330
88C
100
AcDbEntity
  8
AM_5
 62
     0
100
AcDbTrace
 10
57.56466547648112
 20
1.999999999999999
 30
0.0
 11
58.23133214314779
 21
1.999999999999999
 31
0.0
 12
57.89799880981445
 22
-0.0000000000000009
 32
0.0
 13
57.89799880981445
 23
-0.0000000000000009
 33
0.0
  0
SOLID
  5
894
330
88C
100
AcDbEntity
  8
AM_5
 62
     0
100
AcDbTrace
 10
58.23133214314779
 20
52.6
 30
0.0
 11
57.56466547648112
 21
52.6
 31
0.0
 12
57.89799880981445
 22
54.6
 32
0.0
 13
57.89799880981445
 23
54.6
 33
0.0
  0
MTEXT
  5
895
330
88C
100
AcDbEntity
  8
AM_5
 62
     0
100
AcDbMText
 10
57.89799880981445
 20
27.3
 30
0.0
 40
2.0
 41
0.0
 46
0.0
 71
     5
 72
     1
  1
\A1;54.6 in
 11
6.123233995736766E-17
 21
1.0
 31
0.0
 73
     1
 44
1.0
  0
POINT
  5
896
330
88C
100
AcDbEntity
  8
Defpoints
 62
     0
100
AcDbPoint
 10
0.0
 20
0.0
 30
0.0
  0
POINT
  5
897
330
88C
100
AcDbEntity
  8
Defpoints
 62
     0
100
AcDbPoint
 10
0.0
 20
54.6
 30
0.0
  0
POINT
  5
898
330
88C
100
AcDbEntity
  8
Defpoints
 62
     0
100
AcDbPoint
 10
57.89799880981445
 20
54.6
 30
0.0
  0
ENDBLK
  5
88E
330
88C
100
AcDbEntity
  8
0
100
AcDbBlockEnd
  0
ENDSEC
  0
SECTION
  2
ENTITIES
  0
ATTDEF
  5
5F
330
1F
100
AcDbEntity
  8
AM_6
100
AcDbText
 10
56.5878
 20
60.32565
 30
0.0
 40
0.5
  1
DHG_Gas_Electric-Daikin-DHG1023DM00001S-300
100
AcDbAttributeDefinition
  3

  2
NB
 70
     8
280
     0
  0
ATTDEF
  5
60
330
1F
100
AcDbEntity
  8
AM_6
100
AcDbText
 10
56.5878
 20
59.82565
 30
0.0
 40
0.5
  1
(R32) DHG Series 7.5 - 12.5 Tons Gas Electric
100
AcDbAttributeDefinition
  3

  2
NN
 70
     8
280
     0
  0
ATTDEF
  5
61
330
1F
100
AcDbEntity
  8
AM_6
100
AcDbText
 10
56.5878
 20
59.32565
 30
0.0
 40
0.5
  1

100
AcDbAttributeDefinition
  3

  2
NT
 70
     8
280
     0
  0
ATTDEF
  5
62
330
1F
100
AcDbEntity
  8
AM_6
100
AcDbText
 10
56.5878
 20
58.82565
 30
0.0
 40
0.5
  1
DHG_Gas_Electric-Daikin-$PN.-$LOG.
100
AcDbAttributeDefinition
  3

  2
NBSYN
 70
     8
280
     0
  0
ATTDEF
  5
63
330
1F
100
AcDbEntity
  8
AM_6
100
AcDbText
 10
56.5878
 20
58.32565
 30
0.0
 40
0.5
  1
DHG_Gas_Electric-Daikin-DHG1023DM00001S-208 VAC -230 VAC
100
AcDbAttributeDefinition
  3

  2
LINA
 70
     8
280
     0
  0
ATTDEF
  5
64
330
1F
100
AcDbEntity
  8
AM_6
100
AcDbText
 10
56.5878
 20
57.82565
 30
0.0
 40
0.5
  1
Daikin
100
AcDbAttributeDefinition
  3

  2
CATALOG
 70
     8
280
     0
  0
ATTDEF
  5
65
330
1F
100
AcDbEntity
  8
AM_6
100
AcDbText
 10
56.5878
 20
57.32565
 30
0.0
 40
0.5
  1
DHG1023DM00001S
100
AcDbAttributeDefinition
  3

  2
PN
 70
     8
280
     0
  0
ATTDEF
  5
66
330
1F
100
AcDbEntity
  8
AM_6
100
AcDbText
 10
56.5878
 20
56.82565
 30
0.0
 40
0.5
  1
300
100
AcDbAttributeDefinition
  3

  2
LOG
 70
     8
280
     0
  0
ATTDEF
  5
67
330
1F
100
AcDbEntity
  8
AM_6
100
AcDbText
 10
56.5878
 20
56.32565
 30
0.0
 40
0.5
  1
DHG 7½ Ton Light Commercial Packaged Gas Electric R32
100
AcDbAttributeDefinition
  3

  2
DESC
 70
     8
280
     0
  0
ATTDEF
  5
68
330
1F
100
AcDbEntity
  8
AM_6
100
AcDbText
 10
56.5878
 20
55.82565
 30
0.0
 40
0.5
  1
60.3750
100
AcDbAttributeDefinition
  3

  2
OD
 70
     8
280
     0
  0
ATTDEF
  5
69
330
1F
100
AcDbEntity
  8
AM_6
100
AcDbText
 10
56.5878
 20
55.32565
 30
0.0
 40
0.5
  1
54.600
100
AcDbAttributeDefinition
  3

  2
OH
 70
     8
280
     0
  0
ATTDEF
  5
6A
330
1F
100
AcDbEntity
  8
AM_6
100
AcDbText
 10
56.5878
 20
54.82565
 30
0.0
 40
0.5
  1
93.750
100
AcDbAttributeDefinition
  3

  2
OW
 70
     8
280
     0
  0
ATTDEF
  5
6B
330
1F
100
AcDbEntity
  8
AM_6
100
AcDbText
 10
56.5878
 20
54.32565
 30
0.0
 40
0.5
  1
https://daikincomfort.com
100
AcDbAttributeDefinition
  3

  2
URL
 70
     8
280
     0
  0
ATTDEF
  5
6C
330
1F
100
AcDbEntity
  8
AM_6
100
AcDbText
 10
56.5878
 20
53.82565
 30
0.0
 40
0.5
  1
Download Revit Family (RFA)
100
AcDbAttributeDefinition
  3

  2
RFAFAMILY
 70
     8
280
     0
  0
ATTDEF
  5
6D
330
1F
100
AcDbEntity
  8
AM_6
100
AcDbText
 10
56.5878
 20
53.32565
 30
0.0
 40
0.5
  1
daikin
100
AcDbAttributeDefinition
  3

  2
COMPANY
 70
     8
280
     0
  0
ATTDEF
  5
6E
330
1F
100
AcDbEntity
  8
AM_6
100
AcDbText
 10
56.5878
 20
52.82565
 30
0.0
 40
0.5
  1
{$CADENAS_DATA/23d-libs/daikin/light20commercial20rooftop20package20units/gas-electric/dhg/dhg_gas_electric_090_120.prj},285 {VTYP=3D},{NB=DHG_Gas_Electric-Daikin-DHG1023DM00001S-300},{LINA=DHG_Gas_Electric-Daikin-DHG1023DM00001S-208 VAC -230 VAC},{
100
AcDbAttributeDefinition
  3

  2
PSOL_0
 70
     9
280
     0
  0
ATTDEF
  5
6F
330
1F
100
AcDbEntity
  8
AM_6
100
AcDbText
 10
56.5878
 20
52.32565
 30
0.0
 40
0.5
  1
2) DHG Series 7.5 - 12.5 Tons Gas Electric},{DATE=03.06.2026 19:23:09},{GEOMDATE=22.10.2025 11:30:00},{VERSION=},{LINEID=830},{WBVAR=LOG},{WBNUMERIC=LOG}  {NB=DHG_Gas_Electric-Daikin-DHG1023DM00001S-300},{LINA=DHG_Gas_Electric-Daikin-DHG1023DM00001S
100
AcDbAttributeDefinition
  3

  2
PSOL_1
 70
     9
280
     0
  0
ATTDEF
  5
70
330
1F
100
AcDbEntity
  8
AM_6
100
AcDbText
 10
56.5878
 20
51.82565
 30
0.0
 40
0.5
  1
AC -230 VAC},{KT=DUMMY},{PN=DHG1023DM00001S},{LOG=300},{ST=dsg120},{DESC=DHG 7½ Ton Light Commercial Packaged Gas Electric R32},{W=93.8},{D=60.36},{H=54.6},{W12=29.763},{D12=29.826},{H12=27.300},{PNH=DHG102},{F=60 Hz},{P=3},{V=230.0},{VC=208 VAC -23
100
AcDbAttributeDefinition
  3

  2
PSOL_2
 70
     9
280
     0
  0
ATTDEF
  5
71
330
1F
100
AcDbEntity
  8
AM_6
100
AcDbText
 10
56.5878
 20
51.32565
 30
0.0
 40
0.5
  1
,{MCA=43.700},{MOP=50},{UW=0.1268 kip},{UWV=1268.00},{OD=60.3750},{OH=54.600},{OW=93.750},{CT=Scroll},{RU=R-32},{RC=142/146 oz.},{SPL=80.2 dB},{EER=12.500},{IEER=17.500},{EER2=N/A},{SEER2=N/A},{NCC=102000},{NHCH=145.8},{NHCL=109.35},{M=Daikin},{MODE
100
AcDbAttributeDefinition
  3

  2
PSOL_3
 70
     9
280
     0
  0
ATTDEF
  5
72
330
1F
100
AcDbEntity
  8
AM_6
100
AcDbText
 10
56.5878
 20
50.82565
 30
0.0
 40
0.5
  1
02},{URL=https://daikincomfort.com},{CAL=10051.000},{NOP=3},{NPT=20},{RFAFAMILY=Download Revit Family (RFA)},{RFAFAMILYPATH=../../../light20commercial20rooftop20package20units/gas-electric/dhg/rooftop_unit_daikin_dhg_series-7.5_12.5_ton.rfa},{RACH=3
100
AcDbAttributeDefinition
  3

  2
PSOL_4
 70
     9
280
     0
  0
ATTDEF
  5
73
330
1F
100
AcDbEntity
  8
AM_6
100
AcDbText
 10
56.5878
 20
50.32565
 30
0.0
 40
0.5
  1
,{RACW=14.000},{SACH=29.500},{SACW=15.000}
100
AcDbAttributeDefinition
  3

  2
PSOL_5
 70
     9
280
     0
  0
LINE
  5
76
330
1F
100
AcDbEntity
  8
AM_9
100
AcDbLine
 10
44.087
 20
29.72284147809383
 30
0.0
 11
-10.079
 21
29.72284147809383
 31
0.0
  0
LINE
  5
77
330
1F
100
AcDbEntity
  8
AM_9
100
AcDbLine
 10
44.087
 20
29.83833675708874
 30
0.0
 11
-10.079
 21
29.83833675708874
 31
0.0
  0
LINE
  5
78
330
1F
100
AcDbEntity
  8
AM_9
100
AcDbLine
 10
44.087
 20
29.69
 30
0.0
 11
-10.079
 21
29.69
 31
0.0
  0
LINE
  5
79
330
1F
100
AcDbEntity
  8
AM_9
100
AcDbLine
 10
44.087
 20
29.85615325598125
 30
0.0
 11
-10.079
 21
29.85615325598125
 31
0.0
  0
LINE
  5
7A
330
1F
100
AcDbEntity
  8
AM_9
100
AcDbLine
 10
44.087
 20
29.69
 30
0.0
 11
44.087
 21
29.85615325598125
 31
0.0
  0
LINE
  5
7B
330
1F
100
AcDbEntity
  8
AM_9
100
AcDbLine
 10
-10.079
 20
29.69
 30
0.0
 11
-10.079
 21
29.85615325598125
 31
0.0
  0
LINE
  5
7C
330
1F
100
AcDbEntity
  8
AM_9
100
AcDbLine
 10
44.087
 20
29.81040200627685
 30
0.0
 11
-10.079
 21
29.81040200627685
 31
0.0
  0
LINE
  5
7D
330
1F
100
AcDbEntity
  8
AM_9
100
AcDbLine
 10
44.087
 20
29.80549527899491
 30
0.0
 11
-10.079
 21
29.80549527899491
 31
0.0
  0
LINE
  5
7E
330
1F
100
AcDbEntity
  8
AM_9
100
AcDbLine
 10
27.57400000000001
 20
4.562000000000001
 30
0.0
 11
29.95699999999999
 21
4.562000000000002
 31
0.0
  0
LINE
  5
7F
330
1F
100
AcDbEntity
  8
AM_9
100
AcDbLine
 10
-10.182
 20
53.308
 30
0.0
 11
-10.182
 21
4.561999999999993
 31
0.0
  0
LINE
  5
80
330
1F
100
AcDbEntity
  8
AM_9
100
AcDbLine
 10
-10.251
 20
53.308
 30
0.0
 11
-10.182
 21
53.308
 31
0.0
  0
LINE
  5
81
330
1F
100
AcDbEntity
  8
AM_9
100
AcDbLine
 10
-10.24200000000001
 20
4.492
 30
0.0
 11
-10.242
 21
53.308
 31
0.0
  0
LINE
  5
82
330
1F
100
AcDbEntity
  8
AM_9
100
AcDbLine
 10
-42.31909222320641
 20
6.462000000000106
 30
0.0
 11
-42.31909222320641
 21
6.411000000000103
 31
0.0
  0
LINE
  5
83
330
1F
100
AcDbEntity
  8
AM_9
100
AcDbLine
 10
-42.31909222320641
 20
6.832000000000109
 30
0.0
 11
-42.31909222320641
 21
6.781000000000104
 31
0.0
  0
LINE
  5
84
330
1F
100
AcDbEntity
  8
AM_9
100
AcDbLine
 10
-42.31909222320641
 20
7.202000000000099
 30
0.0
 11
-42.31909222320641
 21
7.151000000000096
 31
0.0
  0
LINE
  5
85
330
1F
100
AcDbEntity
  8
AM_9
100
AcDbLine
 10
-42.31909222320641
 20
7.572000000000101
 30
0.0
 11
-42.31909222320641
 21
7.521000000000098
 31
0.0
  0
LINE
  5
86
330
1F
100
AcDbEntity
  8
AM_9
100
AcDbLine
 10
-42.31909222320641
 20
7.942000000000098
 30
0.0
 11
-42.31909222320641
 21
7.8910000000001
 31
0.0
  0
LINE
  5
87
330
1F
100
AcDbEntity
  8
AM_9
100
AcDbLine
 10
-42.31909222320641
 20
8.3120000000001
 30
0.0
 11
-42.31909222320641
 21
8.261000000000097
 31
0.0
  0
LINE
  5
88
330
1F
100
AcDbEntity
  8
AM_9
100
AcDbLine
 10
-42.31909222320641
 20
8.682000000000102
 30
0.0
 11
-42.31909222320641
 21
8.631000000000098
 31
0.0
  0
LINE
  5
89
330
1F
100
AcDbEntity
  8
AM_9
100
AcDbLine
 10
-42.31909222320641
 20
9.052000000000104
 30
0.0
 11
-42.31909222320641
 21
9.0010000000001
 31
0.0
  0
LINE
  5
8A
330
1F
100
AcDbEntity
  8
AM_9
100
AcDbLine
 10
-42.31909222320641
 20
9.422000000000102
 30
0.0
 11
-42.31909222320641
 21
9.371000000000103
 31
0.0
  0
LINE
  5
8B
330
1F
100
AcDbEntity
  8
AM_9
100
AcDbLine
 10
-42.31909222320641
 20
9.792000000000092
 30
0.0
 11
-42.31909222320641
 21
9.741000000000094
 31
0.0
  0
LINE
  5
8C
330
1F
100
AcDbEntity
  8
AM_9
100
AcDbLine
 10
-42.31909222320641
 20
10.16200000000009
 30
0.0
 11
-42.31909222320641
 21
10.11100000000009
 31
0.0
  0
LINE
  5
8D
330
1F
100
AcDbEntity
  8
AM_9
100
AcDbLine
 10
-42.31909222320641
 20
10.5320000000001
 30
0.0
 11
-42.31909222320641
 21
10.48100000000009
 31
0.0
  0
LINE
  5
8E
330
1F
100
AcDbEntity
  8
AM_9
100
AcDbLine
 10
-42.31909222320641
 20
10.9020000000001
 30
0.0
 11
-42.31909222320641
 21
10.8510000000001
 31
0.0
  0
LINE
  5
8F
330
1F
100
AcDbEntity
  8
AM_9
100
AcDbLine
 10
-42.31909222320641
 20
11.2720000000001
 30
0.0
 11
-42.31909222320641
 21
11.2210000000001
 31
0.0
  0
LINE
  5
90
330
1F
100
AcDbEntity
  8
AM_9
100
AcDbLine
 10
-42.31909222320641
 20
11.6420000000001
 30
0.0
 11
-42.31909222320641
 21
11.59100000000009
 31
0.0
  0
LINE
  5
91
330
1F
100
AcDbEntity
  8
AM_9
100
AcDbLine
 10
-42.31909222320641
 20
12.0120000000001
 30
0.0
 11
-42.31909222320641
 21
11.9610000000001
 31
0.0
  0
LINE
  5
92
330
1F
100
AcDbEntity
  8
AM_9
100
AcDbLine
 10
-42.31909222320641
 20
12.38200000000009
 30
0.0
 11
-42.31909222320641
 21
12.33100000000009
 31
0.0
  0
LINE
  5
93
330
1F
100
AcDbEntity
  8
AM_9
100
AcDbLine
 10
-42.31909222320641
 20
12.75200000000009
 30
0.0
 11
-42.31909222320641
 21
12.70100000000009
 31
0.0
  0
LINE
  5
94
330
1F
100
AcDbEntity
  8
AM_9
100
AcDbLine
 10
-42.31909222320641
 20
13.12200000000009
 30
0.0
 11
-42.31909222320641
 21
13.07100000000009
 31
0.0
  0
LINE
  5
95
330
1F
100
AcDbEntity
  8
AM_9
100
AcDbLine
 10
-42.31909222320641
 20
13.49200000000009
 30
0.0
 11
-42.31909222320641
 21
13.44100000000009
 31
0.0
  0
LINE
  5
96
330
1F
100
AcDbEntity
  8
AM_9
100
AcDbLine
 10
-42.31909222320641
 20
13.86200000000009
 30
0.0
 11
-42.31909222320641
 21
13.81100000000009
 31
0.0
  0
LINE
  5
97
330
1F
100
AcDbEntity
  8
AM_9
100
AcDbLine
 10
-42.31909222320641
 20
14.23200000000009
 30
0.0
 11
-42.31909222320641
 21
14.18100000000008
 31
0.0
  0
LINE
  5
98
330
1F
100
AcDbEntity
  8
AM_9
100
AcDbLine
 10
-42.31909222320641
 20
14.60200000000009
 30
0.0
 11
-42.31909222320641
 21
14.55100000000008
 31
0.0
  0
LINE
  5
99
330
1F
100
AcDbEntity
  8
AM_9
100
AcDbLine
 10
-42.31909222320641
 20
14.97200000000009
 30
0.0
 11
-42.31909222320641
 21
14.92100000000008
 31
0.0
  0
LINE
  5
9A
330
1F
100
AcDbEntity
  8
AM_9
100
AcDbLine
 10
-42.31909222320641
 20
15.34200000000009
 30
0.0
 11
-42.31909222320641
 21
15.29100000000009
 31
0.0
  0
LINE
  5
9B
330
1F
100
AcDbEntity
  8
AM_9
100
AcDbLine
 10
-42.31909222320641
 20
15.71200000000009
 30
0.0
 11
-42.31909222320641
 21
15.66100000000008
 31
0.0
  0
LINE
  5
9C
330
1F
100
AcDbEntity
  8
AM_9
100
AcDbLine
 10
-42.31909222320641
 20
16.08200000000009
 30
0.0
 11
-42.31909222320641
 21
16.03100000000009
 31
0.0
  0
LINE
  5
9D
330
1F
100
AcDbEntity
  8
AM_9
100
AcDbLine
 10
-42.31909222320641
 20
16.45200000000009
 30
0.0
 11
-42.31909222320641
 21
16.40100000000009
 31
0.0
  0
LINE
  5
9E
330
1F
100
AcDbEntity
  8
AM_9
100
AcDbLine
 10
-42.31909222320641
 20
16.82200000000009
 30
0.0
 11
-42.31909222320641
 21
16.77100000000009
 31
0.0
  0
LINE
  5
9F
330
1F
100
AcDbEntity
  8
AM_9
100
AcDbLine
 10
-42.31909222320641
 20
17.19200000000009
 30
0.0
 11
-42.31909222320641
 21
17.14100000000009
 31
0.0
  0
LINE
  5
A0
330
1F
100
AcDbEntity
  8
AM_9
100
AcDbLine
 10
-42.31909222320641
 20
17.56200000000009
 30
0.0
 11
-42.31909222320641
 21
17.51100000000009
 31
0.0
  0
LINE
  5
A1
330
1F
100
AcDbEntity
  8
AM_9
100
AcDbLine
 10
-42.31909222320641
 20
17.93200000000009
 30
0.0
 11
-42.31909222320641
 21
17.88100000000009
 31
0.0
  0
LINE
  5
A2
330
1F
100
AcDbEntity
  8
AM_9
100
AcDbLine
 10
-42.31909222320641
 20
18.30200000000009
 30
0.0
 11
-42.31909222320641
 21
18.25100000000009
 31
0.0
  0
LINE
  5
A3
330
1F
100
AcDbEntity
  8
AM_9
100
AcDbLine
 10
-42.31909222320641
 20
18.67200000000009
 30
0.0
 11
-42.31909222320641
 21
18.62100000000009
 31
0.0
  0
LINE
  5
A4
330
1F
100
AcDbEntity
  8
AM_9
100
AcDbLine
 10
-42.31909222320641
 20
19.04200000000009
 30
0.0
 11
-42.31909222320641
 21
18.99100000000009
 31
0.0
  0
LINE
  5
A5
330
1F
100
AcDbEntity
  8
AM_9
100
AcDbLine
 10
-42.31909222320641
 20
19.4120000000001
 30
0.0
 11
-42.31909222320641
 21
19.36100000000009
 31
0.0
  0
LINE
  5
A6
330
1F
100
AcDbEntity
  8
AM_9
100
AcDbLine
 10
-42.31909222320641
 20
19.7820000000001
 30
0.0
 11
-42.31909222320641
 21
19.73100000000009
 31
0.0
  0
LINE
  5
A7
330
1F
100
AcDbEntity
  8
AM_9
100
AcDbLine
 10
-42.31909222320641
 20
20.1520000000001
 30
0.0
 11
-42.31909222320641
 21
20.1010000000001
 31
0.0
  0
LINE
  5
A8
330
1F
100
AcDbEntity
  8
AM_9
100
AcDbLine
 10
-42.31909222320641
 20
20.5220000000001
 30
0.0
 11
-42.31909222320641
 21
20.4710000000001
 31
0.0
  0
LINE
  5
A9
330
1F
100
AcDbEntity
  8
AM_9
100
AcDbLine
 10
-42.31909222320641
 20
20.8920000000001
 30
0.0
 11
-42.31909222320641
 21
20.8410000000001
 31
0.0
  0
LINE
  5
AA
330
1F
100
AcDbEntity
  8
AM_9
100
AcDbLine
 10
-42.31909222320641
 20
21.2620000000001
 30
0.0
 11
-42.31909222320641
 21
21.2110000000001
 31
0.0
  0
LINE
  5
AB
330
1F
100
AcDbEntity
  8
AM_9
100
AcDbLine
 10
-42.31909222320641
 20
21.6320000000001
 30
0.0
 11
-42.31909222320641
 21
21.5810000000001
 31
0.0
  0
LINE
  5
AC
330
1F
100
AcDbEntity
  8
AM_9
100
AcDbLine
 10
-42.31909222320641
 20
22.0020000000001
 30
0.0
 11
-42.31909222320641
 21
21.9510000000001
 31
0.0
  0
LINE
  5
AD
330
1F
100
AcDbEntity
  8
AM_9
100
AcDbLine
 10
-42.31909222320641
 20
22.3720000000001
 30
0.0
 11
-42.31909222320641
 21
22.3210000000001
 31
0.0
  0
LINE
  5
AE
330
1F
100
AcDbEntity
  8
AM_9
100
AcDbLine
 10
-42.31909222320641
 20
22.7420000000001
 30
0.0
 11
-42.31909222320641
 21
22.6910000000001
 31
0.0
  0
LINE
  5
AF
330
1F
100
AcDbEntity
  8
AM_9
100
AcDbLine
 10
-42.31909222320641
 20
23.11200000000011
 30
0.0
 11
-42.31909222320641
 21
23.0610000000001
 31
0.0
  0
LINE
  5
B0
330
1F
100
AcDbEntity
  8
AM_9
100
AcDbLine
 10
-42.31909222320641
 20
23.48200000000011
 30
0.0
 11
-42.31909222320641
 21
23.4310000000001
 31
0.0
  0
LINE
  5
B1
330
1F
100
AcDbEntity
  8
AM_9
100
AcDbLine
 10
-42.31909222320641
 20
23.85200000000011
 30
0.0
 11
-42.31909222320641
 21
23.8010000000001
 31
0.0
  0
LINE
  5
B2
330
1F
100
AcDbEntity
  8
AM_9
100
AcDbLine
 10
-42.31909222320641
 20
24.2220000000001
 30
0.0
 11
-42.31909222320641
 21
24.17100000000011
 31
0.0
  0
LINE
  5
B3
330
1F
100
AcDbEntity
  8
AM_9
100
AcDbLine
 10
-42.31909222320641
 20
24.59200000000011
 30
0.0
 11
-42.31909222320641
 21
24.54100000000011
 31
0.0
  0
LINE
  5
B4
330
1F
100
AcDbEntity
  8
AM_9
100
AcDbLine
 10
-42.31909222320641
 20
24.96200000000011
 30
0.0
 11
-42.31909222320641
 21
24.91100000000011
 31
0.0
  0
LINE
  5
B5
330
1F
100
AcDbEntity
  8
AM_9
100
AcDbLine
 10
-42.31909222320641
 20
25.33200000000011
 30
0.0
 11
-42.31909222320641
 21
25.28100000000011
 31
0.0
  0
LINE
  5
B6
330
1F
100
AcDbEntity
  8
AM_9
100
AcDbLine
 10
-42.31909222320641
 20
25.70200000000011
 30
0.0
 11
-42.31909222320641
 21
25.65100000000011
 31
0.0
  0
LINE
  5
B7
330
1F
100
AcDbEntity
  8
AM_9
100
AcDbLine
 10
-42.31909222320641
 20
26.07200000000011
 30
0.0
 11
-42.31909222320641
 21
26.02100000000011
 31
0.0
  0
LINE
  5
B8
330
1F
100
AcDbEntity
  8
AM_9
100
AcDbLine
 10
-42.31909222320641
 20
26.44200000000011
 30
0.0
 11
-42.31909222320641
 21
26.39100000000011
 31
0.0
  0
LINE
  5
B9
330
1F
100
AcDbEntity
  8
AM_9
100
AcDbLine
 10
-42.31909222320641
 20
26.81200000000011
 30
0.0
 11
-42.31909222320641
 21
26.76100000000011
 31
0.0
  0
LINE
  5
BA
330
1F
100
AcDbEntity
  8
AM_9
100
AcDbLine
 10
-42.31909222320641
 20
27.18200000000011
 30
0.0
 11
-42.31909222320641
 21
27.13100000000011
 31
0.0
  0
LINE
  5
BB
330
1F
100
AcDbEntity
  8
AM_9
100
AcDbLine
 10
-42.31909222320641
 20
27.55200000000012
 30
0.0
 11
-42.31909222320641
 21
27.50100000000011
 31
0.0
  0
LINE
  5
BC
330
1F
100
AcDbEntity
  8
AM_9
100
AcDbLine
 10
-42.31909222320641
 20
27.92200000000011
 30
0.0
 11
-42.31909222320641
 21
27.87100000000011
 31
0.0
  0
LINE
  5
BD
330
1F
100
AcDbEntity
  8
AM_9
100
AcDbLine
 10
-42.31909222320641
 20
28.29200000000012
 30
0.0
 11
-42.31909222320641
 21
28.24100000000012
 31
0.0
  0
LINE
  5
BE
330
1F
100
AcDbEntity
  8
AM_9
100
AcDbLine
 10
-42.31909222320641
 20
28.66200000000012
 30
0.0
 11
-42.31909222320641
 21
28.61100000000011
 31
0.0
  0
LINE
  5
BF
330
1F
100
AcDbEntity
  8
AM_9
100
AcDbLine
 10
-42.31909222320641
 20
29.03200000000012
 30
0.0
 11
-42.31909222320641
 21
28.98100000000012
 31
0.0
  0
LINE
  5
C0
330
1F
100
AcDbEntity
  8
AM_9
100
AcDbLine
 10
-42.31909222320641
 20
29.40200000000012
 30
0.0
 11
-42.31909222320641
 21
29.35100000000012
 31
0.0
  0
LINE
  5
C1
330
1F
100
AcDbEntity
  8
AM_9
100
AcDbLine
 10
-42.31909222320641
 20
29.77200000000012
 30
0.0
 11
-42.31909222320641
 21
29.72100000000012
 31
0.0
  0
LINE
  5
C2
330
1F
100
AcDbEntity
  8
AM_9
100
AcDbLine
 10
-42.31909222320641
 20
30.14200000000012
 30
0.0
 11
-42.31909222320642
 21
30.09100000000013
 31
0.0
  0
LINE
  5
C3
330
1F
100
AcDbEntity
  8
AM_9
100
AcDbLine
 10
-42.31909222320641
 20
30.51200000000012
 30
0.0
 11
-42.31909222320641
 21
30.46100000000012
 31
0.0
  0
LINE
  5
C4
330
1F
100
AcDbEntity
  8
AM_9
100
AcDbLine
 10
-42.31909222320641
 20
30.88200000000013
 30
0.0
 11
-42.31909222320641
 21
30.83100000000012
 31
0.0
  0
LINE
  5
C5
330
1F
100
AcDbEntity
  8
AM_9
100
AcDbLine
 10
-42.31909222320642
 20
31.25200000000013
 30
0.0
 11
-42.31909222320641
 21
31.20100000000012
 31
0.0
  0
LINE
  5
C6
330
1F
100
AcDbEntity
  8
AM_9
100
AcDbLine
 10
-42.31909222320641
 20
31.62200000000013
 30
0.0
 11
-42.31909222320641
 21
31.57100000000012
 31
0.0
  0
LINE
  5
C7
330
1F
100
AcDbEntity
  8
AM_9
100
AcDbLine
 10
-42.31909222320641
 20
31.99200000000013
 30
0.0
 11
-42.31909222320641
 21
31.94100000000012
 31
0.0
  0
LINE
  5
C8
330
1F
100
AcDbEntity
  8
AM_9
100
AcDbLine
 10
-42.31909222320641
 20
32.36200000000013
 30
0.0
 11
-42.31909222320641
 21
32.31100000000013
 31
0.0
  0
LINE
  5
C9
330
1F
100
AcDbEntity
  8
AM_9
100
AcDbLine
 10
-42.31909222320641
 20
32.73200000000013
 30
0.0
 11
-42.31909222320641
 21
32.68100000000013
 31
0.0
  0
LINE
  5
CA
330
1F
100
AcDbEntity
  8
AM_9
100
AcDbLine
 10
-42.31909222320641
 20
33.10200000000013
 30
0.0
 11
-42.31909222320641
 21
33.05100000000012
 31
0.0
  0
LINE
  5
CB
330
1F
100
AcDbEntity
  8
AM_9
100
AcDbLine
 10
-42.31909222320641
 20
33.47200000000012
 30
0.0
 11
-42.31909222320641
 21
33.42100000000012
 31
0.0
  0
LINE
  5
CC
330
1F
100
AcDbEntity
  8
AM_9
100
AcDbLine
 10
-42.31909222320641
 20
33.84200000000012
 30
0.0
 11
-42.3190922232064
 21
33.79100000000012
 31
0.0
  0
LINE
  5
CD
330
1F
100
AcDbEntity
  8
AM_9
100
AcDbLine
 10
-42.31909222320641
 20
34.21200000000012
 30
0.0
 11
-42.31909222320641
 21
34.16100000000012
 31
0.0
  0
LINE
  5
CE
330
1F
100
AcDbEntity
  8
AM_9
100
AcDbLine
 10
-42.31909222320641
 20
34.58200000000011
 30
0.0
 11
-42.31909222320641
 21
34.53100000000011
 31
0.0
  0
LINE
  5
CF
330
1F
100
AcDbEntity
  8
AM_9
100
AcDbLine
 10
-42.31909222320641
 20
34.95200000000011
 30
0.0
 11
-42.31909222320641
 21
34.90100000000011
 31
0.0
  0
LINE
  5
D0
330
1F
100
AcDbEntity
  8
AM_9
100
AcDbLine
 10
-42.31909222320641
 20
35.32200000000011
 30
0.0
 11
-42.31909222320641
 21
35.27100000000011
 31
0.0
  0
LINE
  5
D1
330
1F
100
AcDbEntity
  8
AM_9
100
AcDbLine
 10
-42.31909222320641
 20
35.69200000000011
 30
0.0
 11
-42.31909222320641
 21
35.6410000000001
 31
0.0
  0
LINE
  5
D2
330
1F
100
AcDbEntity
  8
AM_9
100
AcDbLine
 10
-42.31909222320641
 20
36.0620000000001
 30
0.0
 11
-42.31909222320641
 21
36.0110000000001
 31
0.0
  0
LINE
  5
D3
330
1F
100
AcDbEntity
  8
AM_9
100
AcDbLine
 10
-42.31909222320641
 20
36.43200000000011
 30
0.0
 11
-42.31909222320641
 21
36.38100000000009
 31
0.0
  0
LINE
  5
D4
330
1F
100
AcDbEntity
  8
AM_9
100
AcDbLine
 10
-42.31909222320641
 20
36.8020000000001
 30
0.0
 11
-42.31909222320642
 21
36.7510000000001
 31
0.0
  0
LINE
  5
D5
330
1F
100
AcDbEntity
  8
AM_9
100
AcDbLine
 10
-42.31909222320641
 20
37.1720000000001
 30
0.0
 11
-42.31909222320641
 21
37.1210000000001
 31
0.0
  0
LINE
  5
D6
330
1F
100
AcDbEntity
  8
AM_9
100
AcDbLine
 10
-42.31909222320641
 20
37.54200000000009
 30
0.0
 11
-42.31909222320641
 21
37.49100000000009
 31
0.0
  0
LINE
  5
D7
330
1F
100
AcDbEntity
  8
AM_9
100
AcDbLine
 10
-42.31909222320641
 20
37.91200000000009
 30
0.0
 11
-42.31909222320641
 21
37.86100000000009
 31
0.0
  0
LINE
  5
D8
330
1F
100
AcDbEntity
  8
AM_9
100
AcDbLine
 10
-42.31909222320641
 20
38.28200000000009
 30
0.0
 11
-42.31909222320641
 21
38.23100000000009
 31
0.0
  0
LINE
  5
D9
330
1F
100
AcDbEntity
  8
AM_9
100
AcDbLine
 10
-42.3190922232064
 20
38.65200000000009
 30
0.0
 11
-42.31909222320641
 21
38.60100000000008
 31
0.0
  0
LINE
  5
DA
330
1F
100
AcDbEntity
  8
AM_9
100
AcDbLine
 10
-42.31909222320641
 20
39.02200000000009
 30
0.0
 11
-42.31909222320641
 21
38.97100000000008
 31
0.0
  0
LINE
  5
DB
330
1F
100
AcDbEntity
  8
AM_9
100
AcDbLine
 10
-42.31909222320641
 20
39.39200000000008
 30
0.0
 11
-42.31909222320641
 21
39.34100000000008
 31
0.0
  0
LINE
  5
DC
330
1F
100
AcDbEntity
  8
AM_9
100
AcDbLine
 10
-42.31909222320641
 20
39.76200000000008
 30
0.0
 11
-42.31909222320642
 21
39.71100000000008
 31
0.0
  0
LINE
  5
DD
330
1F
100
AcDbEntity
  8
AM_9
100
AcDbLine
 10
-42.31909222320641
 20
40.13200000000008
 30
0.0
 11
-42.31909222320641
 21
40.08100000000007
 31
0.0
  0
LINE
  5
DE
330
1F
100
AcDbEntity
  8
AM_9
100
AcDbLine
 10
-42.31909222320641
 20
40.50200000000007
 30
0.0
 11
-42.31909222320641
 21
40.45100000000007
 31
0.0
  0
LINE
  5
DF
330
1F
100
AcDbEntity
  8
AM_9
100
AcDbLine
 10
-42.31909222320642
 20
40.87200000000008
 30
0.0
 11
-42.31909222320641
 21
40.82100000000007
 31
0.0
  0
LINE
  5
E0
330
1F
100
AcDbEntity
  8
AM_9
100
AcDbLine
 10
-42.31909222320641
 20
41.24200000000008
 30
0.0
 11
-42.31909222320641
 21
41.19100000000005
 31
0.0
  0
LINE
  5
E1
330
1F
100
AcDbEntity
  8
AM_9
100
AcDbLine
 10
-42.31909222320641
 20
41.61200000000007
 30
0.0
 11
-42.31909222320641
 21
41.56100000000006
 31
0.0
  0
LINE
  5
E2
330
1F
100
AcDbEntity
  8
AM_9
100
AcDbLine
 10
-42.31909222320641
 20
41.98200000000006
 30
0.0
 11
-42.31909222320641
 21
41.93100000000005
 31
0.0
  0
LINE
  5
E3
330
1F
100
AcDbEntity
  8
AM_9
100
AcDbLine
 10
-42.31909222320641
 20
42.35200000000006
 30
0.0
 11
-42.31909222320641
 21
42.30100000000006
 31
0.0
  0
LINE
  5
E4
330
1F
100
AcDbEntity
  8
AM_9
100
AcDbLine
 10
-42.31909222320641
 20
42.72200000000006
 30
0.0
 11
-42.3190922232064
 21
42.67100000000006
 31
0.0
  0
LINE
  5
E5
330
1F
100
AcDbEntity
  8
AM_9
100
AcDbLine
 10
-42.31909222320641
 20
43.09200000000004
 30
0.0
 11
-42.31909222320641
 21
43.04100000000004
 31
0.0
  0
LINE
  5
E6
330
1F
100
AcDbEntity
  8
AM_9
100
AcDbLine
 10
-42.31909222320641
 20
43.46200000000005
 30
0.0
 11
-42.31909222320641
 21
43.41100000000005
 31
0.0
  0
LINE
  5
E7
330
1F
100
AcDbEntity
  8
AM_9
100
AcDbLine
 10
-42.31909222320641
 20
43.83200000000006
 30
0.0
 11
-42.31909222320641
 21
43.78100000000005
 31
0.0
  0
LINE
  5
E8
330
1F
100
AcDbEntity
  8
AM_9
100
AcDbLine
 10
-42.31909222320641
 20
44.20200000000005
 30
0.0
 11
-42.31909222320641
 21
44.15100000000005
 31
0.0
  0
LINE
  5
E9
330
1F
100
AcDbEntity
  8
AM_9
100
AcDbLine
 10
-42.31909222320641
 20
44.57200000000005
 30
0.0
 11
-42.31909222320641
 21
44.52100000000004
 31
0.0
  0
LINE
  5
EA
330
1F
100
AcDbEntity
  8
AM_9
100
AcDbLine
 10
-42.31909222320641
 20
44.94200000000004
 30
0.0
 11
-42.31909222320641
 21
44.89100000000003
 31
0.0
  0
LINE
  5
EB
330
1F
100
AcDbEntity
  8
AM_9
100
AcDbLine
 10
-42.31909222320641
 20
45.31200000000004
 30
0.0
 11
-42.31909222320641
 21
45.26100000000005
 31
0.0
  0
LINE
  5
EC
330
1F
100
AcDbEntity
  8
AM_9
100
AcDbLine
 10
-42.31909222320641
 20
45.68200000000004
 30
0.0
 11
-42.31909222320642
 21
45.63100000000004
 31
0.0
  0
LINE
  5
ED
330
1F
100
AcDbEntity
  8
AM_9
100
AcDbLine
 10
-42.31909222320641
 20
46.05200000000004
 30
0.0
 11
-42.31909222320641
 21
46.00100000000004
 31
0.0
  0
LINE
  5
EE
330
1F
100
AcDbEntity
  8
AM_9
100
AcDbLine
 10
-42.31909222320641
 20
46.42200000000003
 30
0.0
 11
-42.31909222320641
 21
46.37100000000003
 31
0.0
  0
LINE
  5
EF
330
1F
100
AcDbEntity
  8
AM_9
100
AcDbLine
 10
-42.31909222320641
 20
46.79200000000003
 30
0.0
 11
-42.31909222320641
 21
46.74100000000003
 31
0.0
  0
LINE
  5
F0
330
1F
100
AcDbEntity
  8
AM_9
100
AcDbLine
 10
-42.31909222320641
 20
47.16200000000003
 30
0.0
 11
-42.31909222320641
 21
47.11100000000001
 31
0.0
  0
LINE
  5
F1
330
1F
100
AcDbEntity
  8
AM_9
100
AcDbLine
 10
-42.31909222320641
 20
47.53200000000002
 30
0.0
 11
-42.31909222320641
 21
47.48100000000002
 31
0.0
  0
LINE
  5
F2
330
1F
100
AcDbEntity
  8
AM_9
100
AcDbLine
 10
-42.31909222320641
 20
47.90200000000002
 30
0.0
 11
-42.31909222320641
 21
47.85100000000001
 31
0.0
  0
LINE
  5
F3
330
1F
100
AcDbEntity
  8
AM_9
100
AcDbLine
 10
-42.31909222320641
 20
48.27200000000002
 30
0.0
 11
-42.31909222320641
 21
48.22100000000002
 31
0.0
  0
LINE
  5
F4
330
1F
100
AcDbEntity
  8
AM_9
100
AcDbLine
 10
-42.31909222320641
 20
48.64200000000002
 30
0.0
 11
-42.31909222320641
 21
48.59100000000003
 31
0.0
  0
LINE
  5
F5
330
1F
100
AcDbEntity
  8
AM_9
100
AcDbLine
 10
-42.31909222320641
 20
49.012
 30
0.0
 11
-42.31909222320641
 21
48.96100000000001
 31
0.0
  0
LINE
  5
F6
330
1F
100
AcDbEntity
  8
AM_9
100
AcDbLine
 10
-42.31909222320641
 20
49.38200000000001
 30
0.0
 11
-42.31909222320641
 21
49.33100000000001
 31
0.0
  0
LINE
  5
F7
330
1F
100
AcDbEntity
  8
AM_9
100
AcDbLine
 10
-42.31909222320641
 20
49.75200000000001
 30
0.0
 11
-42.31909222320641
 21
49.70100000000001
 31
0.0
  0
LINE
  5
F8
330
1F
100
AcDbEntity
  8
AM_9
100
AcDbLine
 10
-42.31909222320641
 20
50.12200000000001
 30
0.0
 11
-42.31909222320641
 21
50.07100000000001
 31
0.0
  0
LINE
  5
F9
330
1F
100
AcDbEntity
  8
AM_9
100
AcDbLine
 10
-42.31909222320641
 20
50.492
 30
0.0
 11
-42.31909222320641
 21
50.441
 31
0.0
  0
LINE
  5
FA
330
1F
100
AcDbEntity
  8
AM_9
100
AcDbLine
 10
-42.31909222320641
 20
50.86199999999999
 30
0.0
 11
-42.31909222320641
 21
50.81099999999999
 31
0.0
  0
LINE
  5
FB
330
1F
100
AcDbEntity
  8
AM_9
100
AcDbLine
 10
-42.31909222320642
 20
51.23200000000001
 30
0.0
 11
-42.31909222320642
 21
51.181
 31
0.0
  0
ARC
  5
FC
330
1F
100
AcDbEntity
  8
AM_9
100
AcDbCircle
 10
46.5615
 20
5.883999999999999
 30
0.0
 40
0.0670000000000002
100
AcDbArc
 50
179.9999999999992
 51
270.0
  0
ARC
  5
FD
330
1F
100
AcDbEntity
  8
AM_9
100
AcDbCircle
 10
46.56150000000001
 20
5.884000000000017
 30
0.0
 40
0.0330000000000132
100
AcDbArc
 50
181.7365015759702
 51
269.9999999999877
  0
LINE
  5
FE
330
1F
100
AcDbEntity
  8
AM_9
100
AcDbLine
 10
46.5615
 20
5.851000000000003
 30
0.0
 11
46.7445
 21
5.850999999999999
 31
0.0
  0
LINE
  5
FF
330
1F
100
AcDbEntity
  8
AM_9
100
AcDbLine
 10
46.7445
 20
5.816999999999999
 30
0.0
 11
46.5615
 21
5.816999999999999
 31
0.0
  0
ARC
  5
100
330
1F
100
AcDbEntity
  8
AM_9
100
AcDbCircle
 10
46.5615
 20
43.49999999999999
 30
0.0
 40
0.0670000000000073
100
AcDbArc
 50
90.0
 51
179.1448073583206
  0
ARC
  5
101
330
1F
100
AcDbEntity
  8
AM_9
100
AcDbCircle
 10
46.56150000000002
 20
43.49999999999999
 30
0.0
 40
0.0330000000000155
100
AcDbArc
 50
90.00000000002468
 51
178.2634984240421
  0
LINE
  5
102
330
1F
100
AcDbEntity
  8
AM_9
100
AcDbLine
 10
46.7445
 20
43.533
 30
0.0
 11
46.5615
 21
43.533
 31
0.0
  0
LINE
  5
103
330
1F
100
AcDbEntity
  8
AM_9
100
AcDbLine
 10
46.5615
 20
43.567
 30
0.0
 11
46.7445
 21
43.567
 31
0.0
  0
LINE
  5
104
330
1F
100
AcDbEntity
  8
AM_9
100
AcDbLine
 10
46.5285
 20
44.74699999999999
 30
0.0
 11
46.5285
 21
24.34
 31
0.0
  0
LINE
  5
105
330
1F
100
AcDbEntity
  8
AM_9
100
AcDbLine
 10
46.5285
 20
43.49999999999999
 30
0.0
 11
46.52851515499506
 21
43.501
 31
0.0
  0
LINE
  5
106
330
1F
100
AcDbEntity
  8
AM_9
100
AcDbLine
 10
46.52851515499506
 20
5.883000000000001
 30
0.0
 11
46.5285
 21
5.884000000000002
 31
0.0
  0
LINE
  5
107
330
1F
100
AcDbEntity
  8
AM_9
100
AcDbLine
 10
46.49450746310222
 20
43.501
 30
0.0
 11
46.7445
 21
43.501
 31
0.0
  0
LINE
  5
108
330
1F
100
AcDbEntity
  8
AM_9
100
AcDbLine
 10
46.49450746310222
 20
9.472999999999878
 30
0.0
 11
46.49450746310222
 21
9.466999999999999
 31
0.0
  0
LINE
  5
109
330
1F
100
AcDbEntity
  8
AM_9
100
AcDbLine
 10
46.49450746310222
 20
24.34100000000027
 30
0.0
 11
46.49450746310222
 21
24.335
 31
0.0
  0
LINE
  5
10A
330
1F
100
AcDbEntity
  8
AM_9
100
AcDbLine
 10
46.49450746310222
 20
43.501
 30
0.0
 11
46.49450746310222
 21
34.38099999999944
 31
0.0
  0
LINE
  5
10B
330
1F
100
AcDbEntity
  8
AM_9
100
AcDbLine
 10
46.49450746310222
 20
5.882999999999998
 30
0.0
 11
46.7445
 21
5.882999999999998
 31
0.0
  0
LINE
  5
10D
330
1F
100
AcDbEntity
  8
AM_4
100
AcDbLine
 10
46.5615
 20
9.32299999999999
 30
0.0
 11
46.5615
 21
4.791
 31
0.0
  0
LINE
  5
10E
330
1F
100
AcDbEntity
  8
AM_9
100
AcDbLine
 10
46.5615
 20
9.356999999999989
 30
0.0
 11
46.5615
 21
9.32299999999999
 31
0.0
  0
LINE
  5
10F
330
1F
100
AcDbEntity
  8
AM_4
100
AcDbLine
 10
46.5615
 20
9.406999999999995
 30
0.0
 11
46.5615
 21
9.356999999999989
 31
0.0
  0
LINE
  5
110
330
1F
100
AcDbEntity
  8
AM_9
100
AcDbLine
 10
46.5615
 20
9.440999999999994
 30
0.0
 11
46.5615
 21
9.406999999999995
 31
0.0
  0
LINE
  5
111
330
1F
100
AcDbEntity
  8
AM_4
100
AcDbLine
 10
46.5615
 20
24.373
 30
0.0
 11
46.5615
 21
9.440999999999994
 31
0.0
  0
LINE
  5
112
330
1F
100
AcDbEntity
  8
AM_9
100
AcDbLine
 10
46.5615
 20
24.407
 30
0.0
 11
46.5615
 21
24.373
 31
0.0
  0
LINE
  5
113
330
1F
100
AcDbEntity
  8
AM_4
100
AcDbLine
 10
46.5615
 20
34.315
 30
0.0
 11
46.5615
 21
24.407
 31
0.0
  0
LINE
  5
114
330
1F
100
AcDbEntity
  8
AM_9
100
AcDbLine
 10
46.5615
 20
34.349
 30
0.0
 11
46.5615
 21
34.315
 31
0.0
  0
LINE
  5
115
330
1F
100
AcDbEntity
  8
AM_4
100
AcDbLine
 10
46.5615
 20
44.74699999999999
 30
0.0
 11
46.5615
 21
34.349
 31
0.0
  0
LINE
  5
116
330
1F
100
AcDbEntity
  8
AM_9
100
AcDbLine
 10
3.998
 20
5.829
 30
0.0
 11
3.998
 21
4.667
 31
0.0
  0
LINE
  5
117
330
1F
100
AcDbEntity
  8
AM_9
100
AcDbLine
 10
37.126
 20
5.166
 30
0.0
 11
40.202
 21
5.166
 31
0.0
  0
LINE
  5
118
330
1F
100
AcDbEntity
  8
AM_9
100
AcDbLine
 10
13.152
 20
4.938999999999986
 30
0.0
 11
7.401999999999999
 21
4.938999999999986
 31
0.0
  0
LINE
  5
119
330
1F
100
AcDbEntity
  8
AM_9
100
AcDbLine
 10
6.994999999999997
 20
5.829
 30
0.0
 11
6.994999999999997
 21
5.166
 31
0.0
  0
LINE
  5
11A
330
1F
100
AcDbEntity
  8
AM_9
100
AcDbLine
 10
3.998
 20
5.166
 30
0.0
 11
6.994999999999997
 21
5.166
 31
0.0
  0
LINE
  5
11B
330
1F
100
AcDbEntity
  8
AM_9
100
AcDbLine
 10
40.12299999999999
 20
5.829
 30
0.0
 11
40.12299999999999
 21
4.667
 31
0.0
  0
LINE
  5
11C
330
1F
100
AcDbEntity
  8
AM_9
100
AcDbLine
 10
37.126
 20
5.829
 30
0.0
 11
37.126
 21
5.166
 31
0.0
  0
LINE
  5
11D
330
1F
100
AcDbEntity
  8
AM_9
100
AcDbLine
 10
46.5285
 20
6.912
 30
0.0
 11
45.4945
 21
6.912
 31
0.0
  0
LINE
  5
11E
330
1F
100
AcDbEntity
  8
AM_9
100
AcDbLine
 10
45.4945
 20
6.001999999999999
 30
0.0
 11
46.5285
 21
6.001999999999999
 31
0.0
  0
LINE
  5
11F
330
1F
100
AcDbEntity
  8
AM_9
100
AcDbLine
 10
45.4945
 20
6.912
 30
0.0
 11
45.4945
 21
6.001999999999999
 31
0.0
  0
LINE
  5
120
330
1F
100
AcDbEntity
  8
AM_9
100
AcDbLine
 10
46.5285
 20
7.082
 30
0.0
 11
46.4535
 21
7.082
 31
0.0
  0
LINE
  5
121
330
1F
100
AcDbEntity
  8
AM_9
100
AcDbLine
 10
46.4535
 20
5.832
 30
0.0
 11
46.5285
 21
5.832
 31
0.0
  0
LINE
  5
122
330
1F
100
AcDbEntity
  8
AM_9
100
AcDbLine
 10
26.4045
 20
5.999999999999999
 30
0.0
 11
26.4045
 21
4.667
 31
0.0
  0
LINE
  5
123
330
1F
100
AcDbEntity
  8
AM_9
100
AcDbLine
 10
28.0295
 20
4.667
 30
0.0
 11
28.0295
 21
5.999999999999999
 31
0.0
  0
LINE
  5
124
330
1F
100
AcDbEntity
  8
AM_9
100
AcDbLine
 10
26.4045
 20
5.999999999999999
 30
0.0
 11
28.0295
 21
5.999999999999999
 31
0.0
  0
LINE
  5
125
330
1F
100
AcDbEntity
  8
AM_9
100
AcDbLine
 10
46.5285
 20
7.457
 30
0.0
 11
46.4535
 21
7.457
 31
0.0
  0
LINE
  5
126
330
1F
100
AcDbEntity
  8
AM_9
100
AcDbLine
 10
46.4535
 20
5.456999999999999
 30
0.0
 11
46.5285
 21
5.456999999999999
 31
0.0
  0
LINE
  5
127
330
1F
100
AcDbEntity
  8
AM_9
100
AcDbLine
 10
46.4535
 20
7.457
 30
0.0
 11
46.4535
 21
5.456999999999999
 31
0.0
  0
LINE
  5
129
330
1F
100
AcDbEntity
  8
AM_0
100
AcDbLine
 10
46.7445
 20
9.322999999999999
 30
0.0
 11
46.5615
 21
9.322999999999999
 31
0.0
  0
ARC
  5
12A
330
1F
100
AcDbEntity
  8
AM_0
100
AcDbCircle
 10
46.56149999999999
 20
9.290000000000003
 30
0.0
 40
0.0329999999999959
100
AcDbArc
 50
89.99999999997534
 51
178.2634984240657
  0
LINE
  5
12B
330
1F
100
AcDbEntity
  8
AM_0
100
AcDbLine
 10
46.5615
 20
9.356999999999994
 30
0.0
 11
46.7445
 21
9.357
 31
0.0
  0
ARC
  5
12C
330
1F
100
AcDbEntity
  8
AM_0
100
AcDbCircle
 10
46.56149999999999
 20
9.29000000000001
 30
0.0
 40
0.0669999999999842
100
AcDbArc
 50
89.99999999998784
 51
180.0000000000122
  0
LINE
  5
12D
330
1F
100
AcDbEntity
  8
AM_0
100
AcDbLine
 10
46.5615
 20
4.758999999999999
 30
0.0
 11
46.7445
 21
4.758999999999999
 31
0.0
  0
ARC
  5
12E
330
1F
100
AcDbEntity
  8
AM_0
100
AcDbCircle
 10
46.56149999999999
 20
4.791999999999981
 30
0.0
 40
0.0329999999999836
100
AcDbArc
 50
181.7365015759054
 51
270.0000000000247
  0
LINE
  5
12F
330
1F
100
AcDbEntity
  8
AM_0
100
AcDbLine
 10
46.7445
 20
4.758999999999999
 30
0.0
 11
46.7445
 21
4.725
 31
0.0
  0
ARC
  5
130
330
1F
100
AcDbEntity
  8
AM_0
100
AcDbCircle
 10
46.5615
 20
4.792000000000002
 30
0.0
 40
0.0670000000000018
100
AcDbArc
 50
180.8551926416771
 51
270.0
  0
LINE
  5
131
330
1F
100
AcDbEntity
  8
AM_0
100
AcDbLine
 10
46.7445
 20
4.725
 30
0.0
 11
46.5615
 21
4.725
 31
0.0
  0
LINE
  5
132
330
1F
100
AcDbEntity
  8
AM_9
100
AcDbLine
 10
46.5285
 20
24.335
 30
0.0
 11
46.5285
 21
4.792
 31
0.0
  0
LINE
  5
133
330
1F
100
AcDbEntity
  8
AM_9
100
AcDbLine
 10
46.5285
 20
9.289999999999996
 30
0.0
 11
46.52851515499506
 21
9.290999999999997
 31
0.0
  0
LINE
  5
134
330
1F
100
AcDbEntity
  8
AM_0
100
AcDbLine
 10
46.49450746310222
 20
9.291
 30
0.0
 11
46.7445
 21
9.291
 31
0.0
  0
LINE
  5
135
330
1F
100
AcDbEntity
  8
AM_0
100
AcDbLine
 10
46.49450746310222
 20
4.791
 30
0.0
 11
46.7445
 21
4.791
 31
0.0
  0
LINE
  5
136
330
1F
100
AcDbEntity
  8
AM_0
100
AcDbLine
 10
46.7445
 20
44.74699999999999
 30
0.0
 11
46.7445
 21
4.791
 31
0.0
  0
LINE
  5
137
330
1F
100
AcDbEntity
  8
AM_9
100
AcDbLine
 10
-33.75652683326087
 20
54.61677588467271
 30
0.0
 11
-33.75652683326087
 21
54.6
 31
0.0
  0
LINE
  5
138
330
1F
100
AcDbEntity
  8
AM_9
100
AcDbLine
 10
-33.75652683326087
 20
54.61677588467271
 30
0.0
 11
-34.05886161687819
 21
54.61677588467271
 31
0.0
  0
LINE
  5
139
330
1F
100
AcDbEntity
  8
AM_9
100
AcDbLine
 10
-26.105
 20
6.348
 30
0.0
 11
-26.105
 21
5.738
 31
0.0
  0
LINE
  5
13A
330
1F
100
AcDbEntity
  8
AM_9
100
AcDbLine
 10
-30.54300000000001
 20
6.348
 30
0.0
 11
-30.54300000000001
 21
5.747
 31
0.0
  0
LINE
  5
13B
330
1F
100
AcDbEntity
  8
AM_9
100
AcDbLine
 10
-21.4824055163975
 20
54.61677588466242
 30
0.0
 11
-21.70372993889483
 21
54.61677588466242
 31
0.0
  0
LINE
  5
13C
330
1F
100
AcDbEntity
  8
AM_9
100
AcDbLine
 10
-21.70372993889483
 20
54.61677588466242
 30
0.0
 11
-21.70372993890889
 21
54.6
 31
0.0
  0
LINE
  5
13D
330
1F
100
AcDbEntity
  8
AM_9
100
AcDbLine
 10
-22.34159196713096
 20
54.63514755224736
 30
0.0
 11
-22.34159196713096
 21
54.6
 31
0.0
  0
LINE
  5
13E
330
1F
100
AcDbEntity
  8
AM_9
100
AcDbLine
 10
-33.52305312682212
 20
54.63514755224736
 30
0.0
 11
-33.52305312682213
 21
54.6
 31
0.0
  0
LINE
  5
13F
330
1F
100
AcDbEntity
  8
AM_9
100
AcDbLine
 10
-27.18188248935484
 20
54.63514755224736
 30
0.0
 11
-27.68915414038701
 21
54.63514755224736
 31
0.0
  0
LINE
  5
140
330
1F
100
AcDbEntity
  8
AM_9
100
AcDbLine
 10
-19.80359873678513
 20
5.738
 30
0.0
 11
-19.80359873678513
 21
5.453
 31
0.0
  0
LINE
  5
141
330
1F
100
AcDbEntity
  8
AM_9
100
AcDbLine
 10
-19.753
 20
5.738
 30
0.0
 11
-19.753
 21
5.453
 31
0.0
  0
LINE
  5
142
330
1F
100
AcDbEntity
  8
AM_9
100
AcDbLine
 10
-22.42645226004245
 20
54.6565572287432
 30
0.0
 11
-22.42645226004245
 21
54.6
 31
0.0
  0
LINE
  5
143
330
1F
100
AcDbEntity
  8
AM_9
100
AcDbLine
 10
-33.49199210384393
 20
54.6565572287432
 30
0.0
 11
-33.49199210384393
 21
54.6
 31
0.0
  0
LINE
  5
144
330
1F
100
AcDbEntity
  8
AM_9
100
AcDbLine
 10
-27.21493178636815
 20
54.6565572287432
 30
0.0
 11
-27.72047496161707
 21
54.6565572287432
 31
0.0
  0
LINE
  5
145
330
1F
100
AcDbEntity
  8
AM_9
100
AcDbLine
 10
-18.42859873678513
 20
5.453
 30
0.0
 11
-18.42859873678513
 21
5.226000000000001
 31
0.0
  0
LINE
  5
146
330
1F
100
AcDbEntity
  8
AM_9
100
AcDbLine
 10
-18.378
 20
5.453
 30
0.0
 11
-18.378
 21
5.226000000000001
 31
0.0
  0
LINE
  5
147
330
1F
100
AcDbEntity
  8
AM_9
100
AcDbLine
 10
-22.72841475732788
 20
54.73273999427427
 30
0.0
 11
-22.72841475732788
 21
54.6
 31
0.0
  0
LINE
  5
148
330
1F
100
AcDbEntity
  8
AM_9
100
AcDbLine
 10
-33.38146615884727
 20
54.73273999427427
 30
0.0
 11
-33.38146615884727
 21
54.6
 31
0.0
  0
LINE
  5
149
330
1F
100
AcDbEntity
  8
AM_9
100
AcDbLine
 10
-27.33253256720549
 20
54.73273999427427
 30
0.0
 11
-27.83205228609931
 21
54.73273999427427
 31
0.0
  0
LINE
  5
14A
330
1F
100
AcDbEntity
  8
AM_9
100
AcDbLine
 10
-22.81327579596897
 20
54.75414967077012
 30
0.0
 11
-22.81327579596897
 21
54.6
 31
0.0
  0
LINE
  5
14B
330
1F
100
AcDbEntity
  8
AM_9
100
AcDbLine
 10
-27.36558207043645
 20
54.75414967077012
 30
0.0
 11
-27.86344310197155
 21
54.75414967077012
 31
0.0
  0
LINE
  5
14C
330
1F
100
AcDbEntity
  8
AM_9
100
AcDbLine
 10
-23.13150632943806
 20
54.83443595762955
 30
0.0
 11
-23.13150632943806
 21
54.6
 31
0.0
  0
LINE
  5
14D
330
1F
100
AcDbEntity
  8
AM_9
100
AcDbLine
 10
-33.23392440340355
 20
54.83443595762954
 30
0.0
 11
-33.23392440340354
 21
54.6
 31
0.0
  0
LINE
  5
14E
330
1F
100
AcDbEntity
  8
AM_9
100
AcDbLine
 10
-27.48951811522443
 20
54.83443595762955
 30
0.0
 11
-27.98128131339935
 21
54.83443595762954
 31
0.0
  0
LINE
  5
14F
330
1F
100
AcDbEntity
  8
AM_9
100
AcDbLine
 10
-23.2163682704
 20
54.8558456341254
 30
0.0
 11
-23.2163682704
 21
54.6
 31
0.0
  0
LINE
  5
150
330
1F
100
AcDbEntity
  8
AM_9
100
AcDbLine
 10
-33.20286277719702
 20
54.8558456341254
 30
0.0
 11
-33.20286277719702
 21
54.6
 31
0.0
  0
LINE
  5
151
330
1F
100
AcDbEntity
  8
AM_9
100
AcDbLine
 10
-27.52256783632788
 20
54.8558456341254
 30
0.0
 11
-28.01273520225771
 21
54.8558456341254
 31
0.0
  0
LINE
  5
152
330
1F
100
AcDbEntity
  8
AM_9
100
AcDbLine
 10
-31.699
 20
6.348
 30
0.0
 11
-31.699
 21
5.738
 31
0.0
  0
LINE
  5
153
330
1F
100
AcDbEntity
  8
AM_9
100
AcDbLine
 10
-31.121
 20
6.348
 30
0.0
 11
-31.121
 21
5.742082579046524
 31
0.0
  0
LINE
  5
154
330
1F
100
AcDbEntity
  8
AM_9
100
AcDbLine
 10
-25.527
 20
6.348
 30
0.0
 11
-25.527
 21
5.738
 31
0.0
  0
LINE
  5
155
330
1F
100
AcDbEntity
  8
AM_9
100
AcDbLine
 10
-24.949
 20
6.348
 30
0.0
 11
-24.949
 21
5.738
 31
0.0
  0
LINE
  5
156
330
1F
100
AcDbEntity
  8
AM_9
100
AcDbLine
 10
-23.52540899209262
 20
54.93381253936445
 30
0.0
 11
-23.52540899209262
 21
54.6
 31
0.0
  0
LINE
  5
157
330
1F
100
AcDbEntity
  8
AM_9
100
AcDbLine
 10
-33.08974602225364
 20
54.93381253936445
 30
0.0
 11
-33.08974602225364
 21
54.6
 31
0.0
  0
LINE
  5
158
330
1F
100
AcDbEntity
  8
AM_9
100
AcDbLine
 10
-27.64292429364622
 20
54.93381253936445
 30
0.0
 11
-28.12477990671583
 21
54.93381253936445
 31
0.0
  0
LINE
  5
159
330
1F
100
AcDbEntity
  8
AM_9
100
AcDbLine
 10
-23.61027196627055
 20
54.9552222158603
 30
0.0
 11
-23.61027196627055
 21
54.6
 31
0.0
  0
LINE
  5
15A
330
1F
100
AcDbEntity
  8
AM_9
100
AcDbLine
 10
-33.05868401786382
 20
54.9552222158603
 30
0.0
 11
-33.05868401786381
 21
54.6
 31
0.0
  0
LINE
  5
15B
330
1F
100
AcDbEntity
  8
AM_9
100
AcDbLine
 10
-27.67597422869852
 20
54.9552222158603
 30
0.0
 11
-28.15534490302645
 21
54.9552222158603
 31
0.0
  0
LINE
  5
15C
330
1F
100
AcDbEntity
  8
AM_9
100
AcDbLine
 10
-23.9200239744468
 20
55.03336753507014
 30
0.0
 11
-23.9200239744468
 21
54.6
 31
0.0
  0
LINE
  5
15D
330
1F
100
AcDbEntity
  8
AM_9
100
AcDbLine
 10
-32.94530691399806
 20
55.03336753507015
 30
0.0
 11
-32.94530691399806
 21
54.6
 31
0.0
  0
LINE
  5
15E
330
1F
100
AcDbEntity
  8
AM_9
100
AcDbLine
 10
-27.79660688083116
 20
55.03336753507014
 30
0.0
 11
-28.26718853081701
 21
55.03336753507015
 31
0.0
  0
LINE
  5
15F
330
1F
100
AcDbEntity
  8
AM_9
100
AcDbLine
 10
-24.00488817015184
 20
55.054777211566
 30
0.0
 11
-24.00488817015184
 21
54.6
 31
0.0
  0
LINE
  5
160
330
1F
100
AcDbEntity
  8
AM_9
100
AcDbLine
 10
-32.91424446249828
 20
55.054777211566
 30
0.0
 11
-32.91424446249828
 21
54.6
 31
0.0
  0
LINE
  5
161
330
1F
100
AcDbEntity
  8
AM_9
100
AcDbLine
 10
-27.82965702840675
 20
55.054777211566
 30
0.0
 11
-28.29790784511171
 21
55.05477721156599
 31
0.0
  0
LINE
  5
162
330
1F
100
AcDbEntity
  8
AM_9
100
AcDbLine
 10
-24.31393783194007
 20
55.13274411680504
 30
0.0
 11
-24.31393783194007
 21
54.6
 31
0.0
  0
LINE
  5
163
330
1F
100
AcDbEntity
  8
AM_9
100
AcDbLine
 10
-32.8011244352528
 20
55.13274411680504
 30
0.0
 11
-32.8011244352528
 21
54.6
 31
0.0
  0
LINE
  5
164
330
1F
100
AcDbEntity
  8
AM_9
100
AcDbLine
 10
-27.950015027675
 20
55.13274411680504
 30
0.0
 11
-28.41005790670254
 21
55.13274411680504
 31
0.0
  0
LINE
  5
165
330
1F
100
AcDbEntity
  8
AM_9
100
AcDbLine
 10
-45.9455
 20
53.31
 30
0.0
 11
-46.4945
 21
53.31
 31
0.0
  0
LINE
  5
166
330
1F
100
AcDbEntity
  8
AM_9
100
AcDbLine
 10
-45.9455
 20
4.577999999999999
 30
0.0
 11
-46.4945
 21
4.577999999999999
 31
0.0
  0
LINE
  5
167
330
1F
100
AcDbEntity
  8
AM_9
100
AcDbLine
 10
-45.9455
 20
53.31
 30
0.0
 11
-45.9455
 21
4.577999999999999
 31
0.0
  0
LINE
  5
168
330
1F
100
AcDbEntity
  8
AM_9
100
AcDbLine
 10
-24.39880348063521
 20
55.15415379330089
 30
0.0
 11
-24.39880348063521
 21
54.6
 31
0.0
  0
LINE
  5
169
330
1F
100
AcDbEntity
  8
AM_9
100
AcDbLine
 10
-32.77006145192173
 20
55.15415379330089
 30
0.0
 11
-32.77006145192173
 21
54.6
 31
0.0
  0
LINE
  5
16A
330
1F
100
AcDbEntity
  8
AM_9
100
AcDbLine
 10
-27.98306538136525
 20
55.15415379330089
 30
0.0
 11
-28.44093108111997
 21
55.15415379330089
 31
0.0
  0
LINE
  5
16B
330
1F
100
AcDbEntity
  8
AM_9
100
AcDbLine
 10
-24.70856617416943
 20
55.23229911251074
 30
0.0
 11
-24.70856617416943
 21
54.6
 31
0.0
  0
LINE
  5
16C
330
1F
100
AcDbEntity
  8
AM_9
100
AcDbLine
 10
-32.65668043694352
 20
55.23229911251074
 30
0.0
 11
-32.65668043694352
 21
54.6
 31
0.0
  0
LINE
  5
16D
330
1F
100
AcDbEntity
  8
AM_9
100
AcDbLine
 10
-28.10369953266528
 20
55.23229911251074
 30
0.0
 11
-28.55389657740622
 21
55.23229911251074
 31
0.0
  0
LINE
  5
16E
330
1F
100
AcDbEntity
  8
AM_9
100
AcDbLine
 10
-24.79343357642649
 20
55.25370878900659
 30
0.0
 11
-24.79343357642649
 21
54.6
 31
0.0
  0
LINE
  5
16F
330
1F
100
AcDbEntity
  8
AM_9
100
AcDbLine
 10
-32.62561681176424
 20
55.25370878900659
 30
0.0
 11
-32.62561681176424
 21
54.6
 31
0.0
  0
LINE
  5
170
330
1F
100
AcDbEntity
  8
AM_9
100
AcDbLine
 10
-28.13675008046977
 20
55.25370878900659
 30
0.0
 11
-28.58492155504168
 21
55.25370878900659
 31
0.0
  0
LINE
  5
171
330
1F
100
AcDbEntity
  8
AM_9
100
AcDbLine
 10
-25.10320333641742
 20
55.33185410821644
 30
0.0
 11
-25.10320333641742
 21
54.6
 31
0.0
  0
LINE
  5
172
330
1F
100
AcDbEntity
  8
AM_9
100
AcDbLine
 10
-32.51223321028335
 20
55.33185410821644
 30
0.0
 11
-32.51223321028335
 21
54.6
 31
0.0
  0
LINE
  5
173
330
1F
100
AcDbEntity
  8
AM_9
100
AcDbLine
 10
-28.25738490456816
 20
55.33185410821644
 30
0.0
 11
-28.69843245043441
 21
55.33185410821644
 31
0.0
  0
LINE
  5
174
330
1F
100
AcDbEntity
  8
AM_9
100
AcDbLine
 10
-25.18807287783019
 20
55.35326378471229
 30
0.0
 11
-25.18807287783019
 21
54.6
 31
0.0
  0
LINE
  5
175
330
1F
100
AcDbEntity
  8
AM_9
100
AcDbLine
 10
-32.48116880211874
 20
55.35326378471229
 30
0.0
 11
-32.48116880211874
 21
54.6
 31
0.0
  0
LINE
  5
176
330
1F
100
AcDbEntity
  8
AM_9
100
AcDbLine
 10
-28.29043562455757
 20
55.35326378471229
 30
0.0
 11
-28.72960368556906
 21
55.35326378471229
 31
0.0
  0
LINE
  5
177
330
1F
100
AcDbEntity
  8
AM_9
100
AcDbLine
 10
-25.49714405319094
 20
55.43123068995133
 30
0.0
 11
-25.49714405319094
 21
54.6
 31
0.0
  0
LINE
  5
178
330
1F
100
AcDbEntity
  8
AM_9
100
AcDbLine
 10
-32.36804090035919
 20
55.43123068995133
 30
0.0
 11
-32.36804090035919
 21
54.6
 31
0.0
  0
LINE
  5
179
330
1F
100
AcDbEntity
  8
AM_9
100
AcDbLine
 10
-28.4107955934408
 20
55.43123068995133
 30
0.0
 11
-28.84337088678226
 21
55.43123068995133
 31
0.0
  0
LINE
  5
17A
330
1F
100
AcDbEntity
  8
AM_9
100
AcDbLine
 10
-25.58201623601076
 20
55.45264036644718
 30
0.0
 11
-25.58201623601076
 21
54.6
 31
0.0
  0
LINE
  5
17B
330
1F
100
AcDbEntity
  8
AM_9
100
AcDbLine
 10
-32.3369755253725
 20
55.45264036644718
 30
0.0
 11
-32.3369755253725
 21
54.6
 31
0.0
  0
LINE
  5
17C
330
1F
100
AcDbEntity
  8
AM_9
100
AcDbLine
 10
-28.44384644892488
 20
55.45264036644719
 30
0.0
 11
-28.87467777596801
 21
55.45264036644718
 31
0.0
  0
LINE
  5
17D
330
1F
100
AcDbEntity
  8
AM_9
100
AcDbLine
 10
-25.89180548301111
 20
55.53078568565703
 30
0.0
 11
-25.89180548301111
 21
54.6
 31
0.0
  0
LINE
  5
17E
330
1F
100
AcDbEntity
  8
AM_9
100
AcDbLine
 10
-32.22358479115112
 20
55.53078568565703
 30
0.0
 11
-32.22358479115112
 21
54.6
 31
0.0
  0
LINE
  5
17F
330
1F
100
AcDbEntity
  8
AM_9
100
AcDbLine
 10
-28.564482238807
 20
55.53078568565703
 30
0.0
 11
-28.9891719387468
 21
55.53078568565703
 31
0.0
  0
LINE
  5
180
330
1F
100
AcDbEntity
  8
AM_9
100
AcDbLine
 10
-25.97668099292511
 20
55.55219536215289
 30
0.0
 11
-25.97668099292512
 21
54.6
 31
0.0
  0
LINE
  5
181
330
1F
100
AcDbEntity
  8
AM_9
100
AcDbLine
 10
-32.19251819836344
 20
55.55219536215289
 30
0.0
 11
-32.19251819836344
 21
54.6
 31
0.0
  0
LINE
  5
182
330
1F
100
AcDbEntity
  8
AM_9
100
AcDbLine
 10
-28.59753317104948
 20
55.55219536215288
 30
0.0
 11
-29.02059702431701
 21
55.55219536215288
 31
0.0
  0
LINE
  5
183
330
1F
100
AcDbEntity
  8
AM_9
100
AcDbLine
 10
-26.28648397984397
 20
55.63034068136273
 30
0.0
 11
-26.28648397984397
 21
54.6
 31
0.0
  0
LINE
  5
184
330
1F
100
AcDbEntity
  8
AM_9
100
AcDbLine
 10
-32.07912243498284
 20
55.63034068136273
 30
0.0
 11
-32.07912243498284
 21
54.6
 31
0.0
  0
LINE
  5
185
330
1F
100
AcDbEntity
  8
AM_9
100
AcDbLine
 10
-28.71816908468153
 20
55.63034068136273
 30
0.0
 11
-29.1354746708083
 21
55.63034068136273
 31
0.0
  0
LINE
  5
186
330
1F
100
AcDbEntity
  8
AM_9
100
AcDbLine
 10
-26.37136375416766
 20
55.65175035785858
 30
0.0
 11
-26.37136375416766
 21
54.6
 31
0.0
  0
LINE
  5
187
330
1F
100
AcDbEntity
  8
AM_9
100
AcDbLine
 10
-32.04805428131287
 20
55.65175035785858
 30
0.0
 11
-32.04805428131287
 21
54.6
 31
0.0
  0
LINE
  5
188
330
1F
100
AcDbEntity
  8
AM_9
100
AcDbLine
 10
-28.75121999890803
 20
55.65175035785858
 30
0.0
 11
-29.16698881948417
 21
55.65175035785858
 31
0.0
  0
LINE
  5
189
330
1F
100
AcDbEntity
  8
AM_9
100
AcDbLine
 10
-26.6804771764907
 20
55.72971726309763
 30
0.0
 11
-26.6804771764907
 21
54.6
 31
0.0
  0
LINE
  5
18A
330
1F
100
AcDbEntity
  8
AM_9
100
AcDbLine
 10
-31.93491091609189
 20
55.72971726309763
 30
0.0
 11
-31.93491091609189
 21
54.6
 31
0.0
  0
LINE
  5
18B
330
1F
100
AcDbEntity
  8
AM_9
100
AcDbLine
 10
-28.87158017166226
 20
55.72971726309763
 30
0.0
 11
-29.27987842052133
 21
55.72971726309763
 31
0.0
  0
LINE
  5
18C
330
1F
100
AcDbEntity
  8
AM_9
100
AcDbLine
 10
-26.76606991315562
 20
55.75130535356427
 30
0.0
 11
-26.76606991315562
 21
54.6
 31
0.0
  0
LINE
  5
18D
330
1F
100
AcDbEntity
  8
AM_9
100
AcDbLine
 10
-31.9035818000931
 20
55.75130535356427
 30
0.0
 11
-31.9035818000931
 21
54.6
 31
0.0
  0
LINE
  5
18E
330
1F
100
AcDbEntity
  8
AM_9
100
AcDbLine
 10
-28.90490633787973
 20
55.75130535356427
 30
0.0
 11
-29.31051992118325
 21
55.75130535356427
 31
0.0
  0
LINE
  5
18F
330
1F
100
AcDbEntity
  8
AM_9
100
AcDbLine
 10
-28.92700000000001
 20
5.747
 30
0.0
 11
-31.087
 21
5.747
 31
0.0
  0
LINE
  5
190
330
1F
100
AcDbEntity
  8
AM_9
100
AcDbLine
 10
-38.277
 20
6.348
 30
0.0
 11
-36.371
 21
6.348
 31
0.0
  0
LINE
  5
191
330
1F
100
AcDbEntity
  8
AM_9
100
AcDbLine
 10
-36.94900000000001
 20
6.348
 30
0.0
 11
-36.94900000000001
 21
5.738
 31
0.0
  0
LINE
  5
192
330
1F
100
AcDbEntity
  8
AM_9
100
AcDbLine
 10
-36.371
 20
6.348
 30
0.0
 11
-36.371
 21
5.738
 31
0.0
  0
LINE
  5
193
330
1F
100
AcDbEntity
  8
AM_9
100
AcDbLine
 10
-38.277
 20
6.348
 30
0.0
 11
-38.277
 21
5.738
 31
0.0
  0
LINE
  5
194
330
1F
100
AcDbEntity
  8
AM_9
100
AcDbLine
 10
-37.699
 20
6.348
 30
0.0
 11
-37.699
 21
5.738
 31
0.0
  0
LINE
  5
195
330
1F
100
AcDbEntity
  8
AM_9
100
AcDbLine
 10
-24.199
 20
6.348
 30
0.0
 11
-24.199
 21
5.738
 31
0.0
  0
LINE
  5
196
330
1F
100
AcDbEntity
  8
AM_9
100
AcDbLine
 10
-23.62100000000001
 20
6.348
 30
0.0
 11
-23.621
 21
5.738
 31
0.0
  0
ARC
  5
197
330
1F
100
AcDbEntity
  8
AM_9
100
AcDbCircle
 10
-31.08699999999999
 20
5.626999999999988
 30
0.0
 40
0.1200000000000117
100
AcDbArc
 50
90.0000000000017
 51
179.9999999999945
  0
ARC
  5
198
330
1F
100
AcDbEntity
  8
AM_9
100
AcDbCircle
 10
-28.92700000000001
 20
5.626999999999988
 30
0.0
 40
0.1200000000000081
100
AcDbArc
 50
0.000000000005513
 51
89.9999999999983
  0
LINE
  5
199
330
1F
100
AcDbEntity
  8
AM_9
100
AcDbLine
 10
-33.027
 20
6.348
 30
0.0
 11
-33.027
 21
5.738
 31
0.0
  0
LINE
  5
19A
330
1F
100
AcDbEntity
  8
AM_9
100
AcDbLine
 10
-33.027
 20
6.348
 30
0.0
 11
-23.62100000000001
 21
6.348
 31
0.0
  0
LINE
  5
19B
330
1F
100
AcDbEntity
  8
AM_9
100
AcDbLine
 10
-32.449
 20
6.348
 30
0.0
 11
-32.449
 21
5.738
 31
0.0
  0
LINE
  5
19C
330
1F
100
AcDbEntity
  8
AM_9
100
AcDbLine
 10
-27.07520693157955
 20
55.82927225880332
 30
0.0
 11
-27.07520693157955
 21
54.6
 31
0.0
  0
LINE
  5
19D
330
1F
100
AcDbEntity
  8
AM_9
100
AcDbLine
 10
-31.79042979809977
 20
55.82927225880332
 30
0.0
 11
-31.79042979809977
 21
54.6
 31
0.0
  0
LINE
  5
19E
330
1F
100
AcDbEntity
  8
AM_9
100
AcDbLine
 10
-29.0252654770814
 20
55.82927225880332
 30
0.0
 11
-29.42173246236622
 21
55.82927225880332
 31
0.0
  0
LINE
  5
19F
330
1F
100
AcDbEntity
  8
AM_9
100
AcDbLine
 10
-27.16009980840255
 20
55.85068193529918
 30
0.0
 11
-27.16009980840255
 21
54.6
 31
0.0
  0
LINE
  5
1A0
330
1F
100
AcDbEntity
  8
AM_9
100
AcDbLine
 10
-31.7593568485822
 20
55.85068193529918
 30
0.0
 11
-31.7593568485822
 21
54.6
 31
0.0
  0
LINE
  5
1A1
330
1F
100
AcDbEntity
  8
AM_9
100
AcDbLine
 10
-29.05831579844422
 20
55.85068193529918
 30
0.0
 11
-29.45242322506313
 21
55.85068193529918
 31
0.0
  0
LINE
  5
1A2
330
1F
100
AcDbEntity
  8
AM_9
100
AcDbLine
 10
-31.37807843693718
 20
56.158
 30
0.0
 11
-33.75652683326087
 21
54.61677588467271
 31
0.0
  0
LINE
  5
1A3
330
1F
100
AcDbEntity
  8
AM_9
100
AcDbLine
 10
-27.46219389803661
 20
55.92686470083023
 30
0.0
 11
-27.4621938980366
 21
54.6
 31
0.0
  0
LINE
  5
1A4
330
1F
100
AcDbEntity
  8
AM_9
100
AcDbLine
 10
-31.64878273744301
 20
55.92686470083024
 30
0.0
 11
-31.64878273744301
 21
54.6
 31
0.0
  0
LINE
  5
1A5
330
1F
100
AcDbEntity
  8
AM_9
100
AcDbLine
 10
-29.17591857993883
 20
55.92686470083024
 30
0.0
 11
-29.56216470998313
 21
55.92686470083023
 31
0.0
  0
LINE
  5
1A6
330
1F
100
AcDbEntity
  8
AM_9
100
AcDbLine
 10
-27.54709700224611
 20
55.94827437732609
 30
0.0
 11
-27.54709700224611
 21
54.6
 31
0.0
  0
LINE
  5
1A7
330
1F
100
AcDbEntity
  8
AM_9
100
AcDbLine
 10
-31.61770604444217
 20
55.94827437732609
 30
0.0
 11
-31.61770604444217
 21
54.6
 31
0.0
  0
LINE
  5
1A8
330
1F
100
AcDbEntity
  8
AM_9
100
AcDbLine
 10
-29.20896807569468
 20
55.94827437732609
 30
0.0
 11
-29.59315466474512
 21
55.94827437732608
 31
0.0
  0
LINE
  5
1A9
330
1F
100
AcDbEntity
  8
AM_9
100
AcDbLine
 10
-31.31321332118721
 20
56.158
 30
0.0
 11
-31.31321332118721
 21
54.6
 31
0.0
  0
LINE
  5
1AA
330
1F
100
AcDbEntity
  8
AM_9
100
AcDbLine
 10
-31.38381435437669
 20
56.10938219295735
 30
0.0
 11
-31.38381435437669
 21
54.6
 31
0.0
  0
LINE
  5
1AB
330
1F
100
AcDbEntity
  8
AM_9
100
AcDbLine
 10
-31.50141770513212
 20
56.02838225021473
 30
0.0
 11
-31.50141770513213
 21
54.6
 31
0.0
  0
LINE
  5
1AC
330
1F
100
AcDbEntity
  8
AM_9
100
AcDbLine
 10
-42.01078558220254
 20
54.63514755224736
 30
0.0
 11
-42.01078558220255
 21
54.6
 31
0.0
  0
LINE
  5
1AD
330
1F
100
AcDbEntity
  8
AM_9
100
AcDbLine
 10
-38.87440803286903
 20
54.63514755224736
 30
0.0
 11
-39.67076450219552
 21
54.63514755224735
 31
0.0
  0
LINE
  5
1AE
330
1F
100
AcDbEntity
  8
AM_9
100
AcDbLine
 10
-41.89486426631288
 20
54.6565572287432
 30
0.0
 11
-41.89486426631287
 21
54.6
 31
0.0
  0
LINE
  5
1AF
330
1F
100
AcDbEntity
  8
AM_9
100
AcDbLine
 10
-38.78954773995756
 20
54.6565572287432
 30
0.0
 11
-39.5815266562951
 21
54.6565572287432
 31
0.0
  0
LINE
  5
1B0
330
1F
100
AcDbEntity
  8
AM_9
100
AcDbLine
 10
-31.61554810481569
 20
56.158
 30
0.0
 11
-31.61554810481569
 21
54.6
 31
0.0
  0
LINE
  5
1B1
330
1F
100
AcDbEntity
  8
AM_9
100
AcDbLine
 10
-31.68614913800517
 20
56.10938219295735
 30
0.0
 11
-31.68614913800517
 21
54.6
 31
0.0
  0
LINE
  5
1B2
330
1F
100
AcDbEntity
  8
AM_9
100
AcDbLine
 10
-31.80375248876061
 20
56.02838225021472
 30
0.0
 11
-31.80375248876061
 21
54.6
 31
0.0
  0
LINE
  5
1B3
330
1F
100
AcDbEntity
  8
AM_9
100
AcDbLine
 10
-31.95111752107149
 20
55.92686470083023
 30
0.0
 11
-31.95111752107149
 21
54.6
 31
0.0
  0
LINE
  5
1B4
330
1F
100
AcDbEntity
  8
AM_9
100
AcDbLine
 10
-32.09276458172825
 20
55.82927225880332
 30
0.0
 11
-32.09276458172825
 21
54.6
 31
0.0
  0
LINE
  5
1B5
330
1F
100
AcDbEntity
  8
AM_9
100
AcDbLine
 10
-32.23724569972038
 20
55.72971726309763
 30
0.0
 11
-32.23724569972038
 21
54.6
 31
0.0
  0
LINE
  5
1B6
330
1F
100
AcDbEntity
  8
AM_9
100
AcDbLine
 10
-32.38145721861132
 20
55.63034068136273
 30
0.0
 11
-32.38145721861132
 21
54.6
 31
0.0
  0
LINE
  5
1B7
330
1F
100
AcDbEntity
  8
AM_9
100
AcDbLine
 10
-32.5259195747796
 20
55.53078568565703
 30
0.0
 11
-32.5259195747796
 21
54.6
 31
0.0
  0
LINE
  5
1B8
330
1F
100
AcDbEntity
  8
AM_9
100
AcDbLine
 10
-32.67037568398767
 20
55.43123068995133
 30
0.0
 11
-32.67037568398768
 21
54.6
 31
0.0
  0
LINE
  5
1B9
330
1F
100
AcDbEntity
  8
AM_9
100
AcDbLine
 10
-32.81456799391183
 20
55.33185410821644
 30
0.0
 11
-32.81456799391183
 21
54.6
 31
0.0
  0
LINE
  5
1BA
330
1F
100
AcDbEntity
  8
AM_9
100
AcDbLine
 10
-32.95901522057199
 20
55.23229911251074
 30
0.0
 11
-32.95901522057199
 21
54.6
 31
0.0
  0
LINE
  5
1BB
330
1F
100
AcDbEntity
  8
AM_9
100
AcDbLine
 10
-33.10345921888128
 20
55.13274411680504
 30
0.0
 11
-33.10345921888128
 21
54.6
 31
0.0
  0
LINE
  5
1BC
330
1F
100
AcDbEntity
  8
AM_9
100
AcDbLine
 10
-33.24764169762654
 20
55.03336753507014
 30
0.0
 11
-33.24764169762654
 21
54.6
 31
0.0
  0
LINE
  5
1BD
330
1F
100
AcDbEntity
  8
AM_9
100
AcDbLine
 10
-33.39208080588212
 20
54.93381253936445
 30
0.0
 11
-33.39208080588212
 21
54.6
 31
0.0
  0
LINE
  5
1BE
330
1F
100
AcDbEntity
  8
AM_9
100
AcDbLine
 10
-33.53625918703202
 20
54.83443595762955
 30
0.0
 11
-33.53625918703202
 21
54.6
 31
0.0
  0
LINE
  5
1BF
330
1F
100
AcDbEntity
  8
AM_9
100
AcDbLine
 10
-33.68380094247576
 20
54.73273999427427
 30
0.0
 11
-33.68380094247576
 21
54.6
 31
0.0
  0
LINE
  5
1C0
330
1F
100
AcDbEntity
  8
AM_9
100
AcDbLine
 10
-34.05886161687819
 20
54.61677588467271
 30
0.0
 11
-31.68041322056567
 21
56.158
 31
0.0
  0
LINE
  5
1C1
330
1F
100
AcDbEntity
  8
AM_9
100
AcDbLine
 10
-34.05886161687819
 20
54.61677588467271
 30
0.0
 11
-34.05886161688935
 21
54.6
 31
0.0
  0
LINE
  5
1C2
330
1F
100
AcDbEntity
  8
AM_9
100
AcDbLine
 10
-33.8253879104506
 20
54.63514755224736
 30
0.0
 11
-33.8253879104506
 21
54.6
 31
0.0
  0
LINE
  5
1C3
330
1F
100
AcDbEntity
  8
AM_9
100
AcDbLine
 10
-33.79432688747241
 20
54.6565572287432
 30
0.0
 11
-33.79432688747241
 21
54.6
 31
0.0
  0
LINE
  5
1C4
330
1F
100
AcDbEntity
  8
AM_9
100
AcDbLine
 10
-42.88212131684799
 20
54.61677588466848
 30
0.0
 11
-42.96313167798046
 21
54.6167758846658
 31
0.0
  0
LINE
  5
1C5
330
1F
100
AcDbEntity
  8
AM_9
100
AcDbLine
 10
-42.88212131684799
 20
54.61677588466848
 30
0.0
 11
-42.88212131686338
 21
54.6
 31
0.0
  0
LINE
  5
1C6
330
1F
100
AcDbEntity
  8
AM_9
100
AcDbLine
 10
-41.48237582403081
 20
54.73273999427426
 30
0.0
 11
-41.48237582403078
 21
54.6
 31
0.0
  0
LINE
  5
1C7
330
1F
100
AcDbEntity
  8
AM_9
100
AcDbLine
 10
-38.48758524267213
 20
54.73273999427426
 30
0.0
 11
-39.26187734607536
 21
54.73273999427428
 31
0.0
  0
LINE
  5
1C8
330
1F
100
AcDbEntity
  8
AM_9
100
AcDbLine
 10
-41.36645348945553
 20
54.75414967077012
 30
0.0
 11
-41.36645348945553
 21
54.6
 31
0.0
  0
LINE
  5
1C9
330
1F
100
AcDbEntity
  8
AM_9
100
AcDbLine
 10
-33.65273964654158
 20
54.75414967077012
 30
0.0
 11
-33.65273964654158
 21
54.6
 31
0.0
  0
LINE
  5
1CA
330
1F
100
AcDbEntity
  8
AM_9
100
AcDbLine
 10
-32.027
 20
5.107
 30
0.0
 11
-32.027
 21
5.226999999999999
 31
0.0
  0
LINE
  5
1CB
330
1F
100
AcDbEntity
  8
AM_9
100
AcDbLine
 10
-27.987
 20
5.226999999999999
 30
0.0
 11
-27.987
 21
5.107
 31
0.0
  0
ARC
  5
1CC
330
1F
100
AcDbEntity
  8
AM_9
100
AcDbCircle
 10
-28.927
 20
5.627000000000004
 30
0.0
 40
0.0599999999999987
100
AcDbArc
 50
359.9999999999966
 51
90.0
  0
LINE
  5
1CD
330
1F
100
AcDbEntity
  8
AM_9
100
AcDbLine
 10
-28.86700000000001
 20
5.287
 30
0.0
 11
-28.867
 21
5.627000000000001
 31
0.0
  0
LINE
  5
1CE
330
1F
100
AcDbEntity
  8
AM_9
100
AcDbLine
 10
-31.14699999999999
 20
5.627000000000001
 30
0.0
 11
-31.147
 21
5.287
 31
0.0
  0
LINE
  5
1CF
330
1F
100
AcDbEntity
  8
AM_9
100
AcDbLine
 10
-31.207
 20
5.286999999999998
 30
0.0
 11
-31.207
 21
5.627
 31
0.0
  0
ARC
  5
1D0
330
1F
100
AcDbEntity
  8
AM_9
100
AcDbCircle
 10
-28.747
 20
5.287000000000004
 30
0.0
 40
0.1200000000000081
100
AcDbArc
 50
180.0000000000021
 51
270.0
  0
LINE
  5
1D1
330
1F
100
AcDbEntity
  8
AM_9
100
AcDbLine
 10
-28.927
 20
5.687000000000001
 30
0.0
 11
-31.087
 21
5.686999999999999
 31
0.0
  0
ARC
  5
1D2
330
1F
100
AcDbEntity
  8
AM_9
100
AcDbCircle
 10
-31.267
 20
5.287000000000003
 30
0.0
 40
0.0600000000000041
100
AcDbArc
 50
270.0000000000034
 51
359.9999999999948
  0
LINE
  5
1D3
330
1F
100
AcDbEntity
  8
AM_9
100
AcDbLine
 10
-32.027
 20
5.226999999999999
 30
0.0
 11
-31.267
 21
5.226999999999999
 31
0.0
  0
ARC
  5
1D4
330
1F
100
AcDbEntity
  8
AM_9
100
AcDbCircle
 10
-31.267
 20
5.286999999999999
 30
0.0
 40
0.1199999999999992
100
AcDbArc
 50
269.9999999999983
 51
0.0000000000004241
  0
ARC
  5
1D5
330
1F
100
AcDbEntity
  8
AM_9
100
AcDbCircle
 10
-31.087
 20
5.627000000000006
 30
0.0
 40
0.0599999999999934
100
AcDbArc
 50
90.00000000000341
 51
180.0000000000051
  0
LINE
  5
1D6
330
1F
100
AcDbEntity
  8
AM_9
100
AcDbLine
 10
-28.747
 20
5.226999999999999
 30
0.0
 11
-27.987
 21
5.226999999999999
 31
0.0
  0
ARC
  5
1D7
330
1F
100
AcDbEntity
  8
AM_9
100
AcDbCircle
 10
-28.747
 20
5.286999999999997
 30
0.0
 40
0.0599999999999987
100
AcDbArc
 50
179.9999999999991
 51
270.0
  0
LINE
  5
1D8
330
1F
100
AcDbEntity
  8
AM_9
100
AcDbLine
 10
-28.807
 20
5.627
 30
0.0
 11
-28.807
 21
5.286999999999998
 31
0.0
  0
LINE
  5
1D9
330
1F
100
AcDbEntity
  8
AM_9
100
AcDbLine
 10
-27.86480265356895
 20
56.02838225021472
 30
0.0
 11
-27.86480265356895
 21
54.6
 31
0.0
  0
LINE
  5
1DA
330
1F
100
AcDbEntity
  8
AM_9
100
AcDbLine
 10
-29.33262562283557
 20
56.02838225021472
 30
0.0
 11
-29.70967453778379
 21
56.02838225021473
 31
0.0
  0
LINE
  5
1DB
330
1F
100
AcDbEntity
  8
AM_9
100
AcDbLine
 10
-40.93174249647682
 20
54.83443595762956
 30
0.0
 11
-40.93174249647687
 21
54.6
 31
0.0
  0
LINE
  5
1DC
330
1F
100
AcDbEntity
  8
AM_9
100
AcDbLine
 10
-38.08449367056195
 20
54.83443595762956
 30
0.0
 11
-38.82755905697991
 21
54.83443595762954
 31
0.0
  0
LINE
  5
1DD
330
1F
100
AcDbEntity
  8
AM_9
100
AcDbLine
 10
-29.99071018996208
 20
55.66
 30
0.0
 11
-29.99071018996208
 21
56.158
 31
0.0
  0
LINE
  5
1DE
330
1F
100
AcDbEntity
  8
AM_9
100
AcDbLine
 10
-40.81581892930841
 20
54.8558456341254
 30
0.0
 11
-40.81581892930839
 21
54.6
 31
0.0
  0
LINE
  5
1DF
330
1F
100
AcDbEntity
  8
AM_9
100
AcDbLine
 10
-37.99963172960001
 20
54.8558456341254
 30
0.0
 11
-38.74251801896624
 21
54.8558456341254
 31
0.0
  0
LINE
  5
1E0
330
1F
100
AcDbEntity
  8
AM_9
100
AcDbLine
 10
-33.50519756082549
 20
54.8558456341254
 30
0.0
 11
-33.50519756082549
 21
54.6
 31
0.0
  0
LINE
  5
1E1
330
1F
100
AcDbEntity
  8
AM_9
100
AcDbLine
 10
-31.32626610803541
 20
55.66
 30
0.0
 11
-31.32626610803541
 21
56.158
 31
0.0
  0
LINE
  5
1E2
330
1F
100
AcDbEntity
  8
AM_9
100
AcDbLine
 10
-27.94972119075707
 20
56.04979192671057
 30
0.0
 11
-27.94972119075707
 21
54.6
 31
0.0
  0
LINE
  5
1E3
330
1F
100
AcDbEntity
  8
AM_9
100
AcDbLine
 10
-29.35401477585926
 20
56.04979192671057
 30
0.0
 11
-29.74096118539534
 21
56.04979192671057
 31
0.0
  0
LINE
  5
1E4
330
1F
100
AcDbEntity
  8
AM_9
100
AcDbLine
 10
-31.47033536326906
 20
56.04979192671057
 30
0.0
 11
-31.47033536326906
 21
54.6
 31
0.0
  0
LINE
  5
1E5
330
1F
100
AcDbEntity
  8
AM_9
100
AcDbLine
 10
-40.39366145267238
 20
54.93381253936445
 30
0.0
 11
-40.39366145267241
 21
54.6
 31
0.0
  0
LINE
  5
1E6
330
1F
100
AcDbEntity
  8
AM_9
100
AcDbLine
 10
-37.69059100790738
 20
54.93381253936445
 30
0.0
 11
-38.40082129408615
 21
54.93381253936445
 31
0.0
  0
LINE
  5
1E7
330
1F
100
AcDbEntity
  8
AM_9
100
AcDbLine
 10
-40.27773647410466
 20
54.9552222158603
 30
0.0
 11
-40.27773647410466
 21
54.6
 31
0.0
  0
LINE
  5
1E8
330
1F
100
AcDbEntity
  8
AM_9
100
AcDbLine
 10
-37.60572803372947
 20
54.9552222158603
 30
0.0
 11
-38.3089431086846
 21
54.9552222158603
 31
0.0
  0
LINE
  5
1E9
330
1F
100
AcDbEntity
  8
AM_9
100
AcDbLine
 10
-33.36101880149229
 20
54.9552222158603
 30
0.0
 11
-33.36101880149229
 21
54.6
 31
0.0
  0
LINE
  5
1EA
330
1F
100
AcDbEntity
  8
AM_9
100
AcDbLine
 10
-28.18610098297315
 20
56.10938219295735
 30
0.0
 11
-28.18610098297315
 21
54.6
 31
0.0
  0
LINE
  5
1EB
330
1F
100
AcDbEntity
  8
AM_9
100
AcDbLine
 10
-29.45765388825521
 20
56.10938219295735
 30
0.0
 11
-29.82833684590069
 21
56.10938219295735
 31
0.0
  0
LINE
  5
1EC
330
1F
100
AcDbEntity
  8
AM_9
100
AcDbLine
 10
-39.85460736206268
 20
55.03336753507014
 30
0.0
 11
-39.85460736206266
 21
54.6
 31
0.0
  0
LINE
  5
1ED
330
1F
100
AcDbEntity
  8
AM_9
100
AcDbLine
 10
-37.29597602555319
 20
55.03336753507014
 30
0.0
 11
-37.98412959238414
 21
55.03336753507015
 31
0.0
  0
LINE
  5
1EE
330
1F
100
AcDbEntity
  8
AM_9
100
AcDbLine
 10
-39.73868071485784
 20
55.054777211566
 30
0.0
 11
-39.73868071485784
 21
54.6
 31
0.0
  0
LINE
  5
1EF
330
1F
100
AcDbEntity
  8
AM_9
100
AcDbLine
 10
-37.21111182984812
 20
55.05477721156599
 30
0.0
 11
-37.89641471057227
 21
55.05477721156598
 31
0.0
  0
LINE
  5
1F0
330
1F
100
AcDbEntity
  8
AM_9
100
AcDbLine
 10
-33.21657924612676
 20
55.054777211566
 30
0.0
 11
-33.21657924612676
 21
54.6
 31
0.0
  0
LINE
  5
1F1
330
1F
100
AcDbEntity
  8
AM_9
100
AcDbLine
 10
-28.2646671267048
 20
56.12918614371601
 30
0.0
 11
-28.26466712670479
 21
54.6
 31
0.0
  0
LINE
  5
1F2
330
1F
100
AcDbEntity
  8
AM_9
100
AcDbLine
 10
-29.48822107085355
 20
56.129186143716
 30
0.0
 11
-29.86094285010646
 21
56.12918614371601
 31
0.0
  0
LINE
  5
1F3
330
1F
100
AcDbEntity
  8
AM_9
100
AcDbLine
 10
-31.35505714989353
 20
56.12918614371601
 30
0.0
 11
-31.35505714989353
 21
54.6
 31
0.0
  0
LINE
  5
1F4
330
1F
100
AcDbEntity
  8
AM_9
100
AcDbLine
 10
-39.31651102582413
 20
55.13274411680504
 30
0.0
 11
-39.31651102582413
 21
54.6
 31
0.0
  0
LINE
  5
1F5
330
1F
100
AcDbEntity
  8
AM_9
100
AcDbLine
 10
-36.90206216805993
 20
55.13274411680504
 30
0.0
 11
-37.57390200468431
 21
55.13274411680506
 31
0.0
  0
LINE
  5
1F6
330
1F
100
AcDbEntity
  8
AM_9
100
AcDbLine
 10
-39.20058239379792
 20
55.15415379330089
 30
0.0
 11
-39.20058239379792
 21
54.6
 31
0.0
  0
LINE
  5
1F7
330
1F
100
AcDbEntity
  8
AM_9
100
AcDbLine
 10
-33.07239623555022
 20
55.15415379330089
 30
0.0
 11
-33.07239623555022
 21
54.6
 31
0.0
  0
LINE
  5
1F8
330
1F
100
AcDbEntity
  8
AM_9
100
AcDbLine
 10
-21.70372993889483
 20
54.61677588466242
 30
0.0
 11
-28.20177180084591
 21
56.158
 31
0.0
  0
LINE
  5
1F9
330
1F
100
AcDbEntity
  8
AM_9
100
AcDbLine
 10
-28.37898659271367
 20
56.158
 30
0.0
 11
-28.37898659271367
 21
54.6
 31
0.0
  0
LINE
  5
1FA
330
1F
100
AcDbEntity
  8
AM_9
100
AcDbLine
 10
-38.77743868528545
 20
55.23229911251074
 30
0.0
 11
-38.77743868528547
 21
54.6
 31
0.0
  0
LINE
  5
1FB
330
1F
100
AcDbEntity
  8
AM_9
100
AcDbLine
 10
-36.50743382583056
 20
55.23229911251074
 30
0.0
 11
-37.15381292144413
 21
55.23229911251074
 31
0.0
  0
LINE
  5
1FC
330
1F
100
AcDbEntity
  8
AM_9
100
AcDbLine
 10
-38.66150765784914
 20
55.25370878900659
 30
0.0
 11
-38.66150765784914
 21
54.6
 31
0.0
  0
LINE
  5
1FD
330
1F
100
AcDbEntity
  8
AM_9
100
AcDbLine
 10
-36.42256642357354
 20
55.25370878900659
 30
0.0
 11
-37.06169024925058
 21
55.25370878900659
 31
0.0
  0
LINE
  5
1FE
330
1F
100
AcDbEntity
  8
AM_9
100
AcDbLine
 10
-32.92795159539272
 20
55.25370878900659
 30
0.0
 11
-32.92795159539272
 21
54.6
 31
0.0
  0
LINE
  5
1FF
330
1F
100
AcDbEntity
  8
AM_9
100
AcDbLine
 10
-27.98044737833452
 20
56.158
 30
0.0
 11
-21.4824055163975
 21
54.61677588466242
 31
0.0
  0
LINE
  5
200
330
1F
100
AcDbEntity
  8
AM_9
100
AcDbLine
 10
-21.4824055163975
 20
54.61677588466242
 30
0.0
 11
-21.4824055163975
 21
54.6
 31
0.0
  0
LINE
  5
201
330
1F
100
AcDbEntity
  8
AM_9
100
AcDbLine
 10
-38.23835429637732
 20
55.33185410821644
 30
0.0
 11
-38.23835429637733
 21
54.6
 31
0.0
  0
LINE
  5
202
330
1F
100
AcDbEntity
  8
AM_9
100
AcDbLine
 10
-36.11279666358259
 20
55.33185410821644
 30
0.0
 11
-36.72565891545769
 21
55.33185410821645
 31
0.0
  0
LINE
  5
203
330
1F
100
AcDbEntity
  8
AM_9
100
AcDbLine
 10
-38.12242034679994
 20
55.35326378471229
 30
0.0
 11
-38.12242034679994
 21
54.6
 31
0.0
  0
LINE
  5
204
330
1F
100
AcDbEntity
  8
AM_9
100
AcDbLine
 10
-36.0279271221698
 20
55.35326378471229
 30
0.0
 11
-36.63365639368178
 21
55.35326378471229
 31
0.0
  0
LINE
  5
205
330
1F
100
AcDbEntity
  8
AM_9
100
AcDbLine
 10
-32.78350358574722
 20
55.35326378471229
 30
0.0
 11
-32.78350358574722
 21
54.6
 31
0.0
  0
LINE
  5
206
330
1F
100
AcDbEntity
  8
AM_9
100
AcDbLine
 10
-37.70022126967965
 20
55.43123068995133
 30
0.0
 11
-37.70022126967965
 21
54.6
 31
0.0
  0
LINE
  5
207
330
1F
100
AcDbEntity
  8
AM_9
100
AcDbLine
 10
-35.71885594680906
 20
55.43123068995133
 30
0.0
 11
-36.301957725818
 21
55.43123068995133
 31
0.0
  0
LINE
  5
208
330
1F
100
AcDbEntity
  8
AM_9
100
AcDbLine
 10
-37.58428371187313
 20
55.45264036644718
 30
0.0
 11
-37.58428371187313
 21
54.6
 31
0.0
  0
LINE
  5
209
330
1F
100
AcDbEntity
  8
AM_9
100
AcDbLine
 10
-32.63931030900098
 20
55.45264036644718
 30
0.0
 11
-32.63931030900098
 21
54.6
 31
0.0
  0
LINE
  5
20A
330
1F
100
AcDbEntity
  8
AM_9
100
AcDbLine
 10
-37.1611037306514
 20
55.53078568565703
 30
0.0
 11
-37.1611037306514
 21
54.6
 31
0.0
  0
LINE
  5
20B
330
1F
100
AcDbEntity
  8
AM_9
100
AcDbLine
 10
-35.32419451698888
 20
55.53078568565703
 30
0.0
 11
-35.89500310015309
 21
55.53078568565704
 31
0.0
  0
LINE
  5
20C
330
1F
100
AcDbEntity
  8
AM_9
100
AcDbLine
 10
-37.04516162794971
 20
55.55219536215289
 30
0.0
 11
-37.04516162794972
 21
54.6
 31
0.0
  0
LINE
  5
20D
330
1F
100
AcDbEntity
  8
AM_9
100
AcDbLine
 10
-35.23931900707488
 20
55.55219536215288
 30
0.0
 11
-35.80603491915286
 21
55.55219536215288
 31
0.0
  0
LINE
  5
20E
330
1F
100
AcDbEntity
  8
AM_9
100
AcDbLine
 10
-32.49485298199192
 20
55.55219536215288
 30
0.0
 11
-32.49485298199191
 21
54.6
 31
0.0
  0
LINE
  5
20F
330
1F
100
AcDbEntity
  8
AM_9
100
AcDbLine
 10
-36.62196287765028
 20
55.63034068136272
 30
0.0
 11
-36.62196287765026
 21
54.6
 31
0.0
  0
LINE
  5
210
330
1F
100
AcDbEntity
  8
AM_9
100
AcDbLine
 10
-34.92951602015604
 20
55.63034068136272
 30
0.0
 11
-35.47398466059692
 21
55.63034068136274
 31
0.0
  0
LINE
  5
211
330
1F
100
AcDbEntity
  8
AM_9
100
AcDbLine
 10
-36.5060149496566
 20
55.65175035785858
 30
0.0
 11
-36.5060149496566
 21
54.6
 31
0.0
  0
LINE
  5
212
330
1F
100
AcDbEntity
  8
AM_9
100
AcDbLine
 10
-34.84463624583233
 20
55.65175035785858
 30
0.0
 11
-35.38172886675469
 21
55.65175035785858
 31
0.0
  0
LINE
  5
213
330
1F
100
AcDbEntity
  8
AM_9
100
AcDbLine
 10
-32.35038906494135
 20
55.65175035785858
 30
0.0
 11
-32.35038906494135
 21
54.6
 31
0.0
  0
LINE
  5
214
330
1F
100
AcDbEntity
  8
AM_9
100
AcDbLine
 10
-36.08375816211257
 20
55.72971726309763
 30
0.0
 11
-36.08375816211259
 21
54.6
 31
0.0
  0
LINE
  5
215
330
1F
100
AcDbEntity
  8
AM_9
100
AcDbLine
 10
-34.5355228235093
 20
55.72971726309763
 30
0.0
 11
-35.04605301011905
 21
55.72971726309763
 31
0.0
  0
LINE
  5
216
330
1F
100
AcDbEntity
  8
AM_9
100
AcDbLine
 10
-35.96683630944887
 20
55.75130535356427
 30
0.0
 11
-35.96683630944887
 21
54.6
 31
0.0
  0
LINE
  5
217
330
1F
100
AcDbEntity
  8
AM_9
100
AcDbLine
 10
-32.20591658372158
 20
55.75130535356427
 30
0.0
 11
-32.20591658372158
 21
54.6
 31
0.0
  0
LINE
  5
218
330
1F
100
AcDbEntity
  8
AM_9
100
AcDbLine
 10
-35.54454728903157
 20
55.82927225880333
 30
0.0
 11
-35.54454728903161
 21
54.6
 31
0.0
  0
LINE
  5
219
330
1F
100
AcDbEntity
  8
AM_9
100
AcDbLine
 10
-34.14079306842045
 20
55.82927225880333
 30
0.0
 11
-34.63043250377866
 21
55.82927225880332
 31
0.0
  0
LINE
  5
21A
330
1F
100
AcDbEntity
  8
AM_9
100
AcDbLine
 10
-35.42858146269106
 20
55.85068193529918
 30
0.0
 11
-35.42858146269106
 21
54.6
 31
0.0
  0
LINE
  5
21B
330
1F
100
AcDbEntity
  8
AM_9
100
AcDbLine
 10
-32.06169163221069
 20
55.85068193529918
 30
0.0
 11
-32.06169163221069
 21
54.6
 31
0.0
  0
LINE
  5
21C
330
1F
100
AcDbEntity
  8
AM_9
100
AcDbLine
 10
-35.01591326191777
 20
55.92686470083024
 30
0.0
 11
-35.0159132619178
 21
54.6
 31
0.0
  0
LINE
  5
21D
330
1F
100
AcDbEntity
  8
AM_9
100
AcDbLine
 10
-33.7538061019634
 20
55.92686470083024
 30
0.0
 11
-34.22607699147572
 21
55.92686470083024
 31
0.0
  0
LINE
  5
21E
330
1F
100
AcDbEntity
  8
AM_9
100
AcDbLine
 10
-34.89993346470744
 20
55.94827437732609
 30
0.0
 11
-34.89993346470744
 21
54.6
 31
0.0
  0
LINE
  5
21F
330
1F
100
AcDbEntity
  8
AM_9
100
AcDbLine
 10
-33.66890299775389
 20
55.94827437732608
 30
0.0
 11
-34.13352982231758
 21
55.94827437732609
 31
0.0
  0
LINE
  5
220
330
1F
100
AcDbEntity
  8
AM_9
100
AcDbLine
 10
-31.92004082807065
 20
55.94827437732609
 30
0.0
 11
-31.92004082807065
 21
54.6
 31
0.0
  0
LINE
  5
221
330
1F
100
AcDbEntity
  8
AM_9
100
AcDbLine
 10
-30.34145721237164
 20
55.66
 30
0.0
 11
-30.34145721237164
 21
56.158
 31
0.0
  0
LINE
  5
222
330
1F
100
AcDbEntity
  8
AM_9
100
AcDbLine
 10
-30.91814387015878
 20
55.66
 30
0.0
 11
-30.91814387015877
 21
56.158
 31
0.0
  0
LINE
  5
223
330
1F
100
AcDbEntity
  8
AM_9
100
AcDbLine
 10
-34.46593947407458
 20
56.02838225021472
 30
0.0
 11
-34.46593947407457
 21
54.6
 31
0.0
  0
LINE
  5
224
330
1F
100
AcDbEntity
  8
AM_9
100
AcDbLine
 10
-33.35119734643106
 20
56.02838225021472
 30
0.0
 11
-33.78765064794604
 21
56.02838225021472
 31
0.0
  0
LINE
  5
225
330
1F
100
AcDbEntity
  8
AM_9
100
AcDbLine
 10
-34.3499385950234
 20
56.04979192671057
 30
0.0
 11
-34.3499385950234
 21
54.6
 31
0.0
  0
LINE
  5
226
330
1F
100
AcDbEntity
  8
AM_9
100
AcDbLine
 10
-33.26627880924295
 20
56.04979192671056
 30
0.0
 11
-33.69532312242754
 21
56.04979192671057
 31
0.0
  0
LINE
  5
227
330
1F
100
AcDbEntity
  8
AM_9
100
AcDbLine
 10
-31.77267014689755
 20
56.04979192671057
 30
0.0
 11
-31.77267014689755
 21
54.6
 31
0.0
  0
LINE
  5
228
330
1F
100
AcDbEntity
  8
AM_9
100
AcDbLine
 10
-34.02703779391496
 20
56.10938219295734
 30
0.0
 11
-34.02703779391494
 21
54.6
 31
0.0
  0
LINE
  5
229
330
1F
100
AcDbEntity
  8
AM_9
100
AcDbLine
 10
-33.02989901702685
 20
56.10938219295734
 30
0.0
 11
-33.4468374892045
 21
56.10938219295734
 31
0.0
  0
LINE
  5
22A
330
1F
100
AcDbEntity
  8
AM_9
100
AcDbLine
 10
-33.91971444570013
 20
56.12918614371601
 30
0.0
 11
-33.91971444570013
 21
54.6
 31
0.0
  0
LINE
  5
22B
330
1F
100
AcDbEntity
  8
AM_9
100
AcDbLine
 10
-32.95133287329521
 20
56.12918614371601
 30
0.0
 11
-33.36792053209232
 21
56.129186143716
 31
0.0
  0
LINE
  5
22C
330
1F
100
AcDbEntity
  8
AM_9
100
AcDbLine
 10
-31.65739193352201
 20
56.12918614371601
 30
0.0
 11
-31.65739193352201
 21
54.6
 31
0.0
  0
LINE
  5
22D
330
1F
100
AcDbEntity
  8
AM_9
100
AcDbLine
 10
-34.00563105860267
 20
56.158
 30
0.0
 11
-42.88212131684799
 21
54.61677588466848
 31
0.0
  0
LINE
  5
22E
330
1F
100
AcDbEntity
  8
AM_9
100
AcDbLine
 10
-33.76355115098493
 20
56.158
 30
0.0
 11
-33.76355115098493
 21
54.6
 31
0.0
  0
LINE
  5
22F
330
1F
100
AcDbEntity
  8
AM_9
100
AcDbLine
 10
-27.66703365365746
 20
55.66
 30
0.0
 11
-27.66703365365746
 21
56.158
 31
0.0
  0
LINE
  5
230
330
1F
100
AcDbEntity
  8
AM_9
100
AcDbLine
 10
-29.97781966513137
 20
55.66
 30
0.0
 11
-29.97781966513137
 21
56.158
 31
0.0
  0
LINE
  5
231
330
1F
100
AcDbEntity
  8
AM_9
100
AcDbLine
 10
-27.72719198868657
 20
55.66
 30
0.0
 11
-27.72719198868657
 21
56.158
 31
0.0
  0
LINE
  5
232
330
1F
100
AcDbEntity
  8
AM_0
100
AcDbLine
 10
-42.96313167798046
 20
54.6167758846658
 30
0.0
 11
-34.08664141971976
 21
56.158
 31
0.0
  0
LINE
  5
233
330
1F
100
AcDbEntity
  8
AM_0
100
AcDbLine
 10
-42.96313167798046
 20
54.6167758846658
 30
0.0
 11
-42.96313167798046
 21
54.6
 31
0.0
  0
LINE
  5
234
330
1F
100
AcDbEntity
  8
AM_9
100
AcDbLine
 10
-33.57276537782416
 20
55.66
 30
0.0
 11
-33.57276537782416
 21
56.158
 31
0.0
  0
LINE
  5
235
330
1F
100
AcDbEntity
  8
AM_9
100
AcDbLine
 10
-31.3412652655626
 20
55.66
 30
0.0
 11
-31.3412652655626
 21
56.158
 31
0.0
  0
LINE
  5
236
330
1F
100
AcDbEntity
  8
AM_9
100
AcDbLine
 10
-33.51212022657867
 20
55.66
 30
0.0
 11
-33.51212022657867
 21
56.158
 31
0.0
  0
LINE
  5
237
330
1F
100
AcDbEntity
  8
AM_9
100
AcDbLine
 10
-33.57276537782416
 20
55.66
 30
0.0
 11
-30.87454278762836
 21
55.66
 31
0.0
  0
LINE
  5
238
330
1F
100
AcDbEntity
  8
AM_9
100
AcDbLine
 10
-29.30489283961134
 20
55.66
 30
0.0
 11
-29.30489283961134
 21
56.158
 31
0.0
  0
LINE
  5
239
330
1F
100
AcDbEntity
  8
AM_9
100
AcDbLine
 10
-30.32877459923175
 20
55.66
 30
0.0
 11
-30.32877459923175
 21
56.158
 31
0.0
  0
LINE
  5
23A
330
1F
100
AcDbEntity
  8
AM_9
100
AcDbLine
 10
-29.36408087891418
 20
55.66
 30
0.0
 11
-29.36408087891418
 21
56.158
 31
0.0
  0
LINE
  5
23B
330
1F
100
AcDbEntity
  8
AM_9
100
AcDbLine
 10
-31.9216522277855
 20
55.66
 30
0.0
 11
-31.9216522277855
 21
56.158
 31
0.0
  0
LINE
  5
23C
330
1F
100
AcDbEntity
  8
AM_9
100
AcDbLine
 10
-30.93290110579036
 20
55.66
 30
0.0
 11
-30.93290110579036
 21
56.158
 31
0.0
  0
LINE
  5
23D
330
1F
100
AcDbEntity
  8
AM_9
100
AcDbLine
 10
-31.86198522414074
 20
55.66
 30
0.0
 11
-31.86198522414074
 21
56.158
 31
0.0
  0
LINE
  5
23E
330
1F
100
AcDbEntity
  8
AM_9
100
AcDbLine
 10
-39.95437207538775
 20
5.738
 30
0.0
 11
-39.95437207538775
 21
5.453
 31
0.0
  0
LINE
  5
23F
330
1F
100
AcDbEntity
  8
AM_9
100
AcDbLine
 10
-40.761
 20
5.738
 30
0.0
 11
-40.761
 21
5.453
 31
0.0
  0
LINE
  5
240
330
1F
100
AcDbEntity
  8
AM_9
100
AcDbLine
 10
-28.023
 20
55.818
 30
0.0
 11
-28.023
 21
56.158
 31
0.0
  0
LINE
  5
241
330
1F
100
AcDbEntity
  8
AM_9
100
AcDbLine
 10
-27.648
 20
55.818
 30
0.0
 11
-27.648
 21
56.158
 31
0.0
  0
LINE
  5
242
330
1F
100
AcDbEntity
  8
AM_9
100
AcDbLine
 10
-28.44299999999999
 20
55.818
 30
0.0
 11
-28.44299999999999
 21
56.158
 31
0.0
  0
LINE
  5
243
330
1F
100
AcDbEntity
  8
AM_9
100
AcDbLine
 10
-28.818
 20
56.158
 30
0.0
 11
-28.818
 21
55.818
 31
0.0
  0
LINE
  5
244
330
1F
100
AcDbEntity
  8
AM_9
100
AcDbLine
 10
-28.818
 20
55.818
 30
0.0
 11
-27.648
 21
55.818
 31
0.0
  0
LINE
  5
245
330
1F
100
AcDbEntity
  8
AM_9
100
AcDbLine
 10
-33.568
 20
55.818
 30
0.0
 11
-32.398
 21
55.818
 31
0.0
  0
LINE
  5
246
330
1F
100
AcDbEntity
  8
AM_9
100
AcDbLine
 10
-32.773
 20
55.818
 30
0.0
 11
-32.773
 21
56.158
 31
0.0
  0
LINE
  5
247
330
1F
100
AcDbEntity
  8
AM_9
100
AcDbLine
 10
-32.398
 20
55.818
 30
0.0
 11
-32.398
 21
56.158
 31
0.0
  0
LINE
  5
248
330
1F
100
AcDbEntity
  8
AM_9
100
AcDbLine
 10
-33.193
 20
55.818
 30
0.0
 11
-33.193
 21
56.158
 31
0.0
  0
LINE
  5
249
330
1F
100
AcDbEntity
  8
AM_9
100
AcDbLine
 10
-33.568
 20
56.158
 30
0.0
 11
-33.568
 21
55.818
 31
0.0
  0
LINE
  5
24A
330
1F
100
AcDbEntity
  8
AM_9
100
AcDbLine
 10
-29.29434777221449
 20
55.66
 30
0.0
 11
-29.29434777221449
 21
56.158
 31
0.0
  0
LINE
  5
24B
330
1F
100
AcDbEntity
  8
AM_9
100
AcDbLine
 10
-31.91110716038866
 20
55.66
 30
0.0
 11
-31.91110716038866
 21
56.158
 31
0.0
  0
LINE
  5
24C
330
1F
100
AcDbEntity
  8
AM_9
100
AcDbLine
 10
-13.068
 20
4.939
 30
0.0
 11
-13.152
 21
4.939
 31
0.0
  0
LINE
  5
24D
330
1F
100
AcDbEntity
  8
AM_9
100
AcDbLine
 10
-27.64323462217583
 20
55.66
 30
0.0
 11
-27.64323462217583
 21
56.158
 31
0.0
  0
LINE
  5
24E
330
1F
100
AcDbEntity
  8
AM_9
100
AcDbLine
 10
-27.37143848789798
 20
56.158
 30
0.0
 11
-27.37143848789798
 21
54.6
 31
0.0
  0
LINE
  5
24F
330
1F
100
AcDbEntity
  8
AM_9
100
AcDbLine
 10
-28.15766217020228
 20
56.158
 30
0.0
 11
-28.15766217020228
 21
54.6
 31
0.0
  0
LINE
  5
250
330
1F
100
AcDbEntity
  8
AM_9
100
AcDbLine
 10
-27.2955
 20
54.6
 30
0.0
 11
-27.2955
 21
56.158
 31
0.0
  0
LINE
  5
251
330
1F
100
AcDbEntity
  8
AM_9
100
AcDbLine
 10
-33.54896634634255
 20
55.66
 30
0.0
 11
-33.54896634634255
 21
56.158
 31
0.0
  0
LINE
  5
252
330
1F
100
AcDbEntity
  8
AM_9
100
AcDbLine
 10
-27.21527519318275
 20
56.129186143716
 30
0.0
 11
-27.21527519318278
 21
54.6
 31
0.0
  0
LINE
  5
253
330
1F
100
AcDbEntity
  8
AM_9
100
AcDbLine
 10
-28.0433427041934
 20
56.12918614371601
 30
0.0
 11
-28.0433427041934
 21
54.6
 31
0.0
  0
LINE
  5
254
330
1F
100
AcDbEntity
  8
AM_9
100
AcDbLine
 10
-27.134
 20
54.6
 30
0.0
 11
-27.134
 21
56.129186143716
 31
0.0
  0
LINE
  5
255
330
1F
100
AcDbEntity
  8
AM_9
100
AcDbLine
 10
-27.10795184496796
 20
56.10938219295734
 30
0.0
 11
-27.10795184496797
 21
54.6
 31
0.0
  0
LINE
  5
256
330
1F
100
AcDbEntity
  8
AM_9
100
AcDbLine
 10
-27.96477656046174
 20
56.10938219295734
 30
0.0
 11
-27.96477656046176
 21
54.6
 31
0.0
  0
LINE
  5
257
330
1F
100
AcDbEntity
  8
AM_9
100
AcDbLine
 10
-27.023
 20
54.6
 30
0.0
 11
-27.023
 21
56.10938219295734
 31
0.0
  0
LINE
  5
258
330
1F
100
AcDbEntity
  8
AM_9
100
AcDbLine
 10
-27.21527519318275
 20
56.129186143716
 30
0.0
 11
-27.10795184496796
 21
56.10938219295734
 31
0.0
  0
LINE
  5
259
330
1F
100
AcDbEntity
  8
AM_9
100
AcDbLine
 10
-27.02299999999998
 20
56.10938219295734
 30
0.0
 11
-27.13399999999997
 21
56.129186143716
 31
0.0
  0
LINE
  5
25A
330
1F
100
AcDbEntity
  8
AM_9
100
AcDbLine
 10
-27.02299999999998
 20
56.10938219295734
 30
0.0
 11
-27.18896220608506
 21
56.10938219295734
 31
0.0
  0
LINE
  5
25B
330
1F
100
AcDbEntity
  8
AM_9
100
AcDbLine
 10
-27.13399999999997
 20
56.129186143716
 30
0.0
 11
-27.2955
 21
56.129186143716
 31
0.0
  0
LINE
  5
25C
330
1F
100
AcDbEntity
  8
AM_9
100
AcDbLine
 10
-26.78505104385951
 20
56.04979192671056
 30
0.0
 11
-26.78505104385952
 21
54.6
 31
0.0
  0
LINE
  5
25D
330
1F
100
AcDbEntity
  8
AM_9
100
AcDbLine
 10
-27.72839676824567
 20
56.04979192671057
 30
0.0
 11
-27.72839676824567
 21
54.6
 31
0.0
  0
LINE
  5
25E
330
1F
100
AcDbEntity
  8
AM_9
100
AcDbLine
 10
-26.689
 20
54.6
 30
0.0
 11
-26.689
 21
56.04979192671056
 31
0.0
  0
LINE
  5
25F
330
1F
100
AcDbEntity
  8
AM_9
100
AcDbLine
 10
-26.78505104385951
 20
56.04979192671056
 30
0.0
 11
-26.66905016480832
 21
56.02838225021472
 31
0.0
  0
LINE
  5
260
330
1F
100
AcDbEntity
  8
AM_9
100
AcDbLine
 10
-26.56899999999998
 20
56.02838225021472
 30
0.0
 11
-26.68899999999999
 21
56.04979192671056
 31
0.0
  0
LINE
  5
261
330
1F
100
AcDbEntity
  8
AM_9
100
AcDbLine
 10
-26.68899999999999
 20
56.04979192671056
 30
0.0
 11
-26.8660614049766
 21
56.04979192671056
 31
0.0
  0
LINE
  5
262
330
1F
100
AcDbEntity
  8
AM_9
100
AcDbLine
 10
-26.66905016480832
 20
56.02838225021472
 30
0.0
 11
-26.66905016480834
 21
54.6
 31
0.0
  0
LINE
  5
263
330
1F
100
AcDbEntity
  8
AM_9
100
AcDbLine
 10
-27.64347823105754
 20
56.02838225021472
 30
0.0
 11
-27.64347823105756
 21
54.6
 31
0.0
  0
LINE
  5
264
330
1F
100
AcDbEntity
  8
AM_9
100
AcDbLine
 10
-26.56900000000001
 20
54.6
 30
0.0
 11
-26.56900000000001
 21
56.02838225021472
 31
0.0
  0
LINE
  5
265
330
1F
100
AcDbEntity
  8
AM_9
100
AcDbLine
 10
-26.56899999999998
 20
56.02838225021472
 30
0.0
 11
-26.75006052592543
 21
56.02838225021472
 31
0.0
  0
LINE
  5
266
330
1F
100
AcDbEntity
  8
AM_9
100
AcDbLine
 10
-15.854
 20
5.668
 30
0.0
 11
-15.854
 21
5.226000000000001
 31
0.0
  0
LINE
  5
267
330
1F
100
AcDbEntity
  8
AM_9
100
AcDbLine
 10
-15.0
 20
5.668
 30
0.0
 11
-15.0
 21
5.226000000000001
 31
0.0
  0
LINE
  5
268
330
1F
100
AcDbEntity
  8
AM_9
100
AcDbLine
 10
-26.23505617417544
 20
55.94827437732608
 30
0.0
 11
-26.23505617417546
 21
54.6
 31
0.0
  0
LINE
  5
269
330
1F
100
AcDbEntity
  8
AM_9
100
AcDbLine
 10
-27.32577257973472
 20
55.94827437732609
 30
0.0
 11
-27.32577257973472
 21
54.6
 31
0.0
  0
LINE
  5
26A
330
1F
100
AcDbEntity
  8
AM_9
100
AcDbLine
 10
-26.12
 20
54.6
 30
0.0
 11
-26.12
 21
55.94827437732608
 31
0.0
  0
LINE
  5
26B
330
1F
100
AcDbEntity
  8
AM_9
100
AcDbLine
 10
-26.11907637696511
 20
55.92686470083023
 30
0.0
 11
-26.11907637696511
 21
54.6
 31
0.0
  0
LINE
  5
26C
330
1F
100
AcDbEntity
  8
AM_9
100
AcDbLine
 10
-27.24086947552521
 20
55.92686470083023
 30
0.0
 11
-27.24086947552522
 21
54.6
 31
0.0
  0
LINE
  5
26D
330
1F
100
AcDbEntity
  8
AM_9
100
AcDbLine
 10
-26.0
 20
54.6
 30
0.0
 11
-26.0
 21
55.92686470083023
 31
0.0
  0
LINE
  5
26E
330
1F
100
AcDbEntity
  8
AM_9
100
AcDbLine
 10
-26.23505617417544
 20
55.94827437732608
 30
0.0
 11
-26.11907637696511
 21
55.92686470083023
 31
0.0
  0
LINE
  5
26F
330
1F
100
AcDbEntity
  8
AM_9
100
AcDbLine
 10
-26.0
 20
55.92686470083023
 30
0.0
 11
-26.11999999999998
 21
55.94827437732608
 31
0.0
  0
LINE
  5
270
330
1F
100
AcDbEntity
  8
AM_9
100
AcDbLine
 10
-26.0
 20
55.92686470083023
 30
0.0
 11
-26.20008673808221
 21
55.92686470083023
 31
0.0
  0
LINE
  5
271
330
1F
100
AcDbEntity
  8
AM_9
100
AcDbLine
 10
-26.11999999999998
 20
55.94827437732608
 30
0.0
 11
-26.31606653529255
 21
55.94827437732608
 31
0.0
  0
LINE
  5
272
330
1F
100
AcDbEntity
  8
AM_9
100
AcDbLine
 10
-25.70640817619185
 20
55.85068193529918
 30
0.0
 11
-25.70640817619186
 21
54.6
 31
0.0
  0
LINE
  5
273
330
1F
100
AcDbEntity
  8
AM_9
100
AcDbLine
 10
-26.93877538589116
 20
55.85068193529918
 30
0.0
 11
-26.93877538589116
 21
54.6
 31
0.0
  0
LINE
  5
274
330
1F
100
AcDbEntity
  8
AM_9
100
AcDbLine
 10
-25.573
 20
54.6
 30
0.0
 11
-25.573
 21
55.85068193529918
 31
0.0
  0
LINE
  5
275
330
1F
100
AcDbEntity
  8
AM_9
100
AcDbLine
 10
-25.59044234985132
 20
55.82927225880333
 30
0.0
 11
-25.5904423498513
 21
54.6
 31
0.0
  0
LINE
  5
276
330
1F
100
AcDbEntity
  8
AM_9
100
AcDbLine
 10
-26.85388250906817
 20
55.82927225880333
 30
0.0
 11
-26.85388250906816
 21
54.6
 31
0.0
  0
LINE
  5
277
330
1F
100
AcDbEntity
  8
AM_9
100
AcDbLine
 10
-25.453
 20
54.6
 30
0.0
 11
-25.453
 21
55.82927225880333
 31
0.0
  0
LINE
  5
278
330
1F
100
AcDbEntity
  8
AM_9
100
AcDbLine
 10
-25.70640817619185
 20
55.85068193529918
 30
0.0
 11
-25.59044234985132
 21
55.82927225880333
 31
0.0
  0
LINE
  5
279
330
1F
100
AcDbEntity
  8
AM_9
100
AcDbLine
 10
-25.45300000000002
 20
55.82927225880333
 30
0.0
 11
-25.573
 21
55.85068193529918
 31
0.0
  0
LINE
  5
27A
330
1F
100
AcDbEntity
  8
AM_9
100
AcDbLine
 10
-25.45300000000002
 20
55.82927225880333
 30
0.0
 11
-25.67145271096838
 21
55.82927225880333
 31
0.0
  0
LINE
  5
27B
330
1F
100
AcDbEntity
  8
AM_9
100
AcDbLine
 10
-25.573
 20
55.85068193529918
 30
0.0
 11
-25.78741853730896
 21
55.85068193529918
 31
0.0
  0
LINE
  5
27C
330
1F
100
AcDbEntity
  8
AM_9
100
AcDbLine
 10
-30.29785612984122
 20
55.66
 30
0.0
 11
-30.29785612984122
 21
56.158
 31
0.0
  0
LINE
  5
27D
330
1F
100
AcDbEntity
  8
AM_9
100
AcDbLine
 10
-29.35401477585926
 20
55.66
 30
0.0
 11
-29.35401477585926
 21
56.158
 31
0.0
  0
LINE
  5
27E
330
1F
100
AcDbEntity
  8
AM_9
100
AcDbLine
 10
-30.87454278762836
 20
55.66
 30
0.0
 11
-30.87454278762836
 21
56.158
 31
0.0
  0
LINE
  5
27F
330
1F
100
AcDbEntity
  8
AM_9
100
AcDbLine
 10
-31.85191912108582
 20
55.66
 30
0.0
 11
-31.85191912108582
 21
56.158
 31
0.0
  0
LINE
  5
280
330
1F
100
AcDbEntity
  8
AM_9
100
AcDbLine
 10
-25.16815332943406
 20
55.75130535356428
 30
0.0
 11
-25.16815332943404
 21
54.6
 31
0.0
  0
LINE
  5
281
330
1F
100
AcDbEntity
  8
AM_9
100
AcDbLine
 10
-26.54474549064424
 20
55.75130535356427
 30
0.0
 11
-26.54474549064423
 21
54.6
 31
0.0
  0
LINE
  5
282
330
1F
100
AcDbEntity
  8
AM_9
100
AcDbLine
 10
-25.016
 20
54.6
 30
0.0
 11
-25.016
 21
55.75130535356428
 31
0.0
  0
LINE
  5
283
330
1F
100
AcDbEntity
  8
AM_9
100
AcDbLine
 10
-30.28309889420964
 20
55.66
 30
0.0
 11
-30.28309889420964
 21
56.158
 31
0.0
  0
LINE
  5
284
330
1F
100
AcDbEntity
  8
AM_9
100
AcDbLine
 10
-30.88722540076824
 20
55.66
 30
0.0
 11
-30.88722540076824
 21
56.158
 31
0.0
  0
LINE
  5
285
330
1F
100
AcDbEntity
  8
AM_9
100
AcDbLine
 10
-46.898
 20
2.49
 30
0.0
 11
-45.878
 21
2.49
 31
0.0
  0
LINE
  5
286
330
1F
100
AcDbEntity
  8
AM_9
100
AcDbLine
 10
-46.898
 20
2.74
 30
0.0
 11
-45.878
 21
2.74
 31
0.0
  0
LINE
  5
287
330
1F
100
AcDbEntity
  8
AM_9
100
AcDbLine
 10
-46.898
 20
0.8700000000000003
 30
0.0
 11
-45.878
 21
0.8700000000000003
 31
0.0
  0
LINE
  5
288
330
1F
100
AcDbEntity
  8
AM_9
100
AcDbLine
 10
-46.898
 20
0.6200000000000015
 30
0.0
 11
-45.878
 21
0.6200000000000015
 31
0.0
  0
LINE
  5
289
330
1F
100
AcDbEntity
  8
AM_9
100
AcDbLine
 10
-25.05123147677034
 20
55.72971726309763
 30
0.0
 11
-25.05123147677032
 21
54.6
 31
0.0
  0
LINE
  5
28A
330
1F
100
AcDbEntity
  8
AM_9
100
AcDbLine
 10
-26.45915275397931
 20
55.72971726309763
 30
0.0
 11
-26.45915275397931
 21
54.6
 31
0.0
  0
LINE
  5
28B
330
1F
100
AcDbEntity
  8
AM_9
100
AcDbLine
 10
-24.895
 20
54.6
 30
0.0
 11
-24.895
 21
55.72971726309763
 31
0.0
  0
LINE
  5
28C
330
1F
100
AcDbEntity
  8
AM_9
100
AcDbLine
 10
-25.16815332943406
 20
55.75130535356428
 30
0.0
 11
-25.05123147677034
 21
55.72971726309763
 31
0.0
  0
LINE
  5
28D
330
1F
100
AcDbEntity
  8
AM_9
100
AcDbLine
 10
-25.12670353901313
 20
55.72971726309763
 30
0.0
 11
-24.89500000000001
 21
55.72971726309763
 31
0.0
  0
LINE
  5
28E
330
1F
100
AcDbEntity
  8
AM_9
100
AcDbLine
 10
-24.89500000000001
 20
55.72971726309763
 30
0.0
 11
-25.01600000000002
 21
55.75130535356428
 31
0.0
  0
LINE
  5
28F
330
1F
100
AcDbEntity
  8
AM_9
100
AcDbLine
 10
-25.01600000000002
 20
55.75130535356428
 30
0.0
 11
-25.24916369055112
 21
55.75130535356428
 31
0.0
  0
LINE
  5
290
330
1F
100
AcDbEntity
  8
AM_9
100
AcDbLine
 10
-24.6289746892263
 20
55.65175035785858
 30
0.0
 11
-24.62897468922631
 21
54.6
 31
0.0
  0
LINE
  5
291
330
1F
100
AcDbEntity
  8
AM_9
100
AcDbLine
 10
-26.15003933165627
 20
55.65175035785858
 30
0.0
 11
-26.15003933165627
 21
54.6
 31
0.0
  0
LINE
  5
292
330
1F
100
AcDbEntity
  8
AM_9
100
AcDbLine
 10
-24.458
 20
54.6
 30
0.0
 11
-24.458
 21
55.65175035785858
 31
0.0
  0
LINE
  5
293
330
1F
100
AcDbEntity
  8
AM_9
100
AcDbLine
 10
-24.51302676123266
 20
55.63034068136273
 30
0.0
 11
-24.51302676123265
 21
54.6
 31
0.0
  0
LINE
  5
294
330
1F
100
AcDbEntity
  8
AM_9
100
AcDbLine
 10
-26.06515955733258
 20
55.63034068136273
 30
0.0
 11
-26.06515955733258
 21
54.6
 31
0.0
  0
LINE
  5
295
330
1F
100
AcDbEntity
  8
AM_9
100
AcDbLine
 10
-24.338
 20
54.6
 30
0.0
 11
-24.338
 21
55.63034068136273
 31
0.0
  0
LINE
  5
296
330
1F
100
AcDbEntity
  8
AM_9
100
AcDbLine
 10
-24.6289746892263
 20
55.65175035785858
 30
0.0
 11
-24.51302676123266
 21
55.63034068136273
 31
0.0
  0
LINE
  5
297
330
1F
100
AcDbEntity
  8
AM_9
100
AcDbLine
 10
-24.58831072051973
 20
55.63034068136273
 30
0.0
 11
-24.338
 21
55.63034068136273
 31
0.0
  0
LINE
  5
298
330
1F
100
AcDbEntity
  8
AM_9
100
AcDbLine
 10
-24.70998505034341
 20
55.65175035785858
 30
0.0
 11
-24.45799999999999
 21
55.65175035785858
 31
0.0
  0
LINE
  5
299
330
1F
100
AcDbEntity
  8
AM_9
100
AcDbLine
 10
-24.338
 20
55.63034068136273
 30
0.0
 11
-24.45799999999999
 21
55.65175035785858
 31
0.0
  0
LINE
  5
29A
330
1F
100
AcDbEntity
  8
AM_9
100
AcDbLine
 10
-24.08982801093321
 20
55.55219536215289
 30
0.0
 11
-24.0898280109332
 21
54.6
 31
0.0
  0
LINE
  5
29B
330
1F
100
AcDbEntity
  8
AM_9
100
AcDbLine
 10
-25.75535657041372
 20
55.55219536215288
 30
0.0
 11
-25.75535657041372
 21
54.6
 31
0.0
  0
LINE
  5
29C
330
1F
100
AcDbEntity
  8
AM_9
100
AcDbLine
 10
-23.9
 20
54.6
 30
0.0
 11
-23.9
 21
55.55219536215289
 31
0.0
  0
LINE
  5
29D
330
1F
100
AcDbEntity
  8
AM_9
100
AcDbLine
 10
-21.75550360697669
 20
5.738
 30
0.0
 11
-21.75550360697669
 21
5.453
 31
0.0
  0
LINE
  5
29E
330
1F
100
AcDbEntity
  8
AM_9
100
AcDbLine
 10
-23.97388590823152
 20
55.53078568565703
 30
0.0
 11
-23.97388590823152
 21
54.6
 31
0.0
  0
LINE
  5
29F
330
1F
100
AcDbEntity
  8
AM_9
100
AcDbLine
 10
-25.67048106049972
 20
55.53078568565703
 30
0.0
 11
-25.67048106049972
 21
54.6
 31
0.0
  0
LINE
  5
2A0
330
1F
100
AcDbEntity
  8
AM_9
100
AcDbLine
 10
-23.78
 20
54.6
 30
0.0
 11
-23.78
 21
55.53078568565703
 31
0.0
  0
LINE
  5
2A1
330
1F
100
AcDbEntity
  8
AM_9
100
AcDbLine
 10
-24.08982801093321
 20
55.55219536215289
 30
0.0
 11
-23.97388590823152
 21
55.53078568565703
 31
0.0
  0
LINE
  5
2A2
330
1F
100
AcDbEntity
  8
AM_9
100
AcDbLine
 10
-23.78000000000001
 20
55.53078568565703
 30
0.0
 11
-23.90000000000002
 21
55.55219536215289
 31
0.0
  0
LINE
  5
2A3
330
1F
100
AcDbEntity
  8
AM_9
100
AcDbLine
 10
-23.78000000000001
 20
55.53078568565703
 30
0.0
 11
-24.05489626934861
 21
55.53078568565703
 31
0.0
  0
LINE
  5
2A4
330
1F
100
AcDbEntity
  8
AM_9
100
AcDbLine
 10
-23.90000000000002
 20
55.55219536215289
 30
0.0
 11
-24.1708383720503
 21
55.55219536215289
 31
0.0
  0
LINE
  5
2A5
330
1F
100
AcDbEntity
  8
AM_9
100
AcDbLine
 10
-23.55070592700977
 20
55.45264036644718
 30
0.0
 11
-23.55070592700978
 21
54.6
 31
0.0
  0
LINE
  5
2A6
330
1F
100
AcDbEntity
  8
AM_9
100
AcDbLine
 10
-25.36069181349937
 20
55.45264036644718
 30
0.0
 11
-25.36069181349938
 21
54.6
 31
0.0
  0
LINE
  5
2A7
330
1F
100
AcDbEntity
  8
AM_9
100
AcDbLine
 10
-23.342
 20
54.6
 30
0.0
 11
-23.342
 21
55.45264036644718
 31
0.0
  0
LINE
  5
2A8
330
1F
100
AcDbEntity
  8
AM_9
100
AcDbLine
 10
-23.43476836920327
 20
55.43123068995133
 30
0.0
 11
-23.43476836920326
 21
54.6
 31
0.0
  0
LINE
  5
2A9
330
1F
100
AcDbEntity
  8
AM_9
100
AcDbLine
 10
-25.27581963067955
 20
55.43123068995133
 30
0.0
 11
-25.27581963067955
 21
54.6
 31
0.0
  0
LINE
  5
2AA
330
1F
100
AcDbEntity
  8
AM_9
100
AcDbLine
 10
-23.222
 20
54.6
 30
0.0
 11
-23.222
 21
55.43123068995133
 31
0.0
  0
LINE
  5
2AB
330
1F
100
AcDbEntity
  8
AM_9
100
AcDbLine
 10
-23.55070592700977
 20
55.45264036644718
 30
0.0
 11
-23.43476836920327
 21
55.43123068995133
 31
0.0
  0
LINE
  5
2AC
330
1F
100
AcDbEntity
  8
AM_9
100
AcDbLine
 10
-23.222
 20
55.43123068995133
 30
0.0
 11
-23.34199999999998
 21
55.45264036644718
 31
0.0
  0
LINE
  5
2AD
330
1F
100
AcDbEntity
  8
AM_9
100
AcDbLine
 10
-23.222
 20
55.43123068995133
 30
0.0
 11
-23.51577873032033
 21
55.43123068995133
 31
0.0
  0
LINE
  5
2AE
330
1F
100
AcDbEntity
  8
AM_9
100
AcDbLine
 10
-23.34199999999998
 20
55.45264036644718
 30
0.0
 11
-23.63171628812686
 21
55.45264036644718
 31
0.0
  0
LINE
  5
2AF
330
1F
100
AcDbEntity
  8
AM_9
100
AcDbLine
 10
-23.01256929208297
 20
55.35326378471229
 30
0.0
 11
-23.01256929208297
 21
54.6
 31
0.0
  0
LINE
  5
2B0
330
1F
100
AcDbEntity
  8
AM_9
100
AcDbLine
 10
-24.9667484553188
 20
55.35326378471229
 30
0.0
 11
-24.9667484553188
 21
54.6
 31
0.0
  0
LINE
  5
2B1
330
1F
100
AcDbEntity
  8
AM_9
100
AcDbLine
 10
-22.785
 20
54.6
 30
0.0
 11
-22.785
 21
55.35326378471229
 31
0.0
  0
LINE
  5
2B2
330
1F
100
AcDbEntity
  8
AM_9
100
AcDbLine
 10
-23.01256929208297
 20
55.35326378471229
 30
0.0
 11
-22.89663534250561
 21
55.33185410821644
 31
0.0
  0
LINE
  5
2B3
330
1F
100
AcDbEntity
  8
AM_9
100
AcDbLine
 10
-22.66500000000002
 20
55.33185410821644
 30
0.0
 11
-22.785
 21
55.35326378471229
 31
0.0
  0
LINE
  5
2B4
330
1F
100
AcDbEntity
  8
AM_9
100
AcDbLine
 10
-22.785
 20
55.35326378471229
 30
0.0
 11
-23.09357965320007
 21
55.35326378471229
 31
0.0
  0
LINE
  5
2B5
330
1F
100
AcDbEntity
  8
AM_9
100
AcDbLine
 10
-22.89663534250561
 20
55.33185410821644
 30
0.0
 11
-22.89663534250559
 21
54.6
 31
0.0
  0
LINE
  5
2B6
330
1F
100
AcDbEntity
  8
AM_9
100
AcDbLine
 10
-24.88187891390604
 20
55.33185410821644
 30
0.0
 11
-24.88187891390603
 21
54.6
 31
0.0
  0
LINE
  5
2B7
330
1F
100
AcDbEntity
  8
AM_9
100
AcDbLine
 10
-22.665
 20
54.6
 30
0.0
 11
-22.665
 21
55.33185410821644
 31
0.0
  0
LINE
  5
2B8
330
1F
100
AcDbEntity
  8
AM_9
100
AcDbLine
 10
-22.66500000000002
 20
55.33185410821644
 30
0.0
 11
-22.9776457036227
 21
55.33185410821644
 31
0.0
  0
LINE
  5
2B9
330
1F
100
AcDbEntity
  8
AM_9
100
AcDbLine
 10
-22.47348198103374
 20
55.25370878900659
 30
0.0
 11
-22.47348198103377
 21
54.6
 31
0.0
  0
LINE
  5
2BA
330
1F
100
AcDbEntity
  8
AM_9
100
AcDbLine
 10
-24.5721091539151
 20
55.25370878900659
 30
0.0
 11
-24.5721091539151
 21
54.6
 31
0.0
  0
LINE
  5
2BB
330
1F
100
AcDbEntity
  8
AM_9
100
AcDbLine
 10
-22.227
 20
54.6
 30
0.0
 11
-22.227
 21
55.25370878900659
 31
0.0
  0
LINE
  5
2BC
330
1F
100
AcDbEntity
  8
AM_9
100
AcDbLine
 10
-22.47348198103374
 20
55.25370878900659
 30
0.0
 11
-22.35755095359741
 21
55.23229911251074
 31
0.0
  0
LINE
  5
2BD
330
1F
100
AcDbEntity
  8
AM_9
100
AcDbLine
 10
-22.10699999999998
 20
55.23229911251074
 30
0.0
 11
-22.22699999999998
 21
55.25370878900659
 31
0.0
  0
LINE
  5
2BE
330
1F
100
AcDbEntity
  8
AM_9
100
AcDbLine
 10
-22.22699999999998
 20
55.25370878900659
 30
0.0
 11
-22.55449234215087
 21
55.25370878900659
 31
0.0
  0
LINE
  5
2BF
330
1F
100
AcDbEntity
  8
AM_9
100
AcDbLine
 10
-22.35755095359741
 20
55.23229911251074
 30
0.0
 11
-22.35755095359744
 21
54.6
 31
0.0
  0
LINE
  5
2C0
330
1F
100
AcDbEntity
  8
AM_9
100
AcDbLine
 10
-24.48724175165803
 20
55.23229911251074
 30
0.0
 11
-24.48724175165805
 21
54.6
 31
0.0
  0
LINE
  5
2C1
330
1F
100
AcDbEntity
  8
AM_9
100
AcDbLine
 10
-22.107
 20
54.6
 30
0.0
 11
-22.107
 21
55.23229911251074
 31
0.0
  0
LINE
  5
2C2
330
1F
100
AcDbEntity
  8
AM_9
100
AcDbLine
 10
-22.10699999999998
 20
55.23229911251074
 30
0.0
 11
-22.43856131471455
 21
55.23229911251074
 31
0.0
  0
LINE
  5
2C3
330
1F
100
AcDbEntity
  8
AM_9
100
AcDbLine
 10
-21.93440724508501
 20
55.15415379330089
 30
0.0
 11
-21.93440724508499
 21
54.6
 31
0.0
  0
LINE
  5
2C4
330
1F
100
AcDbEntity
  8
AM_9
100
AcDbLine
 10
-24.17747905812382
 20
55.15415379330089
 30
0.0
 11
-24.17747905812382
 21
54.6
 31
0.0
  0
LINE
  5
2C5
330
1F
100
AcDbEntity
  8
AM_9
100
AcDbLine
 10
-21.669
 20
54.6
 30
0.0
 11
-21.669
 21
55.15415379330089
 31
0.0
  0
LINE
  5
2C6
330
1F
100
AcDbEntity
  8
AM_9
100
AcDbLine
 10
-21.93440724508501
 20
55.15415379330089
 30
0.0
 11
-21.81847861305878
 21
55.13274411680504
 31
0.0
  0
LINE
  5
2C7
330
1F
100
AcDbEntity
  8
AM_9
100
AcDbLine
 10
-21.549
 20
55.13274411680504
 30
0.0
 11
-21.66900000000002
 21
55.15415379330089
 31
0.0
  0
LINE
  5
2C8
330
1F
100
AcDbEntity
  8
AM_9
100
AcDbLine
 10
-21.66900000000001
 20
55.15415379330089
 30
0.0
 11
-22.01541760620209
 21
55.15415379330089
 31
0.0
  0
LINE
  5
2C9
330
1F
100
AcDbEntity
  8
AM_9
100
AcDbLine
 10
-21.81847861305878
 20
55.13274411680504
 30
0.0
 11
-21.81847861305878
 21
54.6
 31
0.0
  0
LINE
  5
2CA
330
1F
100
AcDbEntity
  8
AM_9
100
AcDbLine
 10
-24.09261340942868
 20
55.13274411680504
 30
0.0
 11
-24.09261340942867
 21
54.6
 31
0.0
  0
LINE
  5
2CB
330
1F
100
AcDbEntity
  8
AM_9
100
AcDbLine
 10
-21.549
 20
54.6
 30
0.0
 11
-21.549
 21
55.13274411680504
 31
0.0
  0
LINE
  5
2CC
330
1F
100
AcDbEntity
  8
AM_9
100
AcDbLine
 10
-21.549
 20
55.13274411680504
 30
0.0
 11
-21.89948897417583
 21
55.13274411680504
 31
0.0
  0
LINE
  5
2CD
330
1F
100
AcDbEntity
  8
AM_9
100
AcDbLine
 10
-33.05833782979772
 20
56.158
 30
0.0
 11
-33.05833782979772
 21
54.6
 31
0.0
  0
LINE
  5
2CE
330
1F
100
AcDbEntity
  8
AM_9
100
AcDbLine
 10
-33.84456151210202
 20
56.158
 30
0.0
 11
-33.84456151210202
 21
54.6
 31
0.0
  0
LINE
  5
2CF
330
1F
100
AcDbEntity
  8
AM_9
100
AcDbLine
 10
-33.9205
 20
56.129186143716
 30
0.0
 11
-33.9205
 21
54.6
 31
0.0
  0
LINE
  5
2D0
330
1F
100
AcDbEntity
  8
AM_0
100
AcDbLine
 10
-33.9205
 20
56.158
 30
0.0
 11
-33.9205
 21
56.129186143716
 31
0.0
  0
LINE
  5
2D1
330
1F
100
AcDbEntity
  8
AM_9
100
AcDbLine
 10
-21.39630892402509
 20
55.054777211566
 30
0.0
 11
-21.39630892402507
 21
54.6
 31
0.0
  0
LINE
  5
2D2
330
1F
100
AcDbEntity
  8
AM_9
100
AcDbLine
 10
-23.78356374764045
 20
55.054777211566
 30
0.0
 11
-23.78356374764045
 21
54.6
 31
0.0
  0
LINE
  5
2D3
330
1F
100
AcDbEntity
  8
AM_9
100
AcDbLine
 10
-21.11199999999999
 20
54.6
 30
0.0
 11
-21.11199999999999
 21
55.054777211566
 31
0.0
  0
LINE
  5
2D4
330
1F
100
AcDbEntity
  8
AM_9
100
AcDbLine
 10
-21.39630892402509
 20
55.054777211566
 30
0.0
 11
-21.28038227682027
 21
55.03336753507014
 31
0.0
  0
LINE
  5
2D5
330
1F
100
AcDbEntity
  8
AM_9
100
AcDbLine
 10
-20.99200000000001
 20
55.03336753507015
 30
0.0
 11
-21.11200000000001
 21
55.054777211566
 31
0.0
  0
LINE
  5
2D6
330
1F
100
AcDbEntity
  8
AM_9
100
AcDbLine
 10
-21.11200000000001
 20
55.054777211566
 30
0.0
 11
-21.47731928514217
 21
55.054777211566
 31
0.0
  0
LINE
  5
2D7
330
1F
100
AcDbEntity
  8
AM_9
100
AcDbLine
 10
-21.28038227682027
 20
55.03336753507014
 30
0.0
 11
-21.28038227682026
 21
54.6
 31
0.0
  0
LINE
  5
2D8
330
1F
100
AcDbEntity
  8
AM_9
100
AcDbLine
 10
-23.69869955193541
 20
55.03336753507014
 30
0.0
 11
-23.69869955193541
 21
54.6
 31
0.0
  0
LINE
  5
2D9
330
1F
100
AcDbEntity
  8
AM_9
100
AcDbLine
 10
-20.992
 20
54.6
 30
0.0
 11
-20.992
 21
55.03336753507014
 31
0.0
  0
LINE
  5
2DA
330
1F
100
AcDbEntity
  8
AM_9
100
AcDbLine
 10
-20.992
 20
55.03336753507014
 30
0.0
 11
-21.36139263793734
 21
55.03336753507014
 31
0.0
  0
LINE
  5
2DB
330
1F
100
AcDbEntity
  8
AM_9
100
AcDbLine
 10
-33.17265729580662
 20
56.129186143716
 30
0.0
 11
-33.1726572958066
 21
54.6
 31
0.0
  0
LINE
  5
2DC
330
1F
100
AcDbEntity
  8
AM_9
100
AcDbLine
 10
-34.00072480681725
 20
56.129186143716
 30
0.0
 11
-34.00072480681722
 21
54.6
 31
0.0
  0
LINE
  5
2DD
330
1F
100
AcDbEntity
  8
AM_9
100
AcDbLine
 10
-34.08199999999999
 20
56.129186143716
 30
0.0
 11
-34.08199999999999
 21
54.6
 31
0.0
  0
LINE
  5
2DE
330
1F
100
AcDbEntity
  8
AM_9
100
AcDbLine
 10
-33.25122343953826
 20
56.10938219295734
 30
0.0
 11
-33.25122343953824
 21
54.6
 31
0.0
  0
LINE
  5
2DF
330
1F
100
AcDbEntity
  8
AM_9
100
AcDbLine
 10
-34.10804815503202
 20
56.10938219295735
 30
0.0
 11
-34.10804815503202
 21
54.6
 31
0.0
  0
LINE
  5
2E0
330
1F
100
AcDbEntity
  8
AM_9
100
AcDbLine
 10
-34.193
 20
56.04979192671057
 30
0.0
 11
-34.193
 21
54.6
 31
0.0
  0
LINE
  5
2E1
330
1F
100
AcDbEntity
  8
AM_0
100
AcDbLine
 10
-34.193
 20
56.10938219295735
 30
0.0
 11
-34.193
 21
56.04979192671057
 31
0.0
  0
LINE
  5
2E2
330
1F
100
AcDbEntity
  8
AM_9
100
AcDbLine
 10
-33.25122343953826
 20
56.10938219295734
 30
0.0
 11
-33.17265729580662
 21
56.129186143716
 31
0.0
  0
LINE
  5
2E3
330
1F
100
AcDbEntity
  8
AM_0
100
AcDbLine
 10
-34.08200000000003
 20
56.129186143716
 30
0.0
 11
-34.193
 21
56.10938219295735
 31
0.0
  0
LINE
  5
2E4
330
1F
100
AcDbEntity
  8
AM_0
100
AcDbLine
 10
-34.08200000000003
 20
56.129186143716
 30
0.0
 11
-33.36792053209232
 21
56.129186143716
 31
0.0
  0
LINE
  5
2E5
330
1F
100
AcDbEntity
  8
AM_0
100
AcDbLine
 10
-34.19300000000003
 20
56.10938219295734
 30
0.0
 11
-33.4468374892045
 21
56.10938219295734
 31
0.0
  0
LINE
  5
2E6
330
1F
100
AcDbEntity
  8
AM_9
100
AcDbLine
 10
-20.85725316477828
 20
54.9552222158603
 30
0.0
 11
-20.85725316477825
 21
54.6
 31
0.0
  0
LINE
  5
2E7
330
1F
100
AcDbEntity
  8
AM_9
100
AcDbLine
 10
-23.38894754375916
 20
54.9552222158603
 30
0.0
 11
-23.38894754375915
 21
54.6
 31
0.0
  0
LINE
  5
2E8
330
1F
100
AcDbEntity
  8
AM_9
100
AcDbLine
 10
-20.55399999999999
 20
54.6
 30
0.0
 11
-20.55399999999999
 21
54.9552222158603
 31
0.0
  0
LINE
  5
2E9
330
1F
100
AcDbEntity
  8
AM_9
100
AcDbLine
 10
-20.74132818621051
 20
54.93381253936445
 30
0.0
 11
-20.7413281862105
 21
54.6
 31
0.0
  0
LINE
  5
2EA
330
1F
100
AcDbEntity
  8
AM_9
100
AcDbLine
 10
-23.30408456958124
 20
54.93381253936445
 30
0.0
 11
-23.30408456958123
 21
54.6
 31
0.0
  0
LINE
  5
2EB
330
1F
100
AcDbEntity
  8
AM_9
100
AcDbLine
 10
-20.434
 20
54.6
 30
0.0
 11
-20.434
 21
54.93381253936445
 31
0.0
  0
LINE
  5
2EC
330
1F
100
AcDbEntity
  8
AM_9
100
AcDbLine
 10
-20.85725316477828
 20
54.9552222158603
 30
0.0
 11
-20.74132818621051
 21
54.93381253936445
 31
0.0
  0
LINE
  5
2ED
330
1F
100
AcDbEntity
  8
AM_9
100
AcDbLine
 10
-20.81605341353066
 20
54.93381253936445
 30
0.0
 11
-20.43400000000002
 21
54.93381253936445
 31
0.0
  0
LINE
  5
2EE
330
1F
100
AcDbEntity
  8
AM_9
100
AcDbLine
 10
-20.92991440665251
 20
54.9552222158603
 30
0.0
 11
-20.55400000000003
 21
54.9552222158603
 31
0.0
  0
LINE
  5
2EF
330
1F
100
AcDbEntity
  8
AM_9
100
AcDbLine
 10
-20.43400000000002
 20
54.93381253936445
 30
0.0
 11
-20.55400000000003
 21
54.9552222158603
 31
0.0
  0
LINE
  5
2F0
330
1F
100
AcDbEntity
  8
AM_9
100
AcDbLine
 10
-20.31917070957451
 20
54.8558456341254
 30
0.0
 11
-20.31917070957451
 21
54.6
 31
0.0
  0
LINE
  5
2F1
330
1F
100
AcDbEntity
  8
AM_9
100
AcDbLine
 10
-22.99504384788862
 20
54.8558456341254
 30
0.0
 11
-22.99504384788862
 21
54.6
 31
0.0
  0
LINE
  5
2F2
330
1F
100
AcDbEntity
  8
AM_9
100
AcDbLine
 10
-19.997
 20
54.6
 30
0.0
 11
-19.997
 21
54.8558456341254
 31
0.0
  0
LINE
  5
2F3
330
1F
100
AcDbEntity
  8
AM_9
100
AcDbLine
 10
-20.31917070957451
 20
54.8558456341254
 30
0.0
 11
-20.20324714240606
 21
54.83443595762955
 31
0.0
  0
LINE
  5
2F4
330
1F
100
AcDbEntity
  8
AM_9
100
AcDbLine
 10
-20.40018107069162
 20
54.8558456341254
 30
0.0
 11
-19.997
 21
54.8558456341254
 31
0.0
  0
LINE
  5
2F5
330
1F
100
AcDbEntity
  8
AM_9
100
AcDbLine
 10
-19.87700000000003
 20
54.83443595762955
 30
0.0
 11
-19.997
 21
54.8558456341254
 31
0.0
  0
LINE
  5
2F6
330
1F
100
AcDbEntity
  8
AM_9
100
AcDbLine
 10
-20.20324714240606
 20
54.83443595762955
 30
0.0
 11
-20.20324714240603
 21
54.6
 31
0.0
  0
LINE
  5
2F7
330
1F
100
AcDbEntity
  8
AM_9
100
AcDbLine
 10
-22.91018190692668
 20
54.83443595762955
 30
0.0
 11
-22.91018190692667
 21
54.6
 31
0.0
  0
LINE
  5
2F8
330
1F
100
AcDbEntity
  8
AM_9
100
AcDbLine
 10
-20.28119042884881
 20
54.83443595762955
 30
0.0
 11
-19.87700000000003
 21
54.83443595762955
 31
0.0
  0
LINE
  5
2F9
330
1F
100
AcDbEntity
  8
AM_9
100
AcDbLine
 10
-19.877
 20
54.6
 30
0.0
 11
-19.877
 21
54.83443595762955
 31
0.0
  0
LINE
  5
2FA
330
1F
100
AcDbEntity
  8
AM_9
100
AcDbLine
 10
-33.48760323175432
 20
56.04979192671057
 30
0.0
 11
-33.48760323175433
 21
54.6
 31
0.0
  0
LINE
  5
2FB
330
1F
100
AcDbEntity
  8
AM_9
100
AcDbLine
 10
-34.43094895614048
 20
56.04979192671057
 30
0.0
 11
-34.43094895614048
 21
54.6
 31
0.0
  0
LINE
  5
2FC
330
1F
100
AcDbEntity
  8
AM_9
100
AcDbLine
 10
-34.527
 20
56.04979192671057
 30
0.0
 11
-34.527
 21
54.6
 31
0.0
  0
LINE
  5
2FD
330
1F
100
AcDbEntity
  8
AM_9
100
AcDbLine
 10
-19.76853614942739
 20
54.75414967077012
 30
0.0
 11
-19.76853614942738
 21
54.6
 31
0.0
  0
LINE
  5
2FE
330
1F
100
AcDbEntity
  8
AM_9
100
AcDbLine
 10
-22.59195137345757
 20
54.75414967077012
 30
0.0
 11
-22.59195137345758
 21
54.6
 31
0.0
  0
LINE
  5
2FF
330
1F
100
AcDbEntity
  8
AM_9
100
AcDbLine
 10
-19.427
 20
54.6
 30
0.0
 11
-19.427
 21
54.75414967077012
 31
0.0
  0
LINE
  5
300
330
1F
100
AcDbEntity
  8
AM_9
100
AcDbLine
 10
-33.57252176894246
 20
56.02838225021472
 30
0.0
 11
-33.57252176894244
 21
54.6
 31
0.0
  0
LINE
  5
301
330
1F
100
AcDbEntity
  8
AM_9
100
AcDbLine
 10
-34.54694983519166
 20
56.02838225021472
 30
0.0
 11
-34.54694983519166
 21
54.6
 31
0.0
  0
LINE
  5
302
330
1F
100
AcDbEntity
  8
AM_9
100
AcDbLine
 10
-34.647
 20
55.94827437732608
 30
0.0
 11
-34.647
 21
54.6
 31
0.0
  0
LINE
  5
303
330
1F
100
AcDbEntity
  8
AM_0
100
AcDbLine
 10
-34.647
 20
56.02838225021472
 30
0.0
 11
-34.647
 21
55.94827437732608
 31
0.0
  0
LINE
  5
304
330
1F
100
AcDbEntity
  8
AM_9
100
AcDbLine
 10
-33.57252176894246
 20
56.02838225021472
 30
0.0
 11
-33.48760323175432
 21
56.04979192671057
 31
0.0
  0
LINE
  5
305
330
1F
100
AcDbEntity
  8
AM_0
100
AcDbLine
 10
-34.52699999999999
 20
56.04979192671057
 30
0.0
 11
-34.647
 21
56.02838225021472
 31
0.0
  0
LINE
  5
306
330
1F
100
AcDbEntity
  8
AM_0
100
AcDbLine
 10
-34.52699999999999
 20
56.04979192671057
 30
0.0
 11
-33.69532312242754
 21
56.04979192671057
 31
0.0
  0
LINE
  5
307
330
1F
100
AcDbEntity
  8
AM_0
100
AcDbLine
 10
-34.64700000000002
 20
56.02838225021472
 30
0.0
 11
-33.78765064794604
 21
56.02838225021472
 31
0.0
  0
LINE
  5
308
330
1F
100
AcDbEntity
  8
AM_9
100
AcDbLine
 10
-19.65261381485215
 20
54.73273999427427
 30
0.0
 11
-19.65261381485212
 21
54.6
 31
0.0
  0
LINE
  5
309
330
1F
100
AcDbEntity
  8
AM_9
100
AcDbLine
 10
-22.5070903348165
 20
54.73273999427427
 30
0.0
 11
-22.50709033481649
 21
54.6
 31
0.0
  0
LINE
  5
30A
330
1F
100
AcDbEntity
  8
AM_9
100
AcDbLine
 10
-19.307
 20
54.6
 30
0.0
 11
-19.307
 21
54.73273999427427
 31
0.0
  0
LINE
  5
30B
330
1F
100
AcDbEntity
  8
AM_9
100
AcDbLine
 10
-19.76853614942739
 20
54.75414967077012
 30
0.0
 11
-19.65261381485215
 21
54.73273999427427
 31
0.0
  0
LINE
  5
30C
330
1F
100
AcDbEntity
  8
AM_9
100
AcDbLine
 10
-19.72412714226954
 20
54.73273999427427
 30
0.0
 11
-19.30700000000003
 21
54.73273999427427
 31
0.0
  0
LINE
  5
30D
330
1F
100
AcDbEntity
  8
AM_9
100
AcDbLine
 10
-19.84129910357375
 20
54.75414967077012
 30
0.0
 11
-19.42700000000001
 21
54.75414967077012
 31
0.0
  0
LINE
  5
30E
330
1F
100
AcDbEntity
  8
AM_9
100
AcDbLine
 10
-19.30700000000003
 20
54.73273999427427
 30
0.0
 11
-19.42700000000001
 21
54.75414967077012
 31
0.0
  0
LINE
  5
30F
330
1F
100
AcDbEntity
  8
AM_9
100
AcDbLine
 10
-30.233
 20
55.818
 30
0.0
 11
-30.233
 21
56.158
 31
0.0
  0
LINE
  5
310
330
1F
100
AcDbEntity
  8
AM_9
100
AcDbLine
 10
-30.983
 20
55.818
 30
0.0
 11
-30.233
 21
55.818
 31
0.0
  0
LINE
  5
311
330
1F
100
AcDbEntity
  8
AM_9
100
AcDbLine
 10
-30.983
 20
55.818
 30
0.0
 11
-30.983
 21
56.158
 31
0.0
  0
LINE
  5
312
330
1F
100
AcDbEntity
  8
AM_9
100
AcDbLine
 10
-29.88973389196459
 20
55.66
 30
0.0
 11
-29.88973389196458
 21
56.158
 31
0.0
  0
LINE
  5
313
330
1F
100
AcDbEntity
  8
AM_9
100
AcDbLine
 10
-27.70387977342133
 20
55.66
 30
0.0
 11
-27.70387977342133
 21
56.158
 31
0.0
  0
LINE
  5
314
330
1F
100
AcDbEntity
  8
AM_9
100
AcDbLine
 10
-19.24012537257008
 20
54.65655722874322
 30
0.0
 11
-19.24012537257004
 21
54.6
 31
0.0
  0
LINE
  5
315
330
1F
100
AcDbEntity
  8
AM_9
100
AcDbLine
 10
-22.20512783753105
 20
54.65655722874322
 30
0.0
 11
-22.20512783753106
 21
54.6
 31
0.0
  0
LINE
  5
316
330
1F
100
AcDbEntity
  8
AM_9
100
AcDbLine
 10
-18.88
 20
54.6
 30
0.0
 11
-18.88
 21
54.65655722874322
 31
0.0
  0
LINE
  5
317
330
1F
100
AcDbEntity
  8
AM_9
100
AcDbLine
 10
-31.22528981003792
 20
55.66
 30
0.0
 11
-31.22528981003792
 21
56.158
 31
0.0
  0
LINE
  5
318
330
1F
100
AcDbEntity
  8
AM_9
100
AcDbLine
 10
-33.48880801131343
 20
55.66
 30
0.0
 11
-33.48880801131343
 21
56.158
 31
0.0
  0
LINE
  5
319
330
1F
100
AcDbEntity
  8
AM_9
100
AcDbLine
 10
-19.12420405668033
 20
54.63514755224735
 30
0.0
 11
-19.12420405668036
 21
54.6
 31
0.0
  0
LINE
  5
31A
330
1F
100
AcDbEntity
  8
AM_9
100
AcDbLine
 10
-22.12026754461955
 20
54.63514755224735
 30
0.0
 11
-22.12026754461958
 21
54.6
 31
0.0
  0
LINE
  5
31B
330
1F
100
AcDbEntity
  8
AM_9
100
AcDbLine
 10
-18.76000000000001
 20
54.6
 30
0.0
 11
-18.76000000000001
 21
54.63514755224735
 31
0.0
  0
LINE
  5
31C
330
1F
100
AcDbEntity
  8
AM_9
100
AcDbLine
 10
-19.24012537257008
 20
54.65655722874322
 30
0.0
 11
-19.12420405668033
 21
54.63514755224735
 31
0.0
  0
LINE
  5
31D
330
1F
100
AcDbEntity
  8
AM_9
100
AcDbLine
 10
-19.307
 20
54.65655722874322
 30
0.0
 11
-18.88000000000004
 21
54.65655722874322
 31
0.0
  0
LINE
  5
31E
330
1F
100
AcDbEntity
  8
AM_9
100
AcDbLine
 10
-18.75999999999997
 20
54.63514755224735
 30
0.0
 11
-18.88000000000004
 21
54.65655722874322
 31
0.0
  0
LINE
  5
31F
330
1F
100
AcDbEntity
  8
AM_9
100
AcDbLine
 10
-18.75999999999997
 20
54.63514755224735
 30
0.0
 11
-19.20521441779745
 21
54.63514755224735
 31
0.0
  0
LINE
  5
320
330
1F
100
AcDbEntity
  8
AM_9
100
AcDbLine
 10
-30.34145721237164
 20
55.66
 30
0.0
 11
-27.64323462217583
 21
55.66
 31
0.0
  0
LINE
  5
321
330
1F
100
AcDbEntity
  8
AM_9
100
AcDbLine
 10
-29.8747347344374
 20
55.66
 30
0.0
 11
-29.8747347344374
 21
56.158
 31
0.0
  0
LINE
  5
322
330
1F
100
AcDbEntity
  8
AM_9
100
AcDbLine
 10
-31.23818033486863
 20
55.66
 30
0.0
 11
-31.23818033486863
 21
56.158
 31
0.0
  0
LINE
  5
323
330
1F
100
AcDbEntity
  8
AM_9
100
AcDbLine
 10
-36.76862792461225
 20
5.738
 30
0.0
 11
-36.76862792461225
 21
5.453
 31
0.0
  0
LINE
  5
324
330
1F
100
AcDbEntity
  8
AM_9
100
AcDbLine
 10
-33.89022742026525
 20
55.94827437732609
 30
0.0
 11
-33.89022742026528
 21
54.6
 31
0.0
  0
LINE
  5
325
330
1F
100
AcDbEntity
  8
AM_9
100
AcDbLine
 10
-34.9809438258245
 20
55.94827437732609
 30
0.0
 11
-34.98094382582453
 21
54.6
 31
0.0
  0
LINE
  5
326
330
1F
100
AcDbEntity
  8
AM_9
100
AcDbLine
 10
-35.096
 20
55.94827437732609
 30
0.0
 11
-35.096
 21
54.6
 31
0.0
  0
LINE
  5
327
330
1F
100
AcDbEntity
  8
AM_9
100
AcDbLine
 10
-33.97513052447478
 20
55.92686470083024
 30
0.0
 11
-33.89022742026525
 21
55.94827437732609
 31
0.0
  0
LINE
  5
328
330
1F
100
AcDbEntity
  8
AM_0
100
AcDbLine
 10
-35.09599999999997
 20
55.94827437732609
 30
0.0
 11
-35.21599999999999
 21
55.92686470083024
 31
0.0
  0
LINE
  5
329
330
1F
100
AcDbEntity
  8
AM_0
100
AcDbLine
 10
-35.09599999999997
 20
55.94827437732609
 30
0.0
 11
-34.13352982231758
 21
55.94827437732609
 31
0.0
  0
LINE
  5
32A
330
1F
100
AcDbEntity
  8
AM_9
100
AcDbLine
 10
-33.97513052447478
 20
55.92686470083024
 30
0.0
 11
-33.97513052447479
 21
54.6
 31
0.0
  0
LINE
  5
32B
330
1F
100
AcDbEntity
  8
AM_9
100
AcDbLine
 10
-35.09692362303488
 20
55.92686470083024
 30
0.0
 11
-35.09692362303488
 21
54.6
 31
0.0
  0
LINE
  5
32C
330
1F
100
AcDbEntity
  8
AM_9
100
AcDbLine
 10
-35.21599999999999
 20
55.85068193529917
 30
0.0
 11
-35.21599999999999
 21
54.6
 31
0.0
  0
LINE
  5
32D
330
1F
100
AcDbEntity
  8
AM_0
100
AcDbLine
 10
-35.21599999999999
 20
55.92686470083024
 30
0.0
 11
-35.21599999999999
 21
55.85068193529917
 31
0.0
  0
LINE
  5
32E
330
1F
100
AcDbEntity
  8
AM_0
100
AcDbLine
 10
-35.21599999999999
 20
55.92686470083024
 30
0.0
 11
-34.22607699147572
 21
55.92686470083024
 31
0.0
  0
LINE
  5
32F
330
1F
100
AcDbEntity
  8
AM_9
100
AcDbLine
 10
-29.60045189518431
 20
56.158
 30
0.0
 11
-29.60045189518431
 21
54.6
 31
0.0
  0
LINE
  5
330
330
1F
100
AcDbEntity
  8
AM_9
100
AcDbLine
 10
-29.55860806647798
 20
56.129186143716
 30
0.0
 11
-29.55860806647799
 21
54.6
 31
0.0
  0
LINE
  5
331
330
1F
100
AcDbEntity
  8
AM_9
100
AcDbLine
 10
-29.52985086199483
 20
56.10938219295735
 30
0.0
 11
-29.52985086199483
 21
54.6
 31
0.0
  0
LINE
  5
332
330
1F
100
AcDbEntity
  8
AM_9
100
AcDbLine
 10
-29.55860806647798
 20
56.129186143716
 30
0.0
 11
-29.52985086199483
 21
56.10938219295735
 31
0.0
  0
LINE
  5
333
330
1F
100
AcDbEntity
  8
AM_0
100
AcDbLine
 10
-29.48822107085355
 20
56.129186143716
 30
0.0
 11
-27.29628555429984
 21
56.129186143716
 31
0.0
  0
LINE
  5
334
330
1F
100
AcDbEntity
  8
AM_0
100
AcDbLine
 10
-29.45765388825521
 20
56.10938219295735
 30
0.0
 11
-27.18896220608506
 21
56.10938219295735
 31
0.0
  0
LINE
  5
335
330
1F
100
AcDbEntity
  8
AM_9
100
AcDbLine
 10
-34.27722461410885
 20
55.85068193529918
 30
0.0
 11
-34.27722461410885
 21
54.6
 31
0.0
  0
LINE
  5
336
330
1F
100
AcDbEntity
  8
AM_9
100
AcDbLine
 10
-35.50959182380814
 20
55.85068193529918
 30
0.0
 11
-35.50959182380815
 21
54.6
 31
0.0
  0
LINE
  5
337
330
1F
100
AcDbEntity
  8
AM_9
100
AcDbLine
 10
-35.643
 20
55.85068193529918
 30
0.0
 11
-35.643
 21
54.6
 31
0.0
  0
LINE
  5
338
330
1F
100
AcDbEntity
  8
AM_0
100
AcDbLine
 10
-27.12935858028024
 20
56.158
 30
0.0
 11
-34.08664141971976
 21
56.158
 31
0.0
  0
LINE
  5
339
330
1F
100
AcDbEntity
  8
AM_0
100
AcDbLine
 10
-18.25286832202579
 20
54.61677588466689
 30
0.0
 11
-27.12935858028024
 21
56.158
 31
0.0
  0
LINE
  5
33A
330
1F
100
AcDbEntity
  8
AM_0
100
AcDbLine
 10
-18.33387868313663
 20
54.61677588466689
 30
0.0
 11
-18.25286832202579
 21
54.61677588466689
 31
0.0
  0
LINE
  5
33B
330
1F
100
AcDbEntity
  8
AM_0
100
AcDbLine
 10
-18.25286832202579
 20
54.61677588466689
 30
0.0
 11
-18.25286832201954
 21
54.6
 31
0.0
  0
LINE
  5
33C
330
1F
100
AcDbEntity
  8
AM_9
100
AcDbLine
 10
-19.32113573368712
 20
54.6565572287432
 30
0.0
 11
-19.32113573368713
 21
54.6
 31
0.0
  0
LINE
  5
33D
330
1F
100
AcDbEntity
  8
AM_9
100
AcDbLine
 10
-19.84954651054446
 20
54.75414967077012
 30
0.0
 11
-19.84954651054447
 21
54.6
 31
0.0
  0
LINE
  5
33E
330
1F
100
AcDbEntity
  8
AM_9
100
AcDbLine
 10
-20.40018107069162
 20
54.8558456341254
 30
0.0
 11
-20.4001810706916
 21
54.6
 31
0.0
  0
LINE
  5
33F
330
1F
100
AcDbEntity
  8
AM_9
100
AcDbLine
 10
-20.93826352589539
 20
54.9552222158603
 30
0.0
 11
-20.93826352589534
 21
54.6
 31
0.0
  0
LINE
  5
340
330
1F
100
AcDbEntity
  8
AM_9
100
AcDbLine
 10
-21.47731928514218
 20
55.054777211566
 30
0.0
 11
-21.47731928514217
 21
54.6
 31
0.0
  0
LINE
  5
341
330
1F
100
AcDbEntity
  8
AM_9
100
AcDbLine
 10
-22.0154176062021
 20
55.15415379330089
 30
0.0
 11
-22.01541760620209
 21
54.6
 31
0.0
  0
LINE
  5
342
330
1F
100
AcDbEntity
  8
AM_9
100
AcDbLine
 10
-22.55449234215085
 20
55.25370878900659
 30
0.0
 11
-22.55449234215085
 21
54.6
 31
0.0
  0
LINE
  5
343
330
1F
100
AcDbEntity
  8
AM_9
100
AcDbLine
 10
-23.09357965320007
 20
55.35326378471229
 30
0.0
 11
-23.09357965320006
 21
54.6
 31
0.0
  0
LINE
  5
344
330
1F
100
AcDbEntity
  8
AM_9
100
AcDbLine
 10
-23.6317162881269
 20
55.45264036644719
 30
0.0
 11
-23.63171628812687
 21
54.6
 31
0.0
  0
LINE
  5
345
330
1F
100
AcDbEntity
  8
AM_9
100
AcDbLine
 10
-24.17083837205027
 20
55.55219536215288
 30
0.0
 11
-24.17083837205028
 21
54.6
 31
0.0
  0
LINE
  5
346
330
1F
100
AcDbEntity
  8
AM_9
100
AcDbLine
 10
-24.7099850503434
 20
55.65175035785858
 30
0.0
 11
-24.7099850503434
 21
54.6
 31
0.0
  0
LINE
  5
347
330
1F
100
AcDbEntity
  8
AM_9
100
AcDbLine
 10
-25.24916369055112
 20
55.75130535356427
 30
0.0
 11
-25.24916369055113
 21
54.6
 31
0.0
  0
LINE
  5
348
330
1F
100
AcDbEntity
  8
AM_9
100
AcDbLine
 10
-25.78741853730897
 20
55.85068193529918
 30
0.0
 11
-25.78741853730894
 21
54.6
 31
0.0
  0
LINE
  5
349
330
1F
100
AcDbEntity
  8
AM_9
100
AcDbLine
 10
-26.31606653529256
 20
55.94827437732609
 30
0.0
 11
-26.31606653529255
 21
54.6
 31
0.0
  0
LINE
  5
34A
330
1F
100
AcDbEntity
  8
AM_9
100
AcDbLine
 10
-26.86606140497661
 20
56.04979192671057
 30
0.0
 11
-26.86606140497661
 21
54.6
 31
0.0
  0
LINE
  5
34B
330
1F
100
AcDbEntity
  8
AM_0
100
AcDbLine
 10
-27.21036894139734
 20
56.158
 30
0.0
 11
-18.33387868313663
 21
54.61677588466689
 31
0.0
  0
LINE
  5
34C
330
1F
100
AcDbEntity
  8
AM_9
100
AcDbLine
 10
-27.45244884901507
 20
56.129186143716
 30
0.0
 11
-27.45244884901507
 21
54.6
 31
0.0
  0
LINE
  5
34D
330
1F
100
AcDbEntity
  8
AM_0
100
AcDbLine
 10
-27.45244884901507
 20
56.158
 30
0.0
 11
-27.45244884901507
 21
56.129186143716
 31
0.0
  0
LINE
  5
34E
330
1F
100
AcDbEntity
  8
AM_9
100
AcDbLine
 10
-27.29628555429984
 20
56.129186143716
 30
0.0
 11
-27.29628555429986
 21
54.6
 31
0.0
  0
LINE
  5
34F
330
1F
100
AcDbEntity
  8
AM_0
100
AcDbLine
 10
-27.18896220608506
 20
56.10938219295735
 30
0.0
 11
-27.29628555429984
 21
56.129186143716
 31
0.0
  0
LINE
  5
350
330
1F
100
AcDbEntity
  8
AM_9
100
AcDbLine
 10
-27.18896220608507
 20
56.04979192671057
 30
0.0
 11
-27.18896220608507
 21
54.6
 31
0.0
  0
LINE
  5
351
330
1F
100
AcDbEntity
  8
AM_0
100
AcDbLine
 10
-27.18896220608506
 20
56.10938219295735
 30
0.0
 11
-27.18896220608507
 21
56.04979192671057
 31
0.0
  0
LINE
  5
352
330
1F
100
AcDbEntity
  8
AM_0
100
AcDbLine
 10
-18.33387868313663
 20
54.61677588466689
 30
0.0
 11
-18.33387868313663
 21
54.6
 31
0.0
  0
LINE
  5
353
330
1F
100
AcDbEntity
  8
AM_9
100
AcDbLine
 10
-34.36211749093185
 20
55.82927225880332
 30
0.0
 11
-34.36211749093185
 21
54.6
 31
0.0
  0
LINE
  5
354
330
1F
100
AcDbEntity
  8
AM_9
100
AcDbLine
 10
-35.6255576501487
 20
55.82927225880333
 30
0.0
 11
-35.6255576501487
 21
54.6
 31
0.0
  0
LINE
  5
355
330
1F
100
AcDbEntity
  8
AM_9
100
AcDbLine
 10
-35.763
 20
55.75130535356428
 30
0.0
 11
-35.763
 21
54.6
 31
0.0
  0
LINE
  5
356
330
1F
100
AcDbEntity
  8
AM_0
100
AcDbLine
 10
-35.763
 20
55.82927225880333
 30
0.0
 11
-35.763
 21
55.75130535356428
 31
0.0
  0
LINE
  5
357
330
1F
100
AcDbEntity
  8
AM_9
100
AcDbLine
 10
-34.36211749093185
 20
55.82927225880332
 30
0.0
 11
-34.27722461410885
 21
55.85068193529918
 31
0.0
  0
LINE
  5
358
330
1F
100
AcDbEntity
  8
AM_0
100
AcDbLine
 10
-35.643
 20
55.85068193529918
 30
0.0
 11
-35.763
 21
55.82927225880332
 31
0.0
  0
LINE
  5
359
330
1F
100
AcDbEntity
  8
AM_9
100
AcDbLine
 10
-34.54345353578601
 20
55.85068193529918
 30
0.0
 11
-34.05590019159746
 21
55.85068193529917
 31
0.0
  0
LINE
  5
35A
330
1F
100
AcDbEntity
  8
AM_0
100
AcDbLine
 10
-35.643
 20
55.85068193529918
 30
0.0
 11
-34.54345353578601
 21
55.85068193529918
 31
0.0
  0
LINE
  5
35B
330
1F
100
AcDbEntity
  8
AM_0
100
AcDbLine
 10
-35.76300000000001
 20
55.82927225880332
 30
0.0
 11
-34.63043250377866
 21
55.82927225880332
 31
0.0
  0
LINE
  5
35C
330
1F
100
AcDbEntity
  8
AM_0
100
AcDbLine
 10
-32.95133287329521
 20
56.12918614371601
 30
0.0
 11
-29.86094285010647
 21
56.12918614371601
 31
0.0
  0
LINE
  5
35D
330
1F
100
AcDbEntity
  8
AM_0
100
AcDbLine
 10
-33.02989901702685
 20
56.10938219295735
 30
0.0
 11
-29.83218564562331
 21
56.10938219295735
 31
0.0
  0
LINE
  5
35E
330
1F
100
AcDbEntity
  8
AM_9
100
AcDbLine
 10
-41.32937207538775
 20
5.453
 30
0.0
 11
-41.32937207538775
 21
5.226000000000001
 31
0.0
  0
LINE
  5
35F
330
1F
100
AcDbEntity
  8
AM_9
100
AcDbLine
 10
-42.136
 20
5.453
 30
0.0
 11
-42.136
 21
5.226000000000001
 31
0.0
  0
LINE
  5
360
330
1F
100
AcDbEntity
  8
AM_9
100
AcDbLine
 10
-29.44332985310246
 20
56.04979192671057
 30
0.0
 11
-29.44332985310245
 21
54.6
 31
0.0
  0
LINE
  5
361
330
1F
100
AcDbEntity
  8
AM_9
100
AcDbLine
 10
-40.761
 20
5.738
 30
0.0
 11
-19.753
 21
5.738
 31
0.0
  0
LINE
  5
362
330
1F
100
AcDbEntity
  8
AM_9
100
AcDbLine
 10
-34.8212558492245
 20
5.738
 30
0.0
 11
-34.8212558492245
 21
5.453
 31
0.0
  0
LINE
  5
363
330
1F
100
AcDbEntity
  8
AM_9
100
AcDbLine
 10
-24.45890487019156
 20
5.738
 30
0.0
 11
-24.45890487019156
 21
5.453
 31
0.0
  0
LINE
  5
364
330
1F
100
AcDbEntity
  8
AM_9
100
AcDbLine
 10
-34.67125450935575
 20
55.75130535356428
 30
0.0
 11
-34.67125450935576
 21
54.6
 31
0.0
  0
LINE
  5
365
330
1F
100
AcDbEntity
  8
AM_9
100
AcDbLine
 10
-36.04784667056594
 20
55.75130535356428
 30
0.0
 11
-36.04784667056595
 21
54.6
 31
0.0
  0
LINE
  5
366
330
1F
100
AcDbEntity
  8
AM_9
100
AcDbLine
 10
-36.2
 20
55.75130535356428
 30
0.0
 11
-36.2
 21
54.6
 31
0.0
  0
LINE
  5
367
330
1F
100
AcDbEntity
  8
AM_9
100
AcDbLine
 10
-29.44332985310246
 20
56.04979192671057
 30
0.0
 11
-29.41224751123939
 21
56.02838225021472
 31
0.0
  0
LINE
  5
368
330
1F
100
AcDbEntity
  8
AM_0
100
AcDbLine
 10
-29.35401477585926
 20
56.04979192671057
 30
0.0
 11
-26.86606140497661
 21
56.04979192671057
 31
0.0
  0
LINE
  5
369
330
1F
100
AcDbEntity
  8
AM_0
100
AcDbLine
 10
-26.75006052592543
 20
56.02838225021472
 30
0.0
 11
-26.86606140497661
 21
56.04979192671057
 31
0.0
  0
LINE
  5
36A
330
1F
100
AcDbEntity
  8
AM_9
100
AcDbLine
 10
-29.41224751123939
 20
56.02838225021472
 30
0.0
 11
-29.41224751123939
 21
54.6
 31
0.0
  0
LINE
  5
36B
330
1F
100
AcDbEntity
  8
AM_9
100
AcDbLine
 10
-26.75006052592542
 20
55.94827437732609
 30
0.0
 11
-26.75006052592542
 21
54.6
 31
0.0
  0
LINE
  5
36C
330
1F
100
AcDbEntity
  8
AM_0
100
AcDbLine
 10
-26.75006052592543
 20
56.02838225021472
 30
0.0
 11
-26.75006052592542
 21
55.94827437732609
 31
0.0
  0
LINE
  5
36D
330
1F
100
AcDbEntity
  8
AM_0
100
AcDbLine
 10
-29.33262562283557
 20
56.02838225021472
 30
0.0
 11
-26.75006052592543
 21
56.02838225021472
 31
0.0
  0
LINE
  5
36E
330
1F
100
AcDbEntity
  8
AM_9
100
AcDbLine
 10
-34.75684724602068
 20
55.72971726309763
 30
0.0
 11
-34.67125450935575
 21
55.75130535356428
 31
0.0
  0
LINE
  5
36F
330
1F
100
AcDbEntity
  8
AM_0
100
AcDbLine
 10
-36.19999999999997
 20
55.75130535356428
 30
0.0
 11
-36.321
 21
55.72971726309763
 31
0.0
  0
LINE
  5
370
330
1F
100
AcDbEntity
  8
AM_9
100
AcDbLine
 10
-34.95319143770319
 20
55.75130535356428
 30
0.0
 11
-34.44993008684438
 21
55.75130535356428
 31
0.0
  0
LINE
  5
371
330
1F
100
AcDbEntity
  8
AM_0
100
AcDbLine
 10
-36.19999999999997
 20
55.75130535356428
 30
0.0
 11
-34.95319143770319
 21
55.75130535356428
 31
0.0
  0
LINE
  5
372
330
1F
100
AcDbEntity
  8
AM_9
100
AcDbLine
 10
-34.75684724602068
 20
55.72971726309763
 30
0.0
 11
-34.7568472460207
 21
54.6
 31
0.0
  0
LINE
  5
373
330
1F
100
AcDbEntity
  8
AM_9
100
AcDbLine
 10
-36.16476852322968
 20
55.72971726309763
 30
0.0
 11
-36.16476852322968
 21
54.6
 31
0.0
  0
LINE
  5
374
330
1F
100
AcDbEntity
  8
AM_9
100
AcDbLine
 10
-36.32100000000001
 20
55.65175035785857
 30
0.0
 11
-36.32100000000001
 21
54.6
 31
0.0
  0
LINE
  5
375
330
1F
100
AcDbEntity
  8
AM_0
100
AcDbLine
 10
-36.32100000000001
 20
55.72971726309763
 30
0.0
 11
-36.32100000000001
 21
55.65175035785857
 31
0.0
  0
LINE
  5
376
330
1F
100
AcDbEntity
  8
AM_0
100
AcDbLine
 10
-36.32099999999998
 20
55.72971726309763
 30
0.0
 11
-35.04605301011905
 21
55.72971726309763
 31
0.0
  0
LINE
  5
377
330
1F
100
AcDbEntity
  8
AM_0
100
AcDbLine
 10
-33.26627880924295
 20
56.04979192671056
 30
0.0
 11
-29.74566463673093
 21
56.04979192671056
 31
0.0
  0
LINE
  5
378
330
1F
100
AcDbEntity
  8
AM_0
100
AcDbLine
 10
-33.35119734643106
 20
56.02838225021472
 30
0.0
 11
-29.71458229486787
 21
56.02838225021472
 31
0.0
  0
LINE
  5
379
330
1F
100
AcDbEntity
  8
AM_9
100
AcDbLine
 10
-35.06596066834371
 20
55.65175035785858
 30
0.0
 11
-35.06596066834373
 21
54.6
 31
0.0
  0
LINE
  5
37A
330
1F
100
AcDbEntity
  8
AM_9
100
AcDbLine
 10
-36.58702531077368
 20
55.65175035785858
 30
0.0
 11
-36.5870253107737
 21
54.6
 31
0.0
  0
LINE
  5
37B
330
1F
100
AcDbEntity
  8
AM_9
100
AcDbLine
 10
-36.758
 20
55.65175035785858
 30
0.0
 11
-36.758
 21
54.6
 31
0.0
  0
LINE
  5
37C
330
1F
100
AcDbEntity
  8
AM_9
100
AcDbLine
 10
-29.29595917192935
 20
55.94827437732609
 30
0.0
 11
-29.29595917192935
 21
54.6
 31
0.0
  0
LINE
  5
37D
330
1F
100
AcDbEntity
  8
AM_9
100
AcDbLine
 10
-35.15084044266739
 20
55.63034068136274
 30
0.0
 11
-35.06596066834371
 21
55.65175035785858
 31
0.0
  0
LINE
  5
37E
330
1F
100
AcDbEntity
  8
AM_0
100
AcDbLine
 10
-36.75799999999997
 20
55.65175035785858
 30
0.0
 11
-36.878
 21
55.63034068136273
 31
0.0
  0
LINE
  5
37F
330
1F
100
AcDbEntity
  8
AM_0
100
AcDbLine
 10
-36.75799999999997
 20
55.65175035785858
 30
0.0
 11
-35.38172886675469
 21
55.65175035785858
 31
0.0
  0
LINE
  5
380
330
1F
100
AcDbEntity
  8
AM_9
100
AcDbLine
 10
-35.15084044266739
 20
55.63034068136274
 30
0.0
 11
-35.15084044266742
 21
54.6
 31
0.0
  0
LINE
  5
381
330
1F
100
AcDbEntity
  8
AM_9
100
AcDbLine
 10
-36.70297323876735
 20
55.63034068136273
 30
0.0
 11
-36.70297323876735
 21
54.6
 31
0.0
  0
LINE
  5
382
330
1F
100
AcDbEntity
  8
AM_9
100
AcDbLine
 10
-36.878
 20
55.55219536215288
 30
0.0
 11
-36.878
 21
54.6
 31
0.0
  0
LINE
  5
383
330
1F
100
AcDbEntity
  8
AM_0
100
AcDbLine
 10
-36.878
 20
55.63034068136273
 30
0.0
 11
-36.878
 21
55.55219536215288
 31
0.0
  0
LINE
  5
384
330
1F
100
AcDbEntity
  8
AM_0
100
AcDbLine
 10
-36.87799999999996
 20
55.63034068136274
 30
0.0
 11
-35.47398466059692
 21
55.63034068136274
 31
0.0
  0
LINE
  5
385
330
1F
100
AcDbEntity
  8
AM_9
100
AcDbLine
 10
-29.29595917192935
 20
55.94827437732609
 30
0.0
 11
-29.26488247892852
 21
55.92686470083023
 31
0.0
  0
LINE
  5
386
330
1F
100
AcDbEntity
  8
AM_0
100
AcDbLine
 10
-29.20896807569468
 20
55.94827437732609
 30
0.0
 11
-26.31606653529256
 21
55.94827437732609
 31
0.0
  0
LINE
  5
387
330
1F
100
AcDbEntity
  8
AM_0
100
AcDbLine
 10
-26.20008673808221
 20
55.92686470083024
 30
0.0
 11
-26.31606653529256
 21
55.94827437732609
 31
0.0
  0
LINE
  5
388
330
1F
100
AcDbEntity
  8
AM_9
100
AcDbLine
 10
-29.26488247892852
 20
55.92686470083023
 30
0.0
 11
-29.26488247892851
 21
54.6
 31
0.0
  0
LINE
  5
389
330
1F
100
AcDbEntity
  8
AM_9
100
AcDbLine
 10
-26.20008673808221
 20
55.85068193529918
 30
0.0
 11
-26.20008673808221
 21
54.6
 31
0.0
  0
LINE
  5
38A
330
1F
100
AcDbEntity
  8
AM_0
100
AcDbLine
 10
-26.20008673808221
 20
55.92686470083024
 30
0.0
 11
-26.20008673808221
 21
55.85068193529918
 31
0.0
  0
LINE
  5
38B
330
1F
100
AcDbEntity
  8
AM_0
100
AcDbLine
 10
-29.17591857993883
 20
55.92686470083024
 30
0.0
 11
-26.20008673808221
 21
55.92686470083024
 31
0.0
  0
LINE
  5
38C
330
1F
100
AcDbEntity
  8
AM_0
100
AcDbLine
 10
-33.66890299775389
 20
55.94827437732609
 30
0.0
 11
-29.59829395555783
 21
55.94827437732609
 31
0.0
  0
LINE
  5
38D
330
1F
100
AcDbEntity
  8
AM_0
100
AcDbLine
 10
-33.7538061019634
 20
55.92686470083023
 30
0.0
 11
-29.56721726255699
 21
55.92686470083023
 31
0.0
  0
LINE
  5
38E
330
1F
100
AcDbEntity
  8
AM_9
100
AcDbLine
 10
-35.46064342958628
 20
55.55219536215288
 30
0.0
 11
-35.46064342958628
 21
54.6
 31
0.0
  0
LINE
  5
38F
330
1F
100
AcDbEntity
  8
AM_9
100
AcDbLine
 10
-37.12617198906682
 20
55.55219536215288
 30
0.0
 11
-37.1261719890668
 21
54.6
 31
0.0
  0
LINE
  5
390
330
1F
100
AcDbEntity
  8
AM_9
100
AcDbLine
 10
-37.316
 20
55.55219536215288
 30
0.0
 11
-37.316
 21
54.6
 31
0.0
  0
LINE
  5
391
330
1F
100
AcDbEntity
  8
AM_9
100
AcDbLine
 10
-35.54551893950024
 20
55.53078568565704
 30
0.0
 11
-35.46064342958628
 21
55.55219536215288
 31
0.0
  0
LINE
  5
392
330
1F
100
AcDbEntity
  8
AM_0
100
AcDbLine
 10
-37.31600000000001
 20
55.55219536215288
 30
0.0
 11
-37.436
 21
55.53078568565703
 31
0.0
  0
LINE
  5
393
330
1F
100
AcDbEntity
  8
AM_0
100
AcDbLine
 10
-37.31600000000001
 20
55.55219536215288
 30
0.0
 11
-35.80603491915286
 21
55.55219536215288
 31
0.0
  0
LINE
  5
394
330
1F
100
AcDbEntity
  8
AM_9
100
AcDbLine
 10
-35.54551893950024
 20
55.53078568565704
 30
0.0
 11
-35.54551893950028
 21
54.6
 31
0.0
  0
LINE
  5
395
330
1F
100
AcDbEntity
  8
AM_9
100
AcDbLine
 10
-37.24211409176849
 20
55.53078568565703
 30
0.0
 11
-37.24211409176849
 21
54.6
 31
0.0
  0
LINE
  5
396
330
1F
100
AcDbEntity
  8
AM_9
100
AcDbLine
 10
-37.436
 20
55.45264036644719
 30
0.0
 11
-37.436
 21
54.6
 31
0.0
  0
LINE
  5
397
330
1F
100
AcDbEntity
  8
AM_0
100
AcDbLine
 10
-37.436
 20
55.53078568565703
 30
0.0
 11
-37.436
 21
55.45264036644719
 31
0.0
  0
LINE
  5
398
330
1F
100
AcDbEntity
  8
AM_0
100
AcDbLine
 10
-37.43599999999995
 20
55.53078568565704
 30
0.0
 11
-35.89500310015309
 21
55.53078568565704
 31
0.0
  0
LINE
  5
399
330
1F
100
AcDbEntity
  8
AM_9
100
AcDbLine
 10
-29.15430836778932
 20
55.85068193529918
 30
0.0
 11
-29.15430836778931
 21
54.6
 31
0.0
  0
LINE
  5
39A
330
1F
100
AcDbEntity
  8
AM_9
100
AcDbLine
 10
-29.12323541827176
 20
55.82927225880332
 30
0.0
 11
-29.12323541827175
 21
54.6
 31
0.0
  0
LINE
  5
39B
330
1F
100
AcDbEntity
  8
AM_9
100
AcDbLine
 10
-25.67145271096839
 20
55.75130535356427
 30
0.0
 11
-25.67145271096838
 21
54.6
 31
0.0
  0
LINE
  5
39C
330
1F
100
AcDbEntity
  8
AM_0
100
AcDbLine
 10
-25.67145271096838
 20
55.82927225880332
 30
0.0
 11
-25.67145271096839
 21
55.75130535356427
 31
0.0
  0
LINE
  5
39D
330
1F
100
AcDbEntity
  8
AM_9
100
AcDbLine
 10
-29.15430836778932
 20
55.85068193529918
 30
0.0
 11
-29.12323541827176
 21
55.82927225880332
 31
0.0
  0
LINE
  5
39E
330
1F
100
AcDbEntity
  8
AM_0
100
AcDbLine
 10
-29.05831579844422
 20
55.85068193529918
 30
0.0
 11
-25.78741853730897
 21
55.85068193529918
 31
0.0
  0
LINE
  5
39F
330
1F
100
AcDbEntity
  8
AM_0
100
AcDbLine
 10
-29.0252654770814
 20
55.82927225880332
 30
0.0
 11
-25.67145271096838
 21
55.82927225880332
 31
0.0
  0
LINE
  5
3A0
330
1F
100
AcDbEntity
  8
AM_0
100
AcDbLine
 10
-25.67145271096838
 20
55.82927225880332
 30
0.0
 11
-25.78741853730897
 21
55.85068193529918
 31
0.0
  0
LINE
  5
3A1
330
1F
100
AcDbEntity
  8
AM_9
100
AcDbLine
 10
-35.85530818650061
 20
55.45264036644718
 30
0.0
 11
-35.85530818650064
 21
54.6
 31
0.0
  0
LINE
  5
3A2
330
1F
100
AcDbEntity
  8
AM_9
100
AcDbLine
 10
-37.66529407299021
 20
55.45264036644718
 30
0.0
 11
-37.66529407299022
 21
54.6
 31
0.0
  0
LINE
  5
3A3
330
1F
100
AcDbEntity
  8
AM_9
100
AcDbLine
 10
-37.874
 20
55.45264036644718
 30
0.0
 11
-37.874
 21
54.6
 31
0.0
  0
LINE
  5
3A4
330
1F
100
AcDbEntity
  8
AM_9
100
AcDbLine
 10
-35.94018036932046
 20
55.43123068995133
 30
0.0
 11
-35.94018036932046
 21
54.6
 31
0.0
  0
LINE
  5
3A5
330
1F
100
AcDbEntity
  8
AM_9
100
AcDbLine
 10
-37.78123163079673
 20
55.43123068995133
 30
0.0
 11
-37.78123163079673
 21
54.6
 31
0.0
  0
LINE
  5
3A6
330
1F
100
AcDbEntity
  8
AM_9
100
AcDbLine
 10
-37.994
 20
55.35326378471229
 30
0.0
 11
-37.994
 21
54.6
 31
0.0
  0
LINE
  5
3A7
330
1F
100
AcDbEntity
  8
AM_0
100
AcDbLine
 10
-37.994
 20
55.43123068995133
 30
0.0
 11
-37.994
 21
55.35326378471229
 31
0.0
  0
LINE
  5
3A8
330
1F
100
AcDbEntity
  8
AM_9
100
AcDbLine
 10
-35.94018036932046
 20
55.43123068995133
 30
0.0
 11
-35.85530818650061
 21
55.45264036644718
 31
0.0
  0
LINE
  5
3A9
330
1F
100
AcDbEntity
  8
AM_0
100
AcDbLine
 10
-37.87399999999999
 20
55.45264036644718
 30
0.0
 11
-37.99399999999999
 21
55.43123068995133
 31
0.0
  0
LINE
  5
3AA
330
1F
100
AcDbEntity
  8
AM_9
100
AcDbLine
 10
-36.21540085856724
 20
55.45264036644718
 30
0.0
 11
-35.63398376398925
 21
55.45264036644719
 31
0.0
  0
LINE
  5
3AB
330
1F
100
AcDbEntity
  8
AM_0
100
AcDbLine
 10
-37.87399999999999
 20
55.45264036644718
 30
0.0
 11
-36.21540085856724
 21
55.45264036644718
 31
0.0
  0
LINE
  5
3AC
330
1F
100
AcDbEntity
  8
AM_0
100
AcDbLine
 10
-37.99400000000001
 20
55.43123068995133
 30
0.0
 11
-36.301957725818
 21
55.43123068995133
 31
0.0
  0
LINE
  5
3AD
330
1F
100
AcDbEntity
  8
AM_0
100
AcDbLine
 10
-34.05590019159746
 20
55.85068193529918
 30
0.0
 11
-29.45664315141779
 21
55.85068193529918
 31
0.0
  0
LINE
  5
3AE
330
1F
100
AcDbEntity
  8
AM_0
100
AcDbLine
 10
-34.14079306842045
 20
55.82927225880332
 30
0.0
 11
-29.42557020190024
 21
55.82927225880333
 31
0.0
  0
LINE
  5
3AF
330
1F
100
AcDbEntity
  8
AM_9
100
AcDbLine
 10
-29.01008341627842
 20
55.75130535356427
 30
0.0
 11
-29.01008341627842
 21
54.6
 31
0.0
  0
LINE
  5
3B0
330
1F
100
AcDbEntity
  8
AM_9
100
AcDbLine
 10
-36.24925154468119
 20
55.35326378471229
 30
0.0
 11
-36.2492515446812
 21
54.6
 31
0.0
  0
LINE
  5
3B1
330
1F
100
AcDbEntity
  8
AM_9
100
AcDbLine
 10
-38.20343070791702
 20
55.35326378471229
 30
0.0
 11
-38.20343070791704
 21
54.6
 31
0.0
  0
LINE
  5
3B2
330
1F
100
AcDbEntity
  8
AM_9
100
AcDbLine
 10
-38.431
 20
55.35326378471229
 30
0.0
 11
-38.431
 21
54.6
 31
0.0
  0
LINE
  5
3B3
330
1F
100
AcDbEntity
  8
AM_9
100
AcDbLine
 10
-21.07240031735241
 20
5.453
 30
0.0
 11
-21.07240031735241
 21
5.226000000000001
 31
0.0
  0
LINE
  5
3B4
330
1F
100
AcDbEntity
  8
AM_9
100
AcDbLine
 10
-28.97875430027963
 20
55.72971726309763
 30
0.0
 11
-28.97875430027963
 21
54.6
 31
0.0
  0
LINE
  5
3B5
330
1F
100
AcDbEntity
  8
AM_9
100
AcDbLine
 10
-25.13224183788741
 20
55.65175035785858
 30
0.0
 11
-25.13224183788741
 21
54.6
 31
0.0
  0
LINE
  5
3B6
330
1F
100
AcDbEntity
  8
AM_0
100
AcDbLine
 10
-25.13224183788741
 20
55.72971726309763
 30
0.0
 11
-25.13224183788741
 21
55.65175035785858
 31
0.0
  0
LINE
  5
3B7
330
1F
100
AcDbEntity
  8
AM_9
100
AcDbLine
 10
-29.01008341627842
 20
55.75130535356427
 30
0.0
 11
-28.97875430027963
 21
55.72971726309763
 31
0.0
  0
LINE
  5
3B8
330
1F
100
AcDbEntity
  8
AM_0
100
AcDbLine
 10
-28.90490633787973
 20
55.75130535356427
 30
0.0
 11
-25.24916369055112
 21
55.75130535356427
 31
0.0
  0
LINE
  5
3B9
330
1F
100
AcDbEntity
  8
AM_0
100
AcDbLine
 10
-28.87158017166226
 20
55.72971726309763
 30
0.0
 11
-25.13224183788741
 21
55.72971726309763
 31
0.0
  0
LINE
  5
3BA
330
1F
100
AcDbEntity
  8
AM_0
100
AcDbLine
 10
-25.13224183788741
 20
55.72971726309763
 30
0.0
 11
-25.24916369055112
 21
55.75130535356427
 31
0.0
  0
LINE
  5
3BB
330
1F
100
AcDbEntity
  8
AM_9
100
AcDbLine
 10
-36.33412108609393
 20
55.33185410821645
 30
0.0
 11
-36.24925154468119
 21
55.35326378471229
 31
0.0
  0
LINE
  5
3BC
330
1F
100
AcDbEntity
  8
AM_0
100
AcDbLine
 10
-38.43099999999999
 20
55.35326378471229
 30
0.0
 11
-38.551
 21
55.33185410821644
 31
0.0
  0
LINE
  5
3BD
330
1F
100
AcDbEntity
  8
AM_0
100
AcDbLine
 10
-38.43099999999999
 20
55.35326378471229
 30
0.0
 11
-36.63365639368178
 21
55.35326378471229
 31
0.0
  0
LINE
  5
3BE
330
1F
100
AcDbEntity
  8
AM_9
100
AcDbLine
 10
-36.33412108609393
 20
55.33185410821645
 30
0.0
 11
-36.33412108609397
 21
54.6
 31
0.0
  0
LINE
  5
3BF
330
1F
100
AcDbEntity
  8
AM_9
100
AcDbLine
 10
-38.31936465749442
 20
55.33185410821644
 30
0.0
 11
-38.31936465749442
 21
54.6
 31
0.0
  0
LINE
  5
3C0
330
1F
100
AcDbEntity
  8
AM_9
100
AcDbLine
 10
-38.551
 20
55.25370878900659
 30
0.0
 11
-38.551
 21
54.6
 31
0.0
  0
LINE
  5
3C1
330
1F
100
AcDbEntity
  8
AM_0
100
AcDbLine
 10
-38.551
 20
55.33185410821644
 30
0.0
 11
-38.551
 21
55.25370878900659
 31
0.0
  0
LINE
  5
3C2
330
1F
100
AcDbEntity
  8
AM_0
100
AcDbLine
 10
-38.55099999999993
 20
55.33185410821645
 30
0.0
 11
-36.72565891545769
 21
55.33185410821645
 31
0.0
  0
LINE
  5
3C3
330
1F
100
AcDbEntity
  8
AM_0
100
AcDbLine
 10
-34.44993008684438
 20
55.75130535356427
 30
0.0
 11
-29.3124181999069
 21
55.75130535356427
 31
0.0
  0
LINE
  5
3C4
330
1F
100
AcDbEntity
  8
AM_0
100
AcDbLine
 10
-34.5355228235093
 20
55.72971726309763
 30
0.0
 11
-29.2810890839081
 21
55.72971726309763
 31
0.0
  0
LINE
  5
3C5
330
1F
100
AcDbEntity
  8
AM_9
100
AcDbLine
 10
-36.6438908460849
 20
55.25370878900659
 30
0.0
 11
-36.6438908460849
 21
54.6
 31
0.0
  0
LINE
  5
3C6
330
1F
100
AcDbEntity
  8
AM_9
100
AcDbLine
 10
-38.74251801896624
 20
55.25370878900659
 30
0.0
 11
-38.74251801896623
 21
54.6
 31
0.0
  0
LINE
  5
3C7
330
1F
100
AcDbEntity
  8
AM_9
100
AcDbLine
 10
-38.989
 20
55.25370878900659
 30
0.0
 11
-38.989
 21
54.6
 31
0.0
  0
LINE
  5
3C8
330
1F
100
AcDbEntity
  8
AM_9
100
AcDbLine
 10
-28.86561093505865
 20
55.65175035785858
 30
0.0
 11
-28.86561093505865
 21
54.6
 31
0.0
  0
LINE
  5
3C9
330
1F
100
AcDbEntity
  8
AM_9
100
AcDbLine
 10
-36.72875824834198
 20
55.23229911251074
 30
0.0
 11
-36.72875824834195
 21
54.6
 31
0.0
  0
LINE
  5
3CA
330
1F
100
AcDbEntity
  8
AM_9
100
AcDbLine
 10
-38.85844904640257
 20
55.23229911251074
 30
0.0
 11
-38.85844904640257
 21
54.6
 31
0.0
  0
LINE
  5
3CB
330
1F
100
AcDbEntity
  8
AM_9
100
AcDbLine
 10
-39.109
 20
55.15415379330089
 30
0.0
 11
-39.109
 21
54.6
 31
0.0
  0
LINE
  5
3CC
330
1F
100
AcDbEntity
  8
AM_0
100
AcDbLine
 10
-39.109
 20
55.23229911251074
 30
0.0
 11
-39.109
 21
55.15415379330089
 31
0.0
  0
LINE
  5
3CD
330
1F
100
AcDbEntity
  8
AM_9
100
AcDbLine
 10
-36.72875824834198
 20
55.23229911251074
 30
0.0
 11
-36.6438908460849
 21
55.25370878900659
 31
0.0
  0
LINE
  5
3CE
330
1F
100
AcDbEntity
  8
AM_0
100
AcDbLine
 10
-38.989
 20
55.25370878900659
 30
0.0
 11
-39.10900000000001
 21
55.23229911251074
 31
0.0
  0
LINE
  5
3CF
330
1F
100
AcDbEntity
  8
AM_0
100
AcDbLine
 10
-38.989
 20
55.25370878900659
 30
0.0
 11
-37.06169024925058
 21
55.25370878900659
 31
0.0
  0
LINE
  5
3D0
330
1F
100
AcDbEntity
  8
AM_0
100
AcDbLine
 10
-39.10900000000002
 20
55.23229911251074
 30
0.0
 11
-37.15381292144413
 21
55.23229911251074
 31
0.0
  0
LINE
  5
3D1
330
1F
100
AcDbEntity
  8
AM_9
100
AcDbLine
 10
-28.86561093505865
 20
55.65175035785858
 30
0.0
 11
-28.83454278138868
 21
55.63034068136273
 31
0.0
  0
LINE
  5
3D2
330
1F
100
AcDbEntity
  8
AM_0
100
AcDbLine
 10
-28.75121999890803
 20
55.65175035785858
 30
0.0
 11
-24.7099850503434
 21
55.65175035785858
 31
0.0
  0
LINE
  5
3D3
330
1F
100
AcDbEntity
  8
AM_0
100
AcDbLine
 10
-24.59403712234975
 20
55.63034068136273
 30
0.0
 11
-24.7099850503434
 21
55.65175035785858
 31
0.0
  0
LINE
  5
3D4
330
1F
100
AcDbEntity
  8
AM_9
100
AcDbLine
 10
-28.83454278138868
 20
55.63034068136273
 30
0.0
 11
-28.83454278138868
 21
54.6
 31
0.0
  0
LINE
  5
3D5
330
1F
100
AcDbEntity
  8
AM_9
100
AcDbLine
 10
-24.59403712234974
 20
55.55219536215288
 30
0.0
 11
-24.59403712234974
 21
54.6
 31
0.0
  0
LINE
  5
3D6
330
1F
100
AcDbEntity
  8
AM_0
100
AcDbLine
 10
-24.59403712234975
 20
55.63034068136273
 30
0.0
 11
-24.59403712234974
 21
55.55219536215288
 31
0.0
  0
LINE
  5
3D7
330
1F
100
AcDbEntity
  8
AM_0
100
AcDbLine
 10
-28.71816908468153
 20
55.63034068136273
 30
0.0
 11
-24.59403712234975
 21
55.63034068136273
 31
0.0
  0
LINE
  5
3D8
330
1F
100
AcDbEntity
  8
AM_9
100
AcDbLine
 10
-37.03852094187621
 20
55.15415379330089
 30
0.0
 11
-37.03852094187618
 21
54.6
 31
0.0
  0
LINE
  5
3D9
330
1F
100
AcDbEntity
  8
AM_9
100
AcDbLine
 10
-39.28159275491505
 20
55.15415379330089
 30
0.0
 11
-39.28159275491501
 21
54.6
 31
0.0
  0
LINE
  5
3DA
330
1F
100
AcDbEntity
  8
AM_9
100
AcDbLine
 10
-39.547
 20
55.15415379330089
 30
0.0
 11
-39.547
 21
54.6
 31
0.0
  0
LINE
  5
3DB
330
1F
100
AcDbEntity
  8
AM_0
100
AcDbLine
 10
-34.84463624583233
 20
55.65175035785858
 30
0.0
 11
-29.16794571868713
 21
55.65175035785858
 31
0.0
  0
LINE
  5
3DC
330
1F
100
AcDbEntity
  8
AM_0
100
AcDbLine
 10
-34.92951602015604
 20
55.63034068136273
 30
0.0
 11
-29.13687756501717
 21
55.63034068136273
 31
0.0
  0
LINE
  5
3DD
330
1F
100
AcDbEntity
  8
AM_9
100
AcDbLine
 10
-37.12338659057129
 20
55.13274411680506
 30
0.0
 11
-37.03852094187621
 21
55.15415379330089
 31
0.0
  0
LINE
  5
3DE
330
1F
100
AcDbEntity
  8
AM_0
100
AcDbLine
 10
-39.54700000000005
 20
55.15415379330089
 30
0.0
 11
-39.66699999999999
 21
55.13274411680504
 31
0.0
  0
LINE
  5
3DF
330
1F
100
AcDbEntity
  8
AM_9
100
AcDbLine
 10
-37.48451213413689
 20
55.15415379330089
 30
0.0
 11
-36.81719651936478
 21
55.1541537933009
 31
0.0
  0
LINE
  5
3E0
330
1F
100
AcDbEntity
  8
AM_0
100
AcDbLine
 10
-39.54700000000004
 20
55.15415379330089
 30
0.0
 11
-37.48451213413689
 21
55.15415379330089
 31
0.0
  0
LINE
  5
3E1
330
1F
100
AcDbEntity
  8
AM_9
100
AcDbLine
 10
-37.12338659057129
 20
55.13274411680506
 30
0.0
 11
-37.12338659057132
 21
54.6
 31
0.0
  0
LINE
  5
3E2
330
1F
100
AcDbEntity
  8
AM_9
100
AcDbLine
 10
-39.39752138694121
 20
55.13274411680504
 30
0.0
 11
-39.39752138694121
 21
54.6
 31
0.0
  0
LINE
  5
3E3
330
1F
100
AcDbEntity
  8
AM_9
100
AcDbLine
 10
-39.667
 20
55.05477721156599
 30
0.0
 11
-39.667
 21
54.6
 31
0.0
  0
LINE
  5
3E4
330
1F
100
AcDbEntity
  8
AM_0
100
AcDbLine
 10
-39.667
 20
55.13274411680504
 30
0.0
 11
-39.667
 21
55.05477721156599
 31
0.0
  0
LINE
  5
3E5
330
1F
100
AcDbEntity
  8
AM_0
100
AcDbLine
 10
-39.66699999999995
 20
55.13274411680506
 30
0.0
 11
-37.57390200468431
 21
55.13274411680506
 31
0.0
  0
LINE
  5
3E6
330
1F
100
AcDbEntity
  8
AM_9
100
AcDbLine
 10
-28.72114701800808
 20
55.55219536215288
 30
0.0
 11
-28.72114701800809
 21
54.6
 31
0.0
  0
LINE
  5
3E7
330
1F
100
AcDbEntity
  8
AM_9
100
AcDbLine
 10
-28.72114701800808
 20
55.55219536215288
 30
0.0
 11
-28.6900804252204
 21
55.53078568565703
 31
0.0
  0
LINE
  5
3E8
330
1F
100
AcDbEntity
  8
AM_0
100
AcDbLine
 10
-28.59753317104948
 20
55.55219536215288
 30
0.0
 11
-24.17083837205027
 21
55.55219536215288
 31
0.0
  0
LINE
  5
3E9
330
1F
100
AcDbEntity
  8
AM_0
100
AcDbLine
 10
-24.05489626934861
 20
55.53078568565703
 30
0.0
 11
-24.17083837205027
 21
55.55219536215288
 31
0.0
  0
LINE
  5
3EA
330
1F
100
AcDbEntity
  8
AM_9
100
AcDbLine
 10
-28.6900804252204
 20
55.53078568565703
 30
0.0
 11
-28.6900804252204
 21
54.6
 31
0.0
  0
LINE
  5
3EB
330
1F
100
AcDbEntity
  8
AM_9
100
AcDbLine
 10
-24.0548962693486
 20
55.45264036644719
 30
0.0
 11
-24.0548962693486
 21
54.6
 31
0.0
  0
LINE
  5
3EC
330
1F
100
AcDbEntity
  8
AM_0
100
AcDbLine
 10
-24.05489626934861
 20
55.53078568565703
 30
0.0
 11
-24.0548962693486
 21
55.45264036644719
 31
0.0
  0
LINE
  5
3ED
330
1F
100
AcDbEntity
  8
AM_0
100
AcDbLine
 10
-28.564482238807
 20
55.53078568565703
 30
0.0
 11
-24.05489626934861
 21
55.53078568565703
 31
0.0
  0
LINE
  5
3EE
330
1F
100
AcDbEntity
  8
AM_9
100
AcDbLine
 10
-37.4324362523596
 20
55.05477721156598
 30
0.0
 11
-37.43243625235955
 21
54.6
 31
0.0
  0
LINE
  5
3EF
330
1F
100
AcDbEntity
  8
AM_9
100
AcDbLine
 10
-39.81969107597501
 20
55.05477721156598
 30
0.0
 11
-39.81969107597494
 21
54.6
 31
0.0
  0
LINE
  5
3F0
330
1F
100
AcDbEntity
  8
AM_9
100
AcDbLine
 10
-40.104
 20
55.05477721156598
 30
0.0
 11
-40.104
 21
54.6
 31
0.0
  0
LINE
  5
3F1
330
1F
100
AcDbEntity
  8
AM_9
100
AcDbLine
 10
-37.51730044806458
 20
55.03336753507015
 30
0.0
 11
-37.4324362523596
 21
55.05477721156598
 31
0.0
  0
LINE
  5
3F2
330
1F
100
AcDbEntity
  8
AM_0
100
AcDbLine
 10
-40.10400000000008
 20
55.05477721156598
 30
0.0
 11
-40.224
 21
55.03336753507014
 31
0.0
  0
LINE
  5
3F3
330
1F
100
AcDbEntity
  8
AM_0
100
AcDbLine
 10
-40.10400000000008
 20
55.05477721156598
 30
0.0
 11
-37.89641471057227
 21
55.05477721156598
 31
0.0
  0
LINE
  5
3F4
330
1F
100
AcDbEntity
  8
AM_9
100
AcDbLine
 10
-37.51730044806458
 20
55.03336753507015
 30
0.0
 11
-37.5173004480646
 21
54.6
 31
0.0
  0
LINE
  5
3F5
330
1F
100
AcDbEntity
  8
AM_9
100
AcDbLine
 10
-39.93561772317975
 20
55.03336753507014
 30
0.0
 11
-39.93561772317975
 21
54.6
 31
0.0
  0
LINE
  5
3F6
330
1F
100
AcDbEntity
  8
AM_9
100
AcDbLine
 10
-40.22400000000001
 20
54.95522221586029
 30
0.0
 11
-40.22400000000001
 21
54.6
 31
0.0
  0
LINE
  5
3F7
330
1F
100
AcDbEntity
  8
AM_0
100
AcDbLine
 10
-40.22400000000001
 20
55.03336753507014
 30
0.0
 11
-40.22400000000001
 21
54.95522221586029
 31
0.0
  0
LINE
  5
3F8
330
1F
100
AcDbEntity
  8
AM_0
100
AcDbLine
 10
-40.22399999999999
 20
55.03336753507015
 30
0.0
 11
-37.98412959238414
 21
55.03336753507015
 31
0.0
  0
LINE
  5
3F9
330
1F
100
AcDbEntity
  8
AM_0
100
AcDbLine
 10
-35.23931900707488
 20
55.55219536215289
 30
0.0
 11
-29.02348180163657
 21
55.55219536215289
 31
0.0
  0
LINE
  5
3FA
330
1F
100
AcDbEntity
  8
AM_0
100
AcDbLine
 10
-35.32419451698888
 20
55.53078568565703
 30
0.0
 11
-28.99241520884888
 21
55.53078568565703
 31
0.0
  0
LINE
  5
3FB
330
1F
100
AcDbEntity
  8
AM_9
100
AcDbLine
 10
-38.14362792461224
 20
5.453
 30
0.0
 11
-38.14362792461224
 21
5.226000000000001
 31
0.0
  0
LINE
  5
3FC
330
1F
100
AcDbEntity
  8
AM_9
100
AcDbLine
 10
-28.57668969099903
 20
55.45264036644719
 30
0.0
 11
-28.57668969099902
 21
54.6
 31
0.0
  0
LINE
  5
3FD
330
1F
100
AcDbEntity
  8
AM_9
100
AcDbLine
 10
-37.82705245624084
 20
54.9552222158603
 30
0.0
 11
-37.82705245624084
 21
54.6
 31
0.0
  0
LINE
  5
3FE
330
1F
100
AcDbEntity
  8
AM_9
100
AcDbLine
 10
-40.35874683522176
 20
54.9552222158603
 30
0.0
 11
-40.35874683522176
 21
54.6
 31
0.0
  0
LINE
  5
3FF
330
1F
100
AcDbEntity
  8
AM_9
100
AcDbLine
 10
-40.66200000000001
 20
54.9552222158603
 30
0.0
 11
-40.66200000000001
 21
54.6
 31
0.0
  0
ARC
  5
400
330
1F
100
AcDbEntity
  8
AM_9
100
AcDbCircle
 10
-15.17
 20
5.668000000000002
 30
0.0
 40
0.1100000000000012
100
AcDbArc
 50
180.0000000000009
 51
359.9999999999991
  0
LINE
  5
401
330
1F
100
AcDbEntity
  8
AM_9
100
AcDbLine
 10
-37.91191543041875
 20
54.93381253936445
 30
0.0
 11
-37.82705245624084
 21
54.9552222158603
 31
0.0
  0
LINE
  5
402
330
1F
100
AcDbEntity
  8
AM_0
100
AcDbLine
 10
-40.66200000000001
 20
54.9552222158603
 30
0.0
 11
-40.782
 21
54.93381253936445
 31
0.0
  0
LINE
  5
403
330
1F
100
AcDbEntity
  8
AM_0
100
AcDbLine
 10
-40.66200000000001
 20
54.9552222158603
 30
0.0
 11
-38.3089431086846
 21
54.9552222158603
 31
0.0
  0
LINE
  5
404
330
1F
100
AcDbEntity
  8
AM_9
100
AcDbLine
 10
-37.91191543041875
 20
54.93381253936445
 30
0.0
 11
-37.91191543041877
 21
54.6
 31
0.0
  0
LINE
  5
405
330
1F
100
AcDbEntity
  8
AM_9
100
AcDbLine
 10
-40.4746718137895
 20
54.93381253936445
 30
0.0
 11
-40.4746718137895
 21
54.6
 31
0.0
  0
LINE
  5
406
330
1F
100
AcDbEntity
  8
AM_9
100
AcDbLine
 10
-40.782
 20
54.8558456341254
 30
0.0
 11
-40.782
 21
54.6
 31
0.0
  0
LINE
  5
407
330
1F
100
AcDbEntity
  8
AM_0
100
AcDbLine
 10
-40.782
 20
54.93381253936445
 30
0.0
 11
-40.782
 21
54.8558456341254
 31
0.0
  0
LINE
  5
408
330
1F
100
AcDbEntity
  8
AM_0
100
AcDbLine
 10
-40.78199999999998
 20
54.93381253936445
 30
0.0
 11
-38.40082129408615
 21
54.93381253936445
 31
0.0
  0
LINE
  5
409
330
1F
100
AcDbEntity
  8
AM_9
100
AcDbLine
 10
-28.54562431601233
 20
55.43123068995133
 30
0.0
 11
-28.54562431601233
 21
54.6
 31
0.0
  0
LINE
  5
40A
330
1F
100
AcDbEntity
  8
AM_9
100
AcDbLine
 10
-23.51577873032035
 20
55.35326378471229
 30
0.0
 11
-23.51577873032035
 21
54.6
 31
0.0
  0
LINE
  5
40B
330
1F
100
AcDbEntity
  8
AM_0
100
AcDbLine
 10
-23.51577873032033
 20
55.43123068995133
 30
0.0
 11
-23.51577873032035
 21
55.35326378471229
 31
0.0
  0
LINE
  5
40C
330
1F
100
AcDbEntity
  8
AM_9
100
AcDbLine
 10
-28.57668969099903
 20
55.45264036644719
 30
0.0
 11
-28.54562431601233
 21
55.43123068995133
 31
0.0
  0
LINE
  5
40D
330
1F
100
AcDbEntity
  8
AM_0
100
AcDbLine
 10
-28.44384644892488
 20
55.45264036644719
 30
0.0
 11
-23.6317162881269
 21
55.45264036644719
 31
0.0
  0
LINE
  5
40E
330
1F
100
AcDbEntity
  8
AM_0
100
AcDbLine
 10
-28.4107955934408
 20
55.43123068995133
 30
0.0
 11
-23.51577873032033
 21
55.43123068995133
 31
0.0
  0
LINE
  5
40F
330
1F
100
AcDbEntity
  8
AM_0
100
AcDbLine
 10
-23.51577873032033
 20
55.43123068995133
 30
0.0
 11
-23.6317162881269
 21
55.45264036644719
 31
0.0
  0
LINE
  5
410
330
1F
100
AcDbEntity
  8
AM_0
100
AcDbLine
 10
-35.63398376398925
 20
55.45264036644718
 30
0.0
 11
-28.8790244746275
 21
55.45264036644718
 31
0.0
  0
LINE
  5
411
330
1F
100
AcDbEntity
  8
AM_0
100
AcDbLine
 10
-35.71885594680906
 20
55.43123068995133
 30
0.0
 11
-28.84795909964081
 21
55.43123068995133
 31
0.0
  0
LINE
  5
412
330
1F
100
AcDbEntity
  8
AM_9
100
AcDbLine
 10
-38.22095615211138
 20
54.8558456341254
 30
0.0
 11
-38.22095615211138
 21
54.6
 31
0.0
  0
LINE
  5
413
330
1F
100
AcDbEntity
  8
AM_9
100
AcDbLine
 10
-40.89682929042549
 20
54.8558456341254
 30
0.0
 11
-40.89682929042549
 21
54.6
 31
0.0
  0
LINE
  5
414
330
1F
100
AcDbEntity
  8
AM_9
100
AcDbLine
 10
-41.21899999999999
 20
54.8558456341254
 30
0.0
 11
-41.21899999999999
 21
54.6
 31
0.0
  0
LINE
  5
415
330
1F
100
AcDbEntity
  8
AM_9
100
AcDbLine
 10
-38.30581809307336
 20
54.83443595762954
 30
0.0
 11
-38.30581809307333
 21
54.6
 31
0.0
  0
LINE
  5
416
330
1F
100
AcDbEntity
  8
AM_9
100
AcDbLine
 10
-41.01275285759397
 20
54.83443595762955
 30
0.0
 11
-41.01275285759396
 21
54.6
 31
0.0
  0
LINE
  5
417
330
1F
100
AcDbEntity
  8
AM_9
100
AcDbLine
 10
-41.33899999999999
 20
54.75414967077013
 30
0.0
 11
-41.33899999999999
 21
54.6
 31
0.0
  0
LINE
  5
418
330
1F
100
AcDbEntity
  8
AM_0
100
AcDbLine
 10
-41.33899999999999
 20
54.83443595762955
 30
0.0
 11
-41.33899999999999
 21
54.75414967077013
 31
0.0
  0
LINE
  5
419
330
1F
100
AcDbEntity
  8
AM_9
100
AcDbLine
 10
-38.30581809307336
 20
54.83443595762954
 30
0.0
 11
-38.22095615211138
 21
54.8558456341254
 31
0.0
  0
LINE
  5
41A
330
1F
100
AcDbEntity
  8
AM_0
100
AcDbLine
 10
-41.219
 20
54.8558456341254
 30
0.0
 11
-41.33899999999999
 21
54.83443595762955
 31
0.0
  0
LINE
  5
41B
330
1F
100
AcDbEntity
  8
AM_0
100
AcDbLine
 10
-41.219
 20
54.8558456341254
 30
0.0
 11
-38.74251801896624
 21
54.8558456341254
 31
0.0
  0
LINE
  5
41C
330
1F
100
AcDbEntity
  8
AM_0
100
AcDbLine
 10
-41.33900000000005
 20
54.83443595762954
 30
0.0
 11
-38.82755905697991
 21
54.83443595762954
 31
0.0
  0
LINE
  5
41D
330
1F
100
AcDbEntity
  8
AM_9
100
AcDbLine
 10
-28.43249641425278
 20
55.35326378471229
 30
0.0
 11
-28.43249641425278
 21
54.6
 31
0.0
  0
LINE
  5
41E
330
1F
100
AcDbEntity
  8
AM_9
100
AcDbLine
 10
-28.43249641425278
 20
55.35326378471229
 30
0.0
 11
-28.40143200608817
 21
55.33185410821644
 31
0.0
  0
LINE
  5
41F
330
1F
100
AcDbEntity
  8
AM_0
100
AcDbLine
 10
-28.29043562455757
 20
55.35326378471229
 30
0.0
 11
-23.09357965320007
 21
55.35326378471229
 31
0.0
  0
LINE
  5
420
330
1F
100
AcDbEntity
  8
AM_0
100
AcDbLine
 10
-22.9776457036227
 20
55.33185410821644
 30
0.0
 11
-23.09357965320007
 21
55.35326378471229
 31
0.0
  0
LINE
  5
421
330
1F
100
AcDbEntity
  8
AM_9
100
AcDbLine
 10
-28.40143200608817
 20
55.33185410821644
 30
0.0
 11
-28.40143200608817
 21
54.6
 31
0.0
  0
LINE
  5
422
330
1F
100
AcDbEntity
  8
AM_9
100
AcDbLine
 10
-22.97764570362267
 20
55.25370878900659
 30
0.0
 11
-22.97764570362267
 21
54.6
 31
0.0
  0
LINE
  5
423
330
1F
100
AcDbEntity
  8
AM_0
100
AcDbLine
 10
-22.9776457036227
 20
55.33185410821644
 30
0.0
 11
-22.97764570362267
 21
55.25370878900659
 31
0.0
  0
LINE
  5
424
330
1F
100
AcDbEntity
  8
AM_0
100
AcDbLine
 10
-28.25738490456816
 20
55.33185410821644
 30
0.0
 11
-22.9776457036227
 21
55.33185410821644
 31
0.0
  0
LINE
  5
425
330
1F
100
AcDbEntity
  8
AM_9
100
AcDbLine
 10
-23.77580158056727
 20
5.453
 30
0.0
 11
-23.77580158056727
 21
5.226000000000001
 31
0.0
  0
LINE
  5
426
330
1F
100
AcDbEntity
  8
AM_9
100
AcDbLine
 10
-42.136
 20
5.453
 30
0.0
 11
-18.378
 21
5.453
 31
0.0
  0
LINE
  5
427
330
1F
100
AcDbEntity
  8
AM_9
100
AcDbLine
 10
-36.19625584922449
 20
5.453
 30
0.0
 11
-36.19625584922449
 21
5.226000000000001
 31
0.0
  0
LINE
  5
428
330
1F
100
AcDbEntity
  8
AM_9
100
AcDbLine
 10
-38.62404862654244
 20
54.75414967077011
 30
0.0
 11
-38.62404862654242
 21
54.6
 31
0.0
  0
LINE
  5
429
330
1F
100
AcDbEntity
  8
AM_9
100
AcDbLine
 10
-41.44746385057265
 20
54.75414967077011
 30
0.0
 11
-41.44746385057262
 21
54.6
 31
0.0
  0
LINE
  5
42A
330
1F
100
AcDbEntity
  8
AM_9
100
AcDbLine
 10
-41.78899999999999
 20
54.75414967077011
 30
0.0
 11
-41.78899999999999
 21
54.6
 31
0.0
  0
LINE
  5
42B
330
1F
100
AcDbEntity
  8
AM_9
100
AcDbLine
 10
-38.70890966518346
 20
54.73273999427428
 30
0.0
 11
-38.62404862654244
 21
54.75414967077011
 31
0.0
  0
LINE
  5
42C
330
1F
100
AcDbEntity
  8
AM_0
100
AcDbLine
 10
-41.78900000000002
 20
54.75414967077011
 30
0.0
 11
-41.90899999999999
 21
54.73273999427427
 31
0.0
  0
LINE
  5
42D
330
1F
100
AcDbEntity
  8
AM_9
100
AcDbLine
 10
-39.17146390141184
 20
54.75414967077011
 30
0.0
 11
-38.40272420403102
 21
54.75414967077013
 31
0.0
  0
LINE
  5
42E
330
1F
100
AcDbEntity
  8
AM_0
100
AcDbLine
 10
-41.78900000000002
 20
54.75414967077011
 30
0.0
 11
-39.17146390141184
 21
54.75414967077011
 31
0.0
  0
LINE
  5
42F
330
1F
100
AcDbEntity
  8
AM_9
100
AcDbLine
 10
-38.70890966518346
 20
54.73273999427428
 30
0.0
 11
-38.70890966518351
 21
54.6
 31
0.0
  0
LINE
  5
430
330
1F
100
AcDbEntity
  8
AM_9
100
AcDbLine
 10
-41.56338618514788
 20
54.73273999427427
 30
0.0
 11
-41.56338618514788
 21
54.6
 31
0.0
  0
LINE
  5
431
330
1F
100
AcDbEntity
  8
AM_9
100
AcDbLine
 10
-41.90900000000001
 20
54.6565572287432
 30
0.0
 11
-41.90900000000001
 21
54.6
 31
0.0
  0
LINE
  5
432
330
1F
100
AcDbEntity
  8
AM_0
100
AcDbLine
 10
-41.90900000000001
 20
54.73273999427427
 30
0.0
 11
-41.90900000000001
 21
54.6565572287432
 31
0.0
  0
LINE
  5
433
330
1F
100
AcDbEntity
  8
AM_0
100
AcDbLine
 10
-41.90899999999993
 20
54.73273999427428
 30
0.0
 11
-39.26187734607536
 21
54.73273999427428
 31
0.0
  0
LINE
  5
434
330
1F
100
AcDbEntity
  8
AM_0
100
AcDbLine
 10
-36.0279271221698
 20
55.35326378471229
 30
0.0
 11
-28.73483119788127
 21
55.35326378471229
 31
0.0
  0
LINE
  5
435
330
1F
100
AcDbEntity
  8
AM_0
100
AcDbLine
 10
-36.11279666358259
 20
55.33185410821644
 30
0.0
 11
-28.70376678971666
 21
55.33185410821644
 31
0.0
  0
ARC
  5
436
330
1F
100
AcDbEntity
  8
AM_9
100
AcDbCircle
 10
-15.97
 20
5.668000000000002
 30
0.0
 40
0.1100000000000012
100
AcDbArc
 50
180.0000000000009
 51
359.9999999999991
  0
ARC
  5
437
330
1F
100
AcDbEntity
  8
AM_0
100
AcDbCircle
 10
46.5615
 20
34.382
 30
0.0
 40
0.0329999999999941
100
AcDbArc
 50
180.0
 51
270.0000000000123
  0
ARC
  5
438
330
1F
100
AcDbEntity
  8
AM_0
100
AcDbCircle
 10
46.5615
 20
34.382
 30
0.0
 40
0.0670000000000002
100
AcDbArc
 50
180.0
 51
270.0
  0
LINE
  5
439
330
1F
100
AcDbEntity
  8
AM_0
100
AcDbLine
 10
46.7445
 20
34.315
 30
0.0
 11
46.5615
 21
34.315
 31
0.0
  0
LINE
  5
43A
330
1F
100
AcDbEntity
  8
AM_0
100
AcDbLine
 10
46.5615
 20
34.349
 30
0.0
 11
46.7445
 21
34.349
 31
0.0
  0
LINE
  5
43B
330
1F
100
AcDbEntity
  8
AM_0
100
AcDbLine
 10
46.5615
 20
44.81499999999999
 30
0.0
 11
46.7445
 21
44.81499999999999
 31
0.0
  0
ARC
  5
43C
330
1F
100
AcDbEntity
  8
AM_0
100
AcDbCircle
 10
46.56149999999998
 20
44.74800000000001
 30
0.0
 40
0.0669999999999789
100
AcDbArc
 50
89.99999999998177
 51
180.0
  0
ARC
  5
43D
330
1F
100
AcDbEntity
  8
AM_0
100
AcDbCircle
 10
46.56149999999999
 20
44.74800000000001
 30
0.0
 40
0.0329999999999799
100
AcDbArc
 50
89.99999999997534
 51
180.000000000037
  0
LINE
  5
43E
330
1F
100
AcDbEntity
  8
AM_0
100
AcDbLine
 10
46.7445
 20
44.78099999999999
 30
0.0
 11
46.5615
 21
44.78099999999999
 31
0.0
  0
LINE
  5
43F
330
1F
100
AcDbEntity
  8
AM_0
100
AcDbLine
 10
46.7445
 20
44.81499999999999
 30
0.0
 11
46.7445
 21
44.78099999999999
 31
0.0
  0
LINE
  5
440
330
1F
100
AcDbEntity
  8
AM_9
100
AcDbLine
 10
-28.28804840460728
 20
55.25370878900659
 30
0.0
 11
-28.28804840460728
 21
54.6
 31
0.0
  0
LINE
  5
441
330
1F
100
AcDbEntity
  8
AM_0
100
AcDbLine
 10
46.4945
 20
34.383
 30
0.0
 11
46.7445
 21
34.383
 31
0.0
  0
LINE
  5
442
330
1F
100
AcDbEntity
  8
AM_0
100
AcDbLine
 10
46.4945
 20
44.74699999999999
 30
0.0
 11
46.7445
 21
44.74699999999999
 31
0.0
  0
LINE
  5
443
330
1F
100
AcDbEntity
  8
AM_9
100
AcDbLine
 10
-28.28804840460728
 20
55.25370878900659
 30
0.0
 11
-28.25698477942801
 21
55.23229911251074
 31
0.0
  0
LINE
  5
444
330
1F
100
AcDbEntity
  8
AM_0
100
AcDbLine
 10
-28.13675008046977
 20
55.25370878900659
 30
0.0
 11
-22.55449234215085
 21
55.25370878900659
 31
0.0
  0
LINE
  5
445
330
1F
100
AcDbEntity
  8
AM_0
100
AcDbLine
 10
-22.43856131471455
 20
55.23229911251074
 30
0.0
 11
-22.55449234215085
 21
55.25370878900659
 31
0.0
  0
LINE
  5
446
330
1F
100
AcDbEntity
  8
AM_9
100
AcDbLine
 10
-28.25698477942801
 20
55.23229911251074
 30
0.0
 11
-28.256984779428
 21
54.6
 31
0.0
  0
LINE
  5
447
330
1F
100
AcDbEntity
  8
AM_9
100
AcDbLine
 10
-22.43856131471453
 20
55.15415379330089
 30
0.0
 11
-22.43856131471453
 21
54.6
 31
0.0
  0
LINE
  5
448
330
1F
100
AcDbEntity
  8
AM_0
100
AcDbLine
 10
-22.43856131471455
 20
55.23229911251074
 30
0.0
 11
-22.43856131471453
 21
55.15415379330089
 31
0.0
  0
LINE
  5
449
330
1F
100
AcDbEntity
  8
AM_0
100
AcDbLine
 10
-28.10369953266528
 20
55.23229911251074
 30
0.0
 11
-22.43856131471455
 21
55.23229911251074
 31
0.0
  0
LINE
  5
44A
330
1F
100
AcDbEntity
  8
AM_9
100
AcDbLine
 10
-39.01087216246893
 20
54.6565572287432
 30
0.0
 11
-39.01087216246894
 21
54.6
 31
0.0
  0
LINE
  5
44B
330
1F
100
AcDbEntity
  8
AM_9
100
AcDbLine
 10
-41.97587462742996
 20
54.6565572287432
 30
0.0
 11
-41.97587462742996
 21
54.6
 31
0.0
  0
LINE
  5
44C
330
1F
100
AcDbEntity
  8
AM_9
100
AcDbLine
 10
-42.33600000000001
 20
54.6565572287432
 30
0.0
 11
-42.33600000000001
 21
54.6
 31
0.0
  0
LINE
  5
44D
330
1F
100
AcDbEntity
  8
AM_9
100
AcDbLine
 10
-39.09573245538043
 20
54.63514755224735
 30
0.0
 11
-39.09573245538042
 21
54.6
 31
0.0
  0
LINE
  5
44E
330
1F
100
AcDbEntity
  8
AM_9
100
AcDbLine
 10
-42.09179594331965
 20
54.63514755224735
 30
0.0
 11
-42.09179594331965
 21
54.6
 31
0.0
  0
LINE
  5
44F
330
1F
100
AcDbEntity
  8
AM_0
100
AcDbLine
 10
-42.456
 20
54.63514755224735
 30
0.0
 11
-42.456
 21
54.6
 31
0.0
  0
LINE
  5
450
330
1F
100
AcDbEntity
  8
AM_9
100
AcDbLine
 10
-39.09573245538043
 20
54.63514755224735
 30
0.0
 11
-39.01087216246893
 21
54.6565572287432
 31
0.0
  0
LINE
  5
451
330
1F
100
AcDbEntity
  8
AM_0
100
AcDbLine
 10
-42.33599999999999
 20
54.6565572287432
 30
0.0
 11
-42.45600000000001
 21
54.63514755224735
 31
0.0
  0
LINE
  5
452
330
1F
100
AcDbEntity
  8
AM_0
100
AcDbLine
 10
-42.33599999999999
 20
54.6565572287432
 30
0.0
 11
-39.5815266562951
 21
54.6565572287432
 31
0.0
  0
LINE
  5
453
330
1F
100
AcDbEntity
  8
AM_0
100
AcDbLine
 10
-42.45600000000001
 20
54.63514755224735
 30
0.0
 11
-39.67076450219552
 21
54.63514755224735
 31
0.0
  0
LINE
  5
454
330
1F
100
AcDbEntity
  8
AM_0
100
AcDbLine
 10
-36.42256642357354
 20
55.25370878900659
 30
0.0
 11
-28.59038318823576
 21
55.25370878900659
 31
0.0
  0
LINE
  5
455
330
1F
100
AcDbEntity
  8
AM_0
100
AcDbLine
 10
-36.50743382583056
 20
55.23229911251074
 30
0.0
 11
-28.55931956305649
 21
55.23229911251074
 31
0.0
  0
LINE
  5
456
330
1F
100
AcDbEntity
  8
AM_9
100
AcDbLine
 10
-28.14360376444979
 20
55.15415379330089
 30
0.0
 11
-28.14360376444979
 21
54.6
 31
0.0
  0
LINE
  5
457
330
1F
100
AcDbEntity
  8
AM_9
100
AcDbLine
 10
-28.11254078111871
 20
55.13274411680504
 30
0.0
 11
-28.11254078111871
 21
54.6
 31
0.0
  0
LINE
  5
458
330
1F
100
AcDbEntity
  8
AM_9
100
AcDbLine
 10
-21.89948897417587
 20
55.054777211566
 30
0.0
 11
-21.89948897417587
 21
54.6
 31
0.0
  0
LINE
  5
459
330
1F
100
AcDbEntity
  8
AM_0
100
AcDbLine
 10
-21.89948897417583
 20
55.13274411680504
 30
0.0
 11
-21.89948897417587
 21
55.054777211566
 31
0.0
  0
LINE
  5
45A
330
1F
100
AcDbEntity
  8
AM_9
100
AcDbLine
 10
-28.14360376444979
 20
55.15415379330089
 30
0.0
 11
-28.11254078111871
 21
55.13274411680504
 31
0.0
  0
LINE
  5
45B
330
1F
100
AcDbEntity
  8
AM_0
100
AcDbLine
 10
-27.98306538136525
 20
55.15415379330089
 30
0.0
 11
-22.0154176062021
 21
55.15415379330089
 31
0.0
  0
LINE
  5
45C
330
1F
100
AcDbEntity
  8
AM_0
100
AcDbLine
 10
-27.950015027675
 20
55.13274411680504
 30
0.0
 11
-21.89948897417583
 21
55.13274411680504
 31
0.0
  0
LINE
  5
45D
330
1F
100
AcDbEntity
  8
AM_0
100
AcDbLine
 10
-21.89948897417583
 20
55.13274411680504
 30
0.0
 11
-22.0154176062021
 21
55.15415379330089
 31
0.0
  0
LINE
  5
45E
330
1F
100
AcDbEntity
  8
AM_0
100
AcDbLine
 10
-36.81719651936478
 20
55.15415379330089
 30
0.0
 11
-28.44593854807827
 21
55.15415379330089
 31
0.0
  0
LINE
  5
45F
330
1F
100
AcDbEntity
  8
AM_0
100
AcDbLine
 10
-36.90206216805993
 20
55.13274411680504
 30
0.0
 11
-28.4148755647472
 21
55.13274411680504
 31
0.0
  0
LINE
  5
460
330
1F
100
AcDbEntity
  8
AM_0
100
AcDbLine
 10
46.7445
 20
48.12700000000001
 30
0.0
 11
46.5615
 21
48.12700000000001
 31
0.0
  0
LINE
  5
461
330
1F
100
AcDbEntity
  8
AM_0
100
AcDbLine
 10
46.7445
 20
48.161
 30
0.0
 11
46.7445
 21
48.12700000000001
 31
0.0
  0
LINE
  5
462
330
1F
100
AcDbEntity
  8
AM_0
100
AcDbLine
 10
46.5615
 20
48.161
 30
0.0
 11
46.7445
 21
48.161
 31
0.0
  0
ARC
  5
463
330
1F
100
AcDbEntity
  8
AM_0
100
AcDbCircle
 10
46.5615
 20
48.194
 30
0.0
 40
0.0330000000000013
100
AcDbArc
 50
180.0
 51
270.0
  0
ARC
  5
464
330
1F
100
AcDbEntity
  8
AM_0
100
AcDbCircle
 10
46.56149999999998
 20
48.19399999999999
 30
0.0
 40
0.0669999999999789
100
AcDbArc
 50
179.9999999999878
 51
270.0000000000182
  0
LINE
  5
465
330
1F
100
AcDbEntity
  8
AM_0
100
AcDbLine
 10
46.5285
 20
52.987
 30
0.0
 11
46.5285
 21
52.9855
 31
0.0
  0
LINE
  5
466
330
1F
100
AcDbEntity
  8
AM_0
100
AcDbLine
 10
46.7445
 20
53.02
 30
0.0
 11
46.5615
 21
53.02
 31
0.0
  0
LINE
  5
467
330
1F
100
AcDbEntity
  8
AM_0
100
AcDbLine
 10
46.7445
 20
53.054
 30
0.0
 11
46.7445
 21
53.02
 31
0.0
  0
ARC
  5
468
330
1F
100
AcDbEntity
  8
AM_0
100
AcDbCircle
 10
46.56150000000002
 20
52.98699999999998
 30
0.0
 40
0.0330000000000226
100
AcDbArc
 50
90.000000000037
 51
179.999999999963
  0
LINE
  5
469
330
1F
100
AcDbEntity
  8
AM_0
100
AcDbLine
 10
46.5615
 20
53.054
 30
0.0
 11
46.7445
 21
53.054
 31
0.0
  0
ARC
  5
46A
330
1F
100
AcDbEntity
  8
AM_0
100
AcDbCircle
 10
46.56149999999998
 20
52.98700000000002
 30
0.0
 40
0.0669999999999789
100
AcDbArc
 50
89.99999999998177
 51
180.0000000000122
  0
LINE
  5
46B
330
1F
100
AcDbEntity
  8
AM_9
100
AcDbLine
 10
46.5285
 20
52.9855
 30
0.0
 11
46.5285
 21
48.1945
 31
0.0
  0
LINE
  5
46C
330
1F
100
AcDbEntity
  8
AM_0
100
AcDbLine
 10
-33.23555262166548
 20
56.158
 30
0.0
 11
-39.7335944836025
 21
54.61677588466587
 31
0.0
  0
LINE
  5
46D
330
1F
100
AcDbEntity
  8
AM_9
100
AcDbLine
 10
-38.78954773995756
 20
54.6565572287432
 30
0.0
 11
-38.78954773995755
 21
54.6
 31
0.0
  0
LINE
  5
46E
330
1F
100
AcDbEntity
  8
AM_9
100
AcDbLine
 10
-38.40272420403102
 20
54.75414967077012
 30
0.0
 11
-38.40272420403104
 21
54.6
 31
0.0
  0
LINE
  5
46F
330
1F
100
AcDbEntity
  8
AM_9
100
AcDbLine
 10
-37.99963172960001
 20
54.85584563412539
 30
0.0
 11
-37.99963172959999
 21
54.6
 31
0.0
  0
LINE
  5
470
330
1F
100
AcDbEntity
  8
AM_9
100
AcDbLine
 10
-37.60572803372947
 20
54.9552222158603
 30
0.0
 11
-37.60572803372946
 21
54.6
 31
0.0
  0
LINE
  5
471
330
1F
100
AcDbEntity
  8
AM_9
100
AcDbLine
 10
-37.21111182984812
 20
55.05477721156601
 30
0.0
 11
-37.21111182984816
 21
54.6
 31
0.0
  0
LINE
  5
472
330
1F
100
AcDbEntity
  8
AM_0
100
AcDbLine
 10
-39.5122700610908
 20
54.61677588466587
 30
0.0
 11
-33.01422819915409
 21
56.158
 31
0.0
  0
LINE
  5
473
330
1F
100
AcDbEntity
  8
AM_9
100
AcDbLine
 10
-36.90206216805994
 20
55.05477721156601
 30
0.0
 11
-36.90206216805993
 21
54.6
 31
0.0
  0
LINE
  5
474
330
1F
100
AcDbEntity
  8
AM_0
100
AcDbLine
 10
-36.90206216805993
 20
55.13274411680504
 30
0.0
 11
-36.90206216805994
 21
55.05477721156601
 31
0.0
  0
LINE
  5
475
330
1F
100
AcDbEntity
  8
AM_0
100
AcDbLine
 10
-36.81719651936478
 20
55.15415379330089
 30
0.0
 11
-36.90206216805993
 21
55.13274411680504
 31
0.0
  0
LINE
  5
476
330
1F
100
AcDbEntity
  8
AM_9
100
AcDbLine
 10
-36.81719651936478
 20
55.15415379330089
 30
0.0
 11
-36.81719651936479
 21
54.6
 31
0.0
  0
LINE
  5
477
330
1F
100
AcDbEntity
  8
AM_9
100
AcDbLine
 10
-36.50743382583056
 20
55.15415379330089
 30
0.0
 11
-36.50743382583056
 21
54.6
 31
0.0
  0
LINE
  5
478
330
1F
100
AcDbEntity
  8
AM_0
100
AcDbLine
 10
-36.50743382583056
 20
55.23229911251074
 30
0.0
 11
-36.50743382583056
 21
55.15415379330089
 31
0.0
  0
LINE
  5
479
330
1F
100
AcDbEntity
  8
AM_0
100
AcDbLine
 10
-36.42256642357354
 20
55.25370878900659
 30
0.0
 11
-36.50743382583056
 21
55.23229911251074
 31
0.0
  0
LINE
  5
47A
330
1F
100
AcDbEntity
  8
AM_9
100
AcDbLine
 10
-36.42256642357354
 20
55.25370878900659
 30
0.0
 11
-36.42256642357352
 21
54.6
 31
0.0
  0
LINE
  5
47B
330
1F
100
AcDbEntity
  8
AM_9
100
AcDbLine
 10
-36.11279666358258
 20
55.25370878900659
 30
0.0
 11
-36.11279666358259
 21
54.6
 31
0.0
  0
LINE
  5
47C
330
1F
100
AcDbEntity
  8
AM_0
100
AcDbLine
 10
-36.11279666358259
 20
55.33185410821644
 30
0.0
 11
-36.11279666358258
 21
55.25370878900659
 31
0.0
  0
LINE
  5
47D
330
1F
100
AcDbEntity
  8
AM_0
100
AcDbLine
 10
-36.0279271221698
 20
55.35326378471229
 30
0.0
 11
-36.11279666358259
 21
55.33185410821644
 31
0.0
  0
LINE
  5
47E
330
1F
100
AcDbEntity
  8
AM_9
100
AcDbLine
 10
-36.0279271221698
 20
55.35326378471229
 30
0.0
 11
-36.02792712216981
 21
54.6
 31
0.0
  0
LINE
  5
47F
330
1F
100
AcDbEntity
  8
AM_9
100
AcDbLine
 10
-35.71885594680906
 20
55.35326378471229
 30
0.0
 11
-35.71885594680906
 21
54.6
 31
0.0
  0
LINE
  5
480
330
1F
100
AcDbEntity
  8
AM_0
100
AcDbLine
 10
-35.71885594680906
 20
55.43123068995133
 30
0.0
 11
-35.71885594680906
 21
55.35326378471229
 31
0.0
  0
LINE
  5
481
330
1F
100
AcDbEntity
  8
AM_0
100
AcDbLine
 10
-35.63398376398925
 20
55.45264036644718
 30
0.0
 11
-35.71885594680906
 21
55.43123068995133
 31
0.0
  0
LINE
  5
482
330
1F
100
AcDbEntity
  8
AM_9
100
AcDbLine
 10
-35.63398376398925
 20
55.45264036644718
 30
0.0
 11
-35.63398376398924
 21
54.6
 31
0.0
  0
LINE
  5
483
330
1F
100
AcDbEntity
  8
AM_9
100
AcDbLine
 10
-35.32419451698889
 20
55.45264036644718
 30
0.0
 11
-35.32419451698888
 21
54.6
 31
0.0
  0
LINE
  5
484
330
1F
100
AcDbEntity
  8
AM_0
100
AcDbLine
 10
-35.32419451698888
 20
55.53078568565703
 30
0.0
 11
-35.32419451698889
 21
55.45264036644718
 31
0.0
  0
LINE
  5
485
330
1F
100
AcDbEntity
  8
AM_0
100
AcDbLine
 10
-35.23931900707488
 20
55.55219536215289
 30
0.0
 11
-35.32419451698888
 21
55.53078568565703
 31
0.0
  0
LINE
  5
486
330
1F
100
AcDbEntity
  8
AM_9
100
AcDbLine
 10
-35.23931900707488
 20
55.55219536215289
 30
0.0
 11
-35.23931900707489
 21
54.6
 31
0.0
  0
LINE
  5
487
330
1F
100
AcDbEntity
  8
AM_9
100
AcDbLine
 10
-34.92951602015604
 20
55.55219536215289
 30
0.0
 11
-34.92951602015604
 21
54.6
 31
0.0
  0
LINE
  5
488
330
1F
100
AcDbEntity
  8
AM_0
100
AcDbLine
 10
-34.92951602015604
 20
55.63034068136273
 30
0.0
 11
-34.92951602015604
 21
55.55219536215289
 31
0.0
  0
LINE
  5
489
330
1F
100
AcDbEntity
  8
AM_0
100
AcDbLine
 10
-34.84463624583233
 20
55.65175035785858
 30
0.0
 11
-34.92951602015604
 21
55.63034068136273
 31
0.0
  0
LINE
  5
48A
330
1F
100
AcDbEntity
  8
AM_9
100
AcDbLine
 10
-34.84463624583233
 20
55.65175035785858
 30
0.0
 11
-34.84463624583234
 21
54.6
 31
0.0
  0
LINE
  5
48B
330
1F
100
AcDbEntity
  8
AM_9
100
AcDbLine
 10
-34.53552282350931
 20
55.65175035785858
 30
0.0
 11
-34.53552282350931
 21
54.6
 31
0.0
  0
LINE
  5
48C
330
1F
100
AcDbEntity
  8
AM_0
100
AcDbLine
 10
-34.5355228235093
 20
55.72971726309763
 30
0.0
 11
-34.53552282350931
 21
55.65175035785858
 31
0.0
  0
LINE
  5
48D
330
1F
100
AcDbEntity
  8
AM_0
100
AcDbLine
 10
-34.44993008684438
 20
55.75130535356427
 30
0.0
 11
-34.5355228235093
 21
55.72971726309763
 31
0.0
  0
LINE
  5
48E
330
1F
100
AcDbEntity
  8
AM_9
100
AcDbLine
 10
-34.44993008684438
 20
55.75130535356427
 30
0.0
 11
-34.44993008684438
 21
54.6
 31
0.0
  0
LINE
  5
48F
330
1F
100
AcDbEntity
  8
AM_9
100
AcDbLine
 10
-34.14079306842046
 20
55.75130535356427
 30
0.0
 11
-34.14079306842046
 21
54.6
 31
0.0
  0
LINE
  5
490
330
1F
100
AcDbEntity
  8
AM_0
100
AcDbLine
 10
-34.14079306842045
 20
55.82927225880332
 30
0.0
 11
-34.14079306842046
 21
55.75130535356427
 31
0.0
  0
LINE
  5
491
330
1F
100
AcDbEntity
  8
AM_0
100
AcDbLine
 10
-34.05590019159746
 20
55.85068193529918
 30
0.0
 11
-34.14079306842045
 21
55.82927225880332
 31
0.0
  0
LINE
  5
492
330
1F
100
AcDbEntity
  8
AM_9
100
AcDbLine
 10
-34.05590019159746
 20
55.85068193529918
 30
0.0
 11
-34.05590019159746
 21
54.6
 31
0.0
  0
LINE
  5
493
330
1F
100
AcDbEntity
  8
AM_9
100
AcDbLine
 10
-33.75380610196341
 20
55.85068193529918
 30
0.0
 11
-33.7538061019634
 21
54.6
 31
0.0
  0
LINE
  5
494
330
1F
100
AcDbEntity
  8
AM_0
100
AcDbLine
 10
-33.7538061019634
 20
55.92686470083023
 30
0.0
 11
-33.75380610196341
 21
55.85068193529918
 31
0.0
  0
LINE
  5
495
330
1F
100
AcDbEntity
  8
AM_0
100
AcDbLine
 10
-33.66890299775389
 20
55.94827437732609
 30
0.0
 11
-33.7538061019634
 21
55.92686470083023
 31
0.0
  0
LINE
  5
496
330
1F
100
AcDbEntity
  8
AM_9
100
AcDbLine
 10
-33.66890299775389
 20
55.94827437732609
 30
0.0
 11
-33.6689029977539
 21
54.6
 31
0.0
  0
LINE
  5
497
330
1F
100
AcDbEntity
  8
AM_9
100
AcDbLine
 10
-33.35119734643106
 20
54.75414967077012
 30
0.0
 11
-33.35119734643105
 21
54.6
 31
0.0
  0
LINE
  5
498
330
1F
100
AcDbEntity
  8
AM_9
100
AcDbLine
 10
-33.35119734643106
 20
55.94827437732609
 30
0.0
 11
-33.3504048629131
 21
54.6
 31
0.0
  0
LINE
  5
499
330
1F
100
AcDbEntity
  8
AM_0
100
AcDbLine
 10
-33.35119734643106
 20
56.02838225021472
 30
0.0
 11
-33.35119734643106
 21
55.94827437732609
 31
0.0
  0
LINE
  5
49A
330
1F
100
AcDbEntity
  8
AM_0
100
AcDbLine
 10
-33.26627880924295
 20
56.04979192671056
 30
0.0
 11
-33.35119734643106
 21
56.02838225021472
 31
0.0
  0
LINE
  5
49B
330
1F
100
AcDbEntity
  8
AM_9
100
AcDbLine
 10
-33.26627880924295
 20
56.04979192671056
 30
0.0
 11
-33.26627880924294
 21
54.6
 31
0.0
  0
LINE
  5
49C
330
1F
100
AcDbEntity
  8
AM_9
100
AcDbLine
 10
-33.02989901702685
 20
56.04979192671056
 30
0.0
 11
-33.02989901702686
 21
54.6
 31
0.0
  0
LINE
  5
49D
330
1F
100
AcDbEntity
  8
AM_0
100
AcDbLine
 10
-33.02989901702685
 20
56.10938219295735
 30
0.0
 11
-33.02989901702685
 21
56.04979192671056
 31
0.0
  0
LINE
  5
49E
330
1F
100
AcDbEntity
  8
AM_0
100
AcDbLine
 10
-32.95133287329521
 20
56.12918614371601
 30
0.0
 11
-33.02989901702685
 21
56.10938219295735
 31
0.0
  0
LINE
  5
49F
330
1F
100
AcDbEntity
  8
AM_9
100
AcDbLine
 10
-32.95133287329521
 20
56.12918614371601
 30
0.0
 11
-32.95133287329521
 21
54.6
 31
0.0
  0
LINE
  5
4A0
330
1F
100
AcDbEntity
  8
AM_9
100
AcDbLine
 10
-32.83701340728633
 20
56.12918614371601
 30
0.0
 11
-32.83701340728633
 21
54.6
 31
0.0
  0
LINE
  5
4A1
330
1F
100
AcDbEntity
  8
AM_0
100
AcDbLine
 10
-32.83701340728633
 20
56.158
 30
0.0
 11
-32.83701340728633
 21
56.12918614371601
 31
0.0
  0
LINE
  5
4A2
330
1F
100
AcDbEntity
  8
AM_0
100
AcDbLine
 10
-39.7335944836025
 20
54.61677588466587
 30
0.0
 11
-39.5122700610908
 21
54.61677588466587
 31
0.0
  0
LINE
  5
4A3
330
1F
100
AcDbEntity
  8
AM_0
100
AcDbLine
 10
-39.7335944836025
 20
54.61677588466587
 30
0.0
 11
-39.7335944836025
 21
54.6
 31
0.0
  0
LINE
  5
4A4
330
1F
100
AcDbEntity
  8
AM_0
100
AcDbLine
 10
-39.5122700610908
 20
54.61677588466587
 30
0.0
 11
-39.51227006109111
 21
54.6
 31
0.0
  0
LINE
  5
4A5
330
1F
100
AcDbEntity
  8
AM_9
100
AcDbLine
 10
-27.99942075387324
 20
55.054777211566
 30
0.0
 11
-27.99942075387323
 21
54.6
 31
0.0
  0
LINE
  5
4A6
330
1F
100
AcDbEntity
  8
AM_0
100
AcDbLine
 10
46.4945
 20
52.9855
 30
0.0
 11
46.7445
 21
52.9855
 31
0.0
  0
LINE
  5
4A7
330
1F
100
AcDbEntity
  8
AM_0
100
AcDbLine
 10
46.4945
 20
48.1945
 30
0.0
 11
46.7445
 21
48.1945
 31
0.0
  0
LINE
  5
4A8
330
1F
100
AcDbEntity
  8
AM_0
100
AcDbLine
 10
46.7445
 20
52.9855
 30
0.0
 11
46.7445
 21
48.1945
 31
0.0
  0
LINE
  5
4A9
330
1F
100
AcDbEntity
  8
AM_4
100
AcDbLine
 10
46.5615
 20
52.9855
 30
0.0
 11
46.5615
 21
48.1945
 31
0.0
  0
LINE
  5
4AA
330
1F
100
AcDbEntity
  8
AM_9
100
AcDbLine
 10
-27.96835830237346
 20
55.03336753507014
 30
0.0
 11
-27.96835830237346
 21
54.6
 31
0.0
  0
LINE
  5
4AB
330
1F
100
AcDbEntity
  8
AM_9
100
AcDbLine
 10
-21.36139263793734
 20
54.9552222158603
 30
0.0
 11
-21.36139263793734
 21
54.6
 31
0.0
  0
LINE
  5
4AC
330
1F
100
AcDbEntity
  8
AM_0
100
AcDbLine
 10
-21.36139263793734
 20
55.03336753507014
 30
0.0
 11
-21.36139263793734
 21
54.9552222158603
 31
0.0
  0
LINE
  5
4AD
330
1F
100
AcDbEntity
  8
AM_9
100
AcDbLine
 10
-27.99942075387324
 20
55.054777211566
 30
0.0
 11
-27.96835830237346
 21
55.03336753507014
 31
0.0
  0
LINE
  5
4AE
330
1F
100
AcDbEntity
  8
AM_0
100
AcDbLine
 10
-27.82965702840675
 20
55.054777211566
 30
0.0
 11
-21.47731928514218
 21
55.054777211566
 31
0.0
  0
LINE
  5
4AF
330
1F
100
AcDbEntity
  8
AM_0
100
AcDbLine
 10
-27.79660688083116
 20
55.03336753507014
 30
0.0
 11
-21.36139263793734
 21
55.03336753507014
 31
0.0
  0
LINE
  5
4B0
330
1F
100
AcDbEntity
  8
AM_0
100
AcDbLine
 10
-21.36139263793734
 20
55.03336753507014
 30
0.0
 11
-21.47731928514218
 21
55.054777211566
 31
0.0
  0
LINE
  5
4B1
330
1F
100
AcDbEntity
  8
AM_9
100
AcDbLine
 10
-37.29597602555319
 20
54.9552222158603
 30
0.0
 11
-37.29597602555319
 21
54.6
 31
0.0
  0
LINE
  5
4B2
330
1F
100
AcDbEntity
  8
AM_0
100
AcDbLine
 10
-37.29597602555319
 20
55.03336753507015
 30
0.0
 11
-37.29597602555319
 21
54.9552222158603
 31
0.0
  0
LINE
  5
4B3
330
1F
100
AcDbEntity
  8
AM_0
100
AcDbLine
 10
-37.21111182984812
 20
55.05477721156601
 30
0.0
 11
-28.30175553750173
 21
55.05477721156601
 31
0.0
  0
LINE
  5
4B4
330
1F
100
AcDbEntity
  8
AM_0
100
AcDbLine
 10
-37.21111182984812
 20
55.05477721156601
 30
0.0
 11
-37.29597602555319
 21
55.03336753507015
 31
0.0
  0
LINE
  5
4B5
330
1F
100
AcDbEntity
  8
AM_0
100
AcDbLine
 10
-37.29597602555319
 20
55.03336753507015
 30
0.0
 11
-28.27069308600194
 21
55.03336753507014
 31
0.0
  0
LINE
  5
4B6
330
1F
100
AcDbEntity
  8
AM_9
100
AcDbLine
 10
-27.85498119850772
 20
54.9552222158603
 30
0.0
 11
-27.8549811985077
 21
54.6
 31
0.0
  0
LINE
  5
4B7
330
1F
100
AcDbEntity
  8
AM_9
100
AcDbLine
 10
-27.85498119850772
 20
54.9552222158603
 30
0.0
 11
-27.82391919411788
 21
54.93381253936445
 31
0.0
  0
LINE
  5
4B8
330
1F
100
AcDbEntity
  8
AM_0
100
AcDbLine
 10
-27.67597422869852
 20
54.9552222158603
 30
0.0
 11
-20.93826352589539
 21
54.9552222158603
 31
0.0
  0
LINE
  5
4B9
330
1F
100
AcDbEntity
  8
AM_0
100
AcDbLine
 10
-20.8223385473276
 20
54.93381253936445
 30
0.0
 11
-20.93826352589539
 21
54.9552222158603
 31
0.0
  0
LINE
  5
4BA
330
1F
100
AcDbEntity
  8
AM_9
100
AcDbLine
 10
-27.82391919411788
 20
54.93381253936445
 30
0.0
 11
-27.82391919411788
 21
54.6
 31
0.0
  0
LINE
  5
4BB
330
1F
100
AcDbEntity
  8
AM_9
100
AcDbLine
 10
-20.82233854732759
 20
54.8558456341254
 30
0.0
 11
-20.82233854732759
 21
54.6
 31
0.0
  0
LINE
  5
4BC
330
1F
100
AcDbEntity
  8
AM_0
100
AcDbLine
 10
-20.8223385473276
 20
54.93381253936445
 30
0.0
 11
-20.82233854732759
 21
54.8558456341254
 31
0.0
  0
LINE
  5
4BD
330
1F
100
AcDbEntity
  8
AM_0
100
AcDbLine
 10
-27.64292429364622
 20
54.93381253936445
 30
0.0
 11
-20.8223385473276
 21
54.93381253936445
 31
0.0
  0
LINE
  5
4BE
330
1F
100
AcDbEntity
  8
AM_9
100
AcDbLine
 10
-28.927
 20
2.957
 30
0.0
 11
-31.087
 21
2.957
 31
0.0
  0
ARC
  5
4BF
330
1F
100
AcDbEntity
  8
AM_9
100
AcDbCircle
 10
-28.92700000000002
 20
3.077000000000018
 30
0.0
 40
0.1200000000000183
100
AcDbArc
 50
270.0000000000102
 51
359.9999999999914
  0
ARC
  5
4C0
330
1F
100
AcDbEntity
  8
AM_9
100
AcDbCircle
 10
-31.087
 20
3.077000000000004
 30
0.0
 40
0.1200000000000045
100
AcDbArc
 50
180.0000000000021
 51
270.0
  0
ARC
  5
4C1
330
1F
100
AcDbEntity
  8
AM_9
100
AcDbCircle
 10
-14.99
 20
5.668
 30
0.0
 40
0.1100000000000012
100
AcDbArc
 50
180.0
 51
0.0
  0
LINE
  5
4C2
330
1F
100
AcDbEntity
  8
AM_9
100
AcDbLine
 10
-37.69059100790739
 20
54.85584563412539
 30
0.0
 11
-37.69059100790739
 21
54.6
 31
0.0
  0
LINE
  5
4C3
330
1F
100
AcDbEntity
  8
AM_0
100
AcDbLine
 10
-37.69059100790738
 20
54.93381253936445
 30
0.0
 11
-37.69059100790739
 21
54.85584563412539
 31
0.0
  0
LINE
  5
4C4
330
1F
100
AcDbEntity
  8
AM_0
100
AcDbLine
 10
-37.60572803372947
 20
54.9552222158603
 30
0.0
 11
-28.15731598213618
 21
54.9552222158603
 31
0.0
  0
LINE
  5
4C5
330
1F
100
AcDbEntity
  8
AM_0
100
AcDbLine
 10
-37.60572803372947
 20
54.9552222158603
 30
0.0
 11
-37.69059100790738
 21
54.93381253936445
 31
0.0
  0
LINE
  5
4C6
330
1F
100
AcDbEntity
  8
AM_0
100
AcDbLine
 10
-37.69059100790738
 20
54.93381253936445
 30
0.0
 11
-28.12625397774636
 21
54.93381253936444
 31
0.0
  0
LINE
  5
4C7
330
1F
100
AcDbEntity
  8
AM_9
100
AcDbLine
 10
-27.71080243917451
 20
54.8558456341254
 30
0.0
 11
-27.7108024391745
 21
54.6
 31
0.0
  0
LINE
  5
4C8
330
1F
100
AcDbEntity
  8
AM_9
100
AcDbLine
 10
-27.67974081296798
 20
54.83443595762955
 30
0.0
 11
-27.67974081296798
 21
54.6
 31
0.0
  0
LINE
  5
4C9
330
1F
100
AcDbEntity
  8
AM_9
100
AcDbLine
 10
-20.28425750352313
 20
54.75414967077012
 30
0.0
 11
-20.28425750352313
 21
54.6
 31
0.0
  0
LINE
  5
4CA
330
1F
100
AcDbEntity
  8
AM_0
100
AcDbLine
 10
-20.28425750352313
 20
54.83443595762955
 30
0.0
 11
-20.28425750352313
 21
54.75414967077012
 31
0.0
  0
LINE
  5
4CB
330
1F
100
AcDbEntity
  8
AM_9
100
AcDbLine
 10
-27.71080243917451
 20
54.8558456341254
 30
0.0
 11
-27.67974081296798
 21
54.83443595762955
 31
0.0
  0
LINE
  5
4CC
330
1F
100
AcDbEntity
  8
AM_0
100
AcDbLine
 10
-27.52256783632788
 20
54.8558456341254
 30
0.0
 11
-20.40018107069162
 21
54.8558456341254
 31
0.0
  0
LINE
  5
4CD
330
1F
100
AcDbEntity
  8
AM_0
100
AcDbLine
 10
-27.48951811522443
 20
54.83443595762955
 30
0.0
 11
-20.28425750352313
 21
54.83443595762955
 31
0.0
  0
LINE
  5
4CE
330
1F
100
AcDbEntity
  8
AM_0
100
AcDbLine
 10
-20.28425750352313
 20
54.83443595762955
 30
0.0
 11
-20.40018107069162
 21
54.8558456341254
 31
0.0
  0
LINE
  5
4CF
330
1F
100
AcDbEntity
  8
AM_9
100
AcDbLine
 10
-38.08449367056196
 20
54.75414967077012
 30
0.0
 11
-38.08449367056194
 21
54.6
 31
0.0
  0
LINE
  5
4D0
330
1F
100
AcDbEntity
  8
AM_0
100
AcDbLine
 10
-38.08449367056195
 20
54.83443595762954
 30
0.0
 11
-38.08449367056196
 21
54.75414967077012
 31
0.0
  0
LINE
  5
4D1
330
1F
100
AcDbEntity
  8
AM_0
100
AcDbLine
 10
-37.99963172960001
 20
54.85584563412539
 30
0.0
 11
-28.01313722280298
 21
54.85584563412539
 31
0.0
  0
LINE
  5
4D2
330
1F
100
AcDbEntity
  8
AM_0
100
AcDbLine
 10
-37.99963172960001
 20
54.85584563412539
 30
0.0
 11
-38.08449367056195
 21
54.83443595762954
 31
0.0
  0
LINE
  5
4D3
330
1F
100
AcDbEntity
  8
AM_0
100
AcDbLine
 10
-38.08449367056195
 20
54.83443595762954
 30
0.0
 11
-27.98207559659646
 21
54.83443595762954
 31
0.0
  0
LINE
  5
4D4
330
1F
100
AcDbEntity
  8
AM_9
100
AcDbLine
 10
-27.56326035345841
 20
54.75414967077012
 30
0.0
 11
-27.56326035345842
 21
54.6
 31
0.0
  0
LINE
  5
4D5
330
1F
100
AcDbEntity
  8
AM_9
100
AcDbLine
 10
-27.56326035345841
 20
54.75414967077012
 30
0.0
 11
-27.53219905752424
 21
54.73273999427427
 31
0.0
  0
LINE
  5
4D6
330
1F
100
AcDbEntity
  8
AM_0
100
AcDbLine
 10
-27.36558207043645
 20
54.75414967077012
 30
0.0
 11
-19.84954651054446
 21
54.75414967077012
 31
0.0
  0
LINE
  5
4D7
330
1F
100
AcDbEntity
  8
AM_0
100
AcDbLine
 10
-19.73362417596923
 20
54.73273999427427
 30
0.0
 11
-19.84954651054446
 21
54.75414967077012
 31
0.0
  0
LINE
  5
4D8
330
1F
100
AcDbEntity
  8
AM_9
100
AcDbLine
 10
-27.53219905752424
 20
54.73273999427427
 30
0.0
 11
-27.53219905752424
 21
54.6
 31
0.0
  0
LINE
  5
4D9
330
1F
100
AcDbEntity
  8
AM_9
100
AcDbLine
 10
-19.73362417596921
 20
54.6565572287432
 30
0.0
 11
-19.73362417596921
 21
54.6
 31
0.0
  0
LINE
  5
4DA
330
1F
100
AcDbEntity
  8
AM_0
100
AcDbLine
 10
-19.73362417596923
 20
54.73273999427427
 30
0.0
 11
-19.73362417596921
 21
54.6565572287432
 31
0.0
  0
LINE
  5
4DB
330
1F
100
AcDbEntity
  8
AM_0
100
AcDbLine
 10
-27.33253256720549
 20
54.73273999427427
 30
0.0
 11
-19.73362417596923
 21
54.73273999427427
 31
0.0
  0
LINE
  5
4DC
330
1F
100
AcDbEntity
  8
AM_9
100
AcDbLine
 10
40.202
 20
5.829
 30
0.0
 11
40.202
 21
4.667
 31
0.0
  0
LINE
  5
4DD
330
1F
100
AcDbEntity
  8
AM_9
100
AcDbLine
 10
37.205
 20
5.829
 30
0.0
 11
37.205
 21
5.166
 31
0.0
  0
LINE
  5
4DE
330
1F
100
AcDbEntity
  8
AM_9
100
AcDbLine
 10
26.202
 20
5.166
 30
0.0
 11
29.199
 21
5.166
 31
0.0
  0
LINE
  5
4DF
330
1F
100
AcDbEntity
  8
AM_9
100
AcDbLine
 10
26.202
 20
5.829
 30
0.0
 11
26.202
 21
4.667
 31
0.0
  0
LINE
  5
4E0
330
1F
100
AcDbEntity
  8
AM_9
100
AcDbLine
 10
3.998
 20
5.829
 30
0.0
 11
40.202
 21
5.829
 31
0.0
  0
LINE
  5
4E1
330
1F
100
AcDbEntity
  8
AM_9
100
AcDbLine
 10
29.199
 20
5.829
 30
0.0
 11
29.199
 21
5.166
 31
0.0
  0
LINE
  5
4E2
330
1F
100
AcDbEntity
  8
AM_9
100
AcDbLine
 10
-16.626
 20
5.668
 30
0.0
 11
-13.704
 21
5.668
 31
0.0
  0
LINE
  5
4E3
330
1F
100
AcDbEntity
  8
AM_9
100
AcDbLine
 10
-16.626
 20
5.668
 30
0.0
 11
-16.626
 21
5.226000000000001
 31
0.0
  0
LINE
  5
4E4
330
1F
100
AcDbEntity
  8
AM_9
100
AcDbLine
 10
-13.704
 20
5.668
 30
0.0
 11
-13.704
 21
5.226000000000001
 31
0.0
  0
LINE
  5
4E5
330
1F
100
AcDbEntity
  8
AM_9
100
AcDbLine
 10
-27.42167311252759
 20
54.6565572287432
 30
0.0
 11
-27.42167311252759
 21
54.6
 31
0.0
  0
LINE
  5
4E6
330
1F
100
AcDbEntity
  8
AM_9
100
AcDbLine
 10
-38.48758524267213
 20
54.6565572287432
 30
0.0
 11
-38.48758524267213
 21
54.6
 31
0.0
  0
LINE
  5
4E7
330
1F
100
AcDbEntity
  8
AM_0
100
AcDbLine
 10
-38.48758524267213
 20
54.73273999427426
 30
0.0
 11
-38.48758524267213
 21
54.6565572287432
 31
0.0
  0
LINE
  5
4E8
330
1F
100
AcDbEntity
  8
AM_0
100
AcDbLine
 10
-38.40272420403102
 20
54.75414967077012
 30
0.0
 11
-27.86559513708691
 21
54.75414967077012
 31
0.0
  0
LINE
  5
4E9
330
1F
100
AcDbEntity
  8
AM_0
100
AcDbLine
 10
-38.40272420403102
 20
54.75414967077012
 30
0.0
 11
-38.48758524267213
 21
54.73273999427426
 31
0.0
  0
LINE
  5
4EA
330
1F
100
AcDbEntity
  8
AM_0
100
AcDbLine
 10
-38.48758524267213
 20
54.73273999427426
 30
0.0
 11
-27.83453384115272
 21
54.73273999427426
 31
0.0
  0
LINE
  5
4EB
330
1F
100
AcDbEntity
  8
AM_9
100
AcDbLine
 10
-27.39061208954939
 20
54.63514755224736
 30
0.0
 11
-27.39061208954939
 21
54.6
 31
0.0
  0
LINE
  5
4EC
330
1F
100
AcDbEntity
  8
AM_0
100
AcDbLine
 10
-19.20521441779745
 20
54.63514755224736
 30
0.0
 11
-19.20521441779745
 21
54.6
 31
0.0
  0
LINE
  5
4ED
330
1F
100
AcDbEntity
  8
AM_9
100
AcDbLine
 10
-27.42167311252759
 20
54.6565572287432
 30
0.0
 11
-27.39061208954939
 21
54.63514755224736
 31
0.0
  0
LINE
  5
4EE
330
1F
100
AcDbEntity
  8
AM_0
100
AcDbLine
 10
-27.21493178636815
 20
54.6565572287432
 30
0.0
 11
-19.32113573368712
 21
54.6565572287432
 31
0.0
  0
LINE
  5
4EF
330
1F
100
AcDbEntity
  8
AM_0
100
AcDbLine
 10
-27.18188248935484
 20
54.63514755224736
 30
0.0
 11
-19.20521441779745
 21
54.63514755224736
 31
0.0
  0
LINE
  5
4F0
330
1F
100
AcDbEntity
  8
AM_0
100
AcDbLine
 10
-19.20521441779745
 20
54.63514755224736
 30
0.0
 11
-19.32113573368712
 21
54.6565572287432
 31
0.0
  0
LINE
  5
4F1
330
1F
100
AcDbEntity
  8
AM_0
100
AcDbLine
 10
-38.87440803286903
 20
54.63514755224736
 30
0.0
 11
-38.87440803286903
 21
54.6
 31
0.0
  0
LINE
  5
4F2
330
1F
100
AcDbEntity
  8
AM_0
100
AcDbLine
 10
-38.78954773995756
 20
54.6565572287432
 30
0.0
 11
-27.72400789615607
 21
54.6565572287432
 31
0.0
  0
LINE
  5
4F3
330
1F
100
AcDbEntity
  8
AM_0
100
AcDbLine
 10
-38.78954773995756
 20
54.6565572287432
 30
0.0
 11
-38.87440803286903
 21
54.63514755224736
 31
0.0
  0
LINE
  5
4F4
330
1F
100
AcDbEntity
  8
AM_0
100
AcDbLine
 10
-38.87440803286903
 20
54.63514755224736
 30
0.0
 11
-27.69294687317787
 21
54.63514755224735
 31
0.0
  0
LINE
  5
4F5
330
1F
100
AcDbEntity
  8
AM_9
100
AcDbLine
 10
-29.90278667881279
 20
56.12918614371601
 30
0.0
 11
-29.90278667881279
 21
54.6
 31
0.0
  0
LINE
  5
4F6
330
1F
100
AcDbEntity
  8
AM_0
100
AcDbLine
 10
-29.90278667881279
 20
56.158
 30
0.0
 11
-29.90278667881279
 21
56.12918614371601
 31
0.0
  0
LINE
  5
4F7
330
1F
100
AcDbEntity
  8
AM_9
100
AcDbLine
 10
-29.86094285010647
 20
56.12918614371601
 30
0.0
 11
-29.86094285010647
 21
54.6
 31
0.0
  0
LINE
  5
4F8
330
1F
100
AcDbEntity
  8
AM_0
100
AcDbLine
 10
-29.83218564562331
 20
56.10938219295735
 30
0.0
 11
-29.86094285010647
 21
56.12918614371601
 31
0.0
  0
LINE
  5
4F9
330
1F
100
AcDbEntity
  8
AM_9
100
AcDbLine
 10
-29.83218564562331
 20
56.04979192671056
 30
0.0
 11
-29.8321856456233
 21
54.6
 31
0.0
  0
LINE
  5
4FA
330
1F
100
AcDbEntity
  8
AM_0
100
AcDbLine
 10
-29.83218564562331
 20
56.10938219295735
 30
0.0
 11
-29.83218564562331
 21
56.04979192671056
 31
0.0
  0
LINE
  5
4FB
330
1F
100
AcDbEntity
  8
AM_9
100
AcDbLine
 10
-29.74566463673093
 20
56.04979192671056
 30
0.0
 11
-29.74566463673094
 21
54.6
 31
0.0
  0
LINE
  5
4FC
330
1F
100
AcDbEntity
  8
AM_0
100
AcDbLine
 10
-29.71458229486787
 20
56.02838225021472
 30
0.0
 11
-29.74566463673093
 21
56.04979192671056
 31
0.0
  0
LINE
  5
4FD
330
1F
100
AcDbEntity
  8
AM_9
100
AcDbLine
 10
-29.71458229486787
 20
55.94827437732609
 30
0.0
 11
-29.71458229486787
 21
54.6
 31
0.0
  0
LINE
  5
4FE
330
1F
100
AcDbEntity
  8
AM_0
100
AcDbLine
 10
-29.71458229486787
 20
56.02838225021472
 30
0.0
 11
-29.71458229486787
 21
55.94827437732609
 31
0.0
  0
LINE
  5
4FF
330
1F
100
AcDbEntity
  8
AM_9
100
AcDbLine
 10
-29.59829395555783
 20
55.94827437732609
 30
0.0
 11
-29.59829395555783
 21
54.6
 31
0.0
  0
LINE
  5
500
330
1F
100
AcDbEntity
  8
AM_0
100
AcDbLine
 10
-29.56721726255699
 20
55.92686470083023
 30
0.0
 11
-29.59829395555783
 21
55.94827437732609
 31
0.0
  0
LINE
  5
501
330
1F
100
AcDbEntity
  8
AM_9
100
AcDbLine
 10
-29.56721726255699
 20
55.85068193529918
 30
0.0
 11
-29.56721726255699
 21
54.6
 31
0.0
  0
LINE
  5
502
330
1F
100
AcDbEntity
  8
AM_0
100
AcDbLine
 10
-29.56721726255699
 20
55.92686470083023
 30
0.0
 11
-29.56721726255699
 21
55.85068193529918
 31
0.0
  0
LINE
  5
503
330
1F
100
AcDbEntity
  8
AM_9
100
AcDbLine
 10
-29.45664315141779
 20
55.85068193529918
 30
0.0
 11
-29.45664315141779
 21
54.6
 31
0.0
  0
LINE
  5
504
330
1F
100
AcDbEntity
  8
AM_0
100
AcDbLine
 10
-29.42557020190024
 20
55.82927225880333
 30
0.0
 11
-29.45664315141779
 21
55.85068193529918
 31
0.0
  0
LINE
  5
505
330
1F
100
AcDbEntity
  8
AM_9
100
AcDbLine
 10
-29.42557020190023
 20
55.75130535356427
 30
0.0
 11
-29.42557020190024
 21
54.6
 31
0.0
  0
LINE
  5
506
330
1F
100
AcDbEntity
  8
AM_0
100
AcDbLine
 10
-29.42557020190024
 20
55.82927225880333
 30
0.0
 11
-29.42557020190023
 21
55.75130535356427
 31
0.0
  0
LINE
  5
507
330
1F
100
AcDbEntity
  8
AM_9
100
AcDbLine
 10
-29.3124181999069
 20
55.75130535356427
 30
0.0
 11
-29.3124181999069
 21
54.6
 31
0.0
  0
LINE
  5
508
330
1F
100
AcDbEntity
  8
AM_0
100
AcDbLine
 10
-29.2810890839081
 20
55.72971726309763
 30
0.0
 11
-29.3124181999069
 21
55.75130535356427
 31
0.0
  0
LINE
  5
509
330
1F
100
AcDbEntity
  8
AM_9
100
AcDbLine
 10
-29.28108908390811
 20
55.65175035785858
 30
0.0
 11
-29.2810890839081
 21
54.6
 31
0.0
  0
LINE
  5
50A
330
1F
100
AcDbEntity
  8
AM_0
100
AcDbLine
 10
-29.2810890839081
 20
55.72971726309763
 30
0.0
 11
-29.28108908390811
 21
55.65175035785858
 31
0.0
  0
LINE
  5
50B
330
1F
100
AcDbEntity
  8
AM_9
100
AcDbLine
 10
-29.16794571868713
 20
55.65175035785858
 30
0.0
 11
-29.16794571868713
 21
54.6
 31
0.0
  0
LINE
  5
50C
330
1F
100
AcDbEntity
  8
AM_0
100
AcDbLine
 10
-29.13687756501717
 20
55.63034068136273
 30
0.0
 11
-29.16794571868713
 21
55.65175035785858
 31
0.0
  0
LINE
  5
50D
330
1F
100
AcDbEntity
  8
AM_9
100
AcDbLine
 10
-29.13687756501715
 20
55.55219536215289
 30
0.0
 11
-29.13687756501717
 21
54.6
 31
0.0
  0
LINE
  5
50E
330
1F
100
AcDbEntity
  8
AM_0
100
AcDbLine
 10
-29.13687756501717
 20
55.63034068136273
 30
0.0
 11
-29.13687756501715
 21
55.55219536215289
 31
0.0
  0
LINE
  5
50F
330
1F
100
AcDbEntity
  8
AM_9
100
AcDbLine
 10
-29.02348180163657
 20
55.55219536215289
 30
0.0
 11
-29.02348180163656
 21
54.6
 31
0.0
  0
LINE
  5
510
330
1F
100
AcDbEntity
  8
AM_0
100
AcDbLine
 10
-28.99241520884888
 20
55.53078568565703
 30
0.0
 11
-29.02348180163657
 21
55.55219536215289
 31
0.0
  0
LINE
  5
511
330
1F
100
AcDbEntity
  8
AM_9
100
AcDbLine
 10
-28.99241520884887
 20
55.45264036644718
 30
0.0
 11
-28.99241520884888
 21
54.6
 31
0.0
  0
LINE
  5
512
330
1F
100
AcDbEntity
  8
AM_0
100
AcDbLine
 10
-28.99241520884888
 20
55.53078568565703
 30
0.0
 11
-28.99241520884887
 21
55.45264036644718
 31
0.0
  0
LINE
  5
513
330
1F
100
AcDbEntity
  8
AM_9
100
AcDbLine
 10
-28.8790244746275
 20
55.45264036644718
 30
0.0
 11
-28.8790244746275
 21
54.6
 31
0.0
  0
LINE
  5
514
330
1F
100
AcDbEntity
  8
AM_0
100
AcDbLine
 10
-28.84795909964081
 20
55.43123068995133
 30
0.0
 11
-28.8790244746275
 21
55.45264036644718
 31
0.0
  0
LINE
  5
515
330
1F
100
AcDbEntity
  8
AM_9
100
AcDbLine
 10
-28.8479590996408
 20
55.35326378471229
 30
0.0
 11
-28.84795909964081
 21
54.6
 31
0.0
  0
LINE
  5
516
330
1F
100
AcDbEntity
  8
AM_0
100
AcDbLine
 10
-28.84795909964081
 20
55.43123068995133
 30
0.0
 11
-28.8479590996408
 21
55.35326378471229
 31
0.0
  0
LINE
  5
517
330
1F
100
AcDbEntity
  8
AM_9
100
AcDbLine
 10
-28.73483119788127
 20
55.35326378471229
 30
0.0
 11
-28.73483119788126
 21
54.6
 31
0.0
  0
LINE
  5
518
330
1F
100
AcDbEntity
  8
AM_0
100
AcDbLine
 10
-28.70376678971666
 20
55.33185410821644
 30
0.0
 11
-28.73483119788127
 21
55.35326378471229
 31
0.0
  0
LINE
  5
519
330
1F
100
AcDbEntity
  8
AM_9
100
AcDbLine
 10
-28.70376678971666
 20
55.25370878900659
 30
0.0
 11
-28.70376678971665
 21
54.6
 31
0.0
  0
LINE
  5
51A
330
1F
100
AcDbEntity
  8
AM_0
100
AcDbLine
 10
-28.70376678971666
 20
55.33185410821644
 30
0.0
 11
-28.70376678971666
 21
55.25370878900659
 31
0.0
  0
LINE
  5
51B
330
1F
100
AcDbEntity
  8
AM_9
100
AcDbLine
 10
-28.59038318823576
 20
55.25370878900659
 30
0.0
 11
-28.59038318823576
 21
54.6
 31
0.0
  0
LINE
  5
51C
330
1F
100
AcDbEntity
  8
AM_0
100
AcDbLine
 10
-28.55931956305649
 20
55.23229911251074
 30
0.0
 11
-28.59038318823576
 21
55.25370878900659
 31
0.0
  0
LINE
  5
51D
330
1F
100
AcDbEntity
  8
AM_9
100
AcDbLine
 10
-28.55931956305649
 20
55.15415379330089
 30
0.0
 11
-28.55931956305649
 21
54.6
 31
0.0
  0
LINE
  5
51E
330
1F
100
AcDbEntity
  8
AM_0
100
AcDbLine
 10
-28.55931956305649
 20
55.23229911251074
 30
0.0
 11
-28.55931956305649
 21
55.15415379330089
 31
0.0
  0
LINE
  5
51F
330
1F
100
AcDbEntity
  8
AM_9
100
AcDbLine
 10
-28.44593854807827
 20
55.15415379330089
 30
0.0
 11
-28.44593854807827
 21
54.6
 31
0.0
  0
LINE
  5
520
330
1F
100
AcDbEntity
  8
AM_0
100
AcDbLine
 10
-28.4148755647472
 20
55.13274411680504
 30
0.0
 11
-28.44593854807827
 21
55.15415379330089
 31
0.0
  0
LINE
  5
521
330
1F
100
AcDbEntity
  8
AM_9
100
AcDbLine
 10
-28.4148755647472
 20
55.05477721156601
 30
0.0
 11
-28.4148755647472
 21
54.6
 31
0.0
  0
LINE
  5
522
330
1F
100
AcDbEntity
  8
AM_0
100
AcDbLine
 10
-28.4148755647472
 20
55.13274411680504
 30
0.0
 11
-28.4148755647472
 21
55.05477721156601
 31
0.0
  0
LINE
  5
523
330
1F
100
AcDbEntity
  8
AM_9
100
AcDbLine
 10
-28.30175553750173
 20
55.05477721156601
 30
0.0
 11
-28.30175553750172
 21
54.6
 31
0.0
  0
LINE
  5
524
330
1F
100
AcDbEntity
  8
AM_0
100
AcDbLine
 10
-28.27069308600194
 20
55.03336753507014
 30
0.0
 11
-28.30175553750173
 21
55.05477721156601
 31
0.0
  0
LINE
  5
525
330
1F
100
AcDbEntity
  8
AM_9
100
AcDbLine
 10
-28.27069308600194
 20
54.9552222158603
 30
0.0
 11
-28.27069308600194
 21
54.6
 31
0.0
  0
LINE
  5
526
330
1F
100
AcDbEntity
  8
AM_0
100
AcDbLine
 10
-28.27069308600194
 20
55.03336753507014
 30
0.0
 11
-28.27069308600194
 21
54.9552222158603
 31
0.0
  0
LINE
  5
527
330
1F
100
AcDbEntity
  8
AM_9
100
AcDbLine
 10
-28.15731598213618
 20
54.9552222158603
 30
0.0
 11
-28.15731598213619
 21
54.6
 31
0.0
  0
LINE
  5
528
330
1F
100
AcDbEntity
  8
AM_0
100
AcDbLine
 10
-28.12625397774636
 20
54.93381253936444
 30
0.0
 11
-28.15731598213618
 21
54.9552222158603
 31
0.0
  0
LINE
  5
529
330
1F
100
AcDbEntity
  8
AM_9
100
AcDbLine
 10
-28.12625397774636
 20
54.85584563412539
 30
0.0
 11
-28.12625397774636
 21
54.6
 31
0.0
  0
LINE
  5
52A
330
1F
100
AcDbEntity
  8
AM_0
100
AcDbLine
 10
-28.12625397774636
 20
54.93381253936444
 30
0.0
 11
-28.12625397774636
 21
54.85584563412539
 31
0.0
  0
LINE
  5
52B
330
1F
100
AcDbEntity
  8
AM_9
100
AcDbLine
 10
-28.01313722280298
 20
54.85584563412539
 30
0.0
 11
-28.01313722280299
 21
54.6
 31
0.0
  0
LINE
  5
52C
330
1F
100
AcDbEntity
  8
AM_0
100
AcDbLine
 10
-27.98207559659646
 20
54.83443595762954
 30
0.0
 11
-28.01313722280298
 21
54.85584563412539
 31
0.0
  0
LINE
  5
52D
330
1F
100
AcDbEntity
  8
AM_9
100
AcDbLine
 10
-27.98207559659646
 20
54.75414967077012
 30
0.0
 11
-27.98207559659646
 21
54.6
 31
0.0
  0
LINE
  5
52E
330
1F
100
AcDbEntity
  8
AM_0
100
AcDbLine
 10
-27.98207559659646
 20
54.83443595762954
 30
0.0
 11
-27.98207559659646
 21
54.75414967077012
 31
0.0
  0
LINE
  5
52F
330
1F
100
AcDbEntity
  8
AM_9
100
AcDbLine
 10
-27.86559513708691
 20
54.75414967077012
 30
0.0
 11
-27.8655951370869
 21
54.6
 31
0.0
  0
LINE
  5
530
330
1F
100
AcDbEntity
  8
AM_0
100
AcDbLine
 10
-27.83453384115272
 20
54.73273999427426
 30
0.0
 11
-27.86559513708691
 21
54.75414967077012
 31
0.0
  0
LINE
  5
531
330
1F
100
AcDbEntity
  8
AM_9
100
AcDbLine
 10
-27.83453384115274
 20
54.6565572287432
 30
0.0
 11
-27.83453384115273
 21
54.6
 31
0.0
  0
LINE
  5
532
330
1F
100
AcDbEntity
  8
AM_0
100
AcDbLine
 10
-27.83453384115272
 20
54.73273999427426
 30
0.0
 11
-27.83453384115274
 21
54.6565572287432
 31
0.0
  0
LINE
  5
533
330
1F
100
AcDbEntity
  8
AM_9
100
AcDbLine
 10
-27.72400789615607
 20
54.6565572287432
 30
0.0
 11
-27.72400789615607
 21
54.6
 31
0.0
  0
LINE
  5
534
330
1F
100
AcDbEntity
  8
AM_0
100
AcDbLine
 10
-27.69294687317787
 20
54.63514755224735
 30
0.0
 11
-27.72400789615607
 21
54.6565572287432
 31
0.0
  0
LINE
  5
535
330
1F
100
AcDbEntity
  8
AM_0
100
AcDbLine
 10
-27.69294687317787
 20
54.63514755224735
 30
0.0
 11
-27.69294687317788
 21
54.6
 31
0.0
  0
LINE
  5
536
330
1F
100
AcDbEntity
  8
AM_0
100
AcDbLine
 10
-27.45947316673913
 20
54.61677588465499
 30
0.0
 11
-27.45947316673913
 21
54.6
 31
0.0
  0
LINE
  5
537
330
1F
100
AcDbEntity
  8
AM_0
100
AcDbLine
 10
-27.15713838309321
 20
54.61677588465499
 30
0.0
 11
-27.15713838311064
 21
54.6
 31
0.0
  0
LINE
  5
538
330
1F
100
AcDbEntity
  8
AM_0
100
AcDbLine
 10
-29.83792156306282
 20
56.158
 30
0.0
 11
-27.45947316673913
 21
54.61677588465499
 31
0.0
  0
LINE
  5
539
330
1F
100
AcDbEntity
  8
AM_0
100
AcDbLine
 10
-27.45947316673913
 20
54.61677588465499
 30
0.0
 11
-27.15713838309321
 21
54.61677588465499
 31
0.0
  0
LINE
  5
53A
330
1F
100
AcDbEntity
  8
AM_0
100
AcDbLine
 10
-27.15713838309321
 20
54.61677588465499
 30
0.0
 11
-29.53558677943434
 21
56.158
 31
0.0
  0
LINE
  5
53B
330
1F
100
AcDbEntity
  8
AM_9
100
AcDbLine
 10
13.152
 20
4.938999999999986
 30
0.0
 11
13.152
 21
3.393000000000002
 31
0.0
  0
LINE
  5
53C
330
1F
100
AcDbEntity
  8
AM_9
100
AcDbLine
 10
7.401999999999999
 20
4.938999999999986
 30
0.0
 11
7.401999999999999
 21
3.393000000000002
 31
0.0
  0
LINE
  5
53D
330
1F
100
AcDbEntity
  8
AM_9
100
AcDbLine
 10
13.152
 20
4.189
 30
0.0
 11
7.401999999999999
 21
4.189
 31
0.0
  0
LINE
  5
53E
330
1F
100
AcDbEntity
  8
AM_9
100
AcDbLine
 10
-7.402
 20
4.667
 30
0.0
 11
-7.402
 21
3.392999999999999
 31
0.0
  0
LINE
  5
53F
330
1F
100
AcDbEntity
  8
AM_9
100
AcDbLine
 10
-13.152
 20
4.939
 30
0.0
 11
-13.152
 21
3.393000000000002
 31
0.0
  0
LINE
  5
540
330
1F
100
AcDbEntity
  8
AM_9
100
AcDbLine
 10
-7.402
 20
4.189
 30
0.0
 11
-13.152
 21
4.189
 31
0.0
  0
LINE
  5
541
330
1F
100
AcDbEntity
  8
AM_9
100
AcDbLine
 10
-28.867
 20
3.076999999999999
 30
0.0
 11
-28.867
 21
5.047
 31
0.0
  0
LINE
  5
542
330
1F
100
AcDbEntity
  8
AM_9
100
AcDbLine
 10
-31.087
 20
3.016999999999999
 30
0.0
 11
-28.927
 21
3.016999999999999
 31
0.0
  0
ARC
  5
543
330
1F
100
AcDbEntity
  8
AM_9
100
AcDbCircle
 10
-28.92700000000001
 20
3.077000000000007
 30
0.0
 40
0.0600000000000072
100
AcDbArc
 50
270.0000000000102
 51
359.9999999999928
  0
LINE
  5
544
330
1F
100
AcDbEntity
  8
AM_9
100
AcDbLine
 10
-28.807
 20
5.047
 30
0.0
 11
-28.807
 21
3.077
 31
0.0
  0
ARC
  5
545
330
1F
100
AcDbEntity
  8
AM_9
100
AcDbCircle
 10
-28.747
 20
5.047000000000001
 30
0.0
 40
0.0599999999999996
100
AcDbArc
 50
90.0
 51
180.0000000000009
  0
LINE
  5
546
330
1F
100
AcDbEntity
  8
AM_9
100
AcDbLine
 10
-27.987
 20
5.107
 30
0.0
 11
-28.747
 21
5.107
 31
0.0
  0
LINE
  5
547
330
1F
100
AcDbEntity
  8
AM_9
100
AcDbLine
 10
-28.747
 20
5.166999999999998
 30
0.0
 11
-27.987
 21
5.167
 31
0.0
  0
ARC
  5
548
330
1F
100
AcDbEntity
  8
AM_9
100
AcDbCircle
 10
-28.74700000000001
 20
5.047000000000002
 30
0.0
 40
0.1199999999999957
100
AcDbArc
 50
89.99999999999662
 51
180.0000000000013
  0
ARC
  5
549
330
1F
100
AcDbEntity
  8
AM_9
100
AcDbCircle
 10
-31.087
 20
3.077000000000004
 30
0.0
 40
0.0600000000000058
100
AcDbArc
 50
180.0000000000047
 51
269.9999999999932
  0
LINE
  5
54A
330
1F
100
AcDbEntity
  8
AM_9
100
AcDbLine
 10
-31.14699999999999
 20
5.047
 30
0.0
 11
-31.147
 21
3.076999999999999
 31
0.0
  0
ARC
  5
54B
330
1F
100
AcDbEntity
  8
AM_9
100
AcDbCircle
 10
-31.267
 20
5.046999999999995
 30
0.0
 40
0.1200000000000081
100
AcDbArc
 50
0.0000000000021204
 51
90.0
  0
LINE
  5
54C
330
1F
100
AcDbEntity
  8
AM_9
100
AcDbLine
 10
-32.027
 20
5.167
 30
0.0
 11
-31.267
 21
5.167
 31
0.0
  0
LINE
  5
54D
330
1F
100
AcDbEntity
  8
AM_9
100
AcDbLine
 10
-31.267
 20
5.107
 30
0.0
 11
-32.027
 21
5.107
 31
0.0
  0
ARC
  5
54E
330
1F
100
AcDbEntity
  8
AM_9
100
AcDbCircle
 10
-31.267
 20
5.047000000000001
 30
0.0
 40
0.0599999999999987
100
AcDbArc
 50
359.9999999999983
 51
90.0
  0
LINE
  5
54F
330
1F
100
AcDbEntity
  8
AM_9
100
AcDbLine
 10
-31.207
 20
3.077
 30
0.0
 11
-31.207
 21
5.047
 31
0.0
  0
LINE
  5
550
330
1F
100
AcDbEntity
  8
AM_9
100
AcDbLine
 10
46.898
 20
3.0
 30
0.0
 11
46.44799999999999
 21
3.0
 31
0.0
  0
LINE
  5
551
330
1F
100
AcDbEntity
  8
AM_9
100
AcDbLine
 10
46.44799999999999
 20
1.0
 30
0.0
 11
46.898
 21
1.0
 31
0.0
  0
LINE
  5
552
330
1F
100
AcDbEntity
  8
AM_9
100
AcDbLine
 10
-45.87800000000001
 20
3.0
 30
0.0
 11
-46.898
 21
3.0
 31
0.0
  0
LINE
  5
553
330
1F
100
AcDbEntity
  8
AM_9
100
AcDbLine
 10
-46.898
 20
1.0
 30
0.0
 11
-45.87800000000001
 21
1.0
 31
0.0
  0
LINE
  5
554
330
1F
100
AcDbEntity
  8
AM_0
100
AcDbLine
 10
46.7445
 20
24.373
 30
0.0
 11
46.5615
 21
24.373
 31
0.0
  0
LINE
  5
555
330
1F
100
AcDbEntity
  8
AM_0
100
AcDbLine
 10
46.4945
 20
9.474
 30
0.0
 11
46.49450746310222
 21
9.472999999999876
 31
0.0
  0
ARC
  5
556
330
1F
100
AcDbEntity
  8
AM_0
100
AcDbCircle
 10
46.56150000000001
 20
24.34
 30
0.0
 40
0.0329999999999977
100
AcDbArc
 50
90.00000000001235
 51
180.0000000000062
  0
LINE
  5
557
330
1F
100
AcDbEntity
  8
AM_0
100
AcDbLine
 10
46.5615
 20
24.407
 30
0.0
 11
46.7445
 21
24.407
 31
0.0
  0
LINE
  5
558
330
1F
100
AcDbEntity
  8
AM_0
100
AcDbLine
 10
46.5285
 20
24.34
 30
0.0
 11
46.5285
 21
24.335
 31
0.0
  0
ARC
  5
559
330
1F
100
AcDbEntity
  8
AM_0
100
AcDbCircle
 10
46.56150000000002
 20
24.33999999999999
 30
0.0
 40
0.0670000000000037
100
AcDbArc
 50
90.00000000001214
 51
179.999999999997
  0
ARC
  5
55A
330
1F
100
AcDbEntity
  8
AM_0
100
AcDbCircle
 10
46.5615
 20
9.473999999999982
 30
0.0
 40
0.0669999999999876
100
AcDbArc
 50
185.9970703926793
 51
270.0000000000061
  0
LINE
  5
55B
330
1F
100
AcDbEntity
  8
AM_0
100
AcDbLine
 10
46.5615
 20
9.441
 30
0.0
 11
46.7445
 21
9.441
 31
0.0
  0
LINE
  5
55C
330
1F
100
AcDbEntity
  8
AM_0
100
AcDbLine
 10
46.7445
 20
9.407
 30
0.0
 11
46.5615
 21
9.407
 31
0.0
  0
ARC
  5
55D
330
1F
100
AcDbEntity
  8
AM_9
100
AcDbCircle
 10
46.56149999999961
 20
9.473999999999931
 30
0.0
 40
0.0329999999996082
100
AcDbArc
 50
181.736501575575
 51
192.2466897273383
  0
ARC
  5
55E
330
1F
100
AcDbEntity
  8
AM_0
100
AcDbCircle
 10
46.56149999999999
 20
9.473999999999991
 30
0.0
 40
0.0329999999999895
100
AcDbArc
 50
192.2466897273021
 51
270.0000000000247
  0
LINE
  5
55F
330
1F
100
AcDbEntity
  8
AM_9
100
AcDbLine
 10
46.52851515499506
 20
9.473000000000152
 30
0.0
 11
46.52851515499506
 21
9.466999999999999
 31
0.0
  0
LINE
  5
560
330
1F
100
AcDbEntity
  8
AM_0
100
AcDbLine
 10
46.4945
 20
9.467000000000002
 30
0.0
 11
46.7445
 21
9.466999999999999
 31
0.0
  0
LINE
  5
561
330
1F
100
AcDbEntity
  8
AM_0
100
AcDbLine
 10
46.49450746310222
 20
24.335
 30
0.0
 11
46.7445
 21
24.335
 31
0.0
  0
LINE
  5
562
330
1F
100
AcDbEntity
  8
AM_9
100
AcDbLine
 10
-44.55
 20
0.058
 30
0.0
 11
-44.55
 21
0.0
 31
0.0
  0
LINE
  5
563
330
1F
100
AcDbEntity
  8
AM_9
100
AcDbLine
 10
44.55
 20
0.058
 30
0.0
 11
44.55
 21
0.0
 31
0.0
  0
LINE
  5
564
330
1F
100
AcDbEntity
  8
AM_9
100
AcDbLine
 10
44.643
 20
5.226000000000001
 30
0.0
 11
44.643
 21
4.667
 31
0.0
  0
LINE
  5
565
330
1F
100
AcDbEntity
  8
AM_9
100
AcDbLine
 10
-13.068
 20
5.226000000000001
 30
0.0
 11
-13.068
 21
4.667
 31
0.0
  0
LINE
  5
566
330
1F
100
AcDbEntity
  8
AM_9
100
AcDbLine
 10
-13.068
 20
4.667
 30
0.0
 11
44.643
 21
4.667
 31
0.0
  0
LINE
  5
567
330
1F
100
AcDbEntity
  8
AM_9
100
AcDbLine
 10
-46.279
 20
53.25
 30
0.0
 11
-46.279
 21
6.000000000000021
 31
0.0
  0
LINE
  5
568
330
1F
100
AcDbEntity
  8
AM_9
100
AcDbLine
 10
-46.245
 20
53.25
 30
0.0
 11
-46.245
 21
6.000000000000021
 31
0.0
  0
LINE
  5
569
330
1F
100
AcDbEntity
  8
AM_9
100
AcDbLine
 10
-46.31300000000001
 20
53.25
 30
0.0
 11
-46.31300000000001
 21
6.000000000000021
 31
0.0
  0
LINE
  5
56A
330
1F
100
AcDbEntity
  8
AM_0
100
AcDbLine
 10
-36.815
 20
15.34200000000009
 30
0.0
 11
-42.84899999999999
 21
15.34200000000009
 31
0.0
  0
LINE
  5
56B
330
1F
100
AcDbEntity
  8
AM_0
100
AcDbLine
 10
-42.84899999999999
 20
20.4710000000001
 30
0.0
 11
-36.815
 21
20.4710000000001
 31
0.0
  0
LINE
  5
56C
330
1F
100
AcDbEntity
  8
AM_0
100
AcDbLine
 10
-36.815
 20
31.62200000000013
 30
0.0
 11
-42.84899999999999
 21
31.62200000000013
 31
0.0
  0
LINE
  5
56D
330
1F
100
AcDbEntity
  8
AM_0
100
AcDbLine
 10
-36.815
 20
10.9020000000001
 30
0.0
 11
-42.84899999999999
 21
10.9020000000001
 31
0.0
  0
LINE
  5
56E
330
1F
100
AcDbEntity
  8
AM_0
100
AcDbLine
 10
-42.84899999999999
 20
10.48100000000009
 30
0.0
 11
-36.815
 21
10.48100000000009
 31
0.0
  0
LINE
  5
56F
330
1F
100
AcDbEntity
  8
AM_0
100
AcDbLine
 10
-42.84899999999999
 20
10.11100000000009
 30
0.0
 11
-36.815
 21
10.11100000000009
 31
0.0
  0
LINE
  5
570
330
1F
100
AcDbEntity
  8
AM_0
100
AcDbLine
 10
-42.84899999999999
 20
21.2110000000001
 30
0.0
 11
-36.815
 21
21.2110000000001
 31
0.0
  0
LINE
  5
571
330
1F
100
AcDbEntity
  8
AM_0
100
AcDbLine
 10
-42.84899999999999
 20
9.741000000000092
 30
0.0
 11
-36.815
 21
9.741000000000092
 31
0.0
  0
LINE
  5
572
330
1F
100
AcDbEntity
  8
AM_0
100
AcDbLine
 10
-42.84899999999999
 20
20.8410000000001
 30
0.0
 11
-36.815
 21
20.8410000000001
 31
0.0
  0
LINE
  5
573
330
1F
100
AcDbEntity
  8
AM_0
100
AcDbLine
 10
-42.84899999999999
 20
17.88100000000009
 30
0.0
 11
-36.815
 21
17.88100000000009
 31
0.0
  0
LINE
  5
574
330
1F
100
AcDbEntity
  8
AM_0
100
AcDbLine
 10
-36.815
 20
43.09200000000006
 30
0.0
 11
-42.84899999999999
 21
43.09200000000006
 31
0.0
  0
LINE
  5
575
330
1F
100
AcDbEntity
  8
AM_0
100
AcDbLine
 10
-42.84899999999999
 20
12.33100000000009
 30
0.0
 11
-36.815
 21
12.33100000000009
 31
0.0
  0
LINE
  5
576
330
1F
100
AcDbEntity
  8
AM_0
100
AcDbLine
 10
-36.815
 20
37.1720000000001
 30
0.0
 11
-42.84899999999999
 21
37.1720000000001
 31
0.0
  0
LINE
  5
577
330
1F
100
AcDbEntity
  8
AM_0
100
AcDbLine
 10
-36.815
 20
10.16200000000009
 30
0.0
 11
-42.84899999999999
 21
10.16200000000009
 31
0.0
  0
LINE
  5
578
330
1F
100
AcDbEntity
  8
AM_0
100
AcDbLine
 10
-42.84899999999999
 20
13.07100000000009
 30
0.0
 11
-36.815
 21
13.07100000000009
 31
0.0
  0
LINE
  5
579
330
1F
100
AcDbEntity
  8
AM_0
100
AcDbLine
 10
-36.815
 20
37.54200000000009
 30
0.0
 11
-42.84899999999999
 21
37.54200000000009
 31
0.0
  0
LINE
  5
57A
330
1F
100
AcDbEntity
  8
AM_0
100
AcDbLine
 10
-36.815
 20
32.36200000000013
 30
0.0
 11
-42.84899999999999
 21
32.36200000000013
 31
0.0
  0
LINE
  5
57B
330
1F
100
AcDbEntity
  8
AM_0
100
AcDbLine
 10
-36.815
 20
21.6320000000001
 30
0.0
 11
-42.84899999999999
 21
21.6320000000001
 31
0.0
  0
LINE
  5
57C
330
1F
100
AcDbEntity
  8
AM_0
100
AcDbLine
 10
-36.815
 20
31.99200000000013
 30
0.0
 11
-42.84899999999999
 21
31.99200000000013
 31
0.0
  0
LINE
  5
57D
330
1F
100
AcDbEntity
  8
AM_0
100
AcDbLine
 10
-36.815
 20
13.49200000000009
 30
0.0
 11
-42.84899999999999
 21
13.49200000000009
 31
0.0
  0
LINE
  5
57E
330
1F
100
AcDbEntity
  8
AM_0
100
AcDbLine
 10
-36.815
 20
11.2720000000001
 30
0.0
 11
-42.84899999999999
 21
11.2720000000001
 31
0.0
  0
LINE
  5
57F
330
1F
100
AcDbEntity
  8
AM_0
100
AcDbLine
 10
-36.815
 20
22.0020000000001
 30
0.0
 11
-42.84899999999999
 21
22.0020000000001
 31
0.0
  0
LINE
  5
580
330
1F
100
AcDbEntity
  8
AM_0
100
AcDbLine
 10
-36.815
 20
26.07200000000011
 30
0.0
 11
-42.84899999999999
 21
26.07200000000011
 31
0.0
  0
LINE
  5
581
330
1F
100
AcDbEntity
  8
AM_0
100
AcDbLine
 10
-36.815
 20
12.75200000000009
 30
0.0
 11
-42.84899999999999
 21
12.75200000000009
 31
0.0
  0
LINE
  5
582
330
1F
100
AcDbEntity
  8
AM_0
100
AcDbLine
 10
-36.815
 20
14.23200000000009
 30
0.0
 11
-42.84899999999999
 21
14.23200000000009
 31
0.0
  0
LINE
  5
583
330
1F
100
AcDbEntity
  8
AM_0
100
AcDbLine
 10
-42.84899999999999
 20
12.70100000000009
 30
0.0
 11
-36.815
 21
12.70100000000009
 31
0.0
  0
LINE
  5
584
330
1F
100
AcDbEntity
  8
AM_0
100
AcDbLine
 10
-42.84899999999999
 20
23.4310000000001
 30
0.0
 11
-36.815
 21
23.4310000000001
 31
0.0
  0
LINE
  5
585
330
1F
100
AcDbEntity
  8
AM_0
100
AcDbLine
 10
-36.815
 20
15.71200000000009
 30
0.0
 11
-42.84899999999999
 21
15.71200000000009
 31
0.0
  0
LINE
  5
586
330
1F
100
AcDbEntity
  8
AM_0
100
AcDbLine
 10
-36.815
 20
10.5320000000001
 30
0.0
 11
-42.84899999999999
 21
10.5320000000001
 31
0.0
  0
LINE
  5
587
330
1F
100
AcDbEntity
  8
AM_0
100
AcDbLine
 10
-36.815
 20
21.2620000000001
 30
0.0
 11
-42.84899999999999
 21
21.2620000000001
 31
0.0
  0
LINE
  5
588
330
1F
100
AcDbEntity
  8
AM_0
100
AcDbLine
 10
-36.815
 20
25.33200000000011
 30
0.0
 11
-42.84899999999999
 21
25.33200000000011
 31
0.0
  0
LINE
  5
589
330
1F
100
AcDbEntity
  8
AM_0
100
AcDbLine
 10
-42.84899999999999
 20
23.8010000000001
 30
0.0
 11
-36.815
 21
23.8010000000001
 31
0.0
  0
LINE
  5
58A
330
1F
100
AcDbEntity
  8
AM_0
100
AcDbLine
 10
-36.815
 20
16.08200000000009
 30
0.0
 11
-42.84899999999999
 21
16.08200000000009
 31
0.0
  0
LINE
  5
58B
330
1F
100
AcDbEntity
  8
AM_0
100
AcDbLine
 10
-36.815
 20
36.4320000000001
 30
0.0
 11
-42.84899999999999
 21
36.4320000000001
 31
0.0
  0
LINE
  5
58C
330
1F
100
AcDbEntity
  8
AM_0
100
AcDbLine
 10
-36.815
 20
25.70200000000011
 30
0.0
 11
-42.84899999999999
 21
25.70200000000011
 31
0.0
  0
LINE
  5
58D
330
1F
100
AcDbEntity
  8
AM_0
100
AcDbLine
 10
-42.84899999999999
 20
10.8510000000001
 30
0.0
 11
-36.815
 21
10.8510000000001
 31
0.0
  0
LINE
  5
58E
330
1F
100
AcDbEntity
  8
AM_0
100
AcDbLine
 10
-36.815
 20
32.73200000000013
 30
0.0
 11
-42.84899999999999
 21
32.73200000000013
 31
0.0
  0
LINE
  5
58F
330
1F
100
AcDbEntity
  8
AM_0
100
AcDbLine
 10
-42.84899999999999
 20
14.92100000000008
 30
0.0
 11
-36.815
 21
14.92100000000008
 31
0.0
  0
LINE
  5
590
330
1F
100
AcDbEntity
  8
AM_0
100
AcDbLine
 10
-36.815
 20
47.53200000000002
 30
0.0
 11
-42.84899999999999
 21
47.53200000000002
 31
0.0
  0
LINE
  5
591
330
1F
100
AcDbEntity
  8
AM_0
100
AcDbLine
 10
-36.815
 20
34.21200000000012
 30
0.0
 11
-42.84899999999999
 21
34.21200000000012
 31
0.0
  0
LINE
  5
592
330
1F
100
AcDbEntity
  8
AM_0
100
AcDbLine
 10
-36.815
 20
42.35200000000006
 30
0.0
 11
-42.84899999999999
 21
42.35200000000006
 31
0.0
  0
LINE
  5
593
330
1F
100
AcDbEntity
  8
AM_0
100
AcDbLine
 10
-36.815
 20
20.8920000000001
 30
0.0
 11
-42.84899999999999
 21
20.8920000000001
 31
0.0
  0
LINE
  5
594
330
1F
100
AcDbEntity
  8
AM_0
100
AcDbLine
 10
-42.84899999999999
 20
15.29100000000009
 30
0.0
 11
-36.815
 21
15.29100000000009
 31
0.0
  0
LINE
  5
595
330
1F
100
AcDbEntity
  8
AM_0
100
AcDbLine
 10
-36.815
 20
34.58200000000011
 30
0.0
 11
-42.84899999999999
 21
34.58200000000011
 31
0.0
  0
LINE
  5
596
330
1F
100
AcDbEntity
  8
AM_0
100
AcDbLine
 10
-36.815
 20
42.72200000000006
 30
0.0
 11
-42.84899999999999
 21
42.72200000000006
 31
0.0
  0
LINE
  5
597
330
1F
100
AcDbEntity
  8
AM_0
100
AcDbLine
 10
-42.84899999999999
 20
26.39100000000011
 30
0.0
 11
-36.815
 21
26.39100000000011
 31
0.0
  0
LINE
  5
598
330
1F
100
AcDbEntity
  8
AM_0
100
AcDbLine
 10
-36.815
 20
34.95200000000011
 30
0.0
 11
-42.84899999999999
 21
34.95200000000011
 31
0.0
  0
LINE
  5
599
330
1F
100
AcDbEntity
  8
AM_0
100
AcDbLine
 10
-42.84899999999999
 20
16.03100000000009
 30
0.0
 11
-36.815
 21
16.03100000000009
 31
0.0
  0
LINE
  5
59A
330
1F
100
AcDbEntity
  8
AM_0
100
AcDbLine
 10
-42.84899999999999
 20
26.76100000000011
 30
0.0
 11
-36.815
 21
26.76100000000011
 31
0.0
  0
LINE
  5
59B
330
1F
100
AcDbEntity
  8
AM_0
100
AcDbLine
 10
-42.84899999999999
 20
21.5810000000001
 30
0.0
 11
-36.815
 21
21.5810000000001
 31
0.0
  0
LINE
  5
59C
330
1F
100
AcDbEntity
  8
AM_0
100
AcDbLine
 10
-36.815
 20
16.45200000000009
 30
0.0
 11
-42.84899999999999
 21
16.45200000000009
 31
0.0
  0
LINE
  5
59D
330
1F
100
AcDbEntity
  8
AM_0
100
AcDbLine
 10
-36.815
 20
43.46200000000005
 30
0.0
 11
-42.84899999999999
 21
43.46200000000005
 31
0.0
  0
LINE
  5
59E
330
1F
100
AcDbEntity
  8
AM_0
100
AcDbLine
 10
-42.84899999999999
 20
16.40100000000009
 30
0.0
 11
-36.815
 21
16.40100000000009
 31
0.0
  0
LINE
  5
59F
330
1F
100
AcDbEntity
  8
AM_0
100
AcDbLine
 10
-42.84899999999999
 20
31.20100000000012
 30
0.0
 11
-36.815
 21
31.20100000000012
 31
0.0
  0
LINE
  5
5A0
330
1F
100
AcDbEntity
  8
AM_0
100
AcDbLine
 10
-42.84899999999999
 20
21.9510000000001
 30
0.0
 11
-36.815
 21
21.9510000000001
 31
0.0
  0
LINE
  5
5A1
330
1F
100
AcDbEntity
  8
AM_0
100
AcDbLine
 10
-42.84899999999999
 20
11.2210000000001
 30
0.0
 11
-36.815
 21
11.2210000000001
 31
0.0
  0
LINE
  5
5A2
330
1F
100
AcDbEntity
  8
AM_0
100
AcDbLine
 10
-36.815
 20
43.83200000000006
 30
0.0
 11
-42.84899999999999
 21
43.83200000000006
 31
0.0
  0
LINE
  5
5A3
330
1F
100
AcDbEntity
  8
AM_0
100
AcDbLine
 10
-36.815
 20
22.3720000000001
 30
0.0
 11
-42.84899999999999
 21
22.3720000000001
 31
0.0
  0
LINE
  5
5A4
330
1F
100
AcDbEntity
  8
AM_0
100
AcDbLine
 10
-42.84899999999999
 20
31.57100000000013
 30
0.0
 11
-36.815
 21
31.57100000000013
 31
0.0
  0
LINE
  5
5A5
330
1F
100
AcDbEntity
  8
AM_0
100
AcDbLine
 10
-36.815
 20
13.12200000000009
 30
0.0
 11
-42.84899999999999
 21
13.12200000000009
 31
0.0
  0
LINE
  5
5A6
330
1F
100
AcDbEntity
  8
AM_0
100
AcDbLine
 10
-42.84899999999999
 20
15.66100000000009
 30
0.0
 11
-36.815
 21
15.66100000000009
 31
0.0
  0
LINE
  5
5A7
330
1F
100
AcDbEntity
  8
AM_0
100
AcDbLine
 10
-36.815
 20
44.20200000000005
 30
0.0
 11
-42.84899999999999
 21
44.20200000000005
 31
0.0
  0
LINE
  5
5A8
330
1F
100
AcDbEntity
  8
AM_0
100
AcDbLine
 10
-42.84899999999999
 20
31.94100000000013
 30
0.0
 11
-36.815
 21
31.94100000000013
 31
0.0
  0
LINE
  5
5A9
330
1F
100
AcDbEntity
  8
AM_0
100
AcDbLine
 10
-42.84899999999999
 20
14.55100000000008
 30
0.0
 11
-36.815
 21
14.55100000000008
 31
0.0
  0
LINE
  5
5AA
330
1F
100
AcDbEntity
  8
AM_0
100
AcDbLine
 10
-42.84899999999999
 20
11.9610000000001
 30
0.0
 11
-36.815
 21
11.96100000000009
 31
0.0
  0
LINE
  5
5AB
330
1F
100
AcDbEntity
  8
AM_0
100
AcDbLine
 10
-36.815
 20
44.57200000000005
 30
0.0
 11
-42.84899999999999
 21
44.57200000000005
 31
0.0
  0
LINE
  5
5AC
330
1F
100
AcDbEntity
  8
AM_0
100
AcDbLine
 10
-36.815
 20
41.98200000000006
 30
0.0
 11
-42.84899999999999
 21
41.98200000000006
 31
0.0
  0
LINE
  5
5AD
330
1F
100
AcDbEntity
  8
AM_0
100
AcDbLine
 10
-42.84899999999999
 20
6.781000000000104
 30
0.0
 11
-36.815
 21
6.781000000000104
 31
0.0
  0
LINE
  5
5AE
330
1F
100
AcDbEntity
  8
AM_0
100
AcDbLine
 10
-36.815
 20
28.66200000000012
 30
0.0
 11
-42.84899999999999
 21
28.66200000000012
 31
0.0
  0
LINE
  5
5AF
330
1F
100
AcDbEntity
  8
AM_0
100
AcDbLine
 10
-42.84899999999999
 20
28.61100000000012
 30
0.0
 11
-36.815
 21
28.61100000000012
 31
0.0
  0
LINE
  5
5B0
330
1F
100
AcDbEntity
  8
AM_0
100
AcDbLine
 10
-42.84899999999999
 20
7.151000000000097
 30
0.0
 11
-36.815
 21
7.151000000000097
 31
0.0
  0
LINE
  5
5B1
330
1F
100
AcDbEntity
  8
AM_0
100
AcDbLine
 10
-36.815
 20
29.03200000000012
 30
0.0
 11
-42.84899999999999
 21
29.03200000000012
 31
0.0
  0
LINE
  5
5B2
330
1F
100
AcDbEntity
  8
AM_0
100
AcDbLine
 10
-42.84899999999999
 20
18.25100000000009
 30
0.0
 11
-36.815
 21
18.25100000000009
 31
0.0
  0
LINE
  5
5B3
330
1F
100
AcDbEntity
  8
AM_0
100
AcDbLine
 10
-36.815
 20
40.13200000000008
 30
0.0
 11
-42.84899999999999
 21
40.13200000000008
 31
0.0
  0
LINE
  5
5B4
330
1F
100
AcDbEntity
  8
AM_0
100
AcDbLine
 10
-36.815
 20
18.67200000000009
 30
0.0
 11
-42.84899999999999
 21
18.67200000000009
 31
0.0
  0
LINE
  5
5B5
330
1F
100
AcDbEntity
  8
AM_0
100
AcDbLine
 10
-42.84899999999999
 20
18.62100000000009
 30
0.0
 11
-36.815
 21
18.62100000000009
 31
0.0
  0
LINE
  5
5B6
330
1F
100
AcDbEntity
  8
AM_0
100
AcDbLine
 10
-36.815
 20
7.942000000000101
 30
0.0
 11
-42.84899999999999
 21
7.942000000000101
 31
0.0
  0
LINE
  5
5B7
330
1F
100
AcDbEntity
  8
AM_0
100
AcDbLine
 10
-42.84899999999999
 20
13.44100000000009
 30
0.0
 11
-36.815
 21
13.44100000000009
 31
0.0
  0
LINE
  5
5B8
330
1F
100
AcDbEntity
  8
AM_0
100
AcDbLine
 10
-36.815
 20
37.91200000000009
 30
0.0
 11
-42.84899999999999
 21
37.91200000000009
 31
0.0
  0
LINE
  5
5B9
330
1F
100
AcDbEntity
  8
AM_0
100
AcDbLine
 10
-42.84899999999999
 20
32.31100000000013
 30
0.0
 11
-36.815
 21
32.31100000000013
 31
0.0
  0
LINE
  5
5BA
330
1F
100
AcDbEntity
  8
AM_0
100
AcDbLine
 10
-42.84899999999999
 20
13.81100000000009
 30
0.0
 11
-36.815
 21
13.81100000000009
 31
0.0
  0
LINE
  5
5BB
330
1F
100
AcDbEntity
  8
AM_0
100
AcDbLine
 10
-36.815
 20
35.69200000000011
 30
0.0
 11
-42.84899999999999
 21
35.69200000000011
 31
0.0
  0
LINE
  5
5BC
330
1F
100
AcDbEntity
  8
AM_0
100
AcDbLine
 10
-42.84899999999999
 20
14.18100000000008
 30
0.0
 11
-36.815
 21
14.18100000000009
 31
0.0
  0
LINE
  5
5BD
330
1F
100
AcDbEntity
  8
AM_0
100
AcDbLine
 10
-42.84899999999999
 20
28.98100000000012
 30
0.0
 11
-36.815
 21
28.98100000000012
 31
0.0
  0
LINE
  5
5BE
330
1F
100
AcDbEntity
  8
AM_0
100
AcDbLine
 10
-36.815
 20
14.60200000000009
 30
0.0
 11
-42.84899999999999
 21
14.60200000000009
 31
0.0
  0
LINE
  5
5BF
330
1F
100
AcDbEntity
  8
AM_0
100
AcDbLine
 10
-42.84899999999999
 20
19.73100000000009
 30
0.0
 11
-36.815
 21
19.73100000000009
 31
0.0
  0
LINE
  5
5C0
330
1F
100
AcDbEntity
  8
AM_0
100
AcDbLine
 10
-42.84899999999999
 20
9.0010000000001
 30
0.0
 11
-36.815
 21
9.0010000000001
 31
0.0
  0
LINE
  5
5C1
330
1F
100
AcDbEntity
  8
AM_0
100
AcDbLine
 10
-42.84899999999999
 20
25.28100000000011
 30
0.0
 11
-36.815
 21
25.28100000000011
 31
0.0
  0
LINE
  5
5C2
330
1F
100
AcDbEntity
  8
AM_0
100
AcDbLine
 10
-36.815
 20
47.16200000000003
 30
0.0
 11
-42.84899999999999
 21
47.16200000000003
 31
0.0
  0
LINE
  5
5C3
330
1F
100
AcDbEntity
  8
AM_0
100
AcDbLine
 10
-42.84899999999999
 20
25.65100000000011
 30
0.0
 11
-36.815
 21
25.65100000000011
 31
0.0
  0
LINE
  5
5C4
330
1F
100
AcDbEntity
  8
AM_0
100
AcDbLine
 10
-36.815
 20
9.792000000000096
 30
0.0
 11
-42.84899999999999
 21
9.792000000000096
 31
0.0
  0
LINE
  5
5C5
330
1F
100
AcDbEntity
  8
AM_0
100
AcDbLine
 10
-42.84899999999999
 20
36.3810000000001
 30
0.0
 11
-36.815
 21
36.3810000000001
 31
0.0
  0
LINE
  5
5C6
330
1F
100
AcDbEntity
  8
AM_0
100
AcDbLine
 10
-42.84899999999999
 20
41.93100000000005
 30
0.0
 11
-36.815
 21
41.93100000000005
 31
0.0
  0
LINE
  5
5C7
330
1F
100
AcDbEntity
  8
AM_0
100
AcDbLine
 10
-42.84899999999999
 20
26.02100000000011
 30
0.0
 11
-36.815
 21
26.02100000000011
 31
0.0
  0
LINE
  5
5C8
330
1F
100
AcDbEntity
  8
AM_0
100
AcDbLine
 10
-42.84899999999999
 20
36.7510000000001
 30
0.0
 11
-36.815
 21
36.7510000000001
 31
0.0
  0
LINE
  5
5C9
330
1F
100
AcDbEntity
  8
AM_0
100
AcDbLine
 10
-42.84899999999999
 20
42.30100000000006
 30
0.0
 11
-36.815
 21
42.30100000000006
 31
0.0
  0
LINE
  5
5CA
330
1F
100
AcDbEntity
  8
AM_0
100
AcDbLine
 10
-42.84899999999999
 20
37.12100000000009
 30
0.0
 11
-36.815
 21
37.12100000000009
 31
0.0
  0
LINE
  5
5CB
330
1F
100
AcDbEntity
  8
AM_0
100
AcDbLine
 10
-42.84899999999999
 20
47.85100000000001
 30
0.0
 11
-36.815
 21
47.85100000000001
 31
0.0
  0
LINE
  5
5CC
330
1F
100
AcDbEntity
  8
AM_0
100
AcDbLine
 10
-42.84899999999999
 20
42.67100000000006
 30
0.0
 11
-36.815
 21
42.67100000000006
 31
0.0
  0
LINE
  5
5CD
330
1F
100
AcDbEntity
  8
AM_0
100
AcDbLine
 10
-42.84899999999999
 20
37.49100000000009
 30
0.0
 11
-36.815
 21
37.49100000000009
 31
0.0
  0
LINE
  5
5CE
330
1F
100
AcDbEntity
  8
AM_0
100
AcDbLine
 10
-42.84899999999999
 20
48.22100000000002
 30
0.0
 11
-36.815
 21
48.22100000000002
 31
0.0
  0
LINE
  5
5CF
330
1F
100
AcDbEntity
  8
AM_0
100
AcDbLine
 10
-42.84899999999999
 20
43.04100000000005
 30
0.0
 11
-36.815
 21
43.04100000000005
 31
0.0
  0
LINE
  5
5D0
330
1F
100
AcDbEntity
  8
AM_0
100
AcDbLine
 10
-42.84899999999999
 20
37.86100000000009
 30
0.0
 11
-36.815
 21
37.86100000000009
 31
0.0
  0
LINE
  5
5D1
330
1F
100
AcDbEntity
  8
AM_0
100
AcDbLine
 10
-42.84899999999999
 20
43.41100000000005
 30
0.0
 11
-36.815
 21
43.41100000000005
 31
0.0
  0
LINE
  5
5D2
330
1F
100
AcDbEntity
  8
AM_0
100
AcDbLine
 10
-42.84899999999999
 20
32.68100000000013
 30
0.0
 11
-36.815
 21
32.68100000000013
 31
0.0
  0
LINE
  5
5D3
330
1F
100
AcDbEntity
  8
AM_0
100
AcDbLine
 10
-42.84899999999999
 20
22.3210000000001
 30
0.0
 11
-36.815
 21
22.3210000000001
 31
0.0
  0
LINE
  5
5D4
330
1F
100
AcDbEntity
  8
AM_0
100
AcDbLine
 10
-36.815
 20
22.7420000000001
 30
0.0
 11
-42.84899999999999
 21
22.7420000000001
 31
0.0
  0
LINE
  5
5D5
330
1F
100
AcDbEntity
  8
AM_0
100
AcDbLine
 10
-42.84899999999999
 20
22.6910000000001
 30
0.0
 11
-36.815
 21
22.6910000000001
 31
0.0
  0
LINE
  5
5D6
330
1F
100
AcDbEntity
  8
AM_0
100
AcDbLine
 10
-42.84899999999999
 20
33.42100000000012
 30
0.0
 11
-36.815
 21
33.42100000000012
 31
0.0
  0
LINE
  5
5D7
330
1F
100
AcDbEntity
  8
AM_0
100
AcDbLine
 10
-42.84899999999999
 20
30.83100000000012
 30
0.0
 11
-36.815
 21
30.83100000000012
 31
0.0
  0
LINE
  5
5D8
330
1F
100
AcDbEntity
  8
AM_0
100
AcDbLine
 10
-42.84899999999999
 20
23.0610000000001
 30
0.0
 11
-36.815
 21
23.0610000000001
 31
0.0
  0
LINE
  5
5D9
330
1F
100
AcDbEntity
  8
AM_0
100
AcDbLine
 10
-42.84899999999999
 20
33.79100000000012
 30
0.0
 11
-36.815
 21
33.79100000000012
 31
0.0
  0
LINE
  5
5DA
330
1F
100
AcDbEntity
  8
AM_0
100
AcDbLine
 10
-42.84899999999999
 20
34.16100000000012
 30
0.0
 11
-36.815
 21
34.16100000000012
 31
0.0
  0
LINE
  5
5DB
330
1F
100
AcDbEntity
  8
AM_0
100
AcDbLine
 10
-42.84899999999999
 20
44.89100000000003
 30
0.0
 11
-36.815
 21
44.89100000000003
 31
0.0
  0
LINE
  5
5DC
330
1F
100
AcDbEntity
  8
AM_0
100
AcDbLine
 10
-42.84899999999999
 20
34.53100000000011
 30
0.0
 11
-36.815
 21
34.53100000000011
 31
0.0
  0
LINE
  5
5DD
330
1F
100
AcDbEntity
  8
AM_0
100
AcDbLine
 10
-42.84899999999999
 20
45.26100000000004
 30
0.0
 11
-36.815
 21
45.26100000000004
 31
0.0
  0
LINE
  5
5DE
330
1F
100
AcDbEntity
  8
AM_0
100
AcDbLine
 10
-42.84899999999999
 20
40.08100000000007
 30
0.0
 11
-36.815
 21
40.08100000000007
 31
0.0
  0
LINE
  5
5DF
330
1F
100
AcDbEntity
  8
AM_0
100
AcDbLine
 10
-42.84899999999999
 20
24.17100000000011
 30
0.0
 11
-36.815
 21
24.17100000000011
 31
0.0
  0
LINE
  5
5E0
330
1F
100
AcDbEntity
  8
AM_0
100
AcDbLine
 10
-36.815
 20
35.32200000000011
 30
0.0
 11
-42.84899999999999
 21
35.32200000000011
 31
0.0
  0
LINE
  5
5E1
330
1F
100
AcDbEntity
  8
AM_0
100
AcDbLine
 10
-36.815
 20
13.86200000000009
 30
0.0
 11
-42.84899999999999
 21
13.86200000000009
 31
0.0
  0
LINE
  5
5E2
330
1F
100
AcDbEntity
  8
AM_0
100
AcDbLine
 10
-42.84899999999999
 20
18.99100000000009
 30
0.0
 11
-36.815
 21
18.99100000000009
 31
0.0
  0
LINE
  5
5E3
330
1F
100
AcDbEntity
  8
AM_0
100
AcDbLine
 10
-42.84899999999999
 20
35.27100000000011
 30
0.0
 11
-36.815
 21
35.27100000000011
 31
0.0
  0
LINE
  5
5E4
330
1F
100
AcDbEntity
  8
AM_0
100
AcDbLine
 10
-42.84899999999999
 20
24.54100000000011
 30
0.0
 11
-36.815
 21
24.54100000000011
 31
0.0
  0
LINE
  5
5E5
330
1F
100
AcDbEntity
  8
AM_0
100
AcDbLine
 10
-36.815
 20
24.96200000000011
 30
0.0
 11
-42.84899999999999
 21
24.96200000000011
 31
0.0
  0
LINE
  5
5E6
330
1F
100
AcDbEntity
  8
AM_0
100
AcDbLine
 10
-42.84899999999999
 20
24.91100000000011
 30
0.0
 11
-36.815
 21
24.91100000000011
 31
0.0
  0
LINE
  5
5E7
330
1F
100
AcDbEntity
  8
AM_0
100
AcDbLine
 10
-42.84899999999999
 20
35.6410000000001
 30
0.0
 11
-36.815
 21
35.6410000000001
 31
0.0
  0
LINE
  5
5E8
330
1F
100
AcDbEntity
  8
AM_0
100
AcDbLine
 10
-36.815
 20
46.79200000000003
 30
0.0
 11
-42.84899999999999
 21
46.79200000000003
 31
0.0
  0
LINE
  5
5E9
330
1F
100
AcDbEntity
  8
AM_0
100
AcDbLine
 10
-36.815
 20
19.7820000000001
 30
0.0
 11
-42.84899999999999
 21
19.7820000000001
 31
0.0
  0
LINE
  5
5EA
330
1F
100
AcDbEntity
  8
AM_0
100
AcDbLine
 10
-42.84899999999999
 20
46.74100000000003
 30
0.0
 11
-36.815
 21
46.74100000000003
 31
0.0
  0
LINE
  5
5EB
330
1F
100
AcDbEntity
  8
AM_0
100
AcDbLine
 10
-42.84899999999999
 20
36.0110000000001
 30
0.0
 11
-36.815
 21
36.0110000000001
 31
0.0
  0
LINE
  5
5EC
330
1F
100
AcDbEntity
  8
AM_0
100
AcDbLine
 10
-36.815
 20
14.97200000000009
 30
0.0
 11
-42.84899999999999
 21
14.97200000000009
 31
0.0
  0
LINE
  5
5ED
330
1F
100
AcDbEntity
  8
AM_0
100
AcDbLine
 10
-36.815
 20
20.5220000000001
 30
0.0
 11
-42.84899999999999
 21
20.5220000000001
 31
0.0
  0
LINE
  5
5EE
330
1F
100
AcDbEntity
  8
AM_0
100
AcDbLine
 10
-36.815
 20
17.93200000000009
 30
0.0
 11
-42.84899999999999
 21
17.93200000000009
 31
0.0
  0
LINE
  5
5EF
330
1F
100
AcDbEntity
  8
AM_0
100
AcDbLine
 10
-36.815
 20
31.25200000000013
 30
0.0
 11
-42.84899999999999
 21
31.25200000000013
 31
0.0
  0
LINE
  5
5F0
330
1F
100
AcDbEntity
  8
AM_0
100
AcDbLine
 10
-42.84899999999999
 20
47.48100000000002
 30
0.0
 11
-36.815
 21
47.48100000000002
 31
0.0
  0
LINE
  5
5F1
330
1F
100
AcDbEntity
  8
AM_0
100
AcDbLine
 10
-36.815
 20
26.44200000000011
 30
0.0
 11
-42.84899999999999
 21
26.44200000000011
 31
0.0
  0
LINE
  5
5F2
330
1F
100
AcDbEntity
  8
AM_0
100
AcDbLine
 10
-36.815
 20
26.81200000000011
 30
0.0
 11
-42.84899999999999
 21
26.81200000000011
 31
0.0
  0
LINE
  5
5F3
330
1F
100
AcDbEntity
  8
AM_0
100
AcDbLine
 10
-42.84899999999999
 20
45.63100000000004
 30
0.0
 11
-36.815
 21
45.63100000000004
 31
0.0
  0
LINE
  5
5F4
330
1F
100
AcDbEntity
  8
AM_0
100
AcDbLine
 10
-36.815
 20
19.04200000000009
 30
0.0
 11
-42.84899999999999
 21
19.04200000000009
 31
0.0
  0
LINE
  5
5F5
330
1F
100
AcDbEntity
  8
AM_0
100
AcDbLine
 10
-36.815
 20
27.18200000000012
 30
0.0
 11
-42.84899999999999
 21
27.18200000000012
 31
0.0
  0
LINE
  5
5F6
330
1F
100
AcDbEntity
  8
AM_0
100
AcDbLine
 10
-42.84899999999999
 20
27.13100000000011
 30
0.0
 11
-36.815
 21
27.13100000000011
 31
0.0
  0
LINE
  5
5F7
330
1F
100
AcDbEntity
  8
AM_0
100
AcDbLine
 10
-42.84899999999999
 20
48.59100000000002
 30
0.0
 11
-36.815
 21
48.59100000000002
 31
0.0
  0
LINE
  5
5F8
330
1F
100
AcDbEntity
  8
AM_0
100
AcDbLine
 10
-42.84899999999999
 20
46.00100000000003
 30
0.0
 11
-36.815
 21
46.00100000000003
 31
0.0
  0
LINE
  5
5F9
330
1F
100
AcDbEntity
  8
AM_0
100
AcDbLine
 10
-36.815
 20
16.82200000000009
 30
0.0
 11
-42.84899999999999
 21
16.82200000000009
 31
0.0
  0
LINE
  5
5FA
330
1F
100
AcDbEntity
  8
AM_0
100
AcDbLine
 10
-36.815
 20
27.55200000000012
 30
0.0
 11
-42.84899999999999
 21
27.55200000000012
 31
0.0
  0
LINE
  5
5FB
330
1F
100
AcDbEntity
  8
AM_0
100
AcDbLine
 10
-36.815
 20
11.6420000000001
 30
0.0
 11
-42.84899999999999
 21
11.6420000000001
 31
0.0
  0
LINE
  5
5FC
330
1F
100
AcDbEntity
  8
AM_0
100
AcDbLine
 10
-42.84899999999999
 20
38.23100000000009
 30
0.0
 11
-36.815
 21
38.23100000000009
 31
0.0
  0
LINE
  5
5FD
330
1F
100
AcDbEntity
  8
AM_0
100
AcDbLine
 10
-42.84899999999999
 20
33.05100000000012
 30
0.0
 11
-36.815
 21
33.05100000000012
 31
0.0
  0
LINE
  5
5FE
330
1F
100
AcDbEntity
  8
AM_0
100
AcDbLine
 10
-42.84899999999999
 20
11.5910000000001
 30
0.0
 11
-36.815
 21
11.5910000000001
 31
0.0
  0
LINE
  5
5FF
330
1F
100
AcDbEntity
  8
AM_0
100
AcDbLine
 10
-36.815
 20
12.01200000000009
 30
0.0
 11
-42.84899999999999
 21
12.0120000000001
 31
0.0
  0
LINE
  5
600
330
1F
100
AcDbEntity
  8
AM_0
100
AcDbLine
 10
-42.84899999999999
 20
38.60100000000008
 30
0.0
 11
-36.815
 21
38.60100000000008
 31
0.0
  0
LINE
  5
601
330
1F
100
AcDbEntity
  8
AM_0
100
AcDbLine
 10
-42.84899999999999
 20
6.411000000000104
 30
0.0
 11
-36.815
 21
6.411000000000104
 31
0.0
  0
LINE
  5
602
330
1F
100
AcDbEntity
  8
AM_0
100
AcDbLine
 10
-36.815
 20
17.56200000000009
 30
0.0
 11
-42.84899999999999
 21
17.56200000000009
 31
0.0
  0
LINE
  5
603
330
1F
100
AcDbEntity
  8
AM_0
100
AcDbLine
 10
-36.815
 20
23.11200000000011
 30
0.0
 11
-42.84899999999999
 21
23.11200000000011
 31
0.0
  0
LINE
  5
604
330
1F
100
AcDbEntity
  8
AM_0
100
AcDbLine
 10
-42.84899999999999
 20
38.97100000000008
 30
0.0
 11
-36.815
 21
38.97100000000008
 31
0.0
  0
LINE
  5
605
330
1F
100
AcDbEntity
  8
AM_0
100
AcDbLine
 10
-36.815
 20
12.38200000000009
 30
0.0
 11
-42.84899999999999
 21
12.38200000000009
 31
0.0
  0
LINE
  5
606
330
1F
100
AcDbEntity
  8
AM_0
100
AcDbLine
 10
-42.84899999999999
 20
39.34100000000008
 30
0.0
 11
-36.815
 21
39.34100000000008
 31
0.0
  0
LINE
  5
607
330
1F
100
AcDbEntity
  8
AM_0
100
AcDbLine
 10
-36.815
 20
7.202000000000099
 30
0.0
 11
-42.84899999999999
 21
7.202000000000099
 31
0.0
  0
LINE
  5
608
330
1F
100
AcDbEntity
  8
AM_0
100
AcDbLine
 10
-36.815
 20
23.48200000000011
 30
0.0
 11
-42.84899999999999
 21
23.48200000000011
 31
0.0
  0
LINE
  5
609
330
1F
100
AcDbEntity
  8
AM_0
100
AcDbLine
 10
-36.815
 20
18.30200000000009
 30
0.0
 11
-42.84899999999999
 21
18.30200000000009
 31
0.0
  0
LINE
  5
60A
330
1F
100
AcDbEntity
  8
AM_0
100
AcDbLine
 10
-36.815
 20
7.5720000000001
 30
0.0
 11
-42.84899999999999
 21
7.5720000000001
 31
0.0
  0
LINE
  5
60B
330
1F
100
AcDbEntity
  8
AM_0
100
AcDbLine
 10
-42.84899999999999
 20
7.521000000000097
 30
0.0
 11
-36.815
 21
7.521000000000097
 31
0.0
  0
LINE
  5
60C
330
1F
100
AcDbEntity
  8
AM_0
100
AcDbLine
 10
-36.815
 20
45.31200000000004
 30
0.0
 11
-42.84899999999999
 21
45.31200000000004
 31
0.0
  0
LINE
  5
60D
330
1F
100
AcDbEntity
  8
AM_0
100
AcDbLine
 10
-36.815
 20
9.052000000000103
 30
0.0
 11
-42.84899999999999
 21
9.052000000000103
 31
0.0
  0
LINE
  5
60E
330
1F
100
AcDbEntity
  8
AM_0
100
AcDbLine
 10
-36.815
 20
29.40200000000012
 30
0.0
 11
-42.84899999999999
 21
29.40200000000012
 31
0.0
  0
LINE
  5
60F
330
1F
100
AcDbEntity
  8
AM_0
100
AcDbLine
 10
-42.84899999999999
 20
34.90100000000011
 30
0.0
 11
-36.815
 21
34.90100000000011
 31
0.0
  0
LINE
  5
610
330
1F
100
AcDbEntity
  8
AM_0
100
AcDbLine
 10
-42.84899999999999
 20
29.35100000000012
 30
0.0
 11
-36.815
 21
29.35100000000012
 31
0.0
  0
LINE
  5
611
330
1F
100
AcDbEntity
  8
AM_0
100
AcDbLine
 10
-42.84899999999999
 20
47.11100000000003
 30
0.0
 11
-36.815
 21
47.11100000000003
 31
0.0
  0
LINE
  5
612
330
1F
100
AcDbEntity
  8
AM_0
100
AcDbLine
 10
-42.84899999999999
 20
40.45100000000007
 30
0.0
 11
-36.815
 21
40.45100000000007
 31
0.0
  0
LINE
  5
613
330
1F
100
AcDbEntity
  8
AM_0
100
AcDbLine
 10
-36.815
 20
40.87200000000008
 30
0.0
 11
-42.84899999999999
 21
40.87200000000008
 31
0.0
  0
LINE
  5
614
330
1F
100
AcDbEntity
  8
AM_0
100
AcDbLine
 10
-36.815
 20
30.14200000000012
 30
0.0
 11
-42.84899999999999
 21
30.14200000000012
 31
0.0
  0
LINE
  5
615
330
1F
100
AcDbEntity
  8
AM_0
100
AcDbLine
 10
-42.84899999999999
 20
19.36100000000009
 30
0.0
 11
-36.815
 21
19.36100000000009
 31
0.0
  0
LINE
  5
616
330
1F
100
AcDbEntity
  8
AM_0
100
AcDbLine
 10
-42.84899999999999
 20
8.6310000000001
 30
0.0
 11
-36.815
 21
8.6310000000001
 31
0.0
  0
LINE
  5
617
330
1F
100
AcDbEntity
  8
AM_0
100
AcDbLine
 10
-42.84899999999999
 20
41.19100000000007
 30
0.0
 11
-36.815
 21
41.19100000000007
 31
0.0
  0
LINE
  5
618
330
1F
100
AcDbEntity
  8
AM_0
100
AcDbLine
 10
-42.84899999999999
 20
30.46100000000012
 30
0.0
 11
-36.815
 21
30.46100000000012
 31
0.0
  0
LINE
  5
619
330
1F
100
AcDbEntity
  8
AM_0
100
AcDbLine
 10
-36.815
 20
20.1520000000001
 30
0.0
 11
-42.84899999999999
 21
20.1520000000001
 31
0.0
  0
LINE
  5
61A
330
1F
100
AcDbEntity
  8
AM_0
100
AcDbLine
 10
-36.815
 20
6.462000000000106
 30
0.0
 11
-42.84899999999999
 21
6.462000000000106
 31
0.0
  0
LINE
  5
61B
330
1F
100
AcDbEntity
  8
AM_0
100
AcDbLine
 10
-42.84899999999999
 20
20.1010000000001
 30
0.0
 11
-36.815
 21
20.1010000000001
 31
0.0
  0
LINE
  5
61C
330
1F
100
AcDbEntity
  8
AM_0
100
AcDbLine
 10
-42.84899999999999
 20
9.3710000000001
 30
0.0
 11
-36.815
 21
9.3710000000001
 31
0.0
  0
LINE
  5
61D
330
1F
100
AcDbEntity
  8
AM_0
100
AcDbLine
 10
-36.815
 20
30.88200000000013
 30
0.0
 11
-42.84899999999999
 21
30.88200000000013
 31
0.0
  0
LINE
  5
61E
330
1F
100
AcDbEntity
  8
AM_0
100
AcDbLine
 10
-42.84899999999999
 20
17.51100000000009
 30
0.0
 11
-36.815
 21
17.51100000000009
 31
0.0
  0
LINE
  5
61F
330
1F
100
AcDbEntity
  8
AM_0
100
AcDbLine
 10
-36.815
 20
33.84200000000012
 30
0.0
 11
-42.84899999999999
 21
33.84200000000012
 31
0.0
  0
LINE
  5
620
330
1F
100
AcDbEntity
  8
AM_0
100
AcDbLine
 10
-42.84899999999999
 20
50.07100000000001
 30
0.0
 11
-36.815
 21
50.07100000000001
 31
0.0
  0
LINE
  5
621
330
1F
100
AcDbEntity
  8
AM_0
100
AcDbLine
 10
-36.815
 20
36.8020000000001
 30
0.0
 11
-42.84899999999999
 21
36.8020000000001
 31
0.0
  0
LINE
  5
622
330
1F
100
AcDbEntity
  8
AM_0
100
AcDbLine
 10
-36.815
 20
44.94200000000004
 30
0.0
 11
-42.84899999999999
 21
44.94200000000004
 31
0.0
  0
LINE
  5
623
330
1F
100
AcDbEntity
  8
AM_0
100
AcDbLine
 10
-42.84899999999999
 20
46.37100000000003
 30
0.0
 11
-36.815
 21
46.37100000000003
 31
0.0
  0
LINE
  5
624
330
1F
100
AcDbEntity
  8
AM_0
100
AcDbLine
 10
-42.84899999999999
 20
50.441
 30
0.0
 11
-36.815
 21
50.441
 31
0.0
  0
LINE
  5
625
330
1F
100
AcDbEntity
  8
AM_0
100
AcDbLine
 10
-36.815
 20
23.85200000000011
 30
0.0
 11
-42.84899999999999
 21
23.85200000000011
 31
0.0
  0
LINE
  5
626
330
1F
100
AcDbEntity
  8
AM_0
100
AcDbLine
 10
-36.815
 20
47.90200000000002
 30
0.0
 11
-42.84899999999999
 21
47.90200000000002
 31
0.0
  0
LINE
  5
627
330
1F
100
AcDbEntity
  8
AM_0
100
AcDbLine
 10
-42.84899999999999
 20
50.81099999999999
 30
0.0
 11
-36.815
 21
50.81099999999999
 31
0.0
  0
LINE
  5
628
330
1F
100
AcDbEntity
  8
AM_0
100
AcDbLine
 10
-36.815
 20
48.27200000000002
 30
0.0
 11
-42.84899999999999
 21
48.27200000000002
 31
0.0
  0
LINE
  5
629
330
1F
100
AcDbEntity
  8
AM_0
100
AcDbLine
 10
-36.815
 20
45.68200000000004
 30
0.0
 11
-42.84899999999999
 21
45.68200000000004
 31
0.0
  0
LINE
  5
62A
330
1F
100
AcDbEntity
  8
AM_0
100
AcDbLine
 10
-42.84899999999999
 20
41.56100000000006
 30
0.0
 11
-36.815
 21
41.56100000000006
 31
0.0
  0
LINE
  5
62B
330
1F
100
AcDbEntity
  8
AM_0
100
AcDbLine
 10
-36.815
 20
8.3120000000001
 30
0.0
 11
-42.84899999999999
 21
8.3120000000001
 31
0.0
  0
LINE
  5
62C
330
1F
100
AcDbEntity
  8
AM_0
100
AcDbLine
 10
-36.815
 20
39.39200000000008
 30
0.0
 11
-42.84899999999999
 21
39.39200000000008
 31
0.0
  0
LINE
  5
62D
330
1F
100
AcDbEntity
  8
AM_0
100
AcDbLine
 10
-42.84899999999999
 20
27.50100000000011
 30
0.0
 11
-36.815
 21
27.50100000000011
 31
0.0
  0
LINE
  5
62E
330
1F
100
AcDbEntity
  8
AM_0
100
AcDbLine
 10
-42.84899999999999
 20
43.78100000000005
 30
0.0
 11
-36.815
 21
43.78100000000005
 31
0.0
  0
LINE
  5
62F
330
1F
100
AcDbEntity
  8
AM_0
100
AcDbLine
 10
-36.815
 20
33.10200000000012
 30
0.0
 11
-42.84899999999999
 21
33.10200000000012
 31
0.0
  0
LINE
  5
630
330
1F
100
AcDbEntity
  8
AM_0
100
AcDbLine
 10
-36.815
 20
27.92200000000011
 30
0.0
 11
-42.84899999999999
 21
27.92200000000011
 31
0.0
  0
LINE
  5
631
330
1F
100
AcDbEntity
  8
AM_0
100
AcDbLine
 10
-42.84899999999999
 20
27.87100000000011
 30
0.0
 11
-36.815
 21
27.87100000000011
 31
0.0
  0
LINE
  5
632
330
1F
100
AcDbEntity
  8
AM_0
100
AcDbLine
 10
-42.84899999999999
 20
44.15100000000005
 30
0.0
 11
-36.815
 21
44.15100000000005
 31
0.0
  0
LINE
  5
633
330
1F
100
AcDbEntity
  8
AM_0
100
AcDbLine
 10
-36.815
 20
33.47200000000012
 30
0.0
 11
-42.84899999999999
 21
33.47200000000012
 31
0.0
  0
LINE
  5
634
330
1F
100
AcDbEntity
  8
AM_0
100
AcDbLine
 10
-42.84899999999999
 20
49.70100000000001
 30
0.0
 11
-36.815
 21
49.70100000000001
 31
0.0
  0
LINE
  5
635
330
1F
100
AcDbEntity
  8
AM_0
100
AcDbLine
 10
-36.815
 20
6.832000000000106
 30
0.0
 11
-42.84899999999999
 21
6.832000000000106
 31
0.0
  0
LINE
  5
636
330
1F
100
AcDbEntity
  8
AM_0
100
AcDbLine
 10
-42.84899999999999
 20
44.52100000000004
 30
0.0
 11
-36.815
 21
44.52100000000004
 31
0.0
  0
LINE
  5
637
330
1F
100
AcDbEntity
  8
AM_0
100
AcDbLine
 10
-36.815
 20
28.29200000000012
 30
0.0
 11
-42.84899999999999
 21
28.29200000000012
 31
0.0
  0
LINE
  5
638
330
1F
100
AcDbEntity
  8
AM_0
100
AcDbLine
 10
-36.815
 20
46.05200000000004
 30
0.0
 11
-42.84899999999999
 21
46.05200000000004
 31
0.0
  0
LINE
  5
639
330
1F
100
AcDbEntity
  8
AM_0
100
AcDbLine
 10
-36.815
 20
36.0620000000001
 30
0.0
 11
-42.84899999999999
 21
36.0620000000001
 31
0.0
  0
LINE
  5
63A
330
1F
100
AcDbEntity
  8
AM_0
100
AcDbLine
 10
-36.815
 20
50.12200000000001
 30
0.0
 11
-42.84899999999999
 21
50.12200000000001
 31
0.0
  0
LINE
  5
63B
330
1F
100
AcDbEntity
  8
AM_0
100
AcDbLine
 10
-42.84899999999999
 20
30.09100000000012
 30
0.0
 11
-36.815
 21
30.09100000000012
 31
0.0
  0
LINE
  5
63C
330
1F
100
AcDbEntity
  8
AM_0
100
AcDbLine
 10
-36.815
 20
19.41200000000009
 30
0.0
 11
-42.84899999999999
 21
19.41200000000009
 31
0.0
  0
LINE
  5
63D
330
1F
100
AcDbEntity
  8
AM_0
100
AcDbLine
 10
-36.815
 20
46.42200000000003
 30
0.0
 11
-42.84899999999999
 21
46.42200000000003
 31
0.0
  0
LINE
  5
63E
330
1F
100
AcDbEntity
  8
AM_0
100
AcDbLine
 10
-36.815
 20
17.19200000000009
 30
0.0
 11
-42.84899999999999
 21
17.19200000000009
 31
0.0
  0
LINE
  5
63F
330
1F
100
AcDbEntity
  8
AM_0
100
AcDbLine
 10
-36.815
 20
24.22200000000011
 30
0.0
 11
-42.84899999999999
 21
24.22200000000011
 31
0.0
  0
LINE
  5
640
330
1F
100
AcDbEntity
  8
AM_0
100
AcDbLine
 10
-36.815
 20
24.59200000000011
 30
0.0
 11
-42.84899999999999
 21
24.59200000000011
 31
0.0
  0
LINE
  5
641
330
1F
100
AcDbEntity
  8
AM_0
100
AcDbLine
 10
-36.815
 20
38.28200000000009
 30
0.0
 11
-42.84899999999999
 21
38.28200000000009
 31
0.0
  0
LINE
  5
642
330
1F
100
AcDbEntity
  8
AM_0
100
AcDbLine
 10
-42.84899999999999
 20
8.261000000000099
 30
0.0
 11
-36.815
 21
8.261000000000099
 31
0.0
  0
LINE
  5
643
330
1F
100
AcDbEntity
  8
AM_0
100
AcDbLine
 10
-36.815
 20
41.24200000000007
 30
0.0
 11
-42.84899999999999
 21
41.24200000000007
 31
0.0
  0
LINE
  5
644
330
1F
100
AcDbEntity
  8
AM_0
100
AcDbLine
 10
-36.815
 20
51.232
 30
0.0
 11
-42.84899999999999
 21
51.232
 31
0.0
  0
LINE
  5
645
330
1F
100
AcDbEntity
  8
AM_0
100
AcDbLine
 10
-36.815
 20
8.682000000000102
 30
0.0
 11
-42.84899999999999
 21
8.682000000000102
 31
0.0
  0
LINE
  5
646
330
1F
100
AcDbEntity
  8
AM_0
100
AcDbLine
 10
-36.815
 20
30.51200000000012
 30
0.0
 11
-42.84899999999999
 21
30.51200000000012
 31
0.0
  0
LINE
  5
647
330
1F
100
AcDbEntity
  8
AM_0
100
AcDbLine
 10
-36.815
 20
9.422000000000104
 30
0.0
 11
-42.84899999999999
 21
9.422000000000104
 31
0.0
  0
LINE
  5
648
330
1F
100
AcDbEntity
  8
AM_0
100
AcDbLine
 10
-36.815
 20
38.65200000000009
 30
0.0
 11
-42.84899999999999
 21
38.65200000000009
 31
0.0
  0
LINE
  5
649
330
1F
100
AcDbEntity
  8
AM_0
100
AcDbLine
 10
-36.815
 20
49.38200000000001
 30
0.0
 11
-42.84899999999999
 21
49.38200000000001
 31
0.0
  0
LINE
  5
64A
330
1F
100
AcDbEntity
  8
AM_0
100
AcDbLine
 10
-42.84899999999999
 20
17.14100000000009
 30
0.0
 11
-36.815
 21
17.14100000000009
 31
0.0
  0
LINE
  5
64B
330
1F
100
AcDbEntity
  8
AM_0
100
AcDbLine
 10
-36.815
 20
39.02200000000008
 30
0.0
 11
-42.84899999999999
 21
39.02200000000008
 31
0.0
  0
LINE
  5
64C
330
1F
100
AcDbEntity
  8
AM_0
100
AcDbLine
 10
-42.84899999999999
 20
28.24100000000012
 30
0.0
 11
-36.815
 21
28.24100000000012
 31
0.0
  0
LINE
  5
64D
330
1F
100
AcDbEntity
  8
AM_0
100
AcDbLine
 10
-36.815
 20
50.86199999999999
 30
0.0
 11
-42.84899999999999
 21
50.86199999999999
 31
0.0
  0
LINE
  5
64E
330
1F
100
AcDbEntity
  8
AM_0
100
AcDbLine
 10
-36.815
 20
39.76200000000008
 30
0.0
 11
-42.84899999999999
 21
39.76200000000008
 31
0.0
  0
LINE
  5
64F
330
1F
100
AcDbEntity
  8
AM_0
100
AcDbLine
 10
-42.84899999999999
 20
39.71100000000008
 30
0.0
 11
-36.815
 21
39.71100000000008
 31
0.0
  0
LINE
  5
650
330
1F
100
AcDbEntity
  8
AM_0
100
AcDbLine
 10
-36.815
 20
41.61200000000007
 30
0.0
 11
-42.84899999999999
 21
41.61200000000007
 31
0.0
  0
LINE
  5
651
330
1F
100
AcDbEntity
  8
AM_0
100
AcDbLine
 10
-42.84899999999999
 20
51.181
 30
0.0
 11
-36.815
 21
51.181
 31
0.0
  0
LINE
  5
652
330
1F
100
AcDbEntity
  8
AM_0
100
AcDbLine
 10
-42.84899999999999
 20
29.72100000000012
 30
0.0
 11
-36.815
 21
29.72100000000012
 31
0.0
  0
LINE
  5
653
330
1F
100
AcDbEntity
  8
AM_0
100
AcDbLine
 10
-36.815
 20
48.64200000000002
 30
0.0
 11
-42.84899999999999
 21
48.64200000000002
 31
0.0
  0
LINE
  5
654
330
1F
100
AcDbEntity
  8
AM_0
100
AcDbLine
 10
-36.815
 20
40.50200000000007
 30
0.0
 11
-42.84899999999999
 21
40.50200000000007
 31
0.0
  0
LINE
  5
655
330
1F
100
AcDbEntity
  8
AM_0
100
AcDbLine
 10
-42.84899999999999
 20
49.33100000000001
 30
0.0
 11
-36.815
 21
49.33100000000001
 31
0.0
  0
LINE
  5
656
330
1F
100
AcDbEntity
  8
AM_0
100
AcDbLine
 10
-36.815
 20
50.492
 30
0.0
 11
-42.84899999999999
 21
50.492
 31
0.0
  0
LINE
  5
657
330
1F
100
AcDbEntity
  8
AM_0
100
AcDbLine
 10
-42.84899999999999
 20
16.77100000000009
 30
0.0
 11
-36.815
 21
16.77100000000009
 31
0.0
  0
LINE
  5
658
330
1F
100
AcDbEntity
  8
AM_0
100
AcDbLine
 10
-42.84899999999999
 20
48.96100000000001
 30
0.0
 11
-36.815
 21
48.96100000000001
 31
0.0
  0
LINE
  5
659
330
1F
100
AcDbEntity
  8
AM_0
100
AcDbLine
 10
-36.815
 20
29.77200000000012
 30
0.0
 11
-42.84899999999999
 21
29.77200000000012
 31
0.0
  0
LINE
  5
65A
330
1F
100
AcDbEntity
  8
AM_0
100
AcDbLine
 10
-36.815
 20
49.01200000000001
 30
0.0
 11
-42.84899999999999
 21
49.01200000000001
 31
0.0
  0
LINE
  5
65B
330
1F
100
AcDbEntity
  8
AM_0
100
AcDbLine
 10
-36.815
 20
49.75200000000001
 30
0.0
 11
-42.84899999999999
 21
49.75200000000001
 31
0.0
  0
LINE
  5
65C
330
1F
100
AcDbEntity
  8
AM_0
100
AcDbLine
 10
-42.84899999999999
 20
7.891000000000098
 30
0.0
 11
-36.815
 21
7.891000000000098
 31
0.0
  0
LINE
  5
65D
330
1F
100
AcDbEntity
  8
AM_0
100
AcDbLine
 10
-42.84899999999999
 20
40.82100000000007
 30
0.0
 11
-36.815
 21
40.82100000000007
 31
0.0
  0
LINE
  5
65E
330
1F
100
AcDbEntity
  8
AM_0
100
AcDbLine
 10
-42.84899999999999
 20
51.232
 30
0.0
 11
-42.84899999999999
 21
51.181
 31
0.0
  0
LINE
  5
65F
330
1F
100
AcDbEntity
  8
AM_9
100
AcDbLine
 10
-46.4945
 20
53.25
 30
0.0
 11
-46.4945
 21
4.492
 31
0.0
  0
LINE
  5
660
330
1F
100
AcDbEntity
  8
AM_0
100
AcDbLine
 10
-46.4945
 20
53.27147308806542
 30
0.0
 11
-46.4945
 21
53.25
 31
0.0
  0
LINE
  5
661
330
1F
100
AcDbEntity
  8
AM_9
100
AcDbLine
 10
-46.4945
 20
53.573
 30
0.0
 11
-46.4945
 21
53.27147308806542
 31
0.0
  0
LINE
  5
662
330
1F
100
AcDbEntity
  8
AM_0
100
AcDbLine
 10
-42.84899999999999
 20
6.462000000000106
 30
0.0
 11
-42.84899999999999
 21
6.411000000000104
 31
0.0
  0
LINE
  5
663
330
1F
100
AcDbEntity
  8
AM_0
100
AcDbLine
 10
-42.84899999999999
 20
6.832000000000106
 30
0.0
 11
-42.84899999999999
 21
6.781000000000104
 31
0.0
  0
LINE
  5
664
330
1F
100
AcDbEntity
  8
AM_0
100
AcDbLine
 10
-42.84899999999999
 20
7.202000000000099
 30
0.0
 11
-42.84899999999999
 21
7.151000000000097
 31
0.0
  0
LINE
  5
665
330
1F
100
AcDbEntity
  8
AM_0
100
AcDbLine
 10
-42.84899999999999
 20
7.5720000000001
 30
0.0
 11
-42.84899999999999
 21
7.521000000000097
 31
0.0
  0
LINE
  5
666
330
1F
100
AcDbEntity
  8
AM_0
100
AcDbLine
 10
-42.84899999999999
 20
7.942000000000101
 30
0.0
 11
-42.84899999999999
 21
7.891000000000098
 31
0.0
  0
LINE
  5
667
330
1F
100
AcDbEntity
  8
AM_0
100
AcDbLine
 10
-42.84899999999999
 20
8.3120000000001
 30
0.0
 11
-42.84899999999999
 21
8.261000000000099
 31
0.0
  0
LINE
  5
668
330
1F
100
AcDbEntity
  8
AM_0
100
AcDbLine
 10
-42.84899999999999
 20
8.682000000000102
 30
0.0
 11
-42.84899999999999
 21
8.6310000000001
 31
0.0
  0
LINE
  5
669
330
1F
100
AcDbEntity
  8
AM_0
100
AcDbLine
 10
-42.84899999999999
 20
9.052000000000103
 30
0.0
 11
-42.84899999999999
 21
9.0010000000001
 31
0.0
  0
LINE
  5
66A
330
1F
100
AcDbEntity
  8
AM_0
100
AcDbLine
 10
-42.84899999999999
 20
9.422000000000104
 30
0.0
 11
-42.84899999999999
 21
9.3710000000001
 31
0.0
  0
LINE
  5
66B
330
1F
100
AcDbEntity
  8
AM_0
100
AcDbLine
 10
-42.84899999999999
 20
9.792000000000096
 30
0.0
 11
-42.84899999999999
 21
9.741000000000092
 31
0.0
  0
LINE
  5
66C
330
1F
100
AcDbEntity
  8
AM_0
100
AcDbLine
 10
-42.84899999999999
 20
10.16200000000009
 30
0.0
 11
-42.84899999999999
 21
10.11100000000009
 31
0.0
  0
LINE
  5
66D
330
1F
100
AcDbEntity
  8
AM_0
100
AcDbLine
 10
-42.84899999999999
 20
10.5320000000001
 30
0.0
 11
-42.84899999999999
 21
10.48100000000009
 31
0.0
  0
LINE
  5
66E
330
1F
100
AcDbEntity
  8
AM_0
100
AcDbLine
 10
-42.84899999999999
 20
10.9020000000001
 30
0.0
 11
-42.84899999999999
 21
10.8510000000001
 31
0.0
  0
LINE
  5
66F
330
1F
100
AcDbEntity
  8
AM_0
100
AcDbLine
 10
-42.84899999999999
 20
11.2720000000001
 30
0.0
 11
-42.84899999999999
 21
11.2210000000001
 31
0.0
  0
LINE
  5
670
330
1F
100
AcDbEntity
  8
AM_0
100
AcDbLine
 10
-42.84899999999999
 20
11.6420000000001
 30
0.0
 11
-42.84899999999999
 21
11.5910000000001
 31
0.0
  0
LINE
  5
671
330
1F
100
AcDbEntity
  8
AM_0
100
AcDbLine
 10
-42.84899999999999
 20
12.0120000000001
 30
0.0
 11
-42.84899999999999
 21
11.9610000000001
 31
0.0
  0
LINE
  5
672
330
1F
100
AcDbEntity
  8
AM_0
100
AcDbLine
 10
-42.84899999999999
 20
12.38200000000009
 30
0.0
 11
-42.84899999999999
 21
12.33100000000009
 31
0.0
  0
LINE
  5
673
330
1F
100
AcDbEntity
  8
AM_0
100
AcDbLine
 10
-42.84899999999999
 20
12.75200000000009
 30
0.0
 11
-42.84899999999999
 21
12.70100000000009
 31
0.0
  0
LINE
  5
674
330
1F
100
AcDbEntity
  8
AM_0
100
AcDbLine
 10
-42.84899999999999
 20
13.12200000000009
 30
0.0
 11
-42.84899999999999
 21
13.07100000000009
 31
0.0
  0
LINE
  5
675
330
1F
100
AcDbEntity
  8
AM_0
100
AcDbLine
 10
-42.84899999999999
 20
13.49200000000009
 30
0.0
 11
-42.84899999999999
 21
13.44100000000009
 31
0.0
  0
LINE
  5
676
330
1F
100
AcDbEntity
  8
AM_0
100
AcDbLine
 10
-42.84899999999999
 20
13.86200000000009
 30
0.0
 11
-42.84899999999999
 21
13.81100000000009
 31
0.0
  0
LINE
  5
677
330
1F
100
AcDbEntity
  8
AM_0
100
AcDbLine
 10
-42.84899999999999
 20
14.23200000000009
 30
0.0
 11
-42.84899999999999
 21
14.18100000000008
 31
0.0
  0
LINE
  5
678
330
1F
100
AcDbEntity
  8
AM_0
100
AcDbLine
 10
-42.84899999999999
 20
14.60200000000009
 30
0.0
 11
-42.84899999999999
 21
14.55100000000008
 31
0.0
  0
LINE
  5
679
330
1F
100
AcDbEntity
  8
AM_0
100
AcDbLine
 10
-42.84899999999999
 20
14.97200000000009
 30
0.0
 11
-42.84899999999999
 21
14.92100000000008
 31
0.0
  0
LINE
  5
67A
330
1F
100
AcDbEntity
  8
AM_0
100
AcDbLine
 10
-42.84899999999999
 20
15.34200000000009
 30
0.0
 11
-42.84899999999999
 21
15.29100000000009
 31
0.0
  0
LINE
  5
67B
330
1F
100
AcDbEntity
  8
AM_0
100
AcDbLine
 10
-42.84899999999999
 20
15.71200000000009
 30
0.0
 11
-42.84899999999999
 21
15.66100000000009
 31
0.0
  0
LINE
  5
67C
330
1F
100
AcDbEntity
  8
AM_0
100
AcDbLine
 10
-42.84899999999999
 20
16.08200000000009
 30
0.0
 11
-42.84899999999999
 21
16.03100000000009
 31
0.0
  0
LINE
  5
67D
330
1F
100
AcDbEntity
  8
AM_0
100
AcDbLine
 10
-42.84899999999999
 20
16.45200000000009
 30
0.0
 11
-42.84899999999999
 21
16.40100000000009
 31
0.0
  0
LINE
  5
67E
330
1F
100
AcDbEntity
  8
AM_0
100
AcDbLine
 10
-42.84899999999999
 20
16.82200000000009
 30
0.0
 11
-42.84899999999999
 21
16.77100000000009
 31
0.0
  0
LINE
  5
67F
330
1F
100
AcDbEntity
  8
AM_0
100
AcDbLine
 10
-42.84899999999999
 20
17.19200000000009
 30
0.0
 11
-42.84899999999999
 21
17.14100000000009
 31
0.0
  0
LINE
  5
680
330
1F
100
AcDbEntity
  8
AM_0
100
AcDbLine
 10
-42.84899999999999
 20
17.56200000000009
 30
0.0
 11
-42.84899999999999
 21
17.51100000000009
 31
0.0
  0
LINE
  5
681
330
1F
100
AcDbEntity
  8
AM_0
100
AcDbLine
 10
-42.84899999999999
 20
17.93200000000009
 30
0.0
 11
-42.84899999999999
 21
17.88100000000009
 31
0.0
  0
LINE
  5
682
330
1F
100
AcDbEntity
  8
AM_0
100
AcDbLine
 10
-42.84899999999999
 20
18.30200000000009
 30
0.0
 11
-42.84899999999999
 21
18.25100000000009
 31
0.0
  0
LINE
  5
683
330
1F
100
AcDbEntity
  8
AM_0
100
AcDbLine
 10
-42.84899999999999
 20
18.67200000000009
 30
0.0
 11
-42.84899999999999
 21
18.62100000000009
 31
0.0
  0
LINE
  5
684
330
1F
100
AcDbEntity
  8
AM_0
100
AcDbLine
 10
-42.84899999999999
 20
19.04200000000009
 30
0.0
 11
-42.84899999999999
 21
18.99100000000009
 31
0.0
  0
LINE
  5
685
330
1F
100
AcDbEntity
  8
AM_0
100
AcDbLine
 10
-42.84899999999999
 20
19.41200000000009
 30
0.0
 11
-42.84899999999999
 21
19.36100000000009
 31
0.0
  0
LINE
  5
686
330
1F
100
AcDbEntity
  8
AM_0
100
AcDbLine
 10
-42.84899999999999
 20
19.7820000000001
 30
0.0
 11
-42.84899999999999
 21
19.73100000000009
 31
0.0
  0
LINE
  5
687
330
1F
100
AcDbEntity
  8
AM_0
100
AcDbLine
 10
-42.84899999999999
 20
20.1520000000001
 30
0.0
 11
-42.84899999999999
 21
20.1010000000001
 31
0.0
  0
LINE
  5
688
330
1F
100
AcDbEntity
  8
AM_0
100
AcDbLine
 10
-42.84899999999999
 20
20.5220000000001
 30
0.0
 11
-42.84899999999999
 21
20.4710000000001
 31
0.0
  0
LINE
  5
689
330
1F
100
AcDbEntity
  8
AM_0
100
AcDbLine
 10
-42.84899999999999
 20
20.8920000000001
 30
0.0
 11
-42.84899999999999
 21
20.8410000000001
 31
0.0
  0
LINE
  5
68A
330
1F
100
AcDbEntity
  8
AM_0
100
AcDbLine
 10
-42.84899999999999
 20
21.2620000000001
 30
0.0
 11
-42.84899999999999
 21
21.2110000000001
 31
0.0
  0
LINE
  5
68B
330
1F
100
AcDbEntity
  8
AM_0
100
AcDbLine
 10
-42.84899999999999
 20
21.6320000000001
 30
0.0
 11
-42.84899999999999
 21
21.5810000000001
 31
0.0
  0
LINE
  5
68C
330
1F
100
AcDbEntity
  8
AM_0
100
AcDbLine
 10
-42.84899999999999
 20
22.0020000000001
 30
0.0
 11
-42.84899999999999
 21
21.9510000000001
 31
0.0
  0
LINE
  5
68D
330
1F
100
AcDbEntity
  8
AM_0
100
AcDbLine
 10
-42.84899999999999
 20
22.3720000000001
 30
0.0
 11
-42.84899999999999
 21
22.3210000000001
 31
0.0
  0
LINE
  5
68E
330
1F
100
AcDbEntity
  8
AM_0
100
AcDbLine
 10
-42.84899999999999
 20
22.7420000000001
 30
0.0
 11
-42.84899999999999
 21
22.6910000000001
 31
0.0
  0
LINE
  5
68F
330
1F
100
AcDbEntity
  8
AM_0
100
AcDbLine
 10
-42.84899999999999
 20
23.11200000000011
 30
0.0
 11
-42.84899999999999
 21
23.0610000000001
 31
0.0
  0
LINE
  5
690
330
1F
100
AcDbEntity
  8
AM_0
100
AcDbLine
 10
-42.84899999999999
 20
23.48200000000011
 30
0.0
 11
-42.84899999999999
 21
23.4310000000001
 31
0.0
  0
LINE
  5
691
330
1F
100
AcDbEntity
  8
AM_0
100
AcDbLine
 10
-42.84899999999999
 20
23.85200000000011
 30
0.0
 11
-42.84899999999999
 21
23.8010000000001
 31
0.0
  0
LINE
  5
692
330
1F
100
AcDbEntity
  8
AM_0
100
AcDbLine
 10
-42.84899999999999
 20
24.22200000000011
 30
0.0
 11
-42.84899999999999
 21
24.17100000000011
 31
0.0
  0
LINE
  5
693
330
1F
100
AcDbEntity
  8
AM_0
100
AcDbLine
 10
-42.84899999999999
 20
24.59200000000011
 30
0.0
 11
-42.84899999999999
 21
24.54100000000011
 31
0.0
  0
LINE
  5
694
330
1F
100
AcDbEntity
  8
AM_0
100
AcDbLine
 10
-42.84899999999999
 20
24.96200000000011
 30
0.0
 11
-42.84899999999999
 21
24.91100000000011
 31
0.0
  0
LINE
  5
695
330
1F
100
AcDbEntity
  8
AM_0
100
AcDbLine
 10
-42.84899999999999
 20
25.33200000000011
 30
0.0
 11
-42.84899999999999
 21
25.28100000000011
 31
0.0
  0
LINE
  5
696
330
1F
100
AcDbEntity
  8
AM_0
100
AcDbLine
 10
-42.84899999999999
 20
25.70200000000011
 30
0.0
 11
-42.84899999999999
 21
25.65100000000011
 31
0.0
  0
LINE
  5
697
330
1F
100
AcDbEntity
  8
AM_0
100
AcDbLine
 10
-42.84899999999999
 20
26.07200000000011
 30
0.0
 11
-42.84899999999999
 21
26.02100000000011
 31
0.0
  0
LINE
  5
698
330
1F
100
AcDbEntity
  8
AM_0
100
AcDbLine
 10
-42.84899999999999
 20
26.44200000000011
 30
0.0
 11
-42.84899999999999
 21
26.39100000000011
 31
0.0
  0
LINE
  5
699
330
1F
100
AcDbEntity
  8
AM_0
100
AcDbLine
 10
-42.84899999999999
 20
26.81200000000011
 30
0.0
 11
-42.84899999999999
 21
26.76100000000011
 31
0.0
  0
LINE
  5
69A
330
1F
100
AcDbEntity
  8
AM_0
100
AcDbLine
 10
-42.84899999999999
 20
27.18200000000012
 30
0.0
 11
-42.84899999999999
 21
27.13100000000011
 31
0.0
  0
LINE
  5
69B
330
1F
100
AcDbEntity
  8
AM_0
100
AcDbLine
 10
-42.84899999999999
 20
27.55200000000012
 30
0.0
 11
-42.84899999999999
 21
27.50100000000011
 31
0.0
  0
LINE
  5
69C
330
1F
100
AcDbEntity
  8
AM_0
100
AcDbLine
 10
-42.84899999999999
 20
27.92200000000011
 30
0.0
 11
-42.84899999999999
 21
27.87100000000011
 31
0.0
  0
LINE
  5
69D
330
1F
100
AcDbEntity
  8
AM_0
100
AcDbLine
 10
-42.84899999999999
 20
28.29200000000012
 30
0.0
 11
-42.84899999999999
 21
28.24100000000012
 31
0.0
  0
LINE
  5
69E
330
1F
100
AcDbEntity
  8
AM_0
100
AcDbLine
 10
-42.84899999999999
 20
28.66200000000012
 30
0.0
 11
-42.84899999999999
 21
28.61100000000012
 31
0.0
  0
LINE
  5
69F
330
1F
100
AcDbEntity
  8
AM_0
100
AcDbLine
 10
-42.84899999999999
 20
29.03200000000012
 30
0.0
 11
-42.84899999999999
 21
28.98100000000012
 31
0.0
  0
LINE
  5
6A0
330
1F
100
AcDbEntity
  8
AM_0
100
AcDbLine
 10
-42.84899999999999
 20
29.40200000000012
 30
0.0
 11
-42.84899999999999
 21
29.35100000000012
 31
0.0
  0
LINE
  5
6A1
330
1F
100
AcDbEntity
  8
AM_0
100
AcDbLine
 10
-42.84899999999999
 20
29.77200000000012
 30
0.0
 11
-42.84899999999999
 21
29.72100000000012
 31
0.0
  0
LINE
  5
6A2
330
1F
100
AcDbEntity
  8
AM_0
100
AcDbLine
 10
-42.84899999999999
 20
30.14200000000012
 30
0.0
 11
-42.84899999999999
 21
30.09100000000012
 31
0.0
  0
LINE
  5
6A3
330
1F
100
AcDbEntity
  8
AM_0
100
AcDbLine
 10
-42.84899999999999
 20
30.51200000000012
 30
0.0
 11
-42.84899999999999
 21
30.46100000000012
 31
0.0
  0
LINE
  5
6A4
330
1F
100
AcDbEntity
  8
AM_0
100
AcDbLine
 10
-42.84899999999999
 20
30.88200000000013
 30
0.0
 11
-42.84899999999999
 21
30.83100000000012
 31
0.0
  0
LINE
  5
6A5
330
1F
100
AcDbEntity
  8
AM_0
100
AcDbLine
 10
-42.84899999999999
 20
31.25200000000013
 30
0.0
 11
-42.84899999999999
 21
31.20100000000012
 31
0.0
  0
LINE
  5
6A6
330
1F
100
AcDbEntity
  8
AM_0
100
AcDbLine
 10
-42.84899999999999
 20
31.62200000000013
 30
0.0
 11
-42.84899999999999
 21
31.57100000000013
 31
0.0
  0
LINE
  5
6A7
330
1F
100
AcDbEntity
  8
AM_0
100
AcDbLine
 10
-42.84899999999999
 20
31.99200000000013
 30
0.0
 11
-42.84899999999999
 21
31.94100000000013
 31
0.0
  0
LINE
  5
6A8
330
1F
100
AcDbEntity
  8
AM_0
100
AcDbLine
 10
-42.84899999999999
 20
32.36200000000013
 30
0.0
 11
-42.84899999999999
 21
32.31100000000013
 31
0.0
  0
LINE
  5
6A9
330
1F
100
AcDbEntity
  8
AM_0
100
AcDbLine
 10
-42.84899999999999
 20
32.73200000000013
 30
0.0
 11
-42.84899999999999
 21
32.68100000000013
 31
0.0
  0
LINE
  5
6AA
330
1F
100
AcDbEntity
  8
AM_0
100
AcDbLine
 10
-42.84899999999999
 20
33.10200000000012
 30
0.0
 11
-42.84899999999999
 21
33.05100000000012
 31
0.0
  0
LINE
  5
6AB
330
1F
100
AcDbEntity
  8
AM_0
100
AcDbLine
 10
-42.84899999999999
 20
33.47200000000012
 30
0.0
 11
-42.84899999999999
 21
33.42100000000012
 31
0.0
  0
LINE
  5
6AC
330
1F
100
AcDbEntity
  8
AM_0
100
AcDbLine
 10
-42.84899999999999
 20
33.84200000000012
 30
0.0
 11
-42.84899999999999
 21
33.79100000000012
 31
0.0
  0
LINE
  5
6AD
330
1F
100
AcDbEntity
  8
AM_0
100
AcDbLine
 10
-42.84899999999999
 20
34.21200000000012
 30
0.0
 11
-42.84899999999999
 21
34.16100000000012
 31
0.0
  0
LINE
  5
6AE
330
1F
100
AcDbEntity
  8
AM_0
100
AcDbLine
 10
-42.84899999999999
 20
34.58200000000011
 30
0.0
 11
-42.84899999999999
 21
34.53100000000011
 31
0.0
  0
LINE
  5
6AF
330
1F
100
AcDbEntity
  8
AM_0
100
AcDbLine
 10
-42.84899999999999
 20
34.95200000000011
 30
0.0
 11
-42.84899999999999
 21
34.90100000000011
 31
0.0
  0
LINE
  5
6B0
330
1F
100
AcDbEntity
  8
AM_0
100
AcDbLine
 10
-42.84899999999999
 20
35.32200000000011
 30
0.0
 11
-42.84899999999999
 21
35.27100000000011
 31
0.0
  0
LINE
  5
6B1
330
1F
100
AcDbEntity
  8
AM_0
100
AcDbLine
 10
-42.84899999999999
 20
35.69200000000011
 30
0.0
 11
-42.84899999999999
 21
35.6410000000001
 31
0.0
  0
LINE
  5
6B2
330
1F
100
AcDbEntity
  8
AM_0
100
AcDbLine
 10
-42.84899999999999
 20
36.0620000000001
 30
0.0
 11
-42.84899999999999
 21
36.0110000000001
 31
0.0
  0
LINE
  5
6B3
330
1F
100
AcDbEntity
  8
AM_0
100
AcDbLine
 10
-42.84899999999999
 20
36.4320000000001
 30
0.0
 11
-42.84899999999999
 21
36.3810000000001
 31
0.0
  0
LINE
  5
6B4
330
1F
100
AcDbEntity
  8
AM_0
100
AcDbLine
 10
-42.84899999999999
 20
36.8020000000001
 30
0.0
 11
-42.84899999999999
 21
36.7510000000001
 31
0.0
  0
LINE
  5
6B5
330
1F
100
AcDbEntity
  8
AM_0
100
AcDbLine
 10
-42.84899999999999
 20
37.1720000000001
 30
0.0
 11
-42.84899999999999
 21
37.12100000000009
 31
0.0
  0
LINE
  5
6B6
330
1F
100
AcDbEntity
  8
AM_0
100
AcDbLine
 10
-42.84899999999999
 20
37.54200000000009
 30
0.0
 11
-42.84899999999999
 21
37.49100000000009
 31
0.0
  0
LINE
  5
6B7
330
1F
100
AcDbEntity
  8
AM_0
100
AcDbLine
 10
-42.84899999999999
 20
37.91200000000009
 30
0.0
 11
-42.84899999999999
 21
37.86100000000009
 31
0.0
  0
LINE
  5
6B8
330
1F
100
AcDbEntity
  8
AM_0
100
AcDbLine
 10
-42.84899999999999
 20
38.28200000000009
 30
0.0
 11
-42.84899999999999
 21
38.23100000000009
 31
0.0
  0
LINE
  5
6B9
330
1F
100
AcDbEntity
  8
AM_0
100
AcDbLine
 10
-42.84899999999999
 20
38.65200000000009
 30
0.0
 11
-42.84899999999999
 21
38.60100000000008
 31
0.0
  0
LINE
  5
6BA
330
1F
100
AcDbEntity
  8
AM_0
100
AcDbLine
 10
-42.84899999999999
 20
39.02200000000008
 30
0.0
 11
-42.84899999999999
 21
38.97100000000008
 31
0.0
  0
LINE
  5
6BB
330
1F
100
AcDbEntity
  8
AM_0
100
AcDbLine
 10
-42.84899999999999
 20
39.39200000000008
 30
0.0
 11
-42.84899999999999
 21
39.34100000000008
 31
0.0
  0
LINE
  5
6BC
330
1F
100
AcDbEntity
  8
AM_0
100
AcDbLine
 10
-42.84899999999999
 20
39.76200000000008
 30
0.0
 11
-42.84899999999999
 21
39.71100000000008
 31
0.0
  0
LINE
  5
6BD
330
1F
100
AcDbEntity
  8
AM_0
100
AcDbLine
 10
-42.84899999999999
 20
40.13200000000008
 30
0.0
 11
-42.84899999999999
 21
40.08100000000007
 31
0.0
  0
LINE
  5
6BE
330
1F
100
AcDbEntity
  8
AM_0
100
AcDbLine
 10
-42.84899999999999
 20
40.50200000000007
 30
0.0
 11
-42.84899999999999
 21
40.45100000000007
 31
0.0
  0
LINE
  5
6BF
330
1F
100
AcDbEntity
  8
AM_0
100
AcDbLine
 10
-42.84899999999999
 20
40.87200000000008
 30
0.0
 11
-42.84899999999999
 21
40.82100000000007
 31
0.0
  0
LINE
  5
6C0
330
1F
100
AcDbEntity
  8
AM_0
100
AcDbLine
 10
-42.84899999999999
 20
41.24200000000007
 30
0.0
 11
-42.84899999999999
 21
41.19100000000007
 31
0.0
  0
LINE
  5
6C1
330
1F
100
AcDbEntity
  8
AM_0
100
AcDbLine
 10
-42.84899999999999
 20
41.61200000000007
 30
0.0
 11
-42.84899999999999
 21
41.56100000000006
 31
0.0
  0
LINE
  5
6C2
330
1F
100
AcDbEntity
  8
AM_0
100
AcDbLine
 10
-42.84899999999999
 20
41.98200000000006
 30
0.0
 11
-42.84899999999999
 21
41.93100000000005
 31
0.0
  0
LINE
  5
6C3
330
1F
100
AcDbEntity
  8
AM_0
100
AcDbLine
 10
-42.84899999999999
 20
42.35200000000006
 30
0.0
 11
-42.84899999999999
 21
42.30100000000006
 31
0.0
  0
LINE
  5
6C4
330
1F
100
AcDbEntity
  8
AM_0
100
AcDbLine
 10
-42.84899999999999
 20
42.72200000000006
 30
0.0
 11
-42.84899999999999
 21
42.67100000000006
 31
0.0
  0
LINE
  5
6C5
330
1F
100
AcDbEntity
  8
AM_0
100
AcDbLine
 10
-42.84899999999999
 20
43.09200000000006
 30
0.0
 11
-42.84899999999999
 21
43.04100000000005
 31
0.0
  0
LINE
  5
6C6
330
1F
100
AcDbEntity
  8
AM_0
100
AcDbLine
 10
-42.84899999999999
 20
43.46200000000005
 30
0.0
 11
-42.84899999999999
 21
43.41100000000005
 31
0.0
  0
LINE
  5
6C7
330
1F
100
AcDbEntity
  8
AM_0
100
AcDbLine
 10
-42.84899999999999
 20
43.83200000000006
 30
0.0
 11
-42.84899999999999
 21
43.78100000000005
 31
0.0
  0
LINE
  5
6C8
330
1F
100
AcDbEntity
  8
AM_0
100
AcDbLine
 10
-42.84899999999999
 20
44.20200000000005
 30
0.0
 11
-42.84899999999999
 21
44.15100000000005
 31
0.0
  0
LINE
  5
6C9
330
1F
100
AcDbEntity
  8
AM_0
100
AcDbLine
 10
-42.84899999999999
 20
44.57200000000005
 30
0.0
 11
-42.84899999999999
 21
44.52100000000004
 31
0.0
  0
LINE
  5
6CA
330
1F
100
AcDbEntity
  8
AM_0
100
AcDbLine
 10
-42.84899999999999
 20
44.94200000000004
 30
0.0
 11
-42.84899999999999
 21
44.89100000000003
 31
0.0
  0
LINE
  5
6CB
330
1F
100
AcDbEntity
  8
AM_0
100
AcDbLine
 10
-42.84899999999999
 20
45.31200000000004
 30
0.0
 11
-42.84899999999999
 21
45.26100000000004
 31
0.0
  0
LINE
  5
6CC
330
1F
100
AcDbEntity
  8
AM_0
100
AcDbLine
 10
-42.84899999999999
 20
45.68200000000004
 30
0.0
 11
-42.84899999999999
 21
45.63100000000004
 31
0.0
  0
LINE
  5
6CD
330
1F
100
AcDbEntity
  8
AM_0
100
AcDbLine
 10
-42.84899999999999
 20
46.05200000000004
 30
0.0
 11
-42.84899999999999
 21
46.00100000000003
 31
0.0
  0
LINE
  5
6CE
330
1F
100
AcDbEntity
  8
AM_0
100
AcDbLine
 10
-42.84899999999999
 20
46.42200000000003
 30
0.0
 11
-42.84899999999999
 21
46.37100000000003
 31
0.0
  0
LINE
  5
6CF
330
1F
100
AcDbEntity
  8
AM_0
100
AcDbLine
 10
-42.84899999999999
 20
46.79200000000003
 30
0.0
 11
-42.84899999999999
 21
46.74100000000003
 31
0.0
  0
LINE
  5
6D0
330
1F
100
AcDbEntity
  8
AM_0
100
AcDbLine
 10
-42.84899999999999
 20
47.16200000000003
 30
0.0
 11
-42.84899999999999
 21
47.11100000000003
 31
0.0
  0
LINE
  5
6D1
330
1F
100
AcDbEntity
  8
AM_0
100
AcDbLine
 10
-42.84899999999999
 20
47.53200000000002
 30
0.0
 11
-42.84899999999999
 21
47.48100000000002
 31
0.0
  0
LINE
  5
6D2
330
1F
100
AcDbEntity
  8
AM_0
100
AcDbLine
 10
-42.84899999999999
 20
47.90200000000002
 30
0.0
 11
-42.84899999999999
 21
47.85100000000001
 31
0.0
  0
LINE
  5
6D3
330
1F
100
AcDbEntity
  8
AM_0
100
AcDbLine
 10
-42.84899999999999
 20
48.27200000000002
 30
0.0
 11
-42.84899999999999
 21
48.22100000000002
 31
0.0
  0
LINE
  5
6D4
330
1F
100
AcDbEntity
  8
AM_0
100
AcDbLine
 10
-42.84899999999999
 20
48.64200000000002
 30
0.0
 11
-42.84899999999999
 21
48.59100000000002
 31
0.0
  0
LINE
  5
6D5
330
1F
100
AcDbEntity
  8
AM_0
100
AcDbLine
 10
-42.84899999999999
 20
49.01200000000001
 30
0.0
 11
-42.84899999999999
 21
48.96100000000001
 31
0.0
  0
LINE
  5
6D6
330
1F
100
AcDbEntity
  8
AM_0
100
AcDbLine
 10
-42.84899999999999
 20
49.38200000000001
 30
0.0
 11
-42.84899999999999
 21
49.33100000000001
 31
0.0
  0
LINE
  5
6D7
330
1F
100
AcDbEntity
  8
AM_0
100
AcDbLine
 10
-42.84899999999999
 20
49.75200000000001
 30
0.0
 11
-42.84899999999999
 21
49.70100000000001
 31
0.0
  0
LINE
  5
6D8
330
1F
100
AcDbEntity
  8
AM_0
100
AcDbLine
 10
-42.84899999999999
 20
50.12200000000001
 30
0.0
 11
-42.84899999999999
 21
50.07100000000001
 31
0.0
  0
LINE
  5
6D9
330
1F
100
AcDbEntity
  8
AM_0
100
AcDbLine
 10
-42.84899999999999
 20
50.492
 30
0.0
 11
-42.84899999999999
 21
50.441
 31
0.0
  0
LINE
  5
6DA
330
1F
100
AcDbEntity
  8
AM_0
100
AcDbLine
 10
-42.84899999999999
 20
50.86199999999999
 30
0.0
 11
-42.84899999999999
 21
50.81099999999999
 31
0.0
  0
LINE
  5
6DB
330
1F
100
AcDbEntity
  8
AM_9
100
AcDbLine
 10
13.152
 20
3.347
 30
0.0
 11
7.401999999999999
 21
3.347
 31
0.0
  0
LINE
  5
6DC
330
1F
100
AcDbEntity
  8
AM_9
100
AcDbLine
 10
-7.402
 20
3.347
 30
0.0
 11
-13.152
 21
3.347
 31
0.0
  0
LINE
  5
6DD
330
1F
100
AcDbEntity
  8
AM_9
100
AcDbLine
 10
-31.302
 20
4.104
 30
0.0
 11
-31.242
 21
4.104
 31
0.0
  0
ARC
  5
6DE
330
1F
100
AcDbEntity
  8
AM_9
100
AcDbCircle
 10
-28.832
 20
3.023999999999999
 30
0.0
 40
0.1199999999999988
100
AcDbArc
 50
270.0
 51
0.0000000000004241
  0
LINE
  5
6DF
330
1F
100
AcDbEntity
  8
AM_9
100
AcDbLine
 10
46.44799999999999
 20
5.226000000000001
 30
0.0
 11
46.44799999999999
 21
0.058
 31
0.0
  0
ARC
  5
6E0
330
1F
100
AcDbEntity
  8
AM_9
100
AcDbCircle
 10
-31.18199999999999
 20
3.024000000000007
 30
0.0
 40
0.0600000000000094
100
AcDbArc
 50
180.0000000000072
 51
269.9999999999898
  0
LINE
  5
6E1
330
1F
100
AcDbEntity
  8
AM_9
100
AcDbLine
 10
13.152
 20
3.301
 30
0.0
 11
7.401999999999999
 21
3.301
 31
0.0
  0
LINE
  5
6E2
330
1F
100
AcDbEntity
  8
AM_9
100
AcDbLine
 10
-31.182
 20
2.964
 30
0.0
 11
-28.832
 21
2.964
 31
0.0
  0
LINE
  5
6E3
330
1F
100
AcDbEntity
  8
AM_9
100
AcDbLine
 10
-28.832
 20
2.904
 30
0.0
 11
-31.182
 21
2.904
 31
0.0
  0
ARC
  5
6E4
330
1F
100
AcDbEntity
  8
AM_9
100
AcDbCircle
 10
-31.182
 20
3.023999999999997
 30
0.0
 40
0.1199999999999974
100
AcDbArc
 50
179.9999999999987
 51
270.0000000000017
  0
LINE
  5
6E5
330
1F
100
AcDbEntity
  8
AM_9
100
AcDbLine
 10
-45.878
 20
5.226000000000001
 30
0.0
 11
46.44799999999999
 21
5.226000000000001
 31
0.0
  0
LINE
  5
6E6
330
1F
100
AcDbEntity
  8
AM_9
100
AcDbLine
 10
-45.878
 20
0.058
 30
0.0
 11
46.44799999999999
 21
0.058
 31
0.0
  0
LINE
  5
6E7
330
1F
100
AcDbEntity
  8
AM_9
100
AcDbLine
 10
-31.242
 20
4.104
 30
0.0
 11
-31.242
 21
3.024
 31
0.0
  0
LINE
  5
6E8
330
1F
100
AcDbEntity
  8
AM_9
100
AcDbLine
 10
-28.772
 20
4.104
 30
0.0
 11
-28.712
 21
4.104
 31
0.0
  0
LINE
  5
6E9
330
1F
100
AcDbEntity
  8
AM_9
100
AcDbLine
 10
-7.402
 20
3.301
 30
0.0
 11
-13.152
 21
3.301
 31
0.0
  0
LINE
  5
6EA
330
1F
100
AcDbEntity
  8
AM_9
100
AcDbLine
 10
-31.302
 20
3.024
 30
0.0
 11
-31.302
 21
4.104
 31
0.0
  0
LINE
  5
6EB
330
1F
100
AcDbEntity
  8
AM_9
100
AcDbLine
 10
-28.712
 20
4.104
 30
0.0
 11
-28.712
 21
3.024
 31
0.0
  0
ARC
  5
6EC
330
1F
100
AcDbEntity
  8
AM_9
100
AcDbCircle
 10
-28.83199999999999
 20
3.023999999999995
 30
0.0
 40
0.0599999999999952
100
AcDbArc
 50
269.9999999999966
 51
0.0000000000042407
  0
LINE
  5
6ED
330
1F
100
AcDbEntity
  8
AM_9
100
AcDbLine
 10
-28.772
 20
3.024
 30
0.0
 11
-28.772
 21
4.104
 31
0.0
  0
LINE
  5
6EE
330
1F
100
AcDbEntity
  8
AM_9
100
AcDbLine
 10
-45.878
 20
5.226000000000001
 30
0.0
 11
-45.878
 21
0.058
 31
0.0
  0
LINE
  5
6EF
330
1F
100
AcDbEntity
  8
AM_4
100
AcDbLine
 10
-43.96100000000001
 20
53.25
 30
0.0
 11
-43.96100000000001
 21
6.000000000000021
 31
0.0
  0
LINE
  5
6F0
330
1F
100
AcDbEntity
  8
AM_4
100
AcDbLine
 10
-44.57900000000001
 20
53.25
 30
0.0
 11
-44.57900000000001
 21
6.000000000000021
 31
0.0
  0
LINE
  5
6F1
330
1F
100
AcDbEntity
  8
AM_9
100
AcDbLine
 10
-46.4945
 20
5.999999999999999
 30
0.0
 11
-44.61300000000001
 21
6.000000000000004
 31
0.0
  0
LINE
  5
6F2
330
1F
100
AcDbEntity
  8
AM_9
100
AcDbLine
 10
-43.92700000000001
 20
6.000000000000004
 30
0.0
 11
-43.246
 21
5.999999999999999
 31
0.0
  0
LINE
  5
6F3
330
1F
100
AcDbEntity
  8
AM_0
100
AcDbLine
 10
-46.5085
 20
54.6
 30
0.0
 11
46.50849999999998
 21
54.6
 31
0.0
  0
LINE
  5
6F4
330
1F
100
AcDbEntity
  8
AM_0
100
AcDbLine
 10
46.52344617613083
 20
53.573
 30
0.0
 11
46.496
 21
53.573
 31
0.0
  0
ARC
  5
6F5
330
1F
100
AcDbEntity
  8
AM_0
100
AcDbCircle
 10
46.50849999999999
 20
54.51999999999999
 30
0.0
 40
0.0800000000000125
100
AcDbArc
 50
0.0000000000101778
 51
90.0000000000051
  0
LINE
  5
6F6
330
1F
100
AcDbEntity
  8
AM_0
100
AcDbLine
 10
46.8575
 20
53.304
 30
0.0
 11
46.82497308806542
 21
53.27147308806542
 31
0.0
  0
LINE
  5
6F7
330
1F
100
AcDbEntity
  8
AM_0
100
AcDbLine
 10
46.59845836943966
 20
53.56304163056034
 30
0.0
 11
46.8575
 21
53.304
 31
0.0
  0
LINE
  5
6F8
330
1F
100
AcDbEntity
  8
AM_0
100
AcDbLine
 10
46.5885
 20
54.52
 30
0.0
 11
46.5885
 21
53.58708326112068
 31
0.0
  0
LINE
  5
6F9
330
1F
100
AcDbEntity
  8
AM_0
100
AcDbLine
 10
46.82497308806542
 20
53.27147308806542
 30
0.0
 11
46.52344617613083
 21
53.573
 31
0.0
  0
ARC
  5
6FA
330
1F
100
AcDbEntity
  8
AM_0
100
AcDbCircle
 10
46.62249999999998
 20
53.58708326112068
 30
0.0
 40
0.0339999999999776
100
AcDbArc
 50
180.0
 51
225.0000000000254
  0
LINE
  5
6FB
330
1F
100
AcDbEntity
  8
AM_0
100
AcDbLine
 10
-46.496
 20
53.573
 30
0.0
 11
-46.52344617613083
 21
53.573
 31
0.0
  0
ARC
  5
6FC
330
1F
100
AcDbEntity
  8
AM_0
100
AcDbCircle
 10
-46.50849999999999
 20
54.52
 30
0.0
 40
0.0800000000000054
100
AcDbArc
 50
90.0000000000051
 51
179.9999999999949
  0
LINE
  5
6FD
330
1F
100
AcDbEntity
  8
AM_0
100
AcDbLine
 10
-46.52344617613083
 20
53.573
 30
0.0
 11
-46.82497308806542
 21
53.27147308806542
 31
0.0
  0
LINE
  5
6FE
330
1F
100
AcDbEntity
  8
AM_0
100
AcDbLine
 10
-46.8575
 20
53.304
 30
0.0
 11
-46.59845836943966
 21
53.56304163056034
 31
0.0
  0
LINE
  5
6FF
330
1F
100
AcDbEntity
  8
AM_0
100
AcDbLine
 10
-46.5885
 20
53.58708326112068
 30
0.0
 11
-46.5885
 21
54.52
 31
0.0
  0
ARC
  5
700
330
1F
100
AcDbEntity
  8
AM_0
100
AcDbCircle
 10
-46.62249999999998
 20
53.58708326112068
 30
0.0
 40
0.0339999999999817
100
AcDbArc
 50
314.9999999999745
 51
0.0
  0
LINE
  5
701
330
1F
100
AcDbEntity
  8
AM_0
100
AcDbLine
 10
-46.82497308806542
 20
53.27147308806542
 30
0.0
 11
-46.8575
 21
53.304
 31
0.0
  0
LINE
  5
702
330
1F
100
AcDbEntity
  8
AM_0
100
AcDbLine
 10
-13.06
 20
55.05
 30
0.0
 11
-13.06
 21
55.20000000000001
 31
0.0
  0
LINE
  5
703
330
1F
100
AcDbEntity
  8
AM_0
100
AcDbLine
 10
-13.60999999999999
 20
54.6
 30
0.0
 11
-13.61
 21
55.21
 31
0.0
  0
LINE
  5
704
330
1F
100
AcDbEntity
  8
AM_0
100
AcDbLine
 10
-13.51000000000001
 20
55.16
 30
0.0
 11
-13.51
 21
54.6
 31
0.0
  0
ARC
  5
705
330
1F
100
AcDbEntity
  8
AM_0
100
AcDbCircle
 10
-13.46000000000001
 20
55.16000000000001
 30
0.0
 40
0.0499999999999901
100
AcDbArc
 50
89.99999999998575
 51
180.0000000000081
  0
LINE
  5
706
330
1F
100
AcDbEntity
  8
AM_0
100
AcDbLine
 10
-13.11
 20
55.21
 30
0.0
 11
-13.46
 21
55.21
 31
0.0
  0
LINE
  5
707
330
1F
100
AcDbEntity
  8
AM_0
100
AcDbLine
 10
-13.11
 20
55.25000000000001
 30
0.0
 11
-13.11
 21
55.21
 31
0.0
  0
ARC
  5
708
330
1F
100
AcDbEntity
  8
AM_0
100
AcDbCircle
 10
-13.10999999999999
 20
55.20000000000002
 30
0.0
 40
0.0499999999999865
100
AcDbArc
 50
359.9999999999919
 51
90.00000000001423
  0
LINE
  5
709
330
1F
100
AcDbEntity
  8
AM_0
100
AcDbLine
 10
-13.01
 20
55.05
 30
0.0
 11
-13.06
 21
55.05
 31
0.0
  0
LINE
  5
70A
330
1F
100
AcDbEntity
  8
AM_0
100
AcDbLine
 10
-13.01000000000001
 20
55.21
 30
0.0
 11
-13.01
 21
55.05
 31
0.0
  0
ARC
  5
70B
330
1F
100
AcDbEntity
  8
AM_0
100
AcDbCircle
 10
-13.10000000000001
 20
55.21
 30
0.0
 40
0.0900000000000052
100
AcDbArc
 50
0.0
 51
89.99999999999096
  0
LINE
  5
70C
330
1F
100
AcDbEntity
  8
AM_0
100
AcDbLine
 10
-13.52
 20
55.30000000000001
 30
0.0
 11
-13.1
 21
55.3
 31
0.0
  0
ARC
  5
70D
330
1F
100
AcDbEntity
  8
AM_0
100
AcDbCircle
 10
-13.51999999999999
 20
55.21
 30
0.0
 40
0.0900000000000105
100
AcDbArc
 50
90.00000000000679
 51
180.0
  0
LINE
  5
70E
330
1F
100
AcDbEntity
  8
AM_9
100
AcDbLine
 10
46.496
 20
53.573
 30
0.0
 11
46.4945
 21
53.573
 31
0.0
  0
LINE
  5
70F
330
1F
100
AcDbEntity
  8
AM_9
100
AcDbLine
 10
-11.76010815729224
 20
53.573
 30
0.0
 11
-46.496
 21
53.573
 31
0.0
  0
LINE
  5
710
330
1F
100
AcDbEntity
  8
AM_0
100
AcDbLine
 10
-44.61300000000001
 20
5.999999999999999
 30
0.0
 11
-43.92700000000001
 21
5.999999999999999
 31
0.0
  0
LINE
  5
711
330
1F
100
AcDbEntity
  8
AM_0
100
AcDbLine
 10
46.49449999999999
 20
54.6
 30
0.0
 11
46.4945
 21
54.59838367176906
 31
0.0
  0
LINE
  5
712
330
1F
100
AcDbEntity
  8
AM_0
100
AcDbLine
 10
-11.74000000000001
 20
54.6
 30
0.0
 11
-11.74000000000001
 21
54.59838367176906
 31
0.0
  0
LINE
  5
713
330
1F
100
AcDbEntity
  8
AM_9
100
AcDbLine
 10
-11.74000000000001
 20
53.57194617613083
 30
0.0
 11
46.49449999999999
 21
53.57194617613084
 31
0.0
  0
LINE
  5
714
330
1F
100
AcDbEntity
  8
AM_0
100
AcDbLine
 10
46.49449999999999
 20
53.27147308806542
 30
0.0
 11
46.49449999999999
 21
4.492
 31
0.0
  0
LINE
  5
715
330
1F
100
AcDbEntity
  8
AM_9
100
AcDbLine
 10
46.4945
 20
53.573
 30
0.0
 11
46.49449999999999
 21
53.27147308806542
 31
0.0
  0
LINE
  5
716
330
1F
100
AcDbEntity
  8
AM_0
100
AcDbLine
 10
-10.191
 20
53.27147308806543
 30
0.0
 11
-10.191
 21
4.561999999999993
 31
0.0
  0
LINE
  5
717
330
1F
100
AcDbEntity
  8
AM_9
100
AcDbLine
 10
-10.191
 20
53.308
 30
0.0
 11
-10.191
 21
53.27147308806543
 31
0.0
  0
LINE
  5
718
330
1F
100
AcDbEntity
  8
AM_0
100
AcDbLine
 10
-43.246
 20
5.999999999999999
 30
0.0
 11
-11.74000000000001
 21
5.999999999999999
 31
0.0
  0
LINE
  5
719
330
1F
100
AcDbEntity
  8
AM_9
100
AcDbLine
 10
27.574
 20
53.27147308806543
 30
0.0
 11
27.574
 21
53.308
 31
0.0
  0
LINE
  5
71A
330
1F
100
AcDbEntity
  8
AM_0
100
AcDbLine
 10
27.574
 20
4.562000000000005
 30
0.0
 11
27.574
 21
53.27147308806543
 31
0.0
  0
LINE
  5
71B
330
1F
100
AcDbEntity
  8
AM_9
100
AcDbLine
 10
29.897
 20
53.27147308806541
 30
0.0
 11
29.897
 21
53.308
 31
0.0
  0
LINE
  5
71C
330
1F
100
AcDbEntity
  8
AM_0
100
AcDbLine
 10
29.897
 20
4.492
 30
0.0
 11
29.897
 21
53.27147308806541
 31
0.0
  0
LINE
  5
71D
330
1F
100
AcDbEntity
  8
AM_9
100
AcDbLine
 10
29.897
 20
53.308
 30
0.0
 11
29.957
 21
53.308
 31
0.0
  0
LINE
  5
71E
330
1F
100
AcDbEntity
  8
AM_0
100
AcDbLine
 10
29.957
 20
53.27147308806543
 30
0.0
 11
29.957
 21
4.561999999999993
 31
0.0
  0
LINE
  5
71F
330
1F
100
AcDbEntity
  8
AM_9
100
AcDbLine
 10
29.957
 20
53.308
 30
0.0
 11
29.957
 21
53.27147308806543
 31
0.0
  0
LINE
  5
720
330
1F
100
AcDbEntity
  8
AM_0
100
AcDbLine
 10
29.957
 20
4.561999999999993
 30
0.0
 11
44.166
 21
4.561999999999998
 31
0.0
  0
LINE
  5
721
330
1F
100
AcDbEntity
  8
AM_9
100
AcDbLine
 10
44.166
 20
53.27147308806543
 30
0.0
 11
44.166
 21
53.308
 31
0.0
  0
LINE
  5
722
330
1F
100
AcDbEntity
  8
AM_0
100
AcDbLine
 10
44.166
 20
4.561999999999998
 30
0.0
 11
44.166
 21
53.27147308806543
 31
0.0
  0
LINE
  5
723
330
1F
100
AcDbEntity
  8
AM_9
100
AcDbLine
 10
44.166
 20
53.308
 30
0.0
 11
44.226
 21
53.308
 31
0.0
  0
LINE
  5
724
330
1F
100
AcDbEntity
  8
AM_0
100
AcDbLine
 10
44.226
 20
53.27147308806541
 30
0.0
 11
44.226
 21
4.492
 31
0.0
  0
LINE
  5
725
330
1F
100
AcDbEntity
  8
AM_9
100
AcDbLine
 10
44.226
 20
53.308
 30
0.0
 11
44.226
 21
53.27147308806541
 31
0.0
  0
LINE
  5
726
330
1F
100
AcDbEntity
  8
AM_9
100
AcDbLine
 10
-10.251
 20
53.27147308806541
 30
0.0
 11
-10.251
 21
53.308
 31
0.0
  0
LINE
  5
727
330
1F
100
AcDbEntity
  8
AM_0
100
AcDbLine
 10
-10.251
 20
4.492
 30
0.0
 11
-10.251
 21
53.27147308806541
 31
0.0
  0
LINE
  5
728
330
1F
100
AcDbEntity
  8
AM_0
100
AcDbLine
 10
-10.191
 20
4.561999999999993
 30
0.0
 11
27.574
 21
4.562000000000005
 31
0.0
  0
LINE
  5
729
330
1F
100
AcDbEntity
  8
AM_9
100
AcDbLine
 10
27.574
 20
53.308
 30
0.0
 11
27.634
 21
53.308
 31
0.0
  0
LINE
  5
72A
330
1F
100
AcDbEntity
  8
AM_0
100
AcDbLine
 10
27.634
 20
53.27147308806541
 30
0.0
 11
27.634
 21
4.492
 31
0.0
  0
LINE
  5
72B
330
1F
100
AcDbEntity
  8
AM_9
100
AcDbLine
 10
27.634
 20
53.308
 30
0.0
 11
27.634
 21
53.27147308806541
 31
0.0
  0
LINE
  5
72C
330
1F
100
AcDbEntity
  8
AM_9
100
AcDbLine
 10
-11.76010815729224
 20
53.573
 30
0.0
 11
-11.74000000000001
 21
53.57194617613083
 31
0.0
  0
LINE
  5
72D
330
1F
100
AcDbEntity
  8
AM_0
100
AcDbLine
 10
-36.815
 20
50.81099999999999
 30
0.0
 11
-36.815
 21
50.86199999999999
 31
0.0
  0
LINE
  5
72E
330
1F
100
AcDbEntity
  8
AM_4
100
AcDbLine
 10
-42.31909222320641
 20
50.81099999999999
 30
0.0
 11
-42.31909222320641
 21
50.492
 31
0.0
  0
LINE
  5
72F
330
1F
100
AcDbEntity
  8
AM_0
100
AcDbLine
 10
-36.815
 20
50.441
 30
0.0
 11
-36.815
 21
50.492
 31
0.0
  0
LINE
  5
730
330
1F
100
AcDbEntity
  8
AM_4
100
AcDbLine
 10
-42.31909222320641
 20
50.441
 30
0.0
 11
-42.31909222320641
 21
50.12200000000001
 31
0.0
  0
LINE
  5
731
330
1F
100
AcDbEntity
  8
AM_0
100
AcDbLine
 10
-36.815
 20
50.07100000000001
 30
0.0
 11
-36.815
 21
50.12200000000001
 31
0.0
  0
LINE
  5
732
330
1F
100
AcDbEntity
  8
AM_4
100
AcDbLine
 10
-42.31909222320641
 20
50.07100000000001
 30
0.0
 11
-42.31909222320641
 21
49.75200000000001
 31
0.0
  0
LINE
  5
733
330
1F
100
AcDbEntity
  8
AM_0
100
AcDbLine
 10
-36.815
 20
49.70100000000001
 30
0.0
 11
-36.815
 21
49.75200000000001
 31
0.0
  0
LINE
  5
734
330
1F
100
AcDbEntity
  8
AM_4
100
AcDbLine
 10
-42.31909222320641
 20
49.70100000000001
 30
0.0
 11
-42.31909222320641
 21
49.38200000000001
 31
0.0
  0
LINE
  5
735
330
1F
100
AcDbEntity
  8
AM_0
100
AcDbLine
 10
-36.815
 20
49.33100000000001
 30
0.0
 11
-36.815
 21
49.38200000000001
 31
0.0
  0
LINE
  5
736
330
1F
100
AcDbEntity
  8
AM_4
100
AcDbLine
 10
-42.31909222320641
 20
49.33100000000001
 30
0.0
 11
-42.31909222320641
 21
49.01200000000001
 31
0.0
  0
LINE
  5
737
330
1F
100
AcDbEntity
  8
AM_0
100
AcDbLine
 10
-36.815
 20
48.96100000000001
 30
0.0
 11
-36.815
 21
49.01200000000001
 31
0.0
  0
LINE
  5
738
330
1F
100
AcDbEntity
  8
AM_4
100
AcDbLine
 10
-42.31909222320641
 20
48.96100000000001
 30
0.0
 11
-42.31909222320641
 21
48.64200000000002
 31
0.0
  0
LINE
  5
739
330
1F
100
AcDbEntity
  8
AM_0
100
AcDbLine
 10
-36.815
 20
48.59100000000002
 30
0.0
 11
-36.815
 21
48.64200000000002
 31
0.0
  0
LINE
  5
73A
330
1F
100
AcDbEntity
  8
AM_4
100
AcDbLine
 10
-42.31909222320641
 20
48.59100000000002
 30
0.0
 11
-42.31909222320641
 21
48.27200000000002
 31
0.0
  0
LINE
  5
73B
330
1F
100
AcDbEntity
  8
AM_0
100
AcDbLine
 10
-36.815
 20
48.22100000000002
 30
0.0
 11
-36.815
 21
48.27200000000002
 31
0.0
  0
LINE
  5
73C
330
1F
100
AcDbEntity
  8
AM_4
100
AcDbLine
 10
-42.31909222320641
 20
48.22100000000002
 30
0.0
 11
-42.31909222320641
 21
47.90200000000002
 31
0.0
  0
LINE
  5
73D
330
1F
100
AcDbEntity
  8
AM_0
100
AcDbLine
 10
-36.815
 20
47.85100000000001
 30
0.0
 11
-36.815
 21
47.90200000000002
 31
0.0
  0
LINE
  5
73E
330
1F
100
AcDbEntity
  8
AM_4
100
AcDbLine
 10
-42.31909222320641
 20
47.85100000000001
 30
0.0
 11
-42.31909222320641
 21
47.53200000000002
 31
0.0
  0
LINE
  5
73F
330
1F
100
AcDbEntity
  8
AM_0
100
AcDbLine
 10
-36.815
 20
47.48100000000002
 30
0.0
 11
-36.815
 21
47.53200000000002
 31
0.0
  0
LINE
  5
740
330
1F
100
AcDbEntity
  8
AM_4
100
AcDbLine
 10
-42.31909222320641
 20
47.48100000000002
 30
0.0
 11
-42.31909222320641
 21
47.16200000000003
 31
0.0
  0
LINE
  5
741
330
1F
100
AcDbEntity
  8
AM_0
100
AcDbLine
 10
-36.815
 20
47.11100000000003
 30
0.0
 11
-36.815
 21
47.16200000000003
 31
0.0
  0
LINE
  5
742
330
1F
100
AcDbEntity
  8
AM_4
100
AcDbLine
 10
-42.31909222320641
 20
47.11100000000003
 30
0.0
 11
-42.31909222320641
 21
46.79200000000003
 31
0.0
  0
LINE
  5
743
330
1F
100
AcDbEntity
  8
AM_0
100
AcDbLine
 10
-36.815
 20
46.74100000000003
 30
0.0
 11
-36.815
 21
46.79200000000003
 31
0.0
  0
LINE
  5
744
330
1F
100
AcDbEntity
  8
AM_4
100
AcDbLine
 10
-42.31909222320641
 20
46.74100000000003
 30
0.0
 11
-42.31909222320641
 21
46.42200000000003
 31
0.0
  0
LINE
  5
745
330
1F
100
AcDbEntity
  8
AM_0
100
AcDbLine
 10
-36.815
 20
46.37100000000003
 30
0.0
 11
-36.815
 21
46.42200000000003
 31
0.0
  0
LINE
  5
746
330
1F
100
AcDbEntity
  8
AM_4
100
AcDbLine
 10
-42.31909222320641
 20
46.37100000000003
 30
0.0
 11
-42.31909222320641
 21
46.05200000000004
 31
0.0
  0
LINE
  5
747
330
1F
100
AcDbEntity
  8
AM_0
100
AcDbLine
 10
-36.815
 20
46.00100000000003
 30
0.0
 11
-36.815
 21
46.05200000000004
 31
0.0
  0
LINE
  5
748
330
1F
100
AcDbEntity
  8
AM_4
100
AcDbLine
 10
-42.31909222320641
 20
46.00100000000003
 30
0.0
 11
-42.31909222320641
 21
45.68200000000004
 31
0.0
  0
LINE
  5
749
330
1F
100
AcDbEntity
  8
AM_0
100
AcDbLine
 10
-36.815
 20
45.63100000000004
 30
0.0
 11
-36.815
 21
45.68200000000004
 31
0.0
  0
LINE
  5
74A
330
1F
100
AcDbEntity
  8
AM_4
100
AcDbLine
 10
-42.31909222320641
 20
45.63100000000004
 30
0.0
 11
-42.31909222320641
 21
45.31200000000004
 31
0.0
  0
LINE
  5
74B
330
1F
100
AcDbEntity
  8
AM_0
100
AcDbLine
 10
-36.815
 20
45.26100000000004
 30
0.0
 11
-36.815
 21
45.31200000000004
 31
0.0
  0
LINE
  5
74C
330
1F
100
AcDbEntity
  8
AM_4
100
AcDbLine
 10
-42.31909222320641
 20
45.26100000000004
 30
0.0
 11
-42.31909222320641
 21
44.94200000000004
 31
0.0
  0
LINE
  5
74D
330
1F
100
AcDbEntity
  8
AM_0
100
AcDbLine
 10
-36.815
 20
44.89100000000003
 30
0.0
 11
-36.815
 21
44.94200000000004
 31
0.0
  0
LINE
  5
74E
330
1F
100
AcDbEntity
  8
AM_4
100
AcDbLine
 10
-42.31909222320641
 20
44.89100000000003
 30
0.0
 11
-42.31909222320641
 21
44.57200000000005
 31
0.0
  0
LINE
  5
74F
330
1F
100
AcDbEntity
  8
AM_0
100
AcDbLine
 10
-36.815
 20
44.52100000000004
 30
0.0
 11
-36.815
 21
44.57200000000005
 31
0.0
  0
LINE
  5
750
330
1F
100
AcDbEntity
  8
AM_4
100
AcDbLine
 10
-42.31909222320641
 20
44.52100000000004
 30
0.0
 11
-42.31909222320641
 21
44.20200000000005
 31
0.0
  0
LINE
  5
751
330
1F
100
AcDbEntity
  8
AM_0
100
AcDbLine
 10
-36.815
 20
44.15100000000005
 30
0.0
 11
-36.815
 21
44.20200000000005
 31
0.0
  0
LINE
  5
752
330
1F
100
AcDbEntity
  8
AM_4
100
AcDbLine
 10
-42.31909222320641
 20
44.15100000000005
 30
0.0
 11
-42.31909222320641
 21
43.83200000000006
 31
0.0
  0
LINE
  5
753
330
1F
100
AcDbEntity
  8
AM_0
100
AcDbLine
 10
-36.815
 20
43.78100000000005
 30
0.0
 11
-36.815
 21
43.83200000000006
 31
0.0
  0
LINE
  5
754
330
1F
100
AcDbEntity
  8
AM_4
100
AcDbLine
 10
-42.31909222320641
 20
43.78100000000005
 30
0.0
 11
-42.31909222320641
 21
43.46200000000005
 31
0.0
  0
LINE
  5
755
330
1F
100
AcDbEntity
  8
AM_0
100
AcDbLine
 10
-36.815
 20
43.41100000000005
 30
0.0
 11
-36.815
 21
43.46200000000005
 31
0.0
  0
LINE
  5
756
330
1F
100
AcDbEntity
  8
AM_4
100
AcDbLine
 10
-42.31909222320641
 20
43.41100000000005
 30
0.0
 11
-42.31909222320641
 21
43.09200000000006
 31
0.0
  0
LINE
  5
757
330
1F
100
AcDbEntity
  8
AM_0
100
AcDbLine
 10
-36.815
 20
43.04100000000005
 30
0.0
 11
-36.815
 21
43.09200000000006
 31
0.0
  0
LINE
  5
758
330
1F
100
AcDbEntity
  8
AM_4
100
AcDbLine
 10
-42.31909222320641
 20
43.04100000000005
 30
0.0
 11
-42.31909222320641
 21
42.72200000000006
 31
0.0
  0
LINE
  5
759
330
1F
100
AcDbEntity
  8
AM_0
100
AcDbLine
 10
-36.815
 20
42.67100000000006
 30
0.0
 11
-36.815
 21
42.72200000000006
 31
0.0
  0
LINE
  5
75A
330
1F
100
AcDbEntity
  8
AM_4
100
AcDbLine
 10
-42.31909222320641
 20
42.67100000000006
 30
0.0
 11
-42.31909222320641
 21
42.35200000000006
 31
0.0
  0
LINE
  5
75B
330
1F
100
AcDbEntity
  8
AM_0
100
AcDbLine
 10
-36.815
 20
42.30100000000006
 30
0.0
 11
-36.815
 21
42.35200000000006
 31
0.0
  0
LINE
  5
75C
330
1F
100
AcDbEntity
  8
AM_4
100
AcDbLine
 10
-42.31909222320641
 20
42.30100000000006
 30
0.0
 11
-42.31909222320641
 21
41.98200000000006
 31
0.0
  0
LINE
  5
75D
330
1F
100
AcDbEntity
  8
AM_0
100
AcDbLine
 10
-36.815
 20
41.93100000000005
 30
0.0
 11
-36.815
 21
41.98200000000006
 31
0.0
  0
LINE
  5
75E
330
1F
100
AcDbEntity
  8
AM_4
100
AcDbLine
 10
-42.31909222320641
 20
41.93100000000005
 30
0.0
 11
-42.31909222320641
 21
41.61200000000007
 31
0.0
  0
LINE
  5
75F
330
1F
100
AcDbEntity
  8
AM_0
100
AcDbLine
 10
-36.815
 20
41.56100000000006
 30
0.0
 11
-36.815
 21
41.61200000000007
 31
0.0
  0
LINE
  5
760
330
1F
100
AcDbEntity
  8
AM_4
100
AcDbLine
 10
-42.31909222320641
 20
41.56100000000006
 30
0.0
 11
-42.31909222320641
 21
41.24200000000007
 31
0.0
  0
LINE
  5
761
330
1F
100
AcDbEntity
  8
AM_0
100
AcDbLine
 10
-36.815
 20
41.19100000000007
 30
0.0
 11
-36.815
 21
41.24200000000007
 31
0.0
  0
LINE
  5
762
330
1F
100
AcDbEntity
  8
AM_4
100
AcDbLine
 10
-42.31909222320641
 20
41.19100000000007
 30
0.0
 11
-42.31909222320641
 21
40.87200000000008
 31
0.0
  0
LINE
  5
763
330
1F
100
AcDbEntity
  8
AM_0
100
AcDbLine
 10
-36.815
 20
40.82100000000007
 30
0.0
 11
-36.815
 21
40.87200000000008
 31
0.0
  0
LINE
  5
764
330
1F
100
AcDbEntity
  8
AM_4
100
AcDbLine
 10
-42.31909222320641
 20
40.82100000000007
 30
0.0
 11
-42.31909222320641
 21
40.50200000000007
 31
0.0
  0
LINE
  5
765
330
1F
100
AcDbEntity
  8
AM_0
100
AcDbLine
 10
-36.815
 20
40.45100000000007
 30
0.0
 11
-36.815
 21
40.50200000000007
 31
0.0
  0
LINE
  5
766
330
1F
100
AcDbEntity
  8
AM_4
100
AcDbLine
 10
-42.31909222320641
 20
40.45100000000007
 30
0.0
 11
-42.31909222320641
 21
40.13200000000008
 31
0.0
  0
LINE
  5
767
330
1F
100
AcDbEntity
  8
AM_0
100
AcDbLine
 10
-36.815
 20
40.08100000000007
 30
0.0
 11
-36.815
 21
40.13200000000008
 31
0.0
  0
LINE
  5
768
330
1F
100
AcDbEntity
  8
AM_4
100
AcDbLine
 10
-42.31909222320641
 20
40.08100000000007
 30
0.0
 11
-42.31909222320641
 21
39.76200000000008
 31
0.0
  0
LINE
  5
769
330
1F
100
AcDbEntity
  8
AM_0
100
AcDbLine
 10
-36.815
 20
39.71100000000008
 30
0.0
 11
-36.815
 21
39.76200000000008
 31
0.0
  0
LINE
  5
76A
330
1F
100
AcDbEntity
  8
AM_4
100
AcDbLine
 10
-42.31909222320641
 20
39.71100000000008
 30
0.0
 11
-42.31909222320641
 21
39.39200000000008
 31
0.0
  0
LINE
  5
76B
330
1F
100
AcDbEntity
  8
AM_0
100
AcDbLine
 10
-36.815
 20
39.34100000000008
 30
0.0
 11
-36.815
 21
39.39200000000008
 31
0.0
  0
LINE
  5
76C
330
1F
100
AcDbEntity
  8
AM_4
100
AcDbLine
 10
-42.31909222320641
 20
39.34100000000008
 30
0.0
 11
-42.31909222320641
 21
39.02200000000008
 31
0.0
  0
LINE
  5
76D
330
1F
100
AcDbEntity
  8
AM_0
100
AcDbLine
 10
-36.815
 20
38.97100000000008
 30
0.0
 11
-36.815
 21
39.02200000000008
 31
0.0
  0
LINE
  5
76E
330
1F
100
AcDbEntity
  8
AM_4
100
AcDbLine
 10
-42.31909222320641
 20
38.97100000000008
 30
0.0
 11
-42.31909222320641
 21
38.65200000000009
 31
0.0
  0
LINE
  5
76F
330
1F
100
AcDbEntity
  8
AM_0
100
AcDbLine
 10
-36.815
 20
38.60100000000008
 30
0.0
 11
-36.815
 21
38.65200000000009
 31
0.0
  0
LINE
  5
770
330
1F
100
AcDbEntity
  8
AM_4
100
AcDbLine
 10
-42.31909222320641
 20
38.60100000000008
 30
0.0
 11
-42.31909222320641
 21
38.28200000000009
 31
0.0
  0
LINE
  5
771
330
1F
100
AcDbEntity
  8
AM_0
100
AcDbLine
 10
-36.815
 20
38.23100000000009
 30
0.0
 11
-36.815
 21
38.28200000000009
 31
0.0
  0
LINE
  5
772
330
1F
100
AcDbEntity
  8
AM_4
100
AcDbLine
 10
-42.31909222320641
 20
38.23100000000009
 30
0.0
 11
-42.31909222320641
 21
37.91200000000009
 31
0.0
  0
LINE
  5
773
330
1F
100
AcDbEntity
  8
AM_0
100
AcDbLine
 10
-36.815
 20
37.86100000000009
 30
0.0
 11
-36.815
 21
37.91200000000009
 31
0.0
  0
LINE
  5
774
330
1F
100
AcDbEntity
  8
AM_4
100
AcDbLine
 10
-42.31909222320641
 20
37.86100000000009
 30
0.0
 11
-42.31909222320641
 21
37.54200000000009
 31
0.0
  0
LINE
  5
775
330
1F
100
AcDbEntity
  8
AM_0
100
AcDbLine
 10
-36.815
 20
37.49100000000009
 30
0.0
 11
-36.815
 21
37.54200000000009
 31
0.0
  0
LINE
  5
776
330
1F
100
AcDbEntity
  8
AM_4
100
AcDbLine
 10
-42.31909222320641
 20
37.49100000000009
 30
0.0
 11
-42.31909222320641
 21
37.1720000000001
 31
0.0
  0
LINE
  5
777
330
1F
100
AcDbEntity
  8
AM_0
100
AcDbLine
 10
-36.815
 20
37.12100000000009
 30
0.0
 11
-36.815
 21
37.1720000000001
 31
0.0
  0
LINE
  5
778
330
1F
100
AcDbEntity
  8
AM_4
100
AcDbLine
 10
-42.31909222320641
 20
37.12100000000009
 30
0.0
 11
-42.31909222320641
 21
36.8020000000001
 31
0.0
  0
LINE
  5
779
330
1F
100
AcDbEntity
  8
AM_0
100
AcDbLine
 10
-36.815
 20
36.7510000000001
 30
0.0
 11
-36.815
 21
36.8020000000001
 31
0.0
  0
LINE
  5
77A
330
1F
100
AcDbEntity
  8
AM_4
100
AcDbLine
 10
-42.31909222320641
 20
36.7510000000001
 30
0.0
 11
-42.31909222320641
 21
36.4320000000001
 31
0.0
  0
LINE
  5
77B
330
1F
100
AcDbEntity
  8
AM_0
100
AcDbLine
 10
-36.815
 20
36.3810000000001
 30
0.0
 11
-36.815
 21
36.4320000000001
 31
0.0
  0
LINE
  5
77C
330
1F
100
AcDbEntity
  8
AM_4
100
AcDbLine
 10
-42.31909222320641
 20
36.3810000000001
 30
0.0
 11
-42.31909222320641
 21
36.0620000000001
 31
0.0
  0
LINE
  5
77D
330
1F
100
AcDbEntity
  8
AM_0
100
AcDbLine
 10
-36.815
 20
36.0110000000001
 30
0.0
 11
-36.815
 21
36.0620000000001
 31
0.0
  0
LINE
  5
77E
330
1F
100
AcDbEntity
  8
AM_4
100
AcDbLine
 10
-42.31909222320641
 20
36.0110000000001
 30
0.0
 11
-42.31909222320641
 21
35.69200000000011
 31
0.0
  0
LINE
  5
77F
330
1F
100
AcDbEntity
  8
AM_0
100
AcDbLine
 10
-36.815
 20
35.6410000000001
 30
0.0
 11
-36.815
 21
35.69200000000011
 31
0.0
  0
LINE
  5
780
330
1F
100
AcDbEntity
  8
AM_4
100
AcDbLine
 10
-42.31909222320641
 20
35.6410000000001
 30
0.0
 11
-42.31909222320641
 21
35.32200000000011
 31
0.0
  0
LINE
  5
781
330
1F
100
AcDbEntity
  8
AM_0
100
AcDbLine
 10
-36.815
 20
35.27100000000011
 30
0.0
 11
-36.815
 21
35.32200000000011
 31
0.0
  0
LINE
  5
782
330
1F
100
AcDbEntity
  8
AM_4
100
AcDbLine
 10
-42.31909222320641
 20
35.27100000000011
 30
0.0
 11
-42.31909222320641
 21
34.95200000000011
 31
0.0
  0
LINE
  5
783
330
1F
100
AcDbEntity
  8
AM_0
100
AcDbLine
 10
-36.815
 20
34.90100000000011
 30
0.0
 11
-36.815
 21
34.95200000000011
 31
0.0
  0
LINE
  5
784
330
1F
100
AcDbEntity
  8
AM_4
100
AcDbLine
 10
-42.31909222320641
 20
34.90100000000011
 30
0.0
 11
-42.31909222320641
 21
34.58200000000011
 31
0.0
  0
LINE
  5
785
330
1F
100
AcDbEntity
  8
AM_0
100
AcDbLine
 10
-36.815
 20
34.53100000000011
 30
0.0
 11
-36.815
 21
34.58200000000011
 31
0.0
  0
LINE
  5
786
330
1F
100
AcDbEntity
  8
AM_4
100
AcDbLine
 10
-42.31909222320641
 20
34.53100000000011
 30
0.0
 11
-42.31909222320641
 21
34.21200000000012
 31
0.0
  0
LINE
  5
787
330
1F
100
AcDbEntity
  8
AM_0
100
AcDbLine
 10
-36.815
 20
34.16100000000012
 30
0.0
 11
-36.815
 21
34.21200000000012
 31
0.0
  0
LINE
  5
788
330
1F
100
AcDbEntity
  8
AM_4
100
AcDbLine
 10
-42.31909222320641
 20
34.16100000000012
 30
0.0
 11
-42.31909222320641
 21
33.84200000000012
 31
0.0
  0
LINE
  5
789
330
1F
100
AcDbEntity
  8
AM_0
100
AcDbLine
 10
-36.815
 20
33.79100000000012
 30
0.0
 11
-36.815
 21
33.84200000000012
 31
0.0
  0
LINE
  5
78A
330
1F
100
AcDbEntity
  8
AM_4
100
AcDbLine
 10
-42.31909222320641
 20
33.79100000000012
 30
0.0
 11
-42.31909222320641
 21
33.47200000000012
 31
0.0
  0
LINE
  5
78B
330
1F
100
AcDbEntity
  8
AM_0
100
AcDbLine
 10
-36.815
 20
33.42100000000012
 30
0.0
 11
-36.815
 21
33.47200000000012
 31
0.0
  0
LINE
  5
78C
330
1F
100
AcDbEntity
  8
AM_4
100
AcDbLine
 10
-42.31909222320641
 20
33.42100000000012
 30
0.0
 11
-42.31909222320641
 21
33.10200000000012
 31
0.0
  0
LINE
  5
78D
330
1F
100
AcDbEntity
  8
AM_0
100
AcDbLine
 10
-36.815
 20
33.05100000000012
 30
0.0
 11
-36.815
 21
33.10200000000012
 31
0.0
  0
LINE
  5
78E
330
1F
100
AcDbEntity
  8
AM_4
100
AcDbLine
 10
-42.31909222320641
 20
33.05100000000012
 30
0.0
 11
-42.31909222320641
 21
32.73200000000013
 31
0.0
  0
LINE
  5
78F
330
1F
100
AcDbEntity
  8
AM_0
100
AcDbLine
 10
-36.815
 20
32.68100000000013
 30
0.0
 11
-36.815
 21
32.73200000000013
 31
0.0
  0
LINE
  5
790
330
1F
100
AcDbEntity
  8
AM_4
100
AcDbLine
 10
-42.31909222320641
 20
32.68100000000013
 30
0.0
 11
-42.31909222320641
 21
32.36200000000013
 31
0.0
  0
LINE
  5
791
330
1F
100
AcDbEntity
  8
AM_0
100
AcDbLine
 10
-36.815
 20
32.31100000000013
 30
0.0
 11
-36.815
 21
32.36200000000013
 31
0.0
  0
LINE
  5
792
330
1F
100
AcDbEntity
  8
AM_4
100
AcDbLine
 10
-42.31909222320641
 20
32.31100000000013
 30
0.0
 11
-42.31909222320641
 21
31.99200000000013
 31
0.0
  0
LINE
  5
793
330
1F
100
AcDbEntity
  8
AM_0
100
AcDbLine
 10
-36.815
 20
31.94100000000013
 30
0.0
 11
-36.815
 21
31.99200000000013
 31
0.0
  0
LINE
  5
794
330
1F
100
AcDbEntity
  8
AM_4
100
AcDbLine
 10
-42.31909222320641
 20
31.94100000000013
 30
0.0
 11
-42.31909222320641
 21
31.62200000000013
 31
0.0
  0
LINE
  5
795
330
1F
100
AcDbEntity
  8
AM_0
100
AcDbLine
 10
-36.815
 20
31.57100000000013
 30
0.0
 11
-36.815
 21
31.62200000000013
 31
0.0
  0
LINE
  5
796
330
1F
100
AcDbEntity
  8
AM_4
100
AcDbLine
 10
-42.31909222320641
 20
31.57100000000013
 30
0.0
 11
-42.31909222320641
 21
31.25200000000013
 31
0.0
  0
LINE
  5
797
330
1F
100
AcDbEntity
  8
AM_0
100
AcDbLine
 10
-36.815
 20
31.20100000000012
 30
0.0
 11
-36.815
 21
31.25200000000013
 31
0.0
  0
LINE
  5
798
330
1F
100
AcDbEntity
  8
AM_4
100
AcDbLine
 10
-42.31909222320641
 20
31.20100000000012
 30
0.0
 11
-42.31909222320641
 21
30.88200000000013
 31
0.0
  0
LINE
  5
799
330
1F
100
AcDbEntity
  8
AM_0
100
AcDbLine
 10
-36.815
 20
30.83100000000012
 30
0.0
 11
-36.815
 21
30.88200000000013
 31
0.0
  0
LINE
  5
79A
330
1F
100
AcDbEntity
  8
AM_4
100
AcDbLine
 10
-42.31909222320641
 20
30.83100000000012
 30
0.0
 11
-42.31909222320641
 21
30.51200000000012
 31
0.0
  0
LINE
  5
79B
330
1F
100
AcDbEntity
  8
AM_0
100
AcDbLine
 10
-36.815
 20
30.46100000000012
 30
0.0
 11
-36.815
 21
30.51200000000012
 31
0.0
  0
LINE
  5
79C
330
1F
100
AcDbEntity
  8
AM_4
100
AcDbLine
 10
-42.31909222320641
 20
30.46100000000012
 30
0.0
 11
-42.31909222320641
 21
30.14200000000012
 31
0.0
  0
LINE
  5
79D
330
1F
100
AcDbEntity
  8
AM_0
100
AcDbLine
 10
-36.815
 20
30.09100000000012
 30
0.0
 11
-36.815
 21
30.14200000000012
 31
0.0
  0
LINE
  5
79E
330
1F
100
AcDbEntity
  8
AM_4
100
AcDbLine
 10
-42.31909222320641
 20
30.09100000000012
 30
0.0
 11
-42.31909222320641
 21
29.77200000000012
 31
0.0
  0
LINE
  5
79F
330
1F
100
AcDbEntity
  8
AM_0
100
AcDbLine
 10
-36.815
 20
29.72100000000012
 30
0.0
 11
-36.815
 21
29.77200000000012
 31
0.0
  0
LINE
  5
7A0
330
1F
100
AcDbEntity
  8
AM_4
100
AcDbLine
 10
-42.31909222320641
 20
29.72100000000012
 30
0.0
 11
-42.31909222320641
 21
29.40200000000012
 31
0.0
  0
LINE
  5
7A1
330
1F
100
AcDbEntity
  8
AM_0
100
AcDbLine
 10
-36.815
 20
29.35100000000012
 30
0.0
 11
-36.815
 21
29.40200000000012
 31
0.0
  0
LINE
  5
7A2
330
1F
100
AcDbEntity
  8
AM_4
100
AcDbLine
 10
-42.31909222320641
 20
29.35100000000012
 30
0.0
 11
-42.31909222320641
 21
29.03200000000012
 31
0.0
  0
LINE
  5
7A3
330
1F
100
AcDbEntity
  8
AM_0
100
AcDbLine
 10
-36.815
 20
28.98100000000012
 30
0.0
 11
-36.815
 21
29.03200000000012
 31
0.0
  0
LINE
  5
7A4
330
1F
100
AcDbEntity
  8
AM_4
100
AcDbLine
 10
-42.31909222320641
 20
28.98100000000012
 30
0.0
 11
-42.31909222320641
 21
28.66200000000012
 31
0.0
  0
LINE
  5
7A5
330
1F
100
AcDbEntity
  8
AM_0
100
AcDbLine
 10
-36.815
 20
28.61100000000012
 30
0.0
 11
-36.815
 21
28.66200000000012
 31
0.0
  0
LINE
  5
7A6
330
1F
100
AcDbEntity
  8
AM_4
100
AcDbLine
 10
-42.31909222320641
 20
28.61100000000012
 30
0.0
 11
-42.31909222320641
 21
28.29200000000012
 31
0.0
  0
LINE
  5
7A7
330
1F
100
AcDbEntity
  8
AM_0
100
AcDbLine
 10
-36.815
 20
28.24100000000012
 30
0.0
 11
-36.815
 21
28.29200000000012
 31
0.0
  0
LINE
  5
7A8
330
1F
100
AcDbEntity
  8
AM_4
100
AcDbLine
 10
-42.31909222320641
 20
28.24100000000012
 30
0.0
 11
-42.31909222320641
 21
27.92200000000011
 31
0.0
  0
LINE
  5
7A9
330
1F
100
AcDbEntity
  8
AM_0
100
AcDbLine
 10
-36.815
 20
27.87100000000011
 30
0.0
 11
-36.815
 21
27.92200000000011
 31
0.0
  0
LINE
  5
7AA
330
1F
100
AcDbEntity
  8
AM_4
100
AcDbLine
 10
-42.31909222320641
 20
27.87100000000011
 30
0.0
 11
-42.31909222320641
 21
27.55200000000012
 31
0.0
  0
LINE
  5
7AB
330
1F
100
AcDbEntity
  8
AM_0
100
AcDbLine
 10
-36.815
 20
27.50100000000011
 30
0.0
 11
-36.815
 21
27.55200000000012
 31
0.0
  0
LINE
  5
7AC
330
1F
100
AcDbEntity
  8
AM_4
100
AcDbLine
 10
-42.31909222320641
 20
27.50100000000011
 30
0.0
 11
-42.31909222320641
 21
27.18200000000012
 31
0.0
  0
LINE
  5
7AD
330
1F
100
AcDbEntity
  8
AM_0
100
AcDbLine
 10
-36.815
 20
27.13100000000011
 30
0.0
 11
-36.815
 21
27.18200000000012
 31
0.0
  0
LINE
  5
7AE
330
1F
100
AcDbEntity
  8
AM_4
100
AcDbLine
 10
-42.31909222320641
 20
27.13100000000011
 30
0.0
 11
-42.31909222320641
 21
26.81200000000011
 31
0.0
  0
LINE
  5
7AF
330
1F
100
AcDbEntity
  8
AM_0
100
AcDbLine
 10
-36.815
 20
26.76100000000011
 30
0.0
 11
-36.815
 21
26.81200000000011
 31
0.0
  0
LINE
  5
7B0
330
1F
100
AcDbEntity
  8
AM_4
100
AcDbLine
 10
-42.31909222320641
 20
26.76100000000011
 30
0.0
 11
-42.31909222320641
 21
26.44200000000011
 31
0.0
  0
LINE
  5
7B1
330
1F
100
AcDbEntity
  8
AM_0
100
AcDbLine
 10
-36.815
 20
26.39100000000011
 30
0.0
 11
-36.815
 21
26.44200000000011
 31
0.0
  0
LINE
  5
7B2
330
1F
100
AcDbEntity
  8
AM_4
100
AcDbLine
 10
-42.31909222320641
 20
26.39100000000011
 30
0.0
 11
-42.31909222320641
 21
26.07200000000011
 31
0.0
  0
LINE
  5
7B3
330
1F
100
AcDbEntity
  8
AM_0
100
AcDbLine
 10
-36.815
 20
26.02100000000011
 30
0.0
 11
-36.815
 21
26.07200000000011
 31
0.0
  0
LINE
  5
7B4
330
1F
100
AcDbEntity
  8
AM_4
100
AcDbLine
 10
-42.31909222320641
 20
26.02100000000011
 30
0.0
 11
-42.31909222320641
 21
25.70200000000011
 31
0.0
  0
LINE
  5
7B5
330
1F
100
AcDbEntity
  8
AM_0
100
AcDbLine
 10
-36.815
 20
25.65100000000011
 30
0.0
 11
-36.815
 21
25.70200000000011
 31
0.0
  0
LINE
  5
7B6
330
1F
100
AcDbEntity
  8
AM_4
100
AcDbLine
 10
-42.31909222320641
 20
25.65100000000011
 30
0.0
 11
-42.31909222320641
 21
25.33200000000011
 31
0.0
  0
LINE
  5
7B7
330
1F
100
AcDbEntity
  8
AM_0
100
AcDbLine
 10
-36.815
 20
25.28100000000011
 30
0.0
 11
-36.815
 21
25.33200000000011
 31
0.0
  0
LINE
  5
7B8
330
1F
100
AcDbEntity
  8
AM_4
100
AcDbLine
 10
-42.31909222320641
 20
25.28100000000011
 30
0.0
 11
-42.31909222320641
 21
24.96200000000011
 31
0.0
  0
LINE
  5
7B9
330
1F
100
AcDbEntity
  8
AM_0
100
AcDbLine
 10
-36.815
 20
24.91100000000011
 30
0.0
 11
-36.815
 21
24.96200000000011
 31
0.0
  0
LINE
  5
7BA
330
1F
100
AcDbEntity
  8
AM_4
100
AcDbLine
 10
-42.31909222320641
 20
24.91100000000011
 30
0.0
 11
-42.31909222320641
 21
24.59200000000011
 31
0.0
  0
LINE
  5
7BB
330
1F
100
AcDbEntity
  8
AM_0
100
AcDbLine
 10
-36.815
 20
24.54100000000011
 30
0.0
 11
-36.815
 21
24.59200000000011
 31
0.0
  0
LINE
  5
7BC
330
1F
100
AcDbEntity
  8
AM_4
100
AcDbLine
 10
-42.31909222320641
 20
24.54100000000011
 30
0.0
 11
-42.31909222320641
 21
24.22200000000011
 31
0.0
  0
LINE
  5
7BD
330
1F
100
AcDbEntity
  8
AM_0
100
AcDbLine
 10
-36.815
 20
24.17100000000011
 30
0.0
 11
-36.815
 21
24.22200000000011
 31
0.0
  0
LINE
  5
7BE
330
1F
100
AcDbEntity
  8
AM_4
100
AcDbLine
 10
-42.31909222320641
 20
24.17100000000011
 30
0.0
 11
-42.31909222320641
 21
23.85200000000011
 31
0.0
  0
LINE
  5
7BF
330
1F
100
AcDbEntity
  8
AM_0
100
AcDbLine
 10
-36.815
 20
23.8010000000001
 30
0.0
 11
-36.815
 21
23.85200000000011
 31
0.0
  0
LINE
  5
7C0
330
1F
100
AcDbEntity
  8
AM_4
100
AcDbLine
 10
-42.31909222320641
 20
23.8010000000001
 30
0.0
 11
-42.31909222320641
 21
23.48200000000011
 31
0.0
  0
LINE
  5
7C1
330
1F
100
AcDbEntity
  8
AM_0
100
AcDbLine
 10
-36.815
 20
23.4310000000001
 30
0.0
 11
-36.815
 21
23.48200000000011
 31
0.0
  0
LINE
  5
7C2
330
1F
100
AcDbEntity
  8
AM_4
100
AcDbLine
 10
-42.31909222320641
 20
23.4310000000001
 30
0.0
 11
-42.31909222320641
 21
23.11200000000011
 31
0.0
  0
LINE
  5
7C3
330
1F
100
AcDbEntity
  8
AM_0
100
AcDbLine
 10
-36.815
 20
23.0610000000001
 30
0.0
 11
-36.815
 21
23.11200000000011
 31
0.0
  0
LINE
  5
7C4
330
1F
100
AcDbEntity
  8
AM_4
100
AcDbLine
 10
-42.31909222320641
 20
23.0610000000001
 30
0.0
 11
-42.31909222320641
 21
22.7420000000001
 31
0.0
  0
LINE
  5
7C5
330
1F
100
AcDbEntity
  8
AM_0
100
AcDbLine
 10
-36.815
 20
22.6910000000001
 30
0.0
 11
-36.815
 21
22.7420000000001
 31
0.0
  0
LINE
  5
7C6
330
1F
100
AcDbEntity
  8
AM_4
100
AcDbLine
 10
-42.31909222320641
 20
22.6910000000001
 30
0.0
 11
-42.31909222320641
 21
22.3720000000001
 31
0.0
  0
LINE
  5
7C7
330
1F
100
AcDbEntity
  8
AM_0
100
AcDbLine
 10
-36.815
 20
22.3210000000001
 30
0.0
 11
-36.815
 21
22.3720000000001
 31
0.0
  0
LINE
  5
7C8
330
1F
100
AcDbEntity
  8
AM_4
100
AcDbLine
 10
-42.31909222320641
 20
22.3210000000001
 30
0.0
 11
-42.31909222320641
 21
22.0020000000001
 31
0.0
  0
LINE
  5
7C9
330
1F
100
AcDbEntity
  8
AM_0
100
AcDbLine
 10
-36.815
 20
21.9510000000001
 30
0.0
 11
-36.815
 21
22.0020000000001
 31
0.0
  0
LINE
  5
7CA
330
1F
100
AcDbEntity
  8
AM_4
100
AcDbLine
 10
-42.31909222320641
 20
21.9510000000001
 30
0.0
 11
-42.31909222320641
 21
21.6320000000001
 31
0.0
  0
LINE
  5
7CB
330
1F
100
AcDbEntity
  8
AM_0
100
AcDbLine
 10
-36.815
 20
21.5810000000001
 30
0.0
 11
-36.815
 21
21.6320000000001
 31
0.0
  0
LINE
  5
7CC
330
1F
100
AcDbEntity
  8
AM_4
100
AcDbLine
 10
-42.31909222320641
 20
21.5810000000001
 30
0.0
 11
-42.31909222320641
 21
21.2620000000001
 31
0.0
  0
LINE
  5
7CD
330
1F
100
AcDbEntity
  8
AM_0
100
AcDbLine
 10
-36.815
 20
21.2110000000001
 30
0.0
 11
-36.815
 21
21.2620000000001
 31
0.0
  0
LINE
  5
7CE
330
1F
100
AcDbEntity
  8
AM_4
100
AcDbLine
 10
-42.31909222320641
 20
21.2110000000001
 30
0.0
 11
-42.31909222320641
 21
20.8920000000001
 31
0.0
  0
LINE
  5
7CF
330
1F
100
AcDbEntity
  8
AM_0
100
AcDbLine
 10
-36.815
 20
20.8410000000001
 30
0.0
 11
-36.815
 21
20.8920000000001
 31
0.0
  0
LINE
  5
7D0
330
1F
100
AcDbEntity
  8
AM_4
100
AcDbLine
 10
-42.31909222320641
 20
20.8410000000001
 30
0.0
 11
-42.31909222320641
 21
20.5220000000001
 31
0.0
  0
LINE
  5
7D1
330
1F
100
AcDbEntity
  8
AM_0
100
AcDbLine
 10
-36.815
 20
20.4710000000001
 30
0.0
 11
-36.815
 21
20.5220000000001
 31
0.0
  0
LINE
  5
7D2
330
1F
100
AcDbEntity
  8
AM_4
100
AcDbLine
 10
-42.31909222320641
 20
20.4710000000001
 30
0.0
 11
-42.31909222320641
 21
20.1520000000001
 31
0.0
  0
LINE
  5
7D3
330
1F
100
AcDbEntity
  8
AM_0
100
AcDbLine
 10
-36.815
 20
20.1010000000001
 30
0.0
 11
-36.815
 21
20.1520000000001
 31
0.0
  0
LINE
  5
7D4
330
1F
100
AcDbEntity
  8
AM_4
100
AcDbLine
 10
-42.31909222320641
 20
20.1010000000001
 30
0.0
 11
-42.31909222320641
 21
19.7820000000001
 31
0.0
  0
LINE
  5
7D5
330
1F
100
AcDbEntity
  8
AM_0
100
AcDbLine
 10
-36.815
 20
19.73100000000009
 30
0.0
 11
-36.815
 21
19.7820000000001
 31
0.0
  0
LINE
  5
7D6
330
1F
100
AcDbEntity
  8
AM_4
100
AcDbLine
 10
-42.31909222320641
 20
19.73100000000009
 30
0.0
 11
-42.31909222320641
 21
19.41200000000009
 31
0.0
  0
LINE
  5
7D7
330
1F
100
AcDbEntity
  8
AM_0
100
AcDbLine
 10
-36.815
 20
19.36100000000009
 30
0.0
 11
-36.815
 21
19.41200000000009
 31
0.0
  0
LINE
  5
7D8
330
1F
100
AcDbEntity
  8
AM_4
100
AcDbLine
 10
-42.31909222320641
 20
19.36100000000009
 30
0.0
 11
-42.31909222320641
 21
19.04200000000009
 31
0.0
  0
LINE
  5
7D9
330
1F
100
AcDbEntity
  8
AM_0
100
AcDbLine
 10
-36.815
 20
18.99100000000009
 30
0.0
 11
-36.815
 21
19.04200000000009
 31
0.0
  0
LINE
  5
7DA
330
1F
100
AcDbEntity
  8
AM_4
100
AcDbLine
 10
-42.31909222320641
 20
18.99100000000009
 30
0.0
 11
-42.31909222320641
 21
18.67200000000009
 31
0.0
  0
LINE
  5
7DB
330
1F
100
AcDbEntity
  8
AM_0
100
AcDbLine
 10
-36.815
 20
18.62100000000009
 30
0.0
 11
-36.815
 21
18.67200000000009
 31
0.0
  0
LINE
  5
7DC
330
1F
100
AcDbEntity
  8
AM_4
100
AcDbLine
 10
-42.31909222320641
 20
18.62100000000009
 30
0.0
 11
-42.31909222320641
 21
18.30200000000009
 31
0.0
  0
LINE
  5
7DD
330
1F
100
AcDbEntity
  8
AM_0
100
AcDbLine
 10
-36.815
 20
18.25100000000009
 30
0.0
 11
-36.815
 21
18.30200000000009
 31
0.0
  0
LINE
  5
7DE
330
1F
100
AcDbEntity
  8
AM_4
100
AcDbLine
 10
-42.31909222320641
 20
18.25100000000009
 30
0.0
 11
-42.31909222320641
 21
17.93200000000009
 31
0.0
  0
LINE
  5
7DF
330
1F
100
AcDbEntity
  8
AM_0
100
AcDbLine
 10
-36.815
 20
17.88100000000009
 30
0.0
 11
-36.815
 21
17.93200000000009
 31
0.0
  0
LINE
  5
7E0
330
1F
100
AcDbEntity
  8
AM_4
100
AcDbLine
 10
-42.31909222320641
 20
17.88100000000009
 30
0.0
 11
-42.31909222320641
 21
17.56200000000009
 31
0.0
  0
LINE
  5
7E1
330
1F
100
AcDbEntity
  8
AM_0
100
AcDbLine
 10
-36.815
 20
17.51100000000009
 30
0.0
 11
-36.815
 21
17.56200000000009
 31
0.0
  0
LINE
  5
7E2
330
1F
100
AcDbEntity
  8
AM_4
100
AcDbLine
 10
-42.31909222320641
 20
17.51100000000009
 30
0.0
 11
-42.31909222320641
 21
17.19200000000009
 31
0.0
  0
LINE
  5
7E3
330
1F
100
AcDbEntity
  8
AM_0
100
AcDbLine
 10
-36.815
 20
17.14100000000009
 30
0.0
 11
-36.815
 21
17.19200000000009
 31
0.0
  0
LINE
  5
7E4
330
1F
100
AcDbEntity
  8
AM_4
100
AcDbLine
 10
-42.31909222320641
 20
17.14100000000009
 30
0.0
 11
-42.31909222320641
 21
16.82200000000009
 31
0.0
  0
LINE
  5
7E5
330
1F
100
AcDbEntity
  8
AM_0
100
AcDbLine
 10
-36.815
 20
16.77100000000009
 30
0.0
 11
-36.815
 21
16.82200000000009
 31
0.0
  0
LINE
  5
7E6
330
1F
100
AcDbEntity
  8
AM_4
100
AcDbLine
 10
-42.31909222320641
 20
16.77100000000009
 30
0.0
 11
-42.31909222320641
 21
16.45200000000009
 31
0.0
  0
LINE
  5
7E7
330
1F
100
AcDbEntity
  8
AM_0
100
AcDbLine
 10
-36.815
 20
16.40100000000009
 30
0.0
 11
-36.815
 21
16.45200000000009
 31
0.0
  0
LINE
  5
7E8
330
1F
100
AcDbEntity
  8
AM_4
100
AcDbLine
 10
-42.31909222320641
 20
16.40100000000009
 30
0.0
 11
-42.31909222320641
 21
16.08200000000009
 31
0.0
  0
LINE
  5
7E9
330
1F
100
AcDbEntity
  8
AM_0
100
AcDbLine
 10
-36.815
 20
16.03100000000009
 30
0.0
 11
-36.815
 21
16.08200000000009
 31
0.0
  0
LINE
  5
7EA
330
1F
100
AcDbEntity
  8
AM_4
100
AcDbLine
 10
-42.31909222320641
 20
16.03100000000009
 30
0.0
 11
-42.31909222320641
 21
15.71200000000009
 31
0.0
  0
LINE
  5
7EB
330
1F
100
AcDbEntity
  8
AM_0
100
AcDbLine
 10
-36.815
 20
15.66100000000009
 30
0.0
 11
-36.815
 21
15.71200000000009
 31
0.0
  0
LINE
  5
7EC
330
1F
100
AcDbEntity
  8
AM_4
100
AcDbLine
 10
-42.31909222320641
 20
15.66100000000009
 30
0.0
 11
-42.31909222320641
 21
15.34200000000009
 31
0.0
  0
LINE
  5
7ED
330
1F
100
AcDbEntity
  8
AM_0
100
AcDbLine
 10
-36.815
 20
15.29100000000009
 30
0.0
 11
-36.815
 21
15.34200000000009
 31
0.0
  0
LINE
  5
7EE
330
1F
100
AcDbEntity
  8
AM_4
100
AcDbLine
 10
-42.31909222320641
 20
15.29100000000009
 30
0.0
 11
-42.31909222320641
 21
14.97200000000009
 31
0.0
  0
LINE
  5
7EF
330
1F
100
AcDbEntity
  8
AM_0
100
AcDbLine
 10
-36.815
 20
14.92100000000008
 30
0.0
 11
-36.815
 21
14.97200000000009
 31
0.0
  0
LINE
  5
7F0
330
1F
100
AcDbEntity
  8
AM_4
100
AcDbLine
 10
-42.31909222320641
 20
14.92100000000008
 30
0.0
 11
-42.31909222320641
 21
14.60200000000009
 31
0.0
  0
LINE
  5
7F1
330
1F
100
AcDbEntity
  8
AM_0
100
AcDbLine
 10
-36.815
 20
14.55100000000008
 30
0.0
 11
-36.815
 21
14.60200000000009
 31
0.0
  0
LINE
  5
7F2
330
1F
100
AcDbEntity
  8
AM_4
100
AcDbLine
 10
-42.31909222320641
 20
14.55100000000008
 30
0.0
 11
-42.31909222320641
 21
14.23200000000009
 31
0.0
  0
LINE
  5
7F3
330
1F
100
AcDbEntity
  8
AM_0
100
AcDbLine
 10
-36.815
 20
14.18100000000009
 30
0.0
 11
-36.815
 21
14.23200000000009
 31
0.0
  0
LINE
  5
7F4
330
1F
100
AcDbEntity
  8
AM_4
100
AcDbLine
 10
-42.31909222320641
 20
14.18100000000008
 30
0.0
 11
-42.31909222320641
 21
13.86200000000009
 31
0.0
  0
LINE
  5
7F5
330
1F
100
AcDbEntity
  8
AM_0
100
AcDbLine
 10
-36.815
 20
13.81100000000009
 30
0.0
 11
-36.815
 21
13.86200000000009
 31
0.0
  0
LINE
  5
7F6
330
1F
100
AcDbEntity
  8
AM_4
100
AcDbLine
 10
-42.31909222320641
 20
13.81100000000009
 30
0.0
 11
-42.31909222320641
 21
13.49200000000009
 31
0.0
  0
LINE
  5
7F7
330
1F
100
AcDbEntity
  8
AM_0
100
AcDbLine
 10
-36.815
 20
13.44100000000009
 30
0.0
 11
-36.815
 21
13.49200000000009
 31
0.0
  0
LINE
  5
7F8
330
1F
100
AcDbEntity
  8
AM_4
100
AcDbLine
 10
-42.31909222320641
 20
13.44100000000009
 30
0.0
 11
-42.31909222320641
 21
13.12200000000009
 31
0.0
  0
LINE
  5
7F9
330
1F
100
AcDbEntity
  8
AM_0
100
AcDbLine
 10
-36.815
 20
13.07100000000009
 30
0.0
 11
-36.815
 21
13.12200000000009
 31
0.0
  0
LINE
  5
7FA
330
1F
100
AcDbEntity
  8
AM_4
100
AcDbLine
 10
-42.31909222320641
 20
13.07100000000009
 30
0.0
 11
-42.31909222320641
 21
12.75200000000009
 31
0.0
  0
LINE
  5
7FB
330
1F
100
AcDbEntity
  8
AM_0
100
AcDbLine
 10
-36.815
 20
12.70100000000009
 30
0.0
 11
-36.815
 21
12.75200000000009
 31
0.0
  0
LINE
  5
7FC
330
1F
100
AcDbEntity
  8
AM_4
100
AcDbLine
 10
-42.31909222320641
 20
12.70100000000009
 30
0.0
 11
-42.31909222320641
 21
12.38200000000009
 31
0.0
  0
LINE
  5
7FD
330
1F
100
AcDbEntity
  8
AM_0
100
AcDbLine
 10
-36.815
 20
12.33100000000009
 30
0.0
 11
-36.815
 21
12.38200000000009
 31
0.0
  0
LINE
  5
7FE
330
1F
100
AcDbEntity
  8
AM_4
100
AcDbLine
 10
-42.31909222320641
 20
12.33100000000009
 30
0.0
 11
-42.31909222320641
 21
12.0120000000001
 31
0.0
  0
LINE
  5
7FF
330
1F
100
AcDbEntity
  8
AM_0
100
AcDbLine
 10
-36.815
 20
11.96100000000009
 30
0.0
 11
-36.815
 21
12.01200000000009
 31
0.0
  0
LINE
  5
800
330
1F
100
AcDbEntity
  8
AM_4
100
AcDbLine
 10
-42.31909222320641
 20
11.9610000000001
 30
0.0
 11
-42.31909222320641
 21
11.6420000000001
 31
0.0
  0
LINE
  5
801
330
1F
100
AcDbEntity
  8
AM_0
100
AcDbLine
 10
-36.815
 20
11.5910000000001
 30
0.0
 11
-36.815
 21
11.6420000000001
 31
0.0
  0
LINE
  5
802
330
1F
100
AcDbEntity
  8
AM_4
100
AcDbLine
 10
-42.31909222320641
 20
11.5910000000001
 30
0.0
 11
-42.31909222320641
 21
11.2720000000001
 31
0.0
  0
LINE
  5
803
330
1F
100
AcDbEntity
  8
AM_0
100
AcDbLine
 10
-36.815
 20
11.2210000000001
 30
0.0
 11
-36.815
 21
11.2720000000001
 31
0.0
  0
LINE
  5
804
330
1F
100
AcDbEntity
  8
AM_4
100
AcDbLine
 10
-42.31909222320641
 20
11.2210000000001
 30
0.0
 11
-42.31909222320641
 21
10.9020000000001
 31
0.0
  0
LINE
  5
805
330
1F
100
AcDbEntity
  8
AM_0
100
AcDbLine
 10
-36.815
 20
10.8510000000001
 30
0.0
 11
-36.815
 21
10.9020000000001
 31
0.0
  0
LINE
  5
806
330
1F
100
AcDbEntity
  8
AM_4
100
AcDbLine
 10
-42.31909222320641
 20
10.8510000000001
 30
0.0
 11
-42.31909222320641
 21
10.5320000000001
 31
0.0
  0
LINE
  5
807
330
1F
100
AcDbEntity
  8
AM_0
100
AcDbLine
 10
-36.815
 20
10.48100000000009
 30
0.0
 11
-36.815
 21
10.5320000000001
 31
0.0
  0
LINE
  5
808
330
1F
100
AcDbEntity
  8
AM_4
100
AcDbLine
 10
-42.31909222320641
 20
10.48100000000009
 30
0.0
 11
-42.31909222320641
 21
10.16200000000009
 31
0.0
  0
LINE
  5
809
330
1F
100
AcDbEntity
  8
AM_0
100
AcDbLine
 10
-36.815
 20
10.11100000000009
 30
0.0
 11
-36.815
 21
10.16200000000009
 31
0.0
  0
LINE
  5
80A
330
1F
100
AcDbEntity
  8
AM_4
100
AcDbLine
 10
-42.31909222320641
 20
10.11100000000009
 30
0.0
 11
-42.31909222320641
 21
9.792000000000096
 31
0.0
  0
LINE
  5
80B
330
1F
100
AcDbEntity
  8
AM_0
100
AcDbLine
 10
-36.815
 20
9.741000000000092
 30
0.0
 11
-36.815
 21
9.792000000000096
 31
0.0
  0
LINE
  5
80C
330
1F
100
AcDbEntity
  8
AM_4
100
AcDbLine
 10
-42.31909222320641
 20
9.741000000000092
 30
0.0
 11
-42.31909222320641
 21
9.422000000000104
 31
0.0
  0
LINE
  5
80D
330
1F
100
AcDbEntity
  8
AM_0
100
AcDbLine
 10
-36.815
 20
9.3710000000001
 30
0.0
 11
-36.815
 21
9.422000000000104
 31
0.0
  0
LINE
  5
80E
330
1F
100
AcDbEntity
  8
AM_4
100
AcDbLine
 10
-42.31909222320641
 20
9.3710000000001
 30
0.0
 11
-42.31909222320641
 21
9.052000000000103
 31
0.0
  0
LINE
  5
80F
330
1F
100
AcDbEntity
  8
AM_0
100
AcDbLine
 10
-36.815
 20
9.0010000000001
 30
0.0
 11
-36.815
 21
9.052000000000103
 31
0.0
  0
LINE
  5
810
330
1F
100
AcDbEntity
  8
AM_4
100
AcDbLine
 10
-42.31909222320641
 20
9.0010000000001
 30
0.0
 11
-42.31909222320641
 21
8.682000000000102
 31
0.0
  0
LINE
  5
811
330
1F
100
AcDbEntity
  8
AM_0
100
AcDbLine
 10
-36.815
 20
8.6310000000001
 30
0.0
 11
-36.815
 21
8.682000000000102
 31
0.0
  0
LINE
  5
812
330
1F
100
AcDbEntity
  8
AM_4
100
AcDbLine
 10
-42.31909222320641
 20
8.6310000000001
 30
0.0
 11
-42.31909222320641
 21
8.3120000000001
 31
0.0
  0
LINE
  5
813
330
1F
100
AcDbEntity
  8
AM_0
100
AcDbLine
 10
-36.815
 20
8.261000000000099
 30
0.0
 11
-36.815
 21
8.3120000000001
 31
0.0
  0
LINE
  5
814
330
1F
100
AcDbEntity
  8
AM_4
100
AcDbLine
 10
-42.31909222320641
 20
8.261000000000099
 30
0.0
 11
-42.31909222320641
 21
7.942000000000101
 31
0.0
  0
LINE
  5
815
330
1F
100
AcDbEntity
  8
AM_0
100
AcDbLine
 10
-36.815
 20
7.891000000000098
 30
0.0
 11
-36.815
 21
7.942000000000101
 31
0.0
  0
LINE
  5
816
330
1F
100
AcDbEntity
  8
AM_4
100
AcDbLine
 10
-42.31909222320641
 20
7.891000000000098
 30
0.0
 11
-42.31909222320641
 21
7.5720000000001
 31
0.0
  0
LINE
  5
817
330
1F
100
AcDbEntity
  8
AM_0
100
AcDbLine
 10
-36.815
 20
7.521000000000097
 30
0.0
 11
-36.815
 21
7.5720000000001
 31
0.0
  0
LINE
  5
818
330
1F
100
AcDbEntity
  8
AM_4
100
AcDbLine
 10
-42.31909222320641
 20
7.521000000000097
 30
0.0
 11
-42.31909222320641
 21
7.202000000000099
 31
0.0
  0
LINE
  5
819
330
1F
100
AcDbEntity
  8
AM_0
100
AcDbLine
 10
-36.815
 20
7.151000000000097
 30
0.0
 11
-36.815
 21
7.202000000000099
 31
0.0
  0
LINE
  5
81A
330
1F
100
AcDbEntity
  8
AM_4
100
AcDbLine
 10
-42.31909222320641
 20
7.151000000000097
 30
0.0
 11
-42.31909222320641
 21
6.832000000000106
 31
0.0
  0
LINE
  5
81B
330
1F
100
AcDbEntity
  8
AM_0
100
AcDbLine
 10
-36.815
 20
6.781000000000104
 30
0.0
 11
-36.815
 21
6.832000000000106
 31
0.0
  0
LINE
  5
81C
330
1F
100
AcDbEntity
  8
AM_4
100
AcDbLine
 10
-42.31909222320641
 20
6.781000000000104
 30
0.0
 11
-42.31909222320641
 21
6.462000000000106
 31
0.0
  0
LINE
  5
81D
330
1F
100
AcDbEntity
  8
AM_0
100
AcDbLine
 10
-36.815
 20
6.411000000000104
 30
0.0
 11
-36.815
 21
6.462000000000106
 31
0.0
  0
LINE
  5
81E
330
1F
100
AcDbEntity
  8
AM_4
100
AcDbLine
 10
-42.31909222320641
 20
6.411000000000104
 30
0.0
 11
-42.31909222320641
 21
5.999999999999995
 31
0.0
  0
LINE
  5
81F
330
1F
100
AcDbEntity
  8
AM_0
100
AcDbLine
 10
-11.74000000000001
 20
53.27147308806542
 30
0.0
 11
-11.74000000000001
 21
5.999999999999999
 31
0.0
  0
LINE
  5
820
330
1F
100
AcDbEntity
  8
AM_9
100
AcDbLine
 10
-11.74000000000001
 20
53.57194617613083
 30
0.0
 11
-11.74000000000001
 21
53.27147308806542
 31
0.0
  0
LINE
  5
821
330
1F
100
AcDbEntity
  8
AM_4
100
AcDbLine
 10
-42.31909222320641
 20
53.27147308806542
 30
0.0
 11
-42.31909222320641
 21
51.232
 31
0.0
  0
LINE
  5
822
330
1F
100
AcDbEntity
  8
AM_9
100
AcDbLine
 10
-42.31909222320641
 20
53.573
 30
0.0
 11
-42.31909222320641
 21
53.27147308806542
 31
0.0
  0
LINE
  5
823
330
1F
100
AcDbEntity
  8
AM_0
100
AcDbLine
 10
-36.815
 20
51.181
 30
0.0
 11
-36.815
 21
51.232
 31
0.0
  0
LINE
  5
824
330
1F
100
AcDbEntity
  8
AM_4
100
AcDbLine
 10
-42.31909222320641
 20
51.181
 30
0.0
 11
-42.31909222320641
 21
50.86199999999999
 31
0.0
  0
LINE
  5
825
330
1F
100
AcDbEntity
  8
AM_0
100
AcDbLine
 10
46.4945
 20
54.59838367176906
 30
0.0
 11
-12.04529818700061
 21
54.6
 31
0.0
  0
LINE
  5
826
330
1F
100
AcDbEntity
  8
AM_4
100
AcDbLine
 10
46.496
 20
54.52
 30
0.0
 11
-46.496
 21
54.52
 31
0.0
  0
LINE
  5
827
330
1F
100
AcDbEntity
  8
AM_4
100
AcDbLine
 10
46.496
 20
53.58708326112069
 30
0.0
 11
-46.496
 21
53.58708326112069
 31
0.0
  0
LINE
  5
828
330
1F
100
AcDbEntity
  8
AM_4
100
AcDbLine
 10
46.496
 20
53.56304163056036
 30
0.0
 11
-46.496
 21
53.56304163056036
 31
0.0
  0
LINE
  5
829
330
1F
100
AcDbEntity
  8
AM_0
100
AcDbLine
 10
-46.496
 20
54.6
 30
0.0
 11
-46.496
 21
53.27147308806542
 31
0.0
  0
LINE
  5
82A
330
1F
100
AcDbEntity
  8
AM_0
100
AcDbLine
 10
46.496
 20
53.27147308806542
 30
0.0
 11
-46.496
 21
53.27147308806542
 31
0.0
  0
LINE
  5
82B
330
1F
100
AcDbEntity
  8
AM_0
100
AcDbLine
 10
46.496
 20
54.6
 30
0.0
 11
46.496
 21
53.27147308806542
 31
0.0
  0
LINE
  5
82C
330
1F
100
AcDbEntity
  8
AM_0
100
AcDbLine
 10
46.496
 20
53.304
 30
0.0
 11
-46.496
 21
53.304
 31
0.0
  0
LINE
  5
82D
330
1F
100
AcDbEntity
  8
AM_9
100
AcDbLine
 10
13.152
 20
2.689
 30
0.0
 11
7.401999999999999
 21
2.689
 31
0.0
  0
LINE
  5
82E
330
1F
100
AcDbEntity
  8
AM_9
100
AcDbLine
 10
-7.402
 20
2.74
 30
0.0
 11
-13.152
 21
2.74
 31
0.0
  0
LINE
  5
82F
330
1F
100
AcDbEntity
  8
AM_9
100
AcDbLine
 10
-7.402
 20
2.689
 30
0.0
 11
-13.152
 21
2.689
 31
0.0
  0
LINE
  5
830
330
1F
100
AcDbEntity
  8
AM_9
100
AcDbLine
 10
13.152
 20
2.740000000000004
 30
0.0
 11
7.401999999999999
 21
2.740000000000004
 31
0.0
  0
ARC
  5
831
330
1F
100
AcDbEntity
  8
AM_9
100
AcDbCircle
 10
-42.89800000000831
 20
2.000000000000888
 30
0.0
 40
0.9999999999917655
100
AcDbArc
 50
163.9456919256441
 51
183.7694834536828
  0
ARC
  5
832
330
1F
100
AcDbEntity
  8
AM_0
100
AcDbCircle
 10
-42.898
 20
2.0
 30
0.0
 40
1.000000000000006
100
AcDbArc
 50
196.0543080742712
 51
163.9456919257287
  0
ARC
  5
833
330
1F
100
AcDbEntity
  8
AM_9
100
AcDbCircle
 10
-42.89799999999966
 20
2.000000000000073
 30
0.0
 40
1.000000000000342
100
AcDbArc
 50
185.7404000112253
 51
196.0543080742718
  0
LINE
  5
834
330
1F
100
AcDbEntity
  8
AM_9
100
AcDbLine
 10
-43.89298529093594
 20
4.003
 30
0.0
 11
-43.89298529093594
 21
2.100021351826109
 31
0.0
  0
LINE
  5
835
330
1F
100
AcDbEntity
  8
AM_9
100
AcDbLine
 10
-43.89298529093594
 20
1.899978648173897
 30
0.0
 11
-43.89298529093594
 21
0.0
 31
0.0
  0
LINE
  5
836
330
1F
100
AcDbEntity
  8
AM_0
100
AcDbLine
 10
-14.0
 20
0.62
 30
0.0
 11
-6.5
 21
0.6199999999999998
 31
0.0
  0
ARC
  5
837
330
1F
100
AcDbEntity
  8
AM_0
100
AcDbCircle
 10
-14.0
 20
0.8700000000000004
 30
0.0
 40
0.2500000000000018
100
AcDbArc
 50
180.0000000000001
 51
270.0
  0
LINE
  5
838
330
1F
100
AcDbEntity
  8
AM_0
100
AcDbLine
 10
14.0
 20
2.740000000000004
 30
0.0
 11
13.152
 21
2.740000000000004
 31
0.0
  0
LINE
  5
839
330
1F
100
AcDbEntity
  8
AM_0
100
AcDbLine
 10
7.401999999999999
 20
2.740000000000004
 30
0.0
 11
6.5
 21
2.740000000000004
 31
0.0
  0
ARC
  5
83A
330
1F
100
AcDbEntity
  8
AM_0
100
AcDbCircle
 10
6.499999999999998
 20
0.8699999999999937
 30
0.0
 40
0.2499999999999982
100
AcDbArc
 50
179.9999999999997
 51
270.0000000000004
  0
ARC
  5
83B
330
1F
100
AcDbEntity
  8
AM_0
100
AcDbCircle
 10
6.500000000000001
 20
2.490000000000002
 30
0.0
 40
0.2500000000000013
100
AcDbArc
 50
90.0000000000002
 51
179.9999999999997
  0
CIRCLE
  5
83C
330
1F
100
AcDbEntity
  8
AM_0
100
AcDbCircle
 10
-39.898
 20
2.0
 30
0.0
 40
1.0
  0
CIRCLE
  5
83D
330
1F
100
AcDbEntity
  8
AM_0
100
AcDbCircle
 10
42.898
 20
2.0
 30
0.0
 40
1.0
  0
CIRCLE
  5
83E
330
1F
100
AcDbEntity
  8
AM_0
100
AcDbCircle
 10
39.898
 20
2.0
 30
0.0
 40
1.0
  0
LINE
  5
83F
330
1F
100
AcDbEntity
  8
AM_0
100
AcDbLine
 10
-6.5
 20
2.74
 30
0.0
 11
-7.402
 21
2.74
 31
0.0
  0
ARC
  5
840
330
1F
100
AcDbEntity
  8
AM_0
100
AcDbCircle
 10
-6.499999999999999
 20
2.490000000000001
 30
0.0
 40
0.2499999999999991
100
AcDbArc
 50
359.9999999999997
 51
90.0000000000002
  0
LINE
  5
841
330
1F
100
AcDbEntity
  8
AM_0
100
AcDbLine
 10
-6.25
 20
0.8700000000000003
 30
0.0
 11
-6.25
 21
2.49
 31
0.0
  0
ARC
  5
842
330
1F
100
AcDbEntity
  8
AM_0
100
AcDbCircle
 10
-6.500000000000001
 20
0.8700000000000013
 30
0.0
 40
0.2500000000000016
100
AcDbArc
 50
270.0000000000002
 51
359.9999999999998
  0
LINE
  5
843
330
1F
100
AcDbEntity
  8
AM_0
100
AcDbLine
 10
-14.25
 20
2.49
 30
0.0
 11
-14.25
 21
0.87
 31
0.0
  0
ARC
  5
844
330
1F
100
AcDbEntity
  8
AM_0
100
AcDbCircle
 10
-13.99999999999999
 20
2.489999999999994
 30
0.0
 40
0.2500000000000053
100
AcDbArc
 50
90.0000000000012
 51
179.9999999999987
  0
LINE
  5
845
330
1F
100
AcDbEntity
  8
AM_0
100
AcDbLine
 10
-13.152
 20
2.74
 30
0.0
 11
-14.0
 21
2.739999999999999
 31
0.0
  0
ARC
  5
846
330
1F
100
AcDbEntity
  8
AM_0
100
AcDbCircle
 10
14.0
 20
2.49
 30
0.0
 40
0.2500000000000036
100
AcDbArc
 50
0.000000000000916
 51
89.99999999999919
  0
LINE
  5
847
330
1F
100
AcDbEntity
  8
AM_0
100
AcDbLine
 10
14.25
 20
0.8699999999999948
 30
0.0
 11
14.25
 21
2.490000000000004
 31
0.0
  0
ARC
  5
848
330
1F
100
AcDbEntity
  8
AM_0
100
AcDbCircle
 10
14.0
 20
0.8700000000000006
 30
0.0
 40
0.2500000000000044
100
AcDbArc
 50
270.0000000000007
 51
359.9999999999987
  0
LINE
  5
849
330
1F
100
AcDbEntity
  8
AM_0
100
AcDbLine
 10
6.5
 20
0.6199999999999949
 30
0.0
 11
14.0
 21
0.6199999999999961
 31
0.0
  0
LINE
  5
84A
330
1F
100
AcDbEntity
  8
AM_0
100
AcDbLine
 10
6.25
 20
2.490000000000004
 30
0.0
 11
6.25
 21
0.8699999999999948
 31
0.0
  0
LINE
  5
84B
330
1F
100
AcDbEntity
  8
AM_9
100
AcDbLine
 10
-46.83000000000001
 20
4.492000000000018
 30
0.0
 11
-44.681
 21
4.492000000000018
 31
0.0
  0
LINE
  5
84C
330
1F
100
AcDbEntity
  8
AM_9
100
AcDbLine
 10
-43.859
 20
4.003000000000017
 30
0.0
 11
-43.246
 21
4.003000000000017
 31
0.0
  0
LINE
  5
84D
330
1F
100
AcDbEntity
  8
AM_9
100
AcDbLine
 10
-46.864
 20
53.25
 30
0.0
 11
-46.864
 21
4.492000000000018
 31
0.0
  0
LINE
  5
84E
330
1F
100
AcDbEntity
  8
AM_9
100
AcDbLine
 10
-43.859
 20
4.492000000000018
 30
0.0
 11
-43.246
 21
4.492000000000018
 31
0.0
  0
LINE
  5
84F
330
1F
100
AcDbEntity
  8
AM_9
100
AcDbLine
 10
-43.893
 20
53.25
 30
0.0
 11
-43.893
 21
4.492000000000018
 31
0.0
  0
LINE
  5
850
330
1F
100
AcDbEntity
  8
AM_9
100
AcDbLine
 10
-44.64700000000001
 20
53.25
 30
0.0
 11
-44.64700000000001
 21
4.492000000000018
 31
0.0
  0
LINE
  5
851
330
1F
100
AcDbEntity
  8
AM_0
100
AcDbLine
 10
-7.402
 20
3.392999999999999
 30
0.0
 11
-7.402
 21
2.643000000000002
 31
0.0
  0
LINE
  5
852
330
1F
100
AcDbEntity
  8
AM_0
100
AcDbLine
 10
-7.402
 20
3.392999999999999
 30
0.0
 11
-13.152
 21
3.392999999999999
 31
0.0
  0
LINE
  5
853
330
1F
100
AcDbEntity
  8
AM_0
100
AcDbLine
 10
-13.152
 20
3.392999999999999
 30
0.0
 11
-13.152
 21
2.643000000000002
 31
0.0
  0
LINE
  5
854
330
1F
100
AcDbEntity
  8
AM_0
100
AcDbLine
 10
7.401999999999999
 20
3.392999999999999
 30
0.0
 11
7.401999999999999
 21
2.643000000000002
 31
0.0
  0
LINE
  5
855
330
1F
100
AcDbEntity
  8
AM_0
100
AcDbLine
 10
13.152
 20
3.392999999999999
 30
0.0
 11
13.152
 21
2.643000000000002
 31
0.0
  0
LINE
  5
856
330
1F
100
AcDbEntity
  8
AM_0
100
AcDbLine
 10
13.152
 20
3.392999999999999
 30
0.0
 11
7.401999999999999
 21
3.392999999999999
 31
0.0
  0
LINE
  5
857
330
1F
100
AcDbEntity
  8
AM_0
100
AcDbLine
 10
-7.402
 20
2.643000000000002
 30
0.0
 11
-13.152
 21
2.643000000000002
 31
0.0
  0
LINE
  5
858
330
1F
100
AcDbEntity
  8
AM_4
100
AcDbLine
 10
-7.402
 20
2.734999999999999
 30
0.0
 11
-13.152
 21
2.734999999999999
 31
0.0
  0
LINE
  5
859
330
1F
100
AcDbEntity
  8
AM_0
100
AcDbLine
 10
13.152
 20
2.643000000000002
 30
0.0
 11
7.401999999999999
 21
2.643000000000002
 31
0.0
  0
LINE
  5
85A
330
1F
100
AcDbEntity
  8
AM_4
100
AcDbLine
 10
13.152
 20
2.734999999999999
 30
0.0
 11
7.401999999999999
 21
2.734999999999999
 31
0.0
  0
LWPOLYLINE
  5
85B
330
1F
100
AcDbEntity
  8
AM_0
100
AcDbPolyline
 90
        4
 70
     0
 43
0.0
 10
-43.85900000000002
 20
2.27654836828297
 10
-43.88768177058419
 20
2.143282912356399
 10
-43.8978838010355
 20
1.984755839583603
 10
-43.85900000000002
 20
1.72345163171703
  0
LINE
  5
85C
330
1F
100
AcDbEntity
  8
AM_0
100
AcDbLine
 10
-43.92699264666125
 20
4.003
 30
0.0
 11
-43.92699264666126
 21
0.0
 31
0.0
  0
LINE
  5
85D
330
1F
100
AcDbEntity
  8
AM_0
100
AcDbLine
 10
-43.92700000000001
 20
53.25
 30
0.0
 11
-43.92700000000001
 21
4.492000000000018
 31
0.0
  0
LINE
  5
85E
330
1F
100
AcDbEntity
  8
AM_0
100
AcDbLine
 10
-44.61300000000001
 20
53.25
 30
0.0
 11
-44.61300000000001
 21
4.492000000000018
 31
0.0
  0
LINE
  5
85F
330
1F
100
AcDbEntity
  8
AM_0
100
AcDbLine
 10
-43.246
 20
1.062505466682607
 30
0.0
 11
-43.246
 21
0.0
 31
0.0
  0
LINE
  5
860
330
1F
100
AcDbEntity
  8
AM_4
100
AcDbLine
 10
-43.85900000000002
 20
1.72345163171703
 30
0.0
 11
-43.859
 21
0.0
 31
0.0
  0
LINE
  5
861
330
1F
100
AcDbEntity
  8
AM_0
100
AcDbLine
 10
-43.246
 20
4.003000000000017
 30
0.0
 11
-43.246
 21
2.937494533317393
 31
0.0
  0
LINE
  5
862
330
1F
100
AcDbEntity
  8
AM_0
100
AcDbLine
 10
-43.246
 20
4.003000000000017
 30
0.0
 11
44.608
 21
4.003
 31
0.0
  0
LINE
  5
863
330
1F
100
AcDbEntity
  8
AM_0
100
AcDbLine
 10
44.608
 20
4.003
 30
0.0
 11
44.60799999999999
 21
0.0
 31
0.0
  0
LINE
  5
864
330
1F
100
AcDbEntity
  8
AM_0
100
AcDbLine
 10
46.898
 20
4.492
 30
0.0
 11
46.898
 21
0.0
 31
0.0
  0
LINE
  5
865
330
1F
100
AcDbEntity
  8
AM_0
100
AcDbLine
 10
-43.246
 20
4.492000000000018
 30
0.0
 11
46.898
 21
4.492
 31
0.0
  0
LINE
  5
866
330
1F
100
AcDbEntity
  8
AM_0
100
AcDbLine
 10
-43.246
 20
53.25
 30
0.0
 11
-43.246
 21
4.492000000000018
 31
0.0
  0
LINE
  5
867
330
1F
100
AcDbEntity
  8
AM_4
100
AcDbLine
 10
-43.859
 20
53.25
 30
0.0
 11
-43.859
 21
4.492000000000035
 31
0.0
  0
LINE
  5
868
330
1F
100
AcDbEntity
  8
AM_0
100
AcDbLine
 10
-44.681
 20
4.492000000000035
 30
0.0
 11
-43.859
 21
4.492000000000035
 31
0.0
  0
LINE
  5
869
330
1F
100
AcDbEntity
  8
AM_4
100
AcDbLine
 10
-44.681
 20
53.25
 30
0.0
 11
-44.681
 21
4.492000000000035
 31
0.0
  0
LINE
  5
86A
330
1F
100
AcDbEntity
  8
AM_0
100
AcDbLine
 10
-46.898
 20
4.492
 30
0.0
 11
-46.83000000000001
 21
4.492000000000035
 31
0.0
  0
LINE
  5
86B
330
1F
100
AcDbEntity
  8
AM_0
100
AcDbLine
 10
-46.898
 20
53.25
 30
0.0
 11
-46.898
 21
0.0
 31
0.0
  0
LINE
  5
86C
330
1F
100
AcDbEntity
  8
AM_0
100
AcDbLine
 10
-46.898
 20
0.0
 30
0.0
 11
46.898
 21
0.0
 31
0.0
  0
LINE
  5
86D
330
1F
100
AcDbEntity
  8
AM_0
100
AcDbLine
 10
-44.608
 20
0.0
 30
0.0
 11
-44.608
 21
4.003
 31
0.0
  0
LINE
  5
86E
330
1F
100
AcDbEntity
  8
AM_0
100
AcDbLine
 10
-44.608
 20
4.003
 30
0.0
 11
-43.859
 21
4.003000000000017
 31
0.0
  0
LINE
  5
86F
330
1F
100
AcDbEntity
  8
AM_4
100
AcDbLine
 10
-43.859
 20
4.003000000000017
 30
0.0
 11
-43.85900000000002
 21
2.27654836828297
 31
0.0
  0
LINE
  5
870
330
1F
100
AcDbEntity
  8
AM_0
100
AcDbLine
 10
-46.898
 20
53.25
 30
0.0
 11
-43.246
 21
53.25
 31
0.0
  0
LINE
  5
871
330
1F
100
AcDbEntity
  8
AM_4
100
AcDbLine
 10
-46.83000000000001
 20
53.25
 30
0.0
 11
-46.83000000000001
 21
4.492000000000035
 31
0.0
  0
LINE
  5
872
330
1F
100
AcDbEntity
  8
AM_0
100
AcDbLine
 10
31.206
 20
27.675
 30
0.0
 11
31.206
 21
28.425
 31
0.0
  0
LINE
  5
873
330
1F
100
AcDbEntity
  8
AM_0
100
AcDbLine
 10
31.206
 20
28.425
 30
0.0
 11
42.918
 21
28.425
 31
0.0
  0
LINE
  5
874
330
1F
100
AcDbEntity
  8
AM_0
100
AcDbLine
 10
42.918
 20
28.425
 30
0.0
 11
42.918
 21
27.675
 31
0.0
  0
LINE
  5
875
330
1F
100
AcDbEntity
  8
AM_0
100
AcDbLine
 10
42.918
 20
27.675
 30
0.0
 11
31.206
 21
27.675
 31
0.0
  0
LINE
  5
876
330
1F
100
AcDbEntity
  8
AM_0
100
AcDbLine
 10
-8.471999999999998
 20
27.675
 30
0.0
 11
-8.472
 21
28.425
 31
0.0
  0
LINE
  5
877
330
1F
100
AcDbEntity
  8
AM_0
100
AcDbLine
 10
26.028
 20
27.675
 30
0.0
 11
-8.471999999999998
 21
27.675
 31
0.0
  0
LINE
  5
878
330
1F
100
AcDbEntity
  8
AM_0
100
AcDbLine
 10
26.028
 20
28.425
 30
0.0
 11
26.028
 21
27.675
 31
0.0
  0
LINE
  5
879
330
1F
100
AcDbEntity
  8
AM_0
100
AcDbLine
 10
-8.472
 20
28.425
 30
0.0
 11
26.028
 21
28.425
 31
0.0
  0
LINE
  5
87C
330
1F
100
AcDbEntity
  8
AM_7
100
AcDbLine
 10
-39.898
 20
0.95
 30
0.0
 11
-39.898
 21
3.05
 31
0.0
  0
LINE
  5
87D
330
1F
100
AcDbEntity
  8
AM_7
100
AcDbLine
 10
42.898
 20
0.95
 30
0.0
 11
42.898
 21
3.05
 31
0.0
  0
LINE
  5
87E
330
1F
100
AcDbEntity
  8
AM_7
100
AcDbLine
 10
39.898
 20
0.95
 30
0.0
 11
39.898
 21
3.05
 31
0.0
  0
LINE
  5
87F
330
1F
100
AcDbEntity
  8
AM_7
100
AcDbLine
 10
45.39449999999999
 20
6.457
 30
0.0
 11
47.5945
 21
6.457
 31
0.0
  0
LINE
  5
880
330
1F
100
AcDbEntity
  8
AM_7
100
AcDbLine
 10
-51.5878
 20
2.0
 30
0.0
 11
51.5878
 21
2.0
 31
0.0
  0
LINE
  5
881
330
1F
100
AcDbEntity
  8
AM_7
100
AcDbLine
 10
27.217
 20
-6.599999999999999
 30
0.0
 11
27.217
 21
6.599999999999999
 31
0.0
  0
LINE
  5
882
330
1F
100
AcDbEntity
  8
AM_7
100
AcDbLine
 10
-30.608
 20
54.32735
 30
0.0
 11
-30.608
 21
60.32565
 31
0.0
  0
LINE
  5
883
330
1F
100
AcDbEntity
  8
AM_7
100
AcDbLine
 10
-42.89799999998793
 20
0.9499999999857651
 30
0.0
 11
-42.89799999998793
 21
3.05000000001129
 31
0.0
  0
LINE
  5
884
330
1F
100
AcDbEntity
  8
AM_7
100
AcDbLine
 10
-15.2855
 20
5.668000000000001
 30
0.0
 11
-14.8745
 21
5.668000000000001
 31
0.0
  0
LINE
  5
885
330
1F
100
AcDbEntity
  8
AM_7
100
AcDbLine
 10
-15.17
 20
5.552499999999999
 30
0.0
 11
-15.17
 21
5.783500000000003
 31
0.0
  0
LINE
  5
886
330
1F
100
AcDbEntity
  8
AM_7
100
AcDbLine
 10
-16.0855
 20
5.668000000000001
 30
0.0
 11
-15.8545
 21
5.668000000000001
 31
0.0
  0
LINE
  5
887
330
1F
100
AcDbEntity
  8
AM_7
100
AcDbLine
 10
-15.97
 20
5.552499999999999
 30
0.0
 11
-15.97
 21
5.783500000000003
 31
0.0
  0
LINE
  5
888
330
1F
100
AcDbEntity
  8
AM_7
100
AcDbLine
 10
-14.99
 20
5.552499999999999
 30
0.0
 11
-14.99
 21
5.783500000000003
 31
0.0
  0
DIMENSION
  5
88A
330
1F
100
AcDbEntity
  8
AM_5
100
AcDbDimension
280
     0
  2
*D1
 10
57.89799880981445
 20
54.6
 30
0.0
 11
57.89799880981445
 21
27.3
 31
0.0
 70
   160
  1
54.6 in
 71
     5
 42
54.6
 73
     0
 74
     0
 75
     0
 53
90.0
  3
Standard
100
AcDbAlignedDimension
 13
0.0
 23
0.0
 33
0.0
 14
0.0
 24
54.6
 34
0.0
 50
90.0
100
AcDbRotatedDimension
1001
ACAD
1000
DSTYLE
1002
{
1070
   147
1040
0.6
1070
    42
1040
0.0
1070
    44
1040
0.0
1070
    41
1040
2.0
1070
   140
1040
2.0
1002
}
  0
POINT
  5
89A
330
1F
100
AcDbEntity
  8
2d ConnectionPoints
100
AcDbPoint
 10
0.0
 20
0.0
 30
0.0
  0
POINT
  5
89B
330
1F
100
AcDbEntity
  8
2d ConnectionPoints
100
AcDbPoint
 10
0.0
 20
27.3
 30
0.0
  0
POINT
  5
89C
330
1F
100
AcDbEntity
  8
2d ConnectionPoints
100
AcDbPoint
 10
0.0
 20
27.3
 30
0.0
  0
POINT
  5
89D
330
1F
100
AcDbEntity
  8
2d ConnectionPoints
100
AcDbPoint
 10
46.497
 20
27.3
 30
0.0
  0
POINT
  5
89E
330
1F
100
AcDbEntity
  8
2d ConnectionPoints
100
AcDbPoint
 10
-46.497
 20
27.3
 30
0.0
  0
POINT
  5
89F
330
1F
100
AcDbEntity
  8
2d ConnectionPoints
100
AcDbPoint
 10
0.0
 20
54.6
 30
0.0
  0
POINT
  5
8A0
330
1F
100
AcDbEntity
  8
2d ConnectionPoints
100
AcDbPoint
 10
27.217
 20
5.226
 30
0.0
  0
POINT
  5
8A1
330
1F
100
AcDbEntity
  8
2d ConnectionPoints
100
AcDbPoint
 10
46.4945
 20
6.457
 30
0.0
  0
POINT
  5
8A2
330
1F
100
AcDbEntity
  8
2d ConnectionPoints
100
AcDbPoint
 10
0.0
 20
54.6
 30
0.0
  0
POINT
  5
8A3
330
1F
100
AcDbEntity
  8
2d ConnectionPoints
100
AcDbPoint
 10
46.5285
 20
24.75900000000001
 30
0.0
  0
POINT
  5
8A4
330
1F
100
AcDbEntity
  8
2d ConnectionPoints
100
AcDbPoint
 10
22.0605
 20
5.829
 30
0.0
  0
POINT
  5
8A5
330
1F
100
AcDbEntity
  8
2d ConnectionPoints
100
AcDbPoint
 10
46.5285
 20
31.835
 30
0.0
  0
POINT
  5
8A6
330
1F
100
AcDbEntity
  8
2d ConnectionPoints
100
AcDbPoint
 10
33.202
 20
5.829
 30
0.0
  0
ENDSEC
  0
SECTION
  2
OBJECTS
  0
DICTIONARY
  5
C
330
0
100
AcDbDictionary
281
     1
  3
ACAD_DETAILVIEWSTYLE
350
8AE
  3
ACAD_GROUP
350
D
  3
ACAD_LAYOUT
350
1A
  3
ACAD_MATERIAL
350
43
  3
ACAD_MLEADERSTYLE
350
5B
  3
ACAD_MLINESTYLE
350
17
  3
ACAD_PLOTSETTINGS
350
19
  3
ACAD_PLOTSTYLENAME
350
E
  3
ACAD_SCALELIST
350
47
  3
ACAD_SECTIONVIEWSTYLE
350
8AF
  3
ACAD_TABLESTYLE
350
59
  3
ACAD_VISUALSTYLE
350
2A
  3
ACDB_RECOMPOSE_DATA
350
8AB
  3
AcDbVariableDictionary
350
8A7
  0
SUN
  5
5D
330
29
100
AcDbSun
 90
        1
290
     0
 63
     7
421
 16777215
 40
1.0
291
     1
 91
  2455826
 92
 54000000
292
     0
 70
     2
 71
   256
280
     1
  0
DICTIONARY
  5
8AE
102
{ACAD_REACTORS
330
C
102
}
330
C
100
AcDbDictionary
281
     1
  0
DICTIONARY
  5
D
102
{ACAD_REACTORS
330
C
102
}
330
C
100
AcDbDictionary
281
     1
  0
DICTIONARY
  5
1A
102
{ACAD_REACTORS
330
C
102
}
330
C
100
AcDbDictionary
281
     1
  3
Layout1
350
1E
  3
Layout2
350
26
  3
Model
350
22
  0
DICTIONARY
  5
43
102
{ACAD_REACTORS
330
C
102
}
330
C
100
AcDbDictionary
281
     1
  3
ByBlock
350
45
  3
ByLayer
350
44
  3
Global
350
46
  0
DICTIONARY
  5
5B
102
{ACAD_REACTORS
330
C
102
}
330
C
100
AcDbDictionary
281
     1
  3
Standard
350
5C
  0
DICTIONARY
  5
17
102
{ACAD_REACTORS
330
C
102
}
330
C
100
AcDbDictionary
281
     1
  3
Standard
350
18
  0
DICTIONARY
  5
19
102
{ACAD_REACTORS
330
C
102
}
330
C
100
AcDbDictionary
281
     1
  0
ACDBDICTIONARYWDFLT
  5
E
102
{ACAD_REACTORS
330
C
102
}
330
C
100
AcDbDictionary
281
     1
  3
Normal
350
F
100
AcDbDictionaryWithDefault
340
F
  0
DICTIONARY
  5
47
102
{ACAD_REACTORS
330
C
102
}
330
C
100
AcDbDictionary
281
     1
  3
A0
350
48
  3
A1
350
49
  3
A2
350
4A
  3
A3
350
4B
  3
A4
350
4C
  3
A5
350
4D
  3
A6
350
4E
  3
A7
350
4F
  3
A8
350
50
  3
A9
350
51
  3
B1
350
52
  3
B2
350
53
  3
B3
350
54
  3
B4
350
55
  3
B5
350
56
  3
B6
350
57
  3
B7
350
58
  0
DICTIONARY
  5
8AF
102
{ACAD_REACTORS
330
C
102
}
330
C
100
AcDbDictionary
281
     1
  0
DICTIONARY
  5
59
102
{ACAD_REACTORS
330
C
102
}
330
C
100
AcDbDictionary
281
     1
  3
Standard
350
5A
  0
DICTIONARY
  5
2A
102
{ACAD_REACTORS
330
C
102
}
330
C
100
AcDbDictionary
281
     1
  3
2dWireframe
350
2F
  3
Basic
350
32
  3
Brighten
350
36
  3
ColorChange
350
3A
  3
Conceptual
350
34
  3
Dim
350
35
  3
EdgeColorOff
350
3D
  3
Facepattern
350
39
  3
Flat
350
2B
  3
FlatWithEdges
350
2C
  3
Gouraud
350
2D
  3
GouraudWithEdges
350
2E
  3
Hidden
350
31
  3
JitterOff
350
3B
  3
Linepattern
350
38
  3
OverhangOff
350
3C
  3
Realistic
350
33
  3
Shaded
350
42
  3
Shaded with edges
350
41
  3
Shades of Gray
350
3E
  3
Sketchy
350
3F
  3
Thicken
350
37
  3
Wireframe
350
30
  3
X-Ray
350
40
  0
XRECORD
  5
8AB
102
{ACAD_REACTORS
330
C
102
}
330
C
100
AcDbXrecord
280
     1
 90
        1
330
5A
  0
DICTIONARY
  5
8A7
102
{ACAD_REACTORS
330
C
102
}
330
C
100
AcDbDictionary
281
     1
  3
CANNOSCALE
350
8A8
  3
CMLEADERSTYLE
350
8AD
  3
CTABLESTYLE
350
8AC
  0
LAYOUT
  5
1E
102
{ACAD_REACTORS
330
1A
102
}
330
1A
100
AcDbPlotSettings
  1

  2
none_device
  4

  6

 40
0.0
 41
0.0
 42
0.0
 43
0.0
 44
0.0
 45
0.0
 46
0.0
 47
0.0
 48
0.0
 49
0.0
140
0.0
141
0.0
142
1.0
143
1.0
 70
   688
 72
     0
 73
     0
 74
     5
  7

 75
    16
 76
     0
 77
     2
 78
   300
147
1.0
148
0.0
149
0.0
100
AcDbLayout
  1
Layout1
 70
     1
 71
     1
 10
0.0
 20
0.0
 11
12.0
 21
9.0
 12
0.0
 22
0.0
 32
0.0
 14
1.000000000000000E+20
 24
1.000000000000000E+20
 34
1.000000000000000E+20
 15
-1.000000000000000E+20
 25
-1.000000000000000E+20
 35
-1.000000000000000E+20
146
0.0
 13
0.0
 23
0.0
 33
0.0
 16
1.0
 26
0.0
 36
0.0
 17
0.0
 27
1.0
 37
0.0
 76
     0
330
1B
  0
LAYOUT
  5
26
102
{ACAD_REACTORS
330
1A
102
}
330
1A
100
AcDbPlotSettings
  1

  2
none_device
  4

  6

 40
0.0
 41
0.0
 42
0.0
 43
0.0
 44
0.0
 45
0.0
 46
0.0
 47
0.0
 48
0.0
 49
0.0
140
0.0
141
0.0
142
1.0
143
1.0
 70
   688
 72
     0
 73
     0
 74
     5
  7

 75
    16
 76
     0
 77
     2
 78
   300
147
1.0
148
0.0
149
0.0
100
AcDbLayout
  1
Layout2
 70
     1
 71
     2
 10
0.0
 20
0.0
 11
0.0
 21
0.0
 12
0.0
 22
0.0
 32
0.0
 14
0.0
 24
0.0
 34
0.0
 15
0.0
 25
0.0
 35
0.0
146
0.0
 13
0.0
 23
0.0
 33
0.0
 16
1.0
 26
0.0
 36
0.0
 17
0.0
 27
1.0
 37
0.0
 76
     0
330
23
  0
LAYOUT
  5
22
102
{ACAD_REACTORS
330
1A
102
}
330
1A
100
AcDbPlotSettings
  1

  2
none_device
  4
Letter_(8.50_x_11.00_Inches)
  6

 40
6.35
 41
6.35
 42
6.35000508
 43
6.35000508
 44
215.9
 45
279.4
 46
0.0
 47
0.0
 48
0.0
 49
0.0
140
0.0
141
0.0
142
1.0
143
1.0
 70
  1712
 72
     0
 73
     0
 74
     0
  7

 75
     0
 76
     0
 77
     2
 78
   300
147
1.0
148
0.0
149
0.0
100
AcDbLayout
  1
Model
 70
     1
 71
     0
 10
0.0
 20
0.0
 11
12.0
 21
9.0
 12
0.0
 22
0.0
 32
0.0
 14
-51.5878
 24
-6.599999999999999
 34
0.0
 15
60.84305423728814
 25
60.83107372881356
 35
0.0
146
0.0
 13
0.0
 23
0.0
 33
0.0
 16
1.0
 26
0.0
 36
0.0
 17
0.0
 27
1.0
 37
0.0
 76
     0
330
1F
331
29
  0
MATERIAL
  5
45
102
{ACAD_REACTORS
330
43
102
}
330
43
100
AcDbMaterial
  1
ByBlock
 72
     1
 94
      127
  0
MATERIAL
  5
44
102
{ACAD_REACTORS
330
43
102
}
330
43
100
AcDbMaterial
  1
ByLayer
 72
     1
 94
      127
  0
MATERIAL
  5
46
102
{ACAD_REACTORS
330
43
102
}
330
43
100
AcDbMaterial
  1
Global
 72
     1
 94
      127
  0
MLEADERSTYLE
  5
5C
102
{ACAD_REACTORS
330
5B
102
}
330
5B
100
AcDbMLeaderStyle
179
     2
170
     2
171
     1
172
     0
 90
        2
 40
0.0
 41
0.0
173
     1
 91
-1056964608
340
14
 92
       -2
290
     1
 42
0.09
291
     1
 43
0.36
  3
Standard
341
0
 44
0.18
300

342
11
174
     1
178
     6
175
     1
176
     0
 93
-1056964608
 45
0.18
292
     0
297
     0
 46
0.18
343
0
 94
-1056964608
 47
1.0
 49
1.0
140
1.0
293
     1
141
0.0
294
     1
177
     0
142
1.0
295
     0
296
     0
143
0.125
271
     0
272
     9
273
     9
298
     0
  0
MLINESTYLE
  5
18
102
{ACAD_REACTORS
330
17
102
}
330
17
100
AcDbMlineStyle
  2
Standard
 70
     0
  3

 62
   256
 51
90.0
 52
90.0
 71
     2
 49
0.5
 62
   256
  6
BYLAYER
 49
-0.5
 62
   256
  6
BYLAYER
  0
ACDBPLACEHOLDER
  5
F
102
{ACAD_REACTORS
330
E
102
}
330
E
  0
SCALE
  5
48
102
{ACAD_REACTORS
330
47
102
}
330
47
100
AcDbScale
 70
     0
300
1:1
140
1.0
141
1.0
290
     1
  0
SCALE
  5
49
102
{ACAD_REACTORS
330
47
102
}
330
47
100
AcDbScale
 70
     0
300
1/128" = 1'-0"
140
0.0078125
141
12.0
290
     0
  0
SCALE
  5
4A
102
{ACAD_REACTORS
330
47
102
}
330
47
100
AcDbScale
 70
     0
300
1/64" = 1'-0"
140
0.015625
141
12.0
290
     0
  0
SCALE
  5
4B
102
{ACAD_REACTORS
330
47
102
}
330
47
100
AcDbScale
 70
     0
300
1/32" = 1'-0"
140
0.03125
141
12.0
290
     0
  0
SCALE
  5
4C
102
{ACAD_REACTORS
330
47
102
}
330
47
100
AcDbScale
 70
     0
300
1/16" = 1'-0"
140
0.0625
141
12.0
290
     0
  0
SCALE
  5
4D
102
{ACAD_REACTORS
330
47
102
}
330
47
100
AcDbScale
 70
     0
300
3/32" = 1'-0"
140
0.09375
141
12.0
290
     0
  0
SCALE
  5
4E
102
{ACAD_REACTORS
330
47
102
}
330
47
100
AcDbScale
 70
     0
300
1/8" = 1'-0"
140
0.125
141
12.0
290
     0
  0
SCALE
  5
4F
102
{ACAD_REACTORS
330
47
102
}
330
47
100
AcDbScale
 70
     0
300
3/16" = 1'-0"
140
0.1875
141
12.0
290
     0
  0
SCALE
  5
50
102
{ACAD_REACTORS
330
47
102
}
330
47
100
AcDbScale
 70
     0
300
1/4" = 1'-0"
140
0.25
141
12.0
290
     0
  0
SCALE
  5
51
102
{ACAD_REACTORS
330
47
102
}
330
47
100
AcDbScale
 70
     0
300
3/8" = 1'-0"
140
0.375
141
12.0
290
     0
  0
SCALE
  5
52
102
{ACAD_REACTORS
330
47
102
}
330
47
100
AcDbScale
 70
     0
300
1/2" = 1'-0"
140
0.5
141
12.0
290
     0
  0
SCALE
  5
53
102
{ACAD_REACTORS
330
47
102
}
330
47
100
AcDbScale
 70
     0
300
3/4" = 1'-0"
140
0.75
141
12.0
290
     0
  0
SCALE
  5
54
102
{ACAD_REACTORS
330
47
102
}
330
47
100
AcDbScale
 70
     0
300
1" = 1'-0"
140
1.0
141
12.0
290
     0
  0
SCALE
  5
55
102
{ACAD_REACTORS
330
47
102
}
330
47
100
AcDbScale
 70
     0
300
1-1/2" = 1'-0"
140
1.5
141
12.0
290
     0
  0
SCALE
  5
56
102
{ACAD_REACTORS
330
47
102
}
330
47
100
AcDbScale
 70
     0
300
3" = 1'-0"
140
3.0
141
12.0
290
     0
  0
SCALE
  5
57
102
{ACAD_REACTORS
330
47
102
}
330
47
100
AcDbScale
 70
     0
300
6" = 1'-0"
140
6.0
141
12.0
290
     0
  0
SCALE
  5
58
102
{ACAD_REACTORS
330
47
102
}
330
47
100
AcDbScale
 70
     0
300
1'-0" = 1'-0"
140
12.0
141
12.0
290
     0
  0
TABLESTYLE
  5
5A
102
{ACAD_REACTORS
330
59
102
}
102
{ACAD_XDICTIONARY
360
8A9
102
}
330
59
100
AcDbTableStyle
  3
Standard
 70
     0
 71
     0
 40
0.06
 41
0.06
280
     0
281
     0
  7
Standard
140
0.18
170
     2
 62
     0
 63
   257
283
     0
 90
        4
 91
        0
  1

274
    -2
284
     1
 64
     0
275
    -2
285
     1
 65
     0
276
    -2
286
     1
 66
     0
277
    -2
287
     1
 67
     0
278
    -2
288
     1
 68
     0
279
    -2
289
     1
 69
     0
  7
Standard
140
0.25
170
     5
 62
     0
 63
   257
283
     0
 90
        4
 91
        0
  1

274
    -2
284
     1
 64
     0
275
    -2
285
     1
 65
     0
276
    -2
286
     1
 66
     0
277
    -2
287
     1
 67
     0
278
    -2
288
     1
 68
     0
279
    -2
289
     1
 69
     0
  7
Standard
140
0.18
170
     5
 62
     0
 63
   257
283
     0
 90
        4
 91
        0
  1

274
    -2
284
     1
 64
     0
275
    -2
285
     1
 65
     0
276
    -2
286
     1
 66
     0
277
    -2
287
     1
 67
     0
278
    -2
288
     1
 68
     0
279
    -2
289
     1
 69
     0
  0
VISUALSTYLE
  5
2F
102
{ACAD_REACTORS
330
2A
102
}
330
2A
100
AcDbVisualStyle
  2
2dWireframe
 70
     4
177
     3
291
     0
 70
    58
 90
        0
176
     1
 90
        2
176
     1
 90
        0
176
     1
 90
        0
176
     1
 40
0.6
176
     1
 40
30.0
176
     1
 62
     7
420
 16777215
176
     1
 90
        1
176
     1
 90
        4
176
     1
 62
     7
176
     1
 62
   257
176
     1
 90
        1
176
     1
 90
        1
176
     1
 40
1.0
176
     1
 90
        0
176
     1
 62
   257
176
     1
 40
1.0
176
     1
 90
        1
176
     1
 90
        6
176
     1
 90
        2
176
     1
 62
     7
176
     1
 90
        5
176
     1
 90
        0
176
     1
 90
        0
176
     1
290
     0
176
     1
 90
        1
176
     1
 40
0.0
176
     1
 90
        0
176
     1
290
     1
176
     1
290
     1
176
     1
290
     0
176
     1
290
     0
176
     1
290
     0
176
     1
290
     0
176
     1
290
     0
176
     1
290
     0
176
     1
290
     0
176
     1
 90
       50
176
     1
 40
0.0
176
     1
 40
1.0
176
     1
 90
        0
176
     1
 62
    18
420
        0
176
     1
 90
       50
176
     1
 90
        3
176
     1
 62
     5
420
      255
176
     1
290
     0
176
     1
 90
       50
176
     1
 90
       50
176
     1
 90
       50
176
     1
290
     0
176
     1
 90
       50
176
     1
 62
   256
176
     0
 40
1.0
176
     0
 90
        2
176
     1
  1
strokes_ogs.tif
176
     1
290
     0
176
     1
 40
1.0
176
     1
 40
1.0
176
     1
  0
VISUALSTYLE
  5
32
102
{ACAD_REACTORS
330
2A
102
}
330
2A
100
AcDbVisualStyle
  2
Basic
 70
     7
177
     3
291
     1
 70
    58
 90
        1
176
     1
 90
        0
176
     1
 90
        1
176
     1
 90
        0
176
     1
 40
0.6
176
     1
 40
30.0
176
     1
 62
     7
420
 16777215
176
     1
 90
        0
176
     1
 90
        4
176
     1
 62
     7
176
     1
 62
   257
176
     1
 90
        1
176
     1
 90
        1
176
     1
 40
1.0
176
     1
 90
        8
176
     1
 62
     7
176
     1
 40
1.0
176
     1
 90
        1
176
     1
 90
        6
176
     1
 90
        2
176
     1
 62
     7
176
     1
 90
        5
176
     1
 90
        0
176
     1
 90
        0
176
     1
290
     0
176
     1
 90
        1
176
     1
 40
0.0
176
     1
 90
        0
176
     1
290
     0
176
     1
290
     1
176
     1
290
     1
176
     1
290
     0
176
     1
290
     0
176
     1
290
     0
176
     1
290
     0
176
     1
290
     0
176
     1
290
     0
176
     1
 90
       50
176
     1
 40
0.0
176
     1
 40
1.0
176
     1
 90
        0
176
     1
 62
    18
420
        0
176
     1
 90
       50
176
     1
 90
        3
176
     1
 62
     5
420
      255
176
     1
290
     0
176
     1
 90
       50
176
     1
 90
       50
176
     1
 90
       50
176
     1
290
     0
176
     1
 90
       50
176
     1
 62
   256
176
     0
 40
1.0
176
     0
 90
        2
176
     1
  1
strokes_ogs.tif
176
     1
290
     0
176
     1
 40
1.0
176
     1
 40
1.0
176
     1
  0
VISUALSTYLE
  5
36
102
{ACAD_REACTORS
330
2A
102
}
330
2A
100
AcDbVisualStyle
  2
Brighten
 70
    12
177
     3
291
     1
 70
    58
 90
        2
176
     1
 90
        2
176
     1
 90
        0
176
     1
 90
        0
176
     1
 40
0.6
176
     1
 40
30.0
176
     1
 62
     7
420
 16777215
176
     1
 90
        1
176
     1
 90
        4
176
     1
 62
     7
176
     1
 62
   257
176
     1
 90
        1
176
     1
 90
        1
176
     1
 40
1.0
176
     1
 90
        8
176
     1
 62
     7
176
     1
 40
1.0
176
     1
 90
        1
176
     1
 90
        6
176
     1
 90
        2
176
     1
 62
     7
176
     1
 90
        5
176
     1
 90
        0
176
     1
 90
        0
176
     1
290
     0
176
     1
 90
        1
176
     1
 40
50.0
176
     1
 90
        0
176
     1
290
     0
176
     1
290
     1
176
     1
290
     1
176
     1
290
     0
176
     1
290
     0
176
     1
290
     0
176
     1
290
     0
176
     1
290
     0
176
     1
290
     0
176
     1
 90
       50
176
     1
 40
0.0
176
     1
 40
1.0
176
     1
 90
        0
176
     1
 62
    18
420
        0
176
     1
 90
       50
176
     1
 90
        3
176
     1
 62
     5
420
      255
176
     1
290
     0
176
     1
 90
       50
176
     1
 90
       50
176
     1
 90
       50
176
     1
290
     0
176
     1
 90
       50
176
     1
 62
   256
176
     0
 40
1.0
176
     0
 90
        2
176
     1
  1
strokes_ogs.tif
176
     1
290
     0
176
     1
 40
1.0
176
     1
 40
1.0
176
     1
  0
VISUALSTYLE
  5
3A
102
{ACAD_REACTORS
330
2A
102
}
330
2A
100
AcDbVisualStyle
  2
ColorChange
 70
    16
177
     3
291
     1
 70
    58
 90
        2
176
     1
 90
        2
176
     1
 90
        3
176
     1
 90
        0
176
     1
 40
0.6
176
     1
 40
30.0
176
     1
 62
     8
420
  8421504
176
     1
 90
        1
176
     1
 90
        4
176
     1
 62
     7
176
     1
 62
   257
176
     1
 90
        1
176
     1
 90
        1
176
     1
 40
1.0
176
     1
 90
        8
176
     1
 62
     8
420
  8421504
176
     1
 40
1.0
176
     1
 90
        1
176
     1
 90
        6
176
     1
 90
        2
176
     1
 62
     7
176
     1
 90
        5
176
     1
 90
        0
176
     1
 90
        0
176
     1
290
     0
176
     1
 90
        1
176
     1
 40
0.0
176
     1
 90
        0
176
     1
290
     0
176
     1
290
     1
176
     1
290
     1
176
     1
290
     0
176
     1
290
     0
176
     1
290
     0
176
     1
290
     0
176
     1
290
     0
176
     1
290
     0
176
     1
 90
       50
176
     1
 40
0.0
176
     1
 40
1.0
176
     1
 90
        0
176
     1
 62
    18
420
        0
176
     1
 90
       50
176
     1
 90
        3
176
     1
 62
     5
420
      255
176
     1
290
     0
176
     1
 90
       50
176
     1
 90
       50
176
     1
 90
       50
176
     1
290
     0
176
     1
 90
       50
176
     1
 62
   256
176
     0
 40
1.0
176
     0
 90
        2
176
     1
  1
strokes_ogs.tif
176
     1
290
     0
176
     1
 40
1.0
176
     1
 40
1.0
176
     1
  0
VISUALSTYLE
  5
34
102
{ACAD_REACTORS
330
2A
102
}
330
2A
100
AcDbVisualStyle
  2
Conceptual
 70
     9
177
     3
291
     0
 70
    58
 90
        3
176
     1
 90
        2
176
     1
 90
        0
176
     1
 90
        0
176
     1
 40
0.6
176
     1
 40
30.0
176
     1
 62
     7
420
 16777215
176
     1
 90
        2
176
     1
 90
        2
176
     1
 62
     7
176
     1
 62
   257
176
     1
 90
        1
176
     1
 90
        1
176
     1
 40
179.0
176
     1
 90
        8
176
     1
 62
     7
176
     1
 40
1.0
176
     1
 90
        1
176
     1
 90
        6
176
     1
 90
        2
176
     1
 62
     7
176
     1
 90
        3
176
     1
 90
        0
176
     1
 90
        0
176
     1
290
     0
176
     1
 90
        1
176
     1
 40
0.0
176
     1
 90
        0
176
     1
290
     0
176
     1
290
     1
176
     1
290
     1
176
     1
290
     0
176
     1
290
     0
176
     1
290
     0
176
     1
290
     0
176
     1
290
     0
176
     1
290
     0
176
     1
 90
       50
176
     1
 40
0.0
176
     1
 40
1.0
176
     1
 90
        0
176
     1
 62
    18
420
        0
176
     1
 90
       50
176
     1
 90
        3
176
     1
 62
     5
420
      255
176
     1
290
     0
176
     1
 90
       50
176
     1
 90
       50
176
     1
 90
       50
176
     1
290
     0
176
     1
 90
       50
176
     1
 62
   256
176
     0
 40
1.0
176
     0
 90
        2
176
     1
  1
strokes_ogs.tif
176
     1
290
     0
176
     1
 40
1.0
176
     1
 40
1.0
176
     1
  0
VISUALSTYLE
  5
35
102
{ACAD_REACTORS
330
2A
102
}
330
2A
100
AcDbVisualStyle
  2
Dim
 70
    11
177
     3
291
     1
 70
    58
 90
        2
176
     1
 90
        2
176
     1
 90
        0
176
     1
 90
        0
176
     1
 40
0.6
176
     1
 40
30.0
176
     1
 62
     7
420
 16777215
176
     1
 90
        1
176
     1
 90
        4
176
     1
 62
     7
176
     1
 62
   257
176
     1
 90
        1
176
     1
 90
        1
176
     1
 40
1.0
176
     1
 90
        8
176
     1
 62
     7
176
     1
 40
1.0
176
     1
 90
        1
176
     1
 90
        6
176
     1
 90
        2
176
     1
 62
     7
176
     1
 90
        5
176
     1
 90
        0
176
     1
 90
        0
176
     1
290
     0
176
     1
 90
        1
176
     1
 40
-50.0
176
     1
 90
        0
176
     1
290
     0
176
     1
290
     1
176
     1
290
     1
176
     1
290
     0
176
     1
290
     0
176
     1
290
     0
176
     1
290
     0
176
     1
290
     0
176
     1
290
     0
176
     1
 90
       50
176
     1
 40
0.0
176
     1
 40
1.0
176
     1
 90
        0
176
     1
 62
    18
420
        0
176
     1
 90
       50
176
     1
 90
        3
176
     1
 62
     5
420
      255
176
     1
290
     0
176
     1
 90
       50
176
     1
 90
       50
176
     1
 90
       50
176
     1
290
     0
176
     1
 90
       50
176
     1
 62
   256
176
     0
 40
1.0
176
     0
 90
        2
176
     1
  1
strokes_ogs.tif
176
     1
290
     0
176
     1
 40
1.0
176
     1
 40
1.0
176
     1
  0
VISUALSTYLE
  5
3D
102
{ACAD_REACTORS
330
2A
102
}
330
2A
100
AcDbVisualStyle
  2
EdgeColorOff
 70
    22
177
     3
291
     1
 70
    58
 90
        2
176
     0
 90
        2
176
     0
 90
        0
176
     0
 90
        0
176
     0
 40
0.6
176
     0
 40
30.0
176
     0
 62
     7
420
 16777215
176
     0
 90
        1
176
     0
 90
        4
176
     0
 62
     7
176
     0
 62
   257
176
     0
 90
        1
176
     0
 90
        1
176
     0
 40
1.0
176
     0
 90
        8
176
     2
 62
     7
176
     0
 40
1.0
176
     0
 90
        1
176
     0
 90
        6
176
     0
 90
        2
176
     0
 62
     7
176
     0
 90
        5
176
     0
 90
        0
176
     0
 90
        0
176
     0
290
     0
176
     0
 90
        1
176
     0
 40
0.0
176
     0
 90
        0
176
     0
290
     0
176
     0
290
     1
176
     0
290
     1
176
     0
290
     0
176
     0
290
     0
176
     0
290
     0
176
     0
290
     0
176
     0
290
     0
176
     0
290
     0
176
     0
 90
       50
176
     0
 40
0.0
176
     0
 40
1.0
176
     0
 90
        0
176
     0
 62
    18
420
        0
176
     0
 90
       50
176
     0
 90
        3
176
     0
 62
     5
420
      255
176
     0
290
     0
176
     0
 90
       50
176
     0
 90
       50
176
     0
 90
       50
176
     0
290
     0
176
     0
 90
       50
176
     0
 62
   256
176
     0
 40
1.0
176
     0
 90
        2
176
     0
  1
strokes_ogs.tif
176
     0
290
     0
176
     0
 40
1.0
176
     0
 40
1.0
176
     0
  0
VISUALSTYLE
  5
39
102
{ACAD_REACTORS
330
2A
102
}
330
2A
100
AcDbVisualStyle
  2
Facepattern
 70
    15
177
     3
291
     1
 70
    58
 90
        2
176
     1
 90
        2
176
     1
 90
        0
176
     1
 90
        0
176
     1
 40
0.6
176
     1
 40
30.0
176
     1
 62
     7
420
 16777215
176
     1
 90
        1
176
     1
 90
        4
176
     1
 62
     7
176
     1
 62
   257
176
     1
 90
        1
176
     1
 90
        1
176
     1
 40
1.0
176
     1
 90
        8
176
     1
 62
     7
176
     1
 40
1.0
176
     1
 90
        1
176
     1
 90
        6
176
     1
 90
        2
176
     1
 62
     7
176
     1
 90
        5
176
     1
 90
        0
176
     1
 90
        0
176
     1
290
     0
176
     1
 90
        1
176
     1
 40
0.0
176
     1
 90
        0
176
     1
290
     0
176
     1
290
     1
176
     1
290
     1
176
     1
290
     0
176
     1
290
     0
176
     1
290
     0
176
     1
290
     0
176
     1
290
     0
176
     1
290
     0
176
     1
 90
       50
176
     1
 40
0.0
176
     1
 40
1.0
176
     1
 90
        0
176
     1
 62
    18
420
        0
176
     1
 90
       50
176
     1
 90
        3
176
     1
 62
     5
420
      255
176
     1
290
     0
176
     1
 90
       50
176
     1
 90
       50
176
     1
 90
       50
176
     1
290
     0
176
     1
 90
       50
176
     1
 62
   256
176
     0
 40
1.0
176
     0
 90
        2
176
     1
  1
strokes_ogs.tif
176
     1
290
     0
176
     1
 40
1.0
176
     1
 40
1.0
176
     1
  0
VISUALSTYLE
  5
2B
102
{ACAD_REACTORS
330
2A
102
}
330
2A
100
AcDbVisualStyle
  2
Flat
 70
     0
177
     3
291
     1
 70
    58
 90
        2
176
     1
 90
        1
176
     1
 90
        1
176
     1
 90
        2
176
     1
 40
0.6
176
     1
 40
30.0
176
     1
 62
     7
420
 16777215
176
     1
 90
        0
176
     1
 90
        0
176
     1
 62
     7
176
     1
 62
   257
176
     1
 90
        1
176
     1
 90
        1
176
     1
 40
1.0
176
     1
 90
        8
176
     1
 62
     7
176
     1
 40
1.0
176
     1
 90
        1
176
     1
 90
        6
176
     1
 90
        2
176
     1
 62
     7
176
     1
 90
        5
176
     1
 90
        0
176
     1
 90
        0
176
     1
290
     0
176
     1
 90
       13
176
     1
 40
0.0
176
     1
 90
        0
176
     1
290
     0
176
     1
290
     1
176
     1
290
     1
176
     1
290
     0
176
     1
290
     0
176
     1
290
     0
176
     1
290
     0
176
     1
290
     0
176
     1
290
     0
176
     1
 90
       50
176
     1
 40
0.0
176
     1
 40
1.0
176
     1
 90
        0
176
     1
 62
    18
420
        0
176
     1
 90
       50
176
     1
 90
        3
176
     1
 62
     5
420
      255
176
     1
290
     0
176
     1
 90
       50
176
     1
 90
       50
176
     1
 90
       50
176
     1
290
     0
176
     1
 90
       50
176
     1
 62
   256
176
     0
 40
1.0
176
     0
 90
        2
176
     1
  1
strokes_ogs.tif
176
     1
290
     0
176
     1
 40
1.0
176
     1
 40
1.0
176
     1
  0
VISUALSTYLE
  5
2C
102
{ACAD_REACTORS
330
2A
102
}
330
2A
100
AcDbVisualStyle
  2
FlatWithEdges
 70
     1
177
     3
291
     1
 70
    58
 90
        2
176
     1
 90
        1
176
     1
 90
        1
176
     1
 90
        2
176
     1
 40
0.6
176
     1
 40
30.0
176
     1
 62
     7
420
 16777215
176
     1
 90
        1
176
     1
 90
        0
176
     1
 62
     7
176
     1
 62
   257
176
     1
 90
        1
176
     1
 90
        1
176
     1
 40
1.0
176
     1
 90
        0
176
     1
 62
   257
176
     1
 40
1.0
176
     1
 90
        1
176
     1
 90
        6
176
     1
 90
        2
176
     1
 62
     7
176
     1
 90
        5
176
     1
 90
        0
176
     1
 90
        0
176
     1
290
     0
176
     1
 90
       13
176
     1
 40
0.0
176
     1
 90
        0
176
     1
290
     0
176
     1
290
     1
176
     1
290
     1
176
     1
290
     0
176
     1
290
     0
176
     1
290
     0
176
     1
290
     0
176
     1
290
     0
176
     1
290
     0
176
     1
 90
       50
176
     1
 40
0.0
176
     1
 40
1.0
176
     1
 90
        0
176
     1
 62
    18
420
        0
176
     1
 90
       50
176
     1
 90
        3
176
     1
 62
     5
420
      255
176
     1
290
     0
176
     1
 90
       50
176
     1
 90
       50
176
     1
 90
       50
176
     1
290
     0
176
     1
 90
       50
176
     1
 62
   256
176
     0
 40
1.0
176
     0
 90
        2
176
     1
  1
strokes_ogs.tif
176
     1
290
     0
176
     1
 40
1.0
176
     1
 40
1.0
176
     1
  0
VISUALSTYLE
  5
2D
102
{ACAD_REACTORS
330
2A
102
}
330
2A
100
AcDbVisualStyle
  2
Gouraud
 70
     2
177
     3
291
     1
 70
    58
 90
        2
176
     1
 90
        2
176
     1
 90
        1
176
     1
 90
        2
176
     1
 40
0.6
176
     1
 40
30.0
176
     1
 62
     7
420
 16777215
176
     1
 90
        0
176
     1
 90
        0
176
     1
 62
     7
176
     1
 62
   257
176
     1
 90
        1
176
     1
 90
        1
176
     1
 40
1.0
176
     1
 90
        0
176
     1
 62
     7
176
     1
 40
1.0
176
     1
 90
        1
176
     1
 90
        6
176
     1
 90
        2
176
     1
 62
     7
176
     1
 90
        5
176
     1
 90
        0
176
     1
 90
        0
176
     1
290
     0
176
     1
 90
       13
176
     1
 40
0.0
176
     1
 90
        0
176
     1
290
     0
176
     1
290
     1
176
     1
290
     1
176
     1
290
     0
176
     1
290
     0
176
     1
290
     0
176
     1
290
     0
176
     1
290
     0
176
     1
290
     0
176
     1
 90
       50
176
     1
 40
0.0
176
     1
 40
1.0
176
     1
 90
        0
176
     1
 62
    18
420
        0
176
     1
 90
       50
176
     1
 90
        3
176
     1
 62
     5
420
      255
176
     1
290
     0
176
     1
 90
       50
176
     1
 90
       50
176
     1
 90
       50
176
     1
290
     0
176
     1
 90
       50
176
     1
 62
   256
176
     0
 40
1.0
176
     0
 90
        2
176
     1
  1
strokes_ogs.tif
176
     1
290
     0
176
     1
 40
1.0
176
     1
 40
1.0
176
     1
  0
VISUALSTYLE
  5
2E
102
{ACAD_REACTORS
330
2A
102
}
330
2A
100
AcDbVisualStyle
  2
GouraudWithEdges
 70
     3
177
     3
291
     1
 70
    58
 90
        2
176
     1
 90
        2
176
     1
 90
        1
176
     1
 90
        2
176
     1
 40
0.6
176
     1
 40
30.0
176
     1
 62
     7
420
 16777215
176
     1
 90
        1
176
     1
 90
        0
176
     1
 62
     7
176
     1
 62
   257
176
     1
 90
        1
176
     1
 90
        1
176
     1
 40
1.0
176
     1
 90
        0
176
     1
 62
   257
176
     1
 40
1.0
176
     1
 90
        1
176
     1
 90
        6
176
     1
 90
        2
176
     1
 62
     7
176
     1
 90
        5
176
     1
 90
        0
176
     1
 90
        0
176
     1
290
     0
176
     1
 90
       13
176
     1
 40
0.0
176
     1
 90
        0
176
     1
290
     0
176
     1
290
     1
176
     1
290
     1
176
     1
290
     0
176
     1
290
     0
176
     1
290
     0
176
     1
290
     0
176
     1
290
     0
176
     1
290
     0
176
     1
 90
       50
176
     1
 40
0.0
176
     1
 40
1.0
176
     1
 90
        0
176
     1
 62
    18
420
        0
176
     1
 90
       50
176
     1
 90
        3
176
     1
 62
     5
420
      255
176
     1
290
     0
176
     1
 90
       50
176
     1
 90
       50
176
     1
 90
       50
176
     1
290
     0
176
     1
 90
       50
176
     1
 62
   256
176
     0
 40
1.0
176
     0
 90
        2
176
     1
  1
strokes_ogs.tif
176
     1
290
     0
176
     1
 40
1.0
176
     1
 40
1.0
176
     1
  0
VISUALSTYLE
  5
31
102
{ACAD_REACTORS
330
2A
102
}
330
2A
100
AcDbVisualStyle
  2
Hidden
 70
     6
177
     3
291
     0
 70
    58
 90
        1
176
     1
 90
        2
176
     1
 90
        2
176
     1
 90
        0
176
     1
 40
0.6
176
     1
 40
30.0
176
     1
 62
     7
420
 16777215
176
     1
 90
        2
176
     1
 90
        2
176
     1
 62
     7
176
     1
 62
   257
176
     1
 90
        2
176
     1
 90
        1
176
     1
 40
40.0
176
     1
 90
        0
176
     1
 62
   257
176
     1
 40
1.0
176
     1
 90
        1
176
     1
 90
        6
176
     1
 90
        2
176
     1
 62
     7
176
     1
 90
        3
176
     1
 90
        0
176
     1
 90
        0
176
     1
290
     0
176
     1
 90
        1
176
     1
 40
0.0
176
     1
 90
        0
176
     1
290
     0
176
     1
290
     1
176
     1
290
     1
176
     1
290
     0
176
     1
290
     0
176
     1
290
     0
176
     1
290
     0
176
     1
290
     0
176
     1
290
     0
176
     1
 90
       50
176
     1
 40
0.0
176
     1
 40
1.0
176
     1
 90
        0
176
     1
 62
    18
420
        0
176
     1
 90
       50
176
     1
 90
        3
176
     1
 62
     5
420
      255
176
     1
290
     0
176
     1
 90
       50
176
     1
 90
       50
176
     1
 90
       50
176
     1
290
     0
176
     1
 90
       50
176
     1
 62
   256
176
     0
 40
1.0
176
     0
 90
        2
176
     1
  1
strokes_ogs.tif
176
     1
290
     0
176
     1
 40
1.0
176
     1
 40
1.0
176
     1
  0
VISUALSTYLE
  5
3B
102
{ACAD_REACTORS
330
2A
102
}
330
2A
100
AcDbVisualStyle
  2
JitterOff
 70
    20
177
     3
291
     1
 70
    58
 90
        2
176
     0
 90
        2
176
     0
 90
        0
176
     0
 90
        0
176
     0
 40
0.6
176
     0
 40
30.0
176
     0
 62
     7
420
 16777215
176
     0
 90
        1
176
     0
 90
        4
176
     0
 62
     7
176
     0
 62
   257
176
     0
 90
        1
176
     0
 90
        1
176
     0
 40
1.0
176
     0
 90
       10
176
     2
 62
     7
176
     0
 40
1.0
176
     0
 90
        1
176
     0
 90
        6
176
     0
 90
        2
176
     0
 62
     7
176
     0
 90
        5
176
     0
 90
        0
176
     0
 90
        0
176
     0
290
     0
176
     0
 90
        1
176
     0
 40
0.0
176
     0
 90
        0
176
     0
290
     0
176
     0
290
     1
176
     0
290
     1
176
     0
290
     0
176
     0
290
     0
176
     0
290
     0
176
     0
290
     0
176
     0
290
     0
176
     0
290
     0
176
     0
 90
       50
176
     0
 40
0.0
176
     0
 40
1.0
176
     0
 90
        0
176
     0
 62
    18
420
        0
176
     0
 90
       50
176
     0
 90
        3
176
     0
 62
     5
420
      255
176
     0
290
     0
176
     0
 90
       50
176
     0
 90
       50
176
     0
 90
       50
176
     0
290
     0
176
     0
 90
       50
176
     0
 62
   256
176
     0
 40
1.0
176
     0
 90
        2
176
     0
  1
strokes_ogs.tif
176
     0
290
     0
176
     0
 40
1.0
176
     0
 40
1.0
176
     0
  0
VISUALSTYLE
  5
38
102
{ACAD_REACTORS
330
2A
102
}
330
2A
100
AcDbVisualStyle
  2
Linepattern
 70
    14
177
     3
291
     1
 70
    58
 90
        2
176
     1
 90
        2
176
     1
 90
        0
176
     1
 90
        0
176
     1
 40
0.6
176
     1
 40
30.0
176
     1
 62
     7
420
 16777215
176
     1
 90
        1
176
     1
 90
        4
176
     1
 62
     7
176
     1
 62
   257
176
     1
 90
        7
176
     1
 90
        7
176
     1
 40
1.0
176
     1
 90
        8
176
     1
 62
     7
176
     1
 40
1.0
176
     1
 90
        1
176
     1
 90
        6
176
     1
 90
        2
176
     1
 62
     7
176
     1
 90
        5
176
     1
 90
        0
176
     1
 90
        0
176
     1
290
     0
176
     1
 90
        1
176
     1
 40
0.0
176
     1
 90
        0
176
     1
290
     0
176
     1
290
     1
176
     1
290
     1
176
     1
290
     0
176
     1
290
     0
176
     1
290
     0
176
     1
290
     0
176
     1
290
     0
176
     1
290
     0
176
     1
 90
       50
176
     1
 40
0.0
176
     1
 40
1.0
176
     1
 90
        0
176
     1
 62
    18
420
        0
176
     1
 90
       50
176
     1
 90
        3
176
     1
 62
     5
420
      255
176
     1
290
     0
176
     1
 90
       50
176
     1
 90
       50
176
     1
 90
       50
176
     1
290
     0
176
     1
 90
       50
176
     1
 62
   256
176
     0
 40
1.0
176
     0
 90
        2
176
     1
  1
strokes_ogs.tif
176
     1
290
     0
176
     1
 40
1.0
176
     1
 40
1.0
176
     1
  0
VISUALSTYLE
  5
3C
102
{ACAD_REACTORS
330
2A
102
}
330
2A
100
AcDbVisualStyle
  2
OverhangOff
 70
    21
177
     3
291
     1
 70
    58
 90
        2
176
     0
 90
        2
176
     0
 90
        0
176
     0
 90
        0
176
     0
 40
0.6
176
     0
 40
30.0
176
     0
 62
     7
420
 16777215
176
     0
 90
        1
176
     0
 90
        4
176
     0
 62
     7
176
     0
 62
   257
176
     0
 90
        1
176
     0
 90
        1
176
     0
 40
1.0
176
     0
 90
        9
176
     2
 62
     7
176
     0
 40
1.0
176
     0
 90
        1
176
     0
 90
        6
176
     0
 90
        2
176
     0
 62
     7
176
     0
 90
        5
176
     0
 90
        0
176
     0
 90
        0
176
     0
290
     0
176
     0
 90
        1
176
     0
 40
0.0
176
     0
 90
        0
176
     0
290
     0
176
     0
290
     1
176
     0
290
     1
176
     0
290
     0
176
     0
290
     0
176
     0
290
     0
176
     0
290
     0
176
     0
290
     0
176
     0
290
     0
176
     0
 90
       50
176
     0
 40
0.0
176
     0
 40
1.0
176
     0
 90
        0
176
     0
 62
    18
420
        0
176
     0
 90
       50
176
     0
 90
        3
176
     0
 62
     5
420
      255
176
     0
290
     0
176
     0
 90
       50
176
     0
 90
       50
176
     0
 90
       50
176
     0
290
     0
176
     0
 90
       50
176
     0
 62
   256
176
     0
 40
1.0
176
     0
 90
        2
176
     0
  1
strokes_ogs.tif
176
     0
290
     0
176
     0
 40
1.0
176
     0
 40
1.0
176
     0
  0
VISUALSTYLE
  5
33
102
{ACAD_REACTORS
330
2A
102
}
330
2A
100
AcDbVisualStyle
  2
Realistic
 70
     8
177
     3
291
     0
 70
    58
 90
        2
176
     1
 90
        3
176
     1
 90
        0
176
     1
 90
        2
176
     1
 40
0.6
176
     1
 40
30.0
176
     1
 62
     7
420
 16777215
176
     1
 90
        0
176
     1
 90
        0
176
     1
 62
     7
176
     1
 62
   257
176
     1
 90
        1
176
     1
 90
        1
176
     1
 40
1.0
176
     1
 90
        8
176
     1
 62
   257
176
     1
 40
1.0
176
     1
 90
        1
176
     1
 90
        6
176
     1
 90
        2
176
     1
 62
     7
176
     1
 90
        3
176
     1
 90
        0
176
     1
 90
        0
176
     1
290
     0
176
     1
 90
       13
176
     1
 40
0.0
176
     1
 90
        0
176
     1
290
     0
176
     1
290
     1
176
     1
290
     1
176
     1
290
     0
176
     1
290
     0
176
     1
290
     0
176
     1
290
     0
176
     1
290
     0
176
     1
290
     0
176
     1
 90
       50
176
     1
 40
0.0
176
     1
 40
1.0
176
     1
 90
        0
176
     1
 62
    18
420
        0
176
     1
 90
       50
176
     1
 90
        3
176
     1
 62
     5
420
      255
176
     1
290
     0
176
     1
 90
       50
176
     1
 90
       50
176
     1
 90
       50
176
     1
290
     0
176
     1
 90
       50
176
     1
 62
   256
176
     0
 40
1.0
176
     0
 90
        2
176
     1
  1
strokes_ogs.tif
176
     1
290
     0
176
     1
 40
1.0
176
     1
 40
1.0
176
     1
  0
VISUALSTYLE
  5
42
102
{ACAD_REACTORS
330
2A
102
}
330
2A
100
AcDbVisualStyle
  2
Shaded
 70
    27
177
     3
291
     0
 70
    58
 90
        2
176
     1
 90
        2
176
     1
 90
        1
176
     1
 90
        2
176
     1
 40
0.6
176
     1
 40
30.0
176
     1
 62
     7
420
 16777215
176
     1
 90
        0
176
     1
 90
        4
176
     1
 62
     7
176
     1
 62
   257
176
     1
 90
        1
176
     1
 90
        1
176
     1
 40
1.0
176
     1
 90
        8
176
     1
 62
   257
176
     1
 40
1.0
176
     1
 90
        1
176
     1
 90
        6
176
     1
 90
        2
176
     1
 62
     8
420
  7895160
176
     1
 90
        3
176
     1
 90
        0
176
     1
 90
        0
176
     1
290
     0
176
     1
 90
        5
176
     1
 40
0.0
176
     1
 90
        0
176
     1
290
     0
176
     1
290
     1
176
     1
290
     1
176
     1
290
     0
176
     1
290
     0
176
     1
290
     0
176
     1
290
     0
176
     1
290
     0
176
     1
290
     0
176
     1
 90
       50
176
     1
 40
0.0
176
     1
 40
1.0
176
     1
 90
        0
176
     1
 62
    18
420
        0
176
     1
 90
       50
176
     1
 90
        3
176
     1
 62
     5
420
      255
176
     1
290
     0
176
     1
 90
       50
176
     1
 90
       50
176
     1
 90
       50
176
     1
290
     0
176
     1
 90
       50
176
     1
 62
   256
176
     0
 40
1.0
176
     0
 90
        2
176
     1
  1
strokes_ogs.tif
176
     1
290
     0
176
     1
 40
1.0
176
     1
 40
1.0
176
     1
  0
VISUALSTYLE
  5
41
102
{ACAD_REACTORS
330
2A
102
}
330
2A
100
AcDbVisualStyle
  2
Shaded with edges
 70
    26
177
     3
291
     0
 70
    58
 90
        2
176
     1
 90
        2
176
     1
 90
        1
176
     1
 90
        2
176
     1
 40
0.6
176
     1
 40
30.0
176
     1
 62
     7
420
 16777215
176
     1
 90
        1
176
     1
 90
       10
176
     1
 62
     7
176
     1
 62
   257
176
     1
 90
        2
176
     1
 90
        1
176
     1
 40
1.0
176
     1
 90
        8
176
     1
 62
   257
176
     1
 40
1.0
176
     1
 90
        1
176
     1
 90
        6
176
     1
 90
        2
176
     1
 62
     7
176
     1
 90
        3
176
     1
 90
        0
176
     1
 90
        0
176
     1
290
     0
176
     1
 90
        5
176
     1
 40
0.0
176
     1
 90
        0
176
     1
290
     0
176
     1
290
     1
176
     1
290
     1
176
     1
290
     0
176
     1
290
     0
176
     1
290
     0
176
     1
290
     0
176
     1
290
     0
176
     1
290
     0
176
     1
 90
       50
176
     1
 40
0.0
176
     1
 40
1.0
176
     1
 90
        0
176
     1
 62
    18
420
        0
176
     1
 90
       50
176
     1
 90
        3
176
     1
 62
     5
420
      255
176
     1
290
     0
176
     1
 90
       50
176
     1
 90
       50
176
     1
 90
       50
176
     1
290
     0
176
     1
 90
       50
176
     1
 62
   256
176
     0
 40
1.0
176
     0
 90
        2
176
     1
  1
strokes_ogs.tif
176
     1
290
     0
176
     1
 40
1.0
176
     1
 40
1.0
176
     1
  0
VISUALSTYLE
  5
3E
102
{ACAD_REACTORS
330
2A
102
}
330
2A
100
AcDbVisualStyle
  2
Shades of Gray
 70
    23
177
     3
291
     0
 70
    58
 90
        2
176
     1
 90
        2
176
     1
 90
        3
176
     1
 90
        0
176
     1
 40
0.6
176
     1
 40
30.0
176
     1
 62
     7
420
 16777215
176
     1
 90
        2
176
     1
 90
        2
176
     1
 62
     7
176
     1
 62
     7
176
     1
 90
        1
176
     1
 90
        1
176
     1
 40
40.0
176
     1
 90
        8
176
     1
 62
     7
176
     1
 40
1.0
176
     1
 90
        1
176
     1
 90
        6
176
     1
 90
        2
176
     1
 62
     7
176
     1
 90
        3
176
     1
 90
        0
176
     1
 90
        0
176
     1
290
     0
176
     1
 90
        1
176
     1
 40
0.0
176
     1
 90
        0
176
     1
290
     0
176
     1
290
     1
176
     1
290
     1
176
     1
290
     0
176
     1
290
     0
176
     1
290
     0
176
     1
290
     0
176
     1
290
     0
176
     1
290
     0
176
     1
 90
       50
176
     1
 40
0.0
176
     1
 40
1.0
176
     1
 90
        0
176
     1
 62
    18
420
        0
176
     1
 90
       50
176
     1
 90
        3
176
     1
 62
     5
420
      255
176
     1
290
     0
176
     1
 90
       50
176
     1
 90
       50
176
     1
 90
       50
176
     1
290
     0
176
     1
 90
       50
176
     1
 62
   256
176
     0
 40
1.0
176
     0
 90
        2
176
     1
  1
strokes_ogs.tif
176
     1
290
     0
176
     1
 40
1.0
176
     1
 40
1.0
176
     1
  0
VISUALSTYLE
  5
3F
102
{ACAD_REACTORS
330
2A
102
}
330
2A
100
AcDbVisualStyle
  2
Sketchy
 70
    24
177
     3
291
     0
 70
    58
 90
        1
176
     1
 90
        2
176
     1
 90
        2
176
     1
 90
        0
176
     1
 40
0.6
176
     1
 40
30.0
176
     1
 62
     7
420
 16777215
176
     1
 90
        2
176
     1
 90
        2
176
     1
 62
     7
176
     1
 62
     7
176
     1
 90
        1
176
     1
 90
        1
176
     1
 40
40.0
176
     1
 90
       11
176
     1
 62
     7
176
     1
 40
1.0
176
     1
 90
        1
176
     1
 90
        6
176
     1
 90
        2
176
     1
 62
     7
176
     1
 90
        6
176
     1
 90
        0
176
     1
 90
        0
176
     1
290
     0
176
     1
 90
        1
176
     1
 40
0.0
176
     1
 90
        0
176
     1
290
     0
176
     1
290
     1
176
     1
290
     1
176
     1
290
     0
176
     1
290
     0
176
     1
290
     0
176
     1
290
     0
176
     1
290
     0
176
     1
290
     0
176
     1
 90
       50
176
     1
 40
0.0
176
     1
 40
1.0
176
     1
 90
        0
176
     1
 62
    18
420
        0
176
     1
 90
       50
176
     1
 90
        3
176
     1
 62
     5
420
      255
176
     1
290
     0
176
     1
 90
       50
176
     1
 90
       50
176
     1
 90
       50
176
     1
290
     0
176
     1
 90
       50
176
     1
 62
   256
176
     0
 40
1.0
176
     0
 90
        2
176
     1
  1
strokes_ogs.tif
176
     1
290
     0
176
     1
 40
1.0
176
     1
 40
1.0
176
     1
  0
VISUALSTYLE
  5
37
102
{ACAD_REACTORS
330
2A
102
}
330
2A
100
AcDbVisualStyle
  2
Thicken
 70
    13
177
     3
291
     1
 70
    58
 90
        2
176
     1
 90
        2
176
     1
 90
        0
176
     1
 90
        0
176
     1
 40
0.6
176
     1
 40
30.0
176
     1
 62
     7
420
 16777215
176
     1
 90
        1
176
     1
 90
        4
176
     1
 62
     7
176
     1
 62
   257
176
     1
 90
        1
176
     1
 90
        1
176
     1
 40
1.0
176
     1
 90
       12
176
     1
 62
     7
176
     1
 40
1.0
176
     1
 90
        1
176
     1
 90
        6
176
     1
 90
        2
176
     1
 62
     7
176
     1
 90
        5
176
     1
 90
        0
176
     1
 90
        0
176
     1
290
     0
176
     1
 90
        1
176
     1
 40
0.0
176
     1
 90
        0
176
     1
290
     0
176
     1
290
     1
176
     1
290
     1
176
     1
290
     0
176
     1
290
     0
176
     1
290
     0
176
     1
290
     0
176
     1
290
     0
176
     1
290
     0
176
     1
 90
       50
176
     1
 40
0.0
176
     1
 40
1.0
176
     1
 90
        0
176
     1
 62
    18
420
        0
176
     1
 90
       50
176
     1
 90
        3
176
     1
 62
     5
420
      255
176
     1
290
     0
176
     1
 90
       50
176
     1
 90
       50
176
     1
 90
       50
176
     1
290
     0
176
     1
 90
       50
176
     1
 62
   256
176
     0
 40
1.0
176
     0
 90
        2
176
     1
  1
strokes_ogs.tif
176
     1
290
     0
176
     1
 40
1.0
176
     1
 40
1.0
176
     1
  0
VISUALSTYLE
  5
30
102
{ACAD_REACTORS
330
2A
102
}
330
2A
100
AcDbVisualStyle
  2
Wireframe
 70
     5
177
     3
291
     0
 70
    58
 90
        0
176
     1
 90
        2
176
     1
 90
        0
176
     1
 90
        0
176
     1
 40
0.6
176
     1
 40
30.0
176
     1
 62
     7
420
 16777215
176
     1
 90
        1
176
     1
 90
        4
176
     1
 62
     7
176
     1
 62
   257
176
     1
 90
        1
176
     1
 90
        1
176
     1
 40
1.0
176
     1
 90
        0
176
     1
 62
   257
176
     1
 40
1.0
176
     1
 90
        1
176
     1
 90
        6
176
     1
 90
        2
176
     1
 62
     7
176
     1
 90
        3
176
     1
 90
        0
176
     1
 90
        0
176
     1
290
     0
176
     1
 90
        1
176
     1
 40
0.0
176
     1
 90
        0
176
     1
290
     0
176
     1
290
     1
176
     1
290
     1
176
     1
290
     0
176
     1
290
     0
176
     1
290
     0
176
     1
290
     0
176
     1
290
     0
176
     1
290
     0
176
     1
 90
       50
176
     1
 40
0.0
176
     1
 40
1.0
176
     1
 90
        0
176
     1
 62
    18
420
        0
176
     1
 90
       50
176
     1
 90
        3
176
     1
 62
     5
420
      255
176
     1
290
     0
176
     1
 90
       50
176
     1
 90
       50
176
     1
 90
       50
176
     1
290
     0
176
     1
 90
       50
176
     1
 62
   256
176
     0
 40
1.0
176
     0
 90
        2
176
     1
  1
strokes_ogs.tif
176
     1
290
     0
176
     1
 40
1.0
176
     1
 40
1.0
176
     1
  0
VISUALSTYLE
  5
40
102
{ACAD_REACTORS
330
2A
102
}
330
2A
100
AcDbVisualStyle
  2
X-Ray
 70
    25
177
     3
291
     0
 70
    58
 90
        2
176
     1
 90
        2
176
     1
 90
        1
176
     1
 90
        1
176
     1
 40
0.5
176
     1
 40
30.0
176
     1
 62
     7
420
 16777215
176
     1
 90
        1
176
     1
 90
        0
176
     1
 62
     7
176
     1
 62
   257
176
     1
 90
        1
176
     1
 90
        1
176
     1
 40
1.0
176
     1
 90
        8
176
     1
 62
     7
176
     1
 40
1.0
176
     1
 90
        1
176
     1
 90
        6
176
     1
 90
        2
176
     1
 62
     7
176
     1
 90
        3
176
     1
 90
        0
176
     1
 90
        0
176
     1
290
     0
176
     1
 90
       13
176
     1
 40
0.0
176
     1
 90
        0
176
     1
290
     0
176
     1
290
     1
176
     1
290
     1
176
     1
290
     0
176
     1
290
     0
176
     1
290
     0
176
     1
290
     0
176
     1
290
     0
176
     1
290
     0
176
     1
 90
       50
176
     1
 40
0.0
176
     1
 40
1.0
176
     1
 90
        0
176
     1
 62
    18
420
        0
176
     1
 90
       50
176
     1
 90
        3
176
     1
 62
     5
420
      255
176
     1
290
     0
176
     1
 90
       50
176
     1
 90
       50
176
     1
 90
       50
176
     1
290
     0
176
     1
 90
       50
176
     1
 62
   256
176
     0
 40
1.0
176
     0
 90
        2
176
     1
  1
strokes_ogs.tif
176
     1
290
     0
176
     1
 40
1.0
176
     1
 40
1.0
176
     1
  0
DICTIONARYVAR
  5
8A8
102
{ACAD_REACTORS
330
8A7
102
}
330
8A7
100
DictionaryVariables
280
     0
  1
1:1
  0
DICTIONARYVAR
  5
8AD
102
{ACAD_REACTORS
330
8A7
102
}
330
8A7
100
DictionaryVariables
280
     0
  1
Standard
  0
DICTIONARYVAR
  5
8AC
102
{ACAD_REACTORS
330
8A7
102
}
330
8A7
100
DictionaryVariables
280
     0
  1
Standard
  0
DICTIONARY
  5
8A9
330
5A
100
AcDbDictionary
280
     1
281
     1
  3
ACAD_ROUNDTRIP_2008_TABLESTYLE_CELLSTYLEMAP
360
8AA
  0
CELLSTYLEMAP
  5
8AA
102
{ACAD_REACTORS
330
8A9
102
}
330
8A9
100
AcDbCellStyleMap
 90
        3
300
CELLSTYLE
  1
TABLEFORMAT_BEGIN
 90
        5
170
     1
 91
        0
 92
    32768
 62
   257
 93
        1
300
CONTENTFORMAT
  1
CONTENTFORMAT_BEGIN
 90
        0
 91
        0
 92
        4
 93
        0
300

 40
0.0
140
1.0
 94
        5
 62
     0
340
11
144
0.25
309
CONTENTFORMAT_END
171
     1
301
MARGIN
  1
CELLMARGIN_BEGIN
 40
0.06
 40
0.06
 40
0.06
 40
0.06
 40
0.06
 40
0.06
309
CELLMARGIN_END
 94
        6
 95
        1
302
GRIDFORMAT
  1
GRIDFORMAT_BEGIN
 90
        0
 91
        1
 62
     0
 92
       -2
340
14
 93
        0
 40
0.045
309
GRIDFORMAT_END
 95
        2
302
GRIDFORMAT
  1
GRIDFORMAT_BEGIN
 90
        0
 91
        1
 62
     0
 92
       -2
340
14
 93
        0
 40
0.045
309
GRIDFORMAT_END
 95
        4
302
GRIDFORMAT
  1
GRIDFORMAT_BEGIN
 90
        0
 91
        1
 62
     0
 92
       -2
340
14
 93
        0
 40
0.045
309
GRIDFORMAT_END
 95
        8
302
GRIDFORMAT
  1
GRIDFORMAT_BEGIN
 90
        0
 91
        1
 62
     0
 92
       -2
340
14
 93
        0
 40
0.045
309
GRIDFORMAT_END
 95
       16
302
GRIDFORMAT
  1
GRIDFORMAT_BEGIN
 90
        0
 91
        1
 62
     0
 92
       -2
340
14
 93
        0
 40
0.045
309
GRIDFORMAT_END
 95
       32
302
GRIDFORMAT
  1
GRIDFORMAT_BEGIN
 90
        0
 91
        1
 62
     0
 92
       -2
340
14
 93
        0
 40
0.045
309
GRIDFORMAT_END
309
TABLEFORMAT_END
  1
CELLSTYLE_BEGIN
 90
        1
 91
        1
300
_TITLE
309
CELLSTYLE_END
300
CELLSTYLE
  1
TABLEFORMAT_BEGIN
 90
        5
170
     1
 91
        0
 92
        0
 62
   257
 93
        1
300
CONTENTFORMAT
  1
CONTENTFORMAT_BEGIN
 90
        0
 91
        0
 92
        4
 93
        0
300

 40
0.0
140
1.0
 94
        5
 62
     0
340
11
144
0.18
309
CONTENTFORMAT_END
171
     1
301
MARGIN
  1
CELLMARGIN_BEGIN
 40
0.06
 40
0.06
 40
0.06
 40
0.06
 40
0.06
 40
0.06
309
CELLMARGIN_END
 94
        6
 95
        1
302
GRIDFORMAT
  1
GRIDFORMAT_BEGIN
 90
        0
 91
        1
 62
     0
 92
       -2
340
14
 93
        0
 40
0.045
309
GRIDFORMAT_END
 95
        2
302
GRIDFORMAT
  1
GRIDFORMAT_BEGIN
 90
        0
 91
        1
 62
     0
 92
       -2
340
14
 93
        0
 40
0.045
309
GRIDFORMAT_END
 95
        4
302
GRIDFORMAT
  1
GRIDFORMAT_BEGIN
 90
        0
 91
        1
 62
     0
 92
       -2
340
14
 93
        0
 40
0.045
309
GRIDFORMAT_END
 95
        8
302
GRIDFORMAT
  1
GRIDFORMAT_BEGIN
 90
        0
 91
        1
 62
     0
 92
       -2
340
14
 93
        0
 40
0.045
309
GRIDFORMAT_END
 95
       16
302
GRIDFORMAT
  1
GRIDFORMAT_BEGIN
 90
        0
 91
        1
 62
     0
 92
       -2
340
14
 93
        0
 40
0.045
309
GRIDFORMAT_END
 95
       32
302
GRIDFORMAT
  1
GRIDFORMAT_BEGIN
 90
        0
 91
        1
 62
     0
 92
       -2
340
14
 93
        0
 40
0.045
309
GRIDFORMAT_END
309
TABLEFORMAT_END
  1
CELLSTYLE_BEGIN
 90
        2
 91
        1
300
_HEADER
309
CELLSTYLE_END
300
CELLSTYLE
  1
TABLEFORMAT_BEGIN
 90
        5
170
     1
 91
        0
 92
        0
 62
   257
 93
        1
300
CONTENTFORMAT
  1
CONTENTFORMAT_BEGIN
 90
        0
 91
        0
 92
        4
 93
        0
300

 40
0.0
140
1.0
 94
        2
 62
     0
340
11
144
0.18
309
CONTENTFORMAT_END
171
     1
301
MARGIN
  1
CELLMARGIN_BEGIN
 40
0.06
 40
0.06
 40
0.06
 40
0.06
 40
0.06
 40
0.06
309
CELLMARGIN_END
 94
        6
 95
        1
302
GRIDFORMAT
  1
GRIDFORMAT_BEGIN
 90
        0
 91
        1
 62
     0
 92
       -2
340
14
 93
        0
 40
0.045
309
GRIDFORMAT_END
 95
        2
302
GRIDFORMAT
  1
GRIDFORMAT_BEGIN
 90
        0
 91
        1
 62
     0
 92
       -2
340
14
 93
        0
 40
0.045
309
GRIDFORMAT_END
 95
        4
302
GRIDFORMAT
  1
GRIDFORMAT_BEGIN
 90
        0
 91
        1
 62
     0
 92
       -2
340
14
 93
        0
 40
0.045
309
GRIDFORMAT_END
 95
        8
302
GRIDFORMAT
  1
GRIDFORMAT_BEGIN
 90
        0
 91
        1
 62
     0
 92
       -2
340
14
 93
        0
 40
0.045
309
GRIDFORMAT_END
 95
       16
302
GRIDFORMAT
  1
GRIDFORMAT_BEGIN
 90
        0
 91
        1
 62
     0
 92
       -2
340
14
 93
        0
 40
0.045
309
GRIDFORMAT_END
 95
       32
302
GRIDFORMAT
  1
GRIDFORMAT_BEGIN
 90
        0
 91
        1
 62
     0
 92
       -2
340
14
 93
        0
 40
0.045
309
GRIDFORMAT_END
309
TABLEFORMAT_END
  1
CELLSTYLE_BEGIN
 90
        3
 91
        2
300
_DATA
309
CELLSTYLE_END
  0
ENDSEC
  0
EOF
