  0
SECTION
  2
HEADER
  9
$ACADVER
  1
AC1027
  9
$ACADMAINTVER
 70
   105
  9
$DWGCODEPAGE
  3
ANSI_1252
  9
$COMMENTS
  1
File was created by Cadenas
  9
$LASTSAVEDBY
  1
psservice
  9
$CUSTOMPROPERTYTAG
  1
NB
  9
$CUSTOMPROPERTY
  1
DH_Heat_Pump-Daikin-DH4SEA4830A-300
  9
$CUSTOMPROPERTYTAG
  1
NN
  9
$CUSTOMPROPERTY
  1
(R32)  Heat Pump Outdoor DH4-DH6 3 Phase
  9
$CUSTOMPROPERTYTAG
  1
NT
  9
$CUSTOMPROPERTY
  1

  9
$CUSTOMPROPERTYTAG
  1
NBSYN
  9
$CUSTOMPROPERTY
  1
DH_Heat_Pump-Daikin-$PN.-$LOG.
  9
$CUSTOMPROPERTYTAG
  1
LINA
  9
$CUSTOMPROPERTY
  1
DH_Heat_Pump-Daikin-DH4SEA4830A-300
  9
$CUSTOMPROPERTYTAG
  1
CATALOG
  9
$CUSTOMPROPERTY
  1
Daikin
  9
$CUSTOMPROPERTYTAG
  1
PN
  9
$CUSTOMPROPERTY
  1
DH4SEA4830A
  9
$CUSTOMPROPERTYTAG
  1
DESC
  9
$CUSTOMPROPERTY
  1
4.0 Ton 3 ph Heat Pump 208/230V
  9
$CUSTOMPROPERTYTAG
  1
LOG
  9
$CUSTOMPROPERTY
  1
300
  9
$CUSTOMPROPERTYTAG
  1
OD
  9
$CUSTOMPROPERTY
  1
35.500
  9
$CUSTOMPROPERTYTAG
  1
OH
  9
$CUSTOMPROPERTY
  1
36.500
  9
$CUSTOMPROPERTYTAG
  1
OW
  9
$CUSTOMPROPERTY
  1
35.500
  9
$CUSTOMPROPERTYTAG
  1
URL
  9
$CUSTOMPROPERTY
  1
https://daikincomfort.com
  9
$CUSTOMPROPERTYTAG
  1
RFAFAMILY
  9
$CUSTOMPROPERTY
  1
Download Revit Family (RFA)
  9
$CUSTOMPROPERTYTAG
  1
COMPANY
  9
$CUSTOMPROPERTY
  1
daikin
  9
$REQUIREDVERSIONS
160
                 0
  9
$INSBASE
 10
0.0
 20
0.0
 30
0.0
  9
$EXTMIN
 10
-0.2699999999999818
 20
-0.2700000000000102
 30
0.0
  9
$EXTMAX
 10
44.52267335611186
 20
41.30186486454333
 30
0.0
  9
$LIMMIN
 10
0.0
 20
0.0
  9
$LIMMAX
 10
12.0
 20
9.0
  9
$ORTHOMODE
 70
     0
  9
$REGENMODE
 70
     1
  9
$FILLMODE
 70
     1
  9
$QTEXTMODE
 70
     0
  9
$MIRRTEXT
 70
     1
  9
$LTSCALE
 40
1.0
  9
$ATTMODE
 70
     1
  9
$TEXTSIZE
 40
0.2
  9
$TRACEWID
 40
0.05
  9
$TEXTSTYLE
  7
Standard
  9
$CLAYER
  8
0
  9
$CELTYPE
  6
ByLayer
  9
$CECOLOR
 62
   256
  9
$CELTSCALE
 40
1.0
  9
$DISPSILH
 70
     0
  9
$DIMSCALE
 40
1.0
  9
$DIMASZ
 40
0.18
  9
$DIMEXO
 40
0.0625
  9
$DIMDLI
 40
0.38
  9
$DIMRND
 40
0.0
  9
$DIMDLE
 40
0.0
  9
$DIMEXE
 40
0.18
  9
$DIMTP
 40
0.0
  9
$DIMTM
 40
0.0
  9
$DIMTXT
 40
0.18
  9
$DIMCEN
 40
0.09
  9
$DIMTSZ
 40
0.0
  9
$DIMTOL
 70
     0
  9
$DIMLIM
 70
     0
  9
$DIMTIH
 70
     1
  9
$DIMTOH
 70
     1
  9
$DIMSE1
 70
     0
  9
$DIMSE2
 70
     0
  9
$DIMTAD
 70
     0
  9
$DIMZIN
 70
     0
  9
$DIMBLK
  1

  9
$DIMASO
 70
     1
  9
$DIMSHO
 70
     1
  9
$DIMPOST
  1

  9
$DIMAPOST
  1

  9
$DIMALT
 70
     0
  9
$DIMALTD
 70
     2
  9
$DIMALTF
 40
25.4
  9
$DIMLFAC
 40
1.0
  9
$DIMTOFL
 70
     0
  9
$DIMTVP
 40
0.0
  9
$DIMTIX
 70
     0
  9
$DIMSOXD
 70
     0
  9
$DIMSAH
 70
     0
  9
$DIMBLK1
  1

  9
$DIMBLK2
  1

  9
$DIMSTYLE
  2
Standard
  9
$DIMCLRD
 70
     0
  9
$DIMCLRE
 70
     0
  9
$DIMCLRT
 70
     0
  9
$DIMTFAC
 40
1.0
  9
$DIMGAP
 40
0.09
  9
$DIMJUST
 70
     0
  9
$DIMSD1
 70
     0
  9
$DIMSD2
 70
     0
  9
$DIMTOLJ
 70
     1
  9
$DIMTZIN
 70
     0
  9
$DIMALTZ
 70
     0
  9
$DIMALTTZ
 70
     0
  9
$DIMUPT
 70
     0
  9
$DIMDEC
 70
     4
  9
$DIMTDEC
 70
     4
  9
$DIMALTU
 70
     2
  9
$DIMALTTD
 70
     2
  9
$DIMTXSTY
  7
Standard
  9
$DIMAUNIT
 70
     0
  9
$DIMADEC
 70
     0
  9
$DIMALTRND
 40
0.0
  9
$DIMAZIN
 70
     0
  9
$DIMDSEP
 70
    46
  9
$DIMATFIT
 70
     3
  9
$DIMFRAC
 70
     0
  9
$DIMLDRBLK
  1

  9
$DIMLUNIT
 70
     2
  9
$DIMLWD
 70
    -2
  9
$DIMLWE
 70
    -2
  9
$DIMTMOVE
 70
     0
  9
$DIMFXL
 40
1.0
  9
$DIMFXLON
 70
     0
  9
$DIMJOGANG
 40
0.7853981633974483
  9
$DIMTFILL
 70
     0
  9
$DIMTFILLCLR
 70
     0
  9
$DIMARCSYM
 70
     0
  9
$DIMLTYPE
  6

  9
$DIMLTEX1
  6

  9
$DIMLTEX2
  6

  9
$DIMTXTDIRECTION
 70
     0
  9
$LUNITS
 70
     2
  9
$LUPREC
 70
     4
  9
$SKETCHINC
 40
0.1
  9
$FILLETRAD
 40
0.0
  9
$AUNITS
 70
     0
  9
$AUPREC
 70
     0
  9
$MENU
  1
.
  9
$ELEVATION
 40
0.0
  9
$PELEVATION
 40
0.0
  9
$THICKNESS
 40
0.0
  9
$LIMCHECK
 70
     0
  9
$CHAMFERA
 40
0.0
  9
$CHAMFERB
 40
0.0
  9
$CHAMFERC
 40
0.0
  9
$CHAMFERD
 40
0.0
  9
$SKPOLY
 70
     0
  9
$TDCREATE
 40
2461206.71232191
  9
$TDUCREATE
 40
2461206.628988577
  9
$TDUPDATE
 40
2461206.712322639
  9
$TDUUPDATE
 40
2461206.628989306
  9
$TDINDWG
 40
0.0000000116
  9
$TDUSRTIMER
 40
0.0000000116
  9
$USRTIMER
 70
     1
  9
$ANGBASE
 50
0.0
  9
$ANGDIR
 70
     0
  9
$PDMODE
 70
     0
  9
$PDSIZE
 40
0.0
  9
$PLINEWID
 40
0.0
  9
$SPLFRAME
 70
     0
  9
$SPLINETYPE
 70
     6
  9
$SPLINESEGS
 70
     8
  9
$HANDSEED
  5
411
  9
$SURFTAB1
 70
     6
  9
$SURFTAB2
 70
     6
  9
$SURFTYPE
 70
     6
  9
$SURFU
 70
     6
  9
$SURFV
 70
     6
  9
$UCSBASE
  2

  9
$UCSNAME
  2

  9
$UCSORG
 10
0.0
 20
0.0
 30
0.0
  9
$UCSXDIR
 10
1.0
 20
0.0
 30
0.0
  9
$UCSYDIR
 10
0.0
 20
1.0
 30
0.0
  9
$UCSORTHOREF
  2

  9
$UCSORTHOVIEW
 70
     0
  9
$UCSORGTOP
 10
0.0
 20
0.0
 30
0.0
  9
$UCSORGBOTTOM
 10
0.0
 20
0.0
 30
0.0
  9
$UCSORGLEFT
 10
0.0
 20
0.0
 30
0.0
  9
$UCSORGRIGHT
 10
0.0
 20
0.0
 30
0.0
  9
$UCSORGFRONT
 10
0.0
 20
0.0
 30
0.0
  9
$UCSORGBACK
 10
0.0
 20
0.0
 30
0.0
  9
$PUCSBASE
  2

  9
$PUCSNAME
  2

  9
$PUCSORG
 10
0.0
 20
0.0
 30
0.0
  9
$PUCSXDIR
 10
1.0
 20
0.0
 30
0.0
  9
$PUCSYDIR
 10
0.0
 20
1.0
 30
0.0
  9
$PUCSORTHOREF
  2

  9
$PUCSORTHOVIEW
 70
     0
  9
$PUCSORGTOP
 10
0.0
 20
0.0
 30
0.0
  9
$PUCSORGBOTTOM
 10
0.0
 20
0.0
 30
0.0
  9
$PUCSORGLEFT
 10
0.0
 20
0.0
 30
0.0
  9
$PUCSORGRIGHT
 10
0.0
 20
0.0
 30
0.0
  9
$PUCSORGFRONT
 10
0.0
 20
0.0
 30
0.0
  9
$PUCSORGBACK
 10
0.0
 20
0.0
 30
0.0
  9
$USERI1
 70
     0
  9
$USERI2
 70
     0
  9
$USERI3
 70
     0
  9
$USERI4
 70
     0
  9
$USERI5
 70
     0
  9
$USERR1
 40
0.0
  9
$USERR2
 40
0.0
  9
$USERR3
 40
0.0
  9
$USERR4
 40
0.0
  9
$USERR5
 40
0.0
  9
$WORLDVIEW
 70
     1
  9
$SHADEDGE
 70
     3
  9
$SHADEDIF
 70
    70
  9
$TILEMODE
 70
     1
  9
$MAXACTVP
 70
    64
  9
$PINSBASE
 10
0.0
 20
0.0
 30
0.0
  9
$PLIMCHECK
 70
     0
  9
$PEXTMIN
 10
1.000000000000000E+20
 20
1.000000000000000E+20
 30
1.000000000000000E+20
  9
$PEXTMAX
 10
-1.000000000000000E+20
 20
-1.000000000000000E+20
 30
-1.000000000000000E+20
  9
$PLIMMIN
 10
0.0
 20
0.0
  9
$PLIMMAX
 10
12.0
 20
9.0
  9
$UNITMODE
 70
     0
  9
$VISRETAIN
 70
     1
  9
$PLINEGEN
 70
     0
  9
$PSLTSCALE
 70
     1
  9
$TREEDEPTH
 70
  3020
  9
$CMLSTYLE
  2
Standard
  9
$CMLJUST
 70
     0
  9
$CMLSCALE
 40
1.0
  9
$PROXYGRAPHICS
 70
     1
  9
$MEASUREMENT
 70
     0
  9
$CELWEIGHT
370
    -1
  9
$ENDCAPS
280
     0
  9
$JOINSTYLE
280
     0
  9
$LWDISPLAY
290
     0
  9
$INSUNITS
 70
     1
  9
$HYPERLINKBASE
  1

  9
$STYLESHEET
  1

  9
$XEDIT
290
     1
  9
$CEPSNTYPE
380
     0
  9
$PSTYLEMODE
290
     1
  9
$FINGERPRINTGUID
  2
{8c4de171-9461-4ea2-8f44-b34fb159d167}
  9
$VERSIONGUID
  2
{FAEB1C32-E019-11D5-929B-00C0DF256EC4}
  9
$EXTNAMES
290
     1
  9
$PSVPSCALE
 40
0.0
  9
$OLESTARTUP
290
     0
  9
$SORTENTS
280
   127
  9
$INDEXCTL
280
     0
  9
$HIDETEXT
280
     1
  9
$XCLIPFRAME
280
     2
  9
$HALOGAP
280
     0
  9
$OBSCOLOR
 70
   257
  9
$OBSLTYPE
280
     0
  9
$INTERSECTIONDISPLAY
280
     0
  9
$INTERSECTIONCOLOR
 70
   257
  9
$DIMASSOC
280
     2
  9
$PROJECTNAME
  1

  9
$CAMERADISPLAY
290
     0
  9
$LENSLENGTH
 40
50.0
  9
$CAMERAHEIGHT
 40
0.0
  9
$STEPSPERSEC
 40
2.0
  9
$STEPSIZE
 40
6.0
  9
$3DDWFPREC
 40
2.0
  9
$PSOLWIDTH
 40
0.25
  9
$PSOLHEIGHT
 40
4.0
  9
$LOFTANG1
 40
1.570796326794897
  9
$LOFTANG2
 40
1.570796326794897
  9
$LOFTMAG1
 40
0.0
  9
$LOFTMAG2
 40
0.0
  9
$LOFTPARAM
 70
     7
  9
$LOFTNORMALS
280
     1
  9
$LATITUDE
 40
37.795
  9
$LONGITUDE
 40
-122.394
  9
$NORTHDIRECTION
 40
0.0
  9
$TIMEZONE
 70
 -8000
  9
$LIGHTGLYPHDISPLAY
280
     1
  9
$TILEMODELIGHTSYNCH
280
     1
  9
$CMATERIAL
347
44
  9
$SOLIDHIST
280
     0
  9
$SHOWHIST
280
     1
  9
$DWFFRAME
280
     2
  9
$DGNFRAME
280
     2
  9
$REALWORLDSCALE
290
     1
  9
$INTERFERECOLOR
 62
   256
  9
$CSHADOW
280
     0
  9
$SHADOWPLANELOCATION
 40
0.0
  0
ENDSEC
  0
SECTION
  2
CLASSES
  0
CLASS
  1
ACDBDICTIONARYWDFLT
  2
AcDbDictionaryWithDefault
  3
ObjectDBX Classes
 90
        0
 91
        3
280
     0
281
     0
  0
CLASS
  1
VISUALSTYLE
  2
AcDbVisualStyle
  3
ObjectDBX Classes
 90
     4095
 91
        3
280
     0
281
     0
  0
CLASS
  1
MATERIAL
  2
AcDbMaterial
  3
ObjectDBX Classes
 90
     1153
 91
        3
280
     0
281
     0
  0
CLASS
  1
SCALE
  2
AcDbScale
  3
ObjectDBX Classes
 90
     1153
 91
        3
280
     0
281
     0
  0
CLASS
  1
TABLESTYLE
  2
AcDbTableStyle
  3
ObjectDBX Classes
 90
     4095
 91
        3
280
     0
281
     0
  0
CLASS
  1
MLEADERSTYLE
  2
AcDbMLeaderStyle
  3
ACDB_MLEADERSTYLE_CLASS
 90
     4095
 91
        3
280
     0
281
     0
  0
CLASS
  1
SUN
  2
AcDbSun
  3
SCENEOE
 90
     1153
 91
        3
280
     0
281
     0
  0
CLASS
  1
DICTIONARYVAR
  2
AcDbDictionaryVar
  3
ObjectDBX Classes
 90
        0
 91
        3
280
     0
281
     0
  0
CLASS
  1
CELLSTYLEMAP
  2
AcDbCellStyleMap
  3
ObjectDBX Classes
 90
     1152
 91
        3
280
     0
281
     0
  0
ENDSEC
  0
SECTION
  2
TABLES
  0
TABLE
  2
VPORT
  5
8
330
0
100
AcDbSymbolTable
 70
     1
  0
VPORT
  5
29
330
8
100
AcDbSymbolTableRecord
100
AcDbViewportTableRecord
  2
*Active
 70
     0
 10
0.0
 20
0.0
 11
1.0
 21
1.0
 12
22.16548922042882
 22
20.71186463566149
 13
0.0
 23
0.0
 14
0.5
 24
0.5
 15
0.5
 25
0.5
 16
0.0
 26
0.0
 36
1.0
 17
0.0
 27
0.0
 37
0.0
 40
42.80300385674946
 41
1.069280047794069
 42
50.0
 43
0.0
 44
0.0
 50
0.0
 51
0.0
 71
     0
 72
   100
 73
     1
 74
     3
 75
     0
 76
     0
 77
     0
 78
     0
281
     0
 65
     1
110
0.0
120
0.0
130
0.0
111
1.0
121
0.0
131
0.0
112
0.0
122
1.0
132
0.0
 79
     0
146
0.0
348
2F
 60
     3
 61
     5
292
     1
282
     1
141
0.0
142
0.0
 63
   250
361
5D
  0
ENDTAB
  0
TABLE
  2
LTYPE
  5
5
330
0
100
AcDbSymbolTable
 70
     3
  0
LTYPE
  5
14
330
5
100
AcDbSymbolTableRecord
100
AcDbLinetypeTableRecord
  2
ByBlock
 70
     0
  3

 72
    65
 73
     0
 40
0.0
  0
LTYPE
  5
15
330
5
100
AcDbSymbolTableRecord
100
AcDbLinetypeTableRecord
  2
ByLayer
 70
     0
  3

 72
    65
 73
     0
 40
0.0
  0
LTYPE
  5
16
330
5
100
AcDbSymbolTableRecord
100
AcDbLinetypeTableRecord
  2
Continuous
 70
     0
  3
Solid line
 72
    65
 73
     0
 40
0.0
  0
LTYPE
  5
73
330
5
100
AcDbSymbolTableRecord
100
AcDbLinetypeTableRecord
  2
Dashed
 70
     0
  3

 72
    65
 73
     2
 40
2.0
 49
1.0
 74
     0
 49
-1.0
 74
     0
  0
LTYPE
  5
3C6
330
5
100
AcDbSymbolTableRecord
100
AcDbLinetypeTableRecord
  2
Center
 70
     0
  3

 72
    65
 73
     4
 40
1.5
 49
0.45
 74
     0
 49
-0.5
 74
     0
 49
0.05
 74
     0
 49
-0.5
 74
     0
  0
ENDTAB
  0
TABLE
  2
LAYER
  5
2
330
0
100
AcDbSymbolTable
 70
     9
  0
LAYER
  5
10
330
2
100
AcDbSymbolTableRecord
100
AcDbLayerTableRecord
  2
0
 70
     0
 62
     7
  6
Continuous
370
    -3
390
F
347
46
348
0
  0
LAYER
  5
5E
330
2
100
AcDbSymbolTableRecord
100
AcDbLayerTableRecord
  2
AM_6
 70
     0
 62
    -2
  6
Continuous
370
    35
390
F
347
46
348
0
  0
LAYER
  5
74
330
2
100
AcDbSymbolTableRecord
100
AcDbLayerTableRecord
  2
AM_9
 70
     0
 62
     6
  6
Dashed
370
    25
390
F
347
46
348
0
  0
LAYER
  5
84
330
2
100
AcDbSymbolTableRecord
100
AcDbLayerTableRecord
  2
AM_0
 70
     0
 62
     7
  6
Continuous
370
    50
390
F
347
46
348
0
  0
LAYER
  5
F5
330
2
100
AcDbSymbolTableRecord
100
AcDbLayerTableRecord
  2
AM_4
 70
     0
 62
     3
  6
Continuous
370
    25
390
F
347
46
348
0
  0
LAYER
  5
3C7
330
2
100
AcDbSymbolTableRecord
100
AcDbLayerTableRecord
  2
AM_7
 70
     0
 62
     7
  6
Center
370
    25
390
F
347
46
348
0
  0
LAYER
  5
3DB
330
2
100
AcDbSymbolTableRecord
100
AcDbLayerTableRecord
  2
AM_5
 70
     0
 62
     3
  6
Continuous
370
    25
390
F
347
46
348
0
  0
LAYER
  5
3DD
330
2
100
AcDbSymbolTableRecord
100
AcDbLayerTableRecord
  2
Defpoints
 70
     0
 62
     7
  6
Continuous
290
     0
370
    -3
390
F
347
46
348
0
  0
LAYER
  5
3F9
330
2
100
AcDbSymbolTableRecord
100
AcDbLayerTableRecord
  2
2d ConnectionPoints
 70
     0
 62
     7
  6
Continuous
370
    50
390
F
347
46
348
0
  0
ENDTAB
  0
TABLE
  2
STYLE
  5
3
330
0
100
AcDbSymbolTable
 70
     1
  0
STYLE
  5
11
330
3
100
AcDbSymbolTableRecord
100
AcDbTextStyleTableRecord
  2
Standard
 70
     0
 40
0.0
 41
1.0
 50
0.0
 71
     0
 42
0.2
  3
txt
  4

  0
ENDTAB
  0
TABLE
  2
VIEW
  5
6
330
0
100
AcDbSymbolTable
 70
     0
  0
ENDTAB
  0
TABLE
  2
UCS
  5
7
330
0
100
AcDbSymbolTable
 70
     0
  0
ENDTAB
  0
TABLE
  2
APPID
  5
9
330
0
100
AcDbSymbolTable
 70
     1
  0
APPID
  5
12
330
9
100
AcDbSymbolTableRecord
100
AcDbRegAppTableRecord
  2
ACAD
 70
     0
  0
ENDTAB
  0
TABLE
  2
DIMSTYLE
  5
A
330
0
100
AcDbSymbolTable
 70
     1
100
AcDbDimStyleTable
  0
DIMSTYLE
105
27
102
{ACAD_REACTORS
330
3DC
330
3EB
102
}
330
A
100
AcDbSymbolTableRecord
100
AcDbDimStyleTableRecord
  2
Standard
 70
     0
178
     0
340
11
  0
ENDTAB
  0
TABLE
  2
BLOCK_RECORD
  5
1
330
0
100
AcDbSymbolTable
 70
     3
  0
BLOCK_RECORD
  5
1F
330
1
100
AcDbSymbolTableRecord
100
AcDbBlockTableRecord
  2
*Model_Space
340
22
 70
     0
280
     1
281
     0
  0
BLOCK_RECORD
  5
1B
330
1
100
AcDbSymbolTableRecord
100
AcDbBlockTableRecord
  2
*Paper_Space
340
1E
 70
     0
280
     1
281
     0
  0
BLOCK_RECORD
  5
23
330
1
100
AcDbSymbolTableRecord
100
AcDbBlockTableRecord
  2
*Paper_Space0
340
26
 70
     0
280
     1
281
     0
  0
BLOCK_RECORD
  5
3DE
330
1
100
AcDbSymbolTableRecord
100
AcDbBlockTableRecord
  2
*D1
340
0
 70
     0
280
     1
281
     0
  0
BLOCK_RECORD
  5
3EC
330
1
100
AcDbSymbolTableRecord
100
AcDbBlockTableRecord
  2
*D2
340
0
 70
     0
280
     1
281
     0
  0
ENDTAB
  0
ENDSEC
  0
SECTION
  2
BLOCKS
  0
BLOCK
  5
20
330
1F
100
AcDbEntity
  8
0
100
AcDbBlockBegin
  2
*Model_Space
 70
     2
 10
0.0
 20
0.0
 30
0.0
  3
*Model_Space
  1

  0
ENDBLK
  5
21
330
1F
100
AcDbEntity
  8
0
100
AcDbBlockEnd
  0
BLOCK
  5
1C
330
1B
100
AcDbEntity
 67
     1
  8
0
100
AcDbBlockBegin
  2
*Paper_Space
 70
     0
 10
0.0
 20
0.0
 30
0.0
  3
*Paper_Space
  1

  0
ENDBLK
  5
1D
330
1B
100
AcDbEntity
 67
     1
  8
0
100
AcDbBlockEnd
  0
BLOCK
  5
24
330
23
100
AcDbEntity
  8
0
100
AcDbBlockBegin
  2
*Paper_Space0
 70
     0
 10
0.0
 20
0.0
 30
0.0
  3
*Paper_Space0
  1

  0
ENDBLK
  5
25
330
23
100
AcDbEntity
  8
0
100
AcDbBlockEnd
  0
BLOCK
  5
3DF
330
3DE
100
AcDbEntity
  8
0
100
AcDbBlockBegin
  2
*D1
 70
     1
 10
0.0
 20
0.0
 30
0.0
  3
*D1
  1

  0
LINE
  5
3E1
330
3DE
100
AcDbEntity
  8
AM_5
 62
     0
370
    -2
100
AcDbLine
 10
-0.25
 20
17.5
 30
0.0
 11
-0.25
 21
40.27000045776367
 31
0.0
  0
LINE
  5
3E2
330
3DE
100
AcDbEntity
  8
AM_5
 62
     0
370
    -2
100
AcDbLine
 10
35.25
 20
17.5
 30
0.0
 11
35.25
 21
40.27000045776367
 31
0.0
  0
LINE
  5
3E3
330
3DE
100
AcDbEntity
  8
AM_5
 62
     0
370
    -2
100
AcDbLine
 10
1.75
 20
40.27000045776367
 30
0.0
 11
11.54677966101695
 21
40.27000045776367
 31
0.0
  0
LINE
  5
3E4
330
3DE
100
AcDbEntity
  8
AM_5
 62
     0
370
    -2
100
AcDbLine
 10
33.25
 20
40.27000045776367
 30
0.0
 11
23.45322033898305
 21
40.27000045776367
 31
0.0
  0
SOLID
  5
3E5
330
3DE
100
AcDbEntity
  8
AM_5
 62
     0
100
AcDbTrace
 10
1.75
 20
40.60333379109701
 30
0.0
 11
1.75
 21
39.93666712443034
 31
0.0
 12
-0.25
 22
40.27000045776367
 32
0.0
 13
-0.25
 23
40.27000045776367
 33
0.0
  0
SOLID
  5
3E6
330
3DE
100
AcDbEntity
  8
AM_5
 62
     0
100
AcDbTrace
 10
33.25
 20
39.93666712443034
 30
0.0
 11
33.25
 21
40.60333379109701
 31
0.0
 12
35.25
 22
40.27000045776367
 32
0.0
 13
35.25
 23
40.27000045776367
 33
0.0
  0
MTEXT
  5
3E7
330
3DE
100
AcDbEntity
  8
AM_5
 62
     0
100
AcDbMText
 10
17.5
 20
40.27000045776367
 30
0.0
 40
2.0
 41
0.0
 46
0.0
 71
     5
 72
     1
  1
\A1;35.5 in
 73
     1
 44
1.0
  0
POINT
  5
3E8
330
3DE
100
AcDbEntity
  8
Defpoints
 62
     0
100
AcDbPoint
 10
-0.25
 20
17.5
 30
0.0
  0
POINT
  5
3E9
330
3DE
100
AcDbEntity
  8
Defpoints
 62
     0
100
AcDbPoint
 10
35.25
 20
17.5
 30
0.0
  0
POINT
  5
3EA
330
3DE
100
AcDbEntity
  8
Defpoints
 62
     0
100
AcDbPoint
 10
35.25
 20
40.27000045776367
 30
0.0
  0
ENDBLK
  5
3E0
330
3DE
100
AcDbEntity
  8
0
100
AcDbBlockEnd
  0
BLOCK
  5
3ED
330
3EC
100
AcDbEntity
  8
0
100
AcDbBlockBegin
  2
*D2
 70
     1
 10
0.0
 20
0.0
 30
0.0
  3
*D2
  1

  0
LINE
  5
3EF
330
3EC
100
AcDbEntity
  8
AM_5
 62
     0
370
    -2
100
AcDbLine
 10
17.5
 20
-0.2499999999999999
 30
0.0
 11
40.27000045776367
 21
-0.2500000000000003
 31
0.0
  0
LINE
  5
3F0
330
3EC
100
AcDbEntity
  8
AM_5
 62
     0
370
    -2
100
AcDbLine
 10
17.5
 20
35.25
 30
0.0
 11
40.27000045776367
 21
35.25
 31
0.0
  0
LINE
  5
3F1
330
3EC
100
AcDbEntity
  8
AM_5
 62
     0
370
    -2
100
AcDbLine
 10
40.27000045776367
 20
1.75
 30
0.0
 11
40.27000045776367
 21
11.54677966101695
 31
0.0
  0
LINE
  5
3F2
330
3EC
100
AcDbEntity
  8
AM_5
 62
     0
370
    -2
100
AcDbLine
 10
40.27000045776367
 20
33.25
 30
0.0
 11
40.27000045776367
 21
23.45322033898305
 31
0.0
  0
SOLID
  5
3F3
330
3EC
100
AcDbEntity
  8
AM_5
 62
     0
100
AcDbTrace
 10
39.93666712443034
 20
1.75
 30
0.0
 11
40.60333379109701
 21
1.75
 31
0.0
 12
40.27000045776367
 22
-0.2500000000000003
 32
0.0
 13
40.27000045776367
 23
-0.2500000000000003
 33
0.0
  0
SOLID
  5
3F4
330
3EC
100
AcDbEntity
  8
AM_5
 62
     0
100
AcDbTrace
 10
40.60333379109701
 20
33.25
 30
0.0
 11
39.93666712443034
 21
33.25
 31
0.0
 12
40.27000045776367
 22
35.25
 32
0.0
 13
40.27000045776367
 23
35.25
 33
0.0
  0
MTEXT
  5
3F5
330
3EC
100
AcDbEntity
  8
AM_5
 62
     0
100
AcDbMText
 10
40.27000045776367
 20
17.5
 30
0.0
 40
2.0
 41
0.0
 46
0.0
 71
     5
 72
     1
  1
\A1;35.5 in
 11
6.123233995736766E-17
 21
1.0
 31
0.0
 73
     1
 44
1.0
  0
POINT
  5
3F6
330
3EC
100
AcDbEntity
  8
Defpoints
 62
     0
100
AcDbPoint
 10
17.5
 20
-0.2499999999999999
 30
0.0
  0
POINT
  5
3F7
330
3EC
100
AcDbEntity
  8
Defpoints
 62
     0
100
AcDbPoint
 10
17.5
 20
35.25
 30
0.0
  0
POINT
  5
3F8
330
3EC
100
AcDbEntity
  8
Defpoints
 62
     0
100
AcDbPoint
 10
40.27000045776367
 20
35.25
 30
0.0
  0
ENDBLK
  5
3EE
330
3EC
100
AcDbEntity
  8
0
100
AcDbBlockEnd
  0
ENDSEC
  0
SECTION
  2
ENTITIES
  0
ATTDEF
  5
5F
330
1F
100
AcDbEntity
  8
AM_6
100
AcDbText
 10
40.26741911882372
 20
35.26686552811171
 30
0.0
 40
0.5
  1
DH_Heat_Pump-Daikin-DH4SEA4830A-300
100
AcDbAttributeDefinition
  3

  2
NB
 70
     8
280
     0
  0
ATTDEF
  5
60
330
1F
100
AcDbEntity
  8
AM_6
100
AcDbText
 10
40.26741911882372
 20
34.76686552811171
 30
0.0
 40
0.5
  1
(R32)  Heat Pump Outdoor DH4-DH6 3 Phase
100
AcDbAttributeDefinition
  3

  2
NN
 70
     8
280
     0
  0
ATTDEF
  5
61
330
1F
100
AcDbEntity
  8
AM_6
100
AcDbText
 10
40.26741911882372
 20
34.26686552811171
 30
0.0
 40
0.5
  1

100
AcDbAttributeDefinition
  3

  2
NT
 70
     8
280
     0
  0
ATTDEF
  5
62
330
1F
100
AcDbEntity
  8
AM_6
100
AcDbText
 10
40.26741911882372
 20
33.76686552811171
 30
0.0
 40
0.5
  1
DH_Heat_Pump-Daikin-$PN.-$LOG.
100
AcDbAttributeDefinition
  3

  2
NBSYN
 70
     8
280
     0
  0
ATTDEF
  5
63
330
1F
100
AcDbEntity
  8
AM_6
100
AcDbText
 10
40.26741911882372
 20
33.26686552811171
 30
0.0
 40
0.5
  1
DH_Heat_Pump-Daikin-DH4SEA4830A-300
100
AcDbAttributeDefinition
  3

  2
LINA
 70
     8
280
     0
  0
ATTDEF
  5
64
330
1F
100
AcDbEntity
  8
AM_6
100
AcDbText
 10
40.26741911882372
 20
32.76686552811171
 30
0.0
 40
0.5
  1
Daikin
100
AcDbAttributeDefinition
  3

  2
CATALOG
 70
     8
280
     0
  0
ATTDEF
  5
65
330
1F
100
AcDbEntity
  8
AM_6
100
AcDbText
 10
40.26741911882372
 20
32.26686552811171
 30
0.0
 40
0.5
  1
DH4SEA4830A
100
AcDbAttributeDefinition
  3

  2
PN
 70
     8
280
     0
  0
ATTDEF
  5
66
330
1F
100
AcDbEntity
  8
AM_6
100
AcDbText
 10
40.26741911882372
 20
31.76686552811171
 30
0.0
 40
0.5
  1
4.0 Ton 3 ph Heat Pump 208/230V
100
AcDbAttributeDefinition
  3

  2
DESC
 70
     8
280
     0
  0
ATTDEF
  5
67
330
1F
100
AcDbEntity
  8
AM_6
100
AcDbText
 10
40.26741911882372
 20
31.26686552811171
 30
0.0
 40
0.5
  1
300
100
AcDbAttributeDefinition
  3

  2
LOG
 70
     8
280
     0
  0
ATTDEF
  5
68
330
1F
100
AcDbEntity
  8
AM_6
100
AcDbText
 10
40.26741911882372
 20
30.76686552811171
 30
0.0
 40
0.5
  1
35.500
100
AcDbAttributeDefinition
  3

  2
OD
 70
     8
280
     0
  0
ATTDEF
  5
69
330
1F
100
AcDbEntity
  8
AM_6
100
AcDbText
 10
40.26741911882372
 20
30.26686552811171
 30
0.0
 40
0.5
  1
36.500
100
AcDbAttributeDefinition
  3

  2
OH
 70
     8
280
     0
  0
ATTDEF
  5
6A
330
1F
100
AcDbEntity
  8
AM_6
100
AcDbText
 10
40.26741911882372
 20
29.76686552811171
 30
0.0
 40
0.5
  1
35.500
100
AcDbAttributeDefinition
  3

  2
OW
 70
     8
280
     0
  0
ATTDEF
  5
6B
330
1F
100
AcDbEntity
  8
AM_6
100
AcDbText
 10
40.26741911882372
 20
29.26686552811171
 30
0.0
 40
0.5
  1
https://daikincomfort.com
100
AcDbAttributeDefinition
  3

  2
URL
 70
     8
280
     0
  0
ATTDEF
  5
6C
330
1F
100
AcDbEntity
  8
AM_6
100
AcDbText
 10
40.26741911882372
 20
28.76686552811171
 30
0.0
 40
0.5
  1
Download Revit Family (RFA)
100
AcDbAttributeDefinition
  3

  2
RFAFAMILY
 70
     8
280
     0
  0
ATTDEF
  5
6D
330
1F
100
AcDbEntity
  8
AM_6
100
AcDbText
 10
40.26741911882372
 20
28.26686552811171
 30
0.0
 40
0.5
  1
daikin
100
AcDbAttributeDefinition
  3

  2
COMPANY
 70
     8
280
     0
  0
ATTDEF
  5
6E
330
1F
100
AcDbEntity
  8
AM_6
100
AcDbText
 10
40.26741911882372
 20
27.76686552811171
 30
0.0
 40
0.5
  1
{$CADENAS_DATA/23d-libs/daikin/light20commercial20split/heat20pumps/dh_heat_pump.prj},250 {VTYP=3D},{NB=DH_Heat_Pump-Daikin-DH4SEA4830A-300},{LINA=DH_Heat_Pump-Daikin-DH4SEA4830A-300},{NN=(R32)  Heat Pump Outdoor DH4-DH6 3 Phase},{DATE=03.06.2026 19
100
AcDbAttributeDefinition
  3

  2
PSOL_0
 70
     9
280
     0
  0
ATTDEF
  5
6F
330
1F
100
AcDbEntity
  8
AM_6
100
AcDbText
 10
40.26741911882372
 20
27.26686552811171
 30
0.0
 40
0.5
  1
},{GEOMDATE=29.08.2025 01:38:52},{VERSION=},{LINEID=20},{WBVAR=LOG},{WBNUMERIC=LOG}  {NB=DH_Heat_Pump-Daikin-DH4SEA4830A-300},{LINA=DH_Heat_Pump-Daikin-DH4SEA4830A-300},{KT=DUMMY},{PN=DH4SEA4830A},{DESC=4.0 Ton 3 ph Heat Pump 208/230V},{LOG=300},{NC
100
AcDbAttributeDefinition
  3

  2
PSOL_1
 70
     9
280
     0
  0
ATTDEF
  5
70
330
1F
100
AcDbEntity
  8
AM_6
100
AcDbText
 10
40.26741911882372
 20
26.76686552811171
 30
0.0
 40
0.5
  1
=208/230-3},{W=35.500},{D=35.500},{H=36.500},{R=119.080},{Y=83.310},{NO1=9},{NO2=63.000},{LL=0.375},{SG=0.875},{WMM=901.700},{H2=73.000},{W12=17.750},{D12=17.750},{T=0.500},{H12=35.588},{F=60.000},{P=3},{V=230},{VC=208 VAC -230 VAC},{MCA=16.500},{MO
100
AcDbAttributeDefinition
  3

  2
PSOL_2
 70
     9
280
     0
  0
ATTDEF
  5
71
330
1F
100
AcDbEntity
  8
AM_6
100
AcDbText
 10
40.26741911882372
 20
26.26686552811171
 30
0.0
 40
0.5
  1
00},{RLD=0.375},{RSG=0.875},{RHD=0.000},{VT=Sweat},{UW=0.236 kip},{UWV=236.000},{OD=35.500},{OH=36.500},{OW=35.500},{CT=Scroll},{CTS=S},{RU=R-32},{RC=174},{SPL=74},{EER=NA},{IEER=NA},{SEER2=14.3},{NCC=36},{M=Daikin},{MODEL=DH4},{URL=https://daikinco
100
AcDbAttributeDefinition
  3

  2
PSOL_3
 70
     9
280
     0
  0
ATTDEF
  5
72
330
1F
100
AcDbEntity
  8
AM_6
100
AcDbText
 10
40.26741911882372
 20
25.76686552811171
 30
0.0
 40
0.5
  1
com},{DESCRIPTION=Heat Pump},{CAL=3795.000},{RFAFAMILY=Download Revit Family (RFA)},{RFAFAMILYPATH=../../light20commercial20split/heat20pumps/heat_pump-outdoor-daikin-dh4_dh6_3ph.rfa}
100
AcDbAttributeDefinition
  3

  2
PSOL_4
 70
     9
280
     0
  0
ARC
  5
75
330
1F
100
AcDbEntity
  8
AM_9
100
AcDbCircle
 10
28.50999999999999
 20
6.990000000000011
 30
0.0
 40
3.60000000000001
100
AcDbArc
 50
270.0000000000001
 51
359.9999999999998
  0
LINE
  5
76
330
1F
100
AcDbEntity
  8
AM_9
100
AcDbLine
 10
28.51
 20
3.390000000000001
 30
0.0
 11
8.923447251418768
 21
3.390000000000001
 31
0.0
  0
ARC
  5
77
330
1F
100
AcDbEntity
  8
AM_9
100
AcDbCircle
 10
8.923447251418766
 20
4.330000000000005
 30
0.0
 40
0.9400000000000028
100
AcDbArc
 50
200.8472410665061
 51
270.0000000000001
  0
ARC
  5
78
330
1F
100
AcDbEntity
  8
AM_9
100
AcDbCircle
 10
3.119999999999981
 20
2.119999999999994
 30
0.0
 40
5.270000000000021
100
AcDbArc
 50
20.84724106650599
 51
67.07200977783225
  0
ARC
  5
79
330
1F
100
AcDbEntity
  8
AM_9
100
AcDbCircle
 10
6.310999999999984
 20
9.663871685016916
 30
0.0
 40
2.920999999999983
100
AcDbArc
 50
179.9999999999998
 51
247.0720097778326
  0
LINE
  5
7A
330
1F
100
AcDbEntity
  8
AM_9
100
AcDbLine
 10
3.390000000000001
 20
9.663871685016929
 30
0.0
 11
3.390000000000001
 21
28.50999999999999
 31
0.0
  0
ARC
  5
7B
330
1F
100
AcDbEntity
  8
AM_9
100
AcDbCircle
 10
6.990000000000006
 20
28.50999999999999
 30
0.0
 40
3.600000000000005
100
AcDbArc
 50
90.00000000000009
 51
180.0
  0
LINE
  5
7C
330
1F
100
AcDbEntity
  8
AM_9
100
AcDbLine
 10
6.989999999999999
 20
32.11
 30
0.0
 11
28.51
 21
32.11
 31
0.0
  0
ARC
  5
7D
330
1F
100
AcDbEntity
  8
AM_9
100
AcDbCircle
 10
28.51
 20
28.51
 30
0.0
 40
3.599999999999998
100
AcDbArc
 50
359.9999999999999
 51
90.00000000000006
  0
LINE
  5
7E
330
1F
100
AcDbEntity
  8
AM_9
100
AcDbLine
 10
32.11
 20
28.51
 30
0.0
 11
32.11
 21
6.989999999999999
 31
0.0
  0
LINE
  5
7F
330
1F
100
AcDbEntity
  8
AM_9
100
AcDbLine
 10
5.123633991939766
 20
2.863164016221192
 30
0.0
 11
5.951414788548038
 21
2.056835983778816
 31
0.0
  0
ARC
  5
80
330
1F
100
AcDbEntity
  8
AM_9
100
AcDbCircle
 10
6.300296627405131
 20
2.415000000000002
 30
0.0
 40
0.4999999999999964
100
AcDbArc
 50
225.7521422180147
 51
270.0000000000004
  0
ARC
  5
81
330
1F
100
AcDbEntity
  8
AM_9
100
AcDbCircle
 10
4.77475215308264
 20
2.50499999999992
 30
0.0
 40
0.5000000000000805
100
AcDbArc
 50
45.75214221801885
 51
89.99999999999655
  0
ARC
  5
82
330
1F
100
AcDbEntity
  8
AM_9
100
AcDbCircle
 10
8.345999999999997
 20
1.415000000000003
 30
0.0
 40
0.5000000000000036
100
AcDbArc
 50
0.0000000000001272
 51
89.99999999999982
  0
LINE
  5
83
330
1F
100
AcDbEntity
  8
AM_9
100
AcDbLine
 10
8.846
 20
1.415000000000004
 30
0.0
 11
8.846
 21
0.7115773569473802
 31
0.0
  0
ARC
  5
85
330
1F
100
AcDbEntity
  8
AM_0
100
AcDbCircle
 10
9.606
 20
0.7115773569473637
 30
0.0
 40
0.7599999999999838
100
AcDbArc
 50
246.9886953263469
 51
269.9999999999997
  0
ARC
  5
86
330
1F
100
AcDbEntity
  8
AM_9
100
AcDbCircle
 10
9.605999999999996
 20
0.7115773569473794
 30
0.0
 40
0.7599999999999962
100
AcDbArc
 50
179.9999999999999
 51
246.9886953263476
  0
LINE
  5
87
330
1F
100
AcDbEntity
  8
AM_0
100
AcDbLine
 10
9.605999999999996
 20
-0.0484226430526193
 30
0.0
 11
10.23902439024369
 21
-0.0484226430526106
 31
0.0
  0
LINE
  5
88
330
1F
100
AcDbEntity
  8
AM_0
100
AcDbLine
 10
0.3589408414487786
 20
5.27735772357724
 30
0.0
 11
0.358940841448783
 21
3.765000000000005
 31
0.0
  0
ARC
  5
89
330
1F
100
AcDbEntity
  8
AM_9
100
AcDbCircle
 10
1.118940841448804
 20
3.765000000000021
 30
0.0
 40
0.76000000000002
100
AcDbArc
 50
225.8417495646015
 51
269.9999999999984
  0
ARC
  5
8A
330
1F
100
AcDbEntity
  8
AM_0
100
AcDbCircle
 10
1.118940841448805
 20
3.765000000000023
 30
0.0
 40
0.7600000000000217
100
AcDbArc
 50
180.0000000000013
 51
225.8417495646015
  0
LINE
  5
8B
330
1F
100
AcDbEntity
  8
AM_9
100
AcDbLine
 10
1.118940841448782
 20
3.005000000000001
 30
0.0
 11
4.77475215308267
 21
3.005000000000001
 31
0.0
  0
LINE
  5
8C
330
1F
100
AcDbEntity
  8
AM_9
100
AcDbLine
 10
6.300296627405134
 20
1.915000000000006
 30
0.0
 11
8.345999999999998
 21
1.915000000000006
 31
0.0
  0
LINE
  5
8D
330
1F
100
AcDbEntity
  8
AM_9
100
AcDbLine
 10
4.194000000000001
 20
3.728794305555892
 30
0.0
 11
4.194000000000001
 21
4.379999999999999
 31
0.0
  0
LINE
  5
8E
330
1F
100
AcDbEntity
  8
AM_9
100
AcDbLine
 10
3.820000000000001
 20
4.379999999999999
 30
0.0
 11
3.820000000000001
 21
3.729721685176965
 31
0.0
  0
LINE
  5
8F
330
1F
100
AcDbEntity
  8
AM_9
100
AcDbLine
 10
3.722000000000001
 20
3.662000000000003
 30
0.0
 11
3.722000000000001
 21
3.569872660034022
 31
0.0
  0
LINE
  5
90
330
1F
100
AcDbEntity
  8
AM_9
100
AcDbLine
 10
3.722000000022831
 20
3.576157731144087
 30
0.0
 11
3.723178145526763
 21
3.580437273221895
 31
0.0
  0
LINE
  5
91
330
1F
100
AcDbEntity
  8
AM_9
100
AcDbLine
 10
3.790147515577986
 20
3.700000000000004
 30
0.0
 11
3.788486287580292
 21
3.698183645855449
 31
0.0
  0
LINE
  5
92
330
1F
100
AcDbEntity
  8
AM_9
100
AcDbLine
 10
3.760461970479197
 20
3.662000000000003
 30
0.0
 11
3.722000000000001
 21
3.662000000000003
 31
0.0
  0
LINE
  5
93
330
1F
100
AcDbEntity
  8
AM_9
100
AcDbLine
 10
3.760000000000001
 20
3.700000000000004
 30
0.0
 11
3.790147515577986
 21
3.700000000000004
 31
0.0
  0
ARC
  5
94
330
1F
100
AcDbEntity
  8
AM_9
100
AcDbCircle
 10
3.760000000000006
 20
3.661999999999999
 30
0.0
 40
0.0380000000000051
100
AcDbArc
 50
90.00000000000803
 51
179.9999999999947
  0
LINE
  5
95
330
1F
100
AcDbEntity
  8
AM_9
100
AcDbLine
 10
4.292000000000002
 20
3.563935123051396
 30
0.0
 11
4.292000000000002
 21
3.662000000000003
 31
0.0
  0
LINE
  5
96
330
1F
100
AcDbEntity
  8
AM_9
100
AcDbLine
 10
4.253538029520805
 20
3.662000000000003
 30
0.0
 11
4.292000000000002
 21
3.662000000000003
 31
0.0
  0
LINE
  5
97
330
1F
100
AcDbEntity
  8
AM_9
100
AcDbLine
 10
4.223852484422016
 20
3.700000000000004
 30
0.0
 11
4.254000000000001
 21
3.700000000000004
 31
0.0
  0
ARC
  5
98
330
1F
100
AcDbEntity
  8
AM_9
100
AcDbCircle
 10
4.253999999999998
 20
3.662000000000001
 30
0.0
 40
0.0380000000000038
100
AcDbArc
 50
0.0000000000020088
 51
89.99999999999464
  0
LINE
  5
99
330
1F
100
AcDbEntity
  8
AM_9
100
AcDbLine
 10
3.347000000000001
 20
3.584881995293127
 30
0.0
 11
2.777000000000001
 21
3.584881995293127
 31
0.0
  0
LINE
  5
9A
330
1F
100
AcDbEntity
  8
AM_9
100
AcDbLine
 10
4.207000000000002
 20
1.551000000000003
 30
0.0
 11
4.207000000000002
 21
2.877999999999999
 31
0.0
  0
LINE
  5
9B
330
1F
100
AcDbEntity
  8
AM_9
100
AcDbLine
 10
3.807000000000001
 20
2.877999999999999
 30
0.0
 11
3.807000000000001
 21
1.551000000000003
 31
0.0
  0
LINE
  5
9C
330
1F
100
AcDbEntity
  8
AM_9
100
AcDbLine
 10
3.807000000000001
 20
2.877999999999999
 30
0.0
 11
4.207000000000002
 21
2.877999999999999
 31
0.0
  0
LINE
  5
9D
330
1F
100
AcDbEntity
  8
AM_9
100
AcDbLine
 10
4.207000000000002
 20
2.877999999999999
 30
0.0
 11
4.227500000000001
 21
3.142000000000003
 31
0.0
  0
LINE
  5
9E
330
1F
100
AcDbEntity
  8
AM_9
100
AcDbLine
 10
3.786500000000001
 20
3.142000000000003
 30
0.0
 11
3.807000000000001
 21
2.877999999999999
 31
0.0
  0
LINE
  5
9F
330
1F
100
AcDbEntity
  8
AM_9
100
AcDbLine
 10
3.722000000000001
 20
3.142000000000003
 30
0.0
 11
4.292000000000002
 21
3.142000000000003
 31
0.0
  0
LINE
  5
A0
330
1F
100
AcDbEntity
  8
AM_9
100
AcDbLine
 10
4.292000000000002
 20
3.142000000000003
 30
0.0
 11
4.292000000000002
 21
3.422847010921744
 31
0.0
  0
LINE
  5
A1
330
1F
100
AcDbEntity
  8
AM_9
100
AcDbLine
 10
3.722000000000001
 20
3.423215551399562
 30
0.0
 11
3.722000000000001
 21
3.142000000000003
 31
0.0
  0
LINE
  5
A2
330
1F
100
AcDbEntity
  8
AM_9
100
AcDbLine
 10
5.671000000000011
 20
2.600000000000009
 30
0.0
 11
5.679050207500811
 21
2.600000000000009
 31
0.0
  0
LINE
  5
A3
330
1F
100
AcDbEntity
  8
AM_9
100
AcDbLine
 10
6.654949792499191
 20
2.600000000000009
 30
0.0
 11
6.662999999999994
 21
2.600000000000009
 31
0.0
  0
LINE
  5
A4
330
1F
100
AcDbEntity
  8
AM_9
100
AcDbLine
 10
3.712000000000001
 20
1.551000000000003
 30
0.0
 11
4.302000000000001
 21
1.551000000000003
 31
0.0
  0
LINE
  5
A5
330
1F
100
AcDbEntity
  8
AM_9
100
AcDbLine
 10
3.712000000000001
 20
1.021999999999998
 30
0.0
 11
4.302000000000001
 21
1.021999999999998
 31
0.0
  0
LINE
  5
A6
330
1F
100
AcDbEntity
  8
AM_9
100
AcDbLine
 10
4.302000000000001
 20
1.021999999999998
 30
0.0
 11
4.302000000000001
 21
1.551000000000003
 31
0.0
  0
LINE
  5
A7
330
1F
100
AcDbEntity
  8
AM_9
100
AcDbLine
 10
3.712000000000001
 20
1.551000000000003
 30
0.0
 11
3.712000000000001
 21
1.021999999999998
 31
0.0
  0
LINE
  5
A8
330
1F
100
AcDbEntity
  8
AM_9
100
AcDbLine
 10
3.347000000000001
 20
3.302000000000001
 30
0.0
 11
3.416999999999999
 21
3.302000000000001
 31
0.0
  0
LINE
  5
A9
330
1F
100
AcDbEntity
  8
AM_9
100
AcDbLine
 10
3.416999999999999
 20
3.655999999999996
 30
0.0
 11
3.347000000000001
 21
3.655999999999996
 31
0.0
  0
LWPOLYLINE
  5
AA
330
1F
100
AcDbEntity
  8
AM_9
100
AcDbPolyline
 90
        4
 70
     0
 43
0.0
 10
3.804201000499536
 20
3.714237171848426
 10
3.806759008072214
 20
3.716629972884126
 10
3.816064482452272
 20
3.724874694305034
 10
3.816212149036982
 20
3.724999990944261
  0
LWPOLYLINE
  5
AB
330
1F
100
AcDbEntity
  8
AM_9
100
AcDbPolyline
 90
        4
 70
     0
 43
0.0
 10
3.881409530012138
 20
3.233069233979613
 10
3.880519146870531
 20
3.233489974313072
 10
3.871090338353695
 20
3.238172644914269
 10
3.868367819300139
 20
3.239603920009525
  0
LWPOLYLINE
  5
AC
330
1F
100
AcDbEntity
  8
AM_9
100
AcDbPolyline
 90
        4
 70
     0
 43
0.0
 10
3.735159141126799
 20
3.662000000000003
 10
3.745198500947272
 20
3.677221366092299
 10
3.767820018455331
 20
3.691784806127934
 10
3.788486287580292
 20
3.698183645855449
  0
LWPOLYLINE
  5
AD
330
1F
100
AcDbEntity
  8
AM_9
100
AcDbPolyline
 90
        4
 70
     0
 43
0.0
 10
3.735159141126799
 20
3.662000000000003
 10
3.729176066314709
 20
3.639477906444207
 10
3.723189444074262
 20
3.580709858733908
 10
3.723178145526763
 20
3.580437273221895
  0
LWPOLYLINE
  5
AE
330
1F
100
AcDbEntity
  8
AM_9
100
AcDbPolyline
 90
        7
 70
     0
 43
0.0
 10
3.722190842648729
 20
3.423131645725562
 10
3.723108730005935
 20
3.379287463724649
 10
3.730811413487273
 20
3.310979164331469
 10
3.752699185260847
 20
3.2650019846036
 10
3.78872322181711
 20
3.242229387425342
 10
3.83912870142454
 20
3.233788999472393
 10
3.881409530012138
 20
3.233069233979613
  0
LINE
  5
AF
330
1F
100
AcDbEntity
  8
AM_9
100
AcDbLine
 10
3.416999999999999
 20
3.233000000000001
 30
0.0
 11
3.881945448161177
 21
3.233000000000001
 31
0.0
  0
LINE
  5
B0
330
1F
100
AcDbEntity
  8
AM_9
100
AcDbLine
 10
3.815308507859035
 20
3.724999999999996
 30
0.0
 11
3.416999999999999
 21
3.724999999999996
 31
0.0
  0
LINE
  5
B1
330
1F
100
AcDbEntity
  8
AM_9
100
AcDbLine
 10
3.416999999999999
 20
3.724999999999996
 30
0.0
 11
3.416999999999999
 21
3.233000000000001
 31
0.0
  0
LINE
  5
B2
330
1F
100
AcDbEntity
  8
AM_9
100
AcDbLine
 10
2.777000000000001
 20
3.176118004706871
 30
0.0
 11
2.777000000000001
 21
3.781881995293127
 31
0.0
  0
LINE
  5
B3
330
1F
100
AcDbEntity
  8
AM_9
100
AcDbLine
 10
3.347000000000001
 20
3.176118004706871
 30
0.0
 11
3.347000000000001
 21
3.781881995293127
 31
0.0
  0
LINE
  5
B4
330
1F
100
AcDbEntity
  8
AM_9
100
AcDbLine
 10
3.347000000000001
 20
3.176118004706871
 30
0.0
 11
2.777000000000001
 21
3.176118004706871
 31
0.0
  0
LINE
  5
B5
330
1F
100
AcDbEntity
  8
AM_9
100
AcDbLine
 10
3.347000000000001
 20
3.373118004706872
 30
0.0
 11
2.777000000000001
 21
3.373118004706872
 31
0.0
  0
LINE
  5
B6
330
1F
100
AcDbEntity
  8
AM_9
100
AcDbLine
 10
3.347000000000001
 20
3.781881995293127
 30
0.0
 11
2.777000000000001
 21
3.781881995293127
 31
0.0
  0
CIRCLE
  5
B7
330
1F
100
AcDbEntity
  8
AM_9
100
AcDbCircle
 10
4.007000000000001
 20
3.499999999999999
 30
0.0
 40
0.2950000000000033
  0
LINE
  5
B8
330
1F
100
AcDbEntity
  8
AM_9
100
AcDbLine
 10
6.603999999999997
 20
3.181000000000005
 30
0.0
 11
6.603999999999997
 21
4.037000000000007
 31
0.0
  0
LINE
  5
B9
330
1F
100
AcDbEntity
  8
AM_9
100
AcDbLine
 10
5.730000000000007
 20
4.037000000000007
 30
0.0
 11
5.730000000000007
 21
3.181000000000005
 31
0.0
  0
LINE
  5
BA
330
1F
100
AcDbEntity
  8
AM_9
100
AcDbLine
 10
5.730000000000007
 20
4.037000000000007
 30
0.0
 11
6.603999999999997
 21
4.037000000000007
 31
0.0
  0
LINE
  5
BB
330
1F
100
AcDbEntity
  8
AM_9
100
AcDbLine
 10
6.603999999999997
 20
4.037000000000007
 30
0.0
 11
6.653999999999993
 21
4.273000000000001
 31
0.0
  0
LINE
  5
BC
330
1F
100
AcDbEntity
  8
AM_9
100
AcDbLine
 10
5.680000000000011
 20
4.273000000000001
 30
0.0
 11
5.730000000000007
 21
4.037000000000007
 31
0.0
  0
LINE
  5
BD
330
1F
100
AcDbEntity
  8
AM_9
100
AcDbLine
 10
5.680000000000011
 20
4.273000000000001
 30
0.0
 11
6.653999999999993
 21
4.273000000000001
 31
0.0
  0
LINE
  5
BE
330
1F
100
AcDbEntity
  8
AM_9
100
AcDbLine
 10
6.653999999999993
 20
4.273000000000001
 30
0.0
 11
6.653999999999993
 21
4.379999999999997
 31
0.0
  0
LINE
  5
BF
330
1F
100
AcDbEntity
  8
AM_9
100
AcDbLine
 10
5.680000000000011
 20
4.379999999999997
 30
0.0
 11
5.680000000000011
 21
4.273000000000001
 31
0.0
  0
LINE
  5
C0
330
1F
100
AcDbEntity
  8
AM_9
100
AcDbLine
 10
6.229864934581951
 20
3.181000000000005
 30
0.0
 11
6.662999999999994
 21
3.181000000000005
 31
0.0
  0
LINE
  5
C1
330
1F
100
AcDbEntity
  8
AM_9
100
AcDbLine
 10
5.671000000000011
 20
3.181000000000005
 30
0.0
 11
5.671000000000011
 21
2.688999999999997
 31
0.0
  0
LINE
  5
C2
330
1F
100
AcDbEntity
  8
AM_9
100
AcDbLine
 10
5.671000000000011
 20
3.181000000000005
 30
0.0
 11
6.104135065418052
 21
3.181000000000005
 31
0.0
  0
LINE
  5
C3
330
1F
100
AcDbEntity
  8
AM_9
100
AcDbLine
 10
3.262000000000001
 20
2.780483524549743
 30
0.0
 11
3.262000000000001
 21
3.274118004706873
 31
0.0
  0
LINE
  5
C4
330
1F
100
AcDbEntity
  8
AM_9
100
AcDbLine
 10
2.872000000000001
 20
3.274118004706873
 30
0.0
 11
2.872000000000001
 21
2.780483524549743
 31
0.0
  0
LINE
  5
C5
330
1F
100
AcDbEntity
  8
AM_9
100
AcDbLine
 10
3.833956652829425
 20
3.875
 30
0.0
 11
4.180043347170577
 21
3.875
 31
0.0
  0
ARC
  5
C6
330
1F
100
AcDbEntity
  8
AM_9
100
AcDbCircle
 10
4.007000000000061
 20
3.499999999999899
 30
0.0
 40
0.4130000000001123
100
AcDbArc
 50
114.7709112858231
 51
125.2290887141773
  0
LINE
  5
C7
330
1F
100
AcDbEntity
  8
AM_9
100
AcDbLine
 10
3.595718799995549
 20
3.537640065394391
 30
0.0
 11
3.768762147166125
 21
3.837359934605608
 31
0.0
  0
ARC
  5
C8
330
1F
100
AcDbEntity
  8
AM_9
100
AcDbCircle
 10
4.0070000000001
 20
3.499999999999998
 30
0.0
 40
0.4130000000000943
100
AcDbArc
 50
174.7709112858225
 51
185.2290887141769
  0
LINE
  5
C9
330
1F
100
AcDbEntity
  8
AM_9
100
AcDbLine
 10
3.768762147166126
 20
3.16264006539439
 30
0.0
 11
3.595718799995548
 21
3.46235993460561
 31
0.0
  0
ARC
  5
CA
330
1F
100
AcDbEntity
  8
AM_9
100
AcDbCircle
 10
4.00700000000004
 20
3.500000000000062
 30
0.0
 40
0.4130000000000688
100
AcDbArc
 50
234.7709112858223
 51
245.2290887141771
  0
LINE
  5
CB
330
1F
100
AcDbEntity
  8
AM_9
100
AcDbLine
 10
4.180043347170579
 20
3.125
 30
0.0
 11
3.833956652829423
 21
3.125
 31
0.0
  0
ARC
  5
CC
330
1F
100
AcDbEntity
  8
AM_9
100
AcDbCircle
 10
4.007000000000032
 20
3.499999999999938
 30
0.0
 40
0.4129999999999276
100
AcDbArc
 50
294.7709112858215
 51
305.2290887141797
  0
LINE
  5
CD
330
1F
100
AcDbEntity
  8
AM_9
100
AcDbLine
 10
4.418281200004454
 20
3.46235993460561
 30
0.0
 11
4.245237852833876
 21
3.16264006539439
 31
0.0
  0
ARC
  5
CE
330
1F
100
AcDbEntity
  8
AM_9
100
AcDbCircle
 10
4.007000000000062
 20
3.499999999999996
 30
0.0
 40
0.4129999999999355
100
AcDbArc
 50
354.7709112858215
 51
5.229088714179868
  0
LINE
  5
CF
330
1F
100
AcDbEntity
  8
AM_9
100
AcDbLine
 10
4.245237852833878
 20
3.837359934605608
 30
0.0
 11
4.418281200004453
 21
3.537640065394391
 31
0.0
  0
ARC
  5
D0
330
1F
100
AcDbEntity
  8
AM_9
100
AcDbCircle
 10
4.006999999999966
 20
3.499999999999935
 30
0.0
 40
0.4130000000000685
100
AcDbArc
 50
54.77091128582256
 51
65.22908871417789
  0
CIRCLE
  5
D1
330
1F
100
AcDbEntity
  8
AM_9
100
AcDbCircle
 10
4.007000000000001
 20
3.499999999999999
 30
0.0
 40
0.3740000000000021
  0
LINE
  5
D2
330
1F
100
AcDbEntity
  8
AM_9
100
AcDbLine
 10
5.508000000000002
 20
2.794881995293128
 30
0.0
 11
4.937000000000001
 21
2.794881995293128
 31
0.0
  0
LINE
  5
D3
330
1F
100
AcDbEntity
  8
AM_9
100
AcDbLine
 10
2.909500000000001
 20
2.234887520165546
 30
0.0
 11
2.909500000000001
 21
1.928314527225855
 31
0.0
  0
LINE
  5
D4
330
1F
100
AcDbEntity
  8
AM_9
100
AcDbLine
 10
3.224500000000001
 20
1.928314527225855
 30
0.0
 11
3.224500000000001
 21
2.234887520165546
 31
0.0
  0
LINE
  5
D5
330
1F
100
AcDbEntity
  8
AM_9
100
AcDbLine
 10
5.508000000000002
 20
2.511999999999996
 30
0.0
 11
5.577
 21
2.511999999999996
 31
0.0
  0
LINE
  5
D6
330
1F
100
AcDbEntity
  8
AM_9
100
AcDbLine
 10
5.577
 20
2.865999999999999
 30
0.0
 11
5.508000000000002
 21
2.865999999999999
 31
0.0
  0
LWPOLYLINE
  5
D7
330
1F
100
AcDbEntity
  8
AM_9
100
AcDbPolyline
 90
        4
 70
     0
 43
0.0
 10
5.671000000000001
 20
2.688999999999997
 10
5.676892833765647
 20
2.765229689791651
 10
5.692279700093045
 20
2.832724169353138
 10
5.702502421965414
 20
2.862948268171893
  0
LINE
  5
D8
330
1F
100
AcDbEntity
  8
AM_9
100
AcDbLine
 10
5.702502421965414
 20
2.515051731828103
 30
0.0
 11
5.691120793104775
 21
2.549160876558913
 31
0.0
  0
LINE
  5
D9
330
1F
100
AcDbEntity
  8
AM_9
100
AcDbLine
 10
5.577
 20
2.442999999999991
 30
0.0
 11
5.671980697074703
 21
2.442999999999991
 31
0.0
  0
LINE
  5
DA
330
1F
100
AcDbEntity
  8
AM_9
100
AcDbLine
 10
5.67257395571868
 20
2.935000000000004
 30
0.0
 11
5.577
 21
2.935000000000004
 31
0.0
  0
LINE
  5
DB
330
1F
100
AcDbEntity
  8
AM_9
100
AcDbLine
 10
5.577
 20
2.935000000000004
 30
0.0
 11
5.577
 21
2.442999999999991
 31
0.0
  0
LINE
  5
DC
330
1F
100
AcDbEntity
  8
AM_9
100
AcDbLine
 10
3.3485
 20
1.928314527225855
 30
0.0
 11
3.3485
 21
2.780483524549742
 31
0.0
  0
LINE
  5
DD
330
1F
100
AcDbEntity
  8
AM_9
100
AcDbLine
 10
2.785500000000001
 20
2.780483524549742
 30
0.0
 11
2.785500000000001
 21
1.928314527225855
 31
0.0
  0
LINE
  5
DE
330
1F
100
AcDbEntity
  8
AM_9
100
AcDbLine
 10
4.937000000000001
 20
2.386118004706873
 30
0.0
 11
4.937000000000001
 21
2.991881995293128
 31
0.0
  0
LINE
  5
DF
330
1F
100
AcDbEntity
  8
AM_9
100
AcDbLine
 10
5.508000000000002
 20
2.386118004706873
 30
0.0
 11
4.937000000000001
 21
2.386118004706873
 31
0.0
  0
LINE
  5
E0
330
1F
100
AcDbEntity
  8
AM_9
100
AcDbLine
 10
5.508000000000002
 20
2.386118004706873
 30
0.0
 11
5.508000000000002
 21
2.991881995293128
 31
0.0
  0
LINE
  5
E1
330
1F
100
AcDbEntity
  8
AM_9
100
AcDbLine
 10
5.508000000000002
 20
2.583118004706872
 30
0.0
 11
4.937000000000001
 21
2.583118004706872
 31
0.0
  0
LINE
  5
E2
330
1F
100
AcDbEntity
  8
AM_9
100
AcDbLine
 10
5.508000000000002
 20
2.991881995293128
 30
0.0
 11
4.937000000000001
 21
2.991881995293128
 31
0.0
  0
LINE
  5
E3
330
1F
100
AcDbEntity
  8
AM_9
100
AcDbLine
 10
6.604000000000006
 20
1.036999999999997
 30
0.0
 11
6.604000000000006
 21
2.118999999999998
 31
0.0
  0
LINE
  5
E4
330
1F
100
AcDbEntity
  8
AM_9
100
AcDbLine
 10
5.729999999999998
 20
2.118999999999998
 30
0.0
 11
5.729999999999998
 21
1.036999999999997
 31
0.0
  0
LWPOLYLINE
  5
E5
330
1F
100
AcDbEntity
  8
AM_9
100
AcDbPolyline
 90
        4
 70
     0
 43
0.0
 10
5.702502421965414
 20
2.862948268171893
 10
5.686848582827674
 20
2.901238977128605
 10
5.67291371206067
 20
2.931118276736123
 10
5.671000000156876
 20
2.934999999683706
  0
LINE
  5
E6
330
1F
100
AcDbEntity
  8
AM_9
100
AcDbLine
 10
5.671000000000002
 20
3.129000000000005
 30
0.0
 11
5.938054591659948
 21
3.129000000000005
 31
0.0
  0
LINE
  5
E7
330
1F
100
AcDbEntity
  8
AM_9
100
AcDbLine
 10
6.395945408340054
 20
3.129000000000005
 30
0.0
 11
6.663000000000003
 21
3.129000000000005
 31
0.0
  0
LINE
  5
E8
330
1F
100
AcDbEntity
  8
AM_9
100
AcDbLine
 10
5.729999999999998
 20
1.036999999999997
 30
0.0
 11
6.604000000000006
 21
1.036999999999997
 31
0.0
  0
LINE
  5
E9
330
1F
100
AcDbEntity
  8
AM_9
100
AcDbLine
 10
5.729999999999998
 20
1.036999999999997
 30
0.0
 11
5.680000000000002
 21
0.5720000000000004
 31
0.0
  0
LINE
  5
EA
330
1F
100
AcDbEntity
  8
AM_9
100
AcDbLine
 10
6.654000000000002
 20
0.5720000000000004
 30
0.0
 11
6.604000000000006
 21
1.036999999999997
 31
0.0
  0
LINE
  5
EB
330
1F
100
AcDbEntity
  8
AM_9
100
AcDbLine
 10
5.671000000000002
 20
2.118999999999998
 30
0.0
 11
6.663000000000003
 21
2.118999999999998
 31
0.0
  0
LINE
  5
EC
330
1F
100
AcDbEntity
  8
AM_9
100
AcDbLine
 10
6.663000000000003
 20
2.118999999999998
 30
0.0
 11
6.662999999999994
 21
3.181000000000005
 31
0.0
  0
LINE
  5
ED
330
1F
100
AcDbEntity
  8
AM_9
100
AcDbLine
 10
5.671000000000002
 20
2.445018289956889
 30
0.0
 11
5.671000000000002
 21
2.118999999999998
 31
0.0
  0
LWPOLYLINE
  5
EE
330
1F
100
AcDbEntity
  8
AM_9
100
AcDbPolyline
 90
        5
 70
     0
 43
0.0
 10
5.671000002770079
 20
2.443000005585186
 10
5.671218987700018
 20
2.443441835490651
 10
5.678790015120695
 20
2.459110919494081
 10
5.694916786093611
 20
2.495706024790756
 10
5.702502421965414
 20
2.515051731828103
  0
LINE
  5
EF
330
1F
100
AcDbEntity
  8
AM_9
100
AcDbLine
 10
5.628500000000002
 20
0.5720000000000004
 30
0.0
 11
6.705500000000003
 21
0.5720000000000004
 31
0.0
  0
LINE
  5
F0
330
1F
100
AcDbEntity
  8
AM_9
100
AcDbLine
 10
6.705500000000003
 20
0.2202653272636916
 30
0.0
 11
6.705500000000003
 21
0.5720000000000004
 31
0.0
  0
LINE
  5
F1
330
1F
100
AcDbEntity
  8
AM_0
100
AcDbLine
 10
6.705500000000003
 20
0.0379999999999956
 30
0.0
 11
6.705500000000003
 21
0.2202653272636916
 31
0.0
  0
LINE
  5
F2
330
1F
100
AcDbEntity
  8
AM_0
100
AcDbLine
 10
5.628500000000002
 20
0.3232332800409447
 30
0.0
 11
5.628500000000002
 21
0.0379999999999956
 31
0.0
  0
LINE
  5
F3
330
1F
100
AcDbEntity
  8
AM_9
100
AcDbLine
 10
5.628500000000002
 20
0.5720000000000004
 30
0.0
 11
5.628500000000002
 21
0.3232332800409447
 31
0.0
  0
LINE
  5
F4
330
1F
100
AcDbEntity
  8
AM_0
100
AcDbLine
 10
5.666500000000001
 20
0.0
 30
0.0
 11
6.667500000000003
 21
0.0
 31
0.0
  0
LINE
  5
F6
330
1F
100
AcDbEntity
  8
AM_4
100
AcDbLine
 10
5.628500000000002
 20
0.0379999999999956
 30
0.0
 11
6.705500000000003
 21
0.0379999999999956
 31
0.0
  0
ARC
  5
F7
330
1F
100
AcDbEntity
  8
AM_0
100
AcDbCircle
 10
6.667500000000008
 20
0.0379999999999961
 30
0.0
 40
0.0379999999999961
100
AcDbArc
 50
269.9999999999933
 51
359.9999999999993
  0
ARC
  5
F8
330
1F
100
AcDbEntity
  8
AM_0
100
AcDbCircle
 10
5.666499999999999
 20
0.0379999999999975
 30
0.0
 40
0.0379999999999976
100
AcDbArc
 50
180.0000000000028
 51
270.0000000000026
  0
LINE
  5
F9
330
1F
100
AcDbEntity
  8
AM_9
100
AcDbLine
 10
5.422000000000002
 20
1.990483524549743
 30
0.0
 11
5.422000000000002
 21
2.484118004706873
 31
0.0
  0
LINE
  5
FA
330
1F
100
AcDbEntity
  8
AM_9
100
AcDbLine
 10
5.032000000000002
 20
2.484118004706873
 30
0.0
 11
5.032000000000002
 21
1.990483524549743
 31
0.0
  0
LINE
  5
FB
330
1F
100
AcDbEntity
  8
AM_9
100
AcDbLine
 10
5.069500000000001
 20
1.444887520165546
 30
0.0
 11
5.069500000000001
 21
1.138314527225855
 31
0.0
  0
LINE
  5
FC
330
1F
100
AcDbEntity
  8
AM_9
100
AcDbLine
 10
5.3845
 20
1.138314527225855
 30
0.0
 11
5.3845
 21
1.444887520165546
 31
0.0
  0
LINE
  5
FD
330
1F
100
AcDbEntity
  8
AM_9
100
AcDbLine
 10
5.508500000000001
 20
1.138314527225855
 30
0.0
 11
5.508500000000001
 21
1.990483524549743
 31
0.0
  0
LINE
  5
FE
330
1F
100
AcDbEntity
  8
AM_9
100
AcDbLine
 10
4.945500000000001
 20
1.990483524549743
 30
0.0
 11
4.945500000000001
 21
1.138314527225855
 31
0.0
  0
CIRCLE
  5
FF
330
1F
100
AcDbEntity
  8
AM_9
100
AcDbCircle
 10
6.167000000000002
 20
2.688999999999997
 30
0.0
 40
0.4960000000000004
  0
LINE
  5
100
330
1F
100
AcDbEntity
  8
AM_9
100
AcDbLine
 10
5.882657337003408
 20
3.2835
 30
0.0
 11
6.451342662996594
 21
3.2835
 31
0.0
  0
ARC
  5
101
330
1F
100
AcDbEntity
  8
AM_9
100
AcDbCircle
 10
6.167000000000067
 20
2.688999999999885
 30
0.0
 40
0.6590000000001278
100
AcDbArc
 50
115.5612653089613
 51
124.4387346910387
  0
LINE
  5
102
330
1F
100
AcDbEntity
  8
AM_9
100
AcDbLine
 10
5.509976565951854
 20
2.74000203046523
 30
0.0
 11
5.794319228948448
 21
3.232497969534767
 31
0.0
  0
ARC
  5
103
330
1F
100
AcDbEntity
  8
AM_9
100
AcDbCircle
 10
6.166999999999897
 20
2.688999999999995
 30
0.0
 40
0.6589999999998933
100
AcDbArc
 50
175.5612653089595
 51
184.4387346910395
  0
LINE
  5
104
330
1F
100
AcDbEntity
  8
AM_9
100
AcDbLine
 10
5.794319228948455
 20
2.145502030465225
 30
0.0
 11
5.509976565951853
 21
2.637997969534771
 31
0.0
  0
ARC
  5
105
330
1F
100
AcDbEntity
  8
AM_9
100
AcDbCircle
 10
6.166999999999969
 20
2.688999999999944
 30
0.0
 40
0.6589999999999347
100
AcDbArc
 50
235.5612653089609
 51
244.4387346910392
  0
LINE
  5
106
330
1F
100
AcDbEntity
  8
AM_9
100
AcDbLine
 10
6.451342662996605
 20
2.0945
 30
0.0
 11
5.882657337003398
 21
2.0945
 31
0.0
  0
ARC
  5
107
330
1F
100
AcDbEntity
  8
AM_9
100
AcDbCircle
 10
6.167000000000042
 20
2.688999999999929
 30
0.0
 40
0.6589999999999181
100
AcDbArc
 50
295.5612653089607
 51
304.4387346910393
  0
LINE
  5
108
330
1F
100
AcDbEntity
  8
AM_9
100
AcDbLine
 10
6.824023434048149
 20
2.637997969534771
 30
0.0
 11
6.539680771051548
 21
2.145502030465225
 31
0.0
  0
ARC
  5
109
330
1F
100
AcDbEntity
  8
AM_9
100
AcDbCircle
 10
6.167000000000095
 20
2.688999999999995
 30
0.0
 40
0.6589999999999039
100
AcDbArc
 50
355.5612653089605
 51
4.438734691040389
  0
LINE
  5
10A
330
1F
100
AcDbEntity
  8
AM_9
100
AcDbLine
 10
6.539680771051554
 20
3.232497969534767
 30
0.0
 11
6.824023434048148
 21
2.74000203046523
 31
0.0
  0
ARC
  5
10B
330
1F
100
AcDbEntity
  8
AM_9
100
AcDbCircle
 10
6.167000000000138
 20
2.689000000000239
 30
0.0
 40
0.6589999999997215
100
AcDbArc
 50
55.5612653089585
 51
64.4387346910414
  0
CIRCLE
  5
10C
330
1F
100
AcDbEntity
  8
AM_9
100
AcDbCircle
 10
6.167000000000002
 20
2.688999999999997
 30
0.0
 40
0.5804999999999978
  0
LINE
  5
10D
330
1F
100
AcDbEntity
  8
AM_9
100
AcDbLine
 10
9.299999999999995
 20
0.1060388192542212
 30
0.0
 11
9.299999999999999
 21
3.672893218813452
 31
0.0
  0
LINE
  5
10E
330
1F
100
AcDbEntity
  8
AM_9
100
AcDbLine
 10
9.299999999999999
 20
3.672893218813452
 30
0.0
 11
8.592893218813455
 21
4.379999999999996
 31
0.0
  0
LINE
  5
10F
330
1F
100
AcDbEntity
  8
AM_9
100
AcDbLine
 10
8.592893218813455
 20
4.379999999999996
 30
0.0
 11
0.5445358948775806
 21
4.380000000000001
 31
0.0
  0
ARC
  5
110
330
1F
100
AcDbEntity
  8
AM_9
100
AcDbCircle
 10
0.5445358948775804
 20
4.48
 30
0.0
 40
0.0999999999999992
100
AcDbArc
 50
186.2824676311287
 51
270.0000000000001
  0
ARC
  5
111
330
1F
100
AcDbEntity
  8
AM_9
100
AcDbCircle
 10
9.399999999999995
 20
0.1060388192542258
 30
0.0
 40
0.0999999999999996
100
AcDbArc
 50
180.0000000000026
 51
266.0963602705631
  0
LINE
  5
112
330
1F
100
AcDbEntity
  8
AM_9
100
AcDbLine
 10
0.3077563756702711
 20
29.216
 30
0.0
 11
1.0
 21
29.216
 31
0.0
  0
LINE
  5
113
330
1F
100
AcDbEntity
  8
AM_9
100
AcDbLine
 10
0.2881533049708295
 20
29.016
 30
0.0
 11
1.0
 21
29.016
 31
0.0
  0
LINE
  5
114
330
1F
100
AcDbEntity
  8
AM_9
100
AcDbLine
 10
34.0
 20
26.091
 30
0.0
 11
34.95969781472038
 21
26.091
 31
0.0
  0
LINE
  5
115
330
1F
100
AcDbEntity
  8
AM_9
100
AcDbLine
 10
34.0
 20
25.891
 30
0.0
 11
34.97399521400176
 21
25.891
 31
0.0
  0
LINE
  5
116
330
1F
100
AcDbEntity
  8
AM_9
100
AcDbLine
 10
34.0
 20
10.46599999999999
 30
0.0
 11
35.06207091659505
 21
10.46599999999999
 31
0.0
  0
LINE
  5
117
330
1F
100
AcDbEntity
  8
AM_9
100
AcDbLine
 10
34.0
 20
10.266
 30
0.0
 11
35.05006749114692
 21
10.266
 31
0.0
  0
LINE
  5
118
330
1F
100
AcDbEntity
  8
AM_9
100
AcDbLine
 10
34.0
 20
19.841
 30
0.0
 11
35.2469868550351
 21
19.841
 31
0.0
  0
LINE
  5
119
330
1F
100
AcDbEntity
  8
AM_9
100
AcDbLine
 10
34.0
 20
19.641
 30
0.0
 11
35.25075137928534
 21
19.641
 31
0.0
  0
LINE
  5
11A
330
1F
100
AcDbEntity
  8
AM_9
100
AcDbLine
 10
34.0
 20
13.591
 30
0.0
 11
35.20582297745122
 21
13.591
 31
0.0
  0
LINE
  5
11B
330
1F
100
AcDbEntity
  8
AM_9
100
AcDbLine
 10
34.0
 20
13.391
 30
0.0
 11
35.19908586742444
 21
13.391
 31
0.0
  0
LINE
  5
11C
330
1F
100
AcDbEntity
  8
AM_9
100
AcDbLine
 10
34.0
 20
29.216
 30
0.0
 11
34.69224362432974
 21
29.216
 31
0.0
  0
LINE
  5
11D
330
1F
100
AcDbEntity
  8
AM_9
100
AcDbLine
 10
34.0
 20
29.016
 30
0.0
 11
34.71184669502917
 21
29.016
 31
0.0
  0
LINE
  5
11E
330
1F
100
AcDbEntity
  8
AM_9
100
AcDbLine
 10
-0.2674191188236781
 20
16.716
 30
0.0
 11
1.0
 21
16.716
 31
0.0
  0
LINE
  5
11F
330
1F
100
AcDbEntity
  8
AM_9
100
AcDbLine
 10
-0.2659343612301823
 20
16.516
 30
0.0
 11
1.0
 21
16.516
 31
0.0
  0
LINE
  5
120
330
1F
100
AcDbEntity
  8
AM_9
100
AcDbLine
 10
0.0403021852796127
 20
26.091
 30
0.0
 11
1.0
 21
26.091
 31
0.0
  0
LINE
  5
121
330
1F
100
AcDbEntity
  8
AM_9
100
AcDbLine
 10
0.0260047859982165
 20
25.891
 30
0.0
 11
1.0
 21
25.891
 31
0.0
  0
LINE
  5
122
330
1F
100
AcDbEntity
  8
AM_9
100
AcDbLine
 10
34.0
 20
7.340999999999996
 30
0.0
 11
34.835864314775
 21
7.340999999999996
 31
0.0
  0
LINE
  5
123
330
1F
100
AcDbEntity
  8
AM_9
100
AcDbLine
 10
34.0
 20
7.140999999999996
 30
0.0
 11
34.81856957326933
 21
7.140999999999996
 31
0.0
  0
LINE
  5
124
330
1F
100
AcDbEntity
  8
AM_9
100
AcDbLine
 10
34.0
 20
16.716
 30
0.0
 11
35.26741911882372
 21
16.716
 31
0.0
  0
LINE
  5
125
330
1F
100
AcDbEntity
  8
AM_9
100
AcDbLine
 10
34.0
 20
16.516
 30
0.0
 11
35.26593436123021
 21
16.516
 31
0.0
  0
LINE
  5
126
330
1F
100
AcDbEntity
  8
AM_9
100
AcDbLine
 10
-0.0620709165950193
 20
10.46599999999999
 30
0.0
 11
1.0
 21
10.46599999999999
 31
0.0
  0
LINE
  5
127
330
1F
100
AcDbEntity
  8
AM_9
100
AcDbLine
 10
-0.0500674911468923
 20
10.266
 30
0.0
 11
1.0
 21
10.266
 31
0.0
  0
LINE
  5
128
330
1F
100
AcDbEntity
  8
AM_9
100
AcDbLine
 10
-0.1444839171689232
 20
22.96599999999999
 30
0.0
 11
1.0
 21
22.96599999999999
 31
0.0
  0
LINE
  5
129
330
1F
100
AcDbEntity
  8
AM_9
100
AcDbLine
 10
-0.1535055132455309
 20
22.76599999999999
 30
0.0
 11
1.0
 21
22.76599999999999
 31
0.0
  0
LINE
  5
12A
330
1F
100
AcDbEntity
  8
AM_9
100
AcDbLine
 10
-0.2469868550350845
 20
19.841
 30
0.0
 11
1.0
 21
19.841
 31
0.0
  0
LINE
  5
12B
330
1F
100
AcDbEntity
  8
AM_9
100
AcDbLine
 10
-0.2507513792853469
 20
19.641
 30
0.0
 11
1.0
 21
19.641
 31
0.0
  0
LINE
  5
12C
330
1F
100
AcDbEntity
  8
AM_9
100
AcDbLine
 10
34.0
 20
4.215999999999997
 30
0.0
 11
34.52673032495027
 21
4.215999999999997
 31
0.0
  0
LINE
  5
12D
330
1F
100
AcDbEntity
  8
AM_9
100
AcDbLine
 10
34.0
 20
4.015999999999998
 30
0.0
 11
34.50410796688619
 21
4.015999999999998
 31
0.0
  0
LINE
  5
12E
330
1F
100
AcDbEntity
  8
AM_9
100
AcDbLine
 10
-0.2058229774511724
 20
13.591
 30
0.0
 11
1.0
 21
13.591
 31
0.0
  0
LINE
  5
12F
330
1F
100
AcDbEntity
  8
AM_9
100
AcDbLine
 10
-0.1990858674243965
 20
13.391
 30
0.0
 11
1.0
 21
13.391
 31
0.0
  0
LINE
  5
130
330
1F
100
AcDbEntity
  8
AM_9
100
AcDbLine
 10
34.0
 20
22.96599999999999
 30
0.0
 11
35.1444839171689
 21
22.96599999999999
 31
0.0
  0
LINE
  5
131
330
1F
100
AcDbEntity
  8
AM_9
100
AcDbLine
 10
34.0
 20
22.76599999999999
 30
0.0
 11
35.15350551324551
 21
22.76599999999999
 31
0.0
  0
LINE
  5
132
330
1F
100
AcDbEntity
  8
AM_9
100
AcDbLine
 10
34.0
 20
18.816
 30
0.0
 11
35.26272796068795
 21
18.816
 31
0.0
  0
LINE
  5
133
330
1F
100
AcDbEntity
  8
AM_9
100
AcDbLine
 10
34.0
 20
16.516
 30
0.0
 11
34.0
 21
19.016
 31
0.0
  0
LINE
  5
134
330
1F
100
AcDbEntity
  8
AM_9
100
AcDbLine
 10
34.0
 20
19.016
 30
0.0
 11
35.26034955856979
 21
19.016
 31
0.0
  0
LINE
  5
135
330
1F
100
AcDbEntity
  8
AM_9
100
AcDbLine
 10
34.0
 20
28.191
 30
0.0
 11
34.78911011048942
 21
28.191
 31
0.0
  0
LINE
  5
136
330
1F
100
AcDbEntity
  8
AM_9
100
AcDbLine
 10
34.0
 20
25.891
 30
0.0
 11
34.0
 21
28.391
 31
0.0
  0
LINE
  5
137
330
1F
100
AcDbEntity
  8
AM_9
100
AcDbLine
 10
34.0
 20
28.391
 30
0.0
 11
34.77091127580356
 21
28.391
 31
0.0
  0
LINE
  5
138
330
1F
100
AcDbEntity
  8
AM_9
100
AcDbLine
 10
34.0
 20
29.016
 30
0.0
 11
34.0
 21
31.516
 31
0.0
  0
LINE
  5
139
330
1F
100
AcDbEntity
  8
AM_9
100
AcDbLine
 10
34.0
 20
31.316
 30
0.0
 11
34.46579864029665
 21
31.316
 31
0.0
  0
LINE
  5
13A
330
1F
100
AcDbEntity
  8
AM_9
100
AcDbLine
 10
34.0
 20
31.516
 30
0.0
 11
34.44226485780305
 21
31.516
 31
0.0
  0
LINE
  5
13B
330
1F
100
AcDbEntity
  8
AM_9
100
AcDbLine
 10
34.0
 20
9.440999999999997
 30
0.0
 11
34.99698177716662
 21
9.440999999999997
 31
0.0
  0
LINE
  5
13C
330
1F
100
AcDbEntity
  8
AM_9
100
AcDbLine
 10
34.0
 20
7.140999999999996
 30
0.0
 11
34.0
 21
9.640999999999996
 31
0.0
  0
LINE
  5
13D
330
1F
100
AcDbEntity
  8
AM_9
100
AcDbLine
 10
34.0
 20
9.640999999999996
 30
0.0
 11
35.01037922427282
 21
9.640999999999996
 31
0.0
  0
LINE
  5
13E
330
1F
100
AcDbEntity
  8
AM_9
100
AcDbLine
 10
34.0
 20
4.015999999999998
 30
0.0
 11
34.0
 21
6.515999999999998
 31
0.0
  0
LINE
  5
13F
330
1F
100
AcDbEntity
  8
AM_9
100
AcDbLine
 10
34.0
 20
6.315999999999999
 30
0.0
 11
34.74363572661954
 21
6.315999999999999
 31
0.0
  0
LINE
  5
140
330
1F
100
AcDbEntity
  8
AM_9
100
AcDbLine
 10
34.0
 20
6.515999999999998
 30
0.0
 11
34.7623329617833
 21
6.515999999999998
 31
0.0
  0
LINE
  5
141
330
1F
100
AcDbEntity
  8
AM_9
100
AcDbLine
 10
34.0
 20
22.76599999999999
 30
0.0
 11
34.0
 21
25.266
 31
0.0
  0
LINE
  5
142
330
1F
100
AcDbEntity
  8
AM_9
100
AcDbLine
 10
34.0
 20
25.066
 30
0.0
 11
35.02939600990909
 21
25.066
 31
0.0
  0
LINE
  5
143
330
1F
100
AcDbEntity
  8
AM_9
100
AcDbLine
 10
34.0
 20
25.266
 30
0.0
 11
35.01649386395273
 21
25.266
 31
0.0
  0
LINE
  5
144
330
1F
100
AcDbEntity
  8
AM_9
100
AcDbLine
 10
34.0
 20
21.941
 30
0.0
 11
35.18715928962337
 21
21.941
 31
0.0
  0
LINE
  5
145
330
1F
100
AcDbEntity
  8
AM_9
100
AcDbLine
 10
34.0
 20
19.641
 30
0.0
 11
34.0
 21
22.141
 31
0.0
  0
LINE
  5
146
330
1F
100
AcDbEntity
  8
AM_9
100
AcDbLine
 10
34.0
 20
22.141
 30
0.0
 11
35.1795269298941
 21
22.141
 31
0.0
  0
LINE
  5
147
330
1F
100
AcDbEntity
  8
AM_9
100
AcDbLine
 10
34.0
 20
13.391
 30
0.0
 11
34.0
 21
15.891
 31
0.0
  0
LINE
  5
148
330
1F
100
AcDbEntity
  8
AM_9
100
AcDbLine
 10
34.0
 20
15.691
 30
0.0
 11
35.25625852440314
 21
15.691
 31
0.0
  0
LINE
  5
149
330
1F
100
AcDbEntity
  8
AM_9
100
AcDbLine
 10
34.0
 20
15.891
 30
0.0
 11
35.25912916033275
 21
15.891
 31
0.0
  0
LINE
  5
14A
330
1F
100
AcDbEntity
  8
AM_9
100
AcDbLine
 10
-0.17952692989413
 20
22.141
 30
0.0
 11
1.0
 21
22.141
 31
0.0
  0
LINE
  5
14B
330
1F
100
AcDbEntity
  8
AM_9
100
AcDbLine
 10
1.0
 20
19.641
 30
0.0
 11
1.0
 21
22.141
 31
0.0
  0
LINE
  5
14C
330
1F
100
AcDbEntity
  8
AM_9
100
AcDbLine
 10
-0.1871592896233605
 20
21.941
 30
0.0
 11
1.0
 21
21.941
 31
0.0
  0
LINE
  5
14D
330
1F
100
AcDbEntity
  8
AM_9
100
AcDbLine
 10
1.0
 20
25.891
 30
0.0
 11
1.0
 21
28.391
 31
0.0
  0
LINE
  5
14E
330
1F
100
AcDbEntity
  8
AM_9
100
AcDbLine
 10
0.2290887241964305
 20
28.391
 30
0.0
 11
1.0
 21
28.391
 31
0.0
  0
LINE
  5
14F
330
1F
100
AcDbEntity
  8
AM_9
100
AcDbLine
 10
0.2108898895105647
 20
28.191
 30
0.0
 11
1.0
 21
28.191
 31
0.0
  0
LINE
  5
150
330
1F
100
AcDbEntity
  8
AM_9
100
AcDbLine
 10
1.0
 20
10.266
 30
0.0
 11
1.0
 21
12.766
 31
0.0
  0
LINE
  5
151
330
1F
100
AcDbEntity
  8
AM_9
100
AcDbLine
 10
-0.1758632107192658
 20
12.766
 30
0.0
 11
1.0
 21
12.766
 31
0.0
  0
LINE
  5
152
330
1F
100
AcDbEntity
  8
AM_9
100
AcDbLine
 10
-0.1677375982582529
 20
12.566
 30
0.0
 11
1.0
 21
12.566
 31
0.0
  0
LINE
  5
153
330
1F
100
AcDbEntity
  8
AM_9
100
AcDbLine
 10
1.0
 20
29.016
 30
0.0
 11
1.0
 21
31.516
 31
0.0
  0
LINE
  5
154
330
1F
100
AcDbEntity
  8
AM_9
100
AcDbLine
 10
0.5577351421969656
 20
31.516
 30
0.0
 11
1.0
 21
31.516
 31
0.0
  0
LINE
  5
155
330
1F
100
AcDbEntity
  8
AM_9
100
AcDbLine
 10
0.5342013597033604
 20
31.316
 30
0.0
 11
1.0
 21
31.316
 31
0.0
  0
LINE
  5
156
330
1F
100
AcDbEntity
  8
AM_9
100
AcDbLine
 10
-0.2591291603327218
 20
15.891
 30
0.0
 11
1.0
 21
15.891
 31
0.0
  0
LINE
  5
157
330
1F
100
AcDbEntity
  8
AM_9
100
AcDbLine
 10
1.0
 20
13.391
 30
0.0
 11
1.0
 21
15.891
 31
0.0
  0
LINE
  5
158
330
1F
100
AcDbEntity
  8
AM_9
100
AcDbLine
 10
-0.2562585244031106
 20
15.691
 30
0.0
 11
1.0
 21
15.691
 31
0.0
  0
LINE
  5
159
330
1F
100
AcDbEntity
  8
AM_9
100
AcDbLine
 10
34.0
 20
12.566
 30
0.0
 11
35.16773759825828
 21
12.566
 31
0.0
  0
LINE
  5
15A
330
1F
100
AcDbEntity
  8
AM_9
100
AcDbLine
 10
34.0
 20
10.266
 30
0.0
 11
34.0
 21
12.766
 31
0.0
  0
LINE
  5
15B
330
1F
100
AcDbEntity
  8
AM_9
100
AcDbLine
 10
34.0
 20
12.766
 30
0.0
 11
35.17586321071929
 21
12.766
 31
0.0
  0
LINE
  5
15C
330
1F
100
AcDbEntity
  8
AM_9
100
AcDbLine
 10
-0.0164938639527306
 20
25.266
 30
0.0
 11
1.0
 21
25.266
 31
0.0
  0
LINE
  5
15D
330
1F
100
AcDbEntity
  8
AM_9
100
AcDbLine
 10
1.0
 20
22.76599999999999
 30
0.0
 11
1.0
 21
25.266
 31
0.0
  0
LINE
  5
15E
330
1F
100
AcDbEntity
  8
AM_9
100
AcDbLine
 10
-0.0293960099090897
 20
25.066
 30
0.0
 11
1.0
 21
25.066
 31
0.0
  0
LINE
  5
15F
330
1F
100
AcDbEntity
  8
AM_9
100
AcDbLine
 10
-0.2603495585697824
 20
19.016
 30
0.0
 11
1.0
 21
19.016
 31
0.0
  0
LINE
  5
160
330
1F
100
AcDbEntity
  8
AM_9
100
AcDbLine
 10
1.0
 20
16.516
 30
0.0
 11
1.0
 21
19.016
 31
0.0
  0
LINE
  5
161
330
1F
100
AcDbEntity
  8
AM_9
100
AcDbLine
 10
-0.2627279606879572
 20
18.816
 30
0.0
 11
1.0
 21
18.816
 31
0.0
  0
LINE
  5
162
330
1F
100
AcDbEntity
  8
AM_9
100
AcDbLine
 10
27.739
 20
0.1710128204054458
 30
0.0
 11
27.739
 21
0.8
 31
0.0
  0
LINE
  5
163
330
1F
100
AcDbEntity
  8
AM_9
100
AcDbLine
 10
27.939
 20
0.1884434472384782
 30
0.0
 11
27.939
 21
0.8
 31
0.0
  0
LINE
  5
164
330
1F
100
AcDbEntity
  8
AM_9
100
AcDbLine
 10
21.489
 20
-0.2031685108836917
 30
0.0
 11
21.489
 21
0.8
 31
0.0
  0
LINE
  5
165
330
1F
100
AcDbEntity
  8
AM_9
100
AcDbLine
 10
21.689
 20
-0.1962968039926756
 30
0.0
 11
21.689
 21
0.8
 31
0.0
  0
LINE
  5
166
330
1F
100
AcDbEntity
  8
AM_9
100
AcDbLine
 10
22.514
 20
-0.1643930600194358
 30
0.0
 11
22.514
 21
0.8
 31
0.0
  0
LINE
  5
167
330
1F
100
AcDbEntity
  8
AM_9
100
AcDbLine
 10
22.314
 20
-0.1726533743469601
 30
0.0
 11
22.314
 21
0.8
 31
0.0
  0
LINE
  5
168
330
1F
100
AcDbEntity
  8
AM_9
100
AcDbLine
 10
15.239
 20
-0.2485329953296371
 30
0.0
 11
15.239
 21
0.8
 31
0.0
  0
LINE
  5
169
330
1F
100
AcDbEntity
  8
AM_9
100
AcDbLine
 10
15.439
 20
-0.25216308718735
 30
0.0
 11
15.439
 21
0.8
 31
0.0
  0
LINE
  5
16A
330
1F
100
AcDbEntity
  8
AM_9
100
AcDbLine
 10
24.81399999999999
 20
0.8
 30
0.0
 11
22.314
 21
0.8
 31
0.0
  0
LINE
  5
16B
330
1F
100
AcDbEntity
  8
AM_9
100
AcDbLine
 10
24.61399999999999
 20
-0.0573100730390121
 30
0.0
 11
24.61399999999999
 21
0.8
 31
0.0
  0
LINE
  5
16C
330
1F
100
AcDbEntity
  8
AM_9
100
AcDbLine
 10
24.81399999999999
 20
-0.0451715492430657
 30
0.0
 11
24.81399999999999
 21
0.8
 31
0.0
  0
LINE
  5
16D
330
1F
100
AcDbEntity
  8
AM_9
100
AcDbLine
 10
12.11399999999999
 20
-0.148132988039101
 30
0.0
 11
12.11399999999999
 21
0.8
 31
0.0
  0
LINE
  5
16E
330
1F
100
AcDbEntity
  8
AM_9
100
AcDbLine
 10
12.31399999999999
 20
-0.1570198164180248
 30
0.0
 11
12.31399999999999
 21
0.8
 31
0.0
  0
LINE
  5
16F
330
1F
100
AcDbEntity
  8
AM_9
100
AcDbLine
 10
28.764
 20
0.2639384711579821
 30
0.0
 11
28.764
 21
0.8
 31
0.0
  0
LINE
  5
170
330
1F
100
AcDbEntity
  8
AM_9
100
AcDbLine
 10
28.564
 20
0.2451050942986827
 30
0.0
 11
28.564
 21
0.8
 31
0.0
  0
LINE
  5
171
330
1F
100
AcDbEntity
  8
AM_9
100
AcDbLine
 10
18.364
 20
34.0
 30
0.0
 11
18.364
 21
35.26686552811171
 31
0.0
  0
LINE
  5
172
330
1F
100
AcDbEntity
  8
AM_9
100
AcDbLine
 10
18.564
 20
34.0
 30
0.0
 11
18.564
 21
35.26524639487418
 31
0.0
  0
LINE
  5
173
330
1F
100
AcDbEntity
  8
AM_9
100
AcDbLine
 10
15.439
 20
0.8
 30
0.0
 11
12.939
 21
0.8
 31
0.0
  0
LINE
  5
174
330
1F
100
AcDbEntity
  8
AM_9
100
AcDbLine
 10
12.939
 20
-0.1826202711747873
 30
0.0
 11
12.939
 21
0.8
 31
0.0
  0
LINE
  5
175
330
1F
100
AcDbEntity
  8
AM_9
100
AcDbLine
 10
13.139
 20
-0.190117978933097
 30
0.0
 11
13.139
 21
0.8
 31
0.0
  0
LINE
  5
176
330
1F
100
AcDbEntity
  8
AM_9
100
AcDbLine
 10
27.939
 20
0.8
 30
0.0
 11
25.439
 21
0.8
 31
0.0
  0
LINE
  5
177
330
1F
100
AcDbEntity
  8
AM_9
100
AcDbLine
 10
25.439
 20
-0.0050608256377544
 30
0.0
 11
25.439
 21
0.8
 31
0.0
  0
LINE
  5
178
330
1F
100
AcDbEntity
  8
AM_9
100
AcDbLine
 10
25.639
 20
0.00847189955847
 30
0.0
 11
25.639
 21
0.8
 31
0.0
  0
LINE
  5
179
330
1F
100
AcDbEntity
  8
AM_9
100
AcDbLine
 10
27.739
 20
34.0
 30
0.0
 11
27.739
 21
34.82898717959453
 31
0.0
  0
LINE
  5
17A
330
1F
100
AcDbEntity
  8
AM_9
100
AcDbLine
 10
27.939
 20
34.0
 30
0.0
 11
27.939
 21
34.81155655276149
 31
0.0
  0
LINE
  5
17B
330
1F
100
AcDbEntity
  8
AM_9
100
AcDbLine
 10
10.014
 20
34.0
 30
0.0
 11
10.014
 21
35.0344622353099
 31
0.0
  0
LINE
  5
17C
330
1F
100
AcDbEntity
  8
AM_9
100
AcDbLine
 10
12.31399999999999
 20
34.0
 30
0.0
 11
9.813999999999998
 21
34.0
 31
0.0
  0
LINE
  5
17D
330
1F
100
AcDbEntity
  8
AM_9
100
AcDbLine
 10
9.813999999999998
 20
34.0
 30
0.0
 11
9.813999999999998
 21
35.02169528370788
 31
0.0
  0
LINE
  5
17E
330
1F
100
AcDbEntity
  8
AM_9
100
AcDbLine
 10
6.063999999999996
 20
34.0
 30
0.0
 11
6.063999999999996
 21
34.71959252439874
 31
0.0
  0
LINE
  5
17F
330
1F
100
AcDbEntity
  8
AM_9
100
AcDbLine
 10
5.863999999999996
 20
34.0
 30
0.0
 11
5.863999999999996
 21
34.70012574459619
 31
0.0
  0
LINE
  5
180
330
1F
100
AcDbEntity
  8
AM_9
100
AcDbLine
 10
12.11399999999999
 20
34.0
 30
0.0
 11
12.11399999999999
 21
35.14813298803911
 31
0.0
  0
LINE
  5
181
330
1F
100
AcDbEntity
  8
AM_9
100
AcDbLine
 10
12.31399999999999
 20
34.0
 30
0.0
 11
12.31399999999999
 21
35.15701981641801
 31
0.0
  0
LINE
  5
182
330
1F
100
AcDbEntity
  8
AM_9
100
AcDbLine
 10
3.763999999999998
 20
34.0
 30
0.0
 11
3.763999999999998
 21
34.47511615583764
 31
0.0
  0
LINE
  5
183
330
1F
100
AcDbEntity
  8
AM_9
100
AcDbLine
 10
6.063999999999996
 20
34.0
 30
0.0
 11
3.564
 21
34.0
 31
0.0
  0
LINE
  5
184
330
1F
100
AcDbEntity
  8
AM_9
100
AcDbLine
 10
3.564
 20
34.0
 30
0.0
 11
3.564
 21
34.4517195207308
 31
0.0
  0
LINE
  5
185
330
1F
100
AcDbEntity
  8
AM_9
100
AcDbLine
 10
21.689
 20
0.8
 30
0.0
 11
19.189
 21
0.8
 31
0.0
  0
LINE
  5
186
330
1F
100
AcDbEntity
  8
AM_9
100
AcDbLine
 10
19.189
 20
-0.2580212273639756
 30
0.0
 11
19.189
 21
0.8
 31
0.0
  0
LINE
  5
187
330
1F
100
AcDbEntity
  8
AM_9
100
AcDbLine
 10
19.389
 20
-0.2550161844359725
 30
0.0
 11
19.389
 21
0.8
 31
0.0
  0
LINE
  5
188
330
1F
100
AcDbEntity
  8
AM_9
100
AcDbLine
 10
19.389
 20
34.0
 30
0.0
 11
19.389
 21
35.25501618443597
 31
0.0
  0
LINE
  5
189
330
1F
100
AcDbEntity
  8
AM_9
100
AcDbLine
 10
21.689
 20
34.0
 30
0.0
 11
19.189
 21
34.0
 31
0.0
  0
LINE
  5
18A
330
1F
100
AcDbEntity
  8
AM_9
100
AcDbLine
 10
19.189
 20
34.0
 30
0.0
 11
19.189
 21
35.25802122736397
 31
0.0
  0
LINE
  5
18B
330
1F
100
AcDbEntity
  8
AM_9
100
AcDbLine
 10
16.264
 20
-0.2635852487863853
 30
0.0
 11
16.264
 21
0.8
 31
0.0
  0
LINE
  5
18C
330
1F
100
AcDbEntity
  8
AM_9
100
AcDbLine
 10
16.064
 20
-0.2613412370919692
 30
0.0
 11
16.064
 21
0.8
 31
0.0
  0
LINE
  5
18D
330
1F
100
AcDbEntity
  8
AM_9
100
AcDbLine
 10
18.564
 20
0.8
 30
0.0
 11
16.064
 21
0.8
 31
0.0
  0
LINE
  5
18E
330
1F
100
AcDbEntity
  8
AM_9
100
AcDbLine
 10
18.364
 20
-0.2668655281117016
 30
0.0
 11
18.364
 21
0.8
 31
0.0
  0
LINE
  5
18F
330
1F
100
AcDbEntity
  8
AM_9
100
AcDbLine
 10
18.564
 20
-0.2652463948741905
 30
0.0
 11
18.564
 21
0.8
 31
0.0
  0
LINE
  5
190
330
1F
100
AcDbEntity
  8
AM_9
100
AcDbLine
 10
16.264
 20
34.0
 30
0.0
 11
16.264
 21
35.2635852487864
 31
0.0
  0
LINE
  5
191
330
1F
100
AcDbEntity
  8
AM_9
100
AcDbLine
 10
18.564
 20
34.0
 30
0.0
 11
16.064
 21
34.0
 31
0.0
  0
LINE
  5
192
330
1F
100
AcDbEntity
  8
AM_9
100
AcDbLine
 10
16.064
 20
34.0
 30
0.0
 11
16.064
 21
35.26134123709198
 31
0.0
  0
LINE
  5
193
330
1F
100
AcDbEntity
  8
AM_9
100
AcDbLine
 10
22.514
 20
34.0
 30
0.0
 11
22.514
 21
35.16439306001941
 31
0.0
  0
LINE
  5
194
330
1F
100
AcDbEntity
  8
AM_9
100
AcDbLine
 10
24.81399999999999
 20
34.0
 30
0.0
 11
22.314
 21
34.0
 31
0.0
  0
LINE
  5
195
330
1F
100
AcDbEntity
  8
AM_9
100
AcDbLine
 10
22.314
 20
34.0
 30
0.0
 11
22.314
 21
35.17265337434695
 31
0.0
  0
LINE
  5
196
330
1F
100
AcDbEntity
  8
AM_9
100
AcDbLine
 10
24.81399999999999
 20
34.0
 30
0.0
 11
24.81399999999999
 21
35.04517154924306
 31
0.0
  0
LINE
  5
197
330
1F
100
AcDbEntity
  8
AM_9
100
AcDbLine
 10
24.61399999999999
 20
34.0
 30
0.0
 11
24.61399999999999
 21
35.05731007303898
 31
0.0
  0
LINE
  5
198
330
1F
100
AcDbEntity
  8
AM_9
100
AcDbLine
 10
6.888999999999998
 20
34.0
 30
0.0
 11
6.888999999999998
 21
34.79629443246256
 31
0.0
  0
LINE
  5
199
330
1F
100
AcDbEntity
  8
AM_9
100
AcDbLine
 10
9.188999999999995
 20
34.0
 30
0.0
 11
6.688999999999998
 21
34.0
 31
0.0
  0
LINE
  5
19A
330
1F
100
AcDbEntity
  8
AM_9
100
AcDbLine
 10
6.688999999999998
 20
34.0
 30
0.0
 11
6.688999999999998
 21
34.7782316210171
 31
0.0
  0
LINE
  5
19B
330
1F
100
AcDbEntity
  8
AM_9
100
AcDbLine
 10
15.239
 20
34.0
 30
0.0
 11
15.239
 21
35.24853299532966
 31
0.0
  0
LINE
  5
19C
330
1F
100
AcDbEntity
  8
AM_9
100
AcDbLine
 10
15.439
 20
34.0
 30
0.0
 11
15.439
 21
35.25216308718736
 31
0.0
  0
LINE
  5
19D
330
1F
100
AcDbEntity
  8
AM_9
100
AcDbLine
 10
9.813999999999998
 20
-0.0216952837078657
 30
0.0
 11
9.813999999999998
 21
0.8
 31
0.0
  0
LINE
  5
19E
330
1F
100
AcDbEntity
  8
AM_9
100
AcDbLine
 10
12.31399999999999
 20
0.8
 30
0.0
 11
9.813999999999998
 21
0.8
 31
0.0
  0
LINE
  5
19F
330
1F
100
AcDbEntity
  8
AM_9
100
AcDbLine
 10
10.014
 20
-0.0344622353098781
 30
0.0
 11
10.014
 21
0.8
 31
0.0
  0
LINE
  5
1A0
330
1F
100
AcDbEntity
  8
AM_9
100
AcDbLine
 10
27.939
 20
34.0
 30
0.0
 11
25.439
 21
34.0
 31
0.0
  0
LINE
  5
1A1
330
1F
100
AcDbEntity
  8
AM_9
100
AcDbLine
 10
25.639
 20
34.0
 30
0.0
 11
25.639
 21
34.99152810044152
 31
0.0
  0
LINE
  5
1A2
330
1F
100
AcDbEntity
  8
AM_9
100
AcDbLine
 10
25.439
 20
34.0
 30
0.0
 11
25.439
 21
35.00506082563773
 31
0.0
  0
LINE
  5
1A3
330
1F
100
AcDbEntity
  8
AM_9
100
AcDbLine
 10
30.864
 20
34.0
 30
0.0
 11
30.864
 21
34.51772246603919
 31
0.0
  0
LINE
  5
1A4
330
1F
100
AcDbEntity
  8
AM_9
100
AcDbLine
 10
31.064
 20
34.0
 30
0.0
 11
31.064
 21
34.49496314187328
 31
0.0
  0
LINE
  5
1A5
330
1F
100
AcDbEntity
  8
AM_9
100
AcDbLine
 10
28.764
 20
34.0
 30
0.0
 11
28.764
 21
34.73606152884201
 31
0.0
  0
LINE
  5
1A6
330
1F
100
AcDbEntity
  8
AM_9
100
AcDbLine
 10
31.064
 20
34.0
 30
0.0
 11
28.564
 21
34.0
 31
0.0
  0
LINE
  5
1A7
330
1F
100
AcDbEntity
  8
AM_9
100
AcDbLine
 10
28.564
 20
34.0
 30
0.0
 11
28.564
 21
34.75489490570131
 31
0.0
  0
LINE
  5
1A8
330
1F
100
AcDbEntity
  8
AM_9
100
AcDbLine
 10
30.864
 20
0.4822775339608042
 30
0.0
 11
30.864
 21
0.8
 31
0.0
  0
LINE
  5
1A9
330
1F
100
AcDbEntity
  8
AM_9
100
AcDbLine
 10
31.064
 20
0.8
 30
0.0
 11
28.564
 21
0.8
 31
0.0
  0
LINE
  5
1AA
330
1F
100
AcDbEntity
  8
AM_9
100
AcDbLine
 10
31.064
 20
0.5050368581267052
 30
0.0
 11
31.064
 21
0.8
 31
0.0
  0
LINE
  5
1AB
330
1F
100
AcDbEntity
  8
AM_9
100
AcDbLine
 10
9.188999999999995
 20
34.0
 30
0.0
 11
9.188999999999995
 21
34.97961940758965
 31
0.0
  0
LINE
  5
1AC
330
1F
100
AcDbEntity
  8
AM_9
100
AcDbLine
 10
8.988999999999995
 20
34.0
 30
0.0
 11
8.988999999999995
 21
34.9654573933521
 31
0.0
  0
LINE
  5
1AD
330
1F
100
AcDbEntity
  8
AM_9
100
AcDbLine
 10
21.689
 20
34.0
 30
0.0
 11
21.689
 21
35.19629680399267
 31
0.0
  0
LINE
  5
1AE
330
1F
100
AcDbEntity
  8
AM_9
100
AcDbLine
 10
21.489
 20
34.0
 30
0.0
 11
21.489
 21
35.20316851088369
 31
0.0
  0
LINE
  5
1AF
330
1F
100
AcDbEntity
  8
AM_9
100
AcDbLine
 10
13.139
 20
34.0
 30
0.0
 11
13.139
 21
35.19011797893311
 31
0.0
  0
LINE
  5
1B0
330
1F
100
AcDbEntity
  8
AM_9
100
AcDbLine
 10
15.439
 20
34.0
 30
0.0
 11
12.939
 21
34.0
 31
0.0
  0
LINE
  5
1B1
330
1F
100
AcDbEntity
  8
AM_9
100
AcDbLine
 10
12.939
 20
34.0
 30
0.0
 11
12.939
 21
35.1826202711748
 31
0.0
  0
ARC
  5
1B2
330
1F
100
AcDbEntity
  8
AM_0
100
AcDbCircle
 10
17.49999999999998
 20
17.49999999999994
 30
0.0
 40
10.76999999999994
100
AcDbArc
 50
227.6609276295684
 51
271.8812216558425
  0
LINE
  5
1B3
330
1F
100
AcDbEntity
  8
AM_0
100
AcDbLine
 10
10.33117012463294
 20
9.624063343446396
 30
0.0
 11
10.2462246872967
 21
9.539117906110148
 31
0.0
  0
LINE
  5
1B4
330
1F
100
AcDbEntity
  8
AM_0
100
AcDbLine
 10
20.10229674092557
 20
20.80940352211212
 30
0.0
 11
20.1877374537687
 21
20.89484423495525
 31
0.0
  0
ARC
  5
1B5
330
1F
100
AcDbEntity
  8
AM_0
100
AcDbCircle
 10
17.50000000000003
 20
17.50000000000009
 30
0.0
 40
4.209999999999907
100
AcDbArc
 50
51.82082367867189
 51
94.81734054669008
  0
LINE
  5
1B6
330
1F
100
AcDbEntity
  8
AM_0
100
AcDbLine
 10
17.14644660940673
 20
21.81554168094805
 30
0.0
 11
17.14644660940672
 21
21.695128126768
 31
0.0
  0
ARC
  5
1B7
330
1F
100
AcDbEntity
  8
AM_0
100
AcDbCircle
 10
17.49999999999999
 20
17.50000000000003
 30
0.0
 40
3.87000000000003
100
AcDbArc
 50
277.4233061128526
 51
320.2417058793968
  0
LINE
  5
1B8
330
1F
100
AcDbEntity
  8
AM_0
100
AcDbLine
 10
18.0
 20
13.78348281317037
 30
0.0
 11
18.0
 21
13.66243566829167
 31
0.0
  0
ARC
  5
1B9
330
1F
100
AcDbEntity
  8
AM_0
100
AcDbCircle
 10
17.50000000000001
 20
17.49999999999999
 30
0.0
 40
3.749999999999988
100
AcDbArc
 50
277.6622556607659
 51
320.4099328902918
  0
LINE
  5
1BA
330
1F
100
AcDbEntity
  8
AM_0
100
AcDbLine
 10
20.42965388279048
 20
21.13676066397703
 30
0.0
 11
20.51498486805839
 21
21.22209164924494
 31
0.0
  0
ARC
  5
1BB
330
1F
100
AcDbEntity
  8
AM_0
100
AcDbCircle
 10
17.49999999999999
 20
17.49999999999999
 30
0.0
 40
4.670000000000015
100
AcDbArc
 50
51.14623272595166
 51
94.34186684378984
  0
LINE
  5
1BC
330
1F
100
AcDbEntity
  8
AM_0
100
AcDbLine
 10
17.14644660940672
 20
22.27693416324739
 30
0.0
 11
17.14644660940672
 21
22.15659747025658
 31
0.0
  0
ARC
  5
1BD
330
1F
100
AcDbEntity
  8
AM_0
100
AcDbCircle
 10
17.49999999999999
 20
17.50000000000003
 30
0.0
 40
4.33000000000003
100
AcDbArc
 50
276.630933151354
 51
319.6835321346067
  0
LINE
  5
1BE
330
1F
100
AcDbEntity
  8
AM_0
100
AcDbLine
 10
18.0
 20
13.31979665566375
 30
0.0
 11
18.0
 21
13.19896524078217
 31
0.0
  0
LINE
  5
1BF
330
1F
100
AcDbEntity
  8
AM_0
100
AcDbLine
 10
19.7744211146103
 20
20.48152789579686
 30
0.0
 11
19.86001437159731
 21
20.56712115278386
 31
0.0
  0
ARC
  5
1C0
330
1F
100
AcDbEntity
  8
AM_0
100
AcDbCircle
 10
17.50000000000001
 20
17.50000000000005
 30
0.0
 40
3.749999999999953
100
AcDbArc
 50
52.66225566076587
 51
95.40993289029204
  0
LINE
  5
1C1
330
1F
100
AcDbEntity
  8
AM_0
100
AcDbLine
 10
17.14644660940672
 20
21.35381629038023
 30
0.0
 11
17.14644660940672
 21
21.23329613076702
 31
0.0
  0
LINE
  5
1C2
330
1F
100
AcDbEntity
  8
AM_0
100
AcDbLine
 10
17.14644660940672
 20
22.73808170993924
 30
0.0
 11
17.14644660940673
 21
22.6178022626905
 31
0.0
  0
ARC
  5
1C3
330
1F
100
AcDbEntity
  8
AM_0
100
AcDbCircle
 10
17.5
 20
17.5
 30
0.0
 40
4.790000000000001
100
AcDbArc
 50
275.9916850326316
 51
319.2328926714795
  0
LINE
  5
1C4
330
1F
100
AcDbEntity
  8
AM_0
100
AcDbLine
 10
18.0
 20
12.8568437458987
 30
0.0
 11
18.0
 21
12.73616750924216
 31
0.0
  0
ARC
  5
1C5
330
1F
100
AcDbEntity
  8
AM_0
100
AcDbCircle
 10
17.50000000000001
 20
17.49999999999999
 30
0.0
 40
4.669999999999986
100
AcDbArc
 50
276.1462327259515
 51
319.3418668437901
  0
LINE
  5
1C6
330
1F
100
AcDbEntity
  8
AM_0
100
AcDbLine
 10
21.08332989444325
 20
21.7904366756298
 30
0.0
 11
21.16851697179474
 21
21.87562375298128
 31
0.0
  0
ARC
  5
1C7
330
1F
100
AcDbEntity
  8
AM_0
100
AcDbCircle
 10
17.49999999999999
 20
17.49999999999999
 30
0.0
 40
5.590000000000008
100
AcDbArc
 50
50.13170437397536
 51
93.62623381913389
  0
LINE
  5
1C8
330
1F
100
AcDbEntity
  8
AM_0
100
AcDbLine
 10
17.14644660940672
 20
23.1990437794423
 30
0.0
 11
17.14644660940672
 21
23.07880811643491
 31
0.0
  0
LINE
  5
1C9
330
1F
100
AcDbEntity
  8
AM_0
100
AcDbLine
 10
21.21651718682963
 20
18.0
 30
0.0
 11
21.33756433170833
 21
18.0
 31
0.0
  0
ARC
  5
1CA
330
1F
100
AcDbEntity
  8
AM_0
100
AcDbCircle
 10
17.49999999999995
 20
17.49999999999997
 30
0.0
 40
3.75000000000005
100
AcDbArc
 50
7.662255660766399
 51
50.40993289029151
  0
LINE
  5
1CB
330
1F
100
AcDbEntity
  8
AM_0
100
AcDbLine
 10
19.97505963237504
 20
20.47505963237505
 30
0.0
 11
19.88983901024285
 21
20.38983901024287
 31
0.0
  0
LINE
  5
1CC
330
1F
100
AcDbEntity
  8
AM_0
100
AcDbLine
 10
20.48152789579685
 20
15.22557888538969
 30
0.0
 11
20.56712115278386
 21
15.13998562840269
 31
0.0
  0
ARC
  5
1CD
330
1F
100
AcDbEntity
  8
AM_0
100
AcDbCircle
 10
17.49999999999995
 20
17.50000000000001
 30
0.0
 40
3.750000000000042
100
AcDbArc
 50
322.6622556607663
 51
5.409932890291505
  0
LINE
  5
1CE
330
1F
100
AcDbEntity
  8
AM_0
100
AcDbLine
 10
21.35381629038022
 20
17.85355339059328
 30
0.0
 11
21.23329613076702
 21
17.85355339059328
 31
0.0
  0
LINE
  5
1CF
330
1F
100
AcDbEntity
  8
AM_0
100
AcDbLine
 10
20.30154878709157
 20
20.80154878709157
 30
0.0
 11
20.21640354638407
 21
20.71640354638407
 31
0.0
  0
LINE
  5
1D0
330
1F
100
AcDbEntity
  8
AM_0
100
AcDbLine
 10
21.73611435337251
 20
22.44322113455906
 30
0.0
 11
21.82121398329818
 21
22.52832076448473
 31
0.0
  0
ARC
  5
1D1
330
1F
100
AcDbEntity
  8
AM_0
100
AcDbCircle
 10
17.5
 20
17.50000000000001
 30
0.0
 40
4.210000000000008
100
AcDbArc
 50
276.8208236786724
 51
319.8173405466894
  0
ARC
  5
1D2
330
1F
100
AcDbEntity
  8
AM_0
100
AcDbCircle
 10
17.50000000000009
 20
17.49999999999997
 30
0.0
 40
4.209999999999906
100
AcDbArc
 50
321.8208236786719
 51
4.817340546690069
  0
LINE
  5
1D3
330
1F
100
AcDbEntity
  8
AM_0
100
AcDbLine
 10
21.81554168094805
 20
17.85355339059327
 30
0.0
 11
21.695128126768
 21
17.85355339059327
 31
0.0
  0
ARC
  5
1D4
330
1F
100
AcDbEntity
  8
AM_0
100
AcDbCircle
 10
17.49999999999998
 20
17.50000000000002
 30
0.0
 40
6.170000000000022
100
AcDbArc
 50
274.6481909381322
 51
318.2849626095843
  0
LINE
  5
1D5
330
1F
100
AcDbEntity
  8
AM_0
100
AcDbLine
 10
18.0
 20
11.47069655764449
 30
0.0
 11
17.99999999999999
 21
11.35029268989166
 31
0.0
  0
ARC
  5
1D6
330
1F
100
AcDbEntity
  8
AM_0
100
AcDbCircle
 10
17.49999999999998
 20
17.50000000000003
 30
0.0
 40
6.050000000000032
100
AcDbArc
 50
274.7405953536572
 51
318.3501925242194
  0
LINE
  5
1D7
330
1F
100
AcDbEntity
  8
AM_0
100
AcDbLine
 10
22.06228326251065
 20
22.7693900436972
 30
0.0
 11
22.14735152751905
 21
22.85445830870559
 31
0.0
  0
ARC
  5
1D8
330
1F
100
AcDbEntity
  8
AM_0
100
AcDbCircle
 10
17.50000000000001
 20
17.50000000000004
 30
0.0
 40
6.969999999999966
100
AcDbArc
 50
49.11370407956357
 51
92.90757736123695
  0
LINE
  5
1D9
330
1F
100
AcDbEntity
  8
AM_0
100
AcDbLine
 10
17.14644660940673
 20
24.58117928031765
 30
0.0
 11
17.14644660940673
 21
24.4610272230469
 31
0.0
  0
LINE
  5
1DA
330
1F
100
AcDbEntity
  8
AM_0
100
AcDbLine
 10
22.1431562541013
 20
18.0
 30
0.0
 11
22.26383249075784
 21
18.0
 31
0.0
  0
ARC
  5
1DB
330
1F
100
AcDbEntity
  8
AM_0
100
AcDbCircle
 10
17.49999999999997
 20
17.49999999999999
 30
0.0
 40
4.670000000000027
100
AcDbArc
 50
6.146232725951732
 51
49.34186684378974
  0
LINE
  5
1DC
330
1F
100
AcDbEntity
  8
AM_0
100
AcDbLine
 10
20.62780254011391
 20
21.12780254011391
 30
0.0
 11
20.54271164847455
 21
21.04271164847455
 31
0.0
  0
LINE
  5
1DD
330
1F
100
AcDbEntity
  8
AM_0
100
AcDbLine
 10
21.13676066397703
 20
14.57034611720952
 30
0.0
 11
21.22209164924494
 21
14.4850151319416
 31
0.0
  0
ARC
  5
1DE
330
1F
100
AcDbEntity
  8
AM_0
100
AcDbCircle
 10
17.49999999999996
 20
17.50000000000001
 30
0.0
 40
4.670000000000033
100
AcDbArc
 50
321.1462327259518
 51
4.341866843789832
  0
LINE
  5
1DF
330
1F
100
AcDbEntity
  8
AM_0
100
AcDbLine
 10
22.27693416324739
 20
17.85355339059328
 30
0.0
 11
22.15659747025658
 21
17.85355339059328
 31
0.0
  0
ARC
  5
1E0
330
1F
100
AcDbEntity
  8
AM_0
100
AcDbCircle
 10
17.49999999999998
 20
17.50000000000004
 30
0.0
 40
6.630000000000051
100
AcDbArc
 50
274.3250550188915
 51
318.0568220607388
  0
LINE
  5
1E1
330
1F
100
AcDbEntity
  8
AM_0
100
AcDbLine
 10
18.0
 20
11.00922962969726
 30
0.0
 11
18.0
 21
10.88888057890344
 31
0.0
  0
ARC
  5
1E2
330
1F
100
AcDbEntity
  8
AM_0
100
AcDbCircle
 10
17.5
 20
17.50000000000002
 30
0.0
 40
6.510000000000019
100
AcDbArc
 50
274.4049355474288
 51
318.1132240255978
  0
LINE
  5
1E3
330
1F
100
AcDbEntity
  8
AM_0
100
AcDbLine
 10
22.38834035117602
 20
23.09544713236255
 30
0.0
 11
22.47338287709381
 21
23.18048965828036
 31
0.0
  0
ARC
  5
1E4
330
1F
100
AcDbEntity
  8
AM_0
100
AcDbCircle
 10
17.50000000000002
 20
17.50000000000004
 30
0.0
 40
7.429999999999963
100
AcDbArc
 50
48.85862130991816
 51
92.72742524683635
  0
LINE
  5
1E5
330
1F
100
AcDbEntity
  8
AM_0
100
AcDbLine
 10
17.14644660940672
 20
25.04171731106384
 30
0.0
 11
17.14644660940672
 21
24.92158338900803
 31
0.0
  0
LINE
  5
1E6
330
1F
100
AcDbEntity
  8
AM_0
100
AcDbLine
 10
22.60557538383285
 20
18.0
 30
0.0
 11
22.72613624009172
 21
18.0
 31
0.0
  0
ARC
  5
1E7
330
1F
100
AcDbEntity
  8
AM_0
100
AcDbCircle
 10
17.49999999999998
 20
17.5
 30
0.0
 40
5.130000000000024
100
AcDbArc
 50
5.593263547524693
 51
48.95188843944565
  0
LINE
  5
1E8
330
1F
100
AcDbEntity
  8
AM_0
100
AcDbLine
 10
20.95388309750726
 20
21.45388309750727
 30
0.0
 11
20.86883268472031
 21
21.36883268472031
 31
0.0
  0
LINE
  5
1E9
330
1F
100
AcDbEntity
  8
AM_0
100
AcDbLine
 10
21.46374036636059
 20
14.24336641482594
 30
0.0
 11
21.54898976536689
 21
14.15811701581965
 31
0.0
  0
ARC
  5
1EA
330
1F
100
AcDbEntity
  8
AM_0
100
AcDbCircle
 10
17.50000000000003
 20
17.49999999999998
 30
0.0
 40
5.129999999999969
100
AcDbArc
 50
320.5932635475245
 51
3.951888439446084
  0
LINE
  5
1EB
330
1F
100
AcDbEntity
  8
AM_0
100
AcDbLine
 10
22.73808170993924
 20
17.85355339059328
 30
0.0
 11
22.6178022626905
 21
17.85355339059327
 31
0.0
  0
ARC
  5
1EC
330
1F
100
AcDbEntity
  8
AM_0
100
AcDbCircle
 10
17.50000000000001
 20
17.49999999999998
 30
0.0
 40
7.089999999999976
100
AcDbArc
 50
274.0439617734295
 51
317.8583246785667
  0
LINE
  5
1ED
330
1F
100
AcDbEntity
  8
AM_0
100
AcDbLine
 10
17.99999999999999
 20
10.54795713476966
 30
0.0
 11
18.0
 21
10.42765244066724
 31
0.0
  0
ARC
  5
1EE
330
1F
100
AcDbEntity
  8
AM_0
100
AcDbCircle
 10
17.49999999999998
 20
17.50000000000006
 30
0.0
 40
6.970000000000059
100
AcDbArc
 50
274.1137040795638
 51
317.9075773612366
  0
LINE
  5
1EF
330
1F
100
AcDbEntity
  8
AM_0
100
AcDbLine
 10
22.71430526422187
 20
23.42141204540843
 30
0.0
 11
22.79932640646592
 21
23.50643318765247
 31
0.0
  0
ARC
  5
1F0
330
1F
100
AcDbEntity
  8
AM_0
100
AcDbCircle
 10
17.5
 20
17.50000000000001
 30
0.0
 40
7.889999999999993
100
AcDbArc
 50
48.63334589846672
 51
92.56830196554287
  0
LINE
  5
1F1
330
1F
100
AcDbEntity
  8
AM_0
100
AcDbLine
 10
17.14644660940672
 20
25.50219344929876
 30
0.0
 11
17.14644660940672
 21
25.38207460000221
 31
0.0
  0
ARC
  5
1F2
330
1F
100
AcDbEntity
  8
AM_0
100
AcDbCircle
 10
17.49999999999998
 20
17.50000000000004
 30
0.0
 40
7.550000000000037
100
AcDbArc
 50
273.7972015515703
 51
317.6840434465292
  0
LINE
  5
1F3
330
1F
100
AcDbEntity
  8
AM_0
100
AcDbLine
 10
18.0
 20
10.08684277787123
 30
0.0
 11
18.0
 21
9.966574484339809
 31
0.0
  0
ARC
  5
1F4
330
1F
100
AcDbEntity
  8
AM_0
100
AcDbCircle
 10
17.50000000000001
 20
17.49999999999998
 30
0.0
 40
7.429999999999981
100
AcDbArc
 50
273.8586213099181
 51
317.7274252468362
  0
LINE
  5
1F5
330
1F
100
AcDbEntity
  8
AM_0
100
AcDbLine
 10
23.04019329551395
 20
23.74730007670051
 30
0.0
 11
23.1251964787356
 21
23.83230325992215
 31
0.0
  0
ARC
  5
1F6
330
1F
100
AcDbEntity
  8
AM_0
100
AcDbCircle
 10
17.50000000000002
 20
17.50000000000006
 30
0.0
 40
8.349999999999936
100
AcDbArc
 50
48.43293863764904
 51
92.42672753309883
  0
LINE
  5
1F7
330
1F
100
AcDbEntity
  8
AM_0
100
AcDbLine
 10
17.14644660940672
 20
25.96261779829386
 30
0.0
 11
17.14644660940672
 21
25.84251161221847
 31
0.0
  0
LINE
  5
1F8
330
1F
100
AcDbEntity
  8
AM_0
100
AcDbLine
 10
23.0675937351786
 20
18.0
 30
0.0
 11
23.18806645530799
 21
17.99999999999999
 31
0.0
  0
ARC
  5
1F9
330
1F
100
AcDbEntity
  8
AM_0
100
AcDbCircle
 10
17.49999999999998
 20
17.49999999999999
 30
0.0
 40
5.590000000000016
100
AcDbArc
 50
5.131704373975471
 51
48.62623381913391
  0
LINE
  5
1FA
330
1F
100
AcDbEntity
  8
AM_0
100
AcDbLine
 10
21.27983250272266
 20
21.77983250272266
 30
0.0
 11
21.19481305006967
 21
21.69481305006968
 31
0.0
  0
LINE
  5
1FB
330
1F
100
AcDbEntity
  8
AM_0
100
AcDbLine
 10
21.7904366756298
 20
13.91667010555675
 30
0.0
 11
21.87562375298128
 21
13.83148302820526
 31
0.0
  0
ARC
  5
1FC
330
1F
100
AcDbEntity
  8
AM_0
100
AcDbCircle
 10
17.50000000000002
 20
17.49999999999999
 30
0.0
 40
5.589999999999977
100
AcDbArc
 50
320.1317043739753
 51
3.626233819134084
  0
LINE
  5
1FD
330
1F
100
AcDbEntity
  8
AM_0
100
AcDbLine
 10
23.19904377944231
 20
17.85355339059328
 30
0.0
 11
23.07880811643491
 21
17.85355339059328
 31
0.0
  0
ARC
  5
1FE
330
1F
100
AcDbEntity
  8
AM_0
100
AcDbCircle
 10
17.50000000000001
 20
17.49999999999996
 30
0.0
 40
8.009999999999962
100
AcDbArc
 50
273.5788423075713
 51
317.5298003178739
  0
LINE
  5
1FF
330
1F
100
AcDbEntity
  8
AM_0
100
AcDbLine
 10
18.0
 20
9.625858776983996
 30
0.0
 11
18.0
 21
9.505620724534019
 31
0.0
  0
ARC
  5
200
330
1F
100
AcDbEntity
  8
AM_0
100
AcDbCircle
 10
17.49999999999999
 20
17.50000000000002
 30
0.0
 40
7.890000000000017
100
AcDbArc
 50
273.6333458984667
 51
317.5683019655427
  0
LINE
  5
201
330
1F
100
AcDbEntity
  8
AM_0
100
AcDbLine
 10
23.36601653022922
 20
24.07312331141577
 30
0.0
 11
23.45100448446822
 21
24.15811126565478
 31
0.0
  0
ARC
  5
202
330
1F
100
AcDbEntity
  8
AM_0
100
AcDbCircle
 10
17.50000000000001
 20
17.50000000000004
 30
0.0
 40
8.809999999999965
100
AcDbArc
 50
48.25349502189142
 51
92.29994987218987
  0
LINE
  5
203
330
1F
100
AcDbEntity
  8
AM_0
100
AcDbLine
 10
17.14644660940673
 20
26.42299837498584
 30
0.0
 11
17.14644660940672
 21
26.30290293028385
 31
0.0
  0
LINE
  5
204
330
1F
100
AcDbEntity
  8
AM_0
100
AcDbLine
 10
23.52930344235551
 20
18.0
 30
0.0
 11
23.64970731010834
 21
17.99999999999999
 31
0.0
  0
ARC
  5
205
330
1F
100
AcDbEntity
  8
AM_0
100
AcDbCircle
 10
17.49999999999995
 20
17.49999999999996
 30
0.0
 40
6.050000000000056
100
AcDbArc
 50
4.740595353657335
 51
48.35019252421938
  0
LINE
  5
206
330
1F
100
AcDbEntity
  8
AM_0
100
AcDbLine
 10
21.60568019946368
 20
22.10568019946368
 30
0.0
 11
21.52068495677215
 21
22.02068495677216
 31
0.0
  0
LINE
  5
207
330
1F
100
AcDbEntity
  8
AM_0
100
AcDbLine
 10
22.11691474051424
 20
13.5901920406723
 30
0.0
 11
22.20205313188336
 21
13.50505364930318
 31
0.0
  0
ARC
  5
208
330
1F
100
AcDbEntity
  8
AM_0
100
AcDbCircle
 10
17.49999999999995
 20
17.50000000000003
 30
0.0
 40
6.050000000000052
100
AcDbArc
 50
319.7405953536571
 51
3.350192524219228
  0
ARC
  5
209
330
1F
100
AcDbEntity
  8
AM_0
100
AcDbCircle
 10
17.50000000000002
 20
17.50000000000006
 30
0.0
 40
6.50999999999994
100
AcDbArc
 50
49.40493554742872
 51
93.11322402559823
  0
LINE
  5
20A
330
1F
100
AcDbEntity
  8
AM_0
100
AcDbLine
 10
17.14644660940672
 20
24.120566441023
 30
0.0
 11
17.14644660940673
 21
24.00039229585415
 31
0.0
  0
LINE
  5
20B
330
1F
100
AcDbEntity
  8
AM_0
100
AcDbLine
 10
20.80940352211212
 20
14.89770325907442
 30
0.0
 11
20.89484423495525
 21
14.8122625462313
 31
0.0
  0
ARC
  5
20C
330
1F
100
AcDbEntity
  8
AM_0
100
AcDbCircle
 10
17.49999999999999
 20
17.50000000000002
 30
0.0
 40
8.350000000000025
100
AcDbArc
 50
273.4329386376493
 51
317.4267275330986
  0
LINE
  5
20D
330
1F
100
AcDbEntity
  8
AM_0
100
AcDbLine
 10
23.69178464498594
 20
24.39889142617249
 30
0.0
 11
23.7767595733625
 21
24.48386635454904
 31
0.0
  0
ARC
  5
20E
330
1F
100
AcDbEntity
  8
AM_0
100
AcDbCircle
 10
17.49999999999999
 20
17.49999999999998
 30
0.0
 40
9.270000000000016
100
AcDbArc
 50
48.09188765939969
 51
92.18576390616657
  0
LINE
  5
20F
330
1F
100
AcDbEntity
  8
AM_0
100
AcDbLine
 10
17.14644660940673
 20
26.88334162225803
 30
0.0
 11
17.14644660940673
 21
26.76325536731013
 31
0.0
  0
ARC
  5
210
330
1F
100
AcDbEntity
  8
AM_0
100
AcDbCircle
 10
17.49999999999997
 20
17.50000000000004
 30
0.0
 40
8.930000000000039
100
AcDbArc
 50
273.2097289383619
 51
317.2690272134703
  0
LINE
  5
211
330
1F
100
AcDbEntity
  8
AM_0
100
AcDbLine
 10
18.0
 20
8.704199865845062
 30
0.0
 11
18.0
 21
8.58400874832192
 31
0.0
  0
ARC
  5
212
330
1F
100
AcDbEntity
  8
AM_0
100
AcDbCircle
 10
17.50000000000002
 20
17.49999999999997
 30
0.0
 40
8.809999999999972
100
AcDbArc
 50
273.2534950218914
 51
317.2999498721898
  0
LINE
  5
213
330
1F
100
AcDbEntity
  8
AM_0
100
AcDbLine
 10
24.01750547977016
 20
24.7246122609567
 30
0.0
 11
24.10246917981288
 21
24.80957596099945
 31
0.0
  0
ARC
  5
214
330
1F
100
AcDbEntity
  8
AM_0
100
AcDbCircle
 10
17.50000000000002
 20
17.50000000000003
 30
0.0
 40
9.72999999999997
100
AcDbArc
 50
47.94558201837484
 51
92.08238206197025
  0
LINE
  5
215
330
1F
100
AcDbEntity
  8
AM_0
100
AcDbLine
 10
17.14644660940672
 20
27.34365277729766
 30
0.0
 11
17.14644660940673
 21
27.22357444564497
 31
0.0
  0
LINE
  5
216
330
1F
100
AcDbEntity
  8
AM_0
100
AcDbLine
 10
23.99077037030274
 20
18.0
 30
0.0
 11
24.11111942109655
 21
18.0
 31
0.0
  0
ARC
  5
217
330
1F
100
AcDbEntity
  8
AM_0
100
AcDbCircle
 10
17.49999999999999
 20
17.49999999999999
 30
0.0
 40
6.510000000000017
100
AcDbArc
 50
4.404935547428943
 51
48.113224025598
  0
LINE
  5
218
330
1F
100
AcDbEntity
  8
AM_0
100
AcDbLine
 10
21.93144742574345
 20
22.43144742574346
 30
0.0
 11
21.84647147277126
 21
22.34647147277126
 31
0.0
  0
LINE
  5
219
330
1F
100
AcDbEntity
  8
AM_0
100
AcDbLine
 10
22.44322113455906
 20
13.26388564662749
 30
0.0
 11
22.52832076448473
 21
13.17878601670182
 31
0.0
  0
ARC
  5
21A
330
1F
100
AcDbEntity
  8
AM_0
100
AcDbCircle
 10
17.50000000000006
 20
17.49999999999998
 30
0.0
 40
6.509999999999943
100
AcDbArc
 50
319.4049355474287
 51
3.11322402559821
  0
LINE
  5
21B
330
1F
100
AcDbEntity
  8
AM_0
100
AcDbLine
 10
24.120566441023
 20
17.85355339059328
 30
0.0
 11
24.00039229585415
 21
17.85355339059327
 31
0.0
  0
ARC
  5
21C
330
1F
100
AcDbEntity
  8
AM_0
100
AcDbCircle
 10
17.50000000000002
 20
17.49999999999994
 30
0.0
 40
9.389999999999946
100
AcDbArc
 50
273.052337052703
 51
317.1578175216214
  0
LINE
  5
21D
330
1F
100
AcDbEntity
  8
AM_0
100
AcDbLine
 10
18.0
 20
8.2434941797674
 30
0.0
 11
18.0
 21
8.123321483595587
 31
0.0
  0
ARC
  5
21E
330
1F
100
AcDbEntity
  8
AM_0
100
AcDbCircle
 10
17.49999999999999
 20
17.50000000000001
 30
0.0
 40
9.270000000000016
100
AcDbArc
 50
273.0918876593997
 51
317.1857639061666
  0
LINE
  5
21F
330
1F
100
AcDbEntity
  8
AM_0
100
AcDbLine
 10
24.34318545418914
 20
25.05029223537568
 30
0.0
 11
24.42813940710151
 21
25.13524618828805
 31
0.0
  0
ARC
  5
220
330
1F
100
AcDbEntity
  8
AM_0
100
AcDbCircle
 10
17.49999999999999
 20
17.5
 30
0.0
 40
10.19
100
AcDbArc
 50
47.81250224394964
 51
91.98833990560715
  0
LINE
  5
221
330
1F
100
AcDbEntity
  8
AM_0
100
AcDbLine
 10
17.14644660940673
 20
27.80393614110647
 30
0.0
 11
17.14644660940672
 21
27.68386468881044
 31
0.0
  0
LINE
  5
222
330
1F
100
AcDbEntity
  8
AM_0
100
AcDbLine
 10
24.45204286523034
 20
17.99999999999999
 30
0.0
 11
24.57234755933275
 21
17.99999999999999
 31
0.0
  0
ARC
  5
223
330
1F
100
AcDbEntity
  8
AM_0
100
AcDbCircle
 10
17.50000000000002
 20
17.50000000000001
 30
0.0
 40
6.969999999999978
100
AcDbArc
 50
4.113704079563556
 51
47.90757736123697
  0
LINE
  5
224
330
1F
100
AcDbEntity
  8
AM_0
100
AcDbLine
 10
22.25714988791029
 20
22.75714988791028
 30
0.0
 11
22.17218955344062
 21
22.67218955344062
 31
0.0
  0
LINE
  5
225
330
1F
100
AcDbEntity
  8
AM_0
100
AcDbLine
 10
22.7693900436972
 20
12.93771673748934
 30
0.0
 11
22.85445830870559
 21
12.85264847248095
 31
0.0
  0
ARC
  5
226
330
1F
100
AcDbEntity
  8
AM_0
100
AcDbCircle
 10
17.49999999999993
 20
17.50000000000002
 30
0.0
 40
6.970000000000067
100
AcDbArc
 50
319.1137040795639
 51
2.907577361236664
  0
LINE
  5
227
330
1F
100
AcDbEntity
  8
AM_0
100
AcDbLine
 10
24.58117928031765
 20
17.85355339059327
 30
0.0
 11
24.4610272230469
 21
17.85355339059327
 31
0.0
  0
ARC
  5
228
330
1F
100
AcDbEntity
  8
AM_0
100
AcDbCircle
 10
17.50000000000001
 20
17.49999999999997
 30
0.0
 40
9.84999999999997
100
AcDbArc
 50
272.909665683738
 51
317.0570019678906
  0
LINE
  5
229
330
1F
100
AcDbEntity
  8
AM_0
100
AcDbLine
 10
18.0
 20
7.782855357668076
 30
0.0
 11
18.0
 21
7.662698540758242
 31
0.0
  0
ARC
  5
22A
330
1F
100
AcDbEntity
  8
AM_0
100
AcDbCircle
 10
17.49999999999996
 20
17.50000000000007
 30
0.0
 40
9.730000000000073
100
AcDbArc
 50
272.945582018375
 51
317.08238206197
  0
LINE
  5
22B
330
1F
100
AcDbEntity
  8
AM_0
100
AcDbLine
 10
24.66882987536706
 20
25.3759366565536
 30
0.0
 11
24.7537753127033
 21
25.46088209388985
 31
0.0
  0
ARC
  5
22C
330
1F
100
AcDbEntity
  8
AM_0
100
AcDbCircle
 10
17.5
 20
17.49999999999999
 30
0.0
 40
10.65000000000001
100
AcDbArc
 50
47.69093185363072
 51
91.90242626923778
  0
LINE
  5
22D
330
1F
100
AcDbEntity
  8
AM_0
100
AcDbLine
 10
17.14644660940672
 20
28.26419527879349
 30
0.0
 11
17.14644660940672
 21
28.14412983761472
 31
0.0
  0
LINE
  5
22E
330
1F
100
AcDbEntity
  8
AM_0
100
AcDbLine
 10
24.91315722212877
 20
18.0
 30
0.0
 11
25.03342551566019
 21
18.0
 31
0.0
  0
ARC
  5
22F
330
1F
100
AcDbEntity
  8
AM_0
100
AcDbCircle
 10
17.5
 20
17.5
 30
0.0
 40
7.43
100
AcDbArc
 50
3.85862130991827
 51
47.72742524683613
  0
LINE
  5
230
330
1F
100
AcDbEntity
  8
AM_0
100
AcDbLine
 10
22.58279945244522
 20
23.08279945244522
 30
0.0
 11
22.49785194150902
 21
22.99785194150902
 31
0.0
  0
ARC
  5
231
330
1F
100
AcDbEntity
  8
AM_0
100
AcDbCircle
 10
17.49999999999999
 20
17.50000000000001
 30
0.0
 40
10.31000000000001
100
AcDbArc
 50
272.7797411496078
 51
316.9651881161125
  0
LINE
  5
232
330
1F
100
AcDbEntity
  8
AM_0
100
AcDbLine
 10
17.99999999999999
 20
7.322274320851437
 30
0.0
 11
18.0
 21
7.202131288465557
 31
0.0
  0
ARC
  5
233
330
1F
100
AcDbEntity
  8
AM_0
100
AcDbCircle
 10
17.49999999999999
 20
17.50000000000002
 30
0.0
 40
10.19000000000002
100
AcDbArc
 50
272.8125022439498
 51
316.9883399056072
  0
LINE
  5
234
330
1F
100
AcDbEntity
  8
AM_0
100
AcDbLine
 10
23.09544713236255
 20
12.61165964882399
 30
0.0
 11
23.18048965828036
 21
12.52661712290618
 31
0.0
  0
ARC
  5
235
330
1F
100
AcDbEntity
  8
AM_0
100
AcDbCircle
 10
17.50000000000001
 20
17.5
 30
0.0
 40
7.429999999999987
100
AcDbArc
 50
318.8586213099182
 51
2.727425246836172
  0
LINE
  5
236
330
1F
100
AcDbEntity
  8
AM_0
100
AcDbLine
 10
25.04171731106384
 20
17.85355339059328
 30
0.0
 11
24.92158338900803
 21
17.85355339059327
 31
0.0
  0
ARC
  5
237
330
1F
100
AcDbEntity
  8
AM_0
100
AcDbCircle
 10
17.49999999999998
 20
17.50000000000004
 30
0.0
 40
10.77000000000004
100
AcDbArc
 50
272.6609276295685
 51
316.8812216558422
  0
LINE
  5
238
330
1F
100
AcDbEntity
  8
AM_0
100
AcDbLine
 10
17.99999999999999
 20
6.861743563910477
 30
0.0
 11
18.0
 21
6.741612574367844
 31
0.0
  0
ARC
  5
239
330
1F
100
AcDbEntity
  8
AM_0
100
AcDbCircle
 10
17.49999999999998
 20
17.50000000000002
 30
0.0
 40
10.65000000000003
100
AcDbArc
 50
272.6909318536308
 51
316.9024262692378
  0
LINE
  5
23A
330
1F
100
AcDbEntity
  8
AM_0
100
AcDbLine
 10
25.374141223016
 20
18.0
 30
0.0
 11
25.49437927546598
 21
17.99999999999999
 31
0.0
  0
ARC
  5
23B
330
1F
100
AcDbEntity
  8
AM_0
100
AcDbCircle
 10
17.50000000000002
 20
17.50000000000001
 30
0.0
 40
7.889999999999977
100
AcDbArc
 50
3.633345898466695
 51
47.56830196554293
  0
LINE
  5
23C
330
1F
100
AcDbEntity
  8
AM_0
100
AcDbLine
 10
22.90840525236572
 20
23.40840525236573
 30
0.0
 11
22.8234683994798
 21
23.3234683994798
 31
0.0
  0
LINE
  5
23D
330
1F
100
AcDbEntity
  8
AM_0
100
AcDbLine
 10
23.42141204540842
 20
12.28569473577812
 30
0.0
 11
23.50643318765247
 21
12.20067359353408
 31
0.0
  0
ARC
  5
23E
330
1F
100
AcDbEntity
  8
AM_0
100
AcDbCircle
 10
17.50000000000003
 20
17.49999999999999
 30
0.0
 40
7.889999999999968
100
AcDbArc
 50
318.6333458984666
 51
2.568301965542906
  0
LINE
  5
23F
330
1F
100
AcDbEntity
  8
AM_0
100
AcDbLine
 10
25.50219344929876
 20
17.85355339059327
 30
0.0
 11
25.38207460000221
 21
17.85355339059327
 31
0.0
  0
LINE
  5
240
330
1F
100
AcDbEntity
  8
AM_0
100
AcDbLine
 10
25.83501649668434
 20
18.0
 30
0.0
 11
25.95522915124126
 21
18.0
 31
0.0
  0
ARC
  5
241
330
1F
100
AcDbEntity
  8
AM_0
100
AcDbCircle
 10
17.49999999999996
 20
17.49999999999998
 30
0.0
 40
8.350000000000046
100
AcDbArc
 50
3.432938637649364
 51
47.42672753309856
  0
LINE
  5
242
330
1F
100
AcDbEntity
  8
AM_0
100
AcDbLine
 10
23.23397443176355
 20
23.73397443176356
 30
0.0
 11
23.14904653312719
 21
23.6490465331272
 31
0.0
  0
LINE
  5
243
330
1F
100
AcDbEntity
  8
AM_0
100
AcDbLine
 10
23.74730007670051
 20
11.95980670448604
 30
0.0
 11
23.83230325992214
 21
11.8748035212644
 31
0.0
  0
ARC
  5
244
330
1F
100
AcDbEntity
  8
AM_0
100
AcDbCircle
 10
17.49999999999992
 20
17.50000000000002
 30
0.0
 40
8.350000000000074
100
AcDbArc
 50
318.4329386376494
 51
2.426727533098461
  0
LINE
  5
245
330
1F
100
AcDbEntity
  8
AM_0
100
AcDbLine
 10
25.96261779829386
 20
17.85355339059328
 30
0.0
 11
25.84251161221847
 21
17.85355339059328
 31
0.0
  0
LINE
  5
246
330
1F
100
AcDbEntity
  8
AM_0
100
AcDbLine
 10
26.29580013415493
 20
18.0
 30
0.0
 11
26.41599125167808
 21
18.0
 31
0.0
  0
ARC
  5
247
330
1F
100
AcDbEntity
  8
AM_0
100
AcDbCircle
 10
17.50000000000003
 20
17.50000000000001
 30
0.0
 40
8.809999999999969
100
AcDbArc
 50
3.25349502189149
 51
47.29994987218991
  0
LINE
  5
248
330
1F
100
AcDbEntity
  8
AM_0
100
AcDbLine
 10
23.55951265946903
 20
24.05951265946904
 30
0.0
 11
23.47459235613063
 21
23.97459235613064
 31
0.0
  0
LINE
  5
249
330
1F
100
AcDbEntity
  8
AM_0
100
AcDbLine
 10
24.07312331141577
 20
11.63398346977077
 30
0.0
 11
24.15811126565478
 21
11.54899551553177
 31
0.0
  0
ARC
  5
24A
330
1F
100
AcDbEntity
  8
AM_0
100
AcDbCircle
 10
17.50000000000002
 20
17.49999999999999
 30
0.0
 40
8.809999999999977
100
AcDbArc
 50
318.2534950218915
 51
2.299949872189853
  0
LINE
  5
24B
330
1F
100
AcDbEntity
  8
AM_0
100
AcDbLine
 10
26.42299837498584
 20
17.85355339059327
 30
0.0
 11
26.30290293028385
 21
17.85355339059328
 31
0.0
  0
LINE
  5
24C
330
1F
100
AcDbEntity
  8
AM_0
100
AcDbLine
 10
26.7565058202326
 20
17.99999999999999
 30
0.0
 11
26.87667851640441
 21
18.0
 31
0.0
  0
ARC
  5
24D
330
1F
100
AcDbEntity
  8
AM_0
100
AcDbCircle
 10
17.50000000000002
 20
17.50000000000001
 30
0.0
 40
9.269999999999975
100
AcDbArc
 50
3.091887659399582
 51
47.18576390616664
  0
LINE
  5
24E
330
1F
100
AcDbEntity
  8
AM_0
100
AcDbLine
 10
23.88502449128864
 20
24.38502449128864
 30
0.0
 11
23.80011068608768
 21
24.30011068608767
 31
0.0
  0
LINE
  5
24F
330
1F
100
AcDbEntity
  8
AM_0
100
AcDbLine
 10
24.39889142617249
 20
11.30821535501405
 30
0.0
 11
24.48386635454905
 21
11.2232404266375
 31
0.0
  0
ARC
  5
250
330
1F
100
AcDbEntity
  8
AM_0
100
AcDbCircle
 10
17.49999999999999
 20
17.5
 30
0.0
 40
9.27000000000001
100
AcDbArc
 50
318.0918876593997
 51
2.185763906166607
  0
LINE
  5
251
330
1F
100
AcDbEntity
  8
AM_0
100
AcDbLine
 10
26.88334162225803
 20
17.85355339059327
 30
0.0
 11
26.76325536731013
 21
17.85355339059327
 31
0.0
  0
LINE
  5
252
330
1F
100
AcDbEntity
  8
AM_0
100
AcDbLine
 10
27.21714464233192
 20
18.0
 30
0.0
 11
27.33730145924176
 21
18.0
 31
0.0
  0
ARC
  5
253
330
1F
100
AcDbEntity
  8
AM_0
100
AcDbCircle
 10
17.49999999999999
 20
17.5
 30
0.0
 40
9.730000000000008
100
AcDbArc
 50
2.945582018374921
 51
47.08238206197011
  0
LINE
  5
254
330
1F
100
AcDbEntity
  8
AM_0
100
AcDbLine
 10
24.21051363047297
 20
24.71051363047297
 30
0.0
 11
24.12560542788779
 21
24.62560542788779
 31
0.0
  0
LINE
  5
255
330
1F
100
AcDbEntity
  8
AM_0
100
AcDbLine
 10
24.7246122609567
 20
10.98249452022984
 30
0.0
 11
24.80957596099945
 21
10.89753082018711
 31
0.0
  0
ARC
  5
256
330
1F
100
AcDbEntity
  8
AM_0
100
AcDbCircle
 10
17.49999999999997
 20
17.50000000000001
 30
0.0
 40
9.730000000000025
100
AcDbArc
 50
317.945582018375
 51
2.082382061970103
  0
LINE
  5
257
330
1F
100
AcDbEntity
  8
AM_0
100
AcDbLine
 10
27.34365277729766
 20
17.85355339059328
 30
0.0
 11
27.22357444564497
 21
17.85355339059327
 31
0.0
  0
LINE
  5
258
330
1F
100
AcDbEntity
  8
AM_0
100
AcDbLine
 10
27.67772567914856
 20
17.99999999999999
 30
0.0
 11
27.79786871153444
 21
18.0
 31
0.0
  0
ARC
  5
259
330
1F
100
AcDbEntity
  8
AM_0
100
AcDbCircle
 10
17.5
 20
17.50000000000001
 30
0.0
 40
10.19
100
AcDbArc
 50
2.812502243949627
 51
46.98833990560718
  0
LINE
  5
25A
330
1F
100
AcDbEntity
  8
AM_0
100
AcDbLine
 10
24.53598311828952
 20
25.03598311828954
 30
0.0
 11
24.45107978014408
 21
24.9510797801441
 31
0.0
  0
LINE
  5
25B
330
1F
100
AcDbEntity
  8
AM_0
100
AcDbLine
 10
25.05029223537568
 20
10.65681454581086
 30
0.0
 11
25.13524618828805
 21
10.5718605928985
 31
0.0
  0
ARC
  5
25C
330
1F
100
AcDbEntity
  8
AM_0
100
AcDbCircle
 10
17.50000000000003
 20
17.49999999999998
 30
0.0
 40
10.18999999999997
100
AcDbArc
 50
317.8125022439496
 51
1.988339905607294
  0
LINE
  5
25D
330
1F
100
AcDbEntity
  8
AM_0
100
AcDbLine
 10
27.80393614110647
 20
17.85355339059328
 30
0.0
 11
27.68386468881043
 21
17.85355339059328
 31
0.0
  0
LINE
  5
25E
330
1F
100
AcDbEntity
  8
AM_0
100
AcDbLine
 10
28.13825643608952
 20
18.0
 30
0.0
 11
28.25838742563215
 21
18.0
 31
0.0
  0
ARC
  5
25F
330
1F
100
AcDbEntity
  8
AM_0
100
AcDbCircle
 10
17.50000000000003
 20
17.50000000000001
 30
0.0
 40
10.64999999999997
100
AcDbArc
 50
2.690931853630649
 51
46.90242626923787
  0
LINE
  5
260
330
1F
100
AcDbEntity
  8
AM_0
100
AcDbLine
 10
24.8614354756511
 20
25.3614354756511
 30
0.0
 11
24.77653638800743
 21
25.27653638800744
 31
0.0
  0
LINE
  5
261
330
1F
100
AcDbEntity
  8
AM_0
100
AcDbLine
 10
25.3759366565536
 20
10.33117012463293
 30
0.0
 11
25.46088209388986
 21
10.2462246872967
 31
0.0
  0
ARC
  5
262
330
1F
100
AcDbEntity
  8
AM_0
100
AcDbCircle
 10
17.49999999999998
 20
17.5
 30
0.0
 40
10.65000000000003
100
AcDbArc
 50
317.6909318536307
 51
1.90242626923777
  0
LINE
  5
263
330
1F
100
AcDbEntity
  8
AM_0
100
AcDbLine
 10
28.26419527879349
 20
17.85355339059327
 30
0.0
 11
28.14412983761472
 21
17.85355339059328
 31
0.0
  0
ARC
  5
264
330
1F
100
AcDbEntity
  8
AM_0
100
AcDbCircle
 10
17.49999999999999
 20
17.50000000000001
 30
0.0
 40
10.76999999999998
100
AcDbArc
 50
92.66092762956843
 51
136.8812216558424
  0
ARC
  5
265
330
1F
100
AcDbEntity
  8
AM_0
100
AcDbCircle
 10
17.5
 20
17.49999999999999
 30
0.0
 40
10.31000000000001
100
AcDbArc
 50
92.77974114960787
 51
136.9651881161124
  0
ARC
  5
266
330
1F
100
AcDbEntity
  8
AM_0
100
AcDbCircle
 10
17.50000000000002
 20
17.49999999999996
 30
0.0
 40
9.85000000000004
100
AcDbArc
 50
92.90966568373814
 51
137.0570019678906
  0
ARC
  5
267
330
1F
100
AcDbEntity
  8
AM_0
100
AcDbCircle
 10
17.49999999999997
 20
17.50000000000005
 30
0.0
 40
3.86999999999995
100
AcDbArc
 50
97.42330611285229
 51
140.2417058793972
  0
ARC
  5
268
330
1F
100
AcDbEntity
  8
AM_0
100
AcDbCircle
 10
17.49999999999996
 20
17.50000000000007
 30
0.0
 40
6.629999999999929
100
AcDbArc
 50
94.32505501889126
 51
138.0568220607392
  0
ARC
  5
269
330
1F
100
AcDbEntity
  8
AM_0
100
AcDbCircle
 10
17.49999999999998
 20
17.50000000000001
 30
0.0
 40
3.86999999999998
100
AcDbArc
 50
142.4233061128526
 51
185.2417058793972
  0
ARC
  5
26A
330
1F
100
AcDbEntity
  8
AM_0
100
AcDbCircle
 10
17.50000000000004
 20
17.49999999999999
 30
0.0
 40
4.330000000000036
100
AcDbArc
 50
141.6309331513541
 51
184.6835321346067
  0
ARC
  5
26B
330
1F
100
AcDbEntity
  8
AM_0
100
AcDbCircle
 10
17.49999999999996
 20
17.50000000000001
 30
0.0
 40
4.789999999999965
100
AcDbArc
 50
140.9916850326315
 51
184.2328926714798
  0
ARC
  5
26C
330
1F
100
AcDbEntity
  8
AM_0
100
AcDbCircle
 10
17.50000000000001
 20
17.49999999999999
 30
0.0
 40
5.250000000000012
100
AcDbArc
 50
140.4650237999058
 51
183.861420942493
  0
ARC
  5
26D
330
1F
100
AcDbEntity
  8
AM_0
100
AcDbCircle
 10
17.49999999999996
 20
17.50000000000001
 30
0.0
 40
5.709999999999965
100
AcDbArc
 50
140.0235774882267
 51
183.54992703454
  0
ARC
  5
26E
330
1F
100
AcDbEntity
  8
AM_0
100
AcDbCircle
 10
17.49999999999999
 20
17.5
 30
0.0
 40
6.169999999999994
100
AcDbArc
 50
139.648190938132
 51
183.2849626095844
  0
ARC
  5
26F
330
1F
100
AcDbEntity
  8
AM_0
100
AcDbCircle
 10
17.49999999999993
 20
17.50000000000003
 30
0.0
 40
6.62999999999993
100
AcDbArc
 50
139.3250550188913
 51
183.0568220607392
  0
ARC
  5
270
330
1F
100
AcDbEntity
  8
AM_0
100
AcDbCircle
 10
17.49999999999998
 20
17.5
 30
0.0
 40
7.089999999999987
100
AcDbArc
 50
139.0439617734294
 51
182.8583246785664
  0
ARC
  5
271
330
1F
100
AcDbEntity
  8
AM_0
100
AcDbCircle
 10
17.49999999999998
 20
17.5
 30
0.0
 40
7.549999999999985
100
AcDbArc
 50
138.7972015515701
 51
182.6840434465294
  0
ARC
  5
272
330
1F
100
AcDbEntity
  8
AM_0
100
AcDbCircle
 10
17.49999999999997
 20
17.50000000000001
 30
0.0
 40
8.009999999999968
100
AcDbArc
 50
138.5788423075713
 51
182.529800317874
  0
ARC
  5
273
330
1F
100
AcDbEntity
  8
AM_0
100
AcDbCircle
 10
17.49999999999999
 20
17.50000000000001
 30
0.0
 40
8.46999999999999
100
AcDbArc
 50
138.3842449135557
 51
182.3923263676812
  0
ARC
  5
274
330
1F
100
AcDbEntity
  8
AM_0
100
AcDbCircle
 10
17.50000000000007
 20
17.49999999999998
 30
0.0
 40
8.930000000000065
100
AcDbArc
 50
138.209728938362
 51
182.2690272134702
  0
ARC
  5
275
330
1F
100
AcDbEntity
  8
AM_0
100
AcDbCircle
 10
17.49999999999996
 20
17.50000000000001
 30
0.0
 40
9.389999999999972
100
AcDbArc
 50
138.052337052703
 51
182.1578175216214
  0
ARC
  5
276
330
1F
100
AcDbEntity
  8
AM_0
100
AcDbCircle
 10
17.5
 20
17.5
 30
0.0
 40
9.85
100
AcDbArc
 50
137.9096656837381
 51
182.0570019678906
  0
ARC
  5
277
330
1F
100
AcDbEntity
  8
AM_0
100
AcDbCircle
 10
17.50000000000001
 20
17.5
 30
0.0
 40
10.31000000000001
100
AcDbArc
 50
137.7797411496079
 51
181.9651881161124
  0
ARC
  5
278
330
1F
100
AcDbEntity
  8
AM_0
100
AcDbCircle
 10
17.50000000000002
 20
17.49999999999999
 30
0.0
 40
10.77000000000002
100
AcDbArc
 50
137.6609276295685
 51
181.8812216558422
  0
CIRCLE
  5
279
330
1F
100
AcDbEntity
  8
AM_0
100
AcDbCircle
 10
17.5
 20
17.5
 30
0.0
 40
10.92
  0
ARC
  5
27A
330
1F
100
AcDbEntity
  8
AM_0
100
AcDbCircle
 10
17.49999999999992
 20
17.49999999999996
 30
0.0
 40
10.64999999999992
100
AcDbArc
 50
182.6909318536305
 51
226.9024262692379
  0
ARC
  5
27B
330
1F
100
AcDbEntity
  8
AM_0
100
AcDbCircle
 10
17.49999999999998
 20
17.49999999999998
 30
0.0
 40
10.18999999999997
100
AcDbArc
 50
182.8125022439496
 51
226.9883399056072
  0
ARC
  5
27C
330
1F
100
AcDbEntity
  8
AM_0
100
AcDbCircle
 10
17.49999999999995
 20
17.49999999999997
 30
0.0
 40
9.729999999999942
100
AcDbArc
 50
182.9455820183747
 51
227.0823820619702
  0
LINE
  5
27D
330
1F
100
AcDbEntity
  8
AM_0
100
AcDbLine
 10
23.65986201144149
 20
17.85355339059327
 30
0.0
 11
23.53966058648994
 21
17.85355339059328
 31
0.0
  0
ARC
  5
27E
330
1F
100
AcDbEntity
  8
AM_0
100
AcDbCircle
 10
17.50000000000002
 20
17.49999999999995
 30
0.0
 40
8.469999999999947
100
AcDbArc
 50
273.3842449135555
 51
317.3923263676813
  0
LINE
  5
27F
330
1F
100
AcDbEntity
  8
AM_0
100
AcDbLine
 10
18.0
 20
9.164983503315666
 30
0.0
 11
18.0
 21
9.044770848758738
 31
0.0
  0
ARC
  5
280
330
1F
100
AcDbEntity
  8
AM_0
100
AcDbCircle
 10
17.49999999999994
 20
17.49999999999997
 30
0.0
 40
7.889999999999939
100
AcDbArc
 50
183.6333458984665
 51
227.568301965543
  0
ARC
  5
281
330
1F
100
AcDbEntity
  8
AM_0
100
AcDbCircle
 10
17.50000000000007
 20
17.50000000000003
 30
0.0
 40
7.430000000000073
100
AcDbArc
 50
183.8586213099185
 51
227.7274252468359
  0
ARC
  5
282
330
1F
100
AcDbEntity
  8
AM_0
100
AcDbCircle
 10
17.50000000000006
 20
17.50000000000002
 30
0.0
 40
6.970000000000065
100
AcDbArc
 50
184.1137040795639
 51
227.9075773612367
  0
ARC
  5
283
330
1F
100
AcDbEntity
  8
AM_0
100
AcDbCircle
 10
17.5
 20
17.49999999999999
 30
0.0
 40
8.010000000000005
100
AcDbArc
 50
93.57884230757139
 51
137.5298003178738
  0
ARC
  5
284
330
1F
100
AcDbEntity
  8
AM_0
100
AcDbCircle
 10
17.50000000000003
 20
17.49999999999995
 30
0.0
 40
5.250000000000053
100
AcDbArc
 50
95.46502379990609
 51
138.861420942493
  0
ARC
  5
285
330
1F
100
AcDbEntity
  8
AM_0
100
AcDbCircle
 10
17.5
 20
17.49999999999999
 30
0.0
 40
5.710000000000014
100
AcDbArc
 50
95.02357748822693
 51
138.5499270345398
  0
ARC
  5
286
330
1F
100
AcDbEntity
  8
AM_0
100
AcDbCircle
 10
17.49999999999998
 20
17.50000000000003
 30
0.0
 40
7.089999999999968
100
AcDbArc
 50
94.04396177342939
 51
137.8583246785666
  0
ARC
  5
287
330
1F
100
AcDbEntity
  8
AM_0
100
AcDbCircle
 10
17.50000000000005
 20
17.49999999999991
 30
0.0
 40
9.390000000000095
100
AcDbArc
 50
93.05233705270332
 51
137.1578175216211
  0
LINE
  5
288
330
1F
100
AcDbEntity
  8
AM_0
100
AcDbLine
 10
17.85355339059327
 20
13.18445831905194
 30
0.0
 11
17.85355339059327
 21
13.304871873232
 31
0.0
  0
LINE
  5
289
330
1F
100
AcDbEntity
  8
AM_0
100
AcDbLine
 10
17.85355339059328
 20
12.26191829006076
 30
0.0
 11
17.85355339059327
 21
12.3821977373095
 31
0.0
  0
LINE
  5
28A
330
1F
100
AcDbEntity
  8
AM_0
100
AcDbLine
 10
17.85355339059327
 20
10.41882071968235
 30
0.0
 11
17.85355339059327
 21
10.5389727769531
 31
0.0
  0
LINE
  5
28B
330
1F
100
AcDbEntity
  8
AM_0
100
AcDbLine
 10
17.85355339059327
 20
9.49780655070124
 30
0.0
 11
17.85355339059327
 21
9.617925399997787
 31
0.0
  0
LINE
  5
28C
330
1F
100
AcDbEntity
  8
AM_0
100
AcDbLine
 10
17.85355339059327
 20
8.116658377741963
 30
0.0
 11
17.85355339059327
 21
8.236744632689867
 31
0.0
  0
ARC
  5
28D
330
1F
100
AcDbEntity
  8
AM_0
100
AcDbCircle
 10
17.5
 20
17.50000000000001
 30
0.0
 40
9.73000000000001
100
AcDbArc
 50
227.945582018375
 51
272.0823820619701
  0
LINE
  5
28E
330
1F
100
AcDbEntity
  8
AM_0
100
AcDbLine
 10
17.85355339059328
 20
13.64618370961978
 30
0.0
 11
17.85355339059328
 21
13.76670386923298
 31
0.0
  0
ARC
  5
28F
330
1F
100
AcDbEntity
  8
AM_0
100
AcDbCircle
 10
17.5
 20
17.50000000000001
 30
0.0
 40
4.670000000000008
100
AcDbArc
 50
231.1462327259516
 51
274.3418668437899
  0
LINE
  5
290
330
1F
100
AcDbEntity
  8
AM_0
100
AcDbLine
 10
17.85355339059328
 20
11.8009562205577
 30
0.0
 11
17.85355339059328
 21
11.92119188356509
 31
0.0
  0
ARC
  5
291
330
1F
100
AcDbEntity
  8
AM_0
100
AcDbCircle
 10
17.50000000000002
 20
17.50000000000007
 30
0.0
 40
6.050000000000071
100
AcDbArc
 50
229.7405953536574
 51
273.3501925242192
  0
ARC
  5
292
330
1F
100
AcDbEntity
  8
AM_0
100
AcDbCircle
 10
17.49999999999999
 20
17.49999999999996
 30
0.0
 40
6.509999999999964
100
AcDbArc
 50
229.4049355474287
 51
273.1132240255981
  0
LINE
  5
293
330
1F
100
AcDbEntity
  8
AM_0
100
AcDbLine
 10
17.85355339059328
 20
9.958282688936157
 30
0.0
 11
17.85355339059327
 21
10.07841661099197
 31
0.0
  0
ARC
  5
294
330
1F
100
AcDbEntity
  8
AM_0
100
AcDbCircle
 10
17.5
 20
17.5
 30
0.0
 40
8.349999999999996
100
AcDbArc
 50
228.4329386376492
 51
272.4267275330986
  0
ARC
  5
295
330
1F
100
AcDbEntity
  8
AM_0
100
AcDbCircle
 10
17.49999999999999
 20
17.49999999999994
 30
0.0
 40
8.809999999999937
100
AcDbArc
 50
228.2534950218913
 51
272.2999498721899
  0
LINE
  5
296
330
1F
100
AcDbEntity
  8
AM_0
100
AcDbLine
 10
17.85355339059328
 20
7.196063858893532
 30
0.0
 11
17.85355339059328
 21
7.316135311189565
 31
0.0
  0
ARC
  5
297
330
1F
100
AcDbEntity
  8
AM_0
100
AcDbCircle
 10
17.50000000000001
 20
17.50000000000003
 30
0.0
 40
10.65000000000003
100
AcDbArc
 50
227.6909318536308
 51
271.9024262692377
  0
ARC
  5
298
330
1F
100
AcDbEntity
  8
AM_0
100
AcDbCircle
 10
17.5
 20
17.49999999999999
 30
0.0
 40
3.870000000000009
100
AcDbArc
 50
52.42330611285252
 51
95.24170587939696
  0
ARC
  5
299
330
1F
100
AcDbEntity
  8
AM_0
100
AcDbCircle
 10
17.50000000000001
 20
17.50000000000003
 30
0.0
 40
4.329999999999967
100
AcDbArc
 50
51.63093315135389
 51
94.68353213460706
  0
LINE
  5
29A
330
1F
100
AcDbEntity
  8
AM_0
100
AcDbLine
 10
20.47505963237504
 20
15.02494036762496
 30
0.0
 11
20.38983901024286
 21
15.11016098975714
 31
0.0
  0
ARC
  5
29B
330
1F
100
AcDbEntity
  8
AM_0
100
AcDbCircle
 10
17.50000000000002
 20
17.50000000000005
 30
0.0
 40
4.789999999999949
100
AcDbArc
 50
50.99168503263147
 51
94.23289267147986
  0
LINE
  5
29C
330
1F
100
AcDbEntity
  8
AM_0
100
AcDbLine
 10
20.80154878709157
 20
14.69845121290843
 30
0.0
 11
20.71640354638407
 21
14.78359645361593
 31
0.0
  0
ARC
  5
29D
330
1F
100
AcDbEntity
  8
AM_0
100
AcDbCircle
 10
17.5
 20
17.49999999999999
 30
0.0
 40
5.250000000000005
100
AcDbArc
 50
50.46502379990586
 51
93.86142094249301
  0
LINE
  5
29E
330
1F
100
AcDbEntity
  8
AM_0
100
AcDbLine
 10
21.12780254011391
 20
14.37219745988609
 30
0.0
 11
21.04271164847455
 21
14.45728835152545
 31
0.0
  0
ARC
  5
29F
330
1F
100
AcDbEntity
  8
AM_0
100
AcDbCircle
 10
17.5
 20
17.49999999999999
 30
0.0
 40
5.710000000000014
100
AcDbArc
 50
50.02357748822694
 51
93.54992703453995
  0
ARC
  5
2A0
330
1F
100
AcDbEntity
  8
AM_0
100
AcDbCircle
 10
17.5
 20
17.50000000000001
 30
0.0
 40
3.869999999999995
100
AcDbArc
 50
7.423306112852424
 51
50.24170587939704
  0
ARC
  5
2A1
330
1F
100
AcDbEntity
  8
AM_0
100
AcDbCircle
 10
17.50000000000003
 20
17.49999999999999
 30
0.0
 40
3.869999999999973
100
AcDbArc
 50
322.4233061128523
 51
5.241705879397205
  0
LINE
  5
2A2
330
1F
100
AcDbEntity
  8
AM_0
100
AcDbLine
 10
21.45388309750727
 20
14.04611690249274
 30
0.0
 11
21.36883268472031
 21
14.13116731527969
 31
0.0
  0
ARC
  5
2A3
330
1F
100
AcDbEntity
  8
AM_0
100
AcDbCircle
 10
17.50000000000002
 20
17.50000000000005
 30
0.0
 40
6.169999999999943
100
AcDbArc
 50
49.64819093813195
 51
93.28496260958467
  0
LINE
  5
2A4
330
1F
100
AcDbEntity
  8
AM_0
100
AcDbLine
 10
21.77983250272267
 20
13.72016749727734
 30
0.0
 11
21.69481305006968
 21
13.80518694993033
 31
0.0
  0
ARC
  5
2A5
330
1F
100
AcDbEntity
  8
AM_0
100
AcDbCircle
 10
17.49999999999997
 20
17.49999999999999
 30
0.0
 40
4.330000000000028
100
AcDbArc
 50
6.63093315135402
 51
49.68353213460663
  0
ARC
  5
2A6
330
1F
100
AcDbEntity
  8
AM_0
100
AcDbCircle
 10
17.50000000000002
 20
17.50000000000006
 30
0.0
 40
6.629999999999938
100
AcDbArc
 50
49.32505501889126
 51
93.05682206073924
  0
ARC
  5
2A7
330
1F
100
AcDbEntity
  8
AM_0
100
AcDbCircle
 10
17.49999999999996
 20
17.5
 30
0.0
 40
4.33000000000003
100
AcDbArc
 50
321.6309331513542
 51
4.683532134606757
  0
LINE
  5
2A8
330
1F
100
AcDbEntity
  8
AM_0
100
AcDbLine
 10
22.10568019946368
 20
13.39431980053631
 30
0.0
 11
22.02068495677216
 21
13.47931504322784
 31
0.0
  0
ARC
  5
2A9
330
1F
100
AcDbEntity
  8
AM_0
100
AcDbCircle
 10
17.50000000000002
 20
17.50000000000007
 30
0.0
 40
7.089999999999931
100
AcDbArc
 50
49.0439617734293
 51
92.85832467856673
  0
LINE
  5
2AA
330
1F
100
AcDbEntity
  8
AM_0
100
AcDbLine
 10
17.00000000000001
 20
24.91315722212877
 30
0.0
 11
17.0
 21
25.03342551566019
 31
0.0
  0
ARC
  5
2AB
330
1F
100
AcDbEntity
  8
AM_0
100
AcDbCircle
 10
17.50000000000001
 20
17.49999999999998
 30
0.0
 40
7.430000000000017
100
AcDbArc
 50
93.85862130991829
 51
137.7274252468361
  0
LINE
  5
2AC
330
1F
100
AcDbEntity
  8
AM_0
100
AcDbLine
 10
11.91720054755478
 20
22.58279945244522
 30
0.0
 11
12.00214805849098
 21
22.49785194150902
 31
0.0
  0
LINE
  5
2AD
330
1F
100
AcDbEntity
  8
AM_0
100
AcDbLine
 10
17.0
 20
28.13825643608952
 30
0.0
 11
16.99999999999999
 21
28.25838742563215
 31
0.0
  0
ARC
  5
2AE
330
1F
100
AcDbEntity
  8
AM_0
100
AcDbCircle
 10
17.49999999999999
 20
17.50000000000003
 30
0.0
 40
10.64999999999997
100
AcDbArc
 50
92.69093185363066
 51
136.9024262692378
  0
LINE
  5
2AF
330
1F
100
AcDbEntity
  8
AM_0
100
AcDbLine
 10
9.638564524348904
 20
24.86143547565109
 30
0.0
 11
9.723463611992562
 21
24.77653638800743
 31
0.0
  0
LINE
  5
2B0
330
1F
100
AcDbEntity
  8
AM_0
100
AcDbLine
 10
17.0
 20
27.67772567914856
 30
0.0
 11
16.99999999999999
 21
27.79786871153444
 31
0.0
  0
ARC
  5
2B1
330
1F
100
AcDbEntity
  8
AM_0
100
AcDbCircle
 10
17.49999999999998
 20
17.50000000000004
 30
0.0
 40
10.18999999999996
100
AcDbArc
 50
92.81250224394958
 51
136.9883399056073
  0
LINE
  5
2B2
330
1F
100
AcDbEntity
  8
AM_0
100
AcDbLine
 10
9.964016881710473
 20
24.53598311828953
 30
0.0
 11
10.0489202198559
 21
24.45107978014408
 31
0.0
  0
LINE
  5
2B3
330
1F
100
AcDbEntity
  8
AM_0
100
AcDbLine
 10
16.99999999999999
 20
27.21714464233192
 30
0.0
 11
16.99999999999999
 21
27.33730145924176
 31
0.0
  0
ARC
  5
2B4
330
1F
100
AcDbEntity
  8
AM_0
100
AcDbCircle
 10
17.50000000000001
 20
17.49999999999998
 30
0.0
 40
9.730000000000018
100
AcDbArc
 50
92.94558201837498
 51
137.0823820619701
  0
LINE
  5
2B5
330
1F
100
AcDbEntity
  8
AM_0
100
AcDbLine
 10
10.28948636952702
 20
24.21051363047296
 30
0.0
 11
10.37439457211221
 21
24.12560542788779
 31
0.0
  0
LINE
  5
2B6
330
1F
100
AcDbEntity
  8
AM_0
100
AcDbLine
 10
16.99999999999999
 20
21.21651718682963
 30
0.0
 11
16.99999999999999
 21
21.33756433170833
 31
0.0
  0
ARC
  5
2B7
330
1F
100
AcDbEntity
  8
AM_0
100
AcDbCircle
 10
17.5
 20
17.49999999999999
 30
0.0
 40
3.750000000000016
100
AcDbArc
 50
97.66225566076619
 51
140.4099328902916
  0
LINE
  5
2B8
330
1F
100
AcDbEntity
  8
AM_0
100
AcDbLine
 10
14.52494036762496
 20
19.97505963237504
 30
0.0
 11
14.61016098975714
 21
19.88983901024286
 31
0.0
  0
LINE
  5
2B9
330
1F
100
AcDbEntity
  8
AM_0
100
AcDbLine
 10
16.99999999999999
 20
23.99077037030274
 30
0.0
 11
16.99999999999999
 21
24.11111942109655
 31
0.0
  0
ARC
  5
2BA
330
1F
100
AcDbEntity
  8
AM_0
100
AcDbCircle
 10
17.5
 20
17.50000000000002
 30
0.0
 40
6.509999999999981
100
AcDbArc
 50
94.40493554742893
 51
138.1132240255981
  0
LINE
  5
2BB
330
1F
100
AcDbEntity
  8
AM_0
100
AcDbLine
 10
12.56855257425654
 20
21.93144742574345
 30
0.0
 11
12.65352852722874
 21
21.84647147277126
 31
0.0
  0
LINE
  5
2BC
330
1F
100
AcDbEntity
  8
AM_0
100
AcDbLine
 10
14.51847210420314
 20
19.7744211146103
 30
0.0
 11
14.43287884721614
 21
19.8600143715973
 31
0.0
  0
ARC
  5
2BD
330
1F
100
AcDbEntity
  8
AM_0
100
AcDbCircle
 10
17.49999999999999
 20
17.50000000000001
 30
0.0
 40
3.749999999999987
100
AcDbArc
 50
142.6622556607662
 51
185.4099328902919
  0
LINE
  5
2BE
330
1F
100
AcDbEntity
  8
AM_0
100
AcDbLine
 10
13.64618370961978
 20
17.14644660940672
 30
0.0
 11
13.76670386923298
 21
17.14644660940672
 31
0.0
  0
LINE
  5
2BF
330
1F
100
AcDbEntity
  8
AM_0
100
AcDbLine
 10
14.19059647788787
 20
20.10229674092557
 30
0.0
 11
14.10515576504474
 21
20.1877374537687
 31
0.0
  0
ARC
  5
2C0
330
1F
100
AcDbEntity
  8
AM_0
100
AcDbCircle
 10
17.49999999999999
 20
17.5
 30
0.0
 40
4.209999999999993
100
AcDbArc
 50
141.8208236786724
 51
184.8173405466896
  0
LINE
  5
2C1
330
1F
100
AcDbEntity
  8
AM_0
100
AcDbLine
 10
13.18445831905194
 20
17.14644660940673
 30
0.0
 11
13.304871873232
 21
17.14644660940673
 31
0.0
  0
LINE
  5
2C2
330
1F
100
AcDbEntity
  8
AM_0
100
AcDbLine
 10
13.86323933602297
 20
20.42965388279048
 30
0.0
 11
13.77790835075506
 21
20.51498486805839
 31
0.0
  0
ARC
  5
2C3
330
1F
100
AcDbEntity
  8
AM_0
100
AcDbCircle
 10
17.49999999999999
 20
17.5
 30
0.0
 40
4.669999999999987
100
AcDbArc
 50
141.1462327259516
 51
184.3418668437901
  0
LINE
  5
2C4
330
1F
100
AcDbEntity
  8
AM_0
100
AcDbLine
 10
12.72306583675261
 20
17.14644660940671
 30
0.0
 11
12.84340252974342
 21
17.14644660940672
 31
0.0
  0
LINE
  5
2C5
330
1F
100
AcDbEntity
  8
AM_0
100
AcDbLine
 10
13.5362596336394
 20
20.75663358517405
 30
0.0
 11
13.45101023463311
 21
20.84188298418035
 31
0.0
  0
ARC
  5
2C6
330
1F
100
AcDbEntity
  8
AM_0
100
AcDbCircle
 10
17.49999999999993
 20
17.50000000000002
 30
0.0
 40
5.129999999999934
100
AcDbArc
 50
140.5932635475243
 51
183.9518884394462
  0
LINE
  5
2C7
330
1F
100
AcDbEntity
  8
AM_0
100
AcDbLine
 10
12.26191829006076
 20
17.14644660940672
 30
0.0
 11
12.3821977373095
 21
17.14644660940673
 31
0.0
  0
LINE
  5
2C8
330
1F
100
AcDbEntity
  8
AM_0
100
AcDbLine
 10
13.2095633243702
 20
21.08332989444325
 30
0.0
 11
13.12437624701872
 21
21.16851697179473
 31
0.0
  0
ARC
  5
2C9
330
1F
100
AcDbEntity
  8
AM_0
100
AcDbCircle
 10
17.49999999999996
 20
17.50000000000001
 30
0.0
 40
5.589999999999962
100
AcDbArc
 50
140.1317043739753
 51
183.6262338191341
  0
LINE
  5
2CA
330
1F
100
AcDbEntity
  8
AM_0
100
AcDbLine
 10
11.8009562205577
 20
17.14644660940672
 30
0.0
 11
11.92119188356509
 21
17.14644660940672
 31
0.0
  0
LINE
  5
2CB
330
1F
100
AcDbEntity
  8
AM_0
100
AcDbLine
 10
12.88308525948574
 20
21.4098079593277
 30
0.0
 11
12.79794686811663
 21
21.49494635069682
 31
0.0
  0
ARC
  5
2CC
330
1F
100
AcDbEntity
  8
AM_0
100
AcDbCircle
 10
17.50000000000006
 20
17.49999999999998
 30
0.0
 40
6.050000000000063
100
AcDbArc
 50
139.7405953536574
 51
183.3501925242193
  0
LINE
  5
2CD
330
1F
100
AcDbEntity
  8
AM_0
100
AcDbLine
 10
11.34013798855851
 20
17.14644660940672
 30
0.0
 11
11.46033941351006
 21
17.14644660940672
 31
0.0
  0
LINE
  5
2CE
330
1F
100
AcDbEntity
  8
AM_0
100
AcDbLine
 10
12.55677886544093
 20
21.73611435337251
 30
0.0
 11
12.47167923551527
 21
21.82121398329818
 31
0.0
  0
ARC
  5
2CF
330
1F
100
AcDbEntity
  8
AM_0
100
AcDbCircle
 10
17.50000000000004
 20
17.49999999999998
 30
0.0
 40
6.510000000000045
100
AcDbArc
 50
139.4049355474291
 51
183.1132240255978
  0
LINE
  5
2D0
330
1F
100
AcDbEntity
  8
AM_0
100
AcDbLine
 10
10.879433558977
 20
17.14644660940672
 30
0.0
 11
10.99960770414585
 21
17.14644660940673
 31
0.0
  0
LINE
  5
2D1
330
1F
100
AcDbEntity
  8
AM_0
100
AcDbLine
 10
12.2306099563028
 20
22.06228326251065
 30
0.0
 11
12.14554169129441
 21
22.14735152751905
 31
0.0
  0
ARC
  5
2D2
330
1F
100
AcDbEntity
  8
AM_0
100
AcDbCircle
 10
17.49999999999999
 20
17.5
 30
0.0
 40
6.969999999999987
100
AcDbArc
 50
139.1137040795637
 51
182.9075773612369
  0
LINE
  5
2D3
330
1F
100
AcDbEntity
  8
AM_0
100
AcDbLine
 10
10.41882071968235
 20
17.14644660940673
 30
0.0
 11
10.5389727769531
 21
17.14644660940673
 31
0.0
  0
LINE
  5
2D4
330
1F
100
AcDbEntity
  8
AM_0
100
AcDbLine
 10
11.90455286763744
 20
22.38834035117602
 30
0.0
 11
11.81951034171964
 21
22.47338287709381
 31
0.0
  0
ARC
  5
2D5
330
1F
100
AcDbEntity
  8
AM_0
100
AcDbCircle
 10
17.5
 20
17.50000000000001
 30
0.0
 40
7.43
100
AcDbArc
 50
138.8586213099183
 51
182.7274252468362
  0
LINE
  5
2D6
330
1F
100
AcDbEntity
  8
AM_0
100
AcDbLine
 10
9.958282688936157
 20
17.14644660940672
 30
0.0
 11
10.07841661099197
 21
17.14644660940673
 31
0.0
  0
LINE
  5
2D7
330
1F
100
AcDbEntity
  8
AM_0
100
AcDbLine
 10
11.57858795459157
 20
22.71430526422187
 30
0.0
 11
11.49356681234754
 21
22.79932640646593
 31
0.0
  0
ARC
  5
2D8
330
1F
100
AcDbEntity
  8
AM_0
100
AcDbCircle
 10
17.49999999999995
 20
17.50000000000001
 30
0.0
 40
7.889999999999952
100
AcDbArc
 50
138.6333458984666
 51
182.568301965543
  0
LINE
  5
2D9
330
1F
100
AcDbEntity
  8
AM_0
100
AcDbLine
 10
9.49780655070124
 20
17.14644660940672
 30
0.0
 11
9.617925399997793
 21
17.14644660940673
 31
0.0
  0
LINE
  5
2DA
330
1F
100
AcDbEntity
  8
AM_0
100
AcDbLine
 10
11.25269992329949
 20
23.04019329551396
 30
0.0
 11
11.16769674007785
 21
23.1251964787356
 31
0.0
  0
ARC
  5
2DB
330
1F
100
AcDbEntity
  8
AM_0
100
AcDbCircle
 10
17.49999999999996
 20
17.50000000000002
 30
0.0
 40
8.349999999999955
100
AcDbArc
 50
138.4329386376491
 51
182.4267275330988
  0
LINE
  5
2DC
330
1F
100
AcDbEntity
  8
AM_0
100
AcDbLine
 10
9.03738220170614
 20
17.14644660940671
 30
0.0
 11
9.157488387781534
 21
17.14644660940672
 31
0.0
  0
LINE
  5
2DD
330
1F
100
AcDbEntity
  8
AM_0
100
AcDbLine
 10
10.92687668858422
 20
23.36601653022922
 30
0.0
 11
10.84188873434522
 21
23.45100448446822
 31
0.0
  0
ARC
  5
2DE
330
1F
100
AcDbEntity
  8
AM_0
100
AcDbCircle
 10
17.49999999999998
 20
17.5
 30
0.0
 40
8.809999999999983
100
AcDbArc
 50
138.2534950218915
 51
182.2999498721898
  0
LINE
  5
2DF
330
1F
100
AcDbEntity
  8
AM_0
100
AcDbLine
 10
8.577001625014157
 20
17.14644660940672
 30
0.0
 11
8.697097069716149
 21
17.14644660940672
 31
0.0
  0
LINE
  5
2E0
330
1F
100
AcDbEntity
  8
AM_0
100
AcDbLine
 10
10.60110857382751
 20
23.69178464498594
 30
0.0
 11
10.51613364545096
 21
23.77675957336251
 31
0.0
  0
ARC
  5
2E1
330
1F
100
AcDbEntity
  8
AM_0
100
AcDbCircle
 10
17.49999999999998
 20
17.50000000000001
 30
0.0
 40
9.269999999999976
100
AcDbArc
 50
138.0918876593996
 51
182.1857639061666
  0
LINE
  5
2E2
330
1F
100
AcDbEntity
  8
AM_0
100
AcDbLine
 10
8.116658377741963
 20
17.14644660940673
 30
0.0
 11
8.236744632689867
 21
17.14644660940673
 31
0.0
  0
LINE
  5
2E3
330
1F
100
AcDbEntity
  8
AM_0
100
AcDbLine
 10
10.27538773904329
 20
24.01750547977016
 30
0.0
 11
10.19042403900055
 21
24.10246917981289
 31
0.0
  0
ARC
  5
2E4
330
1F
100
AcDbEntity
  8
AM_0
100
AcDbCircle
 10
17.50000000000002
 20
17.49999999999999
 30
0.0
 40
9.730000000000025
100
AcDbArc
 50
137.945582018375
 51
182.0823820619701
  0
LINE
  5
2E5
330
1F
100
AcDbEntity
  8
AM_0
100
AcDbLine
 10
7.656347222702338
 20
17.14644660940672
 30
0.0
 11
7.776425554355022
 21
17.14644660940673
 31
0.0
  0
LINE
  5
2E6
330
1F
100
AcDbEntity
  8
AM_0
100
AcDbLine
 10
9.949707764624321
 20
24.34318545418914
 30
0.0
 11
9.864753811711942
 21
24.4281394071015
 31
0.0
  0
ARC
  5
2E7
330
1F
100
AcDbEntity
  8
AM_0
100
AcDbCircle
 10
17.50000000000002
 20
17.49999999999999
 30
0.0
 40
10.19000000000003
100
AcDbArc
 50
137.8125022439497
 51
181.9883399056071
  0
LINE
  5
2E8
330
1F
100
AcDbEntity
  8
AM_0
100
AcDbLine
 10
7.196063858893535
 20
17.14644660940673
 30
0.0
 11
7.316135311189565
 21
17.14644660940672
 31
0.0
  0
LINE
  5
2E9
330
1F
100
AcDbEntity
  8
AM_0
100
AcDbLine
 10
9.624063343446396
 20
24.66882987536706
 30
0.0
 11
9.539117906110143
 21
24.7537753127033
 31
0.0
  0
ARC
  5
2EA
330
1F
100
AcDbEntity
  8
AM_0
100
AcDbCircle
 10
17.50000000000008
 20
17.49999999999997
 30
0.0
 40
10.65000000000008
100
AcDbArc
 50
137.6909318536309
 51
181.9024262692376
  0
LINE
  5
2EB
330
1F
100
AcDbEntity
  8
AM_0
100
AcDbLine
 10
6.735804721206511
 20
17.14644660940673
 30
0.0
 11
6.855870162385274
 21
17.14644660940673
 31
0.0
  0
LINE
  5
2EC
330
1F
100
AcDbEntity
  8
AM_0
100
AcDbLine
 10
10.1385645243489
 20
9.638564524348906
 30
0.0
 11
10.22346361199256
 21
9.723463611992562
 31
0.0
  0
ARC
  5
2ED
330
1F
100
AcDbEntity
  8
AM_0
100
AcDbCircle
 10
17.50000000000004
 20
17.50000000000002
 30
0.0
 40
10.77000000000004
100
AcDbArc
 50
182.6609276295686
 51
226.8812216558422
  0
LINE
  5
2EE
330
1F
100
AcDbEntity
  8
AM_0
100
AcDbLine
 10
6.861743563910484
 20
17.0
 30
0.0
 11
6.741612574367844
 21
17.0
 31
0.0
  0
LINE
  5
2EF
330
1F
100
AcDbEntity
  8
AM_0
100
AcDbLine
 10
10.46401688171047
 20
9.96401688171047
 30
0.0
 11
10.54892021985591
 21
10.04892021985591
 31
0.0
  0
ARC
  5
2F0
330
1F
100
AcDbEntity
  8
AM_0
100
AcDbCircle
 10
17.50000000000007
 20
17.50000000000004
 30
0.0
 40
10.31000000000008
100
AcDbArc
 50
182.779741149608
 51
226.9651881161123
  0
LINE
  5
2F1
330
1F
100
AcDbEntity
  8
AM_0
100
AcDbLine
 10
7.322274320851443
 20
17.0
 30
0.0
 11
7.202131288465557
 21
17.0
 31
0.0
  0
LINE
  5
2F2
330
1F
100
AcDbEntity
  8
AM_0
100
AcDbLine
 10
10.78948636952703
 20
10.28948636952703
 30
0.0
 11
10.87439457211221
 21
10.37439457211221
 31
0.0
  0
ARC
  5
2F3
330
1F
100
AcDbEntity
  8
AM_0
100
AcDbCircle
 10
17.50000000000001
 20
17.5
 30
0.0
 40
9.850000000000007
100
AcDbArc
 50
182.909665683738
 51
227.0570019678905
  0
LINE
  5
2F4
330
1F
100
AcDbEntity
  8
AM_0
100
AcDbLine
 10
7.78285535766808
 20
17.0
 30
0.0
 11
7.662698540758242
 21
17.0
 31
0.0
  0
LINE
  5
2F5
330
1F
100
AcDbEntity
  8
AM_0
100
AcDbLine
 10
11.11497550871137
 20
10.61497550871136
 30
0.0
 11
11.19988931391232
 21
10.69988931391232
 31
0.0
  0
ARC
  5
2F6
330
1F
100
AcDbEntity
  8
AM_0
100
AcDbCircle
 10
17.49999999999999
 20
17.5
 30
0.0
 40
9.389999999999997
100
AcDbArc
 50
183.0523370527031
 51
227.1578175216214
  0
LINE
  5
2F7
330
1F
100
AcDbEntity
  8
AM_0
100
AcDbLine
 10
8.2434941797674
 20
17.0
 30
0.0
 11
8.123321483595587
 21
17.0
 31
0.0
  0
LINE
  5
2F8
330
1F
100
AcDbEntity
  8
AM_0
100
AcDbLine
 10
11.44048734053097
 20
10.94048734053097
 30
0.0
 11
11.52540764386936
 21
11.02540764386936
 31
0.0
  0
ARC
  5
2F9
330
1F
100
AcDbEntity
  8
AM_0
100
AcDbCircle
 10
17.49999999999997
 20
17.49999999999999
 30
0.0
 40
8.929999999999973
100
AcDbArc
 50
183.2097289383617
 51
227.2690272134704
  0
LINE
  5
2FA
330
1F
100
AcDbEntity
  8
AM_0
100
AcDbLine
 10
8.704199865845062
 20
17.0
 30
0.0
 11
8.58400874832192
 21
17.0
 31
0.0
  0
LINE
  5
2FB
330
1F
100
AcDbEntity
  8
AM_0
100
AcDbLine
 10
11.76602556823644
 20
11.26602556823644
 30
0.0
 11
11.8509534668728
 21
11.3509534668728
 31
0.0
  0
ARC
  5
2FC
330
1F
100
AcDbEntity
  8
AM_0
100
AcDbCircle
 10
17.5000000000001
 20
17.50000000000005
 30
0.0
 40
8.470000000000105
100
AcDbArc
 50
183.384244913556
 51
227.3923263676809
  0
LINE
  5
2FD
330
1F
100
AcDbEntity
  8
AM_0
100
AcDbLine
 10
9.164983503315664
 20
17.0
 30
0.0
 11
9.044770848758738
 21
17.0
 31
0.0
  0
LINE
  5
2FE
330
1F
100
AcDbEntity
  8
AM_0
100
AcDbLine
 10
12.09159474763428
 20
11.59159474763428
 30
0.0
 11
12.17653160052019
 21
11.67653160052019
 31
0.0
  0
ARC
  5
2FF
330
1F
100
AcDbEntity
  8
AM_0
100
AcDbCircle
 10
17.49999999999996
 20
17.49999999999999
 30
0.0
 40
8.009999999999962
100
AcDbArc
 50
183.5788423075714
 51
227.529800317874
  0
LINE
  5
300
330
1F
100
AcDbEntity
  8
AM_0
100
AcDbLine
 10
9.625858776983993
 20
17.0
 30
0.0
 11
9.505620724534019
 21
17.0
 31
0.0
  0
LINE
  5
301
330
1F
100
AcDbEntity
  8
AM_0
100
AcDbLine
 10
12.41720054755478
 20
11.91720054755478
 30
0.0
 11
12.50214805849098
 21
12.00214805849098
 31
0.0
  0
ARC
  5
302
330
1F
100
AcDbEntity
  8
AM_0
100
AcDbCircle
 10
17.50000000000004
 20
17.50000000000002
 30
0.0
 40
7.550000000000045
100
AcDbArc
 50
183.7972015515703
 51
227.6840434465292
  0
LINE
  5
303
330
1F
100
AcDbEntity
  8
AM_0
100
AcDbLine
 10
10.08684277787123
 20
17.0
 30
0.0
 11
9.966574484339809
 21
17.0
 31
0.0
  0
LINE
  5
304
330
1F
100
AcDbEntity
  8
AM_0
100
AcDbLine
 10
12.74285011208971
 20
12.24285011208971
 30
0.0
 11
12.82781044655937
 21
12.32781044655937
 31
0.0
  0
ARC
  5
305
330
1F
100
AcDbEntity
  8
AM_0
100
AcDbCircle
 10
17.49999999999998
 20
17.49999999999999
 30
0.0
 40
7.089999999999976
100
AcDbArc
 50
184.0439617734295
 51
227.8583246785666
  0
LINE
  5
306
330
1F
100
AcDbEntity
  8
AM_0
100
AcDbLine
 10
10.54795713476966
 20
17.0
 30
0.0
 11
10.42765244066724
 21
17.0
 31
0.0
  0
LINE
  5
307
330
1F
100
AcDbEntity
  8
AM_0
100
AcDbLine
 10
13.06855257425655
 20
12.56855257425655
 30
0.0
 11
13.15352852722874
 21
12.65352852722874
 31
0.0
  0
ARC
  5
308
330
1F
100
AcDbEntity
  8
AM_0
100
AcDbCircle
 10
17.49999999999999
 20
17.5
 30
0.0
 40
6.629999999999992
100
AcDbArc
 50
184.3250550188915
 51
228.056822060739
  0
LINE
  5
309
330
1F
100
AcDbEntity
  8
AM_0
100
AcDbLine
 10
11.00922962969726
 20
17.0
 30
0.0
 11
10.88888057890344
 21
17.0
 31
0.0
  0
LINE
  5
30A
330
1F
100
AcDbEntity
  8
AM_0
100
AcDbLine
 10
13.39431980053631
 20
12.89431980053632
 30
0.0
 11
13.47931504322784
 21
12.97931504322784
 31
0.0
  0
ARC
  5
30B
330
1F
100
AcDbEntity
  8
AM_0
100
AcDbCircle
 10
17.50000000000001
 20
17.5
 30
0.0
 40
6.170000000000007
100
AcDbArc
 50
184.6481909381321
 51
228.2849626095843
  0
LINE
  5
30C
330
1F
100
AcDbEntity
  8
AM_0
100
AcDbLine
 10
11.47069655764449
 20
17.0
 30
0.0
 11
11.35029268989166
 21
17.0
 31
0.0
  0
LINE
  5
30D
330
1F
100
AcDbEntity
  8
AM_0
100
AcDbLine
 10
13.72016749727734
 20
13.22016749727734
 30
0.0
 11
13.80518694993033
 21
13.30518694993033
 31
0.0
  0
ARC
  5
30E
330
1F
100
AcDbEntity
  8
AM_0
100
AcDbCircle
 10
17.49999999999997
 20
17.49999999999999
 30
0.0
 40
5.709999999999971
100
AcDbArc
 50
185.0235774882268
 51
228.54992703454
  0
LINE
  5
30F
330
1F
100
AcDbEntity
  8
AM_0
100
AcDbLine
 10
11.9324062648214
 20
17.0
 30
0.0
 11
11.81193354469201
 21
17.0
 31
0.0
  0
LINE
  5
310
330
1F
100
AcDbEntity
  8
AM_0
100
AcDbLine
 10
14.04611690249273
 20
13.54611690249273
 30
0.0
 11
14.13116731527969
 21
13.63116731527969
 31
0.0
  0
ARC
  5
311
330
1F
100
AcDbEntity
  8
AM_0
100
AcDbCircle
 10
17.50000000000005
 20
17.50000000000002
 30
0.0
 40
5.250000000000052
100
AcDbArc
 50
185.465023799906
 51
228.8614209424928
  0
LINE
  5
312
330
1F
100
AcDbEntity
  8
AM_0
100
AcDbLine
 10
12.39442461616714
 20
17.0
 30
0.0
 11
12.27386375990828
 21
17.0
 31
0.0
  0
LINE
  5
313
330
1F
100
AcDbEntity
  8
AM_0
100
AcDbLine
 10
14.37219745988609
 20
13.87219745988608
 30
0.0
 11
14.45728835152545
 21
13.95728835152545
 31
0.0
  0
ARC
  5
314
330
1F
100
AcDbEntity
  8
AM_0
100
AcDbCircle
 10
17.5
 20
17.5
 30
0.0
 40
4.790000000000002
100
AcDbArc
 50
185.9916850326316
 51
229.2328926714796
  0
LINE
  5
315
330
1F
100
AcDbEntity
  8
AM_0
100
AcDbLine
 10
12.8568437458987
 20
17.0
 30
0.0
 11
12.73616750924216
 21
17.0
 31
0.0
  0
LINE
  5
316
330
1F
100
AcDbEntity
  8
AM_0
100
AcDbLine
 10
14.69845121290843
 20
14.19845121290843
 30
0.0
 11
14.78359645361593
 21
14.28359645361592
 31
0.0
  0
ARC
  5
317
330
1F
100
AcDbEntity
  8
AM_0
100
AcDbCircle
 10
17.50000000000005
 20
17.50000000000002
 30
0.0
 40
4.330000000000052
100
AcDbArc
 50
186.6309331513542
 51
229.6835321346067
  0
LINE
  5
318
330
1F
100
AcDbEntity
  8
AM_0
100
AcDbLine
 10
13.31979665566375
 20
17.0
 30
0.0
 11
13.19896524078217
 21
17.0
 31
0.0
  0
LINE
  5
319
330
1F
100
AcDbEntity
  8
AM_0
100
AcDbLine
 10
15.02494036762495
 20
14.52494036762496
 30
0.0
 11
15.11016098975714
 21
14.61016098975714
 31
0.0
  0
ARC
  5
31A
330
1F
100
AcDbEntity
  8
AM_0
100
AcDbCircle
 10
17.49999999999999
 20
17.49999999999999
 30
0.0
 40
3.869999999999992
100
AcDbArc
 50
187.4233061128524
 51
230.2417058793968
  0
LINE
  5
31B
330
1F
100
AcDbEntity
  8
AM_0
100
AcDbLine
 10
13.78348281317037
 20
17.0
 30
0.0
 11
13.66243566829167
 21
17.0
 31
0.0
  0
LINE
  5
31C
330
1F
100
AcDbEntity
  8
AM_0
100
AcDbLine
 10
17.0
 20
26.29580013415493
 30
0.0
 11
16.99999999999999
 21
26.41599125167808
 31
0.0
  0
ARC
  5
31D
330
1F
100
AcDbEntity
  8
AM_0
100
AcDbCircle
 10
17.49999999999998
 20
17.50000000000004
 30
0.0
 40
8.809999999999958
100
AcDbArc
 50
93.25349502189142
 51
137.2999498721899
  0
LINE
  5
31E
330
1F
100
AcDbEntity
  8
AM_0
100
AcDbLine
 10
10.94048734053097
 20
23.55951265946903
 30
0.0
 11
11.02540764386935
 21
23.47459235613063
 31
0.0
  0
LINE
  5
31F
330
1F
100
AcDbEntity
  8
AM_0
100
AcDbLine
 10
17.0
 20
21.68020334433625
 30
0.0
 11
17.0
 21
21.80103475921783
 31
0.0
  0
ARC
  5
320
330
1F
100
AcDbEntity
  8
AM_0
100
AcDbCircle
 10
17.49999999999999
 20
17.50000000000001
 30
0.0
 40
4.209999999999988
100
AcDbArc
 50
96.82082367867228
 51
139.8173405466896
  0
LINE
  5
321
330
1F
100
AcDbEntity
  8
AM_0
100
AcDbLine
 10
14.19845121290844
 20
20.30154878709157
 30
0.0
 11
14.28359645361592
 21
20.21640354638407
 31
0.0
  0
LINE
  5
322
330
1F
100
AcDbEntity
  8
AM_0
100
AcDbLine
 10
17.0
 20
22.1431562541013
 30
0.0
 11
16.99999999999999
 21
22.26383249075784
 31
0.0
  0
ARC
  5
323
330
1F
100
AcDbEntity
  8
AM_0
100
AcDbCircle
 10
17.49999999999999
 20
17.50000000000002
 30
0.0
 40
4.669999999999972
100
AcDbArc
 50
96.1462327259515
 51
139.3418668437902
  0
LINE
  5
324
330
1F
100
AcDbEntity
  8
AM_0
100
AcDbLine
 10
13.87219745988609
 20
20.6278025401139
 30
0.0
 11
13.95728835152544
 21
20.54271164847454
 31
0.0
  0
LINE
  5
325
330
1F
100
AcDbEntity
  8
AM_0
100
AcDbLine
 10
17.0
 20
25.83501649668434
 30
0.0
 11
17.0
 21
25.95522915124126
 31
0.0
  0
ARC
  5
326
330
1F
100
AcDbEntity
  8
AM_0
100
AcDbCircle
 10
17.50000000000001
 20
17.49999999999998
 30
0.0
 40
8.350000000000026
100
AcDbArc
 50
93.43293863764927
 51
137.4267275330986
  0
LINE
  5
327
330
1F
100
AcDbEntity
  8
AM_0
100
AcDbLine
 10
11.26602556823644
 20
23.23397443176356
 30
0.0
 11
11.35095346687279
 21
23.14904653312718
 31
0.0
  0
LINE
  5
328
330
1F
100
AcDbEntity
  8
AM_0
100
AcDbLine
 10
16.99999999999999
 20
23.52930344235551
 30
0.0
 11
17.0
 21
23.64970731010834
 31
0.0
  0
ARC
  5
329
330
1F
100
AcDbEntity
  8
AM_0
100
AcDbCircle
 10
17.49999999999999
 20
17.50000000000001
 30
0.0
 40
6.049999999999989
100
AcDbArc
 50
94.74059535365707
 51
138.3501925242196
  0
LINE
  5
32A
330
1F
100
AcDbEntity
  8
AM_0
100
AcDbLine
 10
12.89431980053631
 20
21.60568019946368
 30
0.0
 11
12.97931504322784
 21
21.52068495677215
 31
0.0
  0
LINE
  5
32B
330
1F
100
AcDbEntity
  8
AM_0
100
AcDbLine
 10
16.99999999999999
 20
25.374141223016
 30
0.0
 11
17.00000000000001
 21
25.49437927546598
 31
0.0
  0
ARC
  5
32C
330
1F
100
AcDbEntity
  8
AM_0
100
AcDbCircle
 10
17.49999999999999
 20
17.49999999999999
 30
0.0
 40
7.890000000000001
100
AcDbArc
 50
93.63334589846671
 51
137.5683019655428
  0
LINE
  5
32D
330
1F
100
AcDbEntity
  8
AM_0
100
AcDbLine
 10
11.59159474763427
 20
22.90840525236571
 30
0.0
 11
11.67653160052019
 21
22.8234683994798
 31
0.0
  0
LINE
  5
32E
330
1F
100
AcDbEntity
  8
AM_0
100
AcDbLine
 10
17.0
 20
22.60557538383286
 30
0.0
 11
17.0
 21
22.72613624009172
 31
0.0
  0
ARC
  5
32F
330
1F
100
AcDbEntity
  8
AM_0
100
AcDbCircle
 10
17.49999999999999
 20
17.50000000000001
 30
0.0
 40
5.129999999999987
100
AcDbArc
 50
95.59326354752461
 51
138.9518884394459
  0
LINE
  5
330
330
1F
100
AcDbEntity
  8
AM_0
100
AcDbLine
 10
13.54611690249273
 20
20.95388309750725
 30
0.0
 11
13.63116731527969
 21
20.86883268472031
 31
0.0
  0
LINE
  5
331
330
1F
100
AcDbEntity
  8
AM_0
100
AcDbLine
 10
16.99999999999999
 20
23.0675937351786
 30
0.0
 11
17.00000000000001
 21
23.18806645530799
 31
0.0
  0
ARC
  5
332
330
1F
100
AcDbEntity
  8
AM_0
100
AcDbCircle
 10
17.50000000000001
 20
17.49999999999996
 30
0.0
 40
5.590000000000034
100
AcDbArc
 50
95.13170437397557
 51
138.6262338191338
  0
LINE
  5
333
330
1F
100
AcDbEntity
  8
AM_0
100
AcDbLine
 10
13.22016749727734
 20
21.27983250272266
 30
0.0
 11
13.30518694993032
 21
21.19481305006967
 31
0.0
  0
LINE
  5
334
330
1F
100
AcDbEntity
  8
AM_0
100
AcDbLine
 10
17.00000000000001
 20
24.45204286523033
 30
0.0
 11
17.00000000000001
 21
24.57234755933275
 31
0.0
  0
ARC
  5
335
330
1F
100
AcDbEntity
  8
AM_0
100
AcDbCircle
 10
17.5
 20
17.49999999999999
 30
0.0
 40
6.970000000000004
100
AcDbArc
 50
94.11370407956363
 51
137.9075773612369
  0
LINE
  5
336
330
1F
100
AcDbEntity
  8
AM_0
100
AcDbLine
 10
12.24285011208971
 20
22.25714988791029
 30
0.0
 11
12.32781044655937
 21
22.17218955344062
 31
0.0
  0
LINE
  5
337
330
1F
100
AcDbEntity
  8
AM_0
100
AcDbLine
 10
17.0
 20
26.7565058202326
 30
0.0
 11
17.00000000000001
 21
26.87667851640441
 31
0.0
  0
ARC
  5
338
330
1F
100
AcDbEntity
  8
AM_0
100
AcDbCircle
 10
17.50000000000001
 20
17.49999999999999
 30
0.0
 40
9.270000000000016
100
AcDbArc
 50
93.09188765939977
 51
137.1857639061666
  0
LINE
  5
339
330
1F
100
AcDbEntity
  8
AM_0
100
AcDbLine
 10
10.61497550871136
 20
23.88502449128863
 30
0.0
 11
10.69988931391233
 21
23.80011068608768
 31
0.0
  0
ARC
  5
33A
330
1F
100
AcDbEntity
  8
AM_0
100
AcDbCircle
 10
17.50000000000001
 20
17.50000000000004
 30
0.0
 40
4.330000000000041
100
AcDbArc
 50
231.6309331513541
 51
274.6835321346067
  0
LINE
  5
33B
330
1F
100
AcDbEntity
  8
AM_0
100
AcDbLine
 10
14.89770325907442
 20
14.19059647788788
 30
0.0
 11
14.81226254623129
 21
14.10515576504475
 31
0.0
  0
ARC
  5
33C
330
1F
100
AcDbEntity
  8
AM_0
100
AcDbCircle
 10
17.5
 20
17.49999999999999
 30
0.0
 40
4.209999999999992
100
AcDbArc
 50
231.8208236786724
 51
274.8173405466896
  0
ARC
  5
33D
330
1F
100
AcDbEntity
  8
AM_0
100
AcDbCircle
 10
17.49999999999999
 20
17.49999999999999
 30
0.0
 40
5.249999999999994
100
AcDbArc
 50
230.4650237999059
 51
273.8614209424931
  0
LINE
  5
33E
330
1F
100
AcDbEntity
  8
AM_0
100
AcDbLine
 10
14.24336641482594
 20
13.53625963363941
 30
0.0
 11
14.15811701581965
 21
13.4510102346331
 31
0.0
  0
ARC
  5
33F
330
1F
100
AcDbEntity
  8
AM_0
100
AcDbCircle
 10
17.49999999999998
 20
17.49999999999995
 30
0.0
 40
5.129999999999956
100
AcDbArc
 50
230.5932635475245
 51
273.9518884394461
  0
ARC
  5
340
330
1F
100
AcDbEntity
  8
AM_0
100
AcDbCircle
 10
17.50000000000002
 20
17.50000000000004
 30
0.0
 40
7.090000000000039
100
AcDbArc
 50
229.0439617734296
 51
272.8583246785664
  0
LINE
  5
341
330
1F
100
AcDbEntity
  8
AM_0
100
AcDbLine
 10
12.93771673748934
 20
12.2306099563028
 30
0.0
 11
12.85264847248095
 21
12.14554169129441
 31
0.0
  0
ARC
  5
342
330
1F
100
AcDbEntity
  8
AM_0
100
AcDbCircle
 10
17.49999999999996
 20
17.4999999999999
 30
0.0
 40
6.969999999999906
100
AcDbArc
 50
229.1137040795634
 51
272.9075773612372
  0
ARC
  5
343
330
1F
100
AcDbEntity
  8
AM_0
100
AcDbCircle
 10
17.5
 20
17.50000000000001
 30
0.0
 40
8.010000000000007
100
AcDbArc
 50
228.5788423075714
 51
272.5298003178738
  0
LINE
  5
344
330
1F
100
AcDbEntity
  8
AM_0
100
AcDbLine
 10
12.28569473577812
 20
11.57858795459157
 30
0.0
 11
12.20067359353408
 21
11.49356681234754
 31
0.0
  0
ARC
  5
345
330
1F
100
AcDbEntity
  8
AM_0
100
AcDbCircle
 10
17.5
 20
17.49999999999998
 30
0.0
 40
7.889999999999985
100
AcDbArc
 50
228.6333458984666
 51
272.5683019655429
  0
ARC
  5
346
330
1F
100
AcDbEntity
  8
AM_0
100
AcDbCircle
 10
17.5
 20
17.49999999999999
 30
0.0
 40
9.389999999999993
100
AcDbArc
 50
228.052337052703
 51
272.1578175216213
  0
LINE
  5
347
330
1F
100
AcDbEntity
  8
AM_0
100
AcDbLine
 10
11.30821535501405
 20
10.60110857382751
 30
0.0
 11
11.2232404266375
 21
10.51613364545096
 31
0.0
  0
ARC
  5
348
330
1F
100
AcDbEntity
  8
AM_0
100
AcDbCircle
 10
17.49999999999999
 20
17.49999999999995
 30
0.0
 40
9.269999999999955
100
AcDbArc
 50
228.0918876593995
 51
272.1857639061668
  0
LINE
  5
349
330
1F
100
AcDbEntity
  8
AM_0
100
AcDbLine
 10
17.85355339059327
 20
7.656347222702338
 30
0.0
 11
17.85355339059327
 21
7.776425554355023
 31
0.0
  0
ARC
  5
34A
330
1F
100
AcDbEntity
  8
AM_0
100
AcDbCircle
 10
17.49999999999998
 20
17.49999999999995
 30
0.0
 40
9.849999999999953
100
AcDbArc
 50
227.9096656837379
 51
272.0570019678908
  0
LINE
  5
34B
330
1F
100
AcDbEntity
  8
AM_0
100
AcDbLine
 10
10.98249452022984
 20
10.27538773904329
 30
0.0
 11
10.89753082018711
 21
10.19042403900056
 31
0.0
  0
ARC
  5
34C
330
1F
100
AcDbEntity
  8
AM_0
100
AcDbCircle
 10
17.50000000000001
 20
17.50000000000006
 30
0.0
 40
3.870000000000061
100
AcDbArc
 50
232.4233061128528
 51
275.2417058793966
  0
LINE
  5
34D
330
1F
100
AcDbEntity
  8
AM_0
100
AcDbLine
 10
15.22557888538969
 20
14.51847210420315
 30
0.0
 11
15.13998562840269
 21
14.43287884721615
 31
0.0
  0
ARC
  5
34E
330
1F
100
AcDbEntity
  8
AM_0
100
AcDbCircle
 10
17.49999999999999
 20
17.49999999999995
 30
0.0
 40
3.749999999999949
100
AcDbArc
 50
232.6622556607657
 51
275.409932890292
  0
LINE
  5
34F
330
1F
100
AcDbEntity
  8
AM_0
100
AcDbLine
 10
17.85355339059327
 20
12.72306583675261
 30
0.0
 11
17.85355339059328
 21
12.84340252974342
 31
0.0
  0
ARC
  5
350
330
1F
100
AcDbEntity
  8
AM_0
100
AcDbCircle
 10
17.5
 20
17.50000000000004
 30
0.0
 40
4.790000000000034
100
AcDbArc
 50
230.9916850326318
 51
274.2328926714794
  0
LINE
  5
351
330
1F
100
AcDbEntity
  8
AM_0
100
AcDbLine
 10
14.57034611720952
 20
13.86323933602297
 30
0.0
 11
14.4850151319416
 21
13.77790835075506
 31
0.0
  0
ARC
  5
352
330
1F
100
AcDbEntity
  8
AM_0
100
AcDbCircle
 10
17.5
 20
17.5
 30
0.0
 40
5.710000000000006
100
AcDbArc
 50
230.023577488227
 51
273.5499270345399
  0
LINE
  5
353
330
1F
100
AcDbEntity
  8
AM_0
100
AcDbLine
 10
13.91667010555675
 20
13.2095633243702
 30
0.0
 11
13.83148302820526
 21
13.12437624701872
 31
0.0
  0
ARC
  5
354
330
1F
100
AcDbEntity
  8
AM_0
100
AcDbCircle
 10
17.50000000000002
 20
17.50000000000004
 30
0.0
 40
5.590000000000039
100
AcDbArc
 50
230.1317043739755
 51
273.6262338191337
  0
LINE
  5
355
330
1F
100
AcDbEntity
  8
AM_0
100
AcDbLine
 10
17.85355339059327
 20
11.34013798855851
 30
0.0
 11
17.85355339059328
 21
11.46033941351006
 31
0.0
  0
ARC
  5
356
330
1F
100
AcDbEntity
  8
AM_0
100
AcDbCircle
 10
17.50000000000001
 20
17.50000000000001
 30
0.0
 40
6.170000000000016
100
AcDbArc
 50
229.6481909381322
 51
273.2849626095842
  0
LINE
  5
357
330
1F
100
AcDbEntity
  8
AM_0
100
AcDbLine
 10
13.5901920406723
 20
12.88308525948575
 30
0.0
 11
13.50505364930318
 21
12.79794686811663
 31
0.0
  0
LINE
  5
358
330
1F
100
AcDbEntity
  8
AM_0
100
AcDbLine
 10
17.85355339059327
 20
10.879433558977
 30
0.0
 11
17.85355339059327
 21
10.99960770414585
 31
0.0
  0
ARC
  5
359
330
1F
100
AcDbEntity
  8
AM_0
100
AcDbCircle
 10
17.50000000000001
 20
17.50000000000002
 30
0.0
 40
6.630000000000019
100
AcDbArc
 50
229.3250550188915
 51
273.0568220607388
  0
ARC
  5
35A
330
1F
100
AcDbEntity
  8
AM_0
100
AcDbCircle
 10
17.50000000000002
 20
17.50000000000001
 30
0.0
 40
9.270000000000023
100
AcDbArc
 50
183.0918876593998
 51
227.1857639061665
  0
ARC
  5
35B
330
1F
100
AcDbEntity
  8
AM_0
100
AcDbCircle
 10
17.49999999999997
 20
17.49999999999999
 30
0.0
 40
8.809999999999972
100
AcDbArc
 50
183.2534950218914
 51
227.2999498721898
  0
ARC
  5
35C
330
1F
100
AcDbEntity
  8
AM_0
100
AcDbCircle
 10
17.50000000000006
 20
17.50000000000002
 30
0.0
 40
8.35000000000006
100
AcDbArc
 50
183.4329386376494
 51
227.4267275330984
  0
ARC
  5
35D
330
1F
100
AcDbEntity
  8
AM_0
100
AcDbCircle
 10
17.5
 20
17.50000000000001
 30
0.0
 40
7.430000000000008
100
AcDbArc
 50
228.8586213099183
 51
272.7274252468362
  0
LINE
  5
35E
330
1F
100
AcDbEntity
  8
AM_0
100
AcDbLine
 10
17.85355339059327
 20
9.037382201706142
 30
0.0
 11
17.85355339059328
 21
9.15748838778153
 31
0.0
  0
ARC
  5
35F
330
1F
100
AcDbEntity
  8
AM_0
100
AcDbCircle
 10
17.5
 20
17.50000000000001
 30
0.0
 40
8.470000000000015
100
AcDbArc
 50
228.3842449135557
 51
272.392326367681
  0
LINE
  5
360
330
1F
100
AcDbEntity
  8
AM_0
100
AcDbLine
 10
11.95980670448604
 20
11.25269992329949
 30
0.0
 11
11.8748035212644
 21
11.16769674007786
 31
0.0
  0
LINE
  5
361
330
1F
100
AcDbEntity
  8
AM_0
100
AcDbLine
 10
17.85355339059327
 20
8.577001625014155
 30
0.0
 11
17.85355339059328
 21
8.697097069716149
 31
0.0
  0
ARC
  5
362
330
1F
100
AcDbEntity
  8
AM_0
100
AcDbCircle
 10
17.50000000000002
 20
17.50000000000006
 30
0.0
 40
8.930000000000065
100
AcDbArc
 50
228.2097289383619
 51
272.2690272134702
  0
LINE
  5
363
330
1F
100
AcDbEntity
  8
AM_0
100
AcDbLine
 10
11.63398346977078
 20
10.92687668858423
 30
0.0
 11
11.54899551553177
 21
10.84188873434522
 31
0.0
  0
ARC
  5
364
330
1F
100
AcDbEntity
  8
AM_0
100
AcDbCircle
 10
17.5
 20
17.50000000000001
 30
0.0
 40
10.31000000000001
100
AcDbArc
 50
227.7797411496078
 51
271.9651881161125
  0
LINE
  5
365
330
1F
100
AcDbEntity
  8
AM_0
100
AcDbLine
 10
10.65681454581086
 20
9.949707764624323
 30
0.0
 11
10.5718605928985
 21
9.864753811711942
 31
0.0
  0
ARC
  5
366
330
1F
100
AcDbEntity
  8
AM_0
100
AcDbCircle
 10
17.49999999999999
 20
17.49999999999996
 30
0.0
 40
10.18999999999996
100
AcDbArc
 50
227.8125022439496
 51
271.9883399056072
  0
LINE
  5
367
330
1F
100
AcDbEntity
  8
AM_0
100
AcDbLine
 10
17.85355339059327
 20
6.735804721206516
 30
0.0
 11
17.85355339059328
 21
6.855870162385274
 31
0.0
  0
ARC
  5
368
330
1F
100
AcDbEntity
  8
AM_0
100
AcDbCircle
 10
17.50000000000001
 20
17.49999999999997
 30
0.0
 40
4.330000000000028
100
AcDbArc
 50
96.63093315135401
 51
139.6835321346066
  0
ARC
  5
369
330
1F
100
AcDbEntity
  8
AM_0
100
AcDbCircle
 10
17.50000000000002
 20
17.49999999999997
 30
0.0
 40
4.790000000000031
100
AcDbArc
 50
95.99168503263196
 51
139.2328926714795
  0
ARC
  5
36A
330
1F
100
AcDbEntity
  8
AM_0
100
AcDbCircle
 10
17.5
 20
17.5
 30
0.0
 40
8.469999999999999
100
AcDbArc
 50
93.3842449135557
 51
137.3923263676811
  0
ARC
  5
36B
330
1F
100
AcDbEntity
  8
AM_0
100
AcDbCircle
 10
17.5
 20
17.5
 30
0.0
 40
6.169999999999995
100
AcDbArc
 50
94.64819093813206
 51
138.2849626095844
  0
ARC
  5
36C
330
1F
100
AcDbEntity
  8
AM_0
100
AcDbCircle
 10
17.49999999999999
 20
17.49999999999996
 30
0.0
 40
9.850000000000037
100
AcDbArc
 50
47.90966568373822
 51
92.05700196789054
  0
ARC
  5
36D
330
1F
100
AcDbEntity
  8
AM_0
100
AcDbCircle
 10
17.49999999999999
 20
17.5
 30
0.0
 40
6.63000000000001
100
AcDbArc
 50
4.325055018891468
 51
48.05682206073888
  0
ARC
  5
36E
330
1F
100
AcDbEntity
  8
AM_0
100
AcDbCircle
 10
17.50000000000004
 20
17.49999999999999
 30
0.0
 40
6.629999999999963
100
AcDbArc
 50
319.3250550188914
 51
3.056822060739029
  0
LINE
  5
36F
330
1F
100
AcDbEntity
  8
AM_0
100
AcDbLine
 10
24.38502449128864
 20
11.11497550871136
 30
0.0
 11
24.30011068608767
 21
11.19988931391232
 31
0.0
  0
ARC
  5
370
330
1F
100
AcDbEntity
  8
AM_0
100
AcDbCircle
 10
17.49999999999997
 20
17.49999999999994
 30
0.0
 40
10.31000000000007
100
AcDbArc
 50
47.77974114960788
 51
91.96518811611229
  0
ARC
  5
371
330
1F
100
AcDbEntity
  8
AM_0
100
AcDbCircle
 10
17.50000000000001
 20
17.5
 30
0.0
 40
7.08999999999999
100
AcDbArc
 50
4.043961773429471
 51
47.85832467856655
  0
ARC
  5
372
330
1F
100
AcDbEntity
  8
AM_0
100
AcDbCircle
 10
17.50000000000007
 20
17.49999999999998
 30
0.0
 40
7.089999999999928
100
AcDbArc
 50
319.0439617734293
 51
2.858324678566734
  0
LINE
  5
373
330
1F
100
AcDbEntity
  8
AM_0
100
AcDbLine
 10
24.71051363047297
 20
10.78948636952703
 30
0.0
 11
24.62560542788779
 21
10.87439457211221
 31
0.0
  0
ARC
  5
374
330
1F
100
AcDbEntity
  8
AM_0
100
AcDbCircle
 10
17.49999999999999
 20
17.49999999999998
 30
0.0
 40
10.77000000000002
100
AcDbArc
 50
47.6609276295685
 51
91.8812216558423
  0
ARC
  5
375
330
1F
100
AcDbEntity
  8
AM_0
100
AcDbCircle
 10
17.49999999999998
 20
17.5
 30
0.0
 40
7.550000000000016
100
AcDbArc
 50
3.797201551570209
 51
47.68404344652921
  0
LINE
  5
376
330
1F
100
AcDbEntity
  8
AM_0
100
AcDbLine
 10
25.03598311828953
 20
10.46401688171047
 30
0.0
 11
24.95107978014409
 21
10.54892021985592
 31
0.0
  0
ARC
  5
377
330
1F
100
AcDbEntity
  8
AM_0
100
AcDbCircle
 10
17.49999999999995
 20
17.50000000000001
 30
0.0
 40
7.55000000000005
100
AcDbArc
 50
318.7972015515704
 51
2.684043446529211
  0
LINE
  5
378
330
1F
100
AcDbEntity
  8
AM_0
100
AcDbLine
 10
25.3614354756511
 20
10.1385645243489
 30
0.0
 11
25.27653638800744
 21
10.22346361199257
 31
0.0
  0
LINE
  5
379
330
1F
100
AcDbEntity
  8
AM_0
100
AcDbLine
 10
20.75663358517405
 20
21.46374036636059
 30
0.0
 11
20.84188298418035
 21
21.54898976536689
 31
0.0
  0
ARC
  5
37A
330
1F
100
AcDbEntity
  8
AM_0
100
AcDbCircle
 10
17.50000000000004
 20
17.5000000000001
 30
0.0
 40
5.129999999999903
100
AcDbArc
 50
50.59326354752425
 51
93.95188843944634
  0
ARC
  5
37B
330
1F
100
AcDbEntity
  8
AM_0
100
AcDbCircle
 10
17.49999999999999
 20
17.5
 30
0.0
 40
8.470000000000006
100
AcDbArc
 50
3.384244913555658
 51
47.39232636768111
  0
ARC
  5
37C
330
1F
100
AcDbEntity
  8
AM_0
100
AcDbCircle
 10
17.50000000000004
 20
17.49999999999999
 30
0.0
 40
8.469999999999969
100
AcDbArc
 50
318.3842449135554
 51
2.392326367681174
  0
ARC
  5
37D
330
1F
100
AcDbEntity
  8
AM_0
100
AcDbCircle
 10
17.49999999999998
 20
17.49999999999999
 30
0.0
 40
8.930000000000021
100
AcDbArc
 50
3.209728938361805
 51
47.26902721347028
  0
ARC
  5
37E
330
1F
100
AcDbEntity
  8
AM_0
100
AcDbCircle
 10
17.49999999999991
 20
17.50000000000003
 30
0.0
 40
8.930000000000087
100
AcDbArc
 50
318.209728938362
 51
2.269027213470048
  0
ARC
  5
37F
330
1F
100
AcDbEntity
  8
AM_0
100
AcDbCircle
 10
17.49999999999998
 20
17.5
 30
0.0
 40
9.390000000000018
100
AcDbArc
 50
3.052337052703114
 51
47.15781752162121
  0
ARC
  5
380
330
1F
100
AcDbEntity
  8
AM_0
100
AcDbCircle
 10
17.49999999999998
 20
17.5
 30
0.0
 40
9.390000000000018
100
AcDbArc
 50
318.0523370527032
 51
2.157817521621289
  0
ARC
  5
381
330
1F
100
AcDbEntity
  8
AM_0
100
AcDbCircle
 10
17.49999999999997
 20
17.49999999999998
 30
0.0
 40
9.850000000000035
100
AcDbArc
 50
2.909665683738129
 51
47.05700196789051
  0
ARC
  5
382
330
1F
100
AcDbEntity
  8
AM_0
100
AcDbCircle
 10
17.49999999999995
 20
17.5
 30
0.0
 40
9.850000000000039
100
AcDbArc
 50
317.9096656837382
 51
2.057001967890574
  0
ARC
  5
383
330
1F
100
AcDbEntity
  8
AM_0
100
AcDbCircle
 10
17.50000000000003
 20
17.50000000000001
 30
0.0
 40
10.30999999999997
100
AcDbArc
 50
2.779741149607729
 51
46.9651881161126
  0
ARC
  5
384
330
1F
100
AcDbEntity
  8
AM_0
100
AcDbCircle
 10
17.49999999999994
 20
17.50000000000003
 30
0.0
 40
10.31000000000006
100
AcDbArc
 50
317.7797411496079
 51
1.965188116112338
  0
ARC
  5
385
330
1F
100
AcDbEntity
  8
AM_0
100
AcDbCircle
 10
17.50000000000008
 20
17.50000000000004
 30
0.0
 40
10.76999999999992
100
AcDbArc
 50
2.660927629568294
 51
46.88122165584247
  0
ARC
  5
386
330
1F
100
AcDbEntity
  8
AM_0
100
AcDbCircle
 10
17.49999999999999
 20
17.5
 30
0.0
 40
10.77000000000001
100
AcDbArc
 50
317.6609276295685
 51
1.881221655842278
  0
ARC
  5
387
330
1F
100
AcDbEntity
  8
AM_0
100
AcDbCircle
 10
17.5
 20
17.49999999999998
 30
0.0
 40
7.550000000000015
100
AcDbArc
 50
93.79720155157017
 51
137.6840434465292
  0
ARC
  5
388
330
1F
100
AcDbEntity
  8
AM_0
100
AcDbCircle
 10
17.49999999999998
 20
17.50000000000003
 30
0.0
 40
5.250000000000035
100
AcDbArc
 50
275.465023799906
 51
318.861420942493
  0
LINE
  5
389
330
1F
100
AcDbEntity
  8
AM_0
100
AcDbLine
 10
18.0
 20
12.39442461616714
 30
0.0
 11
18.0
 21
12.27386375990828
 31
0.0
  0
ARC
  5
38A
330
1F
100
AcDbEntity
  8
AM_0
100
AcDbCircle
 10
17.50000000000001
 20
17.49999999999999
 30
0.0
 40
5.129999999999991
100
AcDbArc
 50
275.5932635475246
 51
318.9518884394459
  0
LINE
  5
38B
330
1F
100
AcDbEntity
  8
AM_0
100
AcDbLine
 10
21.4098079593277
 20
22.11691474051425
 30
0.0
 11
21.49494635069682
 21
22.20205313188336
 31
0.0
  0
ARC
  5
38C
330
1F
100
AcDbEntity
  8
AM_0
100
AcDbCircle
 10
17.5
 20
17.49999999999998
 30
0.0
 40
6.050000000000014
100
AcDbArc
 50
49.74059535365719
 51
93.35019252421954
  0
LINE
  5
38D
330
1F
100
AcDbEntity
  8
AM_0
100
AcDbLine
 10
17.14644660940672
 20
23.65986201144149
 30
0.0
 11
17.14644660940672
 21
23.53966058648994
 31
0.0
  0
ARC
  5
38E
330
1F
100
AcDbEntity
  8
AM_0
100
AcDbCircle
 10
17.5
 20
17.50000000000002
 30
0.0
 40
5.71000000000002
100
AcDbArc
 50
275.0235774882269
 51
318.5499270345397
  0
LINE
  5
38F
330
1F
100
AcDbEntity
  8
AM_0
100
AcDbLine
 10
18.0
 20
11.9324062648214
 30
0.0
 11
18.0
 21
11.81193354469201
 31
0.0
  0
ARC
  5
390
330
1F
100
AcDbEntity
  8
AM_0
100
AcDbCircle
 10
17.49999999999999
 20
17.50000000000004
 30
0.0
 40
5.590000000000035
100
AcDbArc
 50
275.1317043739754
 51
318.6262338191337
  0
LINE
  5
391
330
1F
100
AcDbEntity
  8
AM_0
100
AcDbLine
 10
21.68020334433625
 20
18.0
 30
0.0
 11
21.80103475921783
 21
18.0
 31
0.0
  0
ARC
  5
392
330
1F
100
AcDbEntity
  8
AM_0
100
AcDbCircle
 10
17.50000000000001
 20
17.50000000000001
 30
0.0
 40
4.209999999999988
100
AcDbArc
 50
6.820823678672287
 51
49.81734054668958
  0
ARC
  5
393
330
1F
100
AcDbEntity
  8
AM_0
100
AcDbCircle
 10
17.50000000000001
 20
17.5
 30
0.0
 40
4.789999999999986
100
AcDbArc
 50
5.99168503263164
 51
49.23289267147968
  0
ARC
  5
394
330
1F
100
AcDbEntity
  8
AM_0
100
AcDbCircle
 10
17.49999999999993
 20
17.50000000000002
 30
0.0
 40
4.790000000000073
100
AcDbArc
 50
320.9916850326319
 51
4.232892671479194
  0
LINE
  5
395
330
1F
100
AcDbEntity
  8
AM_0
100
AcDbLine
 10
22.43144742574346
 20
13.06855257425655
 30
0.0
 11
22.34647147277126
 21
13.15352852722874
 31
0.0
  0
ARC
  5
396
330
1F
100
AcDbEntity
  8
AM_0
100
AcDbCircle
 10
17.5
 20
17.5
 30
0.0
 40
7.549999999999998
100
AcDbArc
 50
48.79720155157019
 51
92.68404344652939
  0
ARC
  5
397
330
1F
100
AcDbEntity
  8
AM_0
100
AcDbCircle
 10
17.49999999999997
 20
17.49999999999999
 30
0.0
 40
5.25000000000003
100
AcDbArc
 50
5.465023799905967
 51
48.86142094249293
  0
ARC
  5
398
330
1F
100
AcDbEntity
  8
AM_0
100
AcDbCircle
 10
17.49999999999992
 20
17.50000000000002
 30
0.0
 40
5.250000000000074
100
AcDbArc
 50
320.4650237999062
 51
3.861420942492817
  0
LINE
  5
399
330
1F
100
AcDbEntity
  8
AM_0
100
AcDbLine
 10
22.75714988791028
 20
12.74285011208971
 30
0.0
 11
22.67218955344062
 21
12.82781044655937
 31
0.0
  0
ARC
  5
39A
330
1F
100
AcDbEntity
  8
AM_0
100
AcDbCircle
 10
17.5
 20
17.5
 30
0.0
 40
8.009999999999996
100
AcDbArc
 50
48.57884230757139
 51
92.52980031787385
  0
LINE
  5
39B
330
1F
100
AcDbEntity
  8
AM_0
100
AcDbLine
 10
23.08279945244522
 20
12.41720054755478
 30
0.0
 11
22.99785194150902
 21
12.50214805849098
 31
0.0
  0
ARC
  5
39C
330
1F
100
AcDbEntity
  8
AM_0
100
AcDbCircle
 10
17.5
 20
17.49999999999998
 30
0.0
 40
8.470000000000015
100
AcDbArc
 50
48.38424491355573
 51
92.39232636768108
  0
ARC
  5
39D
330
1F
100
AcDbEntity
  8
AM_0
100
AcDbCircle
 10
17.50000000000001
 20
17.5
 30
0.0
 40
5.709999999999988
100
AcDbArc
 50
5.023577488226867
 51
48.54992703453996
  0
ARC
  5
39E
330
1F
100
AcDbEntity
  8
AM_0
100
AcDbCircle
 10
17.49999999999995
 20
17.50000000000002
 30
0.0
 40
5.710000000000053
100
AcDbArc
 50
320.023577488227
 51
3.54992703453969
  0
LINE
  5
39F
330
1F
100
AcDbEntity
  8
AM_0
100
AcDbLine
 10
23.40840525236572
 20
12.09159474763428
 30
0.0
 11
23.3234683994798
 21
12.17653160052019
 31
0.0
  0
ARC
  5
3A0
330
1F
100
AcDbEntity
  8
AM_0
100
AcDbCircle
 10
17.49999999999999
 20
17.49999999999997
 30
0.0
 40
8.930000000000028
100
AcDbArc
 50
48.20972893836185
 51
92.26902721347021
  0
ARC
  5
3A1
330
1F
100
AcDbEntity
  8
AM_0
100
AcDbCircle
 10
17.49999999999999
 20
17.49999999999999
 30
0.0
 40
6.170000000000011
100
AcDbArc
 50
4.648190938132117
 51
48.28496260958438
  0
ARC
  5
3A2
330
1F
100
AcDbEntity
  8
AM_0
100
AcDbCircle
 10
17.49999999999996
 20
17.50000000000001
 30
0.0
 40
6.170000000000038
100
AcDbArc
 50
319.6481909381322
 51
3.284962609584224
  0
LINE
  5
3A3
330
1F
100
AcDbEntity
  8
AM_0
100
AcDbLine
 10
23.73397443176356
 20
11.76602556823644
 30
0.0
 11
23.6490465331272
 21
11.8509534668728
 31
0.0
  0
ARC
  5
3A4
330
1F
100
AcDbEntity
  8
AM_0
100
AcDbCircle
 10
17.49999999999999
 20
17.49999999999999
 30
0.0
 40
9.390000000000004
100
AcDbArc
 50
48.05233705270308
 51
92.15781752162124
  0
LINE
  5
3A5
330
1F
100
AcDbEntity
  8
AM_0
100
AcDbLine
 10
24.05951265946904
 20
11.44048734053097
 30
0.0
 11
23.97459235613064
 21
11.52540764386936
 31
0.0
  0
ARC
  5
3A6
330
1F
100
AcDbEntity
  8
AM_0
100
AcDbCircle
 10
17.5
 20
17.5
 30
0.0
 40
8.009999999999996
100
AcDbArc
 50
318.5788423075714
 51
2.529800317873849
  0
LINE
  5
3A7
330
1F
100
AcDbEntity
  8
AM_0
100
AcDbLine
 10
12.61165964882398
 20
11.90455286763745
 30
0.0
 11
12.52661712290618
 21
11.81951034171965
 31
0.0
  0
ARC
  5
3A8
330
1F
100
AcDbEntity
  8
AM_0
100
AcDbCircle
 10
17.50000000000002
 20
17.5
 30
0.0
 40
4.210000000000018
100
AcDbArc
 50
186.8208236786724
 51
229.8173405466894
  0
ARC
  5
3A9
330
1F
100
AcDbEntity
  8
AM_0
100
AcDbCircle
 10
17.50000000000005
 20
17.50000000000004
 30
0.0
 40
3.750000000000062
100
AcDbArc
 50
187.6622556607665
 51
230.4099328902914
  0
ARC
  5
3AA
330
1F
100
AcDbEntity
  8
AM_0
100
AcDbCircle
 10
17.49999999999995
 20
17.49999999999996
 30
0.0
 40
6.509999999999944
100
AcDbArc
 50
184.4049355474286
 51
228.1132240255982
  0
ARC
  5
3AB
330
1F
100
AcDbEntity
  8
AM_0
100
AcDbCircle
 10
17.50000000000001
 20
17.5
 30
0.0
 40
6.050000000000006
100
AcDbArc
 50
184.7405953536571
 51
228.3501925242194
  0
ARC
  5
3AC
330
1F
100
AcDbEntity
  8
AM_0
100
AcDbCircle
 10
17.49999999999998
 20
17.5
 30
0.0
 40
5.589999999999981
100
AcDbArc
 50
185.1317043739754
 51
228.6262338191341
  0
ARC
  5
3AD
330
1F
100
AcDbEntity
  8
AM_0
100
AcDbCircle
 10
17.49999999999996
 20
17.49999999999998
 30
0.0
 40
5.129999999999957
100
AcDbArc
 50
185.5932635475245
 51
228.951888439446
  0
ARC
  5
3AE
330
1F
100
AcDbEntity
  8
AM_0
100
AcDbCircle
 10
17.50000000000001
 20
17.50000000000001
 30
0.0
 40
4.670000000000017
100
AcDbArc
 50
186.1462327259518
 51
229.3418668437898
  0
LINE
  5
3AF
330
1F
100
AcDbEntity
  8
AM_0
100
AcDbLine
 10
13.26388564662749
 20
12.55677886544094
 30
0.0
 11
13.17878601670182
 21
12.47167923551527
 31
0.0
  0
ARC
  5
3B0
330
1F
100
AcDbEntity
  8
AM_0
100
AcDbCircle
 10
17.49999999999997
 20
17.5
 30
0.0
 40
8.010000000000023
100
AcDbArc
 50
3.578842307571346
 51
47.52980031787371
  0
ARC
  5
3B1
330
1F
100
AcDbEntity
  8
AM_0
100
AcDbCircle
 10
17.50000000000001
 20
17.49999999999999
 30
0.0
 40
8.930000000000014
100
AcDbArc
 50
93.20972893836185
 51
137.2690272134703
  0
ARC
  5
3B2
330
1F
100
AcDbEntity
  8
AM_0
100
AcDbCircle
 10
17.50000000000001
 20
17.50000000000002
 30
0.0
 40
7.550000000000021
100
AcDbArc
 50
228.7972015515702
 51
272.6840434465292
  0
ARC
  5
3B3
330
1F
100
AcDbEntity
  8
AM_0
100
AcDbCircle
 10
118.8100000000011
 20
17.49999999999997
 30
0.0
 40
119.0800000000011
100
AcDbArc
 50
173.126557784049
 51
186.8734413518766
  0
ARC
  5
3B4
330
1F
100
AcDbEntity
  8
AM_0
100
AcDbCircle
 10
17.5
 20
118.8099999999995
 30
0.0
 40
119.0799999999995
100
AcDbArc
 50
263.126557676742
 51
276.8734431873324
  0
ARC
  5
3B5
330
1F
100
AcDbEntity
  8
AM_0
100
AcDbCircle
 10
-83.80999999999608
 20
17.50000000000005
 30
0.0
 40
119.0799999999961
100
AcDbArc
 50
353.1265577840487
 51
6.873442269604681
  0
ARC
  5
3B6
330
1F
100
AcDbEntity
  8
AM_0
100
AcDbCircle
 10
17.49999999999994
 20
-83.80999999999989
 30
0.0
 40
119.0799999999999
100
AcDbArc
 50
83.12655778404896
 51
96.87344135187666
  0
ARC
  5
3B7
330
1F
100
AcDbEntity
  8
AM_0
100
AcDbCircle
 10
31.38608323385965
 20
31.38608323385964
 30
0.0
 40
3.050000000000006
100
AcDbArc
 50
6.873442269603907
 51
83.1265598251681
  0
ARC
  5
3B8
330
1F
100
AcDbEntity
  8
AM_0
100
AcDbCircle
 10
3.613916766140437
 20
31.38608323386025
 30
0.0
 40
3.050000000000011
100
AcDbArc
 50
96.87340643910618
 51
173.1265598251796
  0
ARC
  5
3B9
330
1F
100
AcDbEntity
  8
AM_0
100
AcDbCircle
 10
3.613916766139732
 20
3.613916766140395
 30
0.0
 40
3.049999999999976
100
AcDbArc
 50
186.8734064391062
 51
263.1265556356344
  0
ARC
  5
3BA
330
1F
100
AcDbEntity
  8
AM_0
100
AcDbCircle
 10
31.3860832338596
 20
3.613916766139727
 30
0.0
 40
3.049999999999971
100
AcDbArc
 50
276.8734781001081
 51
353.12655982518
  0
ARC
  5
3BB
330
1F
100
AcDbEntity
  8
AM_0
100
AcDbCircle
 10
-83.80999999999972
 20
17.49999999999999
 30
0.0
 40
116.0799999999997
100
AcDbArc
 50
354.330104910968
 51
5.669895089031926
  0
ARC
  5
3BC
330
1F
100
AcDbEntity
  8
AM_0
100
AcDbCircle
 10
28.66701408074635
 20
6.332985919253651
 30
0.0
 40
3.049999999999992
100
AcDbArc
 50
275.6698950890318
 51
354.330104910968
  0
ARC
  5
3BD
330
1F
100
AcDbEntity
  8
AM_0
100
AcDbCircle
 10
17.49999999999994
 20
118.8100000000061
 30
0.0
 40
116.0800000000061
100
AcDbArc
 50
264.3301049109683
 51
275.6698950890317
  0
ARC
  5
3BE
330
1F
100
AcDbEntity
  8
AM_0
100
AcDbCircle
 10
6.332985919253652
 20
6.332985919253638
 30
0.0
 40
3.049999999999991
100
AcDbArc
 50
185.6698950890307
 51
264.330104910968
  0
ARC
  5
3BF
330
1F
100
AcDbEntity
  8
AM_0
100
AcDbCircle
 10
118.8099999999998
 20
17.50000000000004
 30
0.0
 40
116.0799999999998
100
AcDbArc
 50
174.330104910968
 51
185.669895089032
  0
ARC
  5
3C0
330
1F
100
AcDbEntity
  8
AM_0
100
AcDbCircle
 10
6.33298591925368
 20
28.66701408074633
 30
0.0
 40
3.05000000000003
100
AcDbArc
 50
95.66989508903197
 51
174.3301049109679
  0
ARC
  5
3C1
330
1F
100
AcDbEntity
  8
AM_0
100
AcDbCircle
 10
17.49999999999999
 20
-83.81000000000151
 30
0.0
 40
116.0800000000015
100
AcDbArc
 50
84.3301049109681
 51
95.66989508903188
  0
ARC
  5
3C2
330
1F
100
AcDbEntity
  8
AM_0
100
AcDbCircle
 10
28.66701408074633
 20
28.66701408074634
 30
0.0
 40
3.050000000000018
100
AcDbArc
 50
5.669895089029526
 51
84.3301049109678
  0
CIRCLE
  5
3C3
330
1F
100
AcDbEntity
  8
AM_0
100
AcDbCircle
 10
17.5
 20
17.5
 30
0.0
 40
3.401574162679426
  0
CIRCLE
  5
3C4
330
1F
100
AcDbEntity
  8
AM_0
100
AcDbCircle
 10
17.5
 20
17.5
 30
0.0
 40
3.332
  0
CIRCLE
  5
3C5
330
1F
100
AcDbEntity
  8
AM_4
100
AcDbCircle
 10
17.5
 20
17.5
 30
0.0
 40
3.125000000000001
  0
LINE
  5
3C8
330
1F
100
AcDbEntity
  8
AM_7
100
AcDbLine
 10
3.614299999999999
 20
3.499999999999999
 30
0.0
 11
4.399700000000004
 21
3.499999999999999
 31
0.0
  0
LINE
  5
3C9
330
1F
100
AcDbEntity
  8
AM_7
100
AcDbLine
 10
4.875500000000003
 20
2.688999999999997
 30
0.0
 11
6.776524999999999
 21
2.688999999999997
 31
0.0
  0
LINE
  5
3CA
330
1F
100
AcDbEntity
  8
AM_7
100
AcDbLine
 10
6.033999999999999
 20
17.5
 30
0.0
 11
28.966
 21
17.5
 31
0.0
  0
LINE
  5
3CB
330
1F
100
AcDbEntity
  8
AM_7
100
AcDbLine
 10
17.5
 20
6.033999999999999
 30
0.0
 11
17.5
 21
28.966
 31
0.0
  0
LINE
  5
3CC
330
1F
100
AcDbEntity
  8
AM_7
100
AcDbLine
 10
6.167000000000002
 20
-0.15645
 30
0.0
 11
6.167000000000002
 21
4.532000000000004
 31
0.0
  0
LINE
  5
3CD
330
1F
100
AcDbEntity
  8
AM_7
100
AcDbLine
 10
4.007000000000001
 20
0.888099999999998
 30
0.0
 11
4.007000000000001
 21
4.860000000000002
 31
0.0
  0
LINE
  5
3CE
330
1F
100
AcDbEntity
  8
AM_7
100
AcDbLine
 10
4.068500000000001
 20
3.478999999999999
 30
0.0
 11
2.715500000000001
 21
3.478999999999999
 31
0.0
  0
ELLIPSE
  5
3CF
330
1F
100
AcDbEntity
  8
AM_9
100
AcDbEllipse
 10
3.067000000000001
 20
2.780483524549743
 30
0.0
 11
-0.1950000000000003
 21
2.388061258337342E-17
 31
0.0
210
0.0
220
0.0
230
1.0
 40
0.5
 41
0.0
 42
6.283185307179586
  0
ELLIPSE
  5
3D0
330
1F
100
AcDbEntity
  8
AM_9
100
AcDbEllipse
 10
3.067000000000001
 20
3.274118004706873
 30
0.0
 11
-0.1949999999999998
 21
2.388061258337337E-17
 31
0.0
210
0.0
220
0.0
230
1.0
 40
0.5000000000000012
 41
0.0
 42
6.283185307179586
  0
ELLIPSE
  5
3D1
330
1F
100
AcDbEntity
  8
AM_9
100
AcDbEllipse
 10
3.067000000000001
 20
2.234887520165545
 30
0.0
 11
-0.1575000000000006
 21
1.928818708657089E-17
 31
0.0
210
0.0
220
0.0
230
1.0
 40
0.5000000000000029
 41
0.0
 42
6.283185307179586
  0
ELLIPSE
  5
3D2
330
1F
100
AcDbEntity
  8
AM_9
100
AcDbEllipse
 10
3.067000000000001
 20
1.928314527225855
 30
0.0
 11
-0.1574999999999998
 21
2.291203387407250E-16
 31
0.0
210
0.0
220
0.0
230
1.0
 40
0.5
 41
0.0
 42
6.283185307179586
  0
ELLIPSE
  5
3D3
330
1F
100
AcDbEntity
  8
AM_9
100
AcDbEllipse
 10
3.067000000000001
 20
1.928314527225855
 30
0.0
 11
-0.2814999999999999
 21
3.447380739599798E-17
 31
0.0
210
0.0
220
0.0
230
1.0
 40
0.5000000000000008
 41
0.0
 42
6.283185307179586
  0
ELLIPSE
  5
3D4
330
1F
100
AcDbEntity
  8
AM_9
100
AcDbEllipse
 10
3.067000000000001
 20
2.780483524549743
 30
0.0
 11
-0.2814999999999994
 21
3.447380739599792E-17
 31
0.0
210
0.0
220
0.0
230
1.0
 40
0.5
 41
0.0
 42
6.283185307179586
  0
ELLIPSE
  5
3D5
330
1F
100
AcDbEntity
  8
AM_9
100
AcDbEllipse
 10
5.227000000000003
 20
1.990483524549741
 30
0.0
 11
-0.1950000000000012
 21
1.322841551394814E-15
 31
0.0
210
0.0
220
0.0
230
1.0
 40
0.5000000000000058
 41
0.0
 42
6.283185307179586
  0
ELLIPSE
  5
3D6
330
1F
100
AcDbEntity
  8
AM_9
100
AcDbEllipse
 10
5.227000000000002
 20
2.484118004706873
 30
0.0
 11
-0.1950000000000003
 21
2.388061258337342E-17
 31
0.0
210
0.0
220
0.0
230
1.0
 40
0.5
 41
0.0
 42
6.283185307179586
  0
ELLIPSE
  5
3D7
330
1F
100
AcDbEntity
  8
AM_9
100
AcDbEllipse
 10
5.227000000000001
 20
1.444887520165545
 30
0.0
 11
-0.1574999999999998
 21
9.285608442545725E-16
 31
0.0
210
0.0
220
0.0
230
1.0
 40
0.5000000000000071
 41
0.0
 42
6.283185307179586
  0
ELLIPSE
  5
3D8
330
1F
100
AcDbEntity
  8
AM_9
100
AcDbEllipse
 10
5.227
 20
1.138314527225854
 30
0.0
 11
-0.1574999999999998
 21
1.928818708657078E-17
 31
0.0
210
0.0
220
0.0
230
1.0
 40
0.5000000000000014
 41
0.0
 42
6.283185307179586
  0
ELLIPSE
  5
3D9
330
1F
100
AcDbEntity
  8
AM_9
100
AcDbEllipse
 10
5.227000000000001
 20
1.990483524549742
 30
0.0
 11
-0.2815000000000003
 21
4.095071451143763E-16
 31
0.0
210
0.0
220
0.0
230
1.0
 40
0.5000000000000024
 41
0.0
 42
6.283185307179586
  0
ELLIPSE
  5
3DA
330
1F
100
AcDbEntity
  8
AM_9
100
AcDbEllipse
 10
5.227000000000001
 20
1.138314527225855
 30
0.0
 11
-0.2814999999999994
 21
3.447380739599792E-17
 31
0.0
210
0.0
220
0.0
230
1.0
 40
0.4999999999999992
 41
0.0
 42
6.283185307179586
  0
DIMENSION
  5
3DC
330
1F
100
AcDbEntity
  8
AM_5
100
AcDbDimension
280
     0
  2
*D1
 10
35.25
 20
40.27000045776367
 30
0.0
 11
17.5
 21
40.27000045776367
 31
0.0
 70
   160
  1
35.5 in
 71
     5
 42
35.5
 73
     0
 74
     0
 75
     0
  3
Standard
100
AcDbAlignedDimension
 13
-0.25
 23
17.5
 33
0.0
 14
35.25
 24
17.5
 34
0.0
100
AcDbRotatedDimension
1001
ACAD
1000
DSTYLE
1002
{
1070
   147
1040
0.6
1070
    42
1040
0.0
1070
    44
1040
0.0
1070
    41
1040
2.0
1070
   140
1040
2.0
1002
}
  0
DIMENSION
  5
3EB
330
1F
100
AcDbEntity
  8
AM_5
100
AcDbDimension
280
     0
  2
*D2
 10
40.27000045776367
 20
35.25
 30
0.0
 11
40.27000045776367
 21
17.5
 31
0.0
 70
   160
  1
35.5 in
 71
     5
 42
35.5
 73
     0
 74
     0
 75
     0
 53
90.0
  3
Standard
100
AcDbAlignedDimension
 13
17.5
 23
-0.2499999999999999
 33
0.0
 14
17.5
 24
35.25
 34
0.0
 50
90.0
100
AcDbRotatedDimension
1001
ACAD
1000
DSTYLE
1002
{
1070
   147
1040
0.6
1070
    42
1040
0.0
1070
    44
1040
0.0
1070
    41
1040
2.0
1070
   140
1040
2.0
1002
}
  0
POINT
  5
3FA
330
1F
100
AcDbEntity
  8
2d ConnectionPoints
100
AcDbPoint
 10
35.5
 20
35.5
 30
0.0
  0
POINT
  5
3FB
330
1F
100
AcDbEntity
  8
2d ConnectionPoints
100
AcDbPoint
 10
17.5
 20
-0.2499999999999989
 30
0.0
  0
POINT
  5
3FC
330
1F
100
AcDbEntity
  8
2d ConnectionPoints
100
AcDbPoint
 10
17.5
 20
35.25
 30
0.0
  0
POINT
  5
3FD
330
1F
100
AcDbEntity
  8
2d ConnectionPoints
100
AcDbPoint
 10
35.25
 20
17.5
 30
0.0
  0
POINT
  5
3FE
330
1F
100
AcDbEntity
  8
2d ConnectionPoints
100
AcDbPoint
 10
-0.25
 20
17.5
 30
0.0
  0
POINT
  5
3FF
330
1F
100
AcDbEntity
  8
2d ConnectionPoints
100
AcDbPoint
 10
17.5
 20
17.5
 30
0.0
  0
POINT
  5
400
330
1F
100
AcDbEntity
  8
2d ConnectionPoints
100
AcDbPoint
 10
0.0
 20
35.0
 30
0.0
  0
POINT
  5
401
330
1F
100
AcDbEntity
  8
2d ConnectionPoints
100
AcDbPoint
 10
35.0
 20
35.0
 30
0.0
  0
POINT
  5
402
330
1F
100
AcDbEntity
  8
2d ConnectionPoints
100
AcDbPoint
 10
35.0
 20
0.0
 30
0.0
  0
POINT
  5
403
330
1F
100
AcDbEntity
  8
2d ConnectionPoints
100
AcDbPoint
 10
0.0
 20
0.0
 30
0.0
  0
POINT
  5
404
330
1F
100
AcDbEntity
  8
2d ConnectionPoints
100
AcDbPoint
 10
35.5
 20
35.5
 30
0.0
  0
POINT
  5
405
330
1F
100
AcDbEntity
  8
2d ConnectionPoints
100
AcDbPoint
 10
23.0
 20
23.0
 30
0.0
  0
POINT
  5
406
330
1F
100
AcDbEntity
  8
2d ConnectionPoints
100
AcDbPoint
 10
17.5
 20
17.5
 30
0.0
  0
POINT
  5
407
330
1F
100
AcDbEntity
  8
2d ConnectionPoints
100
AcDbPoint
 10
6.167000000000002
 20
2.600000000000009
 30
0.0
  0
ENDSEC
  0
SECTION
  2
OBJECTS
  0
DICTIONARY
  5
C
330
0
100
AcDbDictionary
281
     1
  3
ACAD_DETAILVIEWSTYLE
350
40F
  3
ACAD_GROUP
350
D
  3
ACAD_LAYOUT
350
1A
  3
ACAD_MATERIAL
350
43
  3
ACAD_MLEADERSTYLE
350
5B
  3
ACAD_MLINESTYLE
350
17
  3
ACAD_PLOTSETTINGS
350
19
  3
ACAD_PLOTSTYLENAME
350
E
  3
ACAD_SCALELIST
350
47
  3
ACAD_SECTIONVIEWSTYLE
350
410
  3
ACAD_TABLESTYLE
350
59
  3
ACAD_VISUALSTYLE
350
2A
  3
ACDB_RECOMPOSE_DATA
350
40C
  3
AcDbVariableDictionary
350
408
  0
SUN
  5
5D
330
29
100
AcDbSun
 90
        1
290
     0
 63
     7
421
 16777215
 40
1.0
291
     1
 91
  2455826
 92
 54000000
292
     0
 70
     2
 71
   256
280
     1
  0
DICTIONARY
  5
40F
102
{ACAD_REACTORS
330
C
102
}
330
C
100
AcDbDictionary
281
     1
  0
DICTIONARY
  5
D
102
{ACAD_REACTORS
330
C
102
}
330
C
100
AcDbDictionary
281
     1
  0
DICTIONARY
  5
1A
102
{ACAD_REACTORS
330
C
102
}
330
C
100
AcDbDictionary
281
     1
  3
Layout1
350
1E
  3
Layout2
350
26
  3
Model
350
22
  0
DICTIONARY
  5
43
102
{ACAD_REACTORS
330
C
102
}
330
C
100
AcDbDictionary
281
     1
  3
ByBlock
350
45
  3
ByLayer
350
44
  3
Global
350
46
  0
DICTIONARY
  5
5B
102
{ACAD_REACTORS
330
C
102
}
330
C
100
AcDbDictionary
281
     1
  3
Standard
350
5C
  0
DICTIONARY
  5
17
102
{ACAD_REACTORS
330
C
102
}
330
C
100
AcDbDictionary
281
     1
  3
Standard
350
18
  0
DICTIONARY
  5
19
102
{ACAD_REACTORS
330
C
102
}
330
C
100
AcDbDictionary
281
     1
  0
ACDBDICTIONARYWDFLT
  5
E
102
{ACAD_REACTORS
330
C
102
}
330
C
100
AcDbDictionary
281
     1
  3
Normal
350
F
100
AcDbDictionaryWithDefault
340
F
  0
DICTIONARY
  5
47
102
{ACAD_REACTORS
330
C
102
}
330
C
100
AcDbDictionary
281
     1
  3
A0
350
48
  3
A1
350
49
  3
A2
350
4A
  3
A3
350
4B
  3
A4
350
4C
  3
A5
350
4D
  3
A6
350
4E
  3
A7
350
4F
  3
A8
350
50
  3
A9
350
51
  3
B1
350
52
  3
B2
350
53
  3
B3
350
54
  3
B4
350
55
  3
B5
350
56
  3
B6
350
57
  3
B7
350
58
  0
DICTIONARY
  5
410
102
{ACAD_REACTORS
330
C
102
}
330
C
100
AcDbDictionary
281
     1
  0
DICTIONARY
  5
59
102
{ACAD_REACTORS
330
C
102
}
330
C
100
AcDbDictionary
281
     1
  3
Standard
350
5A
  0
DICTIONARY
  5
2A
102
{ACAD_REACTORS
330
C
102
}
330
C
100
AcDbDictionary
281
     1
  3
2dWireframe
350
2F
  3
Basic
350
32
  3
Brighten
350
36
  3
ColorChange
350
3A
  3
Conceptual
350
34
  3
Dim
350
35
  3
EdgeColorOff
350
3D
  3
Facepattern
350
39
  3
Flat
350
2B
  3
FlatWithEdges
350
2C
  3
Gouraud
350
2D
  3
GouraudWithEdges
350
2E
  3
Hidden
350
31
  3
JitterOff
350
3B
  3
Linepattern
350
38
  3
OverhangOff
350
3C
  3
Realistic
350
33
  3
Shaded
350
42
  3
Shaded with edges
350
41
  3
Shades of Gray
350
3E
  3
Sketchy
350
3F
  3
Thicken
350
37
  3
Wireframe
350
30
  3
X-Ray
350
40
  0
XRECORD
  5
40C
102
{ACAD_REACTORS
330
C
102
}
330
C
100
AcDbXrecord
280
     1
 90
        1
330
5A
  0
DICTIONARY
  5
408
102
{ACAD_REACTORS
330
C
102
}
330
C
100
AcDbDictionary
281
     1
  3
CANNOSCALE
350
409
  3
CMLEADERSTYLE
350
40E
  3
CTABLESTYLE
350
40D
  0
LAYOUT
  5
1E
102
{ACAD_REACTORS
330
1A
102
}
330
1A
100
AcDbPlotSettings
  1

  2
none_device
  4

  6

 40
0.0
 41
0.0
 42
0.0
 43
0.0
 44
0.0
 45
0.0
 46
0.0
 47
0.0
 48
0.0
 49
0.0
140
0.0
141
0.0
142
1.0
143
1.0
 70
   688
 72
     0
 73
     0
 74
     5
  7

 75
    16
 76
     0
 77
     2
 78
   300
147
1.0
148
0.0
149
0.0
100
AcDbLayout
  1
Layout1
 70
     1
 71
     1
 10
0.0
 20
0.0
 11
12.0
 21
9.0
 12
0.0
 22
0.0
 32
0.0
 14
1.000000000000000E+20
 24
1.000000000000000E+20
 34
1.000000000000000E+20
 15
-1.000000000000000E+20
 25
-1.000000000000000E+20
 35
-1.000000000000000E+20
146
0.0
 13
0.0
 23
0.0
 33
0.0
 16
1.0
 26
0.0
 36
0.0
 17
0.0
 27
1.0
 37
0.0
 76
     0
330
1B
  0
LAYOUT
  5
26
102
{ACAD_REACTORS
330
1A
102
}
330
1A
100
AcDbPlotSettings
  1

  2
none_device
  4

  6

 40
0.0
 41
0.0
 42
0.0
 43
0.0
 44
0.0
 45
0.0
 46
0.0
 47
0.0
 48
0.0
 49
0.0
140
0.0
141
0.0
142
1.0
143
1.0
 70
   688
 72
     0
 73
     0
 74
     5
  7

 75
    16
 76
     0
 77
     2
 78
   300
147
1.0
148
0.0
149
0.0
100
AcDbLayout
  1
Layout2
 70
     1
 71
     2
 10
0.0
 20
0.0
 11
0.0
 21
0.0
 12
0.0
 22
0.0
 32
0.0
 14
0.0
 24
0.0
 34
0.0
 15
0.0
 25
0.0
 35
0.0
146
0.0
 13
0.0
 23
0.0
 33
0.0
 16
1.0
 26
0.0
 36
0.0
 17
0.0
 27
1.0
 37
0.0
 76
     0
330
23
  0
LAYOUT
  5
22
102
{ACAD_REACTORS
330
1A
102
}
330
1A
100
AcDbPlotSettings
  1

  2
none_device
  4
Letter_(8.50_x_11.00_Inches)
  6

 40
6.35
 41
6.35
 42
6.35000508
 43
6.35000508
 44
215.9
 45
279.4
 46
0.0
 47
0.0
 48
0.0
 49
0.0
140
0.0
141
0.0
142
1.0
143
1.0
 70
  1712
 72
     0
 73
     0
 74
     0
  7

 75
     0
 76
     0
 77
     2
 78
   300
147
1.0
148
0.0
149
0.0
100
AcDbLayout
  1
Model
 70
     1
 71
     0
 10
0.0
 20
0.0
 11
12.0
 21
9.0
 12
0.0
 22
0.0
 32
0.0
 14
-0.2699999999999818
 24
-0.2700000000000102
 34
0.0
 15
44.52267335611186
 25
41.30186486454333
 35
0.0
146
0.0
 13
0.0
 23
0.0
 33
0.0
 16
1.0
 26
0.0
 36
0.0
 17
0.0
 27
1.0
 37
0.0
 76
     0
330
1F
331
29
  0
MATERIAL
  5
45
102
{ACAD_REACTORS
330
43
102
}
330
43
100
AcDbMaterial
  1
ByBlock
 72
     1
 94
      127
  0
MATERIAL
  5
44
102
{ACAD_REACTORS
330
43
102
}
330
43
100
AcDbMaterial
  1
ByLayer
 72
     1
 94
      127
  0
MATERIAL
  5
46
102
{ACAD_REACTORS
330
43
102
}
330
43
100
AcDbMaterial
  1
Global
 72
     1
 94
      127
  0
MLEADERSTYLE
  5
5C
102
{ACAD_REACTORS
330
5B
102
}
330
5B
100
AcDbMLeaderStyle
179
     2
170
     2
171
     1
172
     0
 90
        2
 40
0.0
 41
0.0
173
     1
 91
-1056964608
340
14
 92
       -2
290
     1
 42
0.09
291
     1
 43
0.36
  3
Standard
341
0
 44
0.18
300

342
11
174
     1
178
     6
175
     1
176
     0
 93
-1056964608
 45
0.18
292
     0
297
     0
 46
0.18
343
0
 94
-1056964608
 47
1.0
 49
1.0
140
1.0
293
     1
141
0.0
294
     1
177
     0
142
1.0
295
     0
296
     0
143
0.125
271
     0
272
     9
273
     9
298
     0
  0
MLINESTYLE
  5
18
102
{ACAD_REACTORS
330
17
102
}
330
17
100
AcDbMlineStyle
  2
Standard
 70
     0
  3

 62
   256
 51
90.0
 52
90.0
 71
     2
 49
0.5
 62
   256
  6
BYLAYER
 49
-0.5
 62
   256
  6
BYLAYER
  0
ACDBPLACEHOLDER
  5
F
102
{ACAD_REACTORS
330
E
102
}
330
E
  0
SCALE
  5
48
102
{ACAD_REACTORS
330
47
102
}
330
47
100
AcDbScale
 70
     0
300
1:1
140
1.0
141
1.0
290
     1
  0
SCALE
  5
49
102
{ACAD_REACTORS
330
47
102
}
330
47
100
AcDbScale
 70
     0
300
1/128" = 1'-0"
140
0.0078125
141
12.0
290
     0
  0
SCALE
  5
4A
102
{ACAD_REACTORS
330
47
102
}
330
47
100
AcDbScale
 70
     0
300
1/64" = 1'-0"
140
0.015625
141
12.0
290
     0
  0
SCALE
  5
4B
102
{ACAD_REACTORS
330
47
102
}
330
47
100
AcDbScale
 70
     0
300
1/32" = 1'-0"
140
0.03125
141
12.0
290
     0
  0
SCALE
  5
4C
102
{ACAD_REACTORS
330
47
102
}
330
47
100
AcDbScale
 70
     0
300
1/16" = 1'-0"
140
0.0625
141
12.0
290
     0
  0
SCALE
  5
4D
102
{ACAD_REACTORS
330
47
102
}
330
47
100
AcDbScale
 70
     0
300
3/32" = 1'-0"
140
0.09375
141
12.0
290
     0
  0
SCALE
  5
4E
102
{ACAD_REACTORS
330
47
102
}
330
47
100
AcDbScale
 70
     0
300
1/8" = 1'-0"
140
0.125
141
12.0
290
     0
  0
SCALE
  5
4F
102
{ACAD_REACTORS
330
47
102
}
330
47
100
AcDbScale
 70
     0
300
3/16" = 1'-0"
140
0.1875
141
12.0
290
     0
  0
SCALE
  5
50
102
{ACAD_REACTORS
330
47
102
}
330
47
100
AcDbScale
 70
     0
300
1/4" = 1'-0"
140
0.25
141
12.0
290
     0
  0
SCALE
  5
51
102
{ACAD_REACTORS
330
47
102
}
330
47
100
AcDbScale
 70
     0
300
3/8" = 1'-0"
140
0.375
141
12.0
290
     0
  0
SCALE
  5
52
102
{ACAD_REACTORS
330
47
102
}
330
47
100
AcDbScale
 70
     0
300
1/2" = 1'-0"
140
0.5
141
12.0
290
     0
  0
SCALE
  5
53
102
{ACAD_REACTORS
330
47
102
}
330
47
100
AcDbScale
 70
     0
300
3/4" = 1'-0"
140
0.75
141
12.0
290
     0
  0
SCALE
  5
54
102
{ACAD_REACTORS
330
47
102
}
330
47
100
AcDbScale
 70
     0
300
1" = 1'-0"
140
1.0
141
12.0
290
     0
  0
SCALE
  5
55
102
{ACAD_REACTORS
330
47
102
}
330
47
100
AcDbScale
 70
     0
300
1-1/2" = 1'-0"
140
1.5
141
12.0
290
     0
  0
SCALE
  5
56
102
{ACAD_REACTORS
330
47
102
}
330
47
100
AcDbScale
 70
     0
300
3" = 1'-0"
140
3.0
141
12.0
290
     0
  0
SCALE
  5
57
102
{ACAD_REACTORS
330
47
102
}
330
47
100
AcDbScale
 70
     0
300
6" = 1'-0"
140
6.0
141
12.0
290
     0
  0
SCALE
  5
58
102
{ACAD_REACTORS
330
47
102
}
330
47
100
AcDbScale
 70
     0
300
1'-0" = 1'-0"
140
12.0
141
12.0
290
     0
  0
TABLESTYLE
  5
5A
102
{ACAD_REACTORS
330
59
102
}
102
{ACAD_XDICTIONARY
360
40A
102
}
330
59
100
AcDbTableStyle
  3
Standard
 70
     0
 71
     0
 40
0.06
 41
0.06
280
     0
281
     0
  7
Standard
140
0.18
170
     2
 62
     0
 63
   257
283
     0
 90
        4
 91
        0
  1

274
    -2
284
     1
 64
     0
275
    -2
285
     1
 65
     0
276
    -2
286
     1
 66
     0
277
    -2
287
     1
 67
     0
278
    -2
288
     1
 68
     0
279
    -2
289
     1
 69
     0
  7
Standard
140
0.25
170
     5
 62
     0
 63
   257
283
     0
 90
        4
 91
        0
  1

274
    -2
284
     1
 64
     0
275
    -2
285
     1
 65
     0
276
    -2
286
     1
 66
     0
277
    -2
287
     1
 67
     0
278
    -2
288
     1
 68
     0
279
    -2
289
     1
 69
     0
  7
Standard
140
0.18
170
     5
 62
     0
 63
   257
283
     0
 90
        4
 91
        0
  1

274
    -2
284
     1
 64
     0
275
    -2
285
     1
 65
     0
276
    -2
286
     1
 66
     0
277
    -2
287
     1
 67
     0
278
    -2
288
     1
 68
     0
279
    -2
289
     1
 69
     0
  0
VISUALSTYLE
  5
2F
102
{ACAD_REACTORS
330
2A
102
}
330
2A
100
AcDbVisualStyle
  2
2dWireframe
 70
     4
177
     3
291
     0
 70
    58
 90
        0
176
     1
 90
        2
176
     1
 90
        0
176
     1
 90
        0
176
     1
 40
0.6
176
     1
 40
30.0
176
     1
 62
     7
420
 16777215
176
     1
 90
        1
176
     1
 90
        4
176
     1
 62
     7
176
     1
 62
   257
176
     1
 90
        1
176
     1
 90
        1
176
     1
 40
1.0
176
     1
 90
        0
176
     1
 62
   257
176
     1
 40
1.0
176
     1
 90
        1
176
     1
 90
        6
176
     1
 90
        2
176
     1
 62
     7
176
     1
 90
        5
176
     1
 90
        0
176
     1
 90
        0
176
     1
290
     0
176
     1
 90
        1
176
     1
 40
0.0
176
     1
 90
        0
176
     1
290
     1
176
     1
290
     1
176
     1
290
     0
176
     1
290
     0
176
     1
290
     0
176
     1
290
     0
176
     1
290
     0
176
     1
290
     0
176
     1
290
     0
176
     1
 90
       50
176
     1
 40
0.0
176
     1
 40
1.0
176
     1
 90
        0
176
     1
 62
    18
420
        0
176
     1
 90
       50
176
     1
 90
        3
176
     1
 62
     5
420
      255
176
     1
290
     0
176
     1
 90
       50
176
     1
 90
       50
176
     1
 90
       50
176
     1
290
     0
176
     1
 90
       50
176
     1
 62
   256
176
     0
 40
1.0
176
     0
 90
        2
176
     1
  1
strokes_ogs.tif
176
     1
290
     0
176
     1
 40
1.0
176
     1
 40
1.0
176
     1
  0
VISUALSTYLE
  5
32
102
{ACAD_REACTORS
330
2A
102
}
330
2A
100
AcDbVisualStyle
  2
Basic
 70
     7
177
     3
291
     1
 70
    58
 90
        1
176
     1
 90
        0
176
     1
 90
        1
176
     1
 90
        0
176
     1
 40
0.6
176
     1
 40
30.0
176
     1
 62
     7
420
 16777215
176
     1
 90
        0
176
     1
 90
        4
176
     1
 62
     7
176
     1
 62
   257
176
     1
 90
        1
176
     1
 90
        1
176
     1
 40
1.0
176
     1
 90
        8
176
     1
 62
     7
176
     1
 40
1.0
176
     1
 90
        1
176
     1
 90
        6
176
     1
 90
        2
176
     1
 62
     7
176
     1
 90
        5
176
     1
 90
        0
176
     1
 90
        0
176
     1
290
     0
176
     1
 90
        1
176
     1
 40
0.0
176
     1
 90
        0
176
     1
290
     0
176
     1
290
     1
176
     1
290
     1
176
     1
290
     0
176
     1
290
     0
176
     1
290
     0
176
     1
290
     0
176
     1
290
     0
176
     1
290
     0
176
     1
 90
       50
176
     1
 40
0.0
176
     1
 40
1.0
176
     1
 90
        0
176
     1
 62
    18
420
        0
176
     1
 90
       50
176
     1
 90
        3
176
     1
 62
     5
420
      255
176
     1
290
     0
176
     1
 90
       50
176
     1
 90
       50
176
     1
 90
       50
176
     1
290
     0
176
     1
 90
       50
176
     1
 62
   256
176
     0
 40
1.0
176
     0
 90
        2
176
     1
  1
strokes_ogs.tif
176
     1
290
     0
176
     1
 40
1.0
176
     1
 40
1.0
176
     1
  0
VISUALSTYLE
  5
36
102
{ACAD_REACTORS
330
2A
102
}
330
2A
100
AcDbVisualStyle
  2
Brighten
 70
    12
177
     3
291
     1
 70
    58
 90
        2
176
     1
 90
        2
176
     1
 90
        0
176
     1
 90
        0
176
     1
 40
0.6
176
     1
 40
30.0
176
     1
 62
     7
420
 16777215
176
     1
 90
        1
176
     1
 90
        4
176
     1
 62
     7
176
     1
 62
   257
176
     1
 90
        1
176
     1
 90
        1
176
     1
 40
1.0
176
     1
 90
        8
176
     1
 62
     7
176
     1
 40
1.0
176
     1
 90
        1
176
     1
 90
        6
176
     1
 90
        2
176
     1
 62
     7
176
     1
 90
        5
176
     1
 90
        0
176
     1
 90
        0
176
     1
290
     0
176
     1
 90
        1
176
     1
 40
50.0
176
     1
 90
        0
176
     1
290
     0
176
     1
290
     1
176
     1
290
     1
176
     1
290
     0
176
     1
290
     0
176
     1
290
     0
176
     1
290
     0
176
     1
290
     0
176
     1
290
     0
176
     1
 90
       50
176
     1
 40
0.0
176
     1
 40
1.0
176
     1
 90
        0
176
     1
 62
    18
420
        0
176
     1
 90
       50
176
     1
 90
        3
176
     1
 62
     5
420
      255
176
     1
290
     0
176
     1
 90
       50
176
     1
 90
       50
176
     1
 90
       50
176
     1
290
     0
176
     1
 90
       50
176
     1
 62
   256
176
     0
 40
1.0
176
     0
 90
        2
176
     1
  1
strokes_ogs.tif
176
     1
290
     0
176
     1
 40
1.0
176
     1
 40
1.0
176
     1
  0
VISUALSTYLE
  5
3A
102
{ACAD_REACTORS
330
2A
102
}
330
2A
100
AcDbVisualStyle
  2
ColorChange
 70
    16
177
     3
291
     1
 70
    58
 90
        2
176
     1
 90
        2
176
     1
 90
        3
176
     1
 90
        0
176
     1
 40
0.6
176
     1
 40
30.0
176
     1
 62
     8
420
  8421504
176
     1
 90
        1
176
     1
 90
        4
176
     1
 62
     7
176
     1
 62
   257
176
     1
 90
        1
176
     1
 90
        1
176
     1
 40
1.0
176
     1
 90
        8
176
     1
 62
     8
420
  8421504
176
     1
 40
1.0
176
     1
 90
        1
176
     1
 90
        6
176
     1
 90
        2
176
     1
 62
     7
176
     1
 90
        5
176
     1
 90
        0
176
     1
 90
        0
176
     1
290
     0
176
     1
 90
        1
176
     1
 40
0.0
176
     1
 90
        0
176
     1
290
     0
176
     1
290
     1
176
     1
290
     1
176
     1
290
     0
176
     1
290
     0
176
     1
290
     0
176
     1
290
     0
176
     1
290
     0
176
     1
290
     0
176
     1
 90
       50
176
     1
 40
0.0
176
     1
 40
1.0
176
     1
 90
        0
176
     1
 62
    18
420
        0
176
     1
 90
       50
176
     1
 90
        3
176
     1
 62
     5
420
      255
176
     1
290
     0
176
     1
 90
       50
176
     1
 90
       50
176
     1
 90
       50
176
     1
290
     0
176
     1
 90
       50
176
     1
 62
   256
176
     0
 40
1.0
176
     0
 90
        2
176
     1
  1
strokes_ogs.tif
176
     1
290
     0
176
     1
 40
1.0
176
     1
 40
1.0
176
     1
  0
VISUALSTYLE
  5
34
102
{ACAD_REACTORS
330
2A
102
}
330
2A
100
AcDbVisualStyle
  2
Conceptual
 70
     9
177
     3
291
     0
 70
    58
 90
        3
176
     1
 90
        2
176
     1
 90
        0
176
     1
 90
        0
176
     1
 40
0.6
176
     1
 40
30.0
176
     1
 62
     7
420
 16777215
176
     1
 90
        2
176
     1
 90
        2
176
     1
 62
     7
176
     1
 62
   257
176
     1
 90
        1
176
     1
 90
        1
176
     1
 40
179.0
176
     1
 90
        8
176
     1
 62
     7
176
     1
 40
1.0
176
     1
 90
        1
176
     1
 90
        6
176
     1
 90
        2
176
     1
 62
     7
176
     1
 90
        3
176
     1
 90
        0
176
     1
 90
        0
176
     1
290
     0
176
     1
 90
        1
176
     1
 40
0.0
176
     1
 90
        0
176
     1
290
     0
176
     1
290
     1
176
     1
290
     1
176
     1
290
     0
176
     1
290
     0
176
     1
290
     0
176
     1
290
     0
176
     1
290
     0
176
     1
290
     0
176
     1
 90
       50
176
     1
 40
0.0
176
     1
 40
1.0
176
     1
 90
        0
176
     1
 62
    18
420
        0
176
     1
 90
       50
176
     1
 90
        3
176
     1
 62
     5
420
      255
176
     1
290
     0
176
     1
 90
       50
176
     1
 90
       50
176
     1
 90
       50
176
     1
290
     0
176
     1
 90
       50
176
     1
 62
   256
176
     0
 40
1.0
176
     0
 90
        2
176
     1
  1
strokes_ogs.tif
176
     1
290
     0
176
     1
 40
1.0
176
     1
 40
1.0
176
     1
  0
VISUALSTYLE
  5
35
102
{ACAD_REACTORS
330
2A
102
}
330
2A
100
AcDbVisualStyle
  2
Dim
 70
    11
177
     3
291
     1
 70
    58
 90
        2
176
     1
 90
        2
176
     1
 90
        0
176
     1
 90
        0
176
     1
 40
0.6
176
     1
 40
30.0
176
     1
 62
     7
420
 16777215
176
     1
 90
        1
176
     1
 90
        4
176
     1
 62
     7
176
     1
 62
   257
176
     1
 90
        1
176
     1
 90
        1
176
     1
 40
1.0
176
     1
 90
        8
176
     1
 62
     7
176
     1
 40
1.0
176
     1
 90
        1
176
     1
 90
        6
176
     1
 90
        2
176
     1
 62
     7
176
     1
 90
        5
176
     1
 90
        0
176
     1
 90
        0
176
     1
290
     0
176
     1
 90
        1
176
     1
 40
-50.0
176
     1
 90
        0
176
     1
290
     0
176
     1
290
     1
176
     1
290
     1
176
     1
290
     0
176
     1
290
     0
176
     1
290
     0
176
     1
290
     0
176
     1
290
     0
176
     1
290
     0
176
     1
 90
       50
176
     1
 40
0.0
176
     1
 40
1.0
176
     1
 90
        0
176
     1
 62
    18
420
        0
176
     1
 90
       50
176
     1
 90
        3
176
     1
 62
     5
420
      255
176
     1
290
     0
176
     1
 90
       50
176
     1
 90
       50
176
     1
 90
       50
176
     1
290
     0
176
     1
 90
       50
176
     1
 62
   256
176
     0
 40
1.0
176
     0
 90
        2
176
     1
  1
strokes_ogs.tif
176
     1
290
     0
176
     1
 40
1.0
176
     1
 40
1.0
176
     1
  0
VISUALSTYLE
  5
3D
102
{ACAD_REACTORS
330
2A
102
}
330
2A
100
AcDbVisualStyle
  2
EdgeColorOff
 70
    22
177
     3
291
     1
 70
    58
 90
        2
176
     0
 90
        2
176
     0
 90
        0
176
     0
 90
        0
176
     0
 40
0.6
176
     0
 40
30.0
176
     0
 62
     7
420
 16777215
176
     0
 90
        1
176
     0
 90
        4
176
     0
 62
     7
176
     0
 62
   257
176
     0
 90
        1
176
     0
 90
        1
176
     0
 40
1.0
176
     0
 90
        8
176
     2
 62
     7
176
     0
 40
1.0
176
     0
 90
        1
176
     0
 90
        6
176
     0
 90
        2
176
     0
 62
     7
176
     0
 90
        5
176
     0
 90
        0
176
     0
 90
        0
176
     0
290
     0
176
     0
 90
        1
176
     0
 40
0.0
176
     0
 90
        0
176
     0
290
     0
176
     0
290
     1
176
     0
290
     1
176
     0
290
     0
176
     0
290
     0
176
     0
290
     0
176
     0
290
     0
176
     0
290
     0
176
     0
290
     0
176
     0
 90
       50
176
     0
 40
0.0
176
     0
 40
1.0
176
     0
 90
        0
176
     0
 62
    18
420
        0
176
     0
 90
       50
176
     0
 90
        3
176
     0
 62
     5
420
      255
176
     0
290
     0
176
     0
 90
       50
176
     0
 90
       50
176
     0
 90
       50
176
     0
290
     0
176
     0
 90
       50
176
     0
 62
   256
176
     0
 40
1.0
176
     0
 90
        2
176
     0
  1
strokes_ogs.tif
176
     0
290
     0
176
     0
 40
1.0
176
     0
 40
1.0
176
     0
  0
VISUALSTYLE
  5
39
102
{ACAD_REACTORS
330
2A
102
}
330
2A
100
AcDbVisualStyle
  2
Facepattern
 70
    15
177
     3
291
     1
 70
    58
 90
        2
176
     1
 90
        2
176
     1
 90
        0
176
     1
 90
        0
176
     1
 40
0.6
176
     1
 40
30.0
176
     1
 62
     7
420
 16777215
176
     1
 90
        1
176
     1
 90
        4
176
     1
 62
     7
176
     1
 62
   257
176
     1
 90
        1
176
     1
 90
        1
176
     1
 40
1.0
176
     1
 90
        8
176
     1
 62
     7
176
     1
 40
1.0
176
     1
 90
        1
176
     1
 90
        6
176
     1
 90
        2
176
     1
 62
     7
176
     1
 90
        5
176
     1
 90
        0
176
     1
 90
        0
176
     1
290
     0
176
     1
 90
        1
176
     1
 40
0.0
176
     1
 90
        0
176
     1
290
     0
176
     1
290
     1
176
     1
290
     1
176
     1
290
     0
176
     1
290
     0
176
     1
290
     0
176
     1
290
     0
176
     1
290
     0
176
     1
290
     0
176
     1
 90
       50
176
     1
 40
0.0
176
     1
 40
1.0
176
     1
 90
        0
176
     1
 62
    18
420
        0
176
     1
 90
       50
176
     1
 90
        3
176
     1
 62
     5
420
      255
176
     1
290
     0
176
     1
 90
       50
176
     1
 90
       50
176
     1
 90
       50
176
     1
290
     0
176
     1
 90
       50
176
     1
 62
   256
176
     0
 40
1.0
176
     0
 90
        2
176
     1
  1
strokes_ogs.tif
176
     1
290
     0
176
     1
 40
1.0
176
     1
 40
1.0
176
     1
  0
VISUALSTYLE
  5
2B
102
{ACAD_REACTORS
330
2A
102
}
330
2A
100
AcDbVisualStyle
  2
Flat
 70
     0
177
     3
291
     1
 70
    58
 90
        2
176
     1
 90
        1
176
     1
 90
        1
176
     1
 90
        2
176
     1
 40
0.6
176
     1
 40
30.0
176
     1
 62
     7
420
 16777215
176
     1
 90
        0
176
     1
 90
        0
176
     1
 62
     7
176
     1
 62
   257
176
     1
 90
        1
176
     1
 90
        1
176
     1
 40
1.0
176
     1
 90
        8
176
     1
 62
     7
176
     1
 40
1.0
176
     1
 90
        1
176
     1
 90
        6
176
     1
 90
        2
176
     1
 62
     7
176
     1
 90
        5
176
     1
 90
        0
176
     1
 90
        0
176
     1
290
     0
176
     1
 90
       13
176
     1
 40
0.0
176
     1
 90
        0
176
     1
290
     0
176
     1
290
     1
176
     1
290
     1
176
     1
290
     0
176
     1
290
     0
176
     1
290
     0
176
     1
290
     0
176
     1
290
     0
176
     1
290
     0
176
     1
 90
       50
176
     1
 40
0.0
176
     1
 40
1.0
176
     1
 90
        0
176
     1
 62
    18
420
        0
176
     1
 90
       50
176
     1
 90
        3
176
     1
 62
     5
420
      255
176
     1
290
     0
176
     1
 90
       50
176
     1
 90
       50
176
     1
 90
       50
176
     1
290
     0
176
     1
 90
       50
176
     1
 62
   256
176
     0
 40
1.0
176
     0
 90
        2
176
     1
  1
strokes_ogs.tif
176
     1
290
     0
176
     1
 40
1.0
176
     1
 40
1.0
176
     1
  0
VISUALSTYLE
  5
2C
102
{ACAD_REACTORS
330
2A
102
}
330
2A
100
AcDbVisualStyle
  2
FlatWithEdges
 70
     1
177
     3
291
     1
 70
    58
 90
        2
176
     1
 90
        1
176
     1
 90
        1
176
     1
 90
        2
176
     1
 40
0.6
176
     1
 40
30.0
176
     1
 62
     7
420
 16777215
176
     1
 90
        1
176
     1
 90
        0
176
     1
 62
     7
176
     1
 62
   257
176
     1
 90
        1
176
     1
 90
        1
176
     1
 40
1.0
176
     1
 90
        0
176
     1
 62
   257
176
     1
 40
1.0
176
     1
 90
        1
176
     1
 90
        6
176
     1
 90
        2
176
     1
 62
     7
176
     1
 90
        5
176
     1
 90
        0
176
     1
 90
        0
176
     1
290
     0
176
     1
 90
       13
176
     1
 40
0.0
176
     1
 90
        0
176
     1
290
     0
176
     1
290
     1
176
     1
290
     1
176
     1
290
     0
176
     1
290
     0
176
     1
290
     0
176
     1
290
     0
176
     1
290
     0
176
     1
290
     0
176
     1
 90
       50
176
     1
 40
0.0
176
     1
 40
1.0
176
     1
 90
        0
176
     1
 62
    18
420
        0
176
     1
 90
       50
176
     1
 90
        3
176
     1
 62
     5
420
      255
176
     1
290
     0
176
     1
 90
       50
176
     1
 90
       50
176
     1
 90
       50
176
     1
290
     0
176
     1
 90
       50
176
     1
 62
   256
176
     0
 40
1.0
176
     0
 90
        2
176
     1
  1
strokes_ogs.tif
176
     1
290
     0
176
     1
 40
1.0
176
     1
 40
1.0
176
     1
  0
VISUALSTYLE
  5
2D
102
{ACAD_REACTORS
330
2A
102
}
330
2A
100
AcDbVisualStyle
  2
Gouraud
 70
     2
177
     3
291
     1
 70
    58
 90
        2
176
     1
 90
        2
176
     1
 90
        1
176
     1
 90
        2
176
     1
 40
0.6
176
     1
 40
30.0
176
     1
 62
     7
420
 16777215
176
     1
 90
        0
176
     1
 90
        0
176
     1
 62
     7
176
     1
 62
   257
176
     1
 90
        1
176
     1
 90
        1
176
     1
 40
1.0
176
     1
 90
        0
176
     1
 62
     7
176
     1
 40
1.0
176
     1
 90
        1
176
     1
 90
        6
176
     1
 90
        2
176
     1
 62
     7
176
     1
 90
        5
176
     1
 90
        0
176
     1
 90
        0
176
     1
290
     0
176
     1
 90
       13
176
     1
 40
0.0
176
     1
 90
        0
176
     1
290
     0
176
     1
290
     1
176
     1
290
     1
176
     1
290
     0
176
     1
290
     0
176
     1
290
     0
176
     1
290
     0
176
     1
290
     0
176
     1
290
     0
176
     1
 90
       50
176
     1
 40
0.0
176
     1
 40
1.0
176
     1
 90
        0
176
     1
 62
    18
420
        0
176
     1
 90
       50
176
     1
 90
        3
176
     1
 62
     5
420
      255
176
     1
290
     0
176
     1
 90
       50
176
     1
 90
       50
176
     1
 90
       50
176
     1
290
     0
176
     1
 90
       50
176
     1
 62
   256
176
     0
 40
1.0
176
     0
 90
        2
176
     1
  1
strokes_ogs.tif
176
     1
290
     0
176
     1
 40
1.0
176
     1
 40
1.0
176
     1
  0
VISUALSTYLE
  5
2E
102
{ACAD_REACTORS
330
2A
102
}
330
2A
100
AcDbVisualStyle
  2
GouraudWithEdges
 70
     3
177
     3
291
     1
 70
    58
 90
        2
176
     1
 90
        2
176
     1
 90
        1
176
     1
 90
        2
176
     1
 40
0.6
176
     1
 40
30.0
176
     1
 62
     7
420
 16777215
176
     1
 90
        1
176
     1
 90
        0
176
     1
 62
     7
176
     1
 62
   257
176
     1
 90
        1
176
     1
 90
        1
176
     1
 40
1.0
176
     1
 90
        0
176
     1
 62
   257
176
     1
 40
1.0
176
     1
 90
        1
176
     1
 90
        6
176
     1
 90
        2
176
     1
 62
     7
176
     1
 90
        5
176
     1
 90
        0
176
     1
 90
        0
176
     1
290
     0
176
     1
 90
       13
176
     1
 40
0.0
176
     1
 90
        0
176
     1
290
     0
176
     1
290
     1
176
     1
290
     1
176
     1
290
     0
176
     1
290
     0
176
     1
290
     0
176
     1
290
     0
176
     1
290
     0
176
     1
290
     0
176
     1
 90
       50
176
     1
 40
0.0
176
     1
 40
1.0
176
     1
 90
        0
176
     1
 62
    18
420
        0
176
     1
 90
       50
176
     1
 90
        3
176
     1
 62
     5
420
      255
176
     1
290
     0
176
     1
 90
       50
176
     1
 90
       50
176
     1
 90
       50
176
     1
290
     0
176
     1
 90
       50
176
     1
 62
   256
176
     0
 40
1.0
176
     0
 90
        2
176
     1
  1
strokes_ogs.tif
176
     1
290
     0
176
     1
 40
1.0
176
     1
 40
1.0
176
     1
  0
VISUALSTYLE
  5
31
102
{ACAD_REACTORS
330
2A
102
}
330
2A
100
AcDbVisualStyle
  2
Hidden
 70
     6
177
     3
291
     0
 70
    58
 90
        1
176
     1
 90
        2
176
     1
 90
        2
176
     1
 90
        0
176
     1
 40
0.6
176
     1
 40
30.0
176
     1
 62
     7
420
 16777215
176
     1
 90
        2
176
     1
 90
        2
176
     1
 62
     7
176
     1
 62
   257
176
     1
 90
        2
176
     1
 90
        1
176
     1
 40
40.0
176
     1
 90
        0
176
     1
 62
   257
176
     1
 40
1.0
176
     1
 90
        1
176
     1
 90
        6
176
     1
 90
        2
176
     1
 62
     7
176
     1
 90
        3
176
     1
 90
        0
176
     1
 90
        0
176
     1
290
     0
176
     1
 90
        1
176
     1
 40
0.0
176
     1
 90
        0
176
     1
290
     0
176
     1
290
     1
176
     1
290
     1
176
     1
290
     0
176
     1
290
     0
176
     1
290
     0
176
     1
290
     0
176
     1
290
     0
176
     1
290
     0
176
     1
 90
       50
176
     1
 40
0.0
176
     1
 40
1.0
176
     1
 90
        0
176
     1
 62
    18
420
        0
176
     1
 90
       50
176
     1
 90
        3
176
     1
 62
     5
420
      255
176
     1
290
     0
176
     1
 90
       50
176
     1
 90
       50
176
     1
 90
       50
176
     1
290
     0
176
     1
 90
       50
176
     1
 62
   256
176
     0
 40
1.0
176
     0
 90
        2
176
     1
  1
strokes_ogs.tif
176
     1
290
     0
176
     1
 40
1.0
176
     1
 40
1.0
176
     1
  0
VISUALSTYLE
  5
3B
102
{ACAD_REACTORS
330
2A
102
}
330
2A
100
AcDbVisualStyle
  2
JitterOff
 70
    20
177
     3
291
     1
 70
    58
 90
        2
176
     0
 90
        2
176
     0
 90
        0
176
     0
 90
        0
176
     0
 40
0.6
176
     0
 40
30.0
176
     0
 62
     7
420
 16777215
176
     0
 90
        1
176
     0
 90
        4
176
     0
 62
     7
176
     0
 62
   257
176
     0
 90
        1
176
     0
 90
        1
176
     0
 40
1.0
176
     0
 90
       10
176
     2
 62
     7
176
     0
 40
1.0
176
     0
 90
        1
176
     0
 90
        6
176
     0
 90
        2
176
     0
 62
     7
176
     0
 90
        5
176
     0
 90
        0
176
     0
 90
        0
176
     0
290
     0
176
     0
 90
        1
176
     0
 40
0.0
176
     0
 90
        0
176
     0
290
     0
176
     0
290
     1
176
     0
290
     1
176
     0
290
     0
176
     0
290
     0
176
     0
290
     0
176
     0
290
     0
176
     0
290
     0
176
     0
290
     0
176
     0
 90
       50
176
     0
 40
0.0
176
     0
 40
1.0
176
     0
 90
        0
176
     0
 62
    18
420
        0
176
     0
 90
       50
176
     0
 90
        3
176
     0
 62
     5
420
      255
176
     0
290
     0
176
     0
 90
       50
176
     0
 90
       50
176
     0
 90
       50
176
     0
290
     0
176
     0
 90
       50
176
     0
 62
   256
176
     0
 40
1.0
176
     0
 90
        2
176
     0
  1
strokes_ogs.tif
176
     0
290
     0
176
     0
 40
1.0
176
     0
 40
1.0
176
     0
  0
VISUALSTYLE
  5
38
102
{ACAD_REACTORS
330
2A
102
}
330
2A
100
AcDbVisualStyle
  2
Linepattern
 70
    14
177
     3
291
     1
 70
    58
 90
        2
176
     1
 90
        2
176
     1
 90
        0
176
     1
 90
        0
176
     1
 40
0.6
176
     1
 40
30.0
176
     1
 62
     7
420
 16777215
176
     1
 90
        1
176
     1
 90
        4
176
     1
 62
     7
176
     1
 62
   257
176
     1
 90
        7
176
     1
 90
        7
176
     1
 40
1.0
176
     1
 90
        8
176
     1
 62
     7
176
     1
 40
1.0
176
     1
 90
        1
176
     1
 90
        6
176
     1
 90
        2
176
     1
 62
     7
176
     1
 90
        5
176
     1
 90
        0
176
     1
 90
        0
176
     1
290
     0
176
     1
 90
        1
176
     1
 40
0.0
176
     1
 90
        0
176
     1
290
     0
176
     1
290
     1
176
     1
290
     1
176
     1
290
     0
176
     1
290
     0
176
     1
290
     0
176
     1
290
     0
176
     1
290
     0
176
     1
290
     0
176
     1
 90
       50
176
     1
 40
0.0
176
     1
 40
1.0
176
     1
 90
        0
176
     1
 62
    18
420
        0
176
     1
 90
       50
176
     1
 90
        3
176
     1
 62
     5
420
      255
176
     1
290
     0
176
     1
 90
       50
176
     1
 90
       50
176
     1
 90
       50
176
     1
290
     0
176
     1
 90
       50
176
     1
 62
   256
176
     0
 40
1.0
176
     0
 90
        2
176
     1
  1
strokes_ogs.tif
176
     1
290
     0
176
     1
 40
1.0
176
     1
 40
1.0
176
     1
  0
VISUALSTYLE
  5
3C
102
{ACAD_REACTORS
330
2A
102
}
330
2A
100
AcDbVisualStyle
  2
OverhangOff
 70
    21
177
     3
291
     1
 70
    58
 90
        2
176
     0
 90
        2
176
     0
 90
        0
176
     0
 90
        0
176
     0
 40
0.6
176
     0
 40
30.0
176
     0
 62
     7
420
 16777215
176
     0
 90
        1
176
     0
 90
        4
176
     0
 62
     7
176
     0
 62
   257
176
     0
 90
        1
176
     0
 90
        1
176
     0
 40
1.0
176
     0
 90
        9
176
     2
 62
     7
176
     0
 40
1.0
176
     0
 90
        1
176
     0
 90
        6
176
     0
 90
        2
176
     0
 62
     7
176
     0
 90
        5
176
     0
 90
        0
176
     0
 90
        0
176
     0
290
     0
176
     0
 90
        1
176
     0
 40
0.0
176
     0
 90
        0
176
     0
290
     0
176
     0
290
     1
176
     0
290
     1
176
     0
290
     0
176
     0
290
     0
176
     0
290
     0
176
     0
290
     0
176
     0
290
     0
176
     0
290
     0
176
     0
 90
       50
176
     0
 40
0.0
176
     0
 40
1.0
176
     0
 90
        0
176
     0
 62
    18
420
        0
176
     0
 90
       50
176
     0
 90
        3
176
     0
 62
     5
420
      255
176
     0
290
     0
176
     0
 90
       50
176
     0
 90
       50
176
     0
 90
       50
176
     0
290
     0
176
     0
 90
       50
176
     0
 62
   256
176
     0
 40
1.0
176
     0
 90
        2
176
     0
  1
strokes_ogs.tif
176
     0
290
     0
176
     0
 40
1.0
176
     0
 40
1.0
176
     0
  0
VISUALSTYLE
  5
33
102
{ACAD_REACTORS
330
2A
102
}
330
2A
100
AcDbVisualStyle
  2
Realistic
 70
     8
177
     3
291
     0
 70
    58
 90
        2
176
     1
 90
        3
176
     1
 90
        0
176
     1
 90
        2
176
     1
 40
0.6
176
     1
 40
30.0
176
     1
 62
     7
420
 16777215
176
     1
 90
        0
176
     1
 90
        0
176
     1
 62
     7
176
     1
 62
   257
176
     1
 90
        1
176
     1
 90
        1
176
     1
 40
1.0
176
     1
 90
        8
176
     1
 62
   257
176
     1
 40
1.0
176
     1
 90
        1
176
     1
 90
        6
176
     1
 90
        2
176
     1
 62
     7
176
     1
 90
        3
176
     1
 90
        0
176
     1
 90
        0
176
     1
290
     0
176
     1
 90
       13
176
     1
 40
0.0
176
     1
 90
        0
176
     1
290
     0
176
     1
290
     1
176
     1
290
     1
176
     1
290
     0
176
     1
290
     0
176
     1
290
     0
176
     1
290
     0
176
     1
290
     0
176
     1
290
     0
176
     1
 90
       50
176
     1
 40
0.0
176
     1
 40
1.0
176
     1
 90
        0
176
     1
 62
    18
420
        0
176
     1
 90
       50
176
     1
 90
        3
176
     1
 62
     5
420
      255
176
     1
290
     0
176
     1
 90
       50
176
     1
 90
       50
176
     1
 90
       50
176
     1
290
     0
176
     1
 90
       50
176
     1
 62
   256
176
     0
 40
1.0
176
     0
 90
        2
176
     1
  1
strokes_ogs.tif
176
     1
290
     0
176
     1
 40
1.0
176
     1
 40
1.0
176
     1
  0
VISUALSTYLE
  5
42
102
{ACAD_REACTORS
330
2A
102
}
330
2A
100
AcDbVisualStyle
  2
Shaded
 70
    27
177
     3
291
     0
 70
    58
 90
        2
176
     1
 90
        2
176
     1
 90
        1
176
     1
 90
        2
176
     1
 40
0.6
176
     1
 40
30.0
176
     1
 62
     7
420
 16777215
176
     1
 90
        0
176
     1
 90
        4
176
     1
 62
     7
176
     1
 62
   257
176
     1
 90
        1
176
     1
 90
        1
176
     1
 40
1.0
176
     1
 90
        8
176
     1
 62
   257
176
     1
 40
1.0
176
     1
 90
        1
176
     1
 90
        6
176
     1
 90
        2
176
     1
 62
     8
420
  7895160
176
     1
 90
        3
176
     1
 90
        0
176
     1
 90
        0
176
     1
290
     0
176
     1
 90
        5
176
     1
 40
0.0
176
     1
 90
        0
176
     1
290
     0
176
     1
290
     1
176
     1
290
     1
176
     1
290
     0
176
     1
290
     0
176
     1
290
     0
176
     1
290
     0
176
     1
290
     0
176
     1
290
     0
176
     1
 90
       50
176
     1
 40
0.0
176
     1
 40
1.0
176
     1
 90
        0
176
     1
 62
    18
420
        0
176
     1
 90
       50
176
     1
 90
        3
176
     1
 62
     5
420
      255
176
     1
290
     0
176
     1
 90
       50
176
     1
 90
       50
176
     1
 90
       50
176
     1
290
     0
176
     1
 90
       50
176
     1
 62
   256
176
     0
 40
1.0
176
     0
 90
        2
176
     1
  1
strokes_ogs.tif
176
     1
290
     0
176
     1
 40
1.0
176
     1
 40
1.0
176
     1
  0
VISUALSTYLE
  5
41
102
{ACAD_REACTORS
330
2A
102
}
330
2A
100
AcDbVisualStyle
  2
Shaded with edges
 70
    26
177
     3
291
     0
 70
    58
 90
        2
176
     1
 90
        2
176
     1
 90
        1
176
     1
 90
        2
176
     1
 40
0.6
176
     1
 40
30.0
176
     1
 62
     7
420
 16777215
176
     1
 90
        1
176
     1
 90
       10
176
     1
 62
     7
176
     1
 62
   257
176
     1
 90
        2
176
     1
 90
        1
176
     1
 40
1.0
176
     1
 90
        8
176
     1
 62
   257
176
     1
 40
1.0
176
     1
 90
        1
176
     1
 90
        6
176
     1
 90
        2
176
     1
 62
     7
176
     1
 90
        3
176
     1
 90
        0
176
     1
 90
        0
176
     1
290
     0
176
     1
 90
        5
176
     1
 40
0.0
176
     1
 90
        0
176
     1
290
     0
176
     1
290
     1
176
     1
290
     1
176
     1
290
     0
176
     1
290
     0
176
     1
290
     0
176
     1
290
     0
176
     1
290
     0
176
     1
290
     0
176
     1
 90
       50
176
     1
 40
0.0
176
     1
 40
1.0
176
     1
 90
        0
176
     1
 62
    18
420
        0
176
     1
 90
       50
176
     1
 90
        3
176
     1
 62
     5
420
      255
176
     1
290
     0
176
     1
 90
       50
176
     1
 90
       50
176
     1
 90
       50
176
     1
290
     0
176
     1
 90
       50
176
     1
 62
   256
176
     0
 40
1.0
176
     0
 90
        2
176
     1
  1
strokes_ogs.tif
176
     1
290
     0
176
     1
 40
1.0
176
     1
 40
1.0
176
     1
  0
VISUALSTYLE
  5
3E
102
{ACAD_REACTORS
330
2A
102
}
330
2A
100
AcDbVisualStyle
  2
Shades of Gray
 70
    23
177
     3
291
     0
 70
    58
 90
        2
176
     1
 90
        2
176
     1
 90
        3
176
     1
 90
        0
176
     1
 40
0.6
176
     1
 40
30.0
176
     1
 62
     7
420
 16777215
176
     1
 90
        2
176
     1
 90
        2
176
     1
 62
     7
176
     1
 62
     7
176
     1
 90
        1
176
     1
 90
        1
176
     1
 40
40.0
176
     1
 90
        8
176
     1
 62
     7
176
     1
 40
1.0
176
     1
 90
        1
176
     1
 90
        6
176
     1
 90
        2
176
     1
 62
     7
176
     1
 90
        3
176
     1
 90
        0
176
     1
 90
        0
176
     1
290
     0
176
     1
 90
        1
176
     1
 40
0.0
176
     1
 90
        0
176
     1
290
     0
176
     1
290
     1
176
     1
290
     1
176
     1
290
     0
176
     1
290
     0
176
     1
290
     0
176
     1
290
     0
176
     1
290
     0
176
     1
290
     0
176
     1
 90
       50
176
     1
 40
0.0
176
     1
 40
1.0
176
     1
 90
        0
176
     1
 62
    18
420
        0
176
     1
 90
       50
176
     1
 90
        3
176
     1
 62
     5
420
      255
176
     1
290
     0
176
     1
 90
       50
176
     1
 90
       50
176
     1
 90
       50
176
     1
290
     0
176
     1
 90
       50
176
     1
 62
   256
176
     0
 40
1.0
176
     0
 90
        2
176
     1
  1
strokes_ogs.tif
176
     1
290
     0
176
     1
 40
1.0
176
     1
 40
1.0
176
     1
  0
VISUALSTYLE
  5
3F
102
{ACAD_REACTORS
330
2A
102
}
330
2A
100
AcDbVisualStyle
  2
Sketchy
 70
    24
177
     3
291
     0
 70
    58
 90
        1
176
     1
 90
        2
176
     1
 90
        2
176
     1
 90
        0
176
     1
 40
0.6
176
     1
 40
30.0
176
     1
 62
     7
420
 16777215
176
     1
 90
        2
176
     1
 90
        2
176
     1
 62
     7
176
     1
 62
     7
176
     1
 90
        1
176
     1
 90
        1
176
     1
 40
40.0
176
     1
 90
       11
176
     1
 62
     7
176
     1
 40
1.0
176
     1
 90
        1
176
     1
 90
        6
176
     1
 90
        2
176
     1
 62
     7
176
     1
 90
        6
176
     1
 90
        0
176
     1
 90
        0
176
     1
290
     0
176
     1
 90
        1
176
     1
 40
0.0
176
     1
 90
        0
176
     1
290
     0
176
     1
290
     1
176
     1
290
     1
176
     1
290
     0
176
     1
290
     0
176
     1
290
     0
176
     1
290
     0
176
     1
290
     0
176
     1
290
     0
176
     1
 90
       50
176
     1
 40
0.0
176
     1
 40
1.0
176
     1
 90
        0
176
     1
 62
    18
420
        0
176
     1
 90
       50
176
     1
 90
        3
176
     1
 62
     5
420
      255
176
     1
290
     0
176
     1
 90
       50
176
     1
 90
       50
176
     1
 90
       50
176
     1
290
     0
176
     1
 90
       50
176
     1
 62
   256
176
     0
 40
1.0
176
     0
 90
        2
176
     1
  1
strokes_ogs.tif
176
     1
290
     0
176
     1
 40
1.0
176
     1
 40
1.0
176
     1
  0
VISUALSTYLE
  5
37
102
{ACAD_REACTORS
330
2A
102
}
330
2A
100
AcDbVisualStyle
  2
Thicken
 70
    13
177
     3
291
     1
 70
    58
 90
        2
176
     1
 90
        2
176
     1
 90
        0
176
     1
 90
        0
176
     1
 40
0.6
176
     1
 40
30.0
176
     1
 62
     7
420
 16777215
176
     1
 90
        1
176
     1
 90
        4
176
     1
 62
     7
176
     1
 62
   257
176
     1
 90
        1
176
     1
 90
        1
176
     1
 40
1.0
176
     1
 90
       12
176
     1
 62
     7
176
     1
 40
1.0
176
     1
 90
        1
176
     1
 90
        6
176
     1
 90
        2
176
     1
 62
     7
176
     1
 90
        5
176
     1
 90
        0
176
     1
 90
        0
176
     1
290
     0
176
     1
 90
        1
176
     1
 40
0.0
176
     1
 90
        0
176
     1
290
     0
176
     1
290
     1
176
     1
290
     1
176
     1
290
     0
176
     1
290
     0
176
     1
290
     0
176
     1
290
     0
176
     1
290
     0
176
     1
290
     0
176
     1
 90
       50
176
     1
 40
0.0
176
     1
 40
1.0
176
     1
 90
        0
176
     1
 62
    18
420
        0
176
     1
 90
       50
176
     1
 90
        3
176
     1
 62
     5
420
      255
176
     1
290
     0
176
     1
 90
       50
176
     1
 90
       50
176
     1
 90
       50
176
     1
290
     0
176
     1
 90
       50
176
     1
 62
   256
176
     0
 40
1.0
176
     0
 90
        2
176
     1
  1
strokes_ogs.tif
176
     1
290
     0
176
     1
 40
1.0
176
     1
 40
1.0
176
     1
  0
VISUALSTYLE
  5
30
102
{ACAD_REACTORS
330
2A
102
}
330
2A
100
AcDbVisualStyle
  2
Wireframe
 70
     5
177
     3
291
     0
 70
    58
 90
        0
176
     1
 90
        2
176
     1
 90
        0
176
     1
 90
        0
176
     1
 40
0.6
176
     1
 40
30.0
176
     1
 62
     7
420
 16777215
176
     1
 90
        1
176
     1
 90
        4
176
     1
 62
     7
176
     1
 62
   257
176
     1
 90
        1
176
     1
 90
        1
176
     1
 40
1.0
176
     1
 90
        0
176
     1
 62
   257
176
     1
 40
1.0
176
     1
 90
        1
176
     1
 90
        6
176
     1
 90
        2
176
     1
 62
     7
176
     1
 90
        3
176
     1
 90
        0
176
     1
 90
        0
176
     1
290
     0
176
     1
 90
        1
176
     1
 40
0.0
176
     1
 90
        0
176
     1
290
     0
176
     1
290
     1
176
     1
290
     1
176
     1
290
     0
176
     1
290
     0
176
     1
290
     0
176
     1
290
     0
176
     1
290
     0
176
     1
290
     0
176
     1
 90
       50
176
     1
 40
0.0
176
     1
 40
1.0
176
     1
 90
        0
176
     1
 62
    18
420
        0
176
     1
 90
       50
176
     1
 90
        3
176
     1
 62
     5
420
      255
176
     1
290
     0
176
     1
 90
       50
176
     1
 90
       50
176
     1
 90
       50
176
     1
290
     0
176
     1
 90
       50
176
     1
 62
   256
176
     0
 40
1.0
176
     0
 90
        2
176
     1
  1
strokes_ogs.tif
176
     1
290
     0
176
     1
 40
1.0
176
     1
 40
1.0
176
     1
  0
VISUALSTYLE
  5
40
102
{ACAD_REACTORS
330
2A
102
}
330
2A
100
AcDbVisualStyle
  2
X-Ray
 70
    25
177
     3
291
     0
 70
    58
 90
        2
176
     1
 90
        2
176
     1
 90
        1
176
     1
 90
        1
176
     1
 40
0.5
176
     1
 40
30.0
176
     1
 62
     7
420
 16777215
176
     1
 90
        1
176
     1
 90
        0
176
     1
 62
     7
176
     1
 62
   257
176
     1
 90
        1
176
     1
 90
        1
176
     1
 40
1.0
176
     1
 90
        8
176
     1
 62
     7
176
     1
 40
1.0
176
     1
 90
        1
176
     1
 90
        6
176
     1
 90
        2
176
     1
 62
     7
176
     1
 90
        3
176
     1
 90
        0
176
     1
 90
        0
176
     1
290
     0
176
     1
 90
       13
176
     1
 40
0.0
176
     1
 90
        0
176
     1
290
     0
176
     1
290
     1
176
     1
290
     1
176
     1
290
     0
176
     1
290
     0
176
     1
290
     0
176
     1
290
     0
176
     1
290
     0
176
     1
290
     0
176
     1
 90
       50
176
     1
 40
0.0
176
     1
 40
1.0
176
     1
 90
        0
176
     1
 62
    18
420
        0
176
     1
 90
       50
176
     1
 90
        3
176
     1
 62
     5
420
      255
176
     1
290
     0
176
     1
 90
       50
176
     1
 90
       50
176
     1
 90
       50
176
     1
290
     0
176
     1
 90
       50
176
     1
 62
   256
176
     0
 40
1.0
176
     0
 90
        2
176
     1
  1
strokes_ogs.tif
176
     1
290
     0
176
     1
 40
1.0
176
     1
 40
1.0
176
     1
  0
DICTIONARYVAR
  5
409
102
{ACAD_REACTORS
330
408
102
}
330
408
100
DictionaryVariables
280
     0
  1
1:1
  0
DICTIONARYVAR
  5
40E
102
{ACAD_REACTORS
330
408
102
}
330
408
100
DictionaryVariables
280
     0
  1
Standard
  0
DICTIONARYVAR
  5
40D
102
{ACAD_REACTORS
330
408
102
}
330
408
100
DictionaryVariables
280
     0
  1
Standard
  0
DICTIONARY
  5
40A
330
5A
100
AcDbDictionary
280
     1
281
     1
  3
ACAD_ROUNDTRIP_2008_TABLESTYLE_CELLSTYLEMAP
360
40B
  0
CELLSTYLEMAP
  5
40B
102
{ACAD_REACTORS
330
40A
102
}
330
40A
100
AcDbCellStyleMap
 90
        3
300
CELLSTYLE
  1
TABLEFORMAT_BEGIN
 90
        5
170
     1
 91
        0
 92
    32768
 62
   257
 93
        1
300
CONTENTFORMAT
  1
CONTENTFORMAT_BEGIN
 90
        0
 91
        0
 92
        4
 93
        0
300

 40
0.0
140
1.0
 94
        5
 62
     0
340
11
144
0.25
309
CONTENTFORMAT_END
171
     1
301
MARGIN
  1
CELLMARGIN_BEGIN
 40
0.06
 40
0.06
 40
0.06
 40
0.06
 40
0.06
 40
0.06
309
CELLMARGIN_END
 94
        6
 95
        1
302
GRIDFORMAT
  1
GRIDFORMAT_BEGIN
 90
        0
 91
        1
 62
     0
 92
       -2
340
14
 93
        0
 40
0.045
309
GRIDFORMAT_END
 95
        2
302
GRIDFORMAT
  1
GRIDFORMAT_BEGIN
 90
        0
 91
        1
 62
     0
 92
       -2
340
14
 93
        0
 40
0.045
309
GRIDFORMAT_END
 95
        4
302
GRIDFORMAT
  1
GRIDFORMAT_BEGIN
 90
        0
 91
        1
 62
     0
 92
       -2
340
14
 93
        0
 40
0.045
309
GRIDFORMAT_END
 95
        8
302
GRIDFORMAT
  1
GRIDFORMAT_BEGIN
 90
        0
 91
        1
 62
     0
 92
       -2
340
14
 93
        0
 40
0.045
309
GRIDFORMAT_END
 95
       16
302
GRIDFORMAT
  1
GRIDFORMAT_BEGIN
 90
        0
 91
        1
 62
     0
 92
       -2
340
14
 93
        0
 40
0.045
309
GRIDFORMAT_END
 95
       32
302
GRIDFORMAT
  1
GRIDFORMAT_BEGIN
 90
        0
 91
        1
 62
     0
 92
       -2
340
14
 93
        0
 40
0.045
309
GRIDFORMAT_END
309
TABLEFORMAT_END
  1
CELLSTYLE_BEGIN
 90
        1
 91
        1
300
_TITLE
309
CELLSTYLE_END
300
CELLSTYLE
  1
TABLEFORMAT_BEGIN
 90
        5
170
     1
 91
        0
 92
        0
 62
   257
 93
        1
300
CONTENTFORMAT
  1
CONTENTFORMAT_BEGIN
 90
        0
 91
        0
 92
        4
 93
        0
300

 40
0.0
140
1.0
 94
        5
 62
     0
340
11
144
0.18
309
CONTENTFORMAT_END
171
     1
301
MARGIN
  1
CELLMARGIN_BEGIN
 40
0.06
 40
0.06
 40
0.06
 40
0.06
 40
0.06
 40
0.06
309
CELLMARGIN_END
 94
        6
 95
        1
302
GRIDFORMAT
  1
GRIDFORMAT_BEGIN
 90
        0
 91
        1
 62
     0
 92
       -2
340
14
 93
        0
 40
0.045
309
GRIDFORMAT_END
 95
        2
302
GRIDFORMAT
  1
GRIDFORMAT_BEGIN
 90
        0
 91
        1
 62
     0
 92
       -2
340
14
 93
        0
 40
0.045
309
GRIDFORMAT_END
 95
        4
302
GRIDFORMAT
  1
GRIDFORMAT_BEGIN
 90
        0
 91
        1
 62
     0
 92
       -2
340
14
 93
        0
 40
0.045
309
GRIDFORMAT_END
 95
        8
302
GRIDFORMAT
  1
GRIDFORMAT_BEGIN
 90
        0
 91
        1
 62
     0
 92
       -2
340
14
 93
        0
 40
0.045
309
GRIDFORMAT_END
 95
       16
302
GRIDFORMAT
  1
GRIDFORMAT_BEGIN
 90
        0
 91
        1
 62
     0
 92
       -2
340
14
 93
        0
 40
0.045
309
GRIDFORMAT_END
 95
       32
302
GRIDFORMAT
  1
GRIDFORMAT_BEGIN
 90
        0
 91
        1
 62
     0
 92
       -2
340
14
 93
        0
 40
0.045
309
GRIDFORMAT_END
309
TABLEFORMAT_END
  1
CELLSTYLE_BEGIN
 90
        2
 91
        1
300
_HEADER
309
CELLSTYLE_END
300
CELLSTYLE
  1
TABLEFORMAT_BEGIN
 90
        5
170
     1
 91
        0
 92
        0
 62
   257
 93
        1
300
CONTENTFORMAT
  1
CONTENTFORMAT_BEGIN
 90
        0
 91
        0
 92
        4
 93
        0
300

 40
0.0
140
1.0
 94
        2
 62
     0
340
11
144
0.18
309
CONTENTFORMAT_END
171
     1
301
MARGIN
  1
CELLMARGIN_BEGIN
 40
0.06
 40
0.06
 40
0.06
 40
0.06
 40
0.06
 40
0.06
309
CELLMARGIN_END
 94
        6
 95
        1
302
GRIDFORMAT
  1
GRIDFORMAT_BEGIN
 90
        0
 91
        1
 62
     0
 92
       -2
340
14
 93
        0
 40
0.045
309
GRIDFORMAT_END
 95
        2
302
GRIDFORMAT
  1
GRIDFORMAT_BEGIN
 90
        0
 91
        1
 62
     0
 92
       -2
340
14
 93
        0
 40
0.045
309
GRIDFORMAT_END
 95
        4
302
GRIDFORMAT
  1
GRIDFORMAT_BEGIN
 90
        0
 91
        1
 62
     0
 92
       -2
340
14
 93
        0
 40
0.045
309
GRIDFORMAT_END
 95
        8
302
GRIDFORMAT
  1
GRIDFORMAT_BEGIN
 90
        0
 91
        1
 62
     0
 92
       -2
340
14
 93
        0
 40
0.045
309
GRIDFORMAT_END
 95
       16
302
GRIDFORMAT
  1
GRIDFORMAT_BEGIN
 90
        0
 91
        1
 62
     0
 92
       -2
340
14
 93
        0
 40
0.045
309
GRIDFORMAT_END
 95
       32
302
GRIDFORMAT
  1
GRIDFORMAT_BEGIN
 90
        0
 91
        1
 62
     0
 92
       -2
340
14
 93
        0
 40
0.045
309
GRIDFORMAT_END
309
TABLEFORMAT_END
  1
CELLSTYLE_BEGIN
 90
        3
 91
        2
300
_DATA
309
CELLSTYLE_END
  0
ENDSEC
  0
EOF
