  0
SECTION
  2
HEADER
  9
$ACADVER
  1
AC1027
  9
$ACADMAINTVER
 70
   105
  9
$DWGCODEPAGE
  3
ANSI_1252
  9
$COMMENTS
  1
File was created by Cadenas
  9
$LASTSAVEDBY
  1
psService
  9
$CUSTOMPROPERTYTAG
  1
NB
  9
$CUSTOMPROPERTY
  1
DC_Air_Conditioner-Daikin-DC6TE12040A-300
  9
$CUSTOMPROPERTYTAG
  1
NN
  9
$CUSTOMPROPERTY
  1
(R32) Air Conditioner Outdoor DC3-DC6 3 Phase
  9
$CUSTOMPROPERTYTAG
  1
NT
  9
$CUSTOMPROPERTY
  1

  9
$CUSTOMPROPERTYTAG
  1
NBSYN
  9
$CUSTOMPROPERTY
  1
DC_Air_Conditioner-Daikin-$PN.-$LOG.
  9
$CUSTOMPROPERTYTAG
  1
LINA
  9
$CUSTOMPROPERTY
  1
DC_Air_Conditioner-Daikin-DC6TE12040A-300
  9
$CUSTOMPROPERTYTAG
  1
CATALOG
  9
$CUSTOMPROPERTY
  1
Daikin
  9
$CUSTOMPROPERTYTAG
  1
PN
  9
$CUSTOMPROPERTY
  1
DC6TE12040A
  9
$CUSTOMPROPERTYTAG
  1
DESC
  9
$CUSTOMPROPERTY
  1
10 Ton 3ph Air Conditioner 460V 
  9
$CUSTOMPROPERTYTAG
  1
LOG
  9
$CUSTOMPROPERTY
  1
300
  9
$CUSTOMPROPERTYTAG
  1
OD
  9
$CUSTOMPROPERTY
  1
35.500
  9
$CUSTOMPROPERTYTAG
  1
OH
  9
$CUSTOMPROPERTY
  1
41.500
  9
$CUSTOMPROPERTYTAG
  1
OW
  9
$CUSTOMPROPERTY
  1
35.500
  9
$CUSTOMPROPERTYTAG
  1
URL
  9
$CUSTOMPROPERTY
  1
https://daikincomfort.com
  9
$CUSTOMPROPERTYTAG
  1
RFAFAMILY
  9
$CUSTOMPROPERTY
  1
Download Revit Family (RFA)
  9
$CUSTOMPROPERTYTAG
  1
COMPANY
  9
$CUSTOMPROPERTY
  1
daikin
  9
$REQUIREDVERSIONS
160
                 0
  9
$INSBASE
 10
0.0
 20
0.0
 30
0.0
  9
$EXTMIN
 10
0.0
 20
0.0
 30
0.0
  9
$EXTMAX
 10
45.02267335611181
 20
41.80186486454333
 30
0.0
  9
$LIMMIN
 10
0.0
 20
0.0
  9
$LIMMAX
 10
12.0
 20
9.0
  9
$ORTHOMODE
 70
     0
  9
$REGENMODE
 70
     1
  9
$FILLMODE
 70
     1
  9
$QTEXTMODE
 70
     0
  9
$MIRRTEXT
 70
     1
  9
$LTSCALE
 40
1.0
  9
$ATTMODE
 70
     1
  9
$TEXTSIZE
 40
0.2
  9
$TRACEWID
 40
0.05
  9
$TEXTSTYLE
  7
Standard
  9
$CLAYER
  8
0
  9
$CELTYPE
  6
ByLayer
  9
$CECOLOR
 62
   256
  9
$CELTSCALE
 40
1.0
  9
$DISPSILH
 70
     0
  9
$DIMSCALE
 40
1.0
  9
$DIMASZ
 40
0.18
  9
$DIMEXO
 40
0.0625
  9
$DIMDLI
 40
0.38
  9
$DIMRND
 40
0.0
  9
$DIMDLE
 40
0.0
  9
$DIMEXE
 40
0.18
  9
$DIMTP
 40
0.0
  9
$DIMTM
 40
0.0
  9
$DIMTXT
 40
0.18
  9
$DIMCEN
 40
0.09
  9
$DIMTSZ
 40
0.0
  9
$DIMTOL
 70
     0
  9
$DIMLIM
 70
     0
  9
$DIMTIH
 70
     1
  9
$DIMTOH
 70
     1
  9
$DIMSE1
 70
     0
  9
$DIMSE2
 70
     0
  9
$DIMTAD
 70
     0
  9
$DIMZIN
 70
     0
  9
$DIMBLK
  1

  9
$DIMASO
 70
     1
  9
$DIMSHO
 70
     1
  9
$DIMPOST
  1

  9
$DIMAPOST
  1

  9
$DIMALT
 70
     0
  9
$DIMALTD
 70
     2
  9
$DIMALTF
 40
25.4
  9
$DIMLFAC
 40
1.0
  9
$DIMTOFL
 70
     0
  9
$DIMTVP
 40
0.0
  9
$DIMTIX
 70
     0
  9
$DIMSOXD
 70
     0
  9
$DIMSAH
 70
     0
  9
$DIMBLK1
  1

  9
$DIMBLK2
  1

  9
$DIMSTYLE
  2
Standard
  9
$DIMCLRD
 70
     0
  9
$DIMCLRE
 70
     0
  9
$DIMCLRT
 70
     0
  9
$DIMTFAC
 40
1.0
  9
$DIMGAP
 40
0.09
  9
$DIMJUST
 70
     0
  9
$DIMSD1
 70
     0
  9
$DIMSD2
 70
     0
  9
$DIMTOLJ
 70
     1
  9
$DIMTZIN
 70
     0
  9
$DIMALTZ
 70
     0
  9
$DIMALTTZ
 70
     0
  9
$DIMUPT
 70
     0
  9
$DIMDEC
 70
     4
  9
$DIMTDEC
 70
     4
  9
$DIMALTU
 70
     2
  9
$DIMALTTD
 70
     2
  9
$DIMTXSTY
  7
Standard
  9
$DIMAUNIT
 70
     0
  9
$DIMADEC
 70
     0
  9
$DIMALTRND
 40
0.0
  9
$DIMAZIN
 70
     0
  9
$DIMDSEP
 70
    46
  9
$DIMATFIT
 70
     3
  9
$DIMFRAC
 70
     0
  9
$DIMLDRBLK
  1

  9
$DIMLUNIT
 70
     2
  9
$DIMLWD
 70
    -2
  9
$DIMLWE
 70
    -2
  9
$DIMTMOVE
 70
     0
  9
$DIMFXL
 40
1.0
  9
$DIMFXLON
 70
     0
  9
$DIMJOGANG
 40
0.7853981633974483
  9
$DIMTFILL
 70
     0
  9
$DIMTFILLCLR
 70
     0
  9
$DIMARCSYM
 70
     0
  9
$DIMLTYPE
  6

  9
$DIMLTEX1
  6

  9
$DIMLTEX2
  6

  9
$DIMTXTDIRECTION
 70
     0
  9
$LUNITS
 70
     2
  9
$LUPREC
 70
     4
  9
$SKETCHINC
 40
0.1
  9
$FILLETRAD
 40
0.0
  9
$AUNITS
 70
     0
  9
$AUPREC
 70
     0
  9
$MENU
  1
.
  9
$ELEVATION
 40
0.0
  9
$PELEVATION
 40
0.0
  9
$THICKNESS
 40
0.0
  9
$LIMCHECK
 70
     0
  9
$CHAMFERA
 40
0.0
  9
$CHAMFERB
 40
0.0
  9
$CHAMFERC
 40
0.0
  9
$CHAMFERD
 40
0.0
  9
$SKPOLY
 70
     0
  9
$TDCREATE
 40
2461206.797712813
  9
$TDUCREATE
 40
2461206.714379479
  9
$TDUPDATE
 40
2461206.79771353
  9
$TDUUPDATE
 40
2461206.714380197
  9
$TDINDWG
 40
0.0000000116
  9
$TDUSRTIMER
 40
0.0000000116
  9
$USRTIMER
 70
     1
  9
$ANGBASE
 50
0.0
  9
$ANGDIR
 70
     0
  9
$PDMODE
 70
     0
  9
$PDSIZE
 40
0.0
  9
$PLINEWID
 40
0.0
  9
$SPLFRAME
 70
     0
  9
$SPLINETYPE
 70
     6
  9
$SPLINESEGS
 70
     8
  9
$HANDSEED
  5
6DF
  9
$SURFTAB1
 70
     6
  9
$SURFTAB2
 70
     6
  9
$SURFTYPE
 70
     6
  9
$SURFU
 70
     6
  9
$SURFV
 70
     6
  9
$UCSBASE
  2

  9
$UCSNAME
  2

  9
$UCSORG
 10
0.0
 20
0.0
 30
0.0
  9
$UCSXDIR
 10
1.0
 20
0.0
 30
0.0
  9
$UCSYDIR
 10
0.0
 20
1.0
 30
0.0
  9
$UCSORTHOREF
  2

  9
$UCSORTHOVIEW
 70
     0
  9
$UCSORGTOP
 10
0.0
 20
0.0
 30
0.0
  9
$UCSORGBOTTOM
 10
0.0
 20
0.0
 30
0.0
  9
$UCSORGLEFT
 10
0.0
 20
0.0
 30
0.0
  9
$UCSORGRIGHT
 10
0.0
 20
0.0
 30
0.0
  9
$UCSORGFRONT
 10
0.0
 20
0.0
 30
0.0
  9
$UCSORGBACK
 10
0.0
 20
0.0
 30
0.0
  9
$PUCSBASE
  2

  9
$PUCSNAME
  2

  9
$PUCSORG
 10
0.0
 20
0.0
 30
0.0
  9
$PUCSXDIR
 10
1.0
 20
0.0
 30
0.0
  9
$PUCSYDIR
 10
0.0
 20
1.0
 30
0.0
  9
$PUCSORTHOREF
  2

  9
$PUCSORTHOVIEW
 70
     0
  9
$PUCSORGTOP
 10
0.0
 20
0.0
 30
0.0
  9
$PUCSORGBOTTOM
 10
0.0
 20
0.0
 30
0.0
  9
$PUCSORGLEFT
 10
0.0
 20
0.0
 30
0.0
  9
$PUCSORGRIGHT
 10
0.0
 20
0.0
 30
0.0
  9
$PUCSORGFRONT
 10
0.0
 20
0.0
 30
0.0
  9
$PUCSORGBACK
 10
0.0
 20
0.0
 30
0.0
  9
$USERI1
 70
     0
  9
$USERI2
 70
     0
  9
$USERI3
 70
     0
  9
$USERI4
 70
     0
  9
$USERI5
 70
     0
  9
$USERR1
 40
0.0
  9
$USERR2
 40
0.0
  9
$USERR3
 40
0.0
  9
$USERR4
 40
0.0
  9
$USERR5
 40
0.0
  9
$WORLDVIEW
 70
     1
  9
$SHADEDGE
 70
     3
  9
$SHADEDIF
 70
    70
  9
$TILEMODE
 70
     1
  9
$MAXACTVP
 70
    64
  9
$PINSBASE
 10
0.0
 20
0.0
 30
0.0
  9
$PLIMCHECK
 70
     0
  9
$PEXTMIN
 10
1.000000000000000E+20
 20
1.000000000000000E+20
 30
1.000000000000000E+20
  9
$PEXTMAX
 10
-1.000000000000000E+20
 20
-1.000000000000000E+20
 30
-1.000000000000000E+20
  9
$PLIMMIN
 10
0.0
 20
0.0
  9
$PLIMMAX
 10
12.0
 20
9.0
  9
$UNITMODE
 70
     0
  9
$VISRETAIN
 70
     1
  9
$PLINEGEN
 70
     0
  9
$PSLTSCALE
 70
     1
  9
$TREEDEPTH
 70
  3020
  9
$CMLSTYLE
  2
Standard
  9
$CMLJUST
 70
     0
  9
$CMLSCALE
 40
1.0
  9
$PROXYGRAPHICS
 70
     1
  9
$MEASUREMENT
 70
     0
  9
$CELWEIGHT
370
    -1
  9
$ENDCAPS
280
     0
  9
$JOINSTYLE
280
     0
  9
$LWDISPLAY
290
     0
  9
$INSUNITS
 70
     1
  9
$HYPERLINKBASE
  1

  9
$STYLESHEET
  1

  9
$XEDIT
290
     1
  9
$CEPSNTYPE
380
     0
  9
$PSTYLEMODE
290
     1
  9
$FINGERPRINTGUID
  2
{7d699c42-38e8-4378-8419-9cf9952cfab8}
  9
$VERSIONGUID
  2
{FAEB1C32-E019-11D5-929B-00C0DF256EC4}
  9
$EXTNAMES
290
     1
  9
$PSVPSCALE
 40
0.0
  9
$OLESTARTUP
290
     0
  9
$SORTENTS
280
   127
  9
$INDEXCTL
280
     0
  9
$HIDETEXT
280
     1
  9
$XCLIPFRAME
280
     2
  9
$HALOGAP
280
     0
  9
$OBSCOLOR
 70
   257
  9
$OBSLTYPE
280
     0
  9
$INTERSECTIONDISPLAY
280
     0
  9
$INTERSECTIONCOLOR
 70
   257
  9
$DIMASSOC
280
     2
  9
$PROJECTNAME
  1

  9
$CAMERADISPLAY
290
     0
  9
$LENSLENGTH
 40
50.0
  9
$CAMERAHEIGHT
 40
0.0
  9
$STEPSPERSEC
 40
2.0
  9
$STEPSIZE
 40
6.0
  9
$3DDWFPREC
 40
2.0
  9
$PSOLWIDTH
 40
0.25
  9
$PSOLHEIGHT
 40
4.0
  9
$LOFTANG1
 40
1.570796326794897
  9
$LOFTANG2
 40
1.570796326794897
  9
$LOFTMAG1
 40
0.0
  9
$LOFTMAG2
 40
0.0
  9
$LOFTPARAM
 70
     7
  9
$LOFTNORMALS
280
     1
  9
$LATITUDE
 40
37.795
  9
$LONGITUDE
 40
-122.394
  9
$NORTHDIRECTION
 40
0.0
  9
$TIMEZONE
 70
 -8000
  9
$LIGHTGLYPHDISPLAY
280
     1
  9
$TILEMODELIGHTSYNCH
280
     1
  9
$CMATERIAL
347
44
  9
$SOLIDHIST
280
     0
  9
$SHOWHIST
280
     1
  9
$DWFFRAME
280
     2
  9
$DGNFRAME
280
     2
  9
$REALWORLDSCALE
290
     1
  9
$INTERFERECOLOR
 62
   256
  9
$CSHADOW
280
     0
  9
$SHADOWPLANELOCATION
 40
0.0
  0
ENDSEC
  0
SECTION
  2
CLASSES
  0
CLASS
  1
ACDBDICTIONARYWDFLT
  2
AcDbDictionaryWithDefault
  3
ObjectDBX Classes
 90
        0
 91
        3
280
     0
281
     0
  0
CLASS
  1
VISUALSTYLE
  2
AcDbVisualStyle
  3
ObjectDBX Classes
 90
     4095
 91
        3
280
     0
281
     0
  0
CLASS
  1
MATERIAL
  2
AcDbMaterial
  3
ObjectDBX Classes
 90
     1153
 91
        3
280
     0
281
     0
  0
CLASS
  1
SCALE
  2
AcDbScale
  3
ObjectDBX Classes
 90
     1153
 91
        3
280
     0
281
     0
  0
CLASS
  1
TABLESTYLE
  2
AcDbTableStyle
  3
ObjectDBX Classes
 90
     4095
 91
        3
280
     0
281
     0
  0
CLASS
  1
MLEADERSTYLE
  2
AcDbMLeaderStyle
  3
ACDB_MLEADERSTYLE_CLASS
 90
     4095
 91
        3
280
     0
281
     0
  0
CLASS
  1
SUN
  2
AcDbSun
  3
SCENEOE
 90
     1153
 91
        3
280
     0
281
     0
  0
CLASS
  1
DICTIONARYVAR
  2
AcDbDictionaryVar
  3
ObjectDBX Classes
 90
        0
 91
        3
280
     0
281
     0
  0
CLASS
  1
CELLSTYLEMAP
  2
AcDbCellStyleMap
  3
ObjectDBX Classes
 90
     1152
 91
        3
280
     0
281
     0
  0
ENDSEC
  0
SECTION
  2
TABLES
  0
TABLE
  2
VPORT
  5
8
330
0
100
AcDbSymbolTable
 70
     1
  0
VPORT
  5
29
330
8
100
AcDbSymbolTableRecord
100
AcDbViewportTableRecord
  2
*Active
 70
     0
 10
0.0
 20
0.0
 11
1.0
 21
1.0
 12
22.55048922042879
 22
21.0968646356615
 13
0.0
 23
0.0
 14
0.5
 24
0.5
 15
0.5
 25
0.5
 16
0.0
 26
0.0
 36
1.0
 17
0.0
 27
0.0
 37
0.0
 40
43.03760385674946
 41
1.068902398999618
 42
50.0
 43
0.0
 44
0.0
 50
0.0
 51
0.0
 71
     0
 72
   100
 73
     1
 74
     3
 75
     0
 76
     0
 77
     0
 78
     0
281
     0
 65
     1
110
0.0
120
0.0
130
0.0
111
1.0
121
0.0
131
0.0
112
0.0
122
1.0
132
0.0
 79
     0
146
0.0
348
2F
 60
     3
 61
     5
292
     1
282
     1
141
0.0
142
0.0
 63
   250
361
5D
  0
ENDTAB
  0
TABLE
  2
LTYPE
  5
5
330
0
100
AcDbSymbolTable
 70
     3
  0
LTYPE
  5
14
330
5
100
AcDbSymbolTableRecord
100
AcDbLinetypeTableRecord
  2
ByBlock
 70
     0
  3

 72
    65
 73
     0
 40
0.0
  0
LTYPE
  5
15
330
5
100
AcDbSymbolTableRecord
100
AcDbLinetypeTableRecord
  2
ByLayer
 70
     0
  3

 72
    65
 73
     0
 40
0.0
  0
LTYPE
  5
16
330
5
100
AcDbSymbolTableRecord
100
AcDbLinetypeTableRecord
  2
Continuous
 70
     0
  3
Solid line
 72
    65
 73
     0
 40
0.0
  0
LTYPE
  5
73
330
5
100
AcDbSymbolTableRecord
100
AcDbLinetypeTableRecord
  2
Dashed
 70
     0
  3

 72
    65
 73
     2
 40
2.0
 49
1.0
 74
     0
 49
-1.0
 74
     0
  0
LTYPE
  5
699
330
5
100
AcDbSymbolTableRecord
100
AcDbLinetypeTableRecord
  2
Center
 70
     0
  3

 72
    65
 73
     4
 40
1.5
 49
0.45
 74
     0
 49
-0.5
 74
     0
 49
0.05
 74
     0
 49
-0.5
 74
     0
  0
ENDTAB
  0
TABLE
  2
LAYER
  5
2
330
0
100
AcDbSymbolTable
 70
     9
  0
LAYER
  5
10
330
2
100
AcDbSymbolTableRecord
100
AcDbLayerTableRecord
  2
0
 70
     0
 62
     7
  6
Continuous
370
    -3
390
F
347
46
348
0
  0
LAYER
  5
5E
330
2
100
AcDbSymbolTableRecord
100
AcDbLayerTableRecord
  2
AM_6
 70
     0
 62
    -2
  6
Continuous
370
    35
390
F
347
46
348
0
  0
LAYER
  5
74
330
2
100
AcDbSymbolTableRecord
100
AcDbLayerTableRecord
  2
AM_9
 70
     0
 62
     6
  6
Dashed
370
    25
390
F
347
46
348
0
  0
LAYER
  5
7F
330
2
100
AcDbSymbolTableRecord
100
AcDbLayerTableRecord
  2
AM_0
 70
     0
 62
     7
  6
Continuous
370
    50
390
F
347
46
348
0
  0
LAYER
  5
F4
330
2
100
AcDbSymbolTableRecord
100
AcDbLayerTableRecord
  2
AM_4
 70
     0
 62
     3
  6
Continuous
370
    25
390
F
347
46
348
0
  0
LAYER
  5
69A
330
2
100
AcDbSymbolTableRecord
100
AcDbLayerTableRecord
  2
AM_7
 70
     0
 62
     7
  6
Center
370
    25
390
F
347
46
348
0
  0
LAYER
  5
6AA
330
2
100
AcDbSymbolTableRecord
100
AcDbLayerTableRecord
  2
AM_5
 70
     0
 62
     3
  6
Continuous
370
    25
390
F
347
46
348
0
  0
LAYER
  5
6AC
330
2
100
AcDbSymbolTableRecord
100
AcDbLayerTableRecord
  2
Defpoints
 70
     0
 62
     7
  6
Continuous
290
     0
370
    -3
390
F
347
46
348
0
  0
LAYER
  5
6C8
330
2
100
AcDbSymbolTableRecord
100
AcDbLayerTableRecord
  2
2d ConnectionPoints
 70
     0
 62
     7
  6
Continuous
370
    50
390
F
347
46
348
0
  0
ENDTAB
  0
TABLE
  2
STYLE
  5
3
330
0
100
AcDbSymbolTable
 70
     1
  0
STYLE
  5
11
330
3
100
AcDbSymbolTableRecord
100
AcDbTextStyleTableRecord
  2
Standard
 70
     0
 40
0.0
 41
1.0
 50
0.0
 71
     0
 42
0.2
  3
txt
  4

  0
ENDTAB
  0
TABLE
  2
VIEW
  5
6
330
0
100
AcDbSymbolTable
 70
     0
  0
ENDTAB
  0
TABLE
  2
UCS
  5
7
330
0
100
AcDbSymbolTable
 70
     0
  0
ENDTAB
  0
TABLE
  2
APPID
  5
9
330
0
100
AcDbSymbolTable
 70
     1
  0
APPID
  5
12
330
9
100
AcDbSymbolTableRecord
100
AcDbRegAppTableRecord
  2
ACAD
 70
     0
  0
ENDTAB
  0
TABLE
  2
DIMSTYLE
  5
A
330
0
100
AcDbSymbolTable
 70
     1
100
AcDbDimStyleTable
  0
DIMSTYLE
105
27
102
{ACAD_REACTORS
330
6AB
330
6BA
102
}
330
A
100
AcDbSymbolTableRecord
100
AcDbDimStyleTableRecord
  2
Standard
 70
     0
178
     0
340
11
  0
ENDTAB
  0
TABLE
  2
BLOCK_RECORD
  5
1
330
0
100
AcDbSymbolTable
 70
     3
  0
BLOCK_RECORD
  5
1F
330
1
100
AcDbSymbolTableRecord
100
AcDbBlockTableRecord
  2
*Model_Space
340
22
 70
     0
280
     1
281
     0
  0
BLOCK_RECORD
  5
1B
330
1
100
AcDbSymbolTableRecord
100
AcDbBlockTableRecord
  2
*Paper_Space
340
1E
 70
     0
280
     1
281
     0
  0
BLOCK_RECORD
  5
23
330
1
100
AcDbSymbolTableRecord
100
AcDbBlockTableRecord
  2
*Paper_Space0
340
26
 70
     0
280
     1
281
     0
  0
BLOCK_RECORD
  5
6AD
330
1
100
AcDbSymbolTableRecord
100
AcDbBlockTableRecord
  2
*D1
340
0
 70
     0
280
     1
281
     0
  0
BLOCK_RECORD
  5
6BB
330
1
100
AcDbSymbolTableRecord
100
AcDbBlockTableRecord
  2
*D2
340
0
 70
     0
280
     1
281
     0
  0
ENDTAB
  0
ENDSEC
  0
SECTION
  2
BLOCKS
  0
BLOCK
  5
20
330
1F
100
AcDbEntity
  8
0
100
AcDbBlockBegin
  2
*Model_Space
 70
     2
 10
0.0
 20
0.0
 30
0.0
  3
*Model_Space
  1

  0
ENDBLK
  5
21
330
1F
100
AcDbEntity
  8
0
100
AcDbBlockEnd
  0
BLOCK
  5
1C
330
1B
100
AcDbEntity
 67
     1
  8
0
100
AcDbBlockBegin
  2
*Paper_Space
 70
     0
 10
0.0
 20
0.0
 30
0.0
  3
*Paper_Space
  1

  0
ENDBLK
  5
1D
330
1B
100
AcDbEntity
 67
     1
  8
0
100
AcDbBlockEnd
  0
BLOCK
  5
24
330
23
100
AcDbEntity
  8
0
100
AcDbBlockBegin
  2
*Paper_Space0
 70
     0
 10
0.0
 20
0.0
 30
0.0
  3
*Paper_Space0
  1

  0
ENDBLK
  5
25
330
23
100
AcDbEntity
  8
0
100
AcDbBlockEnd
  0
BLOCK
  5
6AE
330
6AD
100
AcDbEntity
  8
0
100
AcDbBlockBegin
  2
*D1
 70
     1
 10
0.0
 20
0.0
 30
0.0
  3
*D1
  1

  0
LINE
  5
6B0
330
6AD
100
AcDbEntity
  8
AM_5
 62
     0
370
    -2
100
AcDbLine
 10
35.75
 20
18.0
 30
0.0
 11
35.75
 21
40.77000045776367
 31
0.0
  0
LINE
  5
6B1
330
6AD
100
AcDbEntity
  8
AM_5
 62
     0
370
    -2
100
AcDbLine
 10
0.25
 20
18.0
 30
0.0
 11
0.25
 21
40.77000045776367
 31
0.0
  0
LINE
  5
6B2
330
6AD
100
AcDbEntity
  8
AM_5
 62
     0
370
    -2
100
AcDbLine
 10
33.75
 20
40.77000045776367
 30
0.0
 11
23.95322033898305
 21
40.77000045776367
 31
0.0
  0
LINE
  5
6B3
330
6AD
100
AcDbEntity
  8
AM_5
 62
     0
370
    -2
100
AcDbLine
 10
2.25
 20
40.77000045776367
 30
0.0
 11
12.04677966101695
 21
40.77000045776367
 31
0.0
  0
SOLID
  5
6B4
330
6AD
100
AcDbEntity
  8
AM_5
 62
     0
100
AcDbTrace
 10
33.75
 20
40.43666712443034
 30
0.0
 11
33.75
 21
41.10333379109701
 31
0.0
 12
35.75
 22
40.77000045776367
 32
0.0
 13
35.75
 23
40.77000045776367
 33
0.0
  0
SOLID
  5
6B5
330
6AD
100
AcDbEntity
  8
AM_5
 62
     0
100
AcDbTrace
 10
2.25
 20
41.10333379109701
 30
0.0
 11
2.25
 21
40.43666712443034
 31
0.0
 12
0.25
 22
40.77000045776367
 32
0.0
 13
0.25
 23
40.77000045776367
 33
0.0
  0
MTEXT
  5
6B6
330
6AD
100
AcDbEntity
  8
AM_5
 62
     0
100
AcDbMText
 10
18.0
 20
40.77000045776367
 30
0.0
 40
2.0
 41
0.0
 46
0.0
 71
     5
 72
     1
  1
\A1;35.5 in
 73
     1
 44
1.0
  0
POINT
  5
6B7
330
6AD
100
AcDbEntity
  8
Defpoints
 62
     0
100
AcDbPoint
 10
35.75
 20
18.0
 30
0.0
  0
POINT
  5
6B8
330
6AD
100
AcDbEntity
  8
Defpoints
 62
     0
100
AcDbPoint
 10
0.25
 20
18.0
 30
0.0
  0
POINT
  5
6B9
330
6AD
100
AcDbEntity
  8
Defpoints
 62
     0
100
AcDbPoint
 10
0.25
 20
40.77000045776367
 30
0.0
  0
ENDBLK
  5
6AF
330
6AD
100
AcDbEntity
  8
0
100
AcDbBlockEnd
  0
BLOCK
  5
6BC
330
6BB
100
AcDbEntity
  8
0
100
AcDbBlockBegin
  2
*D2
 70
     1
 10
0.0
 20
0.0
 30
0.0
  3
*D2
  1

  0
LINE
  5
6BE
330
6BB
100
AcDbEntity
  8
AM_5
 62
     0
370
    -2
100
AcDbLine
 10
18.0
 20
35.75
 30
0.0
 11
40.77000045776367
 21
35.75
 31
0.0
  0
LINE
  5
6BF
330
6BB
100
AcDbEntity
  8
AM_5
 62
     0
370
    -2
100
AcDbLine
 10
18.0
 20
0.2500000000000001
 30
0.0
 11
40.77000045776367
 21
0.2500000000000001
 31
0.0
  0
LINE
  5
6C0
330
6BB
100
AcDbEntity
  8
AM_5
 62
     0
370
    -2
100
AcDbLine
 10
40.77000045776367
 20
33.75
 30
0.0
 11
40.77000045776367
 21
23.95322033898305
 31
0.0
  0
LINE
  5
6C1
330
6BB
100
AcDbEntity
  8
AM_5
 62
     0
370
    -2
100
AcDbLine
 10
40.77000045776367
 20
2.25
 30
0.0
 11
40.77000045776367
 21
12.04677966101695
 31
0.0
  0
SOLID
  5
6C2
330
6BB
100
AcDbEntity
  8
AM_5
 62
     0
100
AcDbTrace
 10
41.10333379109701
 20
33.75
 30
0.0
 11
40.43666712443034
 21
33.75
 31
0.0
 12
40.77000045776367
 22
35.75
 32
0.0
 13
40.77000045776367
 23
35.75
 33
0.0
  0
SOLID
  5
6C3
330
6BB
100
AcDbEntity
  8
AM_5
 62
     0
100
AcDbTrace
 10
40.43666712443034
 20
2.25
 30
0.0
 11
41.10333379109701
 21
2.25
 31
0.0
 12
40.77000045776367
 22
0.2500000000000001
 32
0.0
 13
40.77000045776367
 23
0.2500000000000001
 33
0.0
  0
MTEXT
  5
6C4
330
6BB
100
AcDbEntity
  8
AM_5
 62
     0
100
AcDbMText
 10
40.77000045776367
 20
18.0
 30
0.0
 40
2.0
 41
0.0
 46
0.0
 71
     5
 72
     1
  1
\A1;35.5 in
 11
6.123233995736766E-17
 21
1.0
 31
0.0
 73
     1
 44
1.0
  0
POINT
  5
6C5
330
6BB
100
AcDbEntity
  8
Defpoints
 62
     0
100
AcDbPoint
 10
18.0
 20
35.75
 30
0.0
  0
POINT
  5
6C6
330
6BB
100
AcDbEntity
  8
Defpoints
 62
     0
100
AcDbPoint
 10
18.0
 20
0.2500000000000001
 30
0.0
  0
POINT
  5
6C7
330
6BB
100
AcDbEntity
  8
Defpoints
 62
     0
100
AcDbPoint
 10
40.77000045776367
 20
0.2500000000000001
 30
0.0
  0
ENDBLK
  5
6BD
330
6BB
100
AcDbEntity
  8
0
100
AcDbBlockEnd
  0
ENDSEC
  0
SECTION
  2
ENTITIES
  0
ATTDEF
  5
5F
330
1F
100
AcDbEntity
  8
AM_6
100
AcDbText
 10
40.76741911882367
 20
35.7668655281117
 30
0.0
 40
0.5
  1
DC_Air_Conditioner-Daikin-DC6TE12040A-300
100
AcDbAttributeDefinition
  3

  2
NB
 70
     8
280
     0
  0
ATTDEF
  5
60
330
1F
100
AcDbEntity
  8
AM_6
100
AcDbText
 10
40.76741911882367
 20
35.2668655281117
 30
0.0
 40
0.5
  1
(R32) Air Conditioner Outdoor DC3-DC6 3 Phase
100
AcDbAttributeDefinition
  3

  2
NN
 70
     8
280
     0
  0
ATTDEF
  5
61
330
1F
100
AcDbEntity
  8
AM_6
100
AcDbText
 10
40.76741911882367
 20
34.7668655281117
 30
0.0
 40
0.5
  1

100
AcDbAttributeDefinition
  3

  2
NT
 70
     8
280
     0
  0
ATTDEF
  5
62
330
1F
100
AcDbEntity
  8
AM_6
100
AcDbText
 10
40.76741911882367
 20
34.2668655281117
 30
0.0
 40
0.5
  1
DC_Air_Conditioner-Daikin-$PN.-$LOG.
100
AcDbAttributeDefinition
  3

  2
NBSYN
 70
     8
280
     0
  0
ATTDEF
  5
63
330
1F
100
AcDbEntity
  8
AM_6
100
AcDbText
 10
40.76741911882367
 20
33.7668655281117
 30
0.0
 40
0.5
  1
DC_Air_Conditioner-Daikin-DC6TE12040A-300
100
AcDbAttributeDefinition
  3

  2
LINA
 70
     8
280
     0
  0
ATTDEF
  5
64
330
1F
100
AcDbEntity
  8
AM_6
100
AcDbText
 10
40.76741911882367
 20
33.2668655281117
 30
0.0
 40
0.5
  1
Daikin
100
AcDbAttributeDefinition
  3

  2
CATALOG
 70
     8
280
     0
  0
ATTDEF
  5
65
330
1F
100
AcDbEntity
  8
AM_6
100
AcDbText
 10
40.76741911882367
 20
32.7668655281117
 30
0.0
 40
0.5
  1
DC6TE12040A
100
AcDbAttributeDefinition
  3

  2
PN
 70
     8
280
     0
  0
ATTDEF
  5
66
330
1F
100
AcDbEntity
  8
AM_6
100
AcDbText
 10
40.76741911882367
 20
32.2668655281117
 30
0.0
 40
0.5
  1
10 Ton 3ph Air Conditioner 460V 
100
AcDbAttributeDefinition
  3

  2
DESC
 70
     8
280
     0
  0
ATTDEF
  5
67
330
1F
100
AcDbEntity
  8
AM_6
100
AcDbText
 10
40.76741911882367
 20
31.7668655281117
 30
0.0
 40
0.5
  1
300
100
AcDbAttributeDefinition
  3

  2
LOG
 70
     8
280
     0
  0
ATTDEF
  5
68
330
1F
100
AcDbEntity
  8
AM_6
100
AcDbText
 10
40.76741911882367
 20
31.2668655281117
 30
0.0
 40
0.5
  1
35.500
100
AcDbAttributeDefinition
  3

  2
OD
 70
     8
280
     0
  0
ATTDEF
  5
69
330
1F
100
AcDbEntity
  8
AM_6
100
AcDbText
 10
40.76741911882367
 20
30.7668655281117
 30
0.0
 40
0.5
  1
41.500
100
AcDbAttributeDefinition
  3

  2
OH
 70
     8
280
     0
  0
ATTDEF
  5
6A
330
1F
100
AcDbEntity
  8
AM_6
100
AcDbText
 10
40.76741911882367
 20
30.2668655281117
 30
0.0
 40
0.5
  1
35.500
100
AcDbAttributeDefinition
  3

  2
OW
 70
     8
280
     0
  0
ATTDEF
  5
6B
330
1F
100
AcDbEntity
  8
AM_6
100
AcDbText
 10
40.76741911882367
 20
29.7668655281117
 30
0.0
 40
0.5
  1
https://daikincomfort.com
100
AcDbAttributeDefinition
  3

  2
URL
 70
     8
280
     0
  0
ATTDEF
  5
6C
330
1F
100
AcDbEntity
  8
AM_6
100
AcDbText
 10
40.76741911882367
 20
29.2668655281117
 30
0.0
 40
0.5
  1
Download Revit Family (RFA)
100
AcDbAttributeDefinition
  3

  2
RFAFAMILY
 70
     8
280
     0
  0
ATTDEF
  5
6D
330
1F
100
AcDbEntity
  8
AM_6
100
AcDbText
 10
40.76741911882367
 20
28.7668655281117
 30
0.0
 40
0.5
  1
daikin
100
AcDbAttributeDefinition
  3

  2
COMPANY
 70
     8
280
     0
  0
ATTDEF
  5
6E
330
1F
100
AcDbEntity
  8
AM_6
100
AcDbText
 10
40.76741911882367
 20
28.2668655281117
 30
0.0
 40
0.5
  1
{$CADENAS_DATA/23d-libs/daikin/light20commercial20split/air20conditioners/dc_air_conditioner.prj},268 {VTYP=3D},{NB=DC_Air_Conditioner-Daikin-DC6TE12040A-300},{LINA=DC_Air_Conditioner-Daikin-DC6TE12040A-300},{NN=(R32) Air Conditioner Outdoor DC3-DC6
100
AcDbAttributeDefinition
  3

  2
PSOL_0
 70
     9
280
     0
  0
ATTDEF
  5
6F
330
1F
100
AcDbEntity
  8
AM_6
100
AcDbText
 10
40.76741911882367
 20
27.7668655281117
 30
0.0
 40
0.5
  1
se},{DATE=03.06.2026 19:23:28},{GEOMDATE=03.06.2026 12:43:52},{VERSION=},{LINEID=170},{WBVAR=LOG},{WBNUMERIC=LOG}  {NB=DC_Air_Conditioner-Daikin-DC6TE12040A-300},{LINA=DC_Air_Conditioner-Daikin-DC6TE12040A-300},{KT=DUMMY},{PN=DC6TE12040A},{DESC=10 T
100
AcDbAttributeDefinition
  3

  2
PSOL_1
 70
     9
280
     0
  0
ATTDEF
  5
70
330
1F
100
AcDbEntity
  8
AM_6
100
AcDbText
 10
40.76741911882367
 20
27.2668655281117
 30
0.0
 40
0.5
  1
 Air Conditioner 460V },{LOG=300},{NC=10},{E=460},{W=35.500},{D=35.500},{H=41.500},{R=119.080},{Y=83.310},{NO1=9},{NO2=72},{LL=0.625},{SG=1.125},{WMM=901.700},{H2=83.000},{W12=17.750},{D12=17.750},{T=0.23},{H12=41.5},{F=60.000},{P=3},{V=460},{VC=460
100
AcDbAttributeDefinition
  3

  2
PSOL_2
 70
     9
280
     0
  0
ATTDEF
  5
71
330
1F
100
AcDbEntity
  8
AM_6
100
AcDbText
 10
40.76741911882367
 20
26.7668655281117
 30
0.0
 40
0.5
  1
{MCA=20.800},{MOP=25},{RLD=0.625},{RSG=1.125},{RHD=0.000},{VT=Sweat},{UW=0.381 kip},{UWV=381.000},{OD=35.500},{OH=41.500},{OW=35.500},{CT=Scroll},{CTS=T},{RU=R-32},{RC=110},{SPL=85.9 dBA},{EER=11.400},{IEER=16.400},{SEER2=N/A},{NCC=118},{M=Daikin},{
100
AcDbAttributeDefinition
  3

  2
PSOL_3
 70
     9
280
     0
  0
ATTDEF
  5
72
330
1F
100
AcDbEntity
  8
AM_6
100
AcDbText
 10
40.76741911882367
 20
26.2668655281117
 30
0.0
 40
0.5
  1
DC6},{URL=https://daikincomfort.com},{DESCRIPTION=Heat Recovery Unit},{CAL=9568.000},{RFAFAMILY=Download Revit Family (RFA)},{RFAFAMILYPATH=../../light20commercial20split/air20conditioners/air_conditioner-outdoor-daikin-dc3_dc6_3ph.rfa}
100
AcDbAttributeDefinition
  3

  2
PSOL_4
 70
     9
280
     0
  0
ARC
  5
75
330
1F
100
AcDbEntity
  8
AM_9
100
AcDbCircle
 10
6.990000000000005
 20
28.50999999999999
 30
0.0
 40
3.600000000000005
100
AcDbArc
 50
90.00000000000011
 51
179.9999999999999
  0
LINE
  5
76
330
1F
100
AcDbEntity
  8
AM_9
100
AcDbLine
 10
6.989999999999998
 20
32.11
 30
0.0
 11
26.57655274858123
 21
32.11
 31
0.0
  0
ARC
  5
77
330
1F
100
AcDbEntity
  8
AM_9
100
AcDbCircle
 10
26.57655274858122
 20
31.16999999999998
 30
0.0
 40
0.9400000000000195
100
AcDbArc
 50
20.84724106650659
 51
89.99999999999957
  0
ARC
  5
78
330
1F
100
AcDbEntity
  8
AM_9
100
AcDbCircle
 10
32.38000000000002
 20
33.38000000000002
 30
0.0
 40
5.27000000000003
100
AcDbArc
 50
200.8472410665061
 51
247.0720097778322
  0
ARC
  5
79
330
1F
100
AcDbEntity
  8
AM_9
100
AcDbCircle
 10
29.18900000000001
 20
25.83612831498308
 30
0.0
 40
2.920999999999992
100
AcDbArc
 50
0.0000000000001394
 51
67.07200977783253
  0
LINE
  5
7A
330
1F
100
AcDbEntity
  8
AM_9
100
AcDbLine
 10
32.11
 20
25.83612831498309
 30
0.0
 11
32.11
 21
6.990000000000005
 31
0.0
  0
ARC
  5
7B
330
1F
100
AcDbEntity
  8
AM_9
100
AcDbCircle
 10
28.50999999999999
 20
6.990000000000008
 30
0.0
 40
3.600000000000009
100
AcDbArc
 50
270.0000000000001
 51
359.9999999999999
  0
LINE
  5
7C
330
1F
100
AcDbEntity
  8
AM_9
100
AcDbLine
 10
28.51
 20
3.39
 30
0.0
 11
6.99
 21
3.39
 31
0.0
  0
ARC
  5
7D
330
1F
100
AcDbEntity
  8
AM_9
100
AcDbCircle
 10
6.990000000000002
 20
6.990000000000002
 30
0.0
 40
3.600000000000002
100
AcDbArc
 50
180.0
 51
270.0
  0
LINE
  5
7E
330
1F
100
AcDbEntity
  8
AM_9
100
AcDbLine
 10
3.39
 20
6.990000000000002
 30
0.0
 11
3.39
 21
28.51
 31
0.0
  0
LINE
  5
80
330
1F
100
AcDbEntity
  8
AM_0
100
AcDbLine
 10
35.14105915855122
 20
30.22264227642276
 30
0.0
 11
35.14105915855122
 21
31.73499999999999
 31
0.0
  0
ARC
  5
81
330
1F
100
AcDbEntity
  8
AM_9
100
AcDbCircle
 10
34.38105915855119
 20
31.73499999999995
 30
0.0
 40
0.7600000000000487
100
AcDbArc
 50
45.84174956470525
 51
89.99999999999787
  0
ARC
  5
82
330
1F
100
AcDbEntity
  8
AM_0
100
AcDbCircle
 10
34.38105915855122
 20
31.73499999999999
 30
0.0
 40
0.759999999999998
100
AcDbArc
 50
0.0000000000002678
 51
45.84174956470455
  0
LINE
  5
83
330
1F
100
AcDbEntity
  8
AM_9
100
AcDbLine
 10
34.38105915855122
 20
32.495
 30
0.0
 11
30.72524784691733
 21
32.495
 31
0.0
  0
ARC
  5
84
330
1F
100
AcDbEntity
  8
AM_9
100
AcDbCircle
 10
30.72524784691737
 20
32.9950000000001
 30
0.0
 40
0.5000000000000966
100
AcDbArc
 50
225.7521422180197
 51
269.9999999999955
  0
LINE
  5
85
330
1F
100
AcDbEntity
  8
AM_9
100
AcDbLine
 10
30.37636600806023
 20
32.63683598377881
 30
0.0
 11
29.54858521145196
 21
33.44316401622118
 31
0.0
  0
ARC
  5
86
330
1F
100
AcDbEntity
  8
AM_9
100
AcDbCircle
 10
29.19970337259486
 20
33.08499999999998
 30
0.0
 40
0.5000000000000131
100
AcDbArc
 50
45.75214221801546
 51
89.99999999999957
  0
LINE
  5
87
330
1F
100
AcDbEntity
  8
AM_9
100
AcDbLine
 10
29.19970337259486
 20
33.58499999999999
 30
0.0
 11
27.154
 21
33.58499999999999
 31
0.0
  0
ARC
  5
88
330
1F
100
AcDbEntity
  8
AM_9
100
AcDbCircle
 10
27.15399999999999
 20
34.08499999999999
 30
0.0
 40
0.4999999999999893
100
AcDbArc
 50
179.9999999999991
 51
270.0000000000013
  0
LINE
  5
89
330
1F
100
AcDbEntity
  8
AM_9
100
AcDbLine
 10
26.654
 20
34.08499999999999
 30
0.0
 11
26.654
 21
34.78842264305262
 31
0.0
  0
ARC
  5
8A
330
1F
100
AcDbEntity
  8
AM_0
100
AcDbCircle
 10
25.89400000000002
 20
34.78842264305275
 30
0.0
 40
0.7599999999998704
100
AcDbArc
 50
66.98869532634467
 51
90.00000000000107
  0
ARC
  5
8B
330
1F
100
AcDbEntity
  8
AM_9
100
AcDbCircle
 10
25.89400000000002
 20
34.78842264305263
 30
0.0
 40
0.7599999999999838
100
AcDbArc
 50
359.9999999999989
 51
66.98869532634804
  0
LINE
  5
8C
330
1F
100
AcDbEntity
  8
AM_0
100
AcDbLine
 10
25.894
 20
35.54842264305262
 30
0.0
 11
25.26097560975631
 21
35.54842264305261
 31
0.0
  0
LINE
  5
8D
330
1F
100
AcDbEntity
  8
AM_9
100
AcDbLine
 10
31.306
 20
31.77027831482304
 30
0.0
 11
31.306
 21
31.12
 31
0.0
  0
LINE
  5
8E
330
1F
100
AcDbEntity
  8
AM_9
100
AcDbLine
 10
31.68
 20
31.12
 30
0.0
 11
31.68
 21
31.77120569444411
 31
0.0
  0
LINE
  5
8F
330
1F
100
AcDbEntity
  8
AM_9
100
AcDbLine
 10
31.778
 20
31.838
 30
0.0
 11
31.778
 21
31.9301406201079
 31
0.0
  0
LINE
  5
90
330
1F
100
AcDbEntity
  8
AM_9
100
AcDbLine
 10
31.7779999999775
 20
31.92384226885716
 30
0.0
 11
31.77682185447323
 21
31.9195627267781
 31
0.0
  0
LWPOLYLINE
  5
91
330
1F
100
AcDbEntity
  8
AM_9
100
AcDbPolyline
 90
        9
 70
     0
 43
0.0
 10
31.7395380295208
 20
31.838
 10
31.73215230427099
 20
31.82728296157623
 10
31.72691212878915
 20
31.82024985116743
 10
31.72233609315912
 20
31.81444689069026
 10
31.71858459419042
 20
31.80990373264069
 10
31.71540261812226
 20
31.80619062083489
 10
31.71252264601512
 20
31.80293450863604
 10
31.71027503785014
 20
31.80045913218786
 10
31.70985248442202
 20
31.8
  0
LINE
  5
92
330
1F
100
AcDbEntity
  8
AM_9
100
AcDbLine
 10
31.70985248442202
 20
31.8
 30
0.0
 11
31.71151371241971
 21
31.80181635414455
 31
0.0
  0
LINE
  5
93
330
1F
100
AcDbEntity
  8
AM_9
100
AcDbLine
 10
31.7395380295208
 20
31.838
 30
0.0
 11
31.778
 21
31.838
 31
0.0
  0
LINE
  5
94
330
1F
100
AcDbEntity
  8
AM_9
100
AcDbLine
 10
31.74
 20
31.8
 30
0.0
 11
31.70985248442202
 21
31.8
 31
0.0
  0
ARC
  5
95
330
1F
100
AcDbEntity
  8
AM_9
100
AcDbCircle
 10
31.74
 20
31.83799999999999
 30
0.0
 40
0.0379999999999967
100
AcDbArc
 50
270.0
 51
0.0000000000053567
  0
LINE
  5
96
330
1F
100
AcDbEntity
  8
AM_9
100
AcDbLine
 10
31.208
 20
31.93605685518867
 30
0.0
 11
31.208
 21
31.838
 31
0.0
  0
LINE
  5
97
330
1F
100
AcDbEntity
  8
AM_9
100
AcDbLine
 10
31.24646197047919
 20
31.838
 30
0.0
 11
31.208
 21
31.838
 31
0.0
  0
LINE
  5
98
330
1F
100
AcDbEntity
  8
AM_9
100
AcDbLine
 10
31.27614751557798
 20
31.8
 30
0.0
 11
31.246
 21
31.8
 31
0.0
  0
ARC
  5
99
330
1F
100
AcDbEntity
  8
AM_9
100
AcDbCircle
 10
31.24599999999999
 20
31.83799999999999
 30
0.0
 40
0.0379999999999896
100
AcDbArc
 50
179.9999999999839
 51
270.000000000016
  0
LINE
  5
9A
330
1F
100
AcDbEntity
  8
AM_9
100
AcDbLine
 10
32.153
 20
31.91511800470687
 30
0.0
 11
32.723
 21
31.91511800470687
 31
0.0
  0
LINE
  5
9B
330
1F
100
AcDbEntity
  8
AM_9
100
AcDbLine
 10
31.293
 20
33.949
 30
0.0
 11
31.293
 21
32.622
 31
0.0
  0
LINE
  5
9C
330
1F
100
AcDbEntity
  8
AM_9
100
AcDbLine
 10
31.693
 20
32.622
 30
0.0
 11
31.693
 21
33.949
 31
0.0
  0
LINE
  5
9D
330
1F
100
AcDbEntity
  8
AM_9
100
AcDbLine
 10
31.293
 20
32.622
 30
0.0
 11
31.2725
 21
32.358
 31
0.0
  0
LINE
  5
9E
330
1F
100
AcDbEntity
  8
AM_9
100
AcDbLine
 10
31.7135
 20
32.358
 30
0.0
 11
31.693
 21
32.622
 31
0.0
  0
LINE
  5
9F
330
1F
100
AcDbEntity
  8
AM_9
100
AcDbLine
 10
31.693
 20
32.622
 30
0.0
 11
31.293
 21
32.622
 31
0.0
  0
LINE
  5
A0
330
1F
100
AcDbEntity
  8
AM_9
100
AcDbLine
 10
31.208
 20
32.358
 30
0.0
 11
31.208
 21
32.0771545797986
 31
0.0
  0
LINE
  5
A1
330
1F
100
AcDbEntity
  8
AM_9
100
AcDbLine
 10
31.778
 20
32.07678219637098
 30
0.0
 11
31.778
 21
32.358
 31
0.0
  0
LINE
  5
A2
330
1F
100
AcDbEntity
  8
AM_9
100
AcDbLine
 10
31.778
 20
32.358
 30
0.0
 11
31.208
 21
32.358
 31
0.0
  0
LINE
  5
A3
330
1F
100
AcDbEntity
  8
AM_9
100
AcDbLine
 10
29.82899999999999
 20
32.89999999999999
 30
0.0
 11
29.82094979249919
 21
32.89999999999999
 31
0.0
  0
LINE
  5
A4
330
1F
100
AcDbEntity
  8
AM_9
100
AcDbLine
 10
28.84505020750081
 20
32.89999999999999
 30
0.0
 11
28.837
 21
32.89999999999999
 31
0.0
  0
LINE
  5
A5
330
1F
100
AcDbEntity
  8
AM_9
100
AcDbLine
 10
31.198
 20
34.478
 30
0.0
 11
31.198
 21
33.949
 31
0.0
  0
LINE
  5
A6
330
1F
100
AcDbEntity
  8
AM_9
100
AcDbLine
 10
31.788
 20
33.949
 30
0.0
 11
31.788
 21
34.478
 31
0.0
  0
LINE
  5
A7
330
1F
100
AcDbEntity
  8
AM_9
100
AcDbLine
 10
31.788
 20
33.949
 30
0.0
 11
31.198
 21
33.949
 31
0.0
  0
LINE
  5
A8
330
1F
100
AcDbEntity
  8
AM_9
100
AcDbLine
 10
31.788
 20
34.478
 30
0.0
 11
31.198
 21
34.478
 31
0.0
  0
LINE
  5
A9
330
1F
100
AcDbEntity
  8
AM_9
100
AcDbLine
 10
32.153
 20
32.198
 30
0.0
 11
32.083
 21
32.198
 31
0.0
  0
LINE
  5
AA
330
1F
100
AcDbEntity
  8
AM_9
100
AcDbLine
 10
32.083
 20
31.844
 30
0.0
 11
32.153
 21
31.844
 31
0.0
  0
LINE
  5
AB
330
1F
100
AcDbEntity
  8
AM_9
100
AcDbLine
 10
32.083
 20
31.775
 30
0.0
 11
32.083
 21
32.267
 31
0.0
  0
LWPOLYLINE
  5
AC
330
1F
100
AcDbEntity
  8
AM_9
100
AcDbPolyline
 90
        4
 70
     0
 43
0.0
 10
31.7648408588732
 20
31.838
 10
31.75480149905273
 20
31.8227786339077
 10
31.73217998154467
 20
31.80821519387207
 10
31.71151371241971
 20
31.80181635414455
  0
LWPOLYLINE
  5
AD
330
1F
100
AcDbEntity
  8
AM_9
100
AcDbPolyline
 90
        4
 70
     0
 43
0.0
 10
31.7648408588732
 20
31.838
 10
31.77081924068912
 20
31.8604982647182
 10
31.77680924508195
 20
31.91925865754947
 10
31.77682185447323
 20
31.9195627267781
  0
LWPOLYLINE
  5
AE
330
1F
100
AcDbEntity
  8
AM_9
100
AcDbPolyline
 90
        7
 70
     0
 43
0.0
 10
31.77780915735127
 20
32.07686835427443
 10
31.77689126999406
 20
32.12071253627535
 10
31.76918858651273
 20
32.18902083566852
 10
31.74730081473915
 20
32.2349980153964
 10
31.71127677818289
 20
32.25777061257465
 10
31.66087129857547
 20
32.2662110005276
 10
31.61859046998786
 20
32.26693076602039
  0
LINE
  5
AF
330
1F
100
AcDbEntity
  8
AM_9
100
AcDbLine
 10
32.083
 20
32.267
 30
0.0
 11
31.61810177815182
 21
32.267
 31
0.0
  0
LINE
  5
B0
330
1F
100
AcDbEntity
  8
AM_9
100
AcDbLine
 10
31.6858928294832
 20
31.775
 30
0.0
 11
32.083
 21
31.775
 31
0.0
  0
LWPOLYLINE
  5
B1
330
1F
100
AcDbEntity
  8
AM_9
100
AcDbPolyline
 90
        4
 70
     0
 43
0.0
 10
31.6837878452092
 20
31.77500000417681
 10
31.68693110152268
 20
31.77770351360803
 10
31.70586096129422
 20
31.79575698015133
 10
31.71151371241971
 20
31.80181635414455
  0
LINE
  5
B2
330
1F
100
AcDbEntity
  8
AM_9
100
AcDbLine
 10
32.153
 20
32.32388199529313
 30
0.0
 11
32.153
 21
31.71811800470687
 31
0.0
  0
LINE
  5
B3
330
1F
100
AcDbEntity
  8
AM_9
100
AcDbLine
 10
32.723
 20
32.32388199529313
 30
0.0
 11
32.723
 21
31.71811800470687
 31
0.0
  0
LINE
  5
B4
330
1F
100
AcDbEntity
  8
AM_9
100
AcDbLine
 10
32.153
 20
31.71811800470687
 30
0.0
 11
32.723
 21
31.71811800470687
 31
0.0
  0
LINE
  5
B5
330
1F
100
AcDbEntity
  8
AM_9
100
AcDbLine
 10
32.153
 20
32.32388199529313
 30
0.0
 11
32.723
 21
32.32388199529313
 31
0.0
  0
LINE
  5
B6
330
1F
100
AcDbEntity
  8
AM_9
100
AcDbLine
 10
32.153
 20
32.12688199529313
 30
0.0
 11
32.723
 21
32.12688199529313
 31
0.0
  0
CIRCLE
  5
B7
330
1F
100
AcDbEntity
  8
AM_9
100
AcDbCircle
 10
31.493
 20
32.0
 30
0.0
 40
0.2950000000000033
  0
LINE
  5
B8
330
1F
100
AcDbEntity
  8
AM_9
100
AcDbLine
 10
28.896
 20
32.319
 30
0.0
 11
28.896
 21
31.46299999999999
 31
0.0
  0
LINE
  5
B9
330
1F
100
AcDbEntity
  8
AM_9
100
AcDbLine
 10
29.76999999999999
 20
31.46299999999999
 30
0.0
 11
29.76999999999999
 21
32.319
 31
0.0
  0
LINE
  5
BA
330
1F
100
AcDbEntity
  8
AM_9
100
AcDbLine
 10
28.84600000000001
 20
31.227
 30
0.0
 11
28.84600000000001
 21
31.12
 31
0.0
  0
LINE
  5
BB
330
1F
100
AcDbEntity
  8
AM_9
100
AcDbLine
 10
29.81999999999999
 20
31.12
 30
0.0
 11
29.81999999999999
 21
31.227
 31
0.0
  0
LINE
  5
BC
330
1F
100
AcDbEntity
  8
AM_9
100
AcDbLine
 10
28.896
 20
31.46299999999999
 30
0.0
 11
28.84600000000001
 21
31.227
 31
0.0
  0
LINE
  5
BD
330
1F
100
AcDbEntity
  8
AM_9
100
AcDbLine
 10
29.81999999999999
 20
31.227
 30
0.0
 11
29.76999999999999
 21
31.46299999999999
 31
0.0
  0
LINE
  5
BE
330
1F
100
AcDbEntity
  8
AM_9
100
AcDbLine
 10
29.81999999999999
 20
31.227
 30
0.0
 11
28.84600000000001
 21
31.227
 31
0.0
  0
LINE
  5
BF
330
1F
100
AcDbEntity
  8
AM_9
100
AcDbLine
 10
29.76999999999999
 20
31.46299999999999
 30
0.0
 11
28.896
 21
31.46299999999999
 31
0.0
  0
LINE
  5
C0
330
1F
100
AcDbEntity
  8
AM_9
100
AcDbLine
 10
29.27013506541805
 20
32.319
 30
0.0
 11
28.837
 21
32.319
 31
0.0
  0
LINE
  5
C1
330
1F
100
AcDbEntity
  8
AM_9
100
AcDbLine
 10
29.82899999999999
 20
32.319
 30
0.0
 11
29.82899999999999
 21
32.811
 31
0.0
  0
LINE
  5
C2
330
1F
100
AcDbEntity
  8
AM_9
100
AcDbLine
 10
29.82899999999999
 20
32.319
 30
0.0
 11
29.39586493458194
 21
32.319
 31
0.0
  0
LINE
  5
C3
330
1F
100
AcDbEntity
  8
AM_9
100
AcDbLine
 10
32.24299999999999
 20
32.71951647545026
 30
0.0
 11
32.24299999999999
 21
32.22588199529313
 31
0.0
  0
LINE
  5
C4
330
1F
100
AcDbEntity
  8
AM_9
100
AcDbLine
 10
32.623
 20
32.22588199529313
 30
0.0
 11
32.623
 21
32.71951647545026
 31
0.0
  0
LINE
  5
C5
330
1F
100
AcDbEntity
  8
AM_9
100
AcDbLine
 10
31.31995665282943
 20
32.375
 30
0.0
 11
31.66604334717057
 21
32.375
 31
0.0
  0
LINE
  5
C6
330
1F
100
AcDbEntity
  8
AM_9
100
AcDbLine
 10
31.73123785283388
 20
32.33735993460561
 30
0.0
 11
31.90428120000445
 21
32.03764006539439
 31
0.0
  0
ARC
  5
C7
330
1F
100
AcDbEntity
  8
AM_9
100
AcDbCircle
 10
31.49299999999933
 20
31.99999999999882
 30
0.0
 40
0.4130000000013467
100
AcDbArc
 50
54.77091128584039
 51
65.22908871416404
  0
LINE
  5
C8
330
1F
100
AcDbEntity
  8
AM_9
100
AcDbLine
 10
31.25476214716612
 20
31.66264006539439
 30
0.0
 11
31.08171879999555
 21
31.96235993460561
 31
0.0
  0
LINE
  5
C9
330
1F
100
AcDbEntity
  8
AM_9
100
AcDbLine
 10
31.08171879999555
 20
32.03764006539439
 30
0.0
 11
31.25476214716612
 21
32.33735993460561
 31
0.0
  0
ARC
  5
CA
330
1F
100
AcDbEntity
  8
AM_9
100
AcDbCircle
 10
31.49299999999982
 20
32.0
 30
0.0
 40
0.4129999999998157
100
AcDbArc
 50
174.7709112858191
 51
185.229088714181
  0
LINE
  5
CB
330
1F
100
AcDbEntity
  8
AM_9
100
AcDbLine
 10
31.90428120000445
 20
31.96235993460561
 30
0.0
 11
31.73123785283388
 21
31.66264006539439
 31
0.0
  0
ARC
  5
CC
330
1F
100
AcDbEntity
  8
AM_9
100
AcDbCircle
 10
31.49299999999975
 20
31.99999999999998
 30
0.0
 40
0.4130000000002418
100
AcDbArc
 50
354.7709112858274
 51
5.229088714178465
  0
LINE
  5
CD
330
1F
100
AcDbEntity
  8
AM_9
100
AcDbLine
 10
31.66604334717057
 20
31.625
 30
0.0
 11
31.31995665282943
 21
31.625
 31
0.0
  0
ARC
  5
CE
330
1F
100
AcDbEntity
  8
AM_9
100
AcDbCircle
 10
31.49299999999995
 20
32.00000000000011
 30
0.0
 40
0.4130000000001106
100
AcDbArc
 50
294.7709112858207
 51
305.2290887141757
  0
ARC
  5
CF
330
1F
100
AcDbEntity
  8
AM_9
100
AcDbCircle
 10
31.49300000000065
 20
31.99999999999885
 30
0.0
 40
0.4130000000013138
100
AcDbArc
 50
114.7709112858354
 51
125.2290887141599
  0
ARC
  5
D0
330
1F
100
AcDbEntity
  8
AM_9
100
AcDbCircle
 10
31.49299999999969
 20
31.99999999999948
 30
0.0
 40
0.412999999999396
100
AcDbArc
 50
234.7709112858152
 51
245.2290887141884
  0
LINE
  5
D1
330
1F
100
AcDbEntity
  8
AM_9
100
AcDbLine
 10
29.992
 20
32.70511800470688
 30
0.0
 11
30.563
 21
32.70511800470688
 31
0.0
  0
LINE
  5
D2
330
1F
100
AcDbEntity
  8
AM_9
100
AcDbLine
 10
32.5905
 20
33.26511247983446
 30
0.0
 11
32.5905
 21
33.57168547277415
 31
0.0
  0
LINE
  5
D3
330
1F
100
AcDbEntity
  8
AM_9
100
AcDbLine
 10
32.2755
 20
33.57168547277415
 30
0.0
 11
32.2755
 21
33.26511247983446
 31
0.0
  0
LINE
  5
D4
330
1F
100
AcDbEntity
  8
AM_9
100
AcDbLine
 10
29.992
 20
32.98800000000001
 30
0.0
 11
29.923
 21
32.98800000000001
 31
0.0
  0
LINE
  5
D5
330
1F
100
AcDbEntity
  8
AM_9
100
AcDbLine
 10
29.923
 20
32.634
 30
0.0
 11
29.992
 21
32.634
 31
0.0
  0
LINE
  5
D6
330
1F
100
AcDbEntity
  8
AM_9
100
AcDbLine
 10
29.923
 20
32.565
 30
0.0
 11
29.923
 21
33.05700000000001
 31
0.0
  0
LINE
  5
D7
330
1F
100
AcDbEntity
  8
AM_9
100
AcDbLine
 10
29.923
 20
33.05700000000001
 30
0.0
 11
29.82742604428132
 21
33.05700000000001
 31
0.0
  0
LINE
  5
D8
330
1F
100
AcDbEntity
  8
AM_9
100
AcDbLine
 10
29.82801930292529
 20
32.565
 30
0.0
 11
29.923
 21
32.565
 31
0.0
  0
LINE
  5
D9
330
1F
100
AcDbEntity
  8
AM_9
100
AcDbLine
 10
32.1515
 20
33.57168547277415
 30
0.0
 11
32.1515
 21
32.71951647545026
 31
0.0
  0
LINE
  5
DA
330
1F
100
AcDbEntity
  8
AM_9
100
AcDbLine
 10
32.7145
 20
32.71951647545026
 30
0.0
 11
32.7145
 21
33.57168547277415
 31
0.0
  0
LINE
  5
DB
330
1F
100
AcDbEntity
  8
AM_9
100
AcDbLine
 10
29.992
 20
33.11388199529313
 30
0.0
 11
29.992
 21
32.50811800470687
 31
0.0
  0
LINE
  5
DC
330
1F
100
AcDbEntity
  8
AM_9
100
AcDbLine
 10
30.563
 20
33.11388199529313
 30
0.0
 11
30.563
 21
32.50811800470687
 31
0.0
  0
LINE
  5
DD
330
1F
100
AcDbEntity
  8
AM_9
100
AcDbLine
 10
29.992
 20
33.11388199529313
 30
0.0
 11
30.563
 21
33.11388199529313
 31
0.0
  0
LINE
  5
DE
330
1F
100
AcDbEntity
  8
AM_9
100
AcDbLine
 10
29.992
 20
32.91688199529313
 30
0.0
 11
30.563
 21
32.91688199529313
 31
0.0
  0
LINE
  5
DF
330
1F
100
AcDbEntity
  8
AM_9
100
AcDbLine
 10
29.992
 20
32.50811800470687
 30
0.0
 11
30.563
 21
32.50811800470687
 31
0.0
  0
LINE
  5
E0
330
1F
100
AcDbEntity
  8
AM_9
100
AcDbLine
 10
28.89599999999999
 20
34.463
 30
0.0
 11
28.89599999999999
 21
33.381
 31
0.0
  0
LINE
  5
E1
330
1F
100
AcDbEntity
  8
AM_9
100
AcDbLine
 10
29.77
 20
33.381
 30
0.0
 11
29.77
 21
34.463
 31
0.0
  0
LINE
  5
E2
330
1F
100
AcDbEntity
  8
AM_9
100
AcDbLine
 10
29.10405459165995
 20
32.371
 30
0.0
 11
28.837
 21
32.371
 31
0.0
  0
LWPOLYLINE
  5
E3
330
1F
100
AcDbEntity
  8
AM_9
100
AcDbPolyline
 90
        4
 70
     0
 43
0.0
 10
29.79749757803458
 20
32.63705173182811
 10
29.80753658006852
 20
32.61178914230611
 10
29.82451897192312
 20
32.57416482575351
 10
29.82899999722992
 20
32.56500000558519
  0
LINE
  5
E4
330
1F
100
AcDbEntity
  8
AM_9
100
AcDbLine
 10
29.829
 20
32.371
 30
0.0
 11
29.56194540834005
 21
32.371
 31
0.0
  0
LINE
  5
E5
330
1F
100
AcDbEntity
  8
AM_9
100
AcDbLine
 10
29.77
 20
34.463
 30
0.0
 11
29.82
 21
34.928
 31
0.0
  0
LINE
  5
E6
330
1F
100
AcDbEntity
  8
AM_9
100
AcDbLine
 10
28.846
 20
34.928
 30
0.0
 11
28.89599999999999
 21
34.463
 31
0.0
  0
LINE
  5
E7
330
1F
100
AcDbEntity
  8
AM_9
100
AcDbLine
 10
29.77
 20
34.463
 30
0.0
 11
28.89599999999999
 21
34.463
 31
0.0
  0
LINE
  5
E8
330
1F
100
AcDbEntity
  8
AM_9
100
AcDbLine
 10
28.837
 20
33.381
 30
0.0
 11
28.837
 21
32.319
 31
0.0
  0
LINE
  5
E9
330
1F
100
AcDbEntity
  8
AM_9
100
AcDbLine
 10
29.829
 20
33.0538096355188
 30
0.0
 11
29.829
 21
33.381
 31
0.0
  0
LINE
  5
EA
330
1F
100
AcDbEntity
  8
AM_9
100
AcDbLine
 10
29.829
 20
33.381
 30
0.0
 11
28.837
 21
33.381
 31
0.0
  0
LWPOLYLINE
  5
EB
330
1F
100
AcDbEntity
  8
AM_9
100
AcDbPolyline
 90
        5
 70
     0
 43
0.0
 10
29.82899999984312
 20
33.0569999996837
 10
29.82770491011954
 20
33.05437819971473
 10
29.81749094540139
 20
33.03288167156378
 10
29.79950383993859
 20
32.99023680614611
 10
29.79749757803458
 20
32.98494826817189
  0
LINE
  5
EC
330
1F
100
AcDbEntity
  8
AM_0
100
AcDbLine
 10
29.8335
 20
35.5
 30
0.0
 11
28.8325
 21
35.5
 31
0.0
  0
ARC
  5
ED
330
1F
100
AcDbEntity
  8
AM_0
100
AcDbCircle
 10
28.83249999999999
 20
35.462
 30
0.0
 40
0.0379999999999967
100
AcDbArc
 50
89.99999999999464
 51
180.0
  0
ARC
  5
EE
330
1F
100
AcDbEntity
  8
AM_0
100
AcDbCircle
 10
29.8335
 20
35.46200000000001
 30
0.0
 40
0.0379999999999932
100
AcDbArc
 50
359.9999999999893
 51
90.00000000001071
  0
LINE
  5
EF
330
1F
100
AcDbEntity
  8
AM_9
100
AcDbLine
 10
28.7945
 20
35.27973467273631
 30
0.0
 11
28.7945
 21
34.928
 31
0.0
  0
LINE
  5
F0
330
1F
100
AcDbEntity
  8
AM_0
100
AcDbLine
 10
28.7945
 20
35.462
 30
0.0
 11
28.7945
 21
35.27973467273631
 31
0.0
  0
LINE
  5
F1
330
1F
100
AcDbEntity
  8
AM_0
100
AcDbLine
 10
29.8715
 20
35.17676671995905
 30
0.0
 11
29.8715
 21
35.462
 31
0.0
  0
LINE
  5
F2
330
1F
100
AcDbEntity
  8
AM_9
100
AcDbLine
 10
29.8715
 20
34.928
 30
0.0
 11
29.8715
 21
35.17676671995905
 31
0.0
  0
LINE
  5
F3
330
1F
100
AcDbEntity
  8
AM_9
100
AcDbLine
 10
29.8715
 20
34.928
 30
0.0
 11
28.7945
 21
34.928
 31
0.0
  0
LINE
  5
F5
330
1F
100
AcDbEntity
  8
AM_4
100
AcDbLine
 10
29.8715
 20
35.462
 30
0.0
 11
28.7945
 21
35.462
 31
0.0
  0
LINE
  5
F6
330
1F
100
AcDbEntity
  8
AM_9
100
AcDbLine
 10
30.083
 20
33.50951647545028
 30
0.0
 11
30.083
 21
33.01588199529315
 31
0.0
  0
LINE
  5
F7
330
1F
100
AcDbEntity
  8
AM_9
100
AcDbLine
 10
30.463
 20
33.01588199529315
 30
0.0
 11
30.463
 21
33.50951647545028
 31
0.0
  0
ELLIPSE
  5
F8
330
1F
100
AcDbEntity
  8
AM_9
100
AcDbEllipse
 10
30.273
 20
34.05511247983446
 30
0.0
 11
0.1574999999999989
 21
7.105427357601002E-15
 31
0.0
210
0.0
220
0.0
230
1.0
 40
0.4999999999999098
 41
4.712388980384667
 42
9.424777960769198
  0
LINE
  5
F9
330
1F
100
AcDbEntity
  8
AM_9
100
AcDbLine
 10
30.4305
 20
34.05511247983448
 30
0.0
 11
30.4305
 21
34.36168547277417
 31
0.0
  0
LINE
  5
FA
330
1F
100
AcDbEntity
  8
AM_9
100
AcDbLine
 10
30.1155
 20
34.36168547277417
 30
0.0
 11
30.1155
 21
34.05511247983448
 31
0.0
  0
ELLIPSE
  5
FB
330
1F
100
AcDbEntity
  8
AM_9
100
AcDbEllipse
 10
30.273
 20
34.05511247983446
 30
0.0
 11
0.1574999999999989
 21
-7.032981429311577E-15
 31
0.0
210
0.0
220
0.0
230
1.0
 40
0.4999999999999098
 41
3.141592653589792
 42
4.71238898038469
  0
ELLIPSE
  5
FC
330
1F
100
AcDbEntity
  8
AM_9
100
AcDbEllipse
 10
30.273
 20
34.36168547277416
 30
0.0
 11
0.1574999999999953
 21
0.0
 31
0.0
210
0.0
220
0.0
230
1.0
 40
0.5000000000000113
 41
4.712388980384667
 42
9.42477796076938
  0
ELLIPSE
  5
FD
330
1F
100
AcDbEntity
  8
AM_9
100
AcDbEllipse
 10
30.273
 20
34.36168547277416
 30
0.0
 11
0.1574999999999953
 21
7.105427357601002E-15
 31
0.0
210
0.0
220
0.0
230
1.0
 40
0.4999999999999211
 41
3.141592653589793
 42
4.71238898038469
  0
LINE
  5
FE
330
1F
100
AcDbEntity
  8
AM_9
100
AcDbLine
 10
29.9915
 20
34.36168547277417
 30
0.0
 11
29.9915
 21
33.50951647545029
 31
0.0
  0
LINE
  5
FF
330
1F
100
AcDbEntity
  8
AM_9
100
AcDbLine
 10
30.5545
 20
33.50951647545029
 30
0.0
 11
30.5545
 21
34.36168547277417
 31
0.0
  0
ELLIPSE
  5
100
330
1F
100
AcDbEntity
  8
AM_9
100
AcDbEllipse
 10
30.273
 20
34.36168547277416
 30
0.0
 11
0.2815000000000012
 21
0.0
 31
0.0
210
0.0
220
0.0
230
1.0
 40
0.4999999999999874
 41
0.0
 42
3.141592653589793
  0
ELLIPSE
  5
101
330
1F
100
AcDbEntity
  8
AM_9
100
AcDbEllipse
 10
30.273
 20
34.36168547277416
 30
0.0
 11
0.2815000000000047
 21
7.105427357601002E-15
 31
0.0
210
0.0
220
0.0
230
1.0
 40
0.499999999999981
 41
3.141592653589793
 42
4.712388980384664
  0
ELLIPSE
  5
102
330
1F
100
AcDbEntity
  8
AM_9
100
AcDbEllipse
 10
30.273
 20
34.36168547277417
 30
0.0
 11
0.2815000000000119
 21
-7.069569918868681E-15
 31
0.0
210
0.0
220
0.0
230
1.0
 40
0.4999999999999685
 41
4.712388980384715
 42
6.283185307179536
  0
CIRCLE
  5
103
330
1F
100
AcDbEntity
  8
AM_9
100
AcDbCircle
 10
29.33299999999999
 20
32.811
 30
0.0
 40
0.4960000000000004
  0
LINE
  5
104
330
1F
100
AcDbEntity
  8
AM_9
100
AcDbLine
 10
29.6173426629966
 20
32.2165
 30
0.0
 11
29.04865733700339
 21
32.2165
 31
0.0
  0
ARC
  5
105
330
1F
100
AcDbEntity
  8
AM_9
100
AcDbCircle
 10
29.33300000000003
 20
32.81099999999998
 30
0.0
 40
0.658999999999961
100
AcDbArc
 50
295.5612653089592
 51
304.4387346910377
  0
LINE
  5
106
330
1F
100
AcDbEntity
  8
AM_9
100
AcDbLine
 10
29.99002343404814
 20
32.75999796953477
 30
0.0
 11
29.70568077105155
 21
32.26750203046523
 31
0.0
  0
ARC
  5
107
330
1F
100
AcDbEntity
  8
AM_9
100
AcDbCircle
 10
29.33299999999997
 20
32.811
 30
0.0
 40
0.6590000000000272
100
AcDbArc
 50
355.5612653089611
 51
4.438734691039475
  0
LINE
  5
108
330
1F
100
AcDbEntity
  8
AM_9
100
AcDbLine
 10
29.70568077105155
 20
33.35449796953478
 30
0.0
 11
29.99002343404814
 21
32.86200203046523
 31
0.0
  0
ARC
  5
109
330
1F
100
AcDbEntity
  8
AM_9
100
AcDbCircle
 10
29.33300000000028
 20
32.8110000000004
 30
0.0
 40
0.6589999999995163
100
AcDbArc
 50
55.56126530896145
 51
64.43873469104568
  0
LINE
  5
10A
330
1F
100
AcDbEntity
  8
AM_9
100
AcDbLine
 10
29.04865733700339
 20
33.4055
 30
0.0
 11
29.6173426629966
 21
33.4055
 31
0.0
  0
ARC
  5
10B
330
1F
100
AcDbEntity
  8
AM_9
100
AcDbCircle
 10
29.33299999999976
 20
32.81100000000033
 30
0.0
 40
0.6589999999995915
100
AcDbArc
 50
115.561265308955
 51
124.4387346910382
  0
LINE
  5
10C
330
1F
100
AcDbEntity
  8
AM_9
100
AcDbLine
 10
28.67597656595185
 20
32.86200203046523
 30
0.0
 11
28.96031922894845
 21
33.35449796953478
 31
0.0
  0
ARC
  5
10D
330
1F
100
AcDbEntity
  8
AM_9
100
AcDbCircle
 10
29.33300000000012
 20
32.811
 30
0.0
 40
0.6590000000001198
100
AcDbArc
 50
175.5612653089612
 51
184.4387346910382
  0
LINE
  5
10E
330
1F
100
AcDbEntity
  8
AM_9
100
AcDbLine
 10
28.96031922894845
 20
32.26750203046523
 30
0.0
 11
28.67597656595185
 21
32.75999796953477
 31
0.0
  0
ARC
  5
10F
330
1F
100
AcDbEntity
  8
AM_9
100
AcDbCircle
 10
29.33300000000132
 20
32.8110000000023
 30
0.0
 40
0.6590000000026455
100
AcDbArc
 50
235.5612653089787
 51
244.438734691021
  0
CIRCLE
  5
110
330
1F
100
AcDbEntity
  8
AM_9
100
AcDbCircle
 10
29.33299999999999
 20
32.811
 30
0.0
 40
0.5804999999999978
  0
ARC
  5
111
330
1F
100
AcDbEntity
  8
AM_9
100
AcDbCircle
 10
26.10000000000001
 20
35.39396118074578
 30
0.0
 40
0.0999999999999943
100
AcDbArc
 50
359.9999999999959
 51
86.09636027056587
  0
LINE
  5
112
330
1F
100
AcDbEntity
  8
AM_9
100
AcDbLine
 10
26.2
 20
31.82710678118655
 30
0.0
 11
26.90710678118655
 21
31.12
 31
0.0
  0
LINE
  5
113
330
1F
100
AcDbEntity
  8
AM_9
100
AcDbLine
 10
26.2
 20
35.39396118074578
 30
0.0
 11
26.2
 21
31.82710678118655
 31
0.0
  0
LINE
  5
114
330
1F
100
AcDbEntity
  8
AM_9
100
AcDbLine
 10
26.90710678118655
 20
31.12
 30
0.0
 11
34.95546410512242
 21
31.12
 31
0.0
  0
ARC
  5
115
330
1F
100
AcDbEntity
  8
AM_9
100
AcDbCircle
 10
34.95546410512241
 20
31.02
 30
0.0
 40
0.1000000000000067
100
AcDbArc
 50
6.282467631129812
 51
89.99999999999594
  0
LINE
  5
116
330
1F
100
AcDbEntity
  8
AM_9
100
AcDbLine
 10
1.5
 20
28.159
 30
0.0
 11
0.6641356852249993
 21
28.159
 31
0.0
  0
LINE
  5
117
330
1F
100
AcDbEntity
  8
AM_9
100
AcDbLine
 10
1.5
 20
28.359
 30
0.0
 11
0.6814304267306669
 21
28.359
 31
0.0
  0
LINE
  5
118
330
1F
100
AcDbEntity
  8
AM_9
100
AcDbLine
 10
1.5
 20
19.809
 30
0.0
 11
0.2437414755968605
 21
19.809
 31
0.0
  0
LINE
  5
119
330
1F
100
AcDbEntity
  8
AM_9
100
AcDbLine
 10
1.5
 20
19.609
 30
0.0
 11
0.2408708396672493
 21
19.609
 31
0.0
  0
LINE
  5
11A
330
1F
100
AcDbEntity
  8
AM_9
100
AcDbLine
 10
1.5
 20
4.184
 30
0.0
 11
1.034201359703349
 21
4.184
 31
0.0
  0
LINE
  5
11B
330
1F
100
AcDbEntity
  8
AM_9
100
AcDbLine
 10
1.5
 20
3.984
 30
0.0
 11
1.057735142196954
 21
3.984
 31
0.0
  0
LINE
  5
11C
330
1F
100
AcDbEntity
  8
AM_9
100
AcDbLine
 10
34.96579864029664
 20
4.184
 30
0.0
 11
34.5
 21
4.184
 31
0.0
  0
LINE
  5
11D
330
1F
100
AcDbEntity
  8
AM_9
100
AcDbLine
 10
34.94226485780303
 20
3.984
 30
0.0
 11
34.5
 21
3.984
 31
0.0
  0
LINE
  5
11E
330
1F
100
AcDbEntity
  8
AM_9
100
AcDbLine
 10
35.74698685503508
 20
15.659
 30
0.0
 11
34.5
 21
15.659
 31
0.0
  0
LINE
  5
11F
330
1F
100
AcDbEntity
  8
AM_9
100
AcDbLine
 10
35.75075137928535
 20
15.859
 30
0.0
 11
34.5
 21
15.859
 31
0.0
  0
LINE
  5
120
330
1F
100
AcDbEntity
  8
AM_9
100
AcDbLine
 10
35.64448391716892
 20
12.534
 30
0.0
 11
34.5
 21
12.534
 31
0.0
  0
LINE
  5
121
330
1F
100
AcDbEntity
  8
AM_9
100
AcDbLine
 10
35.65350551324553
 20
12.734
 30
0.0
 11
34.5
 21
12.734
 31
0.0
  0
LINE
  5
122
330
1F
100
AcDbEntity
  8
AM_9
100
AcDbLine
 10
1.5
 20
7.309
 30
0.0
 11
0.7108898895105709
 21
7.309
 31
0.0
  0
LINE
  5
123
330
1F
100
AcDbEntity
  8
AM_9
100
AcDbLine
 10
1.5
 20
7.109
 30
0.0
 11
0.7290887241964367
 21
7.109
 31
0.0
  0
LINE
  5
124
330
1F
100
AcDbEntity
  8
AM_9
100
AcDbLine
 10
34.5
 20
22.109
 30
0.0
 11
34.5
 21
19.609
 31
0.0
  0
LINE
  5
125
330
1F
100
AcDbEntity
  8
AM_9
100
AcDbLine
 10
35.75912916033272
 20
19.609
 30
0.0
 11
34.5
 21
19.609
 31
0.0
  0
LINE
  5
126
330
1F
100
AcDbEntity
  8
AM_9
100
AcDbLine
 10
35.75625852440311
 20
19.809
 30
0.0
 11
34.5
 21
19.809
 31
0.0
  0
LINE
  5
127
330
1F
100
AcDbEntity
  8
AM_9
100
AcDbLine
 10
35.52939600990909
 20
10.434
 30
0.0
 11
34.5
 21
10.434
 31
0.0
  0
LINE
  5
128
330
1F
100
AcDbEntity
  8
AM_9
100
AcDbLine
 10
34.5
 20
12.734
 30
0.0
 11
34.5
 21
10.234
 31
0.0
  0
LINE
  5
129
330
1F
100
AcDbEntity
  8
AM_9
100
AcDbLine
 10
35.51649386395273
 20
10.234
 30
0.0
 11
34.5
 21
10.234
 31
0.0
  0
LINE
  5
12A
330
1F
100
AcDbEntity
  8
AM_9
100
AcDbLine
 10
1.5
 20
6.484
 30
0.0
 11
0.7881533049708357
 21
6.484
 31
0.0
  0
LINE
  5
12B
330
1F
100
AcDbEntity
  8
AM_9
100
AcDbLine
 10
1.5
 20
6.484
 30
0.0
 11
1.5
 21
3.984
 31
0.0
  0
LINE
  5
12C
330
1F
100
AcDbEntity
  8
AM_9
100
AcDbLine
 10
1.5
 20
6.284
 30
0.0
 11
0.8077563756702598
 21
6.284
 31
0.0
  0
LINE
  5
12D
330
1F
100
AcDbEntity
  8
AM_9
100
AcDbLine
 10
1.5
 20
26.059
 30
0.0
 11
0.5030182228333828
 21
26.059
 31
0.0
  0
LINE
  5
12E
330
1F
100
AcDbEntity
  8
AM_9
100
AcDbLine
 10
1.5
 20
28.359
 30
0.0
 11
1.5
 21
25.859
 31
0.0
  0
LINE
  5
12F
330
1F
100
AcDbEntity
  8
AM_9
100
AcDbLine
 10
1.5
 20
25.859
 30
0.0
 11
0.4896207757271832
 21
25.859
 31
0.0
  0
LINE
  5
130
330
1F
100
AcDbEntity
  8
AM_9
100
AcDbLine
 10
1.5
 20
18.784
 30
0.0
 11
0.2325808811762756
 21
18.784
 31
0.0
  0
LINE
  5
131
330
1F
100
AcDbEntity
  8
AM_9
100
AcDbLine
 10
1.5
 20
18.984
 30
0.0
 11
0.2340656387697889
 21
18.984
 31
0.0
  0
LINE
  5
132
330
1F
100
AcDbEntity
  8
AM_9
100
AcDbLine
 10
1.5
 20
22.109
 30
0.0
 11
0.3009141325755572
 21
22.109
 31
0.0
  0
LINE
  5
133
330
1F
100
AcDbEntity
  8
AM_9
100
AcDbLine
 10
1.5
 20
22.109
 30
0.0
 11
1.5
 21
19.609
 31
0.0
  0
LINE
  5
134
330
1F
100
AcDbEntity
  8
AM_9
100
AcDbLine
 10
1.5
 20
21.909
 30
0.0
 11
0.2941770225487813
 21
21.909
 31
0.0
  0
LINE
  5
135
330
1F
100
AcDbEntity
  8
AM_9
100
AcDbLine
 10
35.76272796068795
 20
16.684
 30
0.0
 11
34.5
 21
16.684
 31
0.0
  0
LINE
  5
136
330
1F
100
AcDbEntity
  8
AM_9
100
AcDbLine
 10
35.76034955856978
 20
16.484
 30
0.0
 11
34.5
 21
16.484
 31
0.0
  0
LINE
  5
137
330
1F
100
AcDbEntity
  8
AM_9
100
AcDbLine
 10
1.5
 20
13.559
 30
0.0
 11
0.3128407103766282
 21
13.559
 31
0.0
  0
LINE
  5
138
330
1F
100
AcDbEntity
  8
AM_9
100
AcDbLine
 10
1.5
 20
13.359
 30
0.0
 11
0.3204730701058936
 21
13.359
 31
0.0
  0
LINE
  5
139
330
1F
100
AcDbEntity
  8
AM_9
100
AcDbLine
 10
1.5
 20
9.409
 30
0.0
 11
0.5403021852796188
 21
9.409
 31
0.0
  0
LINE
  5
13A
330
1F
100
AcDbEntity
  8
AM_9
100
AcDbLine
 10
1.5
 20
9.609
 30
0.0
 11
1.5
 21
7.109
 31
0.0
  0
LINE
  5
13B
330
1F
100
AcDbEntity
  8
AM_9
100
AcDbLine
 10
1.5
 20
9.609
 30
0.0
 11
0.5260047859982401
 21
9.609
 31
0.0
  0
LINE
  5
13C
330
1F
100
AcDbEntity
  8
AM_9
100
AcDbLine
 10
1.5
 20
18.984
 30
0.0
 11
1.5
 21
16.484
 31
0.0
  0
LINE
  5
13D
330
1F
100
AcDbEntity
  8
AM_9
100
AcDbLine
 10
1.5
 20
16.684
 30
0.0
 11
0.2372720393120489
 21
16.684
 31
0.0
  0
LINE
  5
13E
330
1F
100
AcDbEntity
  8
AM_9
100
AcDbLine
 10
1.5
 20
16.484
 30
0.0
 11
0.2396504414302063
 21
16.484
 31
0.0
  0
LINE
  5
13F
330
1F
100
AcDbEntity
  8
AM_9
100
AcDbLine
 10
35.56207091659502
 20
25.034
 30
0.0
 11
34.5
 21
25.034
 31
0.0
  0
LINE
  5
140
330
1F
100
AcDbEntity
  8
AM_9
100
AcDbLine
 10
35.55006749114689
 20
25.234
 30
0.0
 11
34.5
 21
25.234
 31
0.0
  0
LINE
  5
141
330
1F
100
AcDbEntity
  8
AM_9
100
AcDbLine
 10
34.5
 20
15.859
 30
0.0
 11
34.5
 21
13.359
 31
0.0
  0
LINE
  5
142
330
1F
100
AcDbEntity
  8
AM_9
100
AcDbLine
 10
35.67952692989413
 20
13.359
 30
0.0
 11
34.5
 21
13.359
 31
0.0
  0
LINE
  5
143
330
1F
100
AcDbEntity
  8
AM_9
100
AcDbLine
 10
35.68715928962336
 20
13.559
 30
0.0
 11
34.5
 21
13.559
 31
0.0
  0
LINE
  5
144
330
1F
100
AcDbEntity
  8
AM_9
100
AcDbLine
 10
1.5
 20
15.659
 30
0.0
 11
0.2530131449649041
 21
15.659
 31
0.0
  0
LINE
  5
145
330
1F
100
AcDbEntity
  8
AM_9
100
AcDbLine
 10
1.5
 20
15.859
 30
0.0
 11
1.5
 21
13.359
 31
0.0
  0
LINE
  5
146
330
1F
100
AcDbEntity
  8
AM_9
100
AcDbLine
 10
1.5
 20
15.859
 30
0.0
 11
0.2492486207146593
 21
15.859
 31
0.0
  0
LINE
  5
147
330
1F
100
AcDbEntity
  8
AM_9
100
AcDbLine
 10
1.5
 20
12.534
 30
0.0
 11
0.3555160828311004
 21
12.534
 31
0.0
  0
LINE
  5
148
330
1F
100
AcDbEntity
  8
AM_9
100
AcDbLine
 10
1.5
 20
12.734
 30
0.0
 11
0.3464944867544927
 21
12.734
 31
0.0
  0
LINE
  5
149
330
1F
100
AcDbEntity
  8
AM_9
100
AcDbLine
 10
1.5
 20
22.934
 30
0.0
 11
0.3322624017417183
 21
22.934
 31
0.0
  0
LINE
  5
14A
330
1F
100
AcDbEntity
  8
AM_9
100
AcDbLine
 10
1.5
 20
25.234
 30
0.0
 11
1.5
 21
22.734
 31
0.0
  0
LINE
  5
14B
330
1F
100
AcDbEntity
  8
AM_9
100
AcDbLine
 10
1.5
 20
22.734
 30
0.0
 11
0.3241367892807053
 21
22.734
 31
0.0
  0
LINE
  5
14C
330
1F
100
AcDbEntity
  8
AM_9
100
AcDbLine
 10
34.5
 20
9.609
 30
0.0
 11
34.5
 21
7.109
 31
0.0
  0
LINE
  5
14D
330
1F
100
AcDbEntity
  8
AM_9
100
AcDbLine
 10
35.27091127580357
 20
7.109
 30
0.0
 11
34.5
 21
7.109
 31
0.0
  0
LINE
  5
14E
330
1F
100
AcDbEntity
  8
AM_9
100
AcDbLine
 10
35.28911011048943
 20
7.309
 30
0.0
 11
34.5
 21
7.309
 31
0.0
  0
LINE
  5
14F
330
1F
100
AcDbEntity
  8
AM_9
100
AcDbLine
 10
1.5
 20
12.734
 30
0.0
 11
1.5
 21
10.234
 31
0.0
  0
LINE
  5
150
330
1F
100
AcDbEntity
  8
AM_9
100
AcDbLine
 10
1.5
 20
10.434
 30
0.0
 11
0.4706039900909164
 21
10.434
 31
0.0
  0
LINE
  5
151
330
1F
100
AcDbEntity
  8
AM_9
100
AcDbLine
 10
1.5
 20
10.234
 30
0.0
 11
0.4835061360472755
 21
10.234
 31
0.0
  0
LINE
  5
152
330
1F
100
AcDbEntity
  8
AM_9
100
AcDbLine
 10
35.70582297745117
 20
21.909
 30
0.0
 11
34.5
 21
21.909
 31
0.0
  0
LINE
  5
153
330
1F
100
AcDbEntity
  8
AM_9
100
AcDbLine
 10
35.69908586742439
 20
22.109
 30
0.0
 11
34.5
 21
22.109
 31
0.0
  0
LINE
  5
154
330
1F
100
AcDbEntity
  8
AM_9
100
AcDbLine
 10
34.5
 20
6.484
 30
0.0
 11
34.5
 21
3.984
 31
0.0
  0
LINE
  5
155
330
1F
100
AcDbEntity
  8
AM_9
100
AcDbLine
 10
35.19224362432973
 20
6.284
 30
0.0
 11
34.5
 21
6.284
 31
0.0
  0
LINE
  5
156
330
1F
100
AcDbEntity
  8
AM_9
100
AcDbLine
 10
35.21184669502917
 20
6.484
 30
0.0
 11
34.5
 21
6.484
 31
0.0
  0
LINE
  5
157
330
1F
100
AcDbEntity
  8
AM_9
100
AcDbLine
 10
35.66773759825825
 20
22.934
 30
0.0
 11
34.5
 21
22.934
 31
0.0
  0
LINE
  5
158
330
1F
100
AcDbEntity
  8
AM_9
100
AcDbLine
 10
35.67586321071926
 20
22.734
 30
0.0
 11
34.5
 21
22.734
 31
0.0
  0
LINE
  5
159
330
1F
100
AcDbEntity
  8
AM_9
100
AcDbLine
 10
34.5
 20
25.234
 30
0.0
 11
34.5
 21
22.734
 31
0.0
  0
LINE
  5
15A
330
1F
100
AcDbEntity
  8
AM_9
100
AcDbLine
 10
1.5
 20
31.284
 30
0.0
 11
0.9732696750497285
 21
31.284
 31
0.0
  0
LINE
  5
15B
330
1F
100
AcDbEntity
  8
AM_9
100
AcDbLine
 10
1.5
 20
31.484
 30
0.0
 11
0.9958920331138096
 21
31.484
 31
0.0
  0
LINE
  5
15C
330
1F
100
AcDbEntity
  8
AM_9
100
AcDbLine
 10
1.5
 20
25.234
 30
0.0
 11
0.4499325088530789
 21
25.234
 31
0.0
  0
LINE
  5
15D
330
1F
100
AcDbEntity
  8
AM_9
100
AcDbLine
 10
1.5
 20
25.034
 30
0.0
 11
0.4379290834049519
 21
25.034
 31
0.0
  0
LINE
  5
15E
330
1F
100
AcDbEntity
  8
AM_9
100
AcDbLine
 10
1.5
 20
29.184
 30
0.0
 11
0.7563642733804606
 21
29.184
 31
0.0
  0
LINE
  5
15F
330
1F
100
AcDbEntity
  8
AM_9
100
AcDbLine
 10
1.5
 20
31.484
 30
0.0
 11
1.5
 21
28.984
 31
0.0
  0
LINE
  5
160
330
1F
100
AcDbEntity
  8
AM_9
100
AcDbLine
 10
1.5
 20
28.984
 30
0.0
 11
0.7376670382166984
 21
28.984
 31
0.0
  0
LINE
  5
161
330
1F
100
AcDbEntity
  8
AM_9
100
AcDbLine
 10
35.76741911882367
 20
18.784
 30
0.0
 11
34.5
 21
18.784
 31
0.0
  0
LINE
  5
162
330
1F
100
AcDbEntity
  8
AM_9
100
AcDbLine
 10
34.5
 20
18.984
 30
0.0
 11
34.5
 21
16.484
 31
0.0
  0
LINE
  5
163
330
1F
100
AcDbEntity
  8
AM_9
100
AcDbLine
 10
35.76593436123018
 20
18.984
 30
0.0
 11
34.5
 21
18.984
 31
0.0
  0
LINE
  5
164
330
1F
100
AcDbEntity
  8
AM_9
100
AcDbLine
 10
35.45969781472039
 20
9.409
 30
0.0
 11
34.5
 21
9.409
 31
0.0
  0
LINE
  5
165
330
1F
100
AcDbEntity
  8
AM_9
100
AcDbLine
 10
35.47399521400178
 20
9.609
 30
0.0
 11
34.5
 21
9.609
 31
0.0
  0
LINE
  5
166
330
1F
100
AcDbEntity
  8
AM_9
100
AcDbLine
 10
25.486
 20
35.53446223530987
 30
0.0
 11
25.486
 21
34.7
 31
0.0
  0
LINE
  5
167
330
1F
100
AcDbEntity
  8
AM_9
100
AcDbLine
 10
25.686
 20
35.52169528370786
 30
0.0
 11
25.686
 21
34.7
 31
0.0
  0
LINE
  5
168
330
1F
100
AcDbEntity
  8
AM_9
100
AcDbLine
 10
14.011
 20
1.5
 30
0.0
 11
14.011
 21
0.2968314891163144
 31
0.0
  0
LINE
  5
169
330
1F
100
AcDbEntity
  8
AM_9
100
AcDbLine
 10
13.811
 20
1.5
 30
0.0
 11
13.811
 21
0.3037031960073305
 31
0.0
  0
LINE
  5
16A
330
1F
100
AcDbEntity
  8
AM_9
100
AcDbLine
 10
9.860999999999999
 20
1.5
 30
0.0
 11
9.860999999999999
 21
0.5084718995584762
 31
0.0
  0
LINE
  5
16B
330
1F
100
AcDbEntity
  8
AM_9
100
AcDbLine
 10
7.560999999999999
 20
1.5
 30
0.0
 11
10.061
 21
1.5
 31
0.0
  0
LINE
  5
16C
330
1F
100
AcDbEntity
  8
AM_9
100
AcDbLine
 10
10.061
 20
1.5
 30
0.0
 11
10.061
 21
0.4949391743622692
 31
0.0
  0
LINE
  5
16D
330
1F
100
AcDbEntity
  8
AM_9
100
AcDbLine
 10
20.261
 20
35.74853299532963
 30
0.0
 11
20.261
 21
34.7
 31
0.0
  0
LINE
  5
16E
330
1F
100
AcDbEntity
  8
AM_9
100
AcDbLine
 10
20.061
 20
35.75216308718735
 30
0.0
 11
20.061
 21
34.7
 31
0.0
  0
LINE
  5
16F
330
1F
100
AcDbEntity
  8
AM_9
100
AcDbLine
 10
17.136
 20
35.7668655281117
 30
0.0
 11
17.136
 21
34.7
 31
0.0
  0
LINE
  5
170
330
1F
100
AcDbEntity
  8
AM_9
100
AcDbLine
 10
16.936
 20
35.76524639487419
 30
0.0
 11
16.936
 21
34.7
 31
0.0
  0
LINE
  5
171
330
1F
100
AcDbEntity
  8
AM_9
100
AcDbLine
 10
10.886
 20
1.5
 30
0.0
 11
10.886
 21
0.4426899269610115
 31
0.0
  0
LINE
  5
172
330
1F
100
AcDbEntity
  8
AM_9
100
AcDbLine
 10
10.686
 20
1.5
 30
0.0
 11
10.686
 21
0.4548284507569404
 31
0.0
  0
LINE
  5
173
330
1F
100
AcDbEntity
  8
AM_9
100
AcDbLine
 10
19.236
 20
1.5
 30
0.0
 11
19.236
 21
0.2364147512136033
 31
0.0
  0
LINE
  5
174
330
1F
100
AcDbEntity
  8
AM_9
100
AcDbLine
 10
16.936
 20
1.5
 30
0.0
 11
19.436
 21
1.5
 31
0.0
  0
LINE
  5
175
330
1F
100
AcDbEntity
  8
AM_9
100
AcDbLine
 10
19.436
 20
1.5
 30
0.0
 11
19.436
 21
0.2386587629080194
 31
0.0
  0
LINE
  5
176
330
1F
100
AcDbEntity
  8
AM_9
100
AcDbLine
 10
6.736
 20
1.5
 30
0.0
 11
6.736
 21
0.7639384711579883
 31
0.0
  0
LINE
  5
177
330
1F
100
AcDbEntity
  8
AM_9
100
AcDbLine
 10
6.935999999999998
 20
1.5
 30
0.0
 11
6.935999999999998
 21
0.7451050942986888
 31
0.0
  0
LINE
  5
178
330
1F
100
AcDbEntity
  8
AM_9
100
AcDbLine
 10
4.436
 20
1.5
 30
0.0
 11
6.935999999999998
 21
1.5
 31
0.0
  0
LINE
  5
179
330
1F
100
AcDbEntity
  8
AM_9
100
AcDbLine
 10
4.436
 20
1.5
 30
0.0
 11
4.436
 21
1.005036858126711
 31
0.0
  0
LINE
  5
17A
330
1F
100
AcDbEntity
  8
AM_9
100
AcDbLine
 10
4.636
 20
1.5
 30
0.0
 11
4.635999999999999
 21
0.9822775339608103
 31
0.0
  0
LINE
  5
17B
330
1F
100
AcDbEntity
  8
AM_9
100
AcDbLine
 10
23.186
 20
34.7
 30
0.0
 11
25.686
 21
34.7
 31
0.0
  0
LINE
  5
17C
330
1F
100
AcDbEntity
  8
AM_9
100
AcDbLine
 10
23.386
 20
35.6481329880391
 30
0.0
 11
23.386
 21
34.7
 31
0.0
  0
LINE
  5
17D
330
1F
100
AcDbEntity
  8
AM_9
100
AcDbLine
 10
23.186
 20
35.65701981641802
 30
0.0
 11
23.186
 21
34.7
 31
0.0
  0
LINE
  5
17E
330
1F
100
AcDbEntity
  8
AM_9
100
AcDbLine
 10
23.186
 20
1.5
 30
0.0
 11
23.186
 21
0.3429801835819814
 31
0.0
  0
LINE
  5
17F
330
1F
100
AcDbEntity
  8
AM_9
100
AcDbLine
 10
23.386
 20
1.5
 30
0.0
 11
23.386
 21
0.3518670119608877
 31
0.0
  0
LINE
  5
180
330
1F
100
AcDbEntity
  8
AM_9
100
AcDbLine
 10
16.936
 20
34.7
 30
0.0
 11
19.436
 21
34.7
 31
0.0
  0
LINE
  5
181
330
1F
100
AcDbEntity
  8
AM_9
100
AcDbLine
 10
19.436
 20
35.76134123709197
 30
0.0
 11
19.436
 21
34.7
 31
0.0
  0
LINE
  5
182
330
1F
100
AcDbEntity
  8
AM_9
100
AcDbLine
 10
19.236
 20
35.76358524878638
 30
0.0
 11
19.236
 21
34.7
 31
0.0
  0
LINE
  5
183
330
1F
100
AcDbEntity
  8
AM_9
100
AcDbLine
 10
22.361
 20
1.5
 30
0.0
 11
22.361
 21
0.3098820210668916
 31
0.0
  0
LINE
  5
184
330
1F
100
AcDbEntity
  8
AM_9
100
AcDbLine
 10
20.061
 20
1.5
 30
0.0
 11
22.561
 21
1.5
 31
0.0
  0
LINE
  5
185
330
1F
100
AcDbEntity
  8
AM_9
100
AcDbLine
 10
22.561
 20
1.5
 30
0.0
 11
22.561
 21
0.3173797288252014
 31
0.0
  0
LINE
  5
186
330
1F
100
AcDbEntity
  8
AM_9
100
AcDbLine
 10
20.061
 20
34.7
 30
0.0
 11
22.561
 21
34.7
 31
0.0
  0
LINE
  5
187
330
1F
100
AcDbEntity
  8
AM_9
100
AcDbLine
 10
22.561
 20
35.68262027117478
 30
0.0
 11
22.561
 21
34.7
 31
0.0
  0
LINE
  5
188
330
1F
100
AcDbEntity
  8
AM_9
100
AcDbLine
 10
22.361
 20
35.6901179789331
 30
0.0
 11
22.361
 21
34.7
 31
0.0
  0
LINE
  5
189
330
1F
100
AcDbEntity
  8
AM_9
100
AcDbLine
 10
16.111
 20
1.5
 30
0.0
 11
16.111
 21
0.2449838155640336
 31
0.0
  0
LINE
  5
18A
330
1F
100
AcDbEntity
  8
AM_9
100
AcDbLine
 10
13.811
 20
1.5
 30
0.0
 11
16.311
 21
1.5
 31
0.0
  0
LINE
  5
18B
330
1F
100
AcDbEntity
  8
AM_9
100
AcDbLine
 10
16.311
 20
1.5
 30
0.0
 11
16.311
 21
0.2419787726360305
 31
0.0
  0
LINE
  5
18C
330
1F
100
AcDbEntity
  8
AM_9
100
AcDbLine
 10
10.886
 20
35.55731007303901
 30
0.0
 11
10.886
 21
34.7
 31
0.0
  0
LINE
  5
18D
330
1F
100
AcDbEntity
  8
AM_9
100
AcDbLine
 10
10.686
 20
35.54517154924307
 30
0.0
 11
10.686
 21
34.7
 31
0.0
  0
LINE
  5
18E
330
1F
100
AcDbEntity
  8
AM_9
100
AcDbLine
 10
16.936
 20
1.5
 30
0.0
 11
16.936
 21
0.2347536051258157
 31
0.0
  0
LINE
  5
18F
330
1F
100
AcDbEntity
  8
AM_9
100
AcDbLine
 10
17.136
 20
1.5
 30
0.0
 11
17.136
 21
0.2331344718882871
 31
0.0
  0
LINE
  5
190
330
1F
100
AcDbEntity
  8
AM_9
100
AcDbLine
 10
12.986
 20
1.5
 30
0.0
 11
12.986
 21
0.3356069399805878
 31
0.0
  0
LINE
  5
191
330
1F
100
AcDbEntity
  8
AM_9
100
AcDbLine
 10
10.686
 20
1.5
 30
0.0
 11
13.186
 21
1.5
 31
0.0
  0
LINE
  5
192
330
1F
100
AcDbEntity
  8
AM_9
100
AcDbLine
 10
13.186
 20
1.5
 30
0.0
 11
13.186
 21
0.327346625653046
 31
0.0
  0
LINE
  5
193
330
1F
100
AcDbEntity
  8
AM_9
100
AcDbLine
 10
16.111
 20
35.75501618443597
 30
0.0
 11
16.111
 21
34.7
 31
0.0
  0
LINE
  5
194
330
1F
100
AcDbEntity
  8
AM_9
100
AcDbLine
 10
16.311
 20
35.75802122736398
 30
0.0
 11
16.311
 21
34.7
 31
0.0
  0
LINE
  5
195
330
1F
100
AcDbEntity
  8
AM_9
100
AcDbLine
 10
13.811
 20
34.7
 30
0.0
 11
16.311
 21
34.7
 31
0.0
  0
LINE
  5
196
330
1F
100
AcDbEntity
  8
AM_9
100
AcDbLine
 10
14.011
 20
35.70316851088369
 30
0.0
 11
14.011
 21
34.7
 31
0.0
  0
LINE
  5
197
330
1F
100
AcDbEntity
  8
AM_9
100
AcDbLine
 10
13.811
 20
35.69629680399267
 30
0.0
 11
13.811
 21
34.7
 31
0.0
  0
LINE
  5
198
330
1F
100
AcDbEntity
  8
AM_9
100
AcDbLine
 10
7.560999999999999
 20
34.7
 30
0.0
 11
10.061
 21
34.7
 31
0.0
  0
LINE
  5
199
330
1F
100
AcDbEntity
  8
AM_9
100
AcDbLine
 10
10.061
 20
35.50506082563776
 30
0.0
 11
10.061
 21
34.7
 31
0.0
  0
LINE
  5
19A
330
1F
100
AcDbEntity
  8
AM_9
100
AcDbLine
 10
9.860999999999999
 20
35.49152810044153
 30
0.0
 11
9.860999999999999
 21
34.7
 31
0.0
  0
LINE
  5
19B
330
1F
100
AcDbEntity
  8
AM_9
100
AcDbLine
 10
7.760999999999998
 20
35.32898717959456
 30
0.0
 11
7.760999999999999
 21
34.7
 31
0.0
  0
LINE
  5
19C
330
1F
100
AcDbEntity
  8
AM_9
100
AcDbLine
 10
7.560999999999999
 20
35.31155655276152
 30
0.0
 11
7.560999999999999
 21
34.7
 31
0.0
  0
LINE
  5
19D
330
1F
100
AcDbEntity
  8
AM_9
100
AcDbLine
 10
7.560999999999999
 20
1.5
 30
0.0
 11
7.560999999999999
 21
0.6884434472385018
 31
0.0
  0
LINE
  5
19E
330
1F
100
AcDbEntity
  8
AM_9
100
AcDbLine
 10
7.760999999999999
 20
1.5
 30
0.0
 11
7.760999999999998
 21
0.6710128204054694
 31
0.0
  0
LINE
  5
19F
330
1F
100
AcDbEntity
  8
AM_9
100
AcDbLine
 10
20.061
 20
1.5
 30
0.0
 11
20.061
 21
0.2478369128126387
 31
0.0
  0
LINE
  5
1A0
330
1F
100
AcDbEntity
  8
AM_9
100
AcDbLine
 10
20.261
 20
1.5
 30
0.0
 11
20.261
 21
0.2514670046703341
 31
0.0
  0
LINE
  5
1A1
330
1F
100
AcDbEntity
  8
AM_9
100
AcDbLine
 10
29.636
 20
1.5
 30
0.0
 11
29.636
 21
0.799874255403808
 31
0.0
  0
LINE
  5
1A2
330
1F
100
AcDbEntity
  8
AM_9
100
AcDbLine
 10
29.436
 20
1.5
 30
0.0
 11
29.436
 21
0.7804074756012548
 31
0.0
  0
LINE
  5
1A3
330
1F
100
AcDbEntity
  8
AM_9
100
AcDbLine
 10
13.186
 20
35.67265337434696
 30
0.0
 11
13.186
 21
34.7
 31
0.0
  0
LINE
  5
1A4
330
1F
100
AcDbEntity
  8
AM_9
100
AcDbLine
 10
10.686
 20
34.7
 30
0.0
 11
13.186
 21
34.7
 31
0.0
  0
LINE
  5
1A5
330
1F
100
AcDbEntity
  8
AM_9
100
AcDbLine
 10
12.986
 20
35.66439306001944
 30
0.0
 11
12.986
 21
34.7
 31
0.0
  0
LINE
  5
1A6
330
1F
100
AcDbEntity
  8
AM_9
100
AcDbLine
 10
26.511
 20
1.5
 30
0.0
 11
26.511
 21
0.534542606647903
 31
0.0
  0
LINE
  5
1A7
330
1F
100
AcDbEntity
  8
AM_9
100
AcDbLine
 10
26.311
 20
1.5
 30
0.0
 11
26.311
 21
0.5203805924103475
 31
0.0
  0
LINE
  5
1A8
330
1F
100
AcDbEntity
  8
AM_9
100
AcDbLine
 10
28.611
 20
1.5
 30
0.0
 11
28.611
 21
0.7037055675374398
 31
0.0
  0
LINE
  5
1A9
330
1F
100
AcDbEntity
  8
AM_9
100
AcDbLine
 10
26.311
 20
1.5
 30
0.0
 11
28.811
 21
1.5
 31
0.0
  0
LINE
  5
1AA
330
1F
100
AcDbEntity
  8
AM_9
100
AcDbLine
 10
28.811
 20
1.5
 30
0.0
 11
28.811
 21
0.7217683789829004
 31
0.0
  0
LINE
  5
1AB
330
1F
100
AcDbEntity
  8
AM_9
100
AcDbLine
 10
31.736
 20
1.5
 30
0.0
 11
31.736
 21
1.024883844162358
 31
0.0
  0
LINE
  5
1AC
330
1F
100
AcDbEntity
  8
AM_9
100
AcDbLine
 10
29.436
 20
1.5
 30
0.0
 11
31.936
 21
1.5
 31
0.0
  0
LINE
  5
1AD
330
1F
100
AcDbEntity
  8
AM_9
100
AcDbLine
 10
31.936
 20
1.5
 30
0.0
 11
31.936
 21
1.0482804792692
 31
0.0
  0
LINE
  5
1AE
330
1F
100
AcDbEntity
  8
AM_9
100
AcDbLine
 10
23.186
 20
1.5
 30
0.0
 11
25.686
 21
1.5
 31
0.0
  0
LINE
  5
1AF
330
1F
100
AcDbEntity
  8
AM_9
100
AcDbLine
 10
25.486
 20
1.5
 30
0.0
 11
25.486
 21
0.4655377646900931
 31
0.0
  0
LINE
  5
1B0
330
1F
100
AcDbEntity
  8
AM_9
100
AcDbLine
 10
25.686
 20
1.5
 30
0.0
 11
25.686
 21
0.478304716292123
 31
0.0
  0
LINE
  5
1B1
330
1F
100
AcDbEntity
  8
AM_9
100
AcDbLine
 10
6.935999999999998
 20
35.25489490570131
 30
0.0
 11
6.935999999999998
 21
34.7
 31
0.0
  0
LINE
  5
1B2
330
1F
100
AcDbEntity
  8
AM_9
100
AcDbLine
 10
4.436
 20
34.7
 30
0.0
 11
6.935999999999998
 21
34.7
 31
0.0
  0
LINE
  5
1B3
330
1F
100
AcDbEntity
  8
AM_9
100
AcDbLine
 10
6.736
 20
35.23606152884201
 30
0.0
 11
6.736
 21
34.7
 31
0.0
  0
LINE
  5
1B4
330
1F
100
AcDbEntity
  8
AM_9
100
AcDbLine
 10
4.635999999999999
 20
35.0177224660392
 30
0.0
 11
4.636
 21
34.7
 31
0.0
  0
LINE
  5
1B5
330
1F
100
AcDbEntity
  8
AM_9
100
AcDbLine
 10
4.436
 20
34.99496314187329
 30
0.0
 11
4.436
 21
34.7
 31
0.0
  0
LINE
  5
1B6
330
1F
100
AcDbEntity
  8
AM_0
100
AcDbLine
 10
31.65
 20
14.5
 30
0.0
 11
32.71722266778605
 21
14.5
 31
0.0
  0
LINE
  5
1B7
330
1F
100
AcDbEntity
  8
AM_0
100
AcDbLine
 10
32.70613637766088
 20
14.15
 30
0.0
 11
31.65
 21
14.15
 31
0.0
  0
LINE
  5
1B8
330
1F
100
AcDbEntity
  8
AM_0
100
AcDbLine
 10
31.65
 20
14.15
 30
0.0
 11
31.65
 21
14.5
 31
0.0
  0
LINE
  5
1B9
330
1F
100
AcDbEntity
  8
AM_0
100
AcDbLine
 10
31.97824945240194
 20
30.35
 30
0.0
 11
31.65
 21
30.35
 31
0.0
  0
LINE
  5
1BA
330
1F
100
AcDbEntity
  8
AM_0
100
AcDbLine
 10
31.65
 20
30.7
 30
0.0
 11
31.80376476508684
 21
30.7
 31
0.0
  0
LINE
  5
1BB
330
1F
100
AcDbEntity
  8
AM_0
100
AcDbLine
 10
31.65
 20
30.35
 30
0.0
 11
31.65
 21
30.7
 31
0.0
  0
LINE
  5
1BC
330
1F
100
AcDbEntity
  8
AM_0
100
AcDbLine
 10
7.564756830815757
 20
3.700000000000007
 30
0.0
 11
10.15
 21
3.700000000000002
 31
0.0
  0
LINE
  5
1BD
330
1F
100
AcDbEntity
  8
AM_0
100
AcDbLine
 10
10.15
 20
3.700000000000002
 30
0.0
 11
10.14999999999999
 21
3.495735334545214
 31
0.0
  0
LINE
  5
1BE
330
1F
100
AcDbEntity
  8
AM_0
100
AcDbLine
 10
26.35
 20
3.530710401212052
 30
0.0
 11
26.35
 21
3.700000000000002
 31
0.0
  0
LINE
  5
1BF
330
1F
100
AcDbEntity
  8
AM_0
100
AcDbLine
 10
26.35
 20
3.700000000000002
 30
0.0
 11
28.4352431691841
 21
3.700000000000007
 31
0.0
  0
LINE
  5
1C0
330
1F
100
AcDbEntity
  8
AM_0
100
AcDbLine
 10
26.35
 20
32.15
 30
0.0
 11
26.35
 21
32.46928959878794
 31
0.0
  0
LINE
  5
1C1
330
1F
100
AcDbEntity
  8
AM_0
100
AcDbLine
 10
29.80285604659515
 20
32.15
 30
0.0
 11
26.35
 21
32.15
 31
0.0
  0
LINE
  5
1C2
330
1F
100
AcDbEntity
  8
AM_0
100
AcDbLine
 10
31.65
 20
10.3
 30
0.0
 11
32.51433423076521
 21
10.3
 31
0.0
  0
LINE
  5
1C3
330
1F
100
AcDbEntity
  8
AM_0
100
AcDbLine
 10
32.49053497285754
 20
9.95
 30
0.0
 11
31.65
 21
9.95
 31
0.0
  0
LINE
  5
1C4
330
1F
100
AcDbEntity
  8
AM_0
100
AcDbLine
 10
31.65
 20
9.95
 30
0.0
 11
31.65
 21
10.3
 31
0.0
  0
LINE
  5
1C5
330
1F
100
AcDbEntity
  8
AM_0
100
AcDbLine
 10
31.65
 20
9.7
 30
0.0
 11
32.47288474554435
 21
9.7
 31
0.0
  0
LINE
  5
1C6
330
1F
100
AcDbEntity
  8
AM_0
100
AcDbLine
 10
31.65
 20
9.349999999999998
 30
0.0
 11
31.65
 21
9.7
 31
0.0
  0
LINE
  5
1C7
330
1F
100
AcDbEntity
  8
AM_0
100
AcDbLine
 10
32.44726283909794
 20
9.349999999999998
 30
0.0
 11
31.65
 21
9.349999999999998
 31
0.0
  0
LINE
  5
1C8
330
1F
100
AcDbEntity
  8
AM_0
100
AcDbLine
 10
31.65
 20
13.9
 30
0.0
 11
32.69757044262244
 21
13.9
 31
0.0
  0
LINE
  5
1C9
330
1F
100
AcDbEntity
  8
AM_0
100
AcDbLine
 10
32.68467186039197
 20
13.55
 30
0.0
 11
31.65
 21
13.55
 31
0.0
  0
LINE
  5
1CA
330
1F
100
AcDbEntity
  8
AM_0
100
AcDbLine
 10
31.65
 20
13.55
 30
0.0
 11
31.65
 21
13.9
 31
0.0
  0
LINE
  5
1CB
330
1F
100
AcDbEntity
  8
AM_0
100
AcDbLine
 10
31.65
 20
13.3
 30
0.0
 11
32.67481107455409
 21
13.3
 31
0.0
  0
LINE
  5
1CC
330
1F
100
AcDbEntity
  8
AM_0
100
AcDbLine
 10
32.66009916353441
 20
12.95
 30
0.0
 11
31.65
 21
12.95
 31
0.0
  0
LINE
  5
1CD
330
1F
100
AcDbEntity
  8
AM_0
100
AcDbLine
 10
31.65
 20
12.95
 30
0.0
 11
31.65
 21
13.3
 31
0.0
  0
LINE
  5
1CE
330
1F
100
AcDbEntity
  8
AM_0
100
AcDbLine
 10
32.76973078879877
 20
17.75
 30
0.0
 11
31.65
 21
17.75
 31
0.0
  0
LINE
  5
1CF
330
1F
100
AcDbEntity
  8
AM_0
100
AcDbLine
 10
31.65
 20
18.1
 30
0.0
 11
32.76995692624975
 21
18.1
 31
0.0
  0
LINE
  5
1D0
330
1F
100
AcDbEntity
  8
AM_0
100
AcDbLine
 10
31.65
 20
17.75
 30
0.0
 11
31.65
 21
18.1
 31
0.0
  0
LINE
  5
1D1
330
1F
100
AcDbEntity
  8
AM_0
100
AcDbLine
 10
32.76688788040452
 20
17.15
 30
0.0
 11
31.65
 21
17.15
 31
0.0
  0
LINE
  5
1D2
330
1F
100
AcDbEntity
  8
AM_0
100
AcDbLine
 10
31.65
 20
17.5
 30
0.0
 11
32.76892315144898
 21
17.5
 31
0.0
  0
LINE
  5
1D3
330
1F
100
AcDbEntity
  8
AM_0
100
AcDbLine
 10
31.65
 20
17.15
 30
0.0
 11
31.65
 21
17.5
 31
0.0
  0
LINE
  5
1D4
330
1F
100
AcDbEntity
  8
AM_0
100
AcDbLine
 10
31.65
 20
16.9
 30
0.0
 11
32.76478796017679
 21
16.9
 31
0.0
  0
LINE
  5
1D5
330
1F
100
AcDbEntity
  8
AM_0
100
AcDbLine
 10
32.76094339239258
 20
16.55
 30
0.0
 11
31.65
 21
16.55
 31
0.0
  0
LINE
  5
1D6
330
1F
100
AcDbEntity
  8
AM_0
100
AcDbLine
 10
31.65
 20
16.55
 30
0.0
 11
31.65
 21
16.9
 31
0.0
  0
LINE
  5
1D7
330
1F
100
AcDbEntity
  8
AM_0
100
AcDbLine
 10
31.65
 20
16.3
 30
0.0
 11
32.75755102094642
 21
16.3
 31
0.0
  0
LINE
  5
1D8
330
1F
100
AcDbEntity
  8
AM_0
100
AcDbLine
 10
32.75189684819046
 20
15.95
 30
0.0
 11
31.65
 21
15.95
 31
0.0
  0
LINE
  5
1D9
330
1F
100
AcDbEntity
  8
AM_0
100
AcDbLine
 10
31.65
 20
15.95
 30
0.0
 11
31.65
 21
16.3
 31
0.0
  0
LINE
  5
1DA
330
1F
100
AcDbEntity
  8
AM_0
100
AcDbLine
 10
31.65
 20
15.7
 30
0.0
 11
32.74721175351407
 21
15.7
 31
0.0
  0
LINE
  5
1DB
330
1F
100
AcDbEntity
  8
AM_0
100
AcDbLine
 10
32.73974752234493
 20
15.35
 30
0.0
 11
31.65
 21
15.35
 31
0.0
  0
LINE
  5
1DC
330
1F
100
AcDbEntity
  8
AM_0
100
AcDbLine
 10
31.65
 20
15.35
 30
0.0
 11
31.65
 21
15.7
 31
0.0
  0
LINE
  5
1DD
330
1F
100
AcDbEntity
  8
AM_0
100
AcDbLine
 10
31.65
 20
15.1
 30
0.0
 11
32.73376932864602
 21
15.1
 31
0.0
  0
LINE
  5
1DE
330
1F
100
AcDbEntity
  8
AM_0
100
AcDbLine
 10
32.72449444023102
 20
14.75
 30
0.0
 11
31.65
 21
14.75
 31
0.0
  0
LINE
  5
1DF
330
1F
100
AcDbEntity
  8
AM_0
100
AcDbLine
 10
31.65
 20
14.75
 30
0.0
 11
31.65
 21
15.1
 31
0.0
  0
LINE
  5
1E0
330
1F
100
AcDbEntity
  8
AM_0
100
AcDbLine
 10
5.149999999999999
 20
6.349999999999977
 30
0.0
 11
5.149999999999999
 21
6.700000000000006
 31
0.0
  0
LINE
  5
1E1
330
1F
100
AcDbEntity
  8
AM_0
100
AcDbLine
 10
5.149999999999999
 20
6.700000000000006
 30
0.0
 11
10.15
 21
6.700000000000006
 31
0.0
  0
LINE
  5
1E2
330
1F
100
AcDbEntity
  8
AM_0
100
AcDbLine
 10
10.15
 20
6.700000000000006
 30
0.0
 11
10.15
 21
6.349999999999977
 31
0.0
  0
LINE
  5
1E3
330
1F
100
AcDbEntity
  8
AM_0
100
AcDbLine
 10
10.15
 20
6.349999999999977
 30
0.0
 11
5.149999999999999
 21
6.349999999999977
 31
0.0
  0
LINE
  5
1E4
330
1F
100
AcDbEntity
  8
AM_0
100
AcDbLine
 10
5.149999999999999
 20
5.75
 30
0.0
 11
5.149999999999999
 21
6.100000000000001
 31
0.0
  0
LINE
  5
1E5
330
1F
100
AcDbEntity
  8
AM_0
100
AcDbLine
 10
5.149999999999999
 20
6.100000000000001
 30
0.0
 11
10.15
 21
6.100000000000001
 31
0.0
  0
LINE
  5
1E6
330
1F
100
AcDbEntity
  8
AM_0
100
AcDbLine
 10
10.15
 20
6.100000000000001
 30
0.0
 11
10.15
 21
5.75
 31
0.0
  0
LINE
  5
1E7
330
1F
100
AcDbEntity
  8
AM_0
100
AcDbLine
 10
10.15
 20
5.75
 30
0.0
 11
5.149999999999999
 21
5.75
 31
0.0
  0
LINE
  5
1E8
330
1F
100
AcDbEntity
  8
AM_0
100
AcDbLine
 10
5.149999999999999
 20
5.149999999999999
 30
0.0
 11
5.149999999999999
 21
5.5
 31
0.0
  0
LINE
  5
1E9
330
1F
100
AcDbEntity
  8
AM_0
100
AcDbLine
 10
5.149999999999999
 20
5.5
 30
0.0
 11
10.15
 21
5.5
 31
0.0
  0
LINE
  5
1EA
330
1F
100
AcDbEntity
  8
AM_0
100
AcDbLine
 10
10.15
 20
5.5
 30
0.0
 11
10.15
 21
5.149999999999999
 31
0.0
  0
LINE
  5
1EB
330
1F
100
AcDbEntity
  8
AM_0
100
AcDbLine
 10
10.15
 20
5.149999999999999
 30
0.0
 11
5.149999999999999
 21
5.149999999999999
 31
0.0
  0
LINE
  5
1EC
330
1F
100
AcDbEntity
  8
AM_0
100
AcDbLine
 10
5.149999999999999
 20
4.549999999999994
 30
0.0
 11
5.149999999999999
 21
4.900000000000023
 31
0.0
  0
LINE
  5
1ED
330
1F
100
AcDbEntity
  8
AM_0
100
AcDbLine
 10
5.149999999999999
 20
4.900000000000023
 30
0.0
 11
10.15
 21
4.900000000000023
 31
0.0
  0
LINE
  5
1EE
330
1F
100
AcDbEntity
  8
AM_0
100
AcDbLine
 10
10.15
 20
4.900000000000023
 30
0.0
 11
10.15
 21
4.549999999999994
 31
0.0
  0
LINE
  5
1EF
330
1F
100
AcDbEntity
  8
AM_0
100
AcDbLine
 10
10.15
 20
4.549999999999994
 30
0.0
 11
5.149999999999999
 21
4.549999999999994
 31
0.0
  0
LINE
  5
1F0
330
1F
100
AcDbEntity
  8
AM_0
100
AcDbLine
 10
31.65
 20
12.1
 30
0.0
 11
32.61996333994075
 21
12.1
 31
0.0
  0
LINE
  5
1F1
330
1F
100
AcDbEntity
  8
AM_0
100
AcDbLine
 10
32.60162107398898
 20
11.75
 30
0.0
 11
31.65
 21
11.75
 31
0.0
  0
LINE
  5
1F2
330
1F
100
AcDbEntity
  8
AM_0
100
AcDbLine
 10
31.65
 20
11.75
 30
0.0
 11
31.65
 21
12.1
 31
0.0
  0
LINE
  5
1F3
330
1F
100
AcDbEntity
  8
AM_0
100
AcDbLine
 10
31.65
 20
11.5
 30
0.0
 11
32.58787055852237
 21
11.5
 31
0.0
  0
LINE
  5
1F4
330
1F
100
AcDbEntity
  8
AM_0
100
AcDbLine
 10
32.56771097152379
 20
11.15
 30
0.0
 11
31.65
 21
11.15
 31
0.0
  0
LINE
  5
1F5
330
1F
100
AcDbEntity
  8
AM_0
100
AcDbLine
 10
31.65
 20
11.15
 30
0.0
 11
31.65
 21
11.5
 31
0.0
  0
LINE
  5
1F6
330
1F
100
AcDbEntity
  8
AM_0
100
AcDbLine
 10
31.65
 20
10.9
 30
0.0
 11
32.55266180267052
 21
10.9
 31
0.0
  0
LINE
  5
1F7
330
1F
100
AcDbEntity
  8
AM_0
100
AcDbLine
 10
32.53068326801256
 20
10.55
 30
0.0
 11
31.65
 21
10.55
 31
0.0
  0
LINE
  5
1F8
330
1F
100
AcDbEntity
  8
AM_0
100
AcDbLine
 10
31.65
 20
10.55
 30
0.0
 11
31.65
 21
10.9
 31
0.0
  0
LINE
  5
1F9
330
1F
100
AcDbEntity
  8
AM_0
100
AcDbLine
 10
4.19623523491317
 20
30.70000000000001
 30
0.0
 11
4.850000000000001
 21
30.70000000000001
 31
0.0
  0
LINE
  5
1FA
330
1F
100
AcDbEntity
  8
AM_0
100
AcDbLine
 10
4.850000000000001
 20
30.34999999999999
 30
0.0
 11
4.021750547598051
 21
30.34999999999999
 31
0.0
  0
LINE
  5
1FB
330
1F
100
AcDbEntity
  8
AM_0
100
AcDbLine
 10
4.850000000000001
 20
30.70000000000001
 30
0.0
 11
4.850000000000001
 21
30.34999999999999
 31
0.0
  0
LINE
  5
1FC
330
1F
100
AcDbEntity
  8
AM_0
100
AcDbLine
 10
3.929188874955543
 20
30.09999999999999
 30
0.0
 11
4.850000000000001
 21
30.09999999999999
 31
0.0
  0
LINE
  5
1FD
330
1F
100
AcDbEntity
  8
AM_0
100
AcDbLine
 10
4.850000000000001
 20
29.75
 30
0.0
 11
3.839221162638335
 21
29.75
 31
0.0
  0
LINE
  5
1FE
330
1F
100
AcDbEntity
  8
AM_0
100
AcDbLine
 10
4.850000000000001
 20
30.09999999999999
 30
0.0
 11
4.850000000000001
 21
29.75
 31
0.0
  0
LINE
  5
1FF
330
1F
100
AcDbEntity
  8
AM_0
100
AcDbLine
 10
31.65
 20
9.100000000000001
 30
0.0
 11
32.42830999284552
 21
9.100000000000001
 31
0.0
  0
LINE
  5
200
330
1F
100
AcDbEntity
  8
AM_0
100
AcDbLine
 10
31.65
 20
8.75
 30
0.0
 11
31.65
 21
9.100000000000001
 31
0.0
  0
LINE
  5
201
330
1F
100
AcDbEntity
  8
AM_0
100
AcDbLine
 10
32.40086336208888
 20
8.75
 30
0.0
 11
31.65
 21
8.75
 31
0.0
  0
LINE
  5
202
330
1F
100
AcDbEntity
  8
AM_0
100
AcDbLine
 10
31.65
 20
8.5
 30
0.0
 11
32.38060636023999
 21
8.5
 31
0.0
  0
LINE
  5
203
330
1F
100
AcDbEntity
  8
AM_0
100
AcDbLine
 10
32.3513327780724
 20
8.149999999999999
 30
0.0
 11
31.65
 21
8.149999999999999
 31
0.0
  0
LINE
  5
204
330
1F
100
AcDbEntity
  8
AM_0
100
AcDbLine
 10
31.65
 20
8.149999999999999
 30
0.0
 11
31.65
 21
8.5
 31
0.0
  0
LINE
  5
205
330
1F
100
AcDbEntity
  8
AM_0
100
AcDbLine
 10
3.687872360001931
 20
28.29999999999999
 30
0.0
 11
4.850000000000001
 21
28.29999999999999
 31
0.0
  0
LINE
  5
206
330
1F
100
AcDbEntity
  8
AM_0
100
AcDbLine
 10
4.850000000000001
 20
27.95000000000001
 30
0.0
 11
3.657227011195256
 21
27.95000000000001
 31
0.0
  0
LINE
  5
207
330
1F
100
AcDbEntity
  8
AM_0
100
AcDbLine
 10
4.850000000000001
 20
28.29999999999999
 30
0.0
 11
4.850000000000001
 21
27.95000000000001
 31
0.0
  0
LINE
  5
208
330
1F
100
AcDbEntity
  8
AM_0
100
AcDbLine
 10
3.635990819026208
 20
27.7
 30
0.0
 11
4.850000000000001
 21
27.7
 31
0.0
  0
LINE
  5
209
330
1F
100
AcDbEntity
  8
AM_0
100
AcDbLine
 10
4.850000000000001
 20
27.34999999999999
 30
0.0
 11
3.607174191811503
 21
27.34999999999999
 31
0.0
  0
LINE
  5
20A
330
1F
100
AcDbEntity
  8
AM_0
100
AcDbLine
 10
4.850000000000001
 20
27.7
 30
0.0
 11
4.850000000000001
 21
27.34999999999999
 31
0.0
  0
LINE
  5
20B
330
1F
100
AcDbEntity
  8
AM_0
100
AcDbLine
 10
3.587243378840962
 20
27.09999999999999
 30
0.0
 11
4.850000000000001
 21
27.09999999999999
 31
0.0
  0
LINE
  5
20C
330
1F
100
AcDbEntity
  8
AM_0
100
AcDbLine
 10
4.850000000000001
 20
27.09999999999999
 30
0.0
 11
4.850000000000001
 21
26.75
 31
0.0
  0
LINE
  5
20D
330
1F
100
AcDbEntity
  8
AM_0
100
AcDbLine
 10
4.850000000000001
 20
26.75
 30
0.0
 11
3.560253132026226
 21
26.75
 31
0.0
  0
LINE
  5
20E
330
1F
100
AcDbEntity
  8
AM_0
100
AcDbLine
 10
3.541626080349535
 20
26.5
 30
0.0
 11
4.850000000000001
 21
26.5
 31
0.0
  0
LINE
  5
20F
330
1F
100
AcDbEntity
  8
AM_0
100
AcDbLine
 10
4.850000000000001
 20
26.5
 30
0.0
 11
4.850000000000001
 21
26.15000000000001
 31
0.0
  0
LINE
  5
210
330
1F
100
AcDbEntity
  8
AM_0
100
AcDbLine
 10
4.850000000000001
 20
26.15000000000001
 30
0.0
 11
3.516460024749191
 21
26.15000000000001
 31
0.0
  0
LINE
  5
211
330
1F
100
AcDbEntity
  8
AM_0
100
AcDbLine
 10
3.499135224712146
 20
25.90000000000001
 30
0.0
 11
4.850000000000001
 21
25.90000000000001
 31
0.0
  0
LINE
  5
212
330
1F
100
AcDbEntity
  8
AM_0
100
AcDbLine
 10
4.850000000000001
 20
25.90000000000001
 30
0.0
 11
4.850000000000001
 21
25.55
 31
0.0
  0
LINE
  5
213
330
1F
100
AcDbEntity
  8
AM_0
100
AcDbLine
 10
4.850000000000001
 20
25.55
 30
0.0
 11
3.475791322252267
 21
25.55
 31
0.0
  0
LINE
  5
214
330
1F
100
AcDbEntity
  8
AM_0
100
AcDbLine
 10
3.459767371834725
 20
25.29999999999999
 30
0.0
 11
4.850000000000001
 21
25.29999999999999
 31
0.0
  0
LINE
  5
215
330
1F
100
AcDbEntity
  8
AM_0
100
AcDbLine
 10
4.850000000000001
 20
25.29999999999999
 30
0.0
 11
4.850000000000001
 21
24.95000000000001
 31
0.0
  0
LINE
  5
216
330
1F
100
AcDbEntity
  8
AM_0
100
AcDbLine
 10
4.850000000000001
 20
24.95000000000001
 30
0.0
 11
3.438243734721924
 21
24.95000000000001
 31
0.0
  0
LINE
  5
217
330
1F
100
AcDbEntity
  8
AM_0
100
AcDbLine
 10
3.423519338966863
 20
24.70000000000001
 30
0.0
 11
4.850000000000001
 21
24.70000000000001
 31
0.0
  0
LINE
  5
218
330
1F
100
AcDbEntity
  8
AM_0
100
AcDbLine
 10
4.850000000000001
 20
24.70000000000001
 30
0.0
 11
4.850000000000001
 21
24.34999999999999
 31
0.0
  0
LINE
  5
219
330
1F
100
AcDbEntity
  8
AM_0
100
AcDbLine
 10
4.850000000000001
 20
24.34999999999999
 30
0.0
 11
3.403814228920423
 21
24.34999999999999
 31
0.0
  0
LINE
  5
21A
330
1F
100
AcDbEntity
  8
AM_0
100
AcDbLine
 10
3.390388199407755
 20
24.09999999999999
 30
0.0
 11
4.850000000000001
 21
24.09999999999999
 31
0.0
  0
LINE
  5
21B
330
1F
100
AcDbEntity
  8
AM_0
100
AcDbLine
 10
4.850000000000001
 20
24.09999999999999
 30
0.0
 11
4.850000000000001
 21
23.75
 31
0.0
  0
LINE
  5
21C
330
1F
100
AcDbEntity
  8
AM_0
100
AcDbLine
 10
4.850000000000001
 20
23.75
 30
0.0
 11
3.372500026954137
 21
23.75
 31
0.0
  0
LINE
  5
21D
330
1F
100
AcDbEntity
  8
AM_0
100
AcDbLine
 10
3.360371281318851
 20
23.5
 30
0.0
 11
4.850000000000001
 21
23.5
 31
0.0
  0
LINE
  5
21E
330
1F
100
AcDbEntity
  8
AM_0
100
AcDbLine
 10
4.850000000000001
 20
23.15000000000001
 30
0.0
 11
3.344298605147868
 21
23.15000000000001
 31
0.0
  0
LINE
  5
21F
330
1F
100
AcDbEntity
  8
AM_0
100
AcDbLine
 10
4.850000000000001
 20
23.5
 30
0.0
 11
4.850000000000001
 21
23.15000000000001
 31
0.0
  0
LINE
  5
220
330
1F
100
AcDbEntity
  8
AM_0
100
AcDbLine
 10
31.65
 20
12.7
 30
0.0
 11
32.64894273405569
 21
12.7
 31
0.0
  0
LINE
  5
221
330
1F
100
AcDbEntity
  8
AM_0
100
AcDbLine
 10
32.63241631085669
 20
12.35
 30
0.0
 11
31.65
 21
12.35
 31
0.0
  0
LINE
  5
222
330
1F
100
AcDbEntity
  8
AM_0
100
AcDbLine
 10
31.65
 20
12.35
 30
0.0
 11
31.65
 21
12.7
 31
0.0
  0
LINE
  5
223
330
1F
100
AcDbEntity
  8
AM_0
100
AcDbLine
 10
3.309670690122583
 20
22.29999999999999
 30
0.0
 11
4.850000000000001
 21
22.29999999999999
 31
0.0
  0
LINE
  5
224
330
1F
100
AcDbEntity
  8
AM_0
100
AcDbLine
 10
4.850000000000001
 20
22.29999999999999
 30
0.0
 11
4.850000000000001
 21
21.95000000000001
 31
0.0
  0
LINE
  5
225
330
1F
100
AcDbEntity
  8
AM_0
100
AcDbLine
 10
4.850000000000001
 20
21.95000000000001
 30
0.0
 11
3.297225272386455
 21
21.95000000000001
 31
0.0
  0
LINE
  5
226
330
1F
100
AcDbEntity
  8
AM_0
100
AcDbLine
 10
3.288982938434789
 20
21.7
 30
0.0
 11
4.850000000000001
 21
21.7
 31
0.0
  0
LINE
  5
227
330
1F
100
AcDbEntity
  8
AM_0
100
AcDbLine
 10
4.850000000000001
 20
21.7
 30
0.0
 11
4.850000000000001
 21
21.34999999999998
 31
0.0
  0
LINE
  5
228
330
1F
100
AcDbEntity
  8
AM_0
100
AcDbLine
 10
4.850000000000001
 20
21.34999999999998
 30
0.0
 11
3.278349576505605
 21
21.34999999999998
 31
0.0
  0
LINE
  5
229
330
1F
100
AcDbEntity
  8
AM_0
100
AcDbLine
 10
3.271401249411808
 20
21.09999999999999
 30
0.0
 11
4.850000000000001
 21
21.09999999999999
 31
0.0
  0
LINE
  5
22A
330
1F
100
AcDbEntity
  8
AM_0
100
AcDbLine
 10
4.850000000000001
 20
21.09999999999999
 30
0.0
 11
4.850000000000001
 21
20.75
 31
0.0
  0
LINE
  5
22B
330
1F
100
AcDbEntity
  8
AM_0
100
AcDbLine
 10
4.850000000000001
 20
20.75
 30
0.0
 11
3.262579089408421
 21
20.75
 31
0.0
  0
LINE
  5
22C
330
1F
100
AcDbEntity
  8
AM_0
100
AcDbLine
 10
3.256924211376426
 20
20.5
 30
0.0
 11
4.850000000000001
 21
20.5
 31
0.0
  0
LINE
  5
22D
330
1F
100
AcDbEntity
  8
AM_0
100
AcDbLine
 10
4.850000000000001
 20
20.5
 30
0.0
 11
4.850000000000001
 21
20.15000000000001
 31
0.0
  0
LINE
  5
22E
330
1F
100
AcDbEntity
  8
AM_0
100
AcDbLine
 10
4.850000000000001
 20
20.15000000000001
 30
0.0
 11
3.249912545268141
 21
20.15000000000001
 31
0.0
  0
LINE
  5
22F
330
1F
100
AcDbEntity
  8
AM_0
100
AcDbLine
 10
3.245550662573664
 20
19.90000000000001
 30
0.0
 11
4.850000000000001
 21
19.90000000000001
 31
0.0
  0
LINE
  5
230
330
1F
100
AcDbEntity
  8
AM_0
100
AcDbLine
 10
4.850000000000001
 20
19.90000000000001
 30
0.0
 11
4.850000000000001
 21
19.55
 31
0.0
  0
LINE
  5
231
330
1F
100
AcDbEntity
  8
AM_0
100
AcDbLine
 10
4.850000000000001
 20
19.55
 30
0.0
 11
3.240348927895865
 21
19.55
 31
0.0
  0
LINE
  5
232
330
1F
100
AcDbEntity
  8
AM_0
100
AcDbLine
 10
32.16077883736165
 20
29.75
 30
0.0
 11
31.65
 21
29.75
 31
0.0
  0
LINE
  5
233
330
1F
100
AcDbEntity
  8
AM_0
100
AcDbLine
 10
31.65
 20
30.1
 30
0.0
 11
32.07081112504445
 21
30.1
 31
0.0
  0
LINE
  5
234
330
1F
100
AcDbEntity
  8
AM_0
100
AcDbLine
 10
31.65
 20
29.75
 30
0.0
 11
31.65
 21
30.1
 31
0.0
  0
LINE
  5
235
330
1F
100
AcDbEntity
  8
AM_0
100
AcDbLine
 10
32.23325553661709
 20
29.14999999999999
 30
0.0
 11
31.65
 21
29.15
 31
0.0
  0
LINE
  5
236
330
1F
100
AcDbEntity
  8
AM_0
100
AcDbLine
 10
31.65
 20
29.5
 30
0.0
 11
32.19878260383296
 21
29.5
 31
0.0
  0
LINE
  5
237
330
1F
100
AcDbEntity
  8
AM_0
100
AcDbLine
 10
31.65
 20
29.15
 30
0.0
 11
31.65
 21
29.5
 31
0.0
  0
LINE
  5
238
330
1F
100
AcDbEntity
  8
AM_0
100
AcDbLine
 10
31.65
 20
7.900000000000001
 30
0.0
 11
32.32976997555816
 21
7.9
 31
0.0
  0
LINE
  5
239
330
1F
100
AcDbEntity
  8
AM_0
100
AcDbLine
 10
32.29866706263851
 20
7.550000000000002
 30
0.0
 11
31.65
 21
7.550000000000001
 31
0.0
  0
LINE
  5
23A
330
1F
100
AcDbEntity
  8
AM_0
100
AcDbLine
 10
31.65
 20
7.550000000000001
 30
0.0
 11
31.65
 21
7.900000000000001
 31
0.0
  0
LINE
  5
23B
330
1F
100
AcDbEntity
  8
AM_0
100
AcDbLine
 10
31.65
 20
7.3
 30
0.0
 11
32.2757967053046
 21
7.299999999999999
 31
0.0
  0
LINE
  5
23C
330
1F
100
AcDbEntity
  8
AM_0
100
AcDbLine
 10
32.24286192907557
 20
6.949999999999998
 30
0.0
 11
31.65
 21
6.949999999999998
 31
0.0
  0
LINE
  5
23D
330
1F
100
AcDbEntity
  8
AM_0
100
AcDbLine
 10
31.65
 20
6.949999999999998
 30
0.0
 11
31.65
 21
7.3
 31
0.0
  0
LINE
  5
23E
330
1F
100
AcDbEntity
  8
AM_0
100
AcDbLine
 10
31.65
 20
6.699999999999999
 30
0.0
 11
32.21868215296148
 21
6.699999999999998
 31
0.0
  0
LINE
  5
23F
330
1F
100
AcDbEntity
  8
AM_0
100
AcDbLine
 10
32.1785294138972
 20
6.349999999999998
 30
0.0
 11
31.65
 21
6.349999999999998
 31
0.0
  0
LINE
  5
240
330
1F
100
AcDbEntity
  8
AM_0
100
AcDbLine
 10
31.65
 20
6.349999999999998
 30
0.0
 11
31.65
 21
6.699999999999999
 31
0.0
  0
LINE
  5
241
330
1F
100
AcDbEntity
  8
AM_0
100
AcDbLine
 10
31.65
 20
6.100000000000001
 30
0.0
 11
32.12762747026141
 21
6.100000000000001
 31
0.0
  0
LINE
  5
242
330
1F
100
AcDbEntity
  8
AM_0
100
AcDbLine
 10
32.01826669998203
 20
5.75
 30
0.0
 11
31.65
 21
5.75
 31
0.0
  0
LINE
  5
243
330
1F
100
AcDbEntity
  8
AM_0
100
AcDbLine
 10
31.65
 20
5.75
 30
0.0
 11
31.65
 21
6.100000000000001
 31
0.0
  0
LINE
  5
244
330
1F
100
AcDbEntity
  8
AM_0
100
AcDbLine
 10
31.65
 20
5.5
 30
0.0
 11
31.91030563270933
 21
5.5
 31
0.0
  0
LINE
  5
245
330
1F
100
AcDbEntity
  8
AM_0
100
AcDbLine
 10
31.71064502795428
 20
5.149999999999999
 30
0.0
 11
31.65
 21
5.149999999999999
 31
0.0
  0
LINE
  5
246
330
1F
100
AcDbEntity
  8
AM_0
100
AcDbLine
 10
31.65
 20
5.149999999999999
 30
0.0
 11
31.65
 21
5.5
 31
0.0
  0
LINE
  5
247
330
1F
100
AcDbEntity
  8
AM_0
100
AcDbLine
 10
26.35
 20
31.9
 30
0.0
 11
30.52100372810754
 21
31.9
 31
0.0
  0
LINE
  5
248
330
1F
100
AcDbEntity
  8
AM_0
100
AcDbLine
 10
31.07066271130789
 20
31.55
 30
0.0
 11
26.35
 21
31.55
 31
0.0
  0
LINE
  5
249
330
1F
100
AcDbEntity
  8
AM_0
100
AcDbLine
 10
26.35
 20
31.55
 30
0.0
 11
26.35
 21
31.9
 31
0.0
  0
LINE
  5
24A
330
1F
100
AcDbEntity
  8
AM_0
100
AcDbLine
 10
31.35
 20
4.900000000000002
 30
0.0
 11
31.35
 21
4.702945432234622
 31
0.0
  0
LINE
  5
24B
330
1F
100
AcDbEntity
  8
AM_0
100
AcDbLine
 10
31.18950642745364
 20
4.550000000000002
 30
0.0
 11
26.35
 21
4.550000000000001
 31
0.0
  0
LINE
  5
24C
330
1F
100
AcDbEntity
  8
AM_0
100
AcDbLine
 10
26.35
 20
4.550000000000001
 30
0.0
 11
26.35
 21
4.900000000000002
 31
0.0
  0
LINE
  5
24D
330
1F
100
AcDbEntity
  8
AM_0
100
AcDbLine
 10
26.35
 20
4.900000000000002
 30
0.0
 11
31.35
 21
4.900000000000002
 31
0.0
  0
LINE
  5
24E
330
1F
100
AcDbEntity
  8
AM_0
100
AcDbLine
 10
26.35
 20
4.300000000000001
 30
0.0
 11
30.8659791577455
 21
4.300000000000001
 31
0.0
  0
LINE
  5
24F
330
1F
100
AcDbEntity
  8
AM_0
100
AcDbLine
 10
30.16244975892207
 20
3.95
 30
0.0
 11
26.35
 21
3.949999999999999
 31
0.0
  0
LINE
  5
250
330
1F
100
AcDbEntity
  8
AM_0
100
AcDbLine
 10
26.35
 20
3.949999999999999
 30
0.0
 11
26.35
 21
4.300000000000001
 31
0.0
  0
LINE
  5
251
330
1F
100
AcDbEntity
  8
AM_0
100
AcDbLine
 10
26.05
 20
3.700000000000002
 30
0.0
 11
26.05
 21
3.509465027142445
 31
0.0
  0
LINE
  5
252
330
1F
100
AcDbEntity
  8
AM_0
100
AcDbLine
 10
23.27681722253193
 20
3.350000000000005
 30
0.0
 11
21.05
 21
3.350000000000001
 31
0.0
  0
LINE
  5
253
330
1F
100
AcDbEntity
  8
AM_0
100
AcDbLine
 10
21.05
 20
3.350000000000001
 30
0.0
 11
21.05
 21
3.700000000000002
 31
0.0
  0
LINE
  5
254
330
1F
100
AcDbEntity
  8
AM_0
100
AcDbLine
 10
21.05
 20
3.700000000000002
 30
0.0
 11
26.05
 21
3.700000000000002
 31
0.0
  0
LINE
  5
255
330
1F
100
AcDbEntity
  8
AM_0
100
AcDbLine
 10
10.45
 20
3.475791322252267
 30
0.0
 11
10.45
 21
3.700000000000002
 31
0.0
  0
LINE
  5
256
330
1F
100
AcDbEntity
  8
AM_0
100
AcDbLine
 10
15.45
 20
3.350000000000001
 30
0.0
 11
12.72318277746806
 21
3.350000000000005
 31
0.0
  0
LINE
  5
257
330
1F
100
AcDbEntity
  8
AM_0
100
AcDbLine
 10
10.45
 20
3.700000000000002
 30
0.0
 11
15.45
 21
3.700000000000002
 31
0.0
  0
LINE
  5
258
330
1F
100
AcDbEntity
  8
AM_0
100
AcDbLine
 10
15.45
 20
3.700000000000002
 30
0.0
 11
15.45
 21
3.350000000000001
 31
0.0
  0
LINE
  5
259
330
1F
100
AcDbEntity
  8
AM_0
100
AcDbLine
 10
10.08733294015193
 20
32.5
 30
0.0
 11
10.15
 21
32.5
 31
0.0
  0
LINE
  5
25A
330
1F
100
AcDbEntity
  8
AM_0
100
AcDbLine
 10
10.15
 20
32.15000000000001
 30
0.0
 11
6.19714395340496
 21
32.15000000000001
 31
0.0
  0
LINE
  5
25B
330
1F
100
AcDbEntity
  8
AM_0
100
AcDbLine
 10
10.15
 20
32.5
 30
0.0
 11
10.15
 21
32.15000000000001
 31
0.0
  0
LINE
  5
25C
330
1F
100
AcDbEntity
  8
AM_0
100
AcDbLine
 10
5.149999999999999
 20
4.289354972045717
 30
0.0
 11
5.149999999999999
 21
4.299999999999994
 31
0.0
  0
LINE
  5
25D
330
1F
100
AcDbEntity
  8
AM_0
100
AcDbLine
 10
10.15
 20
3.950000000000006
 30
0.0
 11
5.8375502410779
 21
3.950000000000006
 31
0.0
  0
LINE
  5
25E
330
1F
100
AcDbEntity
  8
AM_0
100
AcDbLine
 10
5.149999999999999
 20
4.299999999999994
 30
0.0
 11
10.15
 21
4.299999999999994
 31
0.0
  0
LINE
  5
25F
330
1F
100
AcDbEntity
  8
AM_0
100
AcDbLine
 10
10.15
 20
4.299999999999994
 30
0.0
 11
10.15
 21
3.950000000000006
 31
0.0
  0
LINE
  5
260
330
1F
100
AcDbEntity
  8
AM_0
100
AcDbLine
 10
4.652877878750693
 20
31.29999999999999
 30
0.0
 11
4.850000000000001
 21
31.29999999999999
 31
0.0
  0
LINE
  5
261
330
1F
100
AcDbEntity
  8
AM_0
100
AcDbLine
 10
4.850000000000001
 20
30.95000000000001
 30
0.0
 11
4.35842308680361
 21
30.95000000000001
 31
0.0
  0
LINE
  5
262
330
1F
100
AcDbEntity
  8
AM_0
100
AcDbLine
 10
4.850000000000001
 20
31.29999999999999
 30
0.0
 11
4.850000000000001
 21
30.95000000000001
 31
0.0
  0
LINE
  5
263
330
1F
100
AcDbEntity
  8
AM_0
100
AcDbLine
 10
32.73742091059155
 20
20.75
 30
0.0
 11
31.65
 21
20.75
 31
0.0
  0
LINE
  5
264
330
1F
100
AcDbEntity
  8
AM_0
100
AcDbLine
 10
31.65
 20
21.1
 30
0.0
 11
32.72859875058818
 21
21.1
 31
0.0
  0
LINE
  5
265
330
1F
100
AcDbEntity
  8
AM_0
100
AcDbLine
 10
31.65
 20
20.75
 30
0.0
 11
31.65
 21
21.1
 31
0.0
  0
LINE
  5
266
330
1F
100
AcDbEntity
  8
AM_0
100
AcDbLine
 10
32.75008745473183
 20
20.15
 30
0.0
 11
31.65
 21
20.15
 31
0.0
  0
LINE
  5
267
330
1F
100
AcDbEntity
  8
AM_0
100
AcDbLine
 10
31.65
 20
20.5
 30
0.0
 11
32.74307578862354
 21
20.5
 31
0.0
  0
LINE
  5
268
330
1F
100
AcDbEntity
  8
AM_0
100
AcDbLine
 10
31.65
 20
20.15
 30
0.0
 11
31.65
 21
20.5
 31
0.0
  0
LINE
  5
269
330
1F
100
AcDbEntity
  8
AM_0
100
AcDbLine
 10
3.801217396167037
 20
29.5
 30
0.0
 11
4.850000000000001
 21
29.5
 31
0.0
  0
LINE
  5
26A
330
1F
100
AcDbEntity
  8
AM_0
100
AcDbLine
 10
4.850000000000001
 20
29.15000000000001
 30
0.0
 11
3.766744463382881
 21
29.15000000000001
 31
0.0
  0
LINE
  5
26B
330
1F
100
AcDbEntity
  8
AM_0
100
AcDbLine
 10
4.850000000000001
 20
29.5
 30
0.0
 11
4.850000000000001
 21
29.15000000000001
 31
0.0
  0
LINE
  5
26C
330
1F
100
AcDbEntity
  8
AM_0
100
AcDbLine
 10
3.742892222743578
 20
28.90000000000001
 30
0.0
 11
4.850000000000001
 21
28.90000000000001
 31
0.0
  0
LINE
  5
26D
330
1F
100
AcDbEntity
  8
AM_0
100
AcDbLine
 10
4.850000000000001
 20
28.55
 30
0.0
 11
3.710415658186721
 21
28.55
 31
0.0
  0
LINE
  5
26E
330
1F
100
AcDbEntity
  8
AM_0
100
AcDbLine
 10
4.850000000000001
 20
28.90000000000001
 30
0.0
 11
4.850000000000001
 21
28.55
 31
0.0
  0
LINE
  5
26F
330
1F
100
AcDbEntity
  8
AM_0
100
AcDbLine
 10
32.76947234545823
 20
18.35
 30
0.0
 11
31.65
 21
18.35
 31
0.0
  0
LINE
  5
270
330
1F
100
AcDbEntity
  8
AM_0
100
AcDbLine
 10
31.65
 20
18.7
 30
0.0
 11
32.76788936744153
 21
18.7
 31
0.0
  0
LINE
  5
271
330
1F
100
AcDbEntity
  8
AM_0
100
AcDbLine
 10
31.65
 20
18.35
 30
0.0
 11
31.65
 21
18.7
 31
0.0
  0
LINE
  5
272
330
1F
100
AcDbEntity
  8
AM_0
100
AcDbLine
 10
3.724203294695424
 20
7.299999999999993
 30
0.0
 11
4.850000000000001
 21
7.299999999999994
 31
0.0
  0
LINE
  5
273
330
1F
100
AcDbEntity
  8
AM_0
100
AcDbLine
 10
4.850000000000001
 20
6.950000000000006
 30
0.0
 11
3.757138070924456
 21
6.950000000000007
 31
0.0
  0
LINE
  5
274
330
1F
100
AcDbEntity
  8
AM_0
100
AcDbLine
 10
4.850000000000001
 20
7.299999999999994
 30
0.0
 11
4.850000000000001
 21
6.950000000000006
 31
0.0
  0
LINE
  5
275
330
1F
100
AcDbEntity
  8
AM_0
100
AcDbLine
 10
3.781317847038529
 20
6.700000000000006
 30
0.0
 11
4.850000000000001
 21
6.700000000000006
 31
0.0
  0
LINE
  5
276
330
1F
100
AcDbEntity
  8
AM_0
100
AcDbLine
 10
4.850000000000001
 20
6.349999999999977
 30
0.0
 11
3.821470586102806
 21
6.349999999999977
 31
0.0
  0
LINE
  5
277
330
1F
100
AcDbEntity
  8
AM_0
100
AcDbLine
 10
4.850000000000001
 20
6.700000000000006
 30
0.0
 11
4.850000000000001
 21
6.349999999999977
 31
0.0
  0
LINE
  5
278
330
1F
100
AcDbEntity
  8
AM_0
100
AcDbLine
 10
3.872372529738592
 20
6.100000000000001
 30
0.0
 11
4.850000000000001
 21
6.100000000000001
 31
0.0
  0
LINE
  5
279
330
1F
100
AcDbEntity
  8
AM_0
100
AcDbLine
 10
4.850000000000001
 20
5.75
 30
0.0
 11
3.981733300017976
 21
5.75
 31
0.0
  0
LINE
  5
27A
330
1F
100
AcDbEntity
  8
AM_0
100
AcDbLine
 10
4.850000000000001
 20
6.100000000000001
 30
0.0
 11
4.850000000000001
 21
5.75
 31
0.0
  0
LINE
  5
27B
330
1F
100
AcDbEntity
  8
AM_0
100
AcDbLine
 10
4.089694367290668
 20
5.5
 30
0.0
 11
4.850000000000001
 21
5.5
 31
0.0
  0
LINE
  5
27C
330
1F
100
AcDbEntity
  8
AM_0
100
AcDbLine
 10
4.850000000000001
 20
5.149999999999999
 30
0.0
 11
4.28935497204572
 21
5.149999999999999
 31
0.0
  0
LINE
  5
27D
330
1F
100
AcDbEntity
  8
AM_0
100
AcDbLine
 10
4.850000000000001
 20
5.5
 30
0.0
 11
4.850000000000001
 21
5.149999999999999
 31
0.0
  0
LINE
  5
27E
330
1F
100
AcDbEntity
  8
AM_0
100
AcDbLine
 10
4.473734886411409
 20
4.900000000000023
 30
0.0
 11
4.850000000000001
 21
4.900000000000023
 31
0.0
  0
LINE
  5
27F
330
1F
100
AcDbEntity
  8
AM_0
100
AcDbLine
 10
4.850000000000001
 20
4.549999999999994
 30
0.0
 11
4.810493572546371
 21
4.549999999999994
 31
0.0
  0
LINE
  5
280
330
1F
100
AcDbEntity
  8
AM_0
100
AcDbLine
 10
4.850000000000001
 20
4.900000000000023
 30
0.0
 11
4.850000000000001
 21
4.549999999999994
 31
0.0
  0
LINE
  5
281
330
1F
100
AcDbEntity
  8
AM_0
100
AcDbLine
 10
26.35
 20
31.3
 30
0.0
 11
31.34712212124931
 21
31.3
 31
0.0
  0
LINE
  5
282
330
1F
100
AcDbEntity
  8
AM_0
100
AcDbLine
 10
31.35
 20
31.29705456776538
 30
0.0
 11
31.35
 21
30.95
 31
0.0
  0
LINE
  5
283
330
1F
100
AcDbEntity
  8
AM_0
100
AcDbLine
 10
26.35
 20
30.95
 30
0.0
 11
26.35
 21
31.3
 31
0.0
  0
LINE
  5
284
330
1F
100
AcDbEntity
  8
AM_0
100
AcDbLine
 10
31.35
 20
30.95
 30
0.0
 11
26.35
 21
30.95
 31
0.0
  0
LINE
  5
285
330
1F
100
AcDbEntity
  8
AM_0
100
AcDbLine
 10
26.35
 20
30.35
 30
0.0
 11
26.35
 21
30.7
 31
0.0
  0
LINE
  5
286
330
1F
100
AcDbEntity
  8
AM_0
100
AcDbLine
 10
26.35
 20
30.7
 30
0.0
 11
31.35
 21
30.7
 31
0.0
  0
LINE
  5
287
330
1F
100
AcDbEntity
  8
AM_0
100
AcDbLine
 10
31.35
 20
30.7
 30
0.0
 11
31.35
 21
30.35
 31
0.0
  0
LINE
  5
288
330
1F
100
AcDbEntity
  8
AM_0
100
AcDbLine
 10
31.35
 20
30.35
 30
0.0
 11
26.35
 21
30.35
 31
0.0
  0
LINE
  5
289
330
1F
100
AcDbEntity
  8
AM_0
100
AcDbLine
 10
26.35
 20
29.75
 30
0.0
 11
26.35
 21
30.1
 31
0.0
  0
LINE
  5
28A
330
1F
100
AcDbEntity
  8
AM_0
100
AcDbLine
 10
26.35
 20
30.1
 30
0.0
 11
31.35
 21
30.1
 31
0.0
  0
LINE
  5
28B
330
1F
100
AcDbEntity
  8
AM_0
100
AcDbLine
 10
31.35
 20
30.1
 30
0.0
 11
31.35
 21
29.75
 31
0.0
  0
LINE
  5
28C
330
1F
100
AcDbEntity
  8
AM_0
100
AcDbLine
 10
31.35
 20
29.75
 30
0.0
 11
26.35
 21
29.75
 31
0.0
  0
LINE
  5
28D
330
1F
100
AcDbEntity
  8
AM_0
100
AcDbLine
 10
26.35
 20
29.15
 30
0.0
 11
26.35
 21
29.5
 31
0.0
  0
LINE
  5
28E
330
1F
100
AcDbEntity
  8
AM_0
100
AcDbLine
 10
26.35
 20
29.5
 30
0.0
 11
31.35
 21
29.5
 31
0.0
  0
LINE
  5
28F
330
1F
100
AcDbEntity
  8
AM_0
100
AcDbLine
 10
31.35
 20
29.5
 30
0.0
 11
31.35
 21
29.15
 31
0.0
  0
LINE
  5
290
330
1F
100
AcDbEntity
  8
AM_0
100
AcDbLine
 10
31.35
 20
29.15
 30
0.0
 11
26.35
 21
29.15
 31
0.0
  0
LINE
  5
291
330
1F
100
AcDbEntity
  8
AM_0
100
AcDbLine
 10
26.35
 20
28.55
 30
0.0
 11
26.35
 21
28.9
 31
0.0
  0
LINE
  5
292
330
1F
100
AcDbEntity
  8
AM_0
100
AcDbLine
 10
26.35
 20
28.9
 30
0.0
 11
31.35
 21
28.9
 31
0.0
  0
LINE
  5
293
330
1F
100
AcDbEntity
  8
AM_0
100
AcDbLine
 10
31.35
 20
28.9
 30
0.0
 11
31.35
 21
28.55
 31
0.0
  0
LINE
  5
294
330
1F
100
AcDbEntity
  8
AM_0
100
AcDbLine
 10
31.35
 20
28.55
 30
0.0
 11
26.35
 21
28.55
 31
0.0
  0
LINE
  5
295
330
1F
100
AcDbEntity
  8
AM_0
100
AcDbLine
 10
26.35
 20
27.95
 30
0.0
 11
26.35
 21
28.3
 31
0.0
  0
LINE
  5
296
330
1F
100
AcDbEntity
  8
AM_0
100
AcDbLine
 10
26.35
 20
28.3
 30
0.0
 11
31.35
 21
28.3
 31
0.0
  0
LINE
  5
297
330
1F
100
AcDbEntity
  8
AM_0
100
AcDbLine
 10
31.35
 20
28.3
 30
0.0
 11
31.35
 21
27.95
 31
0.0
  0
LINE
  5
298
330
1F
100
AcDbEntity
  8
AM_0
100
AcDbLine
 10
31.35
 20
27.95
 30
0.0
 11
26.35
 21
27.95
 31
0.0
  0
LINE
  5
299
330
1F
100
AcDbEntity
  8
AM_0
100
AcDbLine
 10
26.35
 20
27.35
 30
0.0
 11
26.35
 21
27.7
 31
0.0
  0
LINE
  5
29A
330
1F
100
AcDbEntity
  8
AM_0
100
AcDbLine
 10
26.35
 20
27.7
 30
0.0
 11
31.35
 21
27.7
 31
0.0
  0
LINE
  5
29B
330
1F
100
AcDbEntity
  8
AM_0
100
AcDbLine
 10
31.35
 20
27.7
 30
0.0
 11
31.35
 21
27.35
 31
0.0
  0
LINE
  5
29C
330
1F
100
AcDbEntity
  8
AM_0
100
AcDbLine
 10
31.35
 20
27.35
 30
0.0
 11
26.35
 21
27.35
 31
0.0
  0
LINE
  5
29D
330
1F
100
AcDbEntity
  8
AM_0
100
AcDbLine
 10
26.35
 20
26.75
 30
0.0
 11
26.35
 21
27.1
 31
0.0
  0
LINE
  5
29E
330
1F
100
AcDbEntity
  8
AM_0
100
AcDbLine
 10
26.35
 20
27.1
 30
0.0
 11
31.35
 21
27.1
 31
0.0
  0
LINE
  5
29F
330
1F
100
AcDbEntity
  8
AM_0
100
AcDbLine
 10
31.35
 20
27.1
 30
0.0
 11
31.35
 21
26.75
 31
0.0
  0
LINE
  5
2A0
330
1F
100
AcDbEntity
  8
AM_0
100
AcDbLine
 10
31.35
 20
26.75
 30
0.0
 11
26.35
 21
26.75
 31
0.0
  0
LINE
  5
2A1
330
1F
100
AcDbEntity
  8
AM_0
100
AcDbLine
 10
26.35
 20
26.15
 30
0.0
 11
26.35
 21
26.5
 31
0.0
  0
LINE
  5
2A2
330
1F
100
AcDbEntity
  8
AM_0
100
AcDbLine
 10
26.35
 20
26.5
 30
0.0
 11
31.35
 21
26.5
 31
0.0
  0
LINE
  5
2A3
330
1F
100
AcDbEntity
  8
AM_0
100
AcDbLine
 10
31.35
 20
26.5
 30
0.0
 11
31.35
 21
26.15
 31
0.0
  0
LINE
  5
2A4
330
1F
100
AcDbEntity
  8
AM_0
100
AcDbLine
 10
31.35
 20
26.15
 30
0.0
 11
26.35
 21
26.15
 31
0.0
  0
LINE
  5
2A5
330
1F
100
AcDbEntity
  8
AM_0
100
AcDbLine
 10
26.35
 20
25.55
 30
0.0
 11
26.35
 21
25.9
 31
0.0
  0
LINE
  5
2A6
330
1F
100
AcDbEntity
  8
AM_0
100
AcDbLine
 10
26.35
 20
25.9
 30
0.0
 11
31.35
 21
25.9
 31
0.0
  0
LINE
  5
2A7
330
1F
100
AcDbEntity
  8
AM_0
100
AcDbLine
 10
31.35
 20
25.9
 30
0.0
 11
31.35
 21
25.55
 31
0.0
  0
LINE
  5
2A8
330
1F
100
AcDbEntity
  8
AM_0
100
AcDbLine
 10
31.35
 20
25.55
 30
0.0
 11
26.35
 21
25.55
 31
0.0
  0
LINE
  5
2A9
330
1F
100
AcDbEntity
  8
AM_0
100
AcDbLine
 10
26.35
 20
24.95
 30
0.0
 11
26.35
 21
25.3
 31
0.0
  0
LINE
  5
2AA
330
1F
100
AcDbEntity
  8
AM_0
100
AcDbLine
 10
26.35
 20
25.3
 30
0.0
 11
31.35
 21
25.3
 31
0.0
  0
LINE
  5
2AB
330
1F
100
AcDbEntity
  8
AM_0
100
AcDbLine
 10
31.35
 20
25.3
 30
0.0
 11
31.35
 21
24.95
 31
0.0
  0
LINE
  5
2AC
330
1F
100
AcDbEntity
  8
AM_0
100
AcDbLine
 10
31.35
 20
24.95
 30
0.0
 11
26.35
 21
24.95
 31
0.0
  0
LINE
  5
2AD
330
1F
100
AcDbEntity
  8
AM_0
100
AcDbLine
 10
26.35
 20
24.34999999999999
 30
0.0
 11
26.35
 21
24.7
 31
0.0
  0
LINE
  5
2AE
330
1F
100
AcDbEntity
  8
AM_0
100
AcDbLine
 10
26.35
 20
24.7
 30
0.0
 11
31.35
 21
24.7
 31
0.0
  0
LINE
  5
2AF
330
1F
100
AcDbEntity
  8
AM_0
100
AcDbLine
 10
31.35
 20
24.7
 30
0.0
 11
31.35
 21
24.34999999999999
 31
0.0
  0
LINE
  5
2B0
330
1F
100
AcDbEntity
  8
AM_0
100
AcDbLine
 10
31.35
 20
24.34999999999999
 30
0.0
 11
26.35
 21
24.34999999999999
 31
0.0
  0
LINE
  5
2B1
330
1F
100
AcDbEntity
  8
AM_0
100
AcDbLine
 10
26.35
 20
23.75
 30
0.0
 11
26.35
 21
24.1
 31
0.0
  0
LINE
  5
2B2
330
1F
100
AcDbEntity
  8
AM_0
100
AcDbLine
 10
26.35
 20
24.1
 30
0.0
 11
31.35
 21
24.1
 31
0.0
  0
LINE
  5
2B3
330
1F
100
AcDbEntity
  8
AM_0
100
AcDbLine
 10
31.35
 20
24.1
 30
0.0
 11
31.35
 21
23.75
 31
0.0
  0
LINE
  5
2B4
330
1F
100
AcDbEntity
  8
AM_0
100
AcDbLine
 10
31.35
 20
23.75
 30
0.0
 11
26.35
 21
23.75
 31
0.0
  0
LINE
  5
2B5
330
1F
100
AcDbEntity
  8
AM_0
100
AcDbLine
 10
26.35
 20
23.15
 30
0.0
 11
26.35
 21
23.5
 31
0.0
  0
LINE
  5
2B6
330
1F
100
AcDbEntity
  8
AM_0
100
AcDbLine
 10
26.35
 20
23.5
 30
0.0
 11
31.35
 21
23.5
 31
0.0
  0
LINE
  5
2B7
330
1F
100
AcDbEntity
  8
AM_0
100
AcDbLine
 10
31.35
 20
23.5
 30
0.0
 11
31.35
 21
23.15
 31
0.0
  0
LINE
  5
2B8
330
1F
100
AcDbEntity
  8
AM_0
100
AcDbLine
 10
31.35
 20
23.15
 30
0.0
 11
26.35
 21
23.15
 31
0.0
  0
LINE
  5
2B9
330
1F
100
AcDbEntity
  8
AM_0
100
AcDbLine
 10
26.35
 20
22.55
 30
0.0
 11
26.35
 21
22.9
 31
0.0
  0
LINE
  5
2BA
330
1F
100
AcDbEntity
  8
AM_0
100
AcDbLine
 10
26.35
 20
22.9
 30
0.0
 11
31.35
 21
22.9
 31
0.0
  0
LINE
  5
2BB
330
1F
100
AcDbEntity
  8
AM_0
100
AcDbLine
 10
31.35
 20
22.9
 30
0.0
 11
31.35
 21
22.55
 31
0.0
  0
LINE
  5
2BC
330
1F
100
AcDbEntity
  8
AM_0
100
AcDbLine
 10
31.35
 20
22.55
 30
0.0
 11
26.35
 21
22.55
 31
0.0
  0
LINE
  5
2BD
330
1F
100
AcDbEntity
  8
AM_0
100
AcDbLine
 10
26.35
 20
21.95
 30
0.0
 11
26.35
 21
22.3
 31
0.0
  0
LINE
  5
2BE
330
1F
100
AcDbEntity
  8
AM_0
100
AcDbLine
 10
26.35
 20
22.3
 30
0.0
 11
31.35
 21
22.3
 31
0.0
  0
LINE
  5
2BF
330
1F
100
AcDbEntity
  8
AM_0
100
AcDbLine
 10
31.35
 20
22.3
 30
0.0
 11
31.35
 21
21.95
 31
0.0
  0
LINE
  5
2C0
330
1F
100
AcDbEntity
  8
AM_0
100
AcDbLine
 10
31.35
 20
21.95
 30
0.0
 11
26.35
 21
21.95
 31
0.0
  0
LINE
  5
2C1
330
1F
100
AcDbEntity
  8
AM_0
100
AcDbLine
 10
26.35
 20
21.35
 30
0.0
 11
26.35
 21
21.7
 31
0.0
  0
LINE
  5
2C2
330
1F
100
AcDbEntity
  8
AM_0
100
AcDbLine
 10
26.35
 20
21.7
 30
0.0
 11
31.35
 21
21.7
 31
0.0
  0
LINE
  5
2C3
330
1F
100
AcDbEntity
  8
AM_0
100
AcDbLine
 10
31.35
 20
21.7
 30
0.0
 11
31.35
 21
21.35
 31
0.0
  0
LINE
  5
2C4
330
1F
100
AcDbEntity
  8
AM_0
100
AcDbLine
 10
31.35
 20
21.35
 30
0.0
 11
26.35
 21
21.35
 31
0.0
  0
LINE
  5
2C5
330
1F
100
AcDbEntity
  8
AM_0
100
AcDbLine
 10
26.35
 20
20.75
 30
0.0
 11
26.35
 21
21.1
 31
0.0
  0
LINE
  5
2C6
330
1F
100
AcDbEntity
  8
AM_0
100
AcDbLine
 10
26.35
 20
21.1
 30
0.0
 11
31.35
 21
21.1
 31
0.0
  0
LINE
  5
2C7
330
1F
100
AcDbEntity
  8
AM_0
100
AcDbLine
 10
31.35
 20
21.1
 30
0.0
 11
31.35
 21
20.75
 31
0.0
  0
LINE
  5
2C8
330
1F
100
AcDbEntity
  8
AM_0
100
AcDbLine
 10
31.35
 20
20.75
 30
0.0
 11
26.35
 21
20.75
 31
0.0
  0
LINE
  5
2C9
330
1F
100
AcDbEntity
  8
AM_0
100
AcDbLine
 10
26.35
 20
20.15
 30
0.0
 11
26.35
 21
20.5
 31
0.0
  0
LINE
  5
2CA
330
1F
100
AcDbEntity
  8
AM_0
100
AcDbLine
 10
26.35
 20
20.5
 30
0.0
 11
31.35
 21
20.5
 31
0.0
  0
LINE
  5
2CB
330
1F
100
AcDbEntity
  8
AM_0
100
AcDbLine
 10
31.35
 20
20.5
 30
0.0
 11
31.35
 21
20.15
 31
0.0
  0
LINE
  5
2CC
330
1F
100
AcDbEntity
  8
AM_0
100
AcDbLine
 10
31.35
 20
20.15
 30
0.0
 11
26.35
 21
20.15
 31
0.0
  0
LINE
  5
2CD
330
1F
100
AcDbEntity
  8
AM_0
100
AcDbLine
 10
26.35
 20
19.55
 30
0.0
 11
26.35
 21
19.9
 31
0.0
  0
LINE
  5
2CE
330
1F
100
AcDbEntity
  8
AM_0
100
AcDbLine
 10
26.35
 20
19.9
 30
0.0
 11
31.35
 21
19.9
 31
0.0
  0
LINE
  5
2CF
330
1F
100
AcDbEntity
  8
AM_0
100
AcDbLine
 10
31.35
 20
19.9
 30
0.0
 11
31.35
 21
19.55
 31
0.0
  0
LINE
  5
2D0
330
1F
100
AcDbEntity
  8
AM_0
100
AcDbLine
 10
31.35
 20
19.55
 30
0.0
 11
26.35
 21
19.55
 31
0.0
  0
LINE
  5
2D1
330
1F
100
AcDbEntity
  8
AM_0
100
AcDbLine
 10
26.35
 20
18.95
 30
0.0
 11
26.35
 21
19.3
 31
0.0
  0
LINE
  5
2D2
330
1F
100
AcDbEntity
  8
AM_0
100
AcDbLine
 10
26.35
 20
19.3
 30
0.0
 11
31.35
 21
19.3
 31
0.0
  0
LINE
  5
2D3
330
1F
100
AcDbEntity
  8
AM_0
100
AcDbLine
 10
31.35
 20
19.3
 30
0.0
 11
31.35
 21
18.95
 31
0.0
  0
LINE
  5
2D4
330
1F
100
AcDbEntity
  8
AM_0
100
AcDbLine
 10
31.35
 20
18.95
 30
0.0
 11
26.35
 21
18.95
 31
0.0
  0
LINE
  5
2D5
330
1F
100
AcDbEntity
  8
AM_0
100
AcDbLine
 10
26.35
 20
18.35
 30
0.0
 11
26.35
 21
18.7
 31
0.0
  0
LINE
  5
2D6
330
1F
100
AcDbEntity
  8
AM_0
100
AcDbLine
 10
26.35
 20
18.7
 30
0.0
 11
31.35
 21
18.7
 31
0.0
  0
LINE
  5
2D7
330
1F
100
AcDbEntity
  8
AM_0
100
AcDbLine
 10
31.35
 20
18.7
 30
0.0
 11
31.35
 21
18.35
 31
0.0
  0
LINE
  5
2D8
330
1F
100
AcDbEntity
  8
AM_0
100
AcDbLine
 10
31.35
 20
18.35
 30
0.0
 11
26.35
 21
18.35
 31
0.0
  0
LINE
  5
2D9
330
1F
100
AcDbEntity
  8
AM_0
100
AcDbLine
 10
26.35
 20
17.75
 30
0.0
 11
26.35
 21
18.1
 31
0.0
  0
LINE
  5
2DA
330
1F
100
AcDbEntity
  8
AM_0
100
AcDbLine
 10
26.35
 20
18.1
 30
0.0
 11
31.35
 21
18.1
 31
0.0
  0
LINE
  5
2DB
330
1F
100
AcDbEntity
  8
AM_0
100
AcDbLine
 10
31.35
 20
18.1
 30
0.0
 11
31.35
 21
17.75
 31
0.0
  0
LINE
  5
2DC
330
1F
100
AcDbEntity
  8
AM_0
100
AcDbLine
 10
31.35
 20
17.75
 30
0.0
 11
26.35
 21
17.75
 31
0.0
  0
LINE
  5
2DD
330
1F
100
AcDbEntity
  8
AM_0
100
AcDbLine
 10
26.35
 20
17.15
 30
0.0
 11
26.35
 21
17.5
 31
0.0
  0
LINE
  5
2DE
330
1F
100
AcDbEntity
  8
AM_0
100
AcDbLine
 10
26.35
 20
17.5
 30
0.0
 11
31.35
 21
17.5
 31
0.0
  0
LINE
  5
2DF
330
1F
100
AcDbEntity
  8
AM_0
100
AcDbLine
 10
31.35
 20
17.5
 30
0.0
 11
31.35
 21
17.15
 31
0.0
  0
LINE
  5
2E0
330
1F
100
AcDbEntity
  8
AM_0
100
AcDbLine
 10
31.35
 20
17.15
 30
0.0
 11
26.35
 21
17.15
 31
0.0
  0
LINE
  5
2E1
330
1F
100
AcDbEntity
  8
AM_0
100
AcDbLine
 10
26.35
 20
16.55
 30
0.0
 11
26.35
 21
16.9
 31
0.0
  0
LINE
  5
2E2
330
1F
100
AcDbEntity
  8
AM_0
100
AcDbLine
 10
26.35
 20
16.9
 30
0.0
 11
31.35
 21
16.9
 31
0.0
  0
LINE
  5
2E3
330
1F
100
AcDbEntity
  8
AM_0
100
AcDbLine
 10
31.35
 20
16.9
 30
0.0
 11
31.35
 21
16.55
 31
0.0
  0
LINE
  5
2E4
330
1F
100
AcDbEntity
  8
AM_0
100
AcDbLine
 10
31.35
 20
16.55
 30
0.0
 11
26.35
 21
16.55
 31
0.0
  0
LINE
  5
2E5
330
1F
100
AcDbEntity
  8
AM_0
100
AcDbLine
 10
26.35
 20
15.95
 30
0.0
 11
26.35
 21
16.3
 31
0.0
  0
LINE
  5
2E6
330
1F
100
AcDbEntity
  8
AM_0
100
AcDbLine
 10
26.35
 20
16.3
 30
0.0
 11
31.35
 21
16.3
 31
0.0
  0
LINE
  5
2E7
330
1F
100
AcDbEntity
  8
AM_0
100
AcDbLine
 10
31.35
 20
16.3
 30
0.0
 11
31.35
 21
15.95
 31
0.0
  0
LINE
  5
2E8
330
1F
100
AcDbEntity
  8
AM_0
100
AcDbLine
 10
31.35
 20
15.95
 30
0.0
 11
26.35
 21
15.95
 31
0.0
  0
LINE
  5
2E9
330
1F
100
AcDbEntity
  8
AM_0
100
AcDbLine
 10
26.35
 20
15.35
 30
0.0
 11
26.35
 21
15.7
 31
0.0
  0
LINE
  5
2EA
330
1F
100
AcDbEntity
  8
AM_0
100
AcDbLine
 10
26.35
 20
15.7
 30
0.0
 11
31.35
 21
15.7
 31
0.0
  0
LINE
  5
2EB
330
1F
100
AcDbEntity
  8
AM_0
100
AcDbLine
 10
31.35
 20
15.7
 30
0.0
 11
31.35
 21
15.35
 31
0.0
  0
LINE
  5
2EC
330
1F
100
AcDbEntity
  8
AM_0
100
AcDbLine
 10
31.35
 20
15.35
 30
0.0
 11
26.35
 21
15.35
 31
0.0
  0
LINE
  5
2ED
330
1F
100
AcDbEntity
  8
AM_0
100
AcDbLine
 10
26.35
 20
14.75
 30
0.0
 11
26.35
 21
15.1
 31
0.0
  0
LINE
  5
2EE
330
1F
100
AcDbEntity
  8
AM_0
100
AcDbLine
 10
26.35
 20
15.1
 30
0.0
 11
31.35
 21
15.1
 31
0.0
  0
LINE
  5
2EF
330
1F
100
AcDbEntity
  8
AM_0
100
AcDbLine
 10
31.35
 20
15.1
 30
0.0
 11
31.35
 21
14.75
 31
0.0
  0
LINE
  5
2F0
330
1F
100
AcDbEntity
  8
AM_0
100
AcDbLine
 10
31.35
 20
14.75
 30
0.0
 11
26.35
 21
14.75
 31
0.0
  0
LINE
  5
2F1
330
1F
100
AcDbEntity
  8
AM_0
100
AcDbLine
 10
26.35
 20
14.15
 30
0.0
 11
26.35
 21
14.5
 31
0.0
  0
LINE
  5
2F2
330
1F
100
AcDbEntity
  8
AM_0
100
AcDbLine
 10
26.35
 20
14.5
 30
0.0
 11
31.35
 21
14.5
 31
0.0
  0
LINE
  5
2F3
330
1F
100
AcDbEntity
  8
AM_0
100
AcDbLine
 10
31.35
 20
14.5
 30
0.0
 11
31.35
 21
14.15
 31
0.0
  0
LINE
  5
2F4
330
1F
100
AcDbEntity
  8
AM_0
100
AcDbLine
 10
31.35
 20
14.15
 30
0.0
 11
26.35
 21
14.15
 31
0.0
  0
LINE
  5
2F5
330
1F
100
AcDbEntity
  8
AM_0
100
AcDbLine
 10
26.35
 20
13.55
 30
0.0
 11
26.35
 21
13.9
 31
0.0
  0
LINE
  5
2F6
330
1F
100
AcDbEntity
  8
AM_0
100
AcDbLine
 10
26.35
 20
13.9
 30
0.0
 11
31.35
 21
13.9
 31
0.0
  0
LINE
  5
2F7
330
1F
100
AcDbEntity
  8
AM_0
100
AcDbLine
 10
31.35
 20
13.9
 30
0.0
 11
31.35
 21
13.55
 31
0.0
  0
LINE
  5
2F8
330
1F
100
AcDbEntity
  8
AM_0
100
AcDbLine
 10
31.35
 20
13.55
 30
0.0
 11
26.35
 21
13.55
 31
0.0
  0
LINE
  5
2F9
330
1F
100
AcDbEntity
  8
AM_0
100
AcDbLine
 10
26.35
 20
12.95
 30
0.0
 11
26.35
 21
13.3
 31
0.0
  0
LINE
  5
2FA
330
1F
100
AcDbEntity
  8
AM_0
100
AcDbLine
 10
26.35
 20
13.3
 30
0.0
 11
31.35
 21
13.3
 31
0.0
  0
LINE
  5
2FB
330
1F
100
AcDbEntity
  8
AM_0
100
AcDbLine
 10
31.35
 20
13.3
 30
0.0
 11
31.35
 21
12.95
 31
0.0
  0
LINE
  5
2FC
330
1F
100
AcDbEntity
  8
AM_0
100
AcDbLine
 10
31.35
 20
12.95
 30
0.0
 11
26.35
 21
12.95
 31
0.0
  0
LINE
  5
2FD
330
1F
100
AcDbEntity
  8
AM_0
100
AcDbLine
 10
26.35
 20
12.35
 30
0.0
 11
26.35
 21
12.7
 31
0.0
  0
LINE
  5
2FE
330
1F
100
AcDbEntity
  8
AM_0
100
AcDbLine
 10
26.35
 20
12.7
 30
0.0
 11
31.35
 21
12.7
 31
0.0
  0
LINE
  5
2FF
330
1F
100
AcDbEntity
  8
AM_0
100
AcDbLine
 10
31.35
 20
12.7
 30
0.0
 11
31.35
 21
12.35
 31
0.0
  0
LINE
  5
300
330
1F
100
AcDbEntity
  8
AM_0
100
AcDbLine
 10
31.35
 20
12.35
 30
0.0
 11
26.35
 21
12.35
 31
0.0
  0
LINE
  5
301
330
1F
100
AcDbEntity
  8
AM_0
100
AcDbLine
 10
26.35
 20
11.75
 30
0.0
 11
26.35
 21
12.1
 31
0.0
  0
LINE
  5
302
330
1F
100
AcDbEntity
  8
AM_0
100
AcDbLine
 10
26.35
 20
12.1
 30
0.0
 11
31.35
 21
12.1
 31
0.0
  0
LINE
  5
303
330
1F
100
AcDbEntity
  8
AM_0
100
AcDbLine
 10
31.35
 20
12.1
 30
0.0
 11
31.35
 21
11.75
 31
0.0
  0
LINE
  5
304
330
1F
100
AcDbEntity
  8
AM_0
100
AcDbLine
 10
31.35
 20
11.75
 30
0.0
 11
26.35
 21
11.75
 31
0.0
  0
LINE
  5
305
330
1F
100
AcDbEntity
  8
AM_0
100
AcDbLine
 10
26.35
 20
11.15
 30
0.0
 11
26.35
 21
11.5
 31
0.0
  0
LINE
  5
306
330
1F
100
AcDbEntity
  8
AM_0
100
AcDbLine
 10
26.35
 20
11.5
 30
0.0
 11
31.35
 21
11.5
 31
0.0
  0
LINE
  5
307
330
1F
100
AcDbEntity
  8
AM_0
100
AcDbLine
 10
31.35
 20
11.5
 30
0.0
 11
31.35
 21
11.15
 31
0.0
  0
LINE
  5
308
330
1F
100
AcDbEntity
  8
AM_0
100
AcDbLine
 10
31.35
 20
11.15
 30
0.0
 11
26.35
 21
11.15
 31
0.0
  0
LINE
  5
309
330
1F
100
AcDbEntity
  8
AM_0
100
AcDbLine
 10
26.35
 20
10.55
 30
0.0
 11
26.35
 21
10.9
 31
0.0
  0
LINE
  5
30A
330
1F
100
AcDbEntity
  8
AM_0
100
AcDbLine
 10
26.35
 20
10.9
 30
0.0
 11
31.35
 21
10.9
 31
0.0
  0
LINE
  5
30B
330
1F
100
AcDbEntity
  8
AM_0
100
AcDbLine
 10
31.35
 20
10.9
 30
0.0
 11
31.35
 21
10.55
 31
0.0
  0
LINE
  5
30C
330
1F
100
AcDbEntity
  8
AM_0
100
AcDbLine
 10
31.35
 20
10.55
 30
0.0
 11
26.35
 21
10.55
 31
0.0
  0
LINE
  5
30D
330
1F
100
AcDbEntity
  8
AM_0
100
AcDbLine
 10
26.35
 20
9.95
 30
0.0
 11
26.35
 21
10.3
 31
0.0
  0
LINE
  5
30E
330
1F
100
AcDbEntity
  8
AM_0
100
AcDbLine
 10
26.35
 20
10.3
 30
0.0
 11
31.35
 21
10.3
 31
0.0
  0
LINE
  5
30F
330
1F
100
AcDbEntity
  8
AM_0
100
AcDbLine
 10
31.35
 20
10.3
 30
0.0
 11
31.35
 21
9.95
 31
0.0
  0
LINE
  5
310
330
1F
100
AcDbEntity
  8
AM_0
100
AcDbLine
 10
31.35
 20
9.95
 30
0.0
 11
26.35
 21
9.95
 31
0.0
  0
LINE
  5
311
330
1F
100
AcDbEntity
  8
AM_0
100
AcDbLine
 10
26.35
 20
9.349999999999998
 30
0.0
 11
26.35
 21
9.7
 31
0.0
  0
LINE
  5
312
330
1F
100
AcDbEntity
  8
AM_0
100
AcDbLine
 10
26.35
 20
9.7
 30
0.0
 11
31.35
 21
9.7
 31
0.0
  0
LINE
  5
313
330
1F
100
AcDbEntity
  8
AM_0
100
AcDbLine
 10
31.35
 20
9.7
 30
0.0
 11
31.35
 21
9.349999999999998
 31
0.0
  0
LINE
  5
314
330
1F
100
AcDbEntity
  8
AM_0
100
AcDbLine
 10
31.35
 20
9.349999999999998
 30
0.0
 11
26.35
 21
9.349999999999998
 31
0.0
  0
LINE
  5
315
330
1F
100
AcDbEntity
  8
AM_0
100
AcDbLine
 10
26.35
 20
8.75
 30
0.0
 11
26.35
 21
9.100000000000001
 31
0.0
  0
LINE
  5
316
330
1F
100
AcDbEntity
  8
AM_0
100
AcDbLine
 10
26.35
 20
9.100000000000001
 30
0.0
 11
31.35
 21
9.100000000000001
 31
0.0
  0
LINE
  5
317
330
1F
100
AcDbEntity
  8
AM_0
100
AcDbLine
 10
31.35
 20
9.100000000000001
 30
0.0
 11
31.35
 21
8.75
 31
0.0
  0
LINE
  5
318
330
1F
100
AcDbEntity
  8
AM_0
100
AcDbLine
 10
31.35
 20
8.75
 30
0.0
 11
26.35
 21
8.75
 31
0.0
  0
LINE
  5
319
330
1F
100
AcDbEntity
  8
AM_0
100
AcDbLine
 10
26.35
 20
8.149999999999999
 30
0.0
 11
26.35
 21
8.5
 31
0.0
  0
LINE
  5
31A
330
1F
100
AcDbEntity
  8
AM_0
100
AcDbLine
 10
26.35
 20
8.5
 30
0.0
 11
31.35
 21
8.5
 31
0.0
  0
LINE
  5
31B
330
1F
100
AcDbEntity
  8
AM_0
100
AcDbLine
 10
31.35
 20
8.5
 30
0.0
 11
31.35
 21
8.149999999999999
 31
0.0
  0
LINE
  5
31C
330
1F
100
AcDbEntity
  8
AM_0
100
AcDbLine
 10
31.35
 20
8.149999999999999
 30
0.0
 11
26.35
 21
8.149999999999999
 31
0.0
  0
LINE
  5
31D
330
1F
100
AcDbEntity
  8
AM_0
100
AcDbLine
 10
26.35
 20
7.550000000000001
 30
0.0
 11
26.35
 21
7.900000000000001
 31
0.0
  0
LINE
  5
31E
330
1F
100
AcDbEntity
  8
AM_0
100
AcDbLine
 10
26.35
 20
7.900000000000001
 30
0.0
 11
31.35
 21
7.900000000000001
 31
0.0
  0
LINE
  5
31F
330
1F
100
AcDbEntity
  8
AM_0
100
AcDbLine
 10
31.35
 20
7.900000000000001
 30
0.0
 11
31.35
 21
7.550000000000001
 31
0.0
  0
LINE
  5
320
330
1F
100
AcDbEntity
  8
AM_0
100
AcDbLine
 10
31.35
 20
7.550000000000001
 30
0.0
 11
26.35
 21
7.550000000000001
 31
0.0
  0
LINE
  5
321
330
1F
100
AcDbEntity
  8
AM_0
100
AcDbLine
 10
26.35
 20
6.949999999999998
 30
0.0
 11
26.35
 21
7.3
 31
0.0
  0
LINE
  5
322
330
1F
100
AcDbEntity
  8
AM_0
100
AcDbLine
 10
26.35
 20
7.3
 30
0.0
 11
31.35
 21
7.3
 31
0.0
  0
LINE
  5
323
330
1F
100
AcDbEntity
  8
AM_0
100
AcDbLine
 10
31.35
 20
7.3
 30
0.0
 11
31.35
 21
6.949999999999998
 31
0.0
  0
LINE
  5
324
330
1F
100
AcDbEntity
  8
AM_0
100
AcDbLine
 10
31.35
 20
6.949999999999998
 30
0.0
 11
26.35
 21
6.949999999999998
 31
0.0
  0
LINE
  5
325
330
1F
100
AcDbEntity
  8
AM_0
100
AcDbLine
 10
26.35
 20
6.349999999999998
 30
0.0
 11
26.35
 21
6.699999999999999
 31
0.0
  0
LINE
  5
326
330
1F
100
AcDbEntity
  8
AM_0
100
AcDbLine
 10
26.35
 20
6.699999999999999
 30
0.0
 11
31.35
 21
6.699999999999999
 31
0.0
  0
LINE
  5
327
330
1F
100
AcDbEntity
  8
AM_0
100
AcDbLine
 10
31.35
 20
6.699999999999999
 30
0.0
 11
31.35
 21
6.349999999999998
 31
0.0
  0
LINE
  5
328
330
1F
100
AcDbEntity
  8
AM_0
100
AcDbLine
 10
31.35
 20
6.349999999999998
 30
0.0
 11
26.35
 21
6.349999999999998
 31
0.0
  0
LINE
  5
329
330
1F
100
AcDbEntity
  8
AM_0
100
AcDbLine
 10
26.35
 20
5.75
 30
0.0
 11
26.35
 21
6.100000000000001
 31
0.0
  0
LINE
  5
32A
330
1F
100
AcDbEntity
  8
AM_0
100
AcDbLine
 10
26.35
 20
6.100000000000001
 30
0.0
 11
31.35
 21
6.100000000000001
 31
0.0
  0
LINE
  5
32B
330
1F
100
AcDbEntity
  8
AM_0
100
AcDbLine
 10
31.35
 20
6.100000000000001
 30
0.0
 11
31.35
 21
5.75
 31
0.0
  0
LINE
  5
32C
330
1F
100
AcDbEntity
  8
AM_0
100
AcDbLine
 10
31.35
 20
5.75
 30
0.0
 11
26.35
 21
5.75
 31
0.0
  0
LINE
  5
32D
330
1F
100
AcDbEntity
  8
AM_0
100
AcDbLine
 10
26.35
 20
5.149999999999999
 30
0.0
 11
26.35
 21
5.5
 31
0.0
  0
LINE
  5
32E
330
1F
100
AcDbEntity
  8
AM_0
100
AcDbLine
 10
26.35
 20
5.5
 30
0.0
 11
31.35
 21
5.5
 31
0.0
  0
LINE
  5
32F
330
1F
100
AcDbEntity
  8
AM_0
100
AcDbLine
 10
31.35
 20
5.5
 30
0.0
 11
31.35
 21
5.149999999999999
 31
0.0
  0
LINE
  5
330
330
1F
100
AcDbEntity
  8
AM_0
100
AcDbLine
 10
31.35
 20
5.149999999999999
 30
0.0
 11
26.35
 21
5.149999999999999
 31
0.0
  0
LINE
  5
331
330
1F
100
AcDbEntity
  8
AM_0
100
AcDbLine
 10
21.05
 20
32.5
 30
0.0
 11
25.91266705984819
 21
32.5
 31
0.0
  0
LINE
  5
332
330
1F
100
AcDbEntity
  8
AM_0
100
AcDbLine
 10
26.05
 20
32.49053497285754
 30
0.0
 11
26.05
 21
32.15
 31
0.0
  0
LINE
  5
333
330
1F
100
AcDbEntity
  8
AM_0
100
AcDbLine
 10
21.05
 20
32.15
 30
0.0
 11
21.05
 21
32.5
 31
0.0
  0
LINE
  5
334
330
1F
100
AcDbEntity
  8
AM_0
100
AcDbLine
 10
26.05
 20
32.15
 30
0.0
 11
21.05
 21
32.15
 31
0.0
  0
LINE
  5
335
330
1F
100
AcDbEntity
  8
AM_0
100
AcDbLine
 10
21.05
 20
31.55
 30
0.0
 11
21.05
 21
31.9
 31
0.0
  0
LINE
  5
336
330
1F
100
AcDbEntity
  8
AM_0
100
AcDbLine
 10
21.05
 20
31.9
 30
0.0
 11
26.05
 21
31.9
 31
0.0
  0
LINE
  5
337
330
1F
100
AcDbEntity
  8
AM_0
100
AcDbLine
 10
26.05
 20
31.9
 30
0.0
 11
26.05
 21
31.55
 31
0.0
  0
LINE
  5
338
330
1F
100
AcDbEntity
  8
AM_0
100
AcDbLine
 10
26.05
 20
31.55
 30
0.0
 11
21.05
 21
31.55
 31
0.0
  0
LINE
  5
339
330
1F
100
AcDbEntity
  8
AM_0
100
AcDbLine
 10
32.28958434181327
 20
28.55
 30
0.0
 11
31.65
 21
28.55
 31
0.0
  0
LINE
  5
33A
330
1F
100
AcDbEntity
  8
AM_0
100
AcDbLine
 10
31.65
 20
28.9
 30
0.0
 11
32.25710777725641
 21
28.9
 31
0.0
  0
LINE
  5
33B
330
1F
100
AcDbEntity
  8
AM_0
100
AcDbLine
 10
31.65
 20
28.55
 30
0.0
 11
31.65
 21
28.9
 31
0.0
  0
LINE
  5
33C
330
1F
100
AcDbEntity
  8
AM_0
100
AcDbLine
 10
32.34277298880473
 20
27.95
 30
0.0
 11
31.65
 21
27.95
 31
0.0
  0
LINE
  5
33D
330
1F
100
AcDbEntity
  8
AM_0
100
AcDbLine
 10
31.65
 20
28.3
 30
0.0
 11
32.31212763999804
 21
28.3
 31
0.0
  0
LINE
  5
33E
330
1F
100
AcDbEntity
  8
AM_0
100
AcDbLine
 10
31.65
 20
27.95
 30
0.0
 11
31.65
 21
28.3
 31
0.0
  0
LINE
  5
33F
330
1F
100
AcDbEntity
  8
AM_0
100
AcDbLine
 10
31.65
 20
27.7
 30
0.0
 11
32.36400918097376
 21
27.7
 31
0.0
  0
LINE
  5
340
330
1F
100
AcDbEntity
  8
AM_0
100
AcDbLine
 10
32.39282580818847
 20
27.35
 30
0.0
 11
31.65
 21
27.35
 31
0.0
  0
LINE
  5
341
330
1F
100
AcDbEntity
  8
AM_0
100
AcDbLine
 10
31.65
 20
27.35
 30
0.0
 11
31.65
 21
27.7
 31
0.0
  0
LINE
  5
342
330
1F
100
AcDbEntity
  8
AM_0
100
AcDbLine
 10
32.43974686797376
 20
26.75
 30
0.0
 11
31.65
 21
26.75
 31
0.0
  0
LINE
  5
343
330
1F
100
AcDbEntity
  8
AM_0
100
AcDbLine
 10
31.65
 20
27.1
 30
0.0
 11
32.41275662115901
 21
27.1
 31
0.0
  0
LINE
  5
344
330
1F
100
AcDbEntity
  8
AM_0
100
AcDbLine
 10
31.65
 20
26.75
 30
0.0
 11
31.65
 21
27.1
 31
0.0
  0
LINE
  5
345
330
1F
100
AcDbEntity
  8
AM_0
100
AcDbLine
 10
32.48353997525078
 20
26.15
 30
0.0
 11
31.65
 21
26.15
 31
0.0
  0
LINE
  5
346
330
1F
100
AcDbEntity
  8
AM_0
100
AcDbLine
 10
31.65
 20
26.5
 30
0.0
 11
32.45837391965046
 21
26.5
 31
0.0
  0
LINE
  5
347
330
1F
100
AcDbEntity
  8
AM_0
100
AcDbLine
 10
31.65
 20
26.15
 30
0.0
 11
31.65
 21
26.5
 31
0.0
  0
LINE
  5
348
330
1F
100
AcDbEntity
  8
AM_0
100
AcDbLine
 10
32.5242086777477
 20
25.55
 30
0.0
 11
31.65
 21
25.55
 31
0.0
  0
LINE
  5
349
330
1F
100
AcDbEntity
  8
AM_0
100
AcDbLine
 10
31.65
 20
25.9
 30
0.0
 11
32.50086477528782
 21
25.9
 31
0.0
  0
LINE
  5
34A
330
1F
100
AcDbEntity
  8
AM_0
100
AcDbLine
 10
31.65
 20
25.55
 30
0.0
 11
31.65
 21
25.9
 31
0.0
  0
LINE
  5
34B
330
1F
100
AcDbEntity
  8
AM_0
100
AcDbLine
 10
32.56175626527806
 20
24.95
 30
0.0
 11
31.65
 21
24.95
 31
0.0
  0
LINE
  5
34C
330
1F
100
AcDbEntity
  8
AM_0
100
AcDbLine
 10
31.65
 20
25.3
 30
0.0
 11
32.54023262816526
 21
25.3
 31
0.0
  0
LINE
  5
34D
330
1F
100
AcDbEntity
  8
AM_0
100
AcDbLine
 10
31.65
 20
24.95
 30
0.0
 11
31.65
 21
25.3
 31
0.0
  0
LINE
  5
34E
330
1F
100
AcDbEntity
  8
AM_0
100
AcDbLine
 10
32.59618577107955
 20
24.34999999999999
 30
0.0
 11
31.65
 21
24.34999999999999
 31
0.0
  0
LINE
  5
34F
330
1F
100
AcDbEntity
  8
AM_0
100
AcDbLine
 10
31.65
 20
24.7
 30
0.0
 11
32.57648066103312
 21
24.7
 31
0.0
  0
LINE
  5
350
330
1F
100
AcDbEntity
  8
AM_0
100
AcDbLine
 10
31.65
 20
24.34999999999999
 30
0.0
 11
31.65
 21
24.7
 31
0.0
  0
LINE
  5
351
330
1F
100
AcDbEntity
  8
AM_0
100
AcDbLine
 10
32.62749997304585
 20
23.75
 30
0.0
 11
31.65
 21
23.75
 31
0.0
  0
LINE
  5
352
330
1F
100
AcDbEntity
  8
AM_0
100
AcDbLine
 10
31.65
 20
24.1
 30
0.0
 11
32.60961180059223
 21
24.1
 31
0.0
  0
LINE
  5
353
330
1F
100
AcDbEntity
  8
AM_0
100
AcDbLine
 10
31.65
 20
23.75
 30
0.0
 11
31.65
 21
24.1
 31
0.0
  0
LINE
  5
354
330
1F
100
AcDbEntity
  8
AM_0
100
AcDbLine
 10
32.65570139485212
 20
23.15
 30
0.0
 11
31.65
 21
23.15
 31
0.0
  0
LINE
  5
355
330
1F
100
AcDbEntity
  8
AM_0
100
AcDbLine
 10
31.65
 20
23.5
 30
0.0
 11
32.63962871868114
 21
23.5
 31
0.0
  0
LINE
  5
356
330
1F
100
AcDbEntity
  8
AM_0
100
AcDbLine
 10
31.65
 20
23.15
 30
0.0
 11
31.65
 21
23.5
 31
0.0
  0
LINE
  5
357
330
1F
100
AcDbEntity
  8
AM_0
100
AcDbLine
 10
32.68079230697585
 20
22.55
 30
0.0
 11
31.65
 21
22.55
 31
0.0
  0
LINE
  5
358
330
1F
100
AcDbEntity
  8
AM_0
100
AcDbLine
 10
31.65
 20
22.9
 30
0.0
 11
32.66653383335789
 21
22.9
 31
0.0
  0
LINE
  5
359
330
1F
100
AcDbEntity
  8
AM_0
100
AcDbLine
 10
31.65
 20
22.55
 30
0.0
 11
31.65
 21
22.9
 31
0.0
  0
LINE
  5
35A
330
1F
100
AcDbEntity
  8
AM_0
100
AcDbLine
 10
32.70277472761353
 20
21.95
 30
0.0
 11
31.65
 21
21.95
 31
0.0
  0
LINE
  5
35B
330
1F
100
AcDbEntity
  8
AM_0
100
AcDbLine
 10
31.65
 20
22.3
 30
0.0
 11
32.69032930987741
 21
22.3
 31
0.0
  0
LINE
  5
35C
330
1F
100
AcDbEntity
  8
AM_0
100
AcDbLine
 10
31.65
 20
21.95
 30
0.0
 11
31.65
 21
22.3
 31
0.0
  0
LINE
  5
35D
330
1F
100
AcDbEntity
  8
AM_0
100
AcDbLine
 10
32.72165042349438
 20
21.35
 30
0.0
 11
31.65
 21
21.35
 31
0.0
  0
LINE
  5
35E
330
1F
100
AcDbEntity
  8
AM_0
100
AcDbLine
 10
31.65
 20
21.7
 30
0.0
 11
32.71101706156522
 21
21.7
 31
0.0
  0
LINE
  5
35F
330
1F
100
AcDbEntity
  8
AM_0
100
AcDbLine
 10
31.65
 20
21.35
 30
0.0
 11
31.65
 21
21.7
 31
0.0
  0
LINE
  5
360
330
1F
100
AcDbEntity
  8
AM_0
100
AcDbLine
 10
21.05
 20
23.15
 30
0.0
 11
21.05
 21
23.5
 31
0.0
  0
LINE
  5
361
330
1F
100
AcDbEntity
  8
AM_0
100
AcDbLine
 10
21.05
 20
23.5
 30
0.0
 11
26.05
 21
23.5
 31
0.0
  0
LINE
  5
362
330
1F
100
AcDbEntity
  8
AM_0
100
AcDbLine
 10
26.05
 20
23.5
 30
0.0
 11
26.05
 21
23.15
 31
0.0
  0
LINE
  5
363
330
1F
100
AcDbEntity
  8
AM_0
100
AcDbLine
 10
26.05
 20
23.15
 30
0.0
 11
21.05
 21
23.15
 31
0.0
  0
LINE
  5
364
330
1F
100
AcDbEntity
  8
AM_0
100
AcDbLine
 10
21.05
 20
22.55
 30
0.0
 11
21.05
 21
22.9
 31
0.0
  0
LINE
  5
365
330
1F
100
AcDbEntity
  8
AM_0
100
AcDbLine
 10
21.05
 20
22.9
 30
0.0
 11
26.05
 21
22.9
 31
0.0
  0
LINE
  5
366
330
1F
100
AcDbEntity
  8
AM_0
100
AcDbLine
 10
26.05
 20
22.9
 30
0.0
 11
26.05
 21
22.55
 31
0.0
  0
LINE
  5
367
330
1F
100
AcDbEntity
  8
AM_0
100
AcDbLine
 10
26.05
 20
22.55
 30
0.0
 11
21.05
 21
22.55
 31
0.0
  0
LINE
  5
368
330
1F
100
AcDbEntity
  8
AM_0
100
AcDbLine
 10
32.75965107210412
 20
19.55
 30
0.0
 11
31.65
 21
19.55
 31
0.0
  0
LINE
  5
369
330
1F
100
AcDbEntity
  8
AM_0
100
AcDbLine
 10
31.65
 20
19.9
 30
0.0
 11
32.75444933742632
 21
19.9
 31
0.0
  0
LINE
  5
36A
330
1F
100
AcDbEntity
  8
AM_0
100
AcDbLine
 10
31.65
 20
19.55
 30
0.0
 11
31.65
 21
19.9
 31
0.0
  0
LINE
  5
36B
330
1F
100
AcDbEntity
  8
AM_0
100
AcDbLine
 10
32.76611252966737
 20
18.95
 30
0.0
 11
31.65
 21
18.95
 31
0.0
  0
LINE
  5
36C
330
1F
100
AcDbEntity
  8
AM_0
100
AcDbLine
 10
31.65
 20
19.3
 30
0.0
 11
32.76272030929577
 21
19.3
 31
0.0
  0
LINE
  5
36D
330
1F
100
AcDbEntity
  8
AM_0
100
AcDbLine
 10
31.65
 20
18.95
 30
0.0
 11
31.65
 21
19.3
 31
0.0
  0
LINE
  5
36E
330
1F
100
AcDbEntity
  8
AM_0
100
AcDbLine
 10
21.05
 20
20.75
 30
0.0
 11
21.05
 21
21.1
 31
0.0
  0
LINE
  5
36F
330
1F
100
AcDbEntity
  8
AM_0
100
AcDbLine
 10
21.05
 20
21.1
 30
0.0
 11
26.05
 21
21.1
 31
0.0
  0
LINE
  5
370
330
1F
100
AcDbEntity
  8
AM_0
100
AcDbLine
 10
26.05
 20
21.1
 30
0.0
 11
26.05
 21
20.75
 31
0.0
  0
LINE
  5
371
330
1F
100
AcDbEntity
  8
AM_0
100
AcDbLine
 10
26.05
 20
20.75
 30
0.0
 11
21.05
 21
20.75
 31
0.0
  0
LINE
  5
372
330
1F
100
AcDbEntity
  8
AM_0
100
AcDbLine
 10
21.05
 20
20.15
 30
0.0
 11
21.05
 21
20.5
 31
0.0
  0
LINE
  5
373
330
1F
100
AcDbEntity
  8
AM_0
100
AcDbLine
 10
21.05
 20
20.5
 30
0.0
 11
26.05
 21
20.5
 31
0.0
  0
LINE
  5
374
330
1F
100
AcDbEntity
  8
AM_0
100
AcDbLine
 10
26.05
 20
20.5
 30
0.0
 11
26.05
 21
20.15
 31
0.0
  0
LINE
  5
375
330
1F
100
AcDbEntity
  8
AM_0
100
AcDbLine
 10
26.05
 20
20.15
 30
0.0
 11
21.05
 21
20.15
 31
0.0
  0
LINE
  5
376
330
1F
100
AcDbEntity
  8
AM_0
100
AcDbLine
 10
21.05
 20
19.55
 30
0.0
 11
21.05
 21
19.9
 31
0.0
  0
LINE
  5
377
330
1F
100
AcDbEntity
  8
AM_0
100
AcDbLine
 10
21.05
 20
19.9
 30
0.0
 11
26.05
 21
19.9
 31
0.0
  0
LINE
  5
378
330
1F
100
AcDbEntity
  8
AM_0
100
AcDbLine
 10
26.05
 20
19.9
 30
0.0
 11
26.05
 21
19.55
 31
0.0
  0
LINE
  5
379
330
1F
100
AcDbEntity
  8
AM_0
100
AcDbLine
 10
26.05
 20
19.55
 30
0.0
 11
21.05
 21
19.55
 31
0.0
  0
LINE
  5
37A
330
1F
100
AcDbEntity
  8
AM_0
100
AcDbLine
 10
21.05
 20
18.95
 30
0.0
 11
21.05
 21
19.3
 31
0.0
  0
LINE
  5
37B
330
1F
100
AcDbEntity
  8
AM_0
100
AcDbLine
 10
21.05
 20
19.3
 30
0.0
 11
26.05
 21
19.3
 31
0.0
  0
LINE
  5
37C
330
1F
100
AcDbEntity
  8
AM_0
100
AcDbLine
 10
26.05
 20
19.3
 30
0.0
 11
26.05
 21
18.95
 31
0.0
  0
LINE
  5
37D
330
1F
100
AcDbEntity
  8
AM_0
100
AcDbLine
 10
26.05
 20
18.95
 30
0.0
 11
21.05
 21
18.95
 31
0.0
  0
LINE
  5
37E
330
1F
100
AcDbEntity
  8
AM_0
100
AcDbLine
 10
21.05
 20
18.35
 30
0.0
 11
21.05
 21
18.7
 31
0.0
  0
LINE
  5
37F
330
1F
100
AcDbEntity
  8
AM_0
100
AcDbLine
 10
21.05
 20
18.7
 30
0.0
 11
26.05
 21
18.7
 31
0.0
  0
LINE
  5
380
330
1F
100
AcDbEntity
  8
AM_0
100
AcDbLine
 10
26.05
 20
18.7
 30
0.0
 11
26.05
 21
18.35
 31
0.0
  0
LINE
  5
381
330
1F
100
AcDbEntity
  8
AM_0
100
AcDbLine
 10
26.05
 20
18.35
 30
0.0
 11
21.05
 21
18.35
 31
0.0
  0
LINE
  5
382
330
1F
100
AcDbEntity
  8
AM_0
100
AcDbLine
 10
21.05
 20
17.75
 30
0.0
 11
21.05
 21
18.1
 31
0.0
  0
LINE
  5
383
330
1F
100
AcDbEntity
  8
AM_0
100
AcDbLine
 10
21.05
 20
18.1
 30
0.0
 11
26.05
 21
18.1
 31
0.0
  0
LINE
  5
384
330
1F
100
AcDbEntity
  8
AM_0
100
AcDbLine
 10
26.05
 20
18.1
 30
0.0
 11
26.05
 21
17.75
 31
0.0
  0
LINE
  5
385
330
1F
100
AcDbEntity
  8
AM_0
100
AcDbLine
 10
26.05
 20
17.75
 30
0.0
 11
21.05
 21
17.75
 31
0.0
  0
LINE
  5
386
330
1F
100
AcDbEntity
  8
AM_0
100
AcDbLine
 10
21.05
 20
17.15
 30
0.0
 11
21.05
 21
17.5
 31
0.0
  0
LINE
  5
387
330
1F
100
AcDbEntity
  8
AM_0
100
AcDbLine
 10
21.05
 20
17.5
 30
0.0
 11
26.05
 21
17.5
 31
0.0
  0
LINE
  5
388
330
1F
100
AcDbEntity
  8
AM_0
100
AcDbLine
 10
26.05
 20
17.5
 30
0.0
 11
26.05
 21
17.15
 31
0.0
  0
LINE
  5
389
330
1F
100
AcDbEntity
  8
AM_0
100
AcDbLine
 10
26.05
 20
17.15
 30
0.0
 11
21.05
 21
17.15
 31
0.0
  0
LINE
  5
38A
330
1F
100
AcDbEntity
  8
AM_0
100
AcDbLine
 10
21.05
 20
16.55
 30
0.0
 11
21.05
 21
16.9
 31
0.0
  0
LINE
  5
38B
330
1F
100
AcDbEntity
  8
AM_0
100
AcDbLine
 10
21.05
 20
16.9
 30
0.0
 11
26.05
 21
16.9
 31
0.0
  0
LINE
  5
38C
330
1F
100
AcDbEntity
  8
AM_0
100
AcDbLine
 10
26.05
 20
16.9
 30
0.0
 11
26.05
 21
16.55
 31
0.0
  0
LINE
  5
38D
330
1F
100
AcDbEntity
  8
AM_0
100
AcDbLine
 10
26.05
 20
16.55
 30
0.0
 11
21.05
 21
16.55
 31
0.0
  0
LINE
  5
38E
330
1F
100
AcDbEntity
  8
AM_0
100
AcDbLine
 10
21.05
 20
15.95
 30
0.0
 11
21.05
 21
16.3
 31
0.0
  0
LINE
  5
38F
330
1F
100
AcDbEntity
  8
AM_0
100
AcDbLine
 10
21.05
 20
16.3
 30
0.0
 11
26.05
 21
16.3
 31
0.0
  0
LINE
  5
390
330
1F
100
AcDbEntity
  8
AM_0
100
AcDbLine
 10
26.05
 20
16.3
 30
0.0
 11
26.05
 21
15.95
 31
0.0
  0
LINE
  5
391
330
1F
100
AcDbEntity
  8
AM_0
100
AcDbLine
 10
26.05
 20
15.95
 30
0.0
 11
21.05
 21
15.95
 31
0.0
  0
LINE
  5
392
330
1F
100
AcDbEntity
  8
AM_0
100
AcDbLine
 10
21.05
 20
15.35
 30
0.0
 11
21.05
 21
15.7
 31
0.0
  0
LINE
  5
393
330
1F
100
AcDbEntity
  8
AM_0
100
AcDbLine
 10
21.05
 20
15.7
 30
0.0
 11
26.05
 21
15.7
 31
0.0
  0
LINE
  5
394
330
1F
100
AcDbEntity
  8
AM_0
100
AcDbLine
 10
26.05
 20
15.7
 30
0.0
 11
26.05
 21
15.35
 31
0.0
  0
LINE
  5
395
330
1F
100
AcDbEntity
  8
AM_0
100
AcDbLine
 10
26.05
 20
15.35
 30
0.0
 11
21.05
 21
15.35
 31
0.0
  0
LINE
  5
396
330
1F
100
AcDbEntity
  8
AM_0
100
AcDbLine
 10
21.05
 20
14.75
 30
0.0
 11
21.05
 21
15.1
 31
0.0
  0
LINE
  5
397
330
1F
100
AcDbEntity
  8
AM_0
100
AcDbLine
 10
21.05
 20
15.1
 30
0.0
 11
26.05
 21
15.1
 31
0.0
  0
LINE
  5
398
330
1F
100
AcDbEntity
  8
AM_0
100
AcDbLine
 10
26.05
 20
15.1
 30
0.0
 11
26.05
 21
14.75
 31
0.0
  0
LINE
  5
399
330
1F
100
AcDbEntity
  8
AM_0
100
AcDbLine
 10
26.05
 20
14.75
 30
0.0
 11
21.05
 21
14.75
 31
0.0
  0
LINE
  5
39A
330
1F
100
AcDbEntity
  8
AM_0
100
AcDbLine
 10
21.05
 20
14.15
 30
0.0
 11
21.05
 21
14.5
 31
0.0
  0
LINE
  5
39B
330
1F
100
AcDbEntity
  8
AM_0
100
AcDbLine
 10
21.05
 20
14.5
 30
0.0
 11
26.05
 21
14.5
 31
0.0
  0
LINE
  5
39C
330
1F
100
AcDbEntity
  8
AM_0
100
AcDbLine
 10
26.05
 20
14.5
 30
0.0
 11
26.05
 21
14.15
 31
0.0
  0
LINE
  5
39D
330
1F
100
AcDbEntity
  8
AM_0
100
AcDbLine
 10
26.05
 20
14.15
 30
0.0
 11
21.05
 21
14.15
 31
0.0
  0
LINE
  5
39E
330
1F
100
AcDbEntity
  8
AM_0
100
AcDbLine
 10
21.05
 20
13.55
 30
0.0
 11
21.05
 21
13.9
 31
0.0
  0
LINE
  5
39F
330
1F
100
AcDbEntity
  8
AM_0
100
AcDbLine
 10
21.05
 20
13.9
 30
0.0
 11
26.05
 21
13.9
 31
0.0
  0
LINE
  5
3A0
330
1F
100
AcDbEntity
  8
AM_0
100
AcDbLine
 10
26.05
 20
13.9
 30
0.0
 11
26.05
 21
13.55
 31
0.0
  0
LINE
  5
3A1
330
1F
100
AcDbEntity
  8
AM_0
100
AcDbLine
 10
26.05
 20
13.55
 30
0.0
 11
21.05
 21
13.55
 31
0.0
  0
LINE
  5
3A2
330
1F
100
AcDbEntity
  8
AM_0
100
AcDbLine
 10
21.05
 20
12.95
 30
0.0
 11
21.05
 21
13.3
 31
0.0
  0
LINE
  5
3A3
330
1F
100
AcDbEntity
  8
AM_0
100
AcDbLine
 10
21.05
 20
13.3
 30
0.0
 11
26.05
 21
13.3
 31
0.0
  0
LINE
  5
3A4
330
1F
100
AcDbEntity
  8
AM_0
100
AcDbLine
 10
26.05
 20
13.3
 30
0.0
 11
26.05
 21
12.95
 31
0.0
  0
LINE
  5
3A5
330
1F
100
AcDbEntity
  8
AM_0
100
AcDbLine
 10
26.05
 20
12.95
 30
0.0
 11
21.05
 21
12.95
 31
0.0
  0
LINE
  5
3A6
330
1F
100
AcDbEntity
  8
AM_0
100
AcDbLine
 10
21.05
 20
12.35
 30
0.0
 11
21.05
 21
12.7
 31
0.0
  0
LINE
  5
3A7
330
1F
100
AcDbEntity
  8
AM_0
100
AcDbLine
 10
21.05
 20
12.7
 30
0.0
 11
26.05
 21
12.7
 31
0.0
  0
LINE
  5
3A8
330
1F
100
AcDbEntity
  8
AM_0
100
AcDbLine
 10
26.05
 20
12.7
 30
0.0
 11
26.05
 21
12.35
 31
0.0
  0
LINE
  5
3A9
330
1F
100
AcDbEntity
  8
AM_0
100
AcDbLine
 10
26.05
 20
12.35
 30
0.0
 11
21.05
 21
12.35
 31
0.0
  0
LINE
  5
3AA
330
1F
100
AcDbEntity
  8
AM_0
100
AcDbLine
 10
21.05
 20
11.75
 30
0.0
 11
21.05
 21
12.1
 31
0.0
  0
LINE
  5
3AB
330
1F
100
AcDbEntity
  8
AM_0
100
AcDbLine
 10
21.05
 20
12.1
 30
0.0
 11
26.05
 21
12.1
 31
0.0
  0
LINE
  5
3AC
330
1F
100
AcDbEntity
  8
AM_0
100
AcDbLine
 10
26.05
 20
12.1
 30
0.0
 11
26.05
 21
11.75
 31
0.0
  0
LINE
  5
3AD
330
1F
100
AcDbEntity
  8
AM_0
100
AcDbLine
 10
26.05
 20
11.75
 30
0.0
 11
21.05
 21
11.75
 31
0.0
  0
LINE
  5
3AE
330
1F
100
AcDbEntity
  8
AM_0
100
AcDbLine
 10
21.05
 20
11.15
 30
0.0
 11
21.05
 21
11.5
 31
0.0
  0
LINE
  5
3AF
330
1F
100
AcDbEntity
  8
AM_0
100
AcDbLine
 10
21.05
 20
11.5
 30
0.0
 11
26.05
 21
11.5
 31
0.0
  0
LINE
  5
3B0
330
1F
100
AcDbEntity
  8
AM_0
100
AcDbLine
 10
26.05
 20
11.5
 30
0.0
 11
26.05
 21
11.15
 31
0.0
  0
LINE
  5
3B1
330
1F
100
AcDbEntity
  8
AM_0
100
AcDbLine
 10
26.05
 20
11.15
 30
0.0
 11
21.05
 21
11.15
 31
0.0
  0
LINE
  5
3B2
330
1F
100
AcDbEntity
  8
AM_0
100
AcDbLine
 10
21.05
 20
10.55
 30
0.0
 11
21.05
 21
10.9
 31
0.0
  0
LINE
  5
3B3
330
1F
100
AcDbEntity
  8
AM_0
100
AcDbLine
 10
21.05
 20
10.9
 30
0.0
 11
26.05
 21
10.9
 31
0.0
  0
LINE
  5
3B4
330
1F
100
AcDbEntity
  8
AM_0
100
AcDbLine
 10
26.05
 20
10.9
 30
0.0
 11
26.05
 21
10.55
 31
0.0
  0
LINE
  5
3B5
330
1F
100
AcDbEntity
  8
AM_0
100
AcDbLine
 10
26.05
 20
10.55
 30
0.0
 11
21.05
 21
10.55
 31
0.0
  0
LINE
  5
3B6
330
1F
100
AcDbEntity
  8
AM_0
100
AcDbLine
 10
21.05
 20
9.95
 30
0.0
 11
21.05
 21
10.3
 31
0.0
  0
LINE
  5
3B7
330
1F
100
AcDbEntity
  8
AM_0
100
AcDbLine
 10
21.05
 20
10.3
 30
0.0
 11
26.05
 21
10.3
 31
0.0
  0
LINE
  5
3B8
330
1F
100
AcDbEntity
  8
AM_0
100
AcDbLine
 10
26.05
 20
10.3
 30
0.0
 11
26.05
 21
9.95
 31
0.0
  0
LINE
  5
3B9
330
1F
100
AcDbEntity
  8
AM_0
100
AcDbLine
 10
26.05
 20
9.95
 30
0.0
 11
21.05
 21
9.95
 31
0.0
  0
LINE
  5
3BA
330
1F
100
AcDbEntity
  8
AM_0
100
AcDbLine
 10
21.05
 20
9.349999999999998
 30
0.0
 11
21.05
 21
9.7
 31
0.0
  0
LINE
  5
3BB
330
1F
100
AcDbEntity
  8
AM_0
100
AcDbLine
 10
21.05
 20
9.7
 30
0.0
 11
26.05
 21
9.7
 31
0.0
  0
LINE
  5
3BC
330
1F
100
AcDbEntity
  8
AM_0
100
AcDbLine
 10
26.05
 20
9.7
 30
0.0
 11
26.05
 21
9.349999999999998
 31
0.0
  0
LINE
  5
3BD
330
1F
100
AcDbEntity
  8
AM_0
100
AcDbLine
 10
26.05
 20
9.349999999999998
 30
0.0
 11
21.05
 21
9.349999999999998
 31
0.0
  0
LINE
  5
3BE
330
1F
100
AcDbEntity
  8
AM_0
100
AcDbLine
 10
21.05
 20
8.75
 30
0.0
 11
21.05
 21
9.100000000000001
 31
0.0
  0
LINE
  5
3BF
330
1F
100
AcDbEntity
  8
AM_0
100
AcDbLine
 10
21.05
 20
9.100000000000001
 30
0.0
 11
26.05
 21
9.100000000000001
 31
0.0
  0
LINE
  5
3C0
330
1F
100
AcDbEntity
  8
AM_0
100
AcDbLine
 10
26.05
 20
9.100000000000001
 30
0.0
 11
26.05
 21
8.75
 31
0.0
  0
LINE
  5
3C1
330
1F
100
AcDbEntity
  8
AM_0
100
AcDbLine
 10
26.05
 20
8.75
 30
0.0
 11
21.05
 21
8.75
 31
0.0
  0
LINE
  5
3C2
330
1F
100
AcDbEntity
  8
AM_0
100
AcDbLine
 10
21.05
 20
8.149999999999999
 30
0.0
 11
21.05
 21
8.5
 31
0.0
  0
LINE
  5
3C3
330
1F
100
AcDbEntity
  8
AM_0
100
AcDbLine
 10
21.05
 20
8.5
 30
0.0
 11
26.05
 21
8.5
 31
0.0
  0
LINE
  5
3C4
330
1F
100
AcDbEntity
  8
AM_0
100
AcDbLine
 10
26.05
 20
8.5
 30
0.0
 11
26.05
 21
8.149999999999999
 31
0.0
  0
LINE
  5
3C5
330
1F
100
AcDbEntity
  8
AM_0
100
AcDbLine
 10
26.05
 20
8.149999999999999
 30
0.0
 11
21.05
 21
8.149999999999999
 31
0.0
  0
LINE
  5
3C6
330
1F
100
AcDbEntity
  8
AM_0
100
AcDbLine
 10
21.05
 20
7.550000000000001
 30
0.0
 11
21.05
 21
7.900000000000001
 31
0.0
  0
LINE
  5
3C7
330
1F
100
AcDbEntity
  8
AM_0
100
AcDbLine
 10
21.05
 20
7.900000000000001
 30
0.0
 11
26.05
 21
7.900000000000001
 31
0.0
  0
LINE
  5
3C8
330
1F
100
AcDbEntity
  8
AM_0
100
AcDbLine
 10
26.05
 20
7.900000000000001
 30
0.0
 11
26.05
 21
7.550000000000001
 31
0.0
  0
LINE
  5
3C9
330
1F
100
AcDbEntity
  8
AM_0
100
AcDbLine
 10
26.05
 20
7.550000000000001
 30
0.0
 11
21.05
 21
7.550000000000001
 31
0.0
  0
LINE
  5
3CA
330
1F
100
AcDbEntity
  8
AM_0
100
AcDbLine
 10
21.05
 20
6.949999999999998
 30
0.0
 11
21.05
 21
7.3
 31
0.0
  0
LINE
  5
3CB
330
1F
100
AcDbEntity
  8
AM_0
100
AcDbLine
 10
21.05
 20
7.3
 30
0.0
 11
26.05
 21
7.3
 31
0.0
  0
LINE
  5
3CC
330
1F
100
AcDbEntity
  8
AM_0
100
AcDbLine
 10
26.05
 20
7.3
 30
0.0
 11
26.05
 21
6.949999999999998
 31
0.0
  0
LINE
  5
3CD
330
1F
100
AcDbEntity
  8
AM_0
100
AcDbLine
 10
26.05
 20
6.949999999999998
 30
0.0
 11
21.05
 21
6.949999999999998
 31
0.0
  0
LINE
  5
3CE
330
1F
100
AcDbEntity
  8
AM_0
100
AcDbLine
 10
21.05
 20
6.349999999999998
 30
0.0
 11
21.05
 21
6.699999999999999
 31
0.0
  0
LINE
  5
3CF
330
1F
100
AcDbEntity
  8
AM_0
100
AcDbLine
 10
21.05
 20
6.699999999999999
 30
0.0
 11
26.05
 21
6.699999999999999
 31
0.0
  0
LINE
  5
3D0
330
1F
100
AcDbEntity
  8
AM_0
100
AcDbLine
 10
26.05
 20
6.699999999999999
 30
0.0
 11
26.05
 21
6.349999999999998
 31
0.0
  0
LINE
  5
3D1
330
1F
100
AcDbEntity
  8
AM_0
100
AcDbLine
 10
26.05
 20
6.349999999999998
 30
0.0
 11
21.05
 21
6.349999999999998
 31
0.0
  0
LINE
  5
3D2
330
1F
100
AcDbEntity
  8
AM_0
100
AcDbLine
 10
21.05
 20
5.75
 30
0.0
 11
21.05
 21
6.100000000000001
 31
0.0
  0
LINE
  5
3D3
330
1F
100
AcDbEntity
  8
AM_0
100
AcDbLine
 10
21.05
 20
6.100000000000001
 30
0.0
 11
26.05
 21
6.100000000000001
 31
0.0
  0
LINE
  5
3D4
330
1F
100
AcDbEntity
  8
AM_0
100
AcDbLine
 10
26.05
 20
6.100000000000001
 30
0.0
 11
26.05
 21
5.75
 31
0.0
  0
LINE
  5
3D5
330
1F
100
AcDbEntity
  8
AM_0
100
AcDbLine
 10
26.05
 20
5.75
 30
0.0
 11
21.05
 21
5.75
 31
0.0
  0
LINE
  5
3D6
330
1F
100
AcDbEntity
  8
AM_0
100
AcDbLine
 10
21.05
 20
5.149999999999999
 30
0.0
 11
21.05
 21
5.5
 31
0.0
  0
LINE
  5
3D7
330
1F
100
AcDbEntity
  8
AM_0
100
AcDbLine
 10
21.05
 20
5.5
 30
0.0
 11
26.05
 21
5.5
 31
0.0
  0
LINE
  5
3D8
330
1F
100
AcDbEntity
  8
AM_0
100
AcDbLine
 10
26.05
 20
5.5
 30
0.0
 11
26.05
 21
5.149999999999999
 31
0.0
  0
LINE
  5
3D9
330
1F
100
AcDbEntity
  8
AM_0
100
AcDbLine
 10
26.05
 20
5.149999999999999
 30
0.0
 11
21.05
 21
5.149999999999999
 31
0.0
  0
LINE
  5
3DA
330
1F
100
AcDbEntity
  8
AM_0
100
AcDbLine
 10
21.05
 20
4.550000000000001
 30
0.0
 11
21.05
 21
4.900000000000002
 31
0.0
  0
LINE
  5
3DB
330
1F
100
AcDbEntity
  8
AM_0
100
AcDbLine
 10
21.05
 20
4.900000000000002
 30
0.0
 11
26.05
 21
4.900000000000002
 31
0.0
  0
LINE
  5
3DC
330
1F
100
AcDbEntity
  8
AM_0
100
AcDbLine
 10
26.05
 20
4.900000000000002
 30
0.0
 11
26.05
 21
4.550000000000001
 31
0.0
  0
LINE
  5
3DD
330
1F
100
AcDbEntity
  8
AM_0
100
AcDbLine
 10
26.05
 20
4.550000000000001
 30
0.0
 11
21.05
 21
4.550000000000001
 31
0.0
  0
LINE
  5
3DE
330
1F
100
AcDbEntity
  8
AM_0
100
AcDbLine
 10
21.05
 20
3.949999999999999
 30
0.0
 11
21.05
 21
4.300000000000001
 31
0.0
  0
LINE
  5
3DF
330
1F
100
AcDbEntity
  8
AM_0
100
AcDbLine
 10
21.05
 20
4.300000000000001
 30
0.0
 11
26.05
 21
4.300000000000001
 31
0.0
  0
LINE
  5
3E0
330
1F
100
AcDbEntity
  8
AM_0
100
AcDbLine
 10
26.05
 20
4.300000000000001
 30
0.0
 11
26.05
 21
3.949999999999999
 31
0.0
  0
LINE
  5
3E1
330
1F
100
AcDbEntity
  8
AM_0
100
AcDbLine
 10
26.05
 20
3.949999999999999
 30
0.0
 11
21.05
 21
3.949999999999999
 31
0.0
  0
LINE
  5
3E2
330
1F
100
AcDbEntity
  8
AM_0
100
AcDbLine
 10
15.75
 20
32.15
 30
0.0
 11
15.75
 21
32.5
 31
0.0
  0
LINE
  5
3E3
330
1F
100
AcDbEntity
  8
AM_0
100
AcDbLine
 10
15.75
 20
32.5
 30
0.0
 11
20.75
 21
32.5
 31
0.0
  0
LINE
  5
3E4
330
1F
100
AcDbEntity
  8
AM_0
100
AcDbLine
 10
20.75
 20
32.5
 30
0.0
 11
20.75
 21
32.15
 31
0.0
  0
LINE
  5
3E5
330
1F
100
AcDbEntity
  8
AM_0
100
AcDbLine
 10
20.75
 20
32.15
 30
0.0
 11
15.75
 21
32.15
 31
0.0
  0
LINE
  5
3E6
330
1F
100
AcDbEntity
  8
AM_0
100
AcDbLine
 10
15.75
 20
31.55
 30
0.0
 11
15.75
 21
31.9
 31
0.0
  0
LINE
  5
3E7
330
1F
100
AcDbEntity
  8
AM_0
100
AcDbLine
 10
15.75
 20
31.9
 30
0.0
 11
20.75
 21
31.9
 31
0.0
  0
LINE
  5
3E8
330
1F
100
AcDbEntity
  8
AM_0
100
AcDbLine
 10
20.75
 20
31.9
 30
0.0
 11
20.75
 21
31.55
 31
0.0
  0
LINE
  5
3E9
330
1F
100
AcDbEntity
  8
AM_0
100
AcDbLine
 10
20.75
 20
31.55
 30
0.0
 11
15.75
 21
31.55
 31
0.0
  0
LINE
  5
3EA
330
1F
100
AcDbEntity
  8
AM_0
100
AcDbLine
 10
15.75
 20
30.95
 30
0.0
 11
15.75
 21
31.3
 31
0.0
  0
LINE
  5
3EB
330
1F
100
AcDbEntity
  8
AM_0
100
AcDbLine
 10
15.75
 20
31.3
 30
0.0
 11
20.75
 21
31.3
 31
0.0
  0
LINE
  5
3EC
330
1F
100
AcDbEntity
  8
AM_0
100
AcDbLine
 10
20.75
 20
31.3
 30
0.0
 11
20.75
 21
30.95
 31
0.0
  0
LINE
  5
3ED
330
1F
100
AcDbEntity
  8
AM_0
100
AcDbLine
 10
20.75
 20
30.95
 30
0.0
 11
15.75
 21
30.95
 31
0.0
  0
LINE
  5
3EE
330
1F
100
AcDbEntity
  8
AM_0
100
AcDbLine
 10
15.75
 20
30.35
 30
0.0
 11
15.75
 21
30.7
 31
0.0
  0
LINE
  5
3EF
330
1F
100
AcDbEntity
  8
AM_0
100
AcDbLine
 10
15.75
 20
30.7
 30
0.0
 11
20.75
 21
30.7
 31
0.0
  0
LINE
  5
3F0
330
1F
100
AcDbEntity
  8
AM_0
100
AcDbLine
 10
20.75
 20
30.7
 30
0.0
 11
20.75
 21
30.35
 31
0.0
  0
LINE
  5
3F1
330
1F
100
AcDbEntity
  8
AM_0
100
AcDbLine
 10
20.75
 20
30.35
 30
0.0
 11
15.75
 21
30.35
 31
0.0
  0
LINE
  5
3F2
330
1F
100
AcDbEntity
  8
AM_0
100
AcDbLine
 10
15.75
 20
29.75
 30
0.0
 11
15.75
 21
30.1
 31
0.0
  0
LINE
  5
3F3
330
1F
100
AcDbEntity
  8
AM_0
100
AcDbLine
 10
15.75
 20
30.1
 30
0.0
 11
20.75
 21
30.1
 31
0.0
  0
LINE
  5
3F4
330
1F
100
AcDbEntity
  8
AM_0
100
AcDbLine
 10
20.75
 20
30.1
 30
0.0
 11
20.75
 21
29.75
 31
0.0
  0
LINE
  5
3F5
330
1F
100
AcDbEntity
  8
AM_0
100
AcDbLine
 10
20.75
 20
29.75
 30
0.0
 11
15.75
 21
29.75
 31
0.0
  0
LINE
  5
3F6
330
1F
100
AcDbEntity
  8
AM_0
100
AcDbLine
 10
15.75
 20
29.15
 30
0.0
 11
15.75
 21
29.5
 31
0.0
  0
LINE
  5
3F7
330
1F
100
AcDbEntity
  8
AM_0
100
AcDbLine
 10
15.75
 20
29.5
 30
0.0
 11
20.75
 21
29.5
 31
0.0
  0
LINE
  5
3F8
330
1F
100
AcDbEntity
  8
AM_0
100
AcDbLine
 10
20.75
 20
29.5
 30
0.0
 11
20.75
 21
29.15
 31
0.0
  0
LINE
  5
3F9
330
1F
100
AcDbEntity
  8
AM_0
100
AcDbLine
 10
20.75
 20
29.15
 30
0.0
 11
15.75
 21
29.15
 31
0.0
  0
LINE
  5
3FA
330
1F
100
AcDbEntity
  8
AM_0
100
AcDbLine
 10
20.75
 20
28.55
 30
0.0
 11
15.75
 21
28.55
 31
0.0
  0
LINE
  5
3FB
330
1F
100
AcDbEntity
  8
AM_0
100
AcDbLine
 10
15.75
 20
28.55
 30
0.0
 11
15.75
 21
28.9
 31
0.0
  0
LINE
  5
3FC
330
1F
100
AcDbEntity
  8
AM_0
100
AcDbLine
 10
15.75
 20
28.9
 30
0.0
 11
20.75
 21
28.9
 31
0.0
  0
LINE
  5
3FD
330
1F
100
AcDbEntity
  8
AM_0
100
AcDbLine
 10
20.75
 20
28.9
 30
0.0
 11
20.75
 21
28.55
 31
0.0
  0
LINE
  5
3FE
330
1F
100
AcDbEntity
  8
AM_0
100
AcDbLine
 10
20.75
 20
27.95
 30
0.0
 11
15.75
 21
27.95
 31
0.0
  0
LINE
  5
3FF
330
1F
100
AcDbEntity
  8
AM_0
100
AcDbLine
 10
15.75
 20
27.95
 30
0.0
 11
15.75
 21
28.3
 31
0.0
  0
LINE
  5
400
330
1F
100
AcDbEntity
  8
AM_0
100
AcDbLine
 10
15.75
 20
28.3
 30
0.0
 11
20.75
 21
28.3
 31
0.0
  0
LINE
  5
401
330
1F
100
AcDbEntity
  8
AM_0
100
AcDbLine
 10
20.75
 20
28.3
 30
0.0
 11
20.75
 21
27.95
 31
0.0
  0
LINE
  5
402
330
1F
100
AcDbEntity
  8
AM_0
100
AcDbLine
 10
20.75
 20
27.35
 30
0.0
 11
15.75
 21
27.35
 31
0.0
  0
LINE
  5
403
330
1F
100
AcDbEntity
  8
AM_0
100
AcDbLine
 10
15.75
 20
27.35
 30
0.0
 11
15.75
 21
27.7
 31
0.0
  0
LINE
  5
404
330
1F
100
AcDbEntity
  8
AM_0
100
AcDbLine
 10
15.75
 20
27.7
 30
0.0
 11
20.75
 21
27.7
 31
0.0
  0
LINE
  5
405
330
1F
100
AcDbEntity
  8
AM_0
100
AcDbLine
 10
20.75
 20
27.7
 30
0.0
 11
20.75
 21
27.35
 31
0.0
  0
LINE
  5
406
330
1F
100
AcDbEntity
  8
AM_0
100
AcDbLine
 10
20.75
 20
26.75
 30
0.0
 11
15.75
 21
26.75
 31
0.0
  0
LINE
  5
407
330
1F
100
AcDbEntity
  8
AM_0
100
AcDbLine
 10
15.75
 20
26.75
 30
0.0
 11
15.75
 21
27.1
 31
0.0
  0
LINE
  5
408
330
1F
100
AcDbEntity
  8
AM_0
100
AcDbLine
 10
15.75
 20
27.1
 30
0.0
 11
20.75
 21
27.1
 31
0.0
  0
LINE
  5
409
330
1F
100
AcDbEntity
  8
AM_0
100
AcDbLine
 10
20.75
 20
27.1
 30
0.0
 11
20.75
 21
26.75
 31
0.0
  0
LINE
  5
40A
330
1F
100
AcDbEntity
  8
AM_0
100
AcDbLine
 10
20.75
 20
26.15
 30
0.0
 11
15.75
 21
26.15
 31
0.0
  0
LINE
  5
40B
330
1F
100
AcDbEntity
  8
AM_0
100
AcDbLine
 10
15.75
 20
26.15
 30
0.0
 11
15.75
 21
26.5
 31
0.0
  0
LINE
  5
40C
330
1F
100
AcDbEntity
  8
AM_0
100
AcDbLine
 10
15.75
 20
26.5
 30
0.0
 11
20.75
 21
26.5
 31
0.0
  0
LINE
  5
40D
330
1F
100
AcDbEntity
  8
AM_0
100
AcDbLine
 10
20.75
 20
26.5
 30
0.0
 11
20.75
 21
26.15
 31
0.0
  0
LINE
  5
40E
330
1F
100
AcDbEntity
  8
AM_0
100
AcDbLine
 10
20.75
 20
25.55
 30
0.0
 11
15.75
 21
25.55
 31
0.0
  0
LINE
  5
40F
330
1F
100
AcDbEntity
  8
AM_0
100
AcDbLine
 10
15.75
 20
25.55
 30
0.0
 11
15.75
 21
25.9
 31
0.0
  0
LINE
  5
410
330
1F
100
AcDbEntity
  8
AM_0
100
AcDbLine
 10
15.75
 20
25.9
 30
0.0
 11
20.75
 21
25.9
 31
0.0
  0
LINE
  5
411
330
1F
100
AcDbEntity
  8
AM_0
100
AcDbLine
 10
20.75
 20
25.9
 30
0.0
 11
20.75
 21
25.55
 31
0.0
  0
LINE
  5
412
330
1F
100
AcDbEntity
  8
AM_0
100
AcDbLine
 10
20.75
 20
24.95
 30
0.0
 11
15.75
 21
24.95
 31
0.0
  0
LINE
  5
413
330
1F
100
AcDbEntity
  8
AM_0
100
AcDbLine
 10
15.75
 20
24.95
 30
0.0
 11
15.75
 21
25.3
 31
0.0
  0
LINE
  5
414
330
1F
100
AcDbEntity
  8
AM_0
100
AcDbLine
 10
15.75
 20
25.3
 30
0.0
 11
20.75
 21
25.3
 31
0.0
  0
LINE
  5
415
330
1F
100
AcDbEntity
  8
AM_0
100
AcDbLine
 10
20.75
 20
25.3
 30
0.0
 11
20.75
 21
24.95
 31
0.0
  0
LINE
  5
416
330
1F
100
AcDbEntity
  8
AM_0
100
AcDbLine
 10
20.75
 20
24.34999999999999
 30
0.0
 11
15.75
 21
24.34999999999999
 31
0.0
  0
LINE
  5
417
330
1F
100
AcDbEntity
  8
AM_0
100
AcDbLine
 10
15.75
 20
24.34999999999999
 30
0.0
 11
15.75
 21
24.7
 31
0.0
  0
LINE
  5
418
330
1F
100
AcDbEntity
  8
AM_0
100
AcDbLine
 10
15.75
 20
24.7
 30
0.0
 11
20.75
 21
24.7
 31
0.0
  0
LINE
  5
419
330
1F
100
AcDbEntity
  8
AM_0
100
AcDbLine
 10
20.75
 20
24.7
 30
0.0
 11
20.75
 21
24.34999999999999
 31
0.0
  0
LINE
  5
41A
330
1F
100
AcDbEntity
  8
AM_0
100
AcDbLine
 10
20.75
 20
23.75
 30
0.0
 11
15.75
 21
23.75
 31
0.0
  0
LINE
  5
41B
330
1F
100
AcDbEntity
  8
AM_0
100
AcDbLine
 10
15.75
 20
23.75
 30
0.0
 11
15.75
 21
24.1
 31
0.0
  0
LINE
  5
41C
330
1F
100
AcDbEntity
  8
AM_0
100
AcDbLine
 10
15.75
 20
24.1
 30
0.0
 11
20.75
 21
24.1
 31
0.0
  0
LINE
  5
41D
330
1F
100
AcDbEntity
  8
AM_0
100
AcDbLine
 10
20.75
 20
24.1
 30
0.0
 11
20.75
 21
23.75
 31
0.0
  0
LINE
  5
41E
330
1F
100
AcDbEntity
  8
AM_0
100
AcDbLine
 10
20.75
 20
23.15
 30
0.0
 11
15.75
 21
23.15
 31
0.0
  0
LINE
  5
41F
330
1F
100
AcDbEntity
  8
AM_0
100
AcDbLine
 10
15.75
 20
23.15
 30
0.0
 11
15.75
 21
23.5
 31
0.0
  0
LINE
  5
420
330
1F
100
AcDbEntity
  8
AM_0
100
AcDbLine
 10
15.75
 20
23.5
 30
0.0
 11
20.75
 21
23.5
 31
0.0
  0
LINE
  5
421
330
1F
100
AcDbEntity
  8
AM_0
100
AcDbLine
 10
20.75
 20
23.5
 30
0.0
 11
20.75
 21
23.15
 31
0.0
  0
LINE
  5
422
330
1F
100
AcDbEntity
  8
AM_0
100
AcDbLine
 10
20.75
 20
22.55
 30
0.0
 11
15.75
 21
22.55
 31
0.0
  0
LINE
  5
423
330
1F
100
AcDbEntity
  8
AM_0
100
AcDbLine
 10
15.75
 20
22.55
 30
0.0
 11
15.75
 21
22.9
 31
0.0
  0
LINE
  5
424
330
1F
100
AcDbEntity
  8
AM_0
100
AcDbLine
 10
15.75
 20
22.9
 30
0.0
 11
20.75
 21
22.9
 31
0.0
  0
LINE
  5
425
330
1F
100
AcDbEntity
  8
AM_0
100
AcDbLine
 10
20.75
 20
22.9
 30
0.0
 11
20.75
 21
22.55
 31
0.0
  0
LINE
  5
426
330
1F
100
AcDbEntity
  8
AM_0
100
AcDbLine
 10
20.75
 20
21.95
 30
0.0
 11
15.75
 21
21.95
 31
0.0
  0
LINE
  5
427
330
1F
100
AcDbEntity
  8
AM_0
100
AcDbLine
 10
15.75
 20
21.95
 30
0.0
 11
15.75
 21
22.3
 31
0.0
  0
LINE
  5
428
330
1F
100
AcDbEntity
  8
AM_0
100
AcDbLine
 10
15.75
 20
22.3
 30
0.0
 11
20.75
 21
22.3
 31
0.0
  0
LINE
  5
429
330
1F
100
AcDbEntity
  8
AM_0
100
AcDbLine
 10
20.75
 20
22.3
 30
0.0
 11
20.75
 21
21.95
 31
0.0
  0
LINE
  5
42A
330
1F
100
AcDbEntity
  8
AM_0
100
AcDbLine
 10
20.75
 20
21.35
 30
0.0
 11
15.75
 21
21.35
 31
0.0
  0
LINE
  5
42B
330
1F
100
AcDbEntity
  8
AM_0
100
AcDbLine
 10
15.75
 20
21.35
 30
0.0
 11
15.75
 21
21.7
 31
0.0
  0
LINE
  5
42C
330
1F
100
AcDbEntity
  8
AM_0
100
AcDbLine
 10
15.75
 20
21.7
 30
0.0
 11
20.75
 21
21.7
 31
0.0
  0
LINE
  5
42D
330
1F
100
AcDbEntity
  8
AM_0
100
AcDbLine
 10
20.75
 20
21.7
 30
0.0
 11
20.75
 21
21.35
 31
0.0
  0
LINE
  5
42E
330
1F
100
AcDbEntity
  8
AM_0
100
AcDbLine
 10
20.75
 20
20.75
 30
0.0
 11
15.75
 21
20.75
 31
0.0
  0
LINE
  5
42F
330
1F
100
AcDbEntity
  8
AM_0
100
AcDbLine
 10
15.75
 20
20.75
 30
0.0
 11
15.75
 21
21.1
 31
0.0
  0
LINE
  5
430
330
1F
100
AcDbEntity
  8
AM_0
100
AcDbLine
 10
15.75
 20
21.1
 30
0.0
 11
20.75
 21
21.1
 31
0.0
  0
LINE
  5
431
330
1F
100
AcDbEntity
  8
AM_0
100
AcDbLine
 10
20.75
 20
21.1
 30
0.0
 11
20.75
 21
20.75
 31
0.0
  0
LINE
  5
432
330
1F
100
AcDbEntity
  8
AM_0
100
AcDbLine
 10
20.75
 20
20.15
 30
0.0
 11
15.75
 21
20.15
 31
0.0
  0
LINE
  5
433
330
1F
100
AcDbEntity
  8
AM_0
100
AcDbLine
 10
15.75
 20
20.15
 30
0.0
 11
15.75
 21
20.5
 31
0.0
  0
LINE
  5
434
330
1F
100
AcDbEntity
  8
AM_0
100
AcDbLine
 10
15.75
 20
20.5
 30
0.0
 11
20.75
 21
20.5
 31
0.0
  0
LINE
  5
435
330
1F
100
AcDbEntity
  8
AM_0
100
AcDbLine
 10
20.75
 20
20.5
 30
0.0
 11
20.75
 21
20.15
 31
0.0
  0
LINE
  5
436
330
1F
100
AcDbEntity
  8
AM_0
100
AcDbLine
 10
20.75
 20
19.55
 30
0.0
 11
15.75
 21
19.55
 31
0.0
  0
LINE
  5
437
330
1F
100
AcDbEntity
  8
AM_0
100
AcDbLine
 10
15.75
 20
19.55
 30
0.0
 11
15.75
 21
19.9
 31
0.0
  0
LINE
  5
438
330
1F
100
AcDbEntity
  8
AM_0
100
AcDbLine
 10
15.75
 20
19.9
 30
0.0
 11
20.75
 21
19.9
 31
0.0
  0
LINE
  5
439
330
1F
100
AcDbEntity
  8
AM_0
100
AcDbLine
 10
20.75
 20
19.9
 30
0.0
 11
20.75
 21
19.55
 31
0.0
  0
LINE
  5
43A
330
1F
100
AcDbEntity
  8
AM_0
100
AcDbLine
 10
3.237279690704221
 20
19.29999999999999
 30
0.0
 11
4.850000000000001
 21
19.29999999999999
 31
0.0
  0
LINE
  5
43B
330
1F
100
AcDbEntity
  8
AM_0
100
AcDbLine
 10
4.850000000000001
 20
19.29999999999999
 30
0.0
 11
4.850000000000001
 21
18.95000000000001
 31
0.0
  0
LINE
  5
43C
330
1F
100
AcDbEntity
  8
AM_0
100
AcDbLine
 10
4.850000000000001
 20
18.95000000000001
 30
0.0
 11
3.233887470332621
 21
18.95000000000001
 31
0.0
  0
LINE
  5
43D
330
1F
100
AcDbEntity
  8
AM_0
100
AcDbLine
 10
21.05
 20
30.95
 30
0.0
 11
21.05
 21
31.3
 31
0.0
  0
LINE
  5
43E
330
1F
100
AcDbEntity
  8
AM_0
100
AcDbLine
 10
21.05
 20
31.3
 30
0.0
 11
26.05
 21
31.3
 31
0.0
  0
LINE
  5
43F
330
1F
100
AcDbEntity
  8
AM_0
100
AcDbLine
 10
26.05
 20
31.3
 30
0.0
 11
26.05
 21
30.95
 31
0.0
  0
LINE
  5
440
330
1F
100
AcDbEntity
  8
AM_0
100
AcDbLine
 10
26.05
 20
30.95
 30
0.0
 11
21.05
 21
30.95
 31
0.0
  0
LINE
  5
441
330
1F
100
AcDbEntity
  8
AM_0
100
AcDbLine
 10
21.05
 20
30.35
 30
0.0
 11
21.05
 21
30.7
 31
0.0
  0
LINE
  5
442
330
1F
100
AcDbEntity
  8
AM_0
100
AcDbLine
 10
21.05
 20
30.7
 30
0.0
 11
26.05
 21
30.7
 31
0.0
  0
LINE
  5
443
330
1F
100
AcDbEntity
  8
AM_0
100
AcDbLine
 10
26.05
 20
30.7
 30
0.0
 11
26.05
 21
30.35
 31
0.0
  0
LINE
  5
444
330
1F
100
AcDbEntity
  8
AM_0
100
AcDbLine
 10
26.05
 20
30.35
 30
0.0
 11
21.05
 21
30.35
 31
0.0
  0
LINE
  5
445
330
1F
100
AcDbEntity
  8
AM_0
100
AcDbLine
 10
21.05
 20
29.75
 30
0.0
 11
21.05
 21
30.1
 31
0.0
  0
LINE
  5
446
330
1F
100
AcDbEntity
  8
AM_0
100
AcDbLine
 10
21.05
 20
30.1
 30
0.0
 11
26.05
 21
30.1
 31
0.0
  0
LINE
  5
447
330
1F
100
AcDbEntity
  8
AM_0
100
AcDbLine
 10
26.05
 20
30.1
 30
0.0
 11
26.05
 21
29.75
 31
0.0
  0
LINE
  5
448
330
1F
100
AcDbEntity
  8
AM_0
100
AcDbLine
 10
26.05
 20
29.75
 30
0.0
 11
21.05
 21
29.75
 31
0.0
  0
LINE
  5
449
330
1F
100
AcDbEntity
  8
AM_0
100
AcDbLine
 10
21.05
 20
29.15
 30
0.0
 11
21.05
 21
29.5
 31
0.0
  0
LINE
  5
44A
330
1F
100
AcDbEntity
  8
AM_0
100
AcDbLine
 10
21.05
 20
29.5
 30
0.0
 11
26.05
 21
29.5
 31
0.0
  0
LINE
  5
44B
330
1F
100
AcDbEntity
  8
AM_0
100
AcDbLine
 10
26.05
 20
29.5
 30
0.0
 11
26.05
 21
29.15
 31
0.0
  0
LINE
  5
44C
330
1F
100
AcDbEntity
  8
AM_0
100
AcDbLine
 10
26.05
 20
29.15
 30
0.0
 11
21.05
 21
29.15
 31
0.0
  0
LINE
  5
44D
330
1F
100
AcDbEntity
  8
AM_0
100
AcDbLine
 10
21.05
 20
28.55
 30
0.0
 11
21.05
 21
28.9
 31
0.0
  0
LINE
  5
44E
330
1F
100
AcDbEntity
  8
AM_0
100
AcDbLine
 10
21.05
 20
28.9
 30
0.0
 11
26.05
 21
28.9
 31
0.0
  0
LINE
  5
44F
330
1F
100
AcDbEntity
  8
AM_0
100
AcDbLine
 10
26.05
 20
28.9
 30
0.0
 11
26.05
 21
28.55
 31
0.0
  0
LINE
  5
450
330
1F
100
AcDbEntity
  8
AM_0
100
AcDbLine
 10
26.05
 20
28.55
 30
0.0
 11
21.05
 21
28.55
 31
0.0
  0
LINE
  5
451
330
1F
100
AcDbEntity
  8
AM_0
100
AcDbLine
 10
21.05
 20
27.95
 30
0.0
 11
21.05
 21
28.3
 31
0.0
  0
LINE
  5
452
330
1F
100
AcDbEntity
  8
AM_0
100
AcDbLine
 10
21.05
 20
28.3
 30
0.0
 11
26.05
 21
28.3
 31
0.0
  0
LINE
  5
453
330
1F
100
AcDbEntity
  8
AM_0
100
AcDbLine
 10
26.05
 20
28.3
 30
0.0
 11
26.05
 21
27.95
 31
0.0
  0
LINE
  5
454
330
1F
100
AcDbEntity
  8
AM_0
100
AcDbLine
 10
26.05
 20
27.95
 30
0.0
 11
21.05
 21
27.95
 31
0.0
  0
LINE
  5
455
330
1F
100
AcDbEntity
  8
AM_0
100
AcDbLine
 10
21.05
 20
27.35
 30
0.0
 11
21.05
 21
27.7
 31
0.0
  0
LINE
  5
456
330
1F
100
AcDbEntity
  8
AM_0
100
AcDbLine
 10
21.05
 20
27.7
 30
0.0
 11
26.05
 21
27.7
 31
0.0
  0
LINE
  5
457
330
1F
100
AcDbEntity
  8
AM_0
100
AcDbLine
 10
26.05
 20
27.7
 30
0.0
 11
26.05
 21
27.35
 31
0.0
  0
LINE
  5
458
330
1F
100
AcDbEntity
  8
AM_0
100
AcDbLine
 10
26.05
 20
27.35
 30
0.0
 11
21.05
 21
27.35
 31
0.0
  0
LINE
  5
459
330
1F
100
AcDbEntity
  8
AM_0
100
AcDbLine
 10
21.05
 20
26.75
 30
0.0
 11
21.05
 21
27.1
 31
0.0
  0
LINE
  5
45A
330
1F
100
AcDbEntity
  8
AM_0
100
AcDbLine
 10
21.05
 20
27.1
 30
0.0
 11
26.05
 21
27.1
 31
0.0
  0
LINE
  5
45B
330
1F
100
AcDbEntity
  8
AM_0
100
AcDbLine
 10
26.05
 20
27.1
 30
0.0
 11
26.05
 21
26.75
 31
0.0
  0
LINE
  5
45C
330
1F
100
AcDbEntity
  8
AM_0
100
AcDbLine
 10
26.05
 20
26.75
 30
0.0
 11
21.05
 21
26.75
 31
0.0
  0
LINE
  5
45D
330
1F
100
AcDbEntity
  8
AM_0
100
AcDbLine
 10
21.05
 20
26.15
 30
0.0
 11
21.05
 21
26.5
 31
0.0
  0
LINE
  5
45E
330
1F
100
AcDbEntity
  8
AM_0
100
AcDbLine
 10
21.05
 20
26.5
 30
0.0
 11
26.05
 21
26.5
 31
0.0
  0
LINE
  5
45F
330
1F
100
AcDbEntity
  8
AM_0
100
AcDbLine
 10
26.05
 20
26.5
 30
0.0
 11
26.05
 21
26.15
 31
0.0
  0
LINE
  5
460
330
1F
100
AcDbEntity
  8
AM_0
100
AcDbLine
 10
26.05
 20
26.15
 30
0.0
 11
21.05
 21
26.15
 31
0.0
  0
LINE
  5
461
330
1F
100
AcDbEntity
  8
AM_0
100
AcDbLine
 10
21.05
 20
25.55
 30
0.0
 11
21.05
 21
25.9
 31
0.0
  0
LINE
  5
462
330
1F
100
AcDbEntity
  8
AM_0
100
AcDbLine
 10
21.05
 20
25.9
 30
0.0
 11
26.05
 21
25.9
 31
0.0
  0
LINE
  5
463
330
1F
100
AcDbEntity
  8
AM_0
100
AcDbLine
 10
26.05
 20
25.9
 30
0.0
 11
26.05
 21
25.55
 31
0.0
  0
LINE
  5
464
330
1F
100
AcDbEntity
  8
AM_0
100
AcDbLine
 10
26.05
 20
25.55
 30
0.0
 11
21.05
 21
25.55
 31
0.0
  0
LINE
  5
465
330
1F
100
AcDbEntity
  8
AM_0
100
AcDbLine
 10
21.05
 20
24.95
 30
0.0
 11
21.05
 21
25.3
 31
0.0
  0
LINE
  5
466
330
1F
100
AcDbEntity
  8
AM_0
100
AcDbLine
 10
21.05
 20
25.3
 30
0.0
 11
26.05
 21
25.3
 31
0.0
  0
LINE
  5
467
330
1F
100
AcDbEntity
  8
AM_0
100
AcDbLine
 10
26.05
 20
25.3
 30
0.0
 11
26.05
 21
24.95
 31
0.0
  0
LINE
  5
468
330
1F
100
AcDbEntity
  8
AM_0
100
AcDbLine
 10
26.05
 20
24.95
 30
0.0
 11
21.05
 21
24.95
 31
0.0
  0
LINE
  5
469
330
1F
100
AcDbEntity
  8
AM_0
100
AcDbLine
 10
21.05
 20
24.34999999999999
 30
0.0
 11
21.05
 21
24.7
 31
0.0
  0
LINE
  5
46A
330
1F
100
AcDbEntity
  8
AM_0
100
AcDbLine
 10
21.05
 20
24.7
 30
0.0
 11
26.05
 21
24.7
 31
0.0
  0
LINE
  5
46B
330
1F
100
AcDbEntity
  8
AM_0
100
AcDbLine
 10
26.05
 20
24.7
 30
0.0
 11
26.05
 21
24.34999999999999
 31
0.0
  0
LINE
  5
46C
330
1F
100
AcDbEntity
  8
AM_0
100
AcDbLine
 10
26.05
 20
24.34999999999999
 30
0.0
 11
21.05
 21
24.34999999999999
 31
0.0
  0
LINE
  5
46D
330
1F
100
AcDbEntity
  8
AM_0
100
AcDbLine
 10
21.05
 20
23.75
 30
0.0
 11
21.05
 21
24.1
 31
0.0
  0
LINE
  5
46E
330
1F
100
AcDbEntity
  8
AM_0
100
AcDbLine
 10
21.05
 20
24.1
 30
0.0
 11
26.05
 21
24.1
 31
0.0
  0
LINE
  5
46F
330
1F
100
AcDbEntity
  8
AM_0
100
AcDbLine
 10
26.05
 20
24.1
 30
0.0
 11
26.05
 21
23.75
 31
0.0
  0
LINE
  5
470
330
1F
100
AcDbEntity
  8
AM_0
100
AcDbLine
 10
26.05
 20
23.75
 30
0.0
 11
21.05
 21
23.75
 31
0.0
  0
LINE
  5
471
330
1F
100
AcDbEntity
  8
AM_0
100
AcDbLine
 10
3.447338197329486
 20
10.90000000000002
 30
0.0
 11
4.850000000000001
 21
10.90000000000002
 31
0.0
  0
LINE
  5
472
330
1F
100
AcDbEntity
  8
AM_0
100
AcDbLine
 10
4.850000000000001
 20
10.54999999999999
 30
0.0
 11
3.469316731987448
 21
10.54999999999999
 31
0.0
  0
LINE
  5
473
330
1F
100
AcDbEntity
  8
AM_0
100
AcDbLine
 10
4.850000000000001
 20
10.90000000000002
 30
0.0
 11
4.850000000000001
 21
10.54999999999999
 31
0.0
  0
LINE
  5
474
330
1F
100
AcDbEntity
  8
AM_0
100
AcDbLine
 10
3.485665769234817
 20
10.29999999999999
 30
0.0
 11
4.850000000000001
 21
10.29999999999999
 31
0.0
  0
LINE
  5
475
330
1F
100
AcDbEntity
  8
AM_0
100
AcDbLine
 10
4.850000000000001
 20
9.950000000000006
 30
0.0
 11
3.509465027142463
 21
9.950000000000006
 31
0.0
  0
LINE
  5
476
330
1F
100
AcDbEntity
  8
AM_0
100
AcDbLine
 10
4.850000000000001
 20
10.29999999999999
 30
0.0
 11
4.850000000000001
 21
9.950000000000006
 31
0.0
  0
LINE
  5
477
330
1F
100
AcDbEntity
  8
AM_0
100
AcDbLine
 10
21.05
 20
21.95
 30
0.0
 11
21.05
 21
22.3
 31
0.0
  0
LINE
  5
478
330
1F
100
AcDbEntity
  8
AM_0
100
AcDbLine
 10
21.05
 20
22.3
 30
0.0
 11
26.05
 21
22.3
 31
0.0
  0
LINE
  5
479
330
1F
100
AcDbEntity
  8
AM_0
100
AcDbLine
 10
26.05
 20
22.3
 30
0.0
 11
26.05
 21
21.95
 31
0.0
  0
LINE
  5
47A
330
1F
100
AcDbEntity
  8
AM_0
100
AcDbLine
 10
26.05
 20
21.95
 30
0.0
 11
21.05
 21
21.95
 31
0.0
  0
LINE
  5
47B
330
1F
100
AcDbEntity
  8
AM_0
100
AcDbLine
 10
21.05
 20
21.35
 30
0.0
 11
21.05
 21
21.7
 31
0.0
  0
LINE
  5
47C
330
1F
100
AcDbEntity
  8
AM_0
100
AcDbLine
 10
21.05
 20
21.7
 30
0.0
 11
26.05
 21
21.7
 31
0.0
  0
LINE
  5
47D
330
1F
100
AcDbEntity
  8
AM_0
100
AcDbLine
 10
26.05
 20
21.7
 30
0.0
 11
26.05
 21
21.35
 31
0.0
  0
LINE
  5
47E
330
1F
100
AcDbEntity
  8
AM_0
100
AcDbLine
 10
26.05
 20
21.35
 30
0.0
 11
21.05
 21
21.35
 31
0.0
  0
LINE
  5
47F
330
1F
100
AcDbEntity
  8
AM_0
100
AcDbLine
 10
15.75
 20
8.149999999999999
 30
0.0
 11
15.75
 21
8.5
 31
0.0
  0
LINE
  5
480
330
1F
100
AcDbEntity
  8
AM_0
100
AcDbLine
 10
15.75
 20
8.5
 30
0.0
 11
20.75
 21
8.5
 31
0.0
  0
LINE
  5
481
330
1F
100
AcDbEntity
  8
AM_0
100
AcDbLine
 10
20.75
 20
8.5
 30
0.0
 11
20.75
 21
8.149999999999999
 31
0.0
  0
LINE
  5
482
330
1F
100
AcDbEntity
  8
AM_0
100
AcDbLine
 10
20.75
 20
8.149999999999999
 30
0.0
 11
15.75
 21
8.149999999999999
 31
0.0
  0
LINE
  5
483
330
1F
100
AcDbEntity
  8
AM_0
100
AcDbLine
 10
15.75
 20
7.550000000000001
 30
0.0
 11
15.75
 21
7.900000000000001
 31
0.0
  0
LINE
  5
484
330
1F
100
AcDbEntity
  8
AM_0
100
AcDbLine
 10
15.75
 20
7.900000000000001
 30
0.0
 11
20.75
 21
7.900000000000001
 31
0.0
  0
LINE
  5
485
330
1F
100
AcDbEntity
  8
AM_0
100
AcDbLine
 10
20.75
 20
7.900000000000001
 30
0.0
 11
20.75
 21
7.550000000000001
 31
0.0
  0
LINE
  5
486
330
1F
100
AcDbEntity
  8
AM_0
100
AcDbLine
 10
20.75
 20
7.550000000000001
 30
0.0
 11
15.75
 21
7.550000000000001
 31
0.0
  0
LINE
  5
487
330
1F
100
AcDbEntity
  8
AM_0
100
AcDbLine
 10
15.75
 20
6.949999999999998
 30
0.0
 11
15.75
 21
7.3
 31
0.0
  0
LINE
  5
488
330
1F
100
AcDbEntity
  8
AM_0
100
AcDbLine
 10
15.75
 20
7.3
 30
0.0
 11
20.75
 21
7.3
 31
0.0
  0
LINE
  5
489
330
1F
100
AcDbEntity
  8
AM_0
100
AcDbLine
 10
20.75
 20
7.3
 30
0.0
 11
20.75
 21
6.949999999999998
 31
0.0
  0
LINE
  5
48A
330
1F
100
AcDbEntity
  8
AM_0
100
AcDbLine
 10
20.75
 20
6.949999999999998
 30
0.0
 11
15.75
 21
6.949999999999998
 31
0.0
  0
LINE
  5
48B
330
1F
100
AcDbEntity
  8
AM_0
100
AcDbLine
 10
15.75
 20
6.349999999999998
 30
0.0
 11
15.75
 21
6.699999999999999
 31
0.0
  0
LINE
  5
48C
330
1F
100
AcDbEntity
  8
AM_0
100
AcDbLine
 10
15.75
 20
6.699999999999999
 30
0.0
 11
20.75
 21
6.699999999999999
 31
0.0
  0
LINE
  5
48D
330
1F
100
AcDbEntity
  8
AM_0
100
AcDbLine
 10
20.75
 20
6.699999999999999
 30
0.0
 11
20.75
 21
6.349999999999998
 31
0.0
  0
LINE
  5
48E
330
1F
100
AcDbEntity
  8
AM_0
100
AcDbLine
 10
20.75
 20
6.349999999999998
 30
0.0
 11
15.75
 21
6.349999999999998
 31
0.0
  0
LINE
  5
48F
330
1F
100
AcDbEntity
  8
AM_0
100
AcDbLine
 10
15.75
 20
5.75
 30
0.0
 11
15.75
 21
6.100000000000001
 31
0.0
  0
LINE
  5
490
330
1F
100
AcDbEntity
  8
AM_0
100
AcDbLine
 10
15.75
 20
6.100000000000001
 30
0.0
 11
20.75
 21
6.100000000000001
 31
0.0
  0
LINE
  5
491
330
1F
100
AcDbEntity
  8
AM_0
100
AcDbLine
 10
20.75
 20
6.100000000000001
 30
0.0
 11
20.75
 21
5.75
 31
0.0
  0
LINE
  5
492
330
1F
100
AcDbEntity
  8
AM_0
100
AcDbLine
 10
20.75
 20
5.75
 30
0.0
 11
15.75
 21
5.75
 31
0.0
  0
LINE
  5
493
330
1F
100
AcDbEntity
  8
AM_0
100
AcDbLine
 10
15.75
 20
5.149999999999999
 30
0.0
 11
15.75
 21
5.5
 31
0.0
  0
LINE
  5
494
330
1F
100
AcDbEntity
  8
AM_0
100
AcDbLine
 10
15.75
 20
5.5
 30
0.0
 11
20.75
 21
5.5
 31
0.0
  0
LINE
  5
495
330
1F
100
AcDbEntity
  8
AM_0
100
AcDbLine
 10
20.75
 20
5.5
 30
0.0
 11
20.75
 21
5.149999999999999
 31
0.0
  0
LINE
  5
496
330
1F
100
AcDbEntity
  8
AM_0
100
AcDbLine
 10
20.75
 20
5.149999999999999
 30
0.0
 11
15.75
 21
5.149999999999999
 31
0.0
  0
LINE
  5
497
330
1F
100
AcDbEntity
  8
AM_0
100
AcDbLine
 10
15.75
 20
4.550000000000001
 30
0.0
 11
15.75
 21
4.900000000000002
 31
0.0
  0
LINE
  5
498
330
1F
100
AcDbEntity
  8
AM_0
100
AcDbLine
 10
15.75
 20
4.900000000000002
 30
0.0
 11
20.75
 21
4.900000000000002
 31
0.0
  0
LINE
  5
499
330
1F
100
AcDbEntity
  8
AM_0
100
AcDbLine
 10
20.75
 20
4.900000000000002
 30
0.0
 11
20.75
 21
4.550000000000001
 31
0.0
  0
LINE
  5
49A
330
1F
100
AcDbEntity
  8
AM_0
100
AcDbLine
 10
20.75
 20
4.550000000000001
 30
0.0
 11
15.75
 21
4.550000000000001
 31
0.0
  0
LINE
  5
49B
330
1F
100
AcDbEntity
  8
AM_0
100
AcDbLine
 10
15.75
 20
3.949999999999999
 30
0.0
 11
15.75
 21
4.300000000000001
 31
0.0
  0
LINE
  5
49C
330
1F
100
AcDbEntity
  8
AM_0
100
AcDbLine
 10
15.75
 20
4.300000000000001
 30
0.0
 11
20.75
 21
4.300000000000001
 31
0.0
  0
LINE
  5
49D
330
1F
100
AcDbEntity
  8
AM_0
100
AcDbLine
 10
20.75
 20
4.300000000000001
 30
0.0
 11
20.75
 21
3.949999999999999
 31
0.0
  0
LINE
  5
49E
330
1F
100
AcDbEntity
  8
AM_0
100
AcDbLine
 10
20.75
 20
3.949999999999999
 30
0.0
 11
15.75
 21
3.949999999999999
 31
0.0
  0
LINE
  5
49F
330
1F
100
AcDbEntity
  8
AM_0
100
AcDbLine
 10
15.75
 20
3.350000000000001
 30
0.0
 11
15.75
 21
3.700000000000002
 31
0.0
  0
LINE
  5
4A0
330
1F
100
AcDbEntity
  8
AM_0
100
AcDbLine
 10
15.75
 20
3.700000000000002
 30
0.0
 11
20.75
 21
3.700000000000002
 31
0.0
  0
LINE
  5
4A1
330
1F
100
AcDbEntity
  8
AM_0
100
AcDbLine
 10
20.75
 20
3.700000000000002
 30
0.0
 11
20.75
 21
3.350000000000001
 31
0.0
  0
LINE
  5
4A2
330
1F
100
AcDbEntity
  8
AM_0
100
AcDbLine
 10
20.75
 20
3.350000000000001
 30
0.0
 11
15.75
 21
3.350000000000001
 31
0.0
  0
LINE
  5
4A3
330
1F
100
AcDbEntity
  8
AM_0
100
AcDbLine
 10
10.45
 20
32.15000000000001
 30
0.0
 11
10.45
 21
32.5
 31
0.0
  0
LINE
  5
4A4
330
1F
100
AcDbEntity
  8
AM_0
100
AcDbLine
 10
10.45
 20
32.5
 30
0.0
 11
15.45
 21
32.5
 31
0.0
  0
LINE
  5
4A5
330
1F
100
AcDbEntity
  8
AM_0
100
AcDbLine
 10
15.45
 20
32.5
 30
0.0
 11
15.45
 21
32.15000000000001
 31
0.0
  0
LINE
  5
4A6
330
1F
100
AcDbEntity
  8
AM_0
100
AcDbLine
 10
15.45
 20
32.15000000000001
 30
0.0
 11
10.45
 21
32.15000000000001
 31
0.0
  0
LINE
  5
4A7
330
1F
100
AcDbEntity
  8
AM_0
100
AcDbLine
 10
10.45
 20
31.55
 30
0.0
 11
10.45
 21
31.90000000000001
 31
0.0
  0
LINE
  5
4A8
330
1F
100
AcDbEntity
  8
AM_0
100
AcDbLine
 10
10.45
 20
31.90000000000001
 30
0.0
 11
15.45
 21
31.90000000000001
 31
0.0
  0
LINE
  5
4A9
330
1F
100
AcDbEntity
  8
AM_0
100
AcDbLine
 10
15.45
 20
31.90000000000001
 30
0.0
 11
15.45
 21
31.55
 31
0.0
  0
LINE
  5
4AA
330
1F
100
AcDbEntity
  8
AM_0
100
AcDbLine
 10
15.45
 20
31.55
 30
0.0
 11
10.45
 21
31.55
 31
0.0
  0
LINE
  5
4AB
330
1F
100
AcDbEntity
  8
AM_0
100
AcDbLine
 10
10.45
 20
30.95000000000001
 30
0.0
 11
10.45
 21
31.29999999999999
 31
0.0
  0
LINE
  5
4AC
330
1F
100
AcDbEntity
  8
AM_0
100
AcDbLine
 10
10.45
 20
31.29999999999999
 30
0.0
 11
15.45
 21
31.29999999999999
 31
0.0
  0
LINE
  5
4AD
330
1F
100
AcDbEntity
  8
AM_0
100
AcDbLine
 10
15.45
 20
31.29999999999999
 30
0.0
 11
15.45
 21
30.95000000000001
 31
0.0
  0
LINE
  5
4AE
330
1F
100
AcDbEntity
  8
AM_0
100
AcDbLine
 10
15.45
 20
30.95000000000001
 30
0.0
 11
10.45
 21
30.95000000000001
 31
0.0
  0
LINE
  5
4AF
330
1F
100
AcDbEntity
  8
AM_0
100
AcDbLine
 10
10.45
 20
30.34999999999999
 30
0.0
 11
10.45
 21
30.70000000000001
 31
0.0
  0
LINE
  5
4B0
330
1F
100
AcDbEntity
  8
AM_0
100
AcDbLine
 10
10.45
 20
30.70000000000001
 30
0.0
 11
15.45
 21
30.70000000000001
 31
0.0
  0
LINE
  5
4B1
330
1F
100
AcDbEntity
  8
AM_0
100
AcDbLine
 10
15.45
 20
30.70000000000001
 30
0.0
 11
15.45
 21
30.34999999999999
 31
0.0
  0
LINE
  5
4B2
330
1F
100
AcDbEntity
  8
AM_0
100
AcDbLine
 10
15.45
 20
30.34999999999999
 30
0.0
 11
10.45
 21
30.34999999999999
 31
0.0
  0
LINE
  5
4B3
330
1F
100
AcDbEntity
  8
AM_0
100
AcDbLine
 10
10.45
 20
29.75
 30
0.0
 11
10.45
 21
30.09999999999999
 31
0.0
  0
LINE
  5
4B4
330
1F
100
AcDbEntity
  8
AM_0
100
AcDbLine
 10
10.45
 20
30.09999999999999
 30
0.0
 11
15.45
 21
30.09999999999999
 31
0.0
  0
LINE
  5
4B5
330
1F
100
AcDbEntity
  8
AM_0
100
AcDbLine
 10
15.45
 20
30.09999999999999
 30
0.0
 11
15.45
 21
29.75
 31
0.0
  0
LINE
  5
4B6
330
1F
100
AcDbEntity
  8
AM_0
100
AcDbLine
 10
15.45
 20
29.75
 30
0.0
 11
10.45
 21
29.75
 31
0.0
  0
LINE
  5
4B7
330
1F
100
AcDbEntity
  8
AM_0
100
AcDbLine
 10
10.45
 20
29.15000000000001
 30
0.0
 11
10.45
 21
29.5
 31
0.0
  0
LINE
  5
4B8
330
1F
100
AcDbEntity
  8
AM_0
100
AcDbLine
 10
10.45
 20
29.5
 30
0.0
 11
15.45
 21
29.5
 31
0.0
  0
LINE
  5
4B9
330
1F
100
AcDbEntity
  8
AM_0
100
AcDbLine
 10
15.45
 20
29.5
 30
0.0
 11
15.45
 21
29.15000000000001
 31
0.0
  0
LINE
  5
4BA
330
1F
100
AcDbEntity
  8
AM_0
100
AcDbLine
 10
15.45
 20
29.15000000000001
 30
0.0
 11
10.45
 21
29.15000000000001
 31
0.0
  0
LINE
  5
4BB
330
1F
100
AcDbEntity
  8
AM_0
100
AcDbLine
 10
10.45
 20
28.55
 30
0.0
 11
10.45
 21
28.90000000000001
 31
0.0
  0
LINE
  5
4BC
330
1F
100
AcDbEntity
  8
AM_0
100
AcDbLine
 10
10.45
 20
28.90000000000001
 30
0.0
 11
15.45
 21
28.90000000000001
 31
0.0
  0
LINE
  5
4BD
330
1F
100
AcDbEntity
  8
AM_0
100
AcDbLine
 10
15.45
 20
28.90000000000001
 30
0.0
 11
15.45
 21
28.55
 31
0.0
  0
LINE
  5
4BE
330
1F
100
AcDbEntity
  8
AM_0
100
AcDbLine
 10
15.45
 20
28.55
 30
0.0
 11
10.45
 21
28.55
 31
0.0
  0
LINE
  5
4BF
330
1F
100
AcDbEntity
  8
AM_0
100
AcDbLine
 10
10.45
 20
27.95000000000001
 30
0.0
 11
10.45
 21
28.29999999999999
 31
0.0
  0
LINE
  5
4C0
330
1F
100
AcDbEntity
  8
AM_0
100
AcDbLine
 10
10.45
 20
28.29999999999999
 30
0.0
 11
15.45
 21
28.29999999999999
 31
0.0
  0
LINE
  5
4C1
330
1F
100
AcDbEntity
  8
AM_0
100
AcDbLine
 10
15.45
 20
28.29999999999999
 30
0.0
 11
15.45
 21
27.95000000000001
 31
0.0
  0
LINE
  5
4C2
330
1F
100
AcDbEntity
  8
AM_0
100
AcDbLine
 10
15.45
 20
27.95000000000001
 30
0.0
 11
10.45
 21
27.95000000000001
 31
0.0
  0
LINE
  5
4C3
330
1F
100
AcDbEntity
  8
AM_0
100
AcDbLine
 10
10.45
 20
27.34999999999999
 30
0.0
 11
10.45
 21
27.7
 31
0.0
  0
LINE
  5
4C4
330
1F
100
AcDbEntity
  8
AM_0
100
AcDbLine
 10
10.45
 20
27.7
 30
0.0
 11
15.45
 21
27.7
 31
0.0
  0
LINE
  5
4C5
330
1F
100
AcDbEntity
  8
AM_0
100
AcDbLine
 10
15.45
 20
27.7
 30
0.0
 11
15.45
 21
27.34999999999999
 31
0.0
  0
LINE
  5
4C6
330
1F
100
AcDbEntity
  8
AM_0
100
AcDbLine
 10
15.45
 20
27.34999999999999
 30
0.0
 11
10.45
 21
27.34999999999999
 31
0.0
  0
LINE
  5
4C7
330
1F
100
AcDbEntity
  8
AM_0
100
AcDbLine
 10
10.45
 20
26.75
 30
0.0
 11
10.45
 21
27.09999999999999
 31
0.0
  0
LINE
  5
4C8
330
1F
100
AcDbEntity
  8
AM_0
100
AcDbLine
 10
10.45
 20
27.09999999999999
 30
0.0
 11
15.45
 21
27.09999999999999
 31
0.0
  0
LINE
  5
4C9
330
1F
100
AcDbEntity
  8
AM_0
100
AcDbLine
 10
15.45
 20
27.09999999999999
 30
0.0
 11
15.45
 21
26.75
 31
0.0
  0
LINE
  5
4CA
330
1F
100
AcDbEntity
  8
AM_0
100
AcDbLine
 10
15.45
 20
26.75
 30
0.0
 11
10.45
 21
26.75
 31
0.0
  0
LINE
  5
4CB
330
1F
100
AcDbEntity
  8
AM_0
100
AcDbLine
 10
10.45
 20
26.15000000000001
 30
0.0
 11
10.45
 21
26.5
 31
0.0
  0
LINE
  5
4CC
330
1F
100
AcDbEntity
  8
AM_0
100
AcDbLine
 10
10.45
 20
26.5
 30
0.0
 11
15.45
 21
26.5
 31
0.0
  0
LINE
  5
4CD
330
1F
100
AcDbEntity
  8
AM_0
100
AcDbLine
 10
15.45
 20
26.5
 30
0.0
 11
15.45
 21
26.15000000000001
 31
0.0
  0
LINE
  5
4CE
330
1F
100
AcDbEntity
  8
AM_0
100
AcDbLine
 10
15.45
 20
26.15000000000001
 30
0.0
 11
10.45
 21
26.15000000000001
 31
0.0
  0
LINE
  5
4CF
330
1F
100
AcDbEntity
  8
AM_0
100
AcDbLine
 10
10.45
 20
25.55
 30
0.0
 11
10.45
 21
25.90000000000001
 31
0.0
  0
LINE
  5
4D0
330
1F
100
AcDbEntity
  8
AM_0
100
AcDbLine
 10
10.45
 20
25.90000000000001
 30
0.0
 11
15.45
 21
25.90000000000001
 31
0.0
  0
LINE
  5
4D1
330
1F
100
AcDbEntity
  8
AM_0
100
AcDbLine
 10
15.45
 20
25.90000000000001
 30
0.0
 11
15.45
 21
25.55
 31
0.0
  0
LINE
  5
4D2
330
1F
100
AcDbEntity
  8
AM_0
100
AcDbLine
 10
15.45
 20
25.55
 30
0.0
 11
10.45
 21
25.55
 31
0.0
  0
LINE
  5
4D3
330
1F
100
AcDbEntity
  8
AM_0
100
AcDbLine
 10
10.45
 20
24.95000000000001
 30
0.0
 11
10.45
 21
25.29999999999999
 31
0.0
  0
LINE
  5
4D4
330
1F
100
AcDbEntity
  8
AM_0
100
AcDbLine
 10
10.45
 20
25.29999999999999
 30
0.0
 11
15.45
 21
25.29999999999999
 31
0.0
  0
LINE
  5
4D5
330
1F
100
AcDbEntity
  8
AM_0
100
AcDbLine
 10
15.45
 20
25.29999999999999
 30
0.0
 11
15.45
 21
24.95000000000001
 31
0.0
  0
LINE
  5
4D6
330
1F
100
AcDbEntity
  8
AM_0
100
AcDbLine
 10
15.45
 20
24.95000000000001
 30
0.0
 11
10.45
 21
24.95000000000001
 31
0.0
  0
LINE
  5
4D7
330
1F
100
AcDbEntity
  8
AM_0
100
AcDbLine
 10
10.45
 20
24.34999999999999
 30
0.0
 11
10.45
 21
24.70000000000001
 31
0.0
  0
LINE
  5
4D8
330
1F
100
AcDbEntity
  8
AM_0
100
AcDbLine
 10
10.45
 20
24.70000000000001
 30
0.0
 11
15.45
 21
24.70000000000001
 31
0.0
  0
LINE
  5
4D9
330
1F
100
AcDbEntity
  8
AM_0
100
AcDbLine
 10
15.45
 20
24.70000000000001
 30
0.0
 11
15.45
 21
24.34999999999999
 31
0.0
  0
LINE
  5
4DA
330
1F
100
AcDbEntity
  8
AM_0
100
AcDbLine
 10
15.45
 20
24.34999999999999
 30
0.0
 11
10.45
 21
24.34999999999999
 31
0.0
  0
LINE
  5
4DB
330
1F
100
AcDbEntity
  8
AM_0
100
AcDbLine
 10
10.45
 20
23.75
 30
0.0
 11
10.45
 21
24.09999999999999
 31
0.0
  0
LINE
  5
4DC
330
1F
100
AcDbEntity
  8
AM_0
100
AcDbLine
 10
10.45
 20
24.09999999999999
 30
0.0
 11
15.45
 21
24.09999999999999
 31
0.0
  0
LINE
  5
4DD
330
1F
100
AcDbEntity
  8
AM_0
100
AcDbLine
 10
15.45
 20
24.09999999999999
 30
0.0
 11
15.45
 21
23.75
 31
0.0
  0
LINE
  5
4DE
330
1F
100
AcDbEntity
  8
AM_0
100
AcDbLine
 10
15.45
 20
23.75
 30
0.0
 11
10.45
 21
23.75
 31
0.0
  0
LINE
  5
4DF
330
1F
100
AcDbEntity
  8
AM_0
100
AcDbLine
 10
10.45
 20
23.15000000000001
 30
0.0
 11
10.45
 21
23.5
 31
0.0
  0
LINE
  5
4E0
330
1F
100
AcDbEntity
  8
AM_0
100
AcDbLine
 10
10.45
 20
23.5
 30
0.0
 11
15.45
 21
23.5
 31
0.0
  0
LINE
  5
4E1
330
1F
100
AcDbEntity
  8
AM_0
100
AcDbLine
 10
15.45
 20
23.5
 30
0.0
 11
15.45
 21
23.15000000000001
 31
0.0
  0
LINE
  5
4E2
330
1F
100
AcDbEntity
  8
AM_0
100
AcDbLine
 10
15.45
 20
23.15000000000001
 30
0.0
 11
10.45
 21
23.15000000000001
 31
0.0
  0
LINE
  5
4E3
330
1F
100
AcDbEntity
  8
AM_0
100
AcDbLine
 10
10.45
 20
22.55
 30
0.0
 11
10.45
 21
22.90000000000001
 31
0.0
  0
LINE
  5
4E4
330
1F
100
AcDbEntity
  8
AM_0
100
AcDbLine
 10
10.45
 20
22.90000000000001
 30
0.0
 11
15.45
 21
22.90000000000001
 31
0.0
  0
LINE
  5
4E5
330
1F
100
AcDbEntity
  8
AM_0
100
AcDbLine
 10
15.45
 20
22.90000000000001
 30
0.0
 11
15.45
 21
22.55
 31
0.0
  0
LINE
  5
4E6
330
1F
100
AcDbEntity
  8
AM_0
100
AcDbLine
 10
15.45
 20
22.55
 30
0.0
 11
10.45
 21
22.55
 31
0.0
  0
LINE
  5
4E7
330
1F
100
AcDbEntity
  8
AM_0
100
AcDbLine
 10
10.45
 20
21.95000000000001
 30
0.0
 11
10.45
 21
22.29999999999999
 31
0.0
  0
LINE
  5
4E8
330
1F
100
AcDbEntity
  8
AM_0
100
AcDbLine
 10
10.45
 20
22.29999999999999
 30
0.0
 11
15.45
 21
22.29999999999999
 31
0.0
  0
LINE
  5
4E9
330
1F
100
AcDbEntity
  8
AM_0
100
AcDbLine
 10
15.45
 20
22.29999999999999
 30
0.0
 11
15.45
 21
21.95000000000001
 31
0.0
  0
LINE
  5
4EA
330
1F
100
AcDbEntity
  8
AM_0
100
AcDbLine
 10
15.45
 20
21.95000000000001
 30
0.0
 11
10.45
 21
21.95000000000001
 31
0.0
  0
LINE
  5
4EB
330
1F
100
AcDbEntity
  8
AM_0
100
AcDbLine
 10
10.45
 20
21.34999999999998
 30
0.0
 11
10.45
 21
21.7
 31
0.0
  0
LINE
  5
4EC
330
1F
100
AcDbEntity
  8
AM_0
100
AcDbLine
 10
10.45
 20
21.7
 30
0.0
 11
15.45
 21
21.7
 31
0.0
  0
LINE
  5
4ED
330
1F
100
AcDbEntity
  8
AM_0
100
AcDbLine
 10
15.45
 20
21.7
 30
0.0
 11
15.45
 21
21.34999999999998
 31
0.0
  0
LINE
  5
4EE
330
1F
100
AcDbEntity
  8
AM_0
100
AcDbLine
 10
15.45
 20
21.34999999999998
 30
0.0
 11
10.45
 21
21.34999999999998
 31
0.0
  0
LINE
  5
4EF
330
1F
100
AcDbEntity
  8
AM_0
100
AcDbLine
 10
10.45
 20
20.75
 30
0.0
 11
10.45
 21
21.09999999999999
 31
0.0
  0
LINE
  5
4F0
330
1F
100
AcDbEntity
  8
AM_0
100
AcDbLine
 10
10.45
 20
21.09999999999999
 30
0.0
 11
15.45
 21
21.09999999999999
 31
0.0
  0
LINE
  5
4F1
330
1F
100
AcDbEntity
  8
AM_0
100
AcDbLine
 10
15.45
 20
21.09999999999999
 30
0.0
 11
15.45
 21
20.75
 31
0.0
  0
LINE
  5
4F2
330
1F
100
AcDbEntity
  8
AM_0
100
AcDbLine
 10
15.45
 20
20.75
 30
0.0
 11
10.45
 21
20.75
 31
0.0
  0
LINE
  5
4F3
330
1F
100
AcDbEntity
  8
AM_0
100
AcDbLine
 10
10.45
 20
20.15000000000001
 30
0.0
 11
10.45
 21
20.5
 31
0.0
  0
LINE
  5
4F4
330
1F
100
AcDbEntity
  8
AM_0
100
AcDbLine
 10
10.45
 20
20.5
 30
0.0
 11
15.45
 21
20.5
 31
0.0
  0
LINE
  5
4F5
330
1F
100
AcDbEntity
  8
AM_0
100
AcDbLine
 10
15.45
 20
20.5
 30
0.0
 11
15.45
 21
20.15000000000001
 31
0.0
  0
LINE
  5
4F6
330
1F
100
AcDbEntity
  8
AM_0
100
AcDbLine
 10
15.45
 20
20.15000000000001
 30
0.0
 11
10.45
 21
20.15000000000001
 31
0.0
  0
LINE
  5
4F7
330
1F
100
AcDbEntity
  8
AM_0
100
AcDbLine
 10
10.45
 20
19.55
 30
0.0
 11
10.45
 21
19.90000000000001
 31
0.0
  0
LINE
  5
4F8
330
1F
100
AcDbEntity
  8
AM_0
100
AcDbLine
 10
10.45
 20
19.90000000000001
 30
0.0
 11
15.45
 21
19.90000000000001
 31
0.0
  0
LINE
  5
4F9
330
1F
100
AcDbEntity
  8
AM_0
100
AcDbLine
 10
15.45
 20
19.90000000000001
 30
0.0
 11
15.45
 21
19.55
 31
0.0
  0
LINE
  5
4FA
330
1F
100
AcDbEntity
  8
AM_0
100
AcDbLine
 10
15.45
 20
19.55
 30
0.0
 11
10.45
 21
19.55
 31
0.0
  0
LINE
  5
4FB
330
1F
100
AcDbEntity
  8
AM_0
100
AcDbLine
 10
10.45
 20
18.95000000000001
 30
0.0
 11
10.45
 21
19.29999999999999
 31
0.0
  0
LINE
  5
4FC
330
1F
100
AcDbEntity
  8
AM_0
100
AcDbLine
 10
10.45
 20
19.29999999999999
 30
0.0
 11
15.45
 21
19.29999999999999
 31
0.0
  0
LINE
  5
4FD
330
1F
100
AcDbEntity
  8
AM_0
100
AcDbLine
 10
15.45
 20
19.29999999999999
 30
0.0
 11
15.45
 21
18.95000000000001
 31
0.0
  0
LINE
  5
4FE
330
1F
100
AcDbEntity
  8
AM_0
100
AcDbLine
 10
15.45
 20
18.95000000000001
 30
0.0
 11
10.45
 21
18.95000000000001
 31
0.0
  0
LINE
  5
4FF
330
1F
100
AcDbEntity
  8
AM_0
100
AcDbLine
 10
10.45
 20
18.34999999999999
 30
0.0
 11
10.45
 21
18.7
 31
0.0
  0
LINE
  5
500
330
1F
100
AcDbEntity
  8
AM_0
100
AcDbLine
 10
10.45
 20
18.7
 30
0.0
 11
15.45
 21
18.7
 31
0.0
  0
LINE
  5
501
330
1F
100
AcDbEntity
  8
AM_0
100
AcDbLine
 10
15.45
 20
18.7
 30
0.0
 11
15.45
 21
18.34999999999999
 31
0.0
  0
LINE
  5
502
330
1F
100
AcDbEntity
  8
AM_0
100
AcDbLine
 10
15.45
 20
18.34999999999999
 30
0.0
 11
10.45
 21
18.34999999999999
 31
0.0
  0
LINE
  5
503
330
1F
100
AcDbEntity
  8
AM_0
100
AcDbLine
 10
10.45
 20
17.75
 30
0.0
 11
10.45
 21
18.09999999999999
 31
0.0
  0
LINE
  5
504
330
1F
100
AcDbEntity
  8
AM_0
100
AcDbLine
 10
10.45
 20
18.09999999999999
 30
0.0
 11
15.45
 21
18.09999999999999
 31
0.0
  0
LINE
  5
505
330
1F
100
AcDbEntity
  8
AM_0
100
AcDbLine
 10
15.45
 20
18.09999999999999
 30
0.0
 11
15.45
 21
17.75
 31
0.0
  0
LINE
  5
506
330
1F
100
AcDbEntity
  8
AM_0
100
AcDbLine
 10
15.45
 20
17.75
 30
0.0
 11
10.45
 21
17.75
 31
0.0
  0
LINE
  5
507
330
1F
100
AcDbEntity
  8
AM_0
100
AcDbLine
 10
10.45
 20
17.15000000000001
 30
0.0
 11
10.45
 21
17.5
 31
0.0
  0
LINE
  5
508
330
1F
100
AcDbEntity
  8
AM_0
100
AcDbLine
 10
10.45
 20
17.5
 30
0.0
 11
15.45
 21
17.5
 31
0.0
  0
LINE
  5
509
330
1F
100
AcDbEntity
  8
AM_0
100
AcDbLine
 10
15.45
 20
17.5
 30
0.0
 11
15.45
 21
17.15000000000001
 31
0.0
  0
LINE
  5
50A
330
1F
100
AcDbEntity
  8
AM_0
100
AcDbLine
 10
15.45
 20
17.15000000000001
 30
0.0
 11
10.45
 21
17.15000000000001
 31
0.0
  0
LINE
  5
50B
330
1F
100
AcDbEntity
  8
AM_0
100
AcDbLine
 10
10.45
 20
16.55
 30
0.0
 11
10.45
 21
16.90000000000001
 31
0.0
  0
LINE
  5
50C
330
1F
100
AcDbEntity
  8
AM_0
100
AcDbLine
 10
10.45
 20
16.90000000000001
 30
0.0
 11
15.45
 21
16.90000000000001
 31
0.0
  0
LINE
  5
50D
330
1F
100
AcDbEntity
  8
AM_0
100
AcDbLine
 10
15.45
 20
16.90000000000001
 30
0.0
 11
15.45
 21
16.55
 31
0.0
  0
LINE
  5
50E
330
1F
100
AcDbEntity
  8
AM_0
100
AcDbLine
 10
15.45
 20
16.55
 30
0.0
 11
10.45
 21
16.55
 31
0.0
  0
LINE
  5
50F
330
1F
100
AcDbEntity
  8
AM_0
100
AcDbLine
 10
10.45
 20
15.95000000000001
 30
0.0
 11
10.45
 21
16.29999999999999
 31
0.0
  0
LINE
  5
510
330
1F
100
AcDbEntity
  8
AM_0
100
AcDbLine
 10
10.45
 20
16.29999999999999
 30
0.0
 11
15.45
 21
16.29999999999999
 31
0.0
  0
LINE
  5
511
330
1F
100
AcDbEntity
  8
AM_0
100
AcDbLine
 10
15.45
 20
16.29999999999999
 30
0.0
 11
15.45
 21
15.95000000000001
 31
0.0
  0
LINE
  5
512
330
1F
100
AcDbEntity
  8
AM_0
100
AcDbLine
 10
15.45
 20
15.95000000000001
 30
0.0
 11
10.45
 21
15.95000000000001
 31
0.0
  0
LINE
  5
513
330
1F
100
AcDbEntity
  8
AM_0
100
AcDbLine
 10
10.45
 20
15.34999999999999
 30
0.0
 11
10.45
 21
15.70000000000001
 31
0.0
  0
LINE
  5
514
330
1F
100
AcDbEntity
  8
AM_0
100
AcDbLine
 10
10.45
 20
15.70000000000001
 30
0.0
 11
15.45
 21
15.70000000000001
 31
0.0
  0
LINE
  5
515
330
1F
100
AcDbEntity
  8
AM_0
100
AcDbLine
 10
15.45
 20
15.70000000000001
 30
0.0
 11
15.45
 21
15.34999999999999
 31
0.0
  0
LINE
  5
516
330
1F
100
AcDbEntity
  8
AM_0
100
AcDbLine
 10
15.45
 20
15.34999999999999
 30
0.0
 11
10.45
 21
15.34999999999999
 31
0.0
  0
LINE
  5
517
330
1F
100
AcDbEntity
  8
AM_0
100
AcDbLine
 10
10.45
 20
14.75
 30
0.0
 11
10.45
 21
15.09999999999999
 31
0.0
  0
LINE
  5
518
330
1F
100
AcDbEntity
  8
AM_0
100
AcDbLine
 10
10.45
 20
15.09999999999999
 30
0.0
 11
15.45
 21
15.09999999999999
 31
0.0
  0
LINE
  5
519
330
1F
100
AcDbEntity
  8
AM_0
100
AcDbLine
 10
15.45
 20
15.09999999999999
 30
0.0
 11
15.45
 21
14.75
 31
0.0
  0
LINE
  5
51A
330
1F
100
AcDbEntity
  8
AM_0
100
AcDbLine
 10
15.45
 20
14.75
 30
0.0
 11
10.45
 21
14.75
 31
0.0
  0
LINE
  5
51B
330
1F
100
AcDbEntity
  8
AM_0
100
AcDbLine
 10
10.45
 20
14.15000000000001
 30
0.0
 11
10.45
 21
14.5
 31
0.0
  0
LINE
  5
51C
330
1F
100
AcDbEntity
  8
AM_0
100
AcDbLine
 10
10.45
 20
14.5
 30
0.0
 11
15.45
 21
14.5
 31
0.0
  0
LINE
  5
51D
330
1F
100
AcDbEntity
  8
AM_0
100
AcDbLine
 10
15.45
 20
14.5
 30
0.0
 11
15.45
 21
14.15000000000001
 31
0.0
  0
LINE
  5
51E
330
1F
100
AcDbEntity
  8
AM_0
100
AcDbLine
 10
15.45
 20
14.15000000000001
 30
0.0
 11
10.45
 21
14.15000000000001
 31
0.0
  0
LINE
  5
51F
330
1F
100
AcDbEntity
  8
AM_0
100
AcDbLine
 10
10.45
 20
13.54999999999999
 30
0.0
 11
10.45
 21
13.90000000000002
 31
0.0
  0
LINE
  5
520
330
1F
100
AcDbEntity
  8
AM_0
100
AcDbLine
 10
10.45
 20
13.90000000000002
 30
0.0
 11
15.45
 21
13.90000000000002
 31
0.0
  0
LINE
  5
521
330
1F
100
AcDbEntity
  8
AM_0
100
AcDbLine
 10
15.45
 20
13.90000000000002
 30
0.0
 11
15.45
 21
13.54999999999999
 31
0.0
  0
LINE
  5
522
330
1F
100
AcDbEntity
  8
AM_0
100
AcDbLine
 10
15.45
 20
13.54999999999999
 30
0.0
 11
10.45
 21
13.54999999999999
 31
0.0
  0
LINE
  5
523
330
1F
100
AcDbEntity
  8
AM_0
100
AcDbLine
 10
10.45
 20
12.95000000000001
 30
0.0
 11
10.45
 21
13.29999999999999
 31
0.0
  0
LINE
  5
524
330
1F
100
AcDbEntity
  8
AM_0
100
AcDbLine
 10
10.45
 20
13.29999999999999
 30
0.0
 11
15.45
 21
13.29999999999999
 31
0.0
  0
LINE
  5
525
330
1F
100
AcDbEntity
  8
AM_0
100
AcDbLine
 10
15.45
 20
13.29999999999999
 30
0.0
 11
15.45
 21
12.95000000000001
 31
0.0
  0
LINE
  5
526
330
1F
100
AcDbEntity
  8
AM_0
100
AcDbLine
 10
15.45
 20
12.95000000000001
 30
0.0
 11
10.45
 21
12.95000000000001
 31
0.0
  0
LINE
  5
527
330
1F
100
AcDbEntity
  8
AM_0
100
AcDbLine
 10
10.45
 20
12.34999999999998
 30
0.0
 11
10.45
 21
12.70000000000001
 31
0.0
  0
LINE
  5
528
330
1F
100
AcDbEntity
  8
AM_0
100
AcDbLine
 10
10.45
 20
12.70000000000001
 30
0.0
 11
15.45
 21
12.70000000000001
 31
0.0
  0
LINE
  5
529
330
1F
100
AcDbEntity
  8
AM_0
100
AcDbLine
 10
15.45
 20
12.70000000000001
 30
0.0
 11
15.45
 21
12.34999999999998
 31
0.0
  0
LINE
  5
52A
330
1F
100
AcDbEntity
  8
AM_0
100
AcDbLine
 10
15.45
 20
12.34999999999998
 30
0.0
 11
10.45
 21
12.34999999999998
 31
0.0
  0
LINE
  5
52B
330
1F
100
AcDbEntity
  8
AM_0
100
AcDbLine
 10
10.45
 20
11.75
 30
0.0
 11
10.45
 21
12.1
 31
0.0
  0
LINE
  5
52C
330
1F
100
AcDbEntity
  8
AM_0
100
AcDbLine
 10
10.45
 20
12.1
 30
0.0
 11
15.45
 21
12.1
 31
0.0
  0
LINE
  5
52D
330
1F
100
AcDbEntity
  8
AM_0
100
AcDbLine
 10
15.45
 20
12.1
 30
0.0
 11
15.45
 21
11.75
 31
0.0
  0
LINE
  5
52E
330
1F
100
AcDbEntity
  8
AM_0
100
AcDbLine
 10
15.45
 20
11.75
 30
0.0
 11
10.45
 21
11.75
 31
0.0
  0
LINE
  5
52F
330
1F
100
AcDbEntity
  8
AM_0
100
AcDbLine
 10
10.45
 20
11.15
 30
0.0
 11
10.45
 21
11.5
 31
0.0
  0
LINE
  5
530
330
1F
100
AcDbEntity
  8
AM_0
100
AcDbLine
 10
10.45
 20
11.5
 30
0.0
 11
15.45
 21
11.5
 31
0.0
  0
LINE
  5
531
330
1F
100
AcDbEntity
  8
AM_0
100
AcDbLine
 10
15.45
 20
11.5
 30
0.0
 11
15.45
 21
11.15
 31
0.0
  0
LINE
  5
532
330
1F
100
AcDbEntity
  8
AM_0
100
AcDbLine
 10
15.45
 20
11.15
 30
0.0
 11
10.45
 21
11.15
 31
0.0
  0
LINE
  5
533
330
1F
100
AcDbEntity
  8
AM_0
100
AcDbLine
 10
10.45
 20
10.54999999999999
 30
0.0
 11
10.45
 21
10.90000000000002
 31
0.0
  0
LINE
  5
534
330
1F
100
AcDbEntity
  8
AM_0
100
AcDbLine
 10
10.45
 20
10.90000000000002
 30
0.0
 11
15.45
 21
10.90000000000002
 31
0.0
  0
LINE
  5
535
330
1F
100
AcDbEntity
  8
AM_0
100
AcDbLine
 10
15.45
 20
10.90000000000002
 30
0.0
 11
15.45
 21
10.54999999999999
 31
0.0
  0
LINE
  5
536
330
1F
100
AcDbEntity
  8
AM_0
100
AcDbLine
 10
15.45
 20
10.54999999999999
 30
0.0
 11
10.45
 21
10.54999999999999
 31
0.0
  0
LINE
  5
537
330
1F
100
AcDbEntity
  8
AM_0
100
AcDbLine
 10
10.45
 20
9.950000000000006
 30
0.0
 11
10.45
 21
10.29999999999999
 31
0.0
  0
LINE
  5
538
330
1F
100
AcDbEntity
  8
AM_0
100
AcDbLine
 10
10.45
 20
10.29999999999999
 30
0.0
 11
15.45
 21
10.29999999999999
 31
0.0
  0
LINE
  5
539
330
1F
100
AcDbEntity
  8
AM_0
100
AcDbLine
 10
15.45
 20
10.29999999999999
 30
0.0
 11
15.45
 21
9.950000000000006
 31
0.0
  0
LINE
  5
53A
330
1F
100
AcDbEntity
  8
AM_0
100
AcDbLine
 10
15.45
 20
9.950000000000006
 30
0.0
 11
10.45
 21
9.950000000000006
 31
0.0
  0
LINE
  5
53B
330
1F
100
AcDbEntity
  8
AM_0
100
AcDbLine
 10
10.45
 20
9.349999999999977
 30
0.0
 11
10.45
 21
9.700000000000006
 31
0.0
  0
LINE
  5
53C
330
1F
100
AcDbEntity
  8
AM_0
100
AcDbLine
 10
10.45
 20
9.700000000000006
 30
0.0
 11
15.45
 21
9.700000000000006
 31
0.0
  0
LINE
  5
53D
330
1F
100
AcDbEntity
  8
AM_0
100
AcDbLine
 10
15.45
 20
9.700000000000006
 30
0.0
 11
15.45
 21
9.349999999999977
 31
0.0
  0
LINE
  5
53E
330
1F
100
AcDbEntity
  8
AM_0
100
AcDbLine
 10
15.45
 20
9.349999999999977
 30
0.0
 11
10.45
 21
9.349999999999977
 31
0.0
  0
LINE
  5
53F
330
1F
100
AcDbEntity
  8
AM_0
100
AcDbLine
 10
10.45
 20
8.75
 30
0.0
 11
10.45
 21
9.100000000000001
 31
0.0
  0
LINE
  5
540
330
1F
100
AcDbEntity
  8
AM_0
100
AcDbLine
 10
10.45
 20
9.100000000000001
 30
0.0
 11
15.45
 21
9.100000000000001
 31
0.0
  0
LINE
  5
541
330
1F
100
AcDbEntity
  8
AM_0
100
AcDbLine
 10
15.45
 20
9.100000000000001
 30
0.0
 11
15.45
 21
8.75
 31
0.0
  0
LINE
  5
542
330
1F
100
AcDbEntity
  8
AM_0
100
AcDbLine
 10
15.45
 20
8.75
 30
0.0
 11
10.45
 21
8.75
 31
0.0
  0
LINE
  5
543
330
1F
100
AcDbEntity
  8
AM_0
100
AcDbLine
 10
10.45
 20
8.149999999999999
 30
0.0
 11
10.45
 21
8.5
 31
0.0
  0
LINE
  5
544
330
1F
100
AcDbEntity
  8
AM_0
100
AcDbLine
 10
10.45
 20
8.5
 30
0.0
 11
15.45
 21
8.5
 31
0.0
  0
LINE
  5
545
330
1F
100
AcDbEntity
  8
AM_0
100
AcDbLine
 10
15.45
 20
8.5
 30
0.0
 11
15.45
 21
8.149999999999999
 31
0.0
  0
LINE
  5
546
330
1F
100
AcDbEntity
  8
AM_0
100
AcDbLine
 10
15.45
 20
8.149999999999999
 30
0.0
 11
10.45
 21
8.149999999999999
 31
0.0
  0
LINE
  5
547
330
1F
100
AcDbEntity
  8
AM_0
100
AcDbLine
 10
10.45
 20
7.549999999999994
 30
0.0
 11
10.45
 21
7.900000000000023
 31
0.0
  0
LINE
  5
548
330
1F
100
AcDbEntity
  8
AM_0
100
AcDbLine
 10
10.45
 20
7.900000000000023
 30
0.0
 11
15.45
 21
7.900000000000023
 31
0.0
  0
LINE
  5
549
330
1F
100
AcDbEntity
  8
AM_0
100
AcDbLine
 10
15.45
 20
7.900000000000023
 30
0.0
 11
15.45
 21
7.549999999999994
 31
0.0
  0
LINE
  5
54A
330
1F
100
AcDbEntity
  8
AM_0
100
AcDbLine
 10
15.45
 20
7.549999999999994
 30
0.0
 11
10.45
 21
7.549999999999994
 31
0.0
  0
LINE
  5
54B
330
1F
100
AcDbEntity
  8
AM_0
100
AcDbLine
 10
10.45
 20
6.950000000000006
 30
0.0
 11
10.45
 21
7.299999999999994
 31
0.0
  0
LINE
  5
54C
330
1F
100
AcDbEntity
  8
AM_0
100
AcDbLine
 10
10.45
 20
7.299999999999994
 30
0.0
 11
15.45
 21
7.299999999999994
 31
0.0
  0
LINE
  5
54D
330
1F
100
AcDbEntity
  8
AM_0
100
AcDbLine
 10
15.45
 20
7.299999999999994
 30
0.0
 11
15.45
 21
6.950000000000006
 31
0.0
  0
LINE
  5
54E
330
1F
100
AcDbEntity
  8
AM_0
100
AcDbLine
 10
15.45
 20
6.950000000000006
 30
0.0
 11
10.45
 21
6.950000000000006
 31
0.0
  0
LINE
  5
54F
330
1F
100
AcDbEntity
  8
AM_0
100
AcDbLine
 10
10.45
 20
6.349999999999977
 30
0.0
 11
10.45
 21
6.700000000000006
 31
0.0
  0
LINE
  5
550
330
1F
100
AcDbEntity
  8
AM_0
100
AcDbLine
 10
10.45
 20
6.700000000000006
 30
0.0
 11
15.45
 21
6.700000000000006
 31
0.0
  0
LINE
  5
551
330
1F
100
AcDbEntity
  8
AM_0
100
AcDbLine
 10
15.45
 20
6.700000000000006
 30
0.0
 11
15.45
 21
6.349999999999977
 31
0.0
  0
LINE
  5
552
330
1F
100
AcDbEntity
  8
AM_0
100
AcDbLine
 10
15.45
 20
6.349999999999977
 30
0.0
 11
10.45
 21
6.349999999999977
 31
0.0
  0
LINE
  5
553
330
1F
100
AcDbEntity
  8
AM_0
100
AcDbLine
 10
10.45
 20
5.75
 30
0.0
 11
10.45
 21
6.100000000000001
 31
0.0
  0
LINE
  5
554
330
1F
100
AcDbEntity
  8
AM_0
100
AcDbLine
 10
10.45
 20
6.100000000000001
 30
0.0
 11
15.45
 21
6.100000000000001
 31
0.0
  0
LINE
  5
555
330
1F
100
AcDbEntity
  8
AM_0
100
AcDbLine
 10
15.45
 20
6.100000000000001
 30
0.0
 11
15.45
 21
5.75
 31
0.0
  0
LINE
  5
556
330
1F
100
AcDbEntity
  8
AM_0
100
AcDbLine
 10
15.45
 20
5.75
 30
0.0
 11
10.45
 21
5.75
 31
0.0
  0
LINE
  5
557
330
1F
100
AcDbEntity
  8
AM_0
100
AcDbLine
 10
10.45
 20
5.149999999999999
 30
0.0
 11
10.45
 21
5.5
 31
0.0
  0
LINE
  5
558
330
1F
100
AcDbEntity
  8
AM_0
100
AcDbLine
 10
10.45
 20
5.5
 30
0.0
 11
15.45
 21
5.5
 31
0.0
  0
LINE
  5
559
330
1F
100
AcDbEntity
  8
AM_0
100
AcDbLine
 10
15.45
 20
5.5
 30
0.0
 11
15.45
 21
5.149999999999999
 31
0.0
  0
LINE
  5
55A
330
1F
100
AcDbEntity
  8
AM_0
100
AcDbLine
 10
15.45
 20
5.149999999999999
 30
0.0
 11
10.45
 21
5.149999999999999
 31
0.0
  0
LINE
  5
55B
330
1F
100
AcDbEntity
  8
AM_0
100
AcDbLine
 10
10.45
 20
4.549999999999994
 30
0.0
 11
10.45
 21
4.900000000000023
 31
0.0
  0
LINE
  5
55C
330
1F
100
AcDbEntity
  8
AM_0
100
AcDbLine
 10
10.45
 20
4.900000000000023
 30
0.0
 11
15.45
 21
4.900000000000023
 31
0.0
  0
LINE
  5
55D
330
1F
100
AcDbEntity
  8
AM_0
100
AcDbLine
 10
15.45
 20
4.900000000000023
 30
0.0
 11
15.45
 21
4.549999999999994
 31
0.0
  0
LINE
  5
55E
330
1F
100
AcDbEntity
  8
AM_0
100
AcDbLine
 10
15.45
 20
4.549999999999994
 30
0.0
 11
10.45
 21
4.549999999999994
 31
0.0
  0
LINE
  5
55F
330
1F
100
AcDbEntity
  8
AM_0
100
AcDbLine
 10
10.45
 20
3.950000000000006
 30
0.0
 11
10.45
 21
4.299999999999994
 31
0.0
  0
LINE
  5
560
330
1F
100
AcDbEntity
  8
AM_0
100
AcDbLine
 10
10.45
 20
4.299999999999994
 30
0.0
 11
15.45
 21
4.299999999999994
 31
0.0
  0
LINE
  5
561
330
1F
100
AcDbEntity
  8
AM_0
100
AcDbLine
 10
15.45
 20
4.299999999999994
 30
0.0
 11
15.45
 21
3.950000000000006
 31
0.0
  0
LINE
  5
562
330
1F
100
AcDbEntity
  8
AM_0
100
AcDbLine
 10
15.45
 20
3.950000000000006
 30
0.0
 11
10.45
 21
3.950000000000006
 31
0.0
  0
LINE
  5
563
330
1F
100
AcDbEntity
  8
AM_0
100
AcDbLine
 10
5.149999999999999
 20
31.55
 30
0.0
 11
5.149999999999999
 21
31.71064502795428
 31
0.0
  0
LINE
  5
564
330
1F
100
AcDbEntity
  8
AM_0
100
AcDbLine
 10
5.478996271892504
 20
31.90000000000001
 30
0.0
 11
10.15
 21
31.90000000000001
 31
0.0
  0
LINE
  5
565
330
1F
100
AcDbEntity
  8
AM_0
100
AcDbLine
 10
10.15
 20
31.90000000000001
 30
0.0
 11
10.15
 21
31.55
 31
0.0
  0
LINE
  5
566
330
1F
100
AcDbEntity
  8
AM_0
100
AcDbLine
 10
10.15
 20
31.55
 30
0.0
 11
5.149999999999999
 21
31.55
 31
0.0
  0
LINE
  5
567
330
1F
100
AcDbEntity
  8
AM_0
100
AcDbLine
 10
5.149999999999999
 20
30.95000000000001
 30
0.0
 11
5.149999999999999
 21
31.29999999999999
 31
0.0
  0
LINE
  5
568
330
1F
100
AcDbEntity
  8
AM_0
100
AcDbLine
 10
5.149999999999999
 20
31.29999999999999
 30
0.0
 11
10.15
 21
31.29999999999999
 31
0.0
  0
LINE
  5
569
330
1F
100
AcDbEntity
  8
AM_0
100
AcDbLine
 10
10.15
 20
31.29999999999999
 30
0.0
 11
10.15
 21
30.95000000000001
 31
0.0
  0
LINE
  5
56A
330
1F
100
AcDbEntity
  8
AM_0
100
AcDbLine
 10
10.15
 20
30.95000000000001
 30
0.0
 11
5.149999999999999
 21
30.95000000000001
 31
0.0
  0
LINE
  5
56B
330
1F
100
AcDbEntity
  8
AM_0
100
AcDbLine
 10
5.149999999999999
 20
30.34999999999999
 30
0.0
 11
5.149999999999999
 21
30.70000000000001
 31
0.0
  0
LINE
  5
56C
330
1F
100
AcDbEntity
  8
AM_0
100
AcDbLine
 10
5.149999999999999
 20
30.70000000000001
 30
0.0
 11
10.15
 21
30.70000000000001
 31
0.0
  0
LINE
  5
56D
330
1F
100
AcDbEntity
  8
AM_0
100
AcDbLine
 10
10.15
 20
30.70000000000001
 30
0.0
 11
10.15
 21
30.34999999999999
 31
0.0
  0
LINE
  5
56E
330
1F
100
AcDbEntity
  8
AM_0
100
AcDbLine
 10
10.15
 20
30.34999999999999
 30
0.0
 11
5.149999999999999
 21
30.34999999999999
 31
0.0
  0
LINE
  5
56F
330
1F
100
AcDbEntity
  8
AM_0
100
AcDbLine
 10
5.149999999999999
 20
29.75
 30
0.0
 11
5.149999999999999
 21
30.09999999999999
 31
0.0
  0
LINE
  5
570
330
1F
100
AcDbEntity
  8
AM_0
100
AcDbLine
 10
5.149999999999999
 20
30.09999999999999
 30
0.0
 11
10.15
 21
30.09999999999999
 31
0.0
  0
LINE
  5
571
330
1F
100
AcDbEntity
  8
AM_0
100
AcDbLine
 10
10.15
 20
30.09999999999999
 30
0.0
 11
10.15
 21
29.75
 31
0.0
  0
LINE
  5
572
330
1F
100
AcDbEntity
  8
AM_0
100
AcDbLine
 10
10.15
 20
29.75
 30
0.0
 11
5.149999999999999
 21
29.75
 31
0.0
  0
LINE
  5
573
330
1F
100
AcDbEntity
  8
AM_0
100
AcDbLine
 10
5.149999999999999
 20
29.15000000000001
 30
0.0
 11
5.149999999999999
 21
29.5
 31
0.0
  0
LINE
  5
574
330
1F
100
AcDbEntity
  8
AM_0
100
AcDbLine
 10
5.149999999999999
 20
29.5
 30
0.0
 11
10.15
 21
29.5
 31
0.0
  0
LINE
  5
575
330
1F
100
AcDbEntity
  8
AM_0
100
AcDbLine
 10
10.15
 20
29.5
 30
0.0
 11
10.15
 21
29.15000000000001
 31
0.0
  0
LINE
  5
576
330
1F
100
AcDbEntity
  8
AM_0
100
AcDbLine
 10
10.15
 20
29.15000000000001
 30
0.0
 11
5.149999999999999
 21
29.15000000000001
 31
0.0
  0
LINE
  5
577
330
1F
100
AcDbEntity
  8
AM_0
100
AcDbLine
 10
5.149999999999999
 20
28.55
 30
0.0
 11
5.149999999999999
 21
28.90000000000001
 31
0.0
  0
LINE
  5
578
330
1F
100
AcDbEntity
  8
AM_0
100
AcDbLine
 10
5.149999999999999
 20
28.90000000000001
 30
0.0
 11
10.15
 21
28.90000000000001
 31
0.0
  0
LINE
  5
579
330
1F
100
AcDbEntity
  8
AM_0
100
AcDbLine
 10
10.15
 20
28.90000000000001
 30
0.0
 11
10.15
 21
28.55
 31
0.0
  0
LINE
  5
57A
330
1F
100
AcDbEntity
  8
AM_0
100
AcDbLine
 10
10.15
 20
28.55
 30
0.0
 11
5.149999999999999
 21
28.55
 31
0.0
  0
LINE
  5
57B
330
1F
100
AcDbEntity
  8
AM_0
100
AcDbLine
 10
5.149999999999999
 20
27.95000000000001
 30
0.0
 11
5.149999999999999
 21
28.29999999999999
 31
0.0
  0
LINE
  5
57C
330
1F
100
AcDbEntity
  8
AM_0
100
AcDbLine
 10
5.149999999999999
 20
28.29999999999999
 30
0.0
 11
10.15
 21
28.29999999999999
 31
0.0
  0
LINE
  5
57D
330
1F
100
AcDbEntity
  8
AM_0
100
AcDbLine
 10
10.15
 20
28.29999999999999
 30
0.0
 11
10.15
 21
27.95000000000001
 31
0.0
  0
LINE
  5
57E
330
1F
100
AcDbEntity
  8
AM_0
100
AcDbLine
 10
10.15
 20
27.95000000000001
 30
0.0
 11
5.149999999999999
 21
27.95000000000001
 31
0.0
  0
LINE
  5
57F
330
1F
100
AcDbEntity
  8
AM_0
100
AcDbLine
 10
5.149999999999999
 20
27.34999999999999
 30
0.0
 11
5.149999999999999
 21
27.7
 31
0.0
  0
LINE
  5
580
330
1F
100
AcDbEntity
  8
AM_0
100
AcDbLine
 10
5.149999999999999
 20
27.7
 30
0.0
 11
10.15
 21
27.7
 31
0.0
  0
LINE
  5
581
330
1F
100
AcDbEntity
  8
AM_0
100
AcDbLine
 10
10.15
 20
27.7
 30
0.0
 11
10.15
 21
27.34999999999999
 31
0.0
  0
LINE
  5
582
330
1F
100
AcDbEntity
  8
AM_0
100
AcDbLine
 10
10.15
 20
27.34999999999999
 30
0.0
 11
5.149999999999999
 21
27.34999999999999
 31
0.0
  0
LINE
  5
583
330
1F
100
AcDbEntity
  8
AM_0
100
AcDbLine
 10
5.149999999999999
 20
26.75
 30
0.0
 11
5.149999999999999
 21
27.09999999999999
 31
0.0
  0
LINE
  5
584
330
1F
100
AcDbEntity
  8
AM_0
100
AcDbLine
 10
5.149999999999999
 20
27.09999999999999
 30
0.0
 11
10.15
 21
27.09999999999999
 31
0.0
  0
LINE
  5
585
330
1F
100
AcDbEntity
  8
AM_0
100
AcDbLine
 10
10.15
 20
27.09999999999999
 30
0.0
 11
10.15
 21
26.75
 31
0.0
  0
LINE
  5
586
330
1F
100
AcDbEntity
  8
AM_0
100
AcDbLine
 10
10.15
 20
26.75
 30
0.0
 11
5.149999999999999
 21
26.75
 31
0.0
  0
LINE
  5
587
330
1F
100
AcDbEntity
  8
AM_0
100
AcDbLine
 10
5.149999999999999
 20
26.15000000000001
 30
0.0
 11
5.149999999999999
 21
26.5
 31
0.0
  0
LINE
  5
588
330
1F
100
AcDbEntity
  8
AM_0
100
AcDbLine
 10
5.149999999999999
 20
26.5
 30
0.0
 11
10.15
 21
26.5
 31
0.0
  0
LINE
  5
589
330
1F
100
AcDbEntity
  8
AM_0
100
AcDbLine
 10
10.15
 20
26.5
 30
0.0
 11
10.15
 21
26.15000000000001
 31
0.0
  0
LINE
  5
58A
330
1F
100
AcDbEntity
  8
AM_0
100
AcDbLine
 10
10.15
 20
26.15000000000001
 30
0.0
 11
5.149999999999999
 21
26.15000000000001
 31
0.0
  0
LINE
  5
58B
330
1F
100
AcDbEntity
  8
AM_0
100
AcDbLine
 10
5.149999999999999
 20
25.55
 30
0.0
 11
5.149999999999999
 21
25.90000000000001
 31
0.0
  0
LINE
  5
58C
330
1F
100
AcDbEntity
  8
AM_0
100
AcDbLine
 10
5.149999999999999
 20
25.90000000000001
 30
0.0
 11
10.15
 21
25.90000000000001
 31
0.0
  0
LINE
  5
58D
330
1F
100
AcDbEntity
  8
AM_0
100
AcDbLine
 10
10.15
 20
25.90000000000001
 30
0.0
 11
10.15
 21
25.55
 31
0.0
  0
LINE
  5
58E
330
1F
100
AcDbEntity
  8
AM_0
100
AcDbLine
 10
10.15
 20
25.55
 30
0.0
 11
5.149999999999999
 21
25.55
 31
0.0
  0
LINE
  5
58F
330
1F
100
AcDbEntity
  8
AM_0
100
AcDbLine
 10
5.149999999999999
 20
24.95000000000001
 30
0.0
 11
5.149999999999999
 21
25.29999999999999
 31
0.0
  0
LINE
  5
590
330
1F
100
AcDbEntity
  8
AM_0
100
AcDbLine
 10
5.149999999999999
 20
25.29999999999999
 30
0.0
 11
10.15
 21
25.29999999999999
 31
0.0
  0
LINE
  5
591
330
1F
100
AcDbEntity
  8
AM_0
100
AcDbLine
 10
10.15
 20
25.29999999999999
 30
0.0
 11
10.15
 21
24.95000000000001
 31
0.0
  0
LINE
  5
592
330
1F
100
AcDbEntity
  8
AM_0
100
AcDbLine
 10
10.15
 20
24.95000000000001
 30
0.0
 11
5.149999999999999
 21
24.95000000000001
 31
0.0
  0
LINE
  5
593
330
1F
100
AcDbEntity
  8
AM_0
100
AcDbLine
 10
5.149999999999999
 20
24.34999999999999
 30
0.0
 11
5.149999999999999
 21
24.70000000000001
 31
0.0
  0
LINE
  5
594
330
1F
100
AcDbEntity
  8
AM_0
100
AcDbLine
 10
5.149999999999999
 20
24.70000000000001
 30
0.0
 11
10.15
 21
24.70000000000001
 31
0.0
  0
LINE
  5
595
330
1F
100
AcDbEntity
  8
AM_0
100
AcDbLine
 10
10.15
 20
24.70000000000001
 30
0.0
 11
10.15
 21
24.34999999999999
 31
0.0
  0
LINE
  5
596
330
1F
100
AcDbEntity
  8
AM_0
100
AcDbLine
 10
10.15
 20
24.34999999999999
 30
0.0
 11
5.149999999999999
 21
24.34999999999999
 31
0.0
  0
LINE
  5
597
330
1F
100
AcDbEntity
  8
AM_0
100
AcDbLine
 10
5.149999999999999
 20
23.75
 30
0.0
 11
5.149999999999999
 21
24.09999999999999
 31
0.0
  0
LINE
  5
598
330
1F
100
AcDbEntity
  8
AM_0
100
AcDbLine
 10
5.149999999999999
 20
24.09999999999999
 30
0.0
 11
10.15
 21
24.09999999999999
 31
0.0
  0
LINE
  5
599
330
1F
100
AcDbEntity
  8
AM_0
100
AcDbLine
 10
10.15
 20
24.09999999999999
 30
0.0
 11
10.15
 21
23.75
 31
0.0
  0
LINE
  5
59A
330
1F
100
AcDbEntity
  8
AM_0
100
AcDbLine
 10
10.15
 20
23.75
 30
0.0
 11
5.149999999999999
 21
23.75
 31
0.0
  0
LINE
  5
59B
330
1F
100
AcDbEntity
  8
AM_0
100
AcDbLine
 10
5.149999999999999
 20
23.15000000000001
 30
0.0
 11
5.149999999999999
 21
23.5
 31
0.0
  0
LINE
  5
59C
330
1F
100
AcDbEntity
  8
AM_0
100
AcDbLine
 10
5.149999999999999
 20
23.5
 30
0.0
 11
10.15
 21
23.5
 31
0.0
  0
LINE
  5
59D
330
1F
100
AcDbEntity
  8
AM_0
100
AcDbLine
 10
10.15
 20
23.5
 30
0.0
 11
10.15
 21
23.15000000000001
 31
0.0
  0
LINE
  5
59E
330
1F
100
AcDbEntity
  8
AM_0
100
AcDbLine
 10
10.15
 20
23.15000000000001
 30
0.0
 11
5.149999999999999
 21
23.15000000000001
 31
0.0
  0
LINE
  5
59F
330
1F
100
AcDbEntity
  8
AM_0
100
AcDbLine
 10
5.149999999999999
 20
22.55
 30
0.0
 11
5.149999999999999
 21
22.90000000000001
 31
0.0
  0
LINE
  5
5A0
330
1F
100
AcDbEntity
  8
AM_0
100
AcDbLine
 10
5.149999999999999
 20
22.90000000000001
 30
0.0
 11
10.15
 21
22.90000000000001
 31
0.0
  0
LINE
  5
5A1
330
1F
100
AcDbEntity
  8
AM_0
100
AcDbLine
 10
10.15
 20
22.90000000000001
 30
0.0
 11
10.15
 21
22.55
 31
0.0
  0
LINE
  5
5A2
330
1F
100
AcDbEntity
  8
AM_0
100
AcDbLine
 10
10.15
 20
22.55
 30
0.0
 11
5.149999999999999
 21
22.55
 31
0.0
  0
LINE
  5
5A3
330
1F
100
AcDbEntity
  8
AM_0
100
AcDbLine
 10
5.149999999999999
 20
21.95000000000001
 30
0.0
 11
5.149999999999999
 21
22.29999999999999
 31
0.0
  0
LINE
  5
5A4
330
1F
100
AcDbEntity
  8
AM_0
100
AcDbLine
 10
5.149999999999999
 20
22.29999999999999
 30
0.0
 11
10.15
 21
22.29999999999999
 31
0.0
  0
LINE
  5
5A5
330
1F
100
AcDbEntity
  8
AM_0
100
AcDbLine
 10
10.15
 20
22.29999999999999
 30
0.0
 11
10.15
 21
21.95000000000001
 31
0.0
  0
LINE
  5
5A6
330
1F
100
AcDbEntity
  8
AM_0
100
AcDbLine
 10
10.15
 20
21.95000000000001
 30
0.0
 11
5.149999999999999
 21
21.95000000000001
 31
0.0
  0
LINE
  5
5A7
330
1F
100
AcDbEntity
  8
AM_0
100
AcDbLine
 10
5.149999999999999
 20
21.34999999999998
 30
0.0
 11
5.149999999999999
 21
21.7
 31
0.0
  0
LINE
  5
5A8
330
1F
100
AcDbEntity
  8
AM_0
100
AcDbLine
 10
5.149999999999999
 20
21.7
 30
0.0
 11
10.15
 21
21.7
 31
0.0
  0
LINE
  5
5A9
330
1F
100
AcDbEntity
  8
AM_0
100
AcDbLine
 10
10.15
 20
21.7
 30
0.0
 11
10.15
 21
21.34999999999998
 31
0.0
  0
LINE
  5
5AA
330
1F
100
AcDbEntity
  8
AM_0
100
AcDbLine
 10
10.15
 20
21.34999999999998
 30
0.0
 11
5.149999999999999
 21
21.34999999999998
 31
0.0
  0
LINE
  5
5AB
330
1F
100
AcDbEntity
  8
AM_0
100
AcDbLine
 10
5.149999999999999
 20
20.75
 30
0.0
 11
5.149999999999999
 21
21.09999999999999
 31
0.0
  0
LINE
  5
5AC
330
1F
100
AcDbEntity
  8
AM_0
100
AcDbLine
 10
5.149999999999999
 20
21.09999999999999
 30
0.0
 11
10.15
 21
21.09999999999999
 31
0.0
  0
LINE
  5
5AD
330
1F
100
AcDbEntity
  8
AM_0
100
AcDbLine
 10
10.15
 20
21.09999999999999
 30
0.0
 11
10.15
 21
20.75
 31
0.0
  0
LINE
  5
5AE
330
1F
100
AcDbEntity
  8
AM_0
100
AcDbLine
 10
10.15
 20
20.75
 30
0.0
 11
5.149999999999999
 21
20.75
 31
0.0
  0
LINE
  5
5AF
330
1F
100
AcDbEntity
  8
AM_0
100
AcDbLine
 10
5.149999999999999
 20
20.15000000000001
 30
0.0
 11
5.149999999999999
 21
20.5
 31
0.0
  0
LINE
  5
5B0
330
1F
100
AcDbEntity
  8
AM_0
100
AcDbLine
 10
5.149999999999999
 20
20.5
 30
0.0
 11
10.15
 21
20.5
 31
0.0
  0
LINE
  5
5B1
330
1F
100
AcDbEntity
  8
AM_0
100
AcDbLine
 10
10.15
 20
20.5
 30
0.0
 11
10.15
 21
20.15000000000001
 31
0.0
  0
LINE
  5
5B2
330
1F
100
AcDbEntity
  8
AM_0
100
AcDbLine
 10
10.15
 20
20.15000000000001
 30
0.0
 11
5.149999999999999
 21
20.15000000000001
 31
0.0
  0
LINE
  5
5B3
330
1F
100
AcDbEntity
  8
AM_0
100
AcDbLine
 10
5.149999999999999
 20
19.55
 30
0.0
 11
5.149999999999999
 21
19.90000000000001
 31
0.0
  0
LINE
  5
5B4
330
1F
100
AcDbEntity
  8
AM_0
100
AcDbLine
 10
5.149999999999999
 20
19.90000000000001
 30
0.0
 11
10.15
 21
19.90000000000001
 31
0.0
  0
LINE
  5
5B5
330
1F
100
AcDbEntity
  8
AM_0
100
AcDbLine
 10
10.15
 20
19.90000000000001
 30
0.0
 11
10.15
 21
19.55
 31
0.0
  0
LINE
  5
5B6
330
1F
100
AcDbEntity
  8
AM_0
100
AcDbLine
 10
10.15
 20
19.55
 30
0.0
 11
5.149999999999999
 21
19.55
 31
0.0
  0
LINE
  5
5B7
330
1F
100
AcDbEntity
  8
AM_0
100
AcDbLine
 10
5.149999999999999
 20
18.95000000000001
 30
0.0
 11
5.149999999999999
 21
19.29999999999999
 31
0.0
  0
LINE
  5
5B8
330
1F
100
AcDbEntity
  8
AM_0
100
AcDbLine
 10
5.149999999999999
 20
19.29999999999999
 30
0.0
 11
10.15
 21
19.29999999999999
 31
0.0
  0
LINE
  5
5B9
330
1F
100
AcDbEntity
  8
AM_0
100
AcDbLine
 10
10.15
 20
19.29999999999999
 30
0.0
 11
10.15
 21
18.95000000000001
 31
0.0
  0
LINE
  5
5BA
330
1F
100
AcDbEntity
  8
AM_0
100
AcDbLine
 10
10.15
 20
18.95000000000001
 30
0.0
 11
5.149999999999999
 21
18.95000000000001
 31
0.0
  0
LINE
  5
5BB
330
1F
100
AcDbEntity
  8
AM_0
100
AcDbLine
 10
5.149999999999999
 20
18.34999999999999
 30
0.0
 11
5.149999999999999
 21
18.7
 31
0.0
  0
LINE
  5
5BC
330
1F
100
AcDbEntity
  8
AM_0
100
AcDbLine
 10
5.149999999999999
 20
18.7
 30
0.0
 11
10.15
 21
18.7
 31
0.0
  0
LINE
  5
5BD
330
1F
100
AcDbEntity
  8
AM_0
100
AcDbLine
 10
10.15
 20
18.7
 30
0.0
 11
10.15
 21
18.34999999999999
 31
0.0
  0
LINE
  5
5BE
330
1F
100
AcDbEntity
  8
AM_0
100
AcDbLine
 10
10.15
 20
18.34999999999999
 30
0.0
 11
5.149999999999999
 21
18.34999999999999
 31
0.0
  0
LINE
  5
5BF
330
1F
100
AcDbEntity
  8
AM_0
100
AcDbLine
 10
5.149999999999999
 20
17.75
 30
0.0
 11
5.149999999999999
 21
18.09999999999999
 31
0.0
  0
LINE
  5
5C0
330
1F
100
AcDbEntity
  8
AM_0
100
AcDbLine
 10
5.149999999999999
 20
18.09999999999999
 30
0.0
 11
10.15
 21
18.09999999999999
 31
0.0
  0
LINE
  5
5C1
330
1F
100
AcDbEntity
  8
AM_0
100
AcDbLine
 10
10.15
 20
18.09999999999999
 30
0.0
 11
10.15
 21
17.75
 31
0.0
  0
LINE
  5
5C2
330
1F
100
AcDbEntity
  8
AM_0
100
AcDbLine
 10
10.15
 20
17.75
 30
0.0
 11
5.149999999999999
 21
17.75
 31
0.0
  0
LINE
  5
5C3
330
1F
100
AcDbEntity
  8
AM_0
100
AcDbLine
 10
5.149999999999999
 20
17.15000000000001
 30
0.0
 11
5.149999999999999
 21
17.5
 31
0.0
  0
LINE
  5
5C4
330
1F
100
AcDbEntity
  8
AM_0
100
AcDbLine
 10
5.149999999999999
 20
17.5
 30
0.0
 11
10.15
 21
17.5
 31
0.0
  0
LINE
  5
5C5
330
1F
100
AcDbEntity
  8
AM_0
100
AcDbLine
 10
10.15
 20
17.5
 30
0.0
 11
10.15
 21
17.15000000000001
 31
0.0
  0
LINE
  5
5C6
330
1F
100
AcDbEntity
  8
AM_0
100
AcDbLine
 10
10.15
 20
17.15000000000001
 30
0.0
 11
5.149999999999999
 21
17.15000000000001
 31
0.0
  0
LINE
  5
5C7
330
1F
100
AcDbEntity
  8
AM_0
100
AcDbLine
 10
5.149999999999999
 20
16.55
 30
0.0
 11
5.149999999999999
 21
16.90000000000001
 31
0.0
  0
LINE
  5
5C8
330
1F
100
AcDbEntity
  8
AM_0
100
AcDbLine
 10
5.149999999999999
 20
16.90000000000001
 30
0.0
 11
10.15
 21
16.90000000000001
 31
0.0
  0
LINE
  5
5C9
330
1F
100
AcDbEntity
  8
AM_0
100
AcDbLine
 10
10.15
 20
16.90000000000001
 30
0.0
 11
10.15
 21
16.55
 31
0.0
  0
LINE
  5
5CA
330
1F
100
AcDbEntity
  8
AM_0
100
AcDbLine
 10
10.15
 20
16.55
 30
0.0
 11
5.149999999999999
 21
16.55
 31
0.0
  0
LINE
  5
5CB
330
1F
100
AcDbEntity
  8
AM_0
100
AcDbLine
 10
5.149999999999999
 20
15.95000000000001
 30
0.0
 11
5.149999999999999
 21
16.29999999999999
 31
0.0
  0
LINE
  5
5CC
330
1F
100
AcDbEntity
  8
AM_0
100
AcDbLine
 10
5.149999999999999
 20
16.29999999999999
 30
0.0
 11
10.15
 21
16.29999999999999
 31
0.0
  0
LINE
  5
5CD
330
1F
100
AcDbEntity
  8
AM_0
100
AcDbLine
 10
10.15
 20
16.29999999999999
 30
0.0
 11
10.15
 21
15.95000000000001
 31
0.0
  0
LINE
  5
5CE
330
1F
100
AcDbEntity
  8
AM_0
100
AcDbLine
 10
10.15
 20
15.95000000000001
 30
0.0
 11
5.149999999999999
 21
15.95000000000001
 31
0.0
  0
LINE
  5
5CF
330
1F
100
AcDbEntity
  8
AM_0
100
AcDbLine
 10
5.149999999999999
 20
15.34999999999999
 30
0.0
 11
5.149999999999999
 21
15.70000000000001
 31
0.0
  0
LINE
  5
5D0
330
1F
100
AcDbEntity
  8
AM_0
100
AcDbLine
 10
5.149999999999999
 20
15.70000000000001
 30
0.0
 11
10.15
 21
15.70000000000001
 31
0.0
  0
LINE
  5
5D1
330
1F
100
AcDbEntity
  8
AM_0
100
AcDbLine
 10
10.15
 20
15.70000000000001
 30
0.0
 11
10.15
 21
15.34999999999999
 31
0.0
  0
LINE
  5
5D2
330
1F
100
AcDbEntity
  8
AM_0
100
AcDbLine
 10
10.15
 20
15.34999999999999
 30
0.0
 11
5.149999999999999
 21
15.34999999999999
 31
0.0
  0
LINE
  5
5D3
330
1F
100
AcDbEntity
  8
AM_0
100
AcDbLine
 10
5.149999999999999
 20
14.75
 30
0.0
 11
5.149999999999999
 21
15.09999999999999
 31
0.0
  0
LINE
  5
5D4
330
1F
100
AcDbEntity
  8
AM_0
100
AcDbLine
 10
5.149999999999999
 20
15.09999999999999
 30
0.0
 11
10.15
 21
15.09999999999999
 31
0.0
  0
LINE
  5
5D5
330
1F
100
AcDbEntity
  8
AM_0
100
AcDbLine
 10
10.15
 20
15.09999999999999
 30
0.0
 11
10.15
 21
14.75
 31
0.0
  0
LINE
  5
5D6
330
1F
100
AcDbEntity
  8
AM_0
100
AcDbLine
 10
10.15
 20
14.75
 30
0.0
 11
5.149999999999999
 21
14.75
 31
0.0
  0
LINE
  5
5D7
330
1F
100
AcDbEntity
  8
AM_0
100
AcDbLine
 10
5.149999999999999
 20
14.15000000000001
 30
0.0
 11
5.149999999999999
 21
14.5
 31
0.0
  0
LINE
  5
5D8
330
1F
100
AcDbEntity
  8
AM_0
100
AcDbLine
 10
5.149999999999999
 20
14.5
 30
0.0
 11
10.15
 21
14.5
 31
0.0
  0
LINE
  5
5D9
330
1F
100
AcDbEntity
  8
AM_0
100
AcDbLine
 10
10.15
 20
14.5
 30
0.0
 11
10.15
 21
14.15000000000001
 31
0.0
  0
LINE
  5
5DA
330
1F
100
AcDbEntity
  8
AM_0
100
AcDbLine
 10
10.15
 20
14.15000000000001
 30
0.0
 11
5.149999999999999
 21
14.15000000000001
 31
0.0
  0
LINE
  5
5DB
330
1F
100
AcDbEntity
  8
AM_0
100
AcDbLine
 10
5.149999999999999
 20
13.54999999999999
 30
0.0
 11
5.149999999999999
 21
13.90000000000002
 31
0.0
  0
LINE
  5
5DC
330
1F
100
AcDbEntity
  8
AM_0
100
AcDbLine
 10
5.149999999999999
 20
13.90000000000002
 30
0.0
 11
10.15
 21
13.90000000000002
 31
0.0
  0
LINE
  5
5DD
330
1F
100
AcDbEntity
  8
AM_0
100
AcDbLine
 10
10.15
 20
13.90000000000002
 30
0.0
 11
10.15
 21
13.54999999999999
 31
0.0
  0
LINE
  5
5DE
330
1F
100
AcDbEntity
  8
AM_0
100
AcDbLine
 10
10.15
 20
13.54999999999999
 30
0.0
 11
5.149999999999999
 21
13.54999999999999
 31
0.0
  0
LINE
  5
5DF
330
1F
100
AcDbEntity
  8
AM_0
100
AcDbLine
 10
5.149999999999999
 20
12.95000000000001
 30
0.0
 11
5.149999999999999
 21
13.29999999999999
 31
0.0
  0
LINE
  5
5E0
330
1F
100
AcDbEntity
  8
AM_0
100
AcDbLine
 10
5.149999999999999
 20
13.29999999999999
 30
0.0
 11
10.15
 21
13.29999999999999
 31
0.0
  0
LINE
  5
5E1
330
1F
100
AcDbEntity
  8
AM_0
100
AcDbLine
 10
10.15
 20
13.29999999999999
 30
0.0
 11
10.15
 21
12.95000000000001
 31
0.0
  0
LINE
  5
5E2
330
1F
100
AcDbEntity
  8
AM_0
100
AcDbLine
 10
10.15
 20
12.95000000000001
 30
0.0
 11
5.149999999999999
 21
12.95000000000001
 31
0.0
  0
LINE
  5
5E3
330
1F
100
AcDbEntity
  8
AM_0
100
AcDbLine
 10
5.149999999999999
 20
12.34999999999998
 30
0.0
 11
5.149999999999999
 21
12.70000000000001
 31
0.0
  0
LINE
  5
5E4
330
1F
100
AcDbEntity
  8
AM_0
100
AcDbLine
 10
5.149999999999999
 20
12.70000000000001
 30
0.0
 11
10.15
 21
12.70000000000001
 31
0.0
  0
LINE
  5
5E5
330
1F
100
AcDbEntity
  8
AM_0
100
AcDbLine
 10
10.15
 20
12.70000000000001
 30
0.0
 11
10.15
 21
12.34999999999998
 31
0.0
  0
LINE
  5
5E6
330
1F
100
AcDbEntity
  8
AM_0
100
AcDbLine
 10
10.15
 20
12.34999999999998
 30
0.0
 11
5.149999999999999
 21
12.34999999999998
 31
0.0
  0
LINE
  5
5E7
330
1F
100
AcDbEntity
  8
AM_0
100
AcDbLine
 10
5.149999999999999
 20
11.75
 30
0.0
 11
5.149999999999999
 21
12.1
 31
0.0
  0
LINE
  5
5E8
330
1F
100
AcDbEntity
  8
AM_0
100
AcDbLine
 10
5.149999999999999
 20
12.1
 30
0.0
 11
10.15
 21
12.1
 31
0.0
  0
LINE
  5
5E9
330
1F
100
AcDbEntity
  8
AM_0
100
AcDbLine
 10
10.15
 20
12.1
 30
0.0
 11
10.15
 21
11.75
 31
0.0
  0
LINE
  5
5EA
330
1F
100
AcDbEntity
  8
AM_0
100
AcDbLine
 10
10.15
 20
11.75
 30
0.0
 11
5.149999999999999
 21
11.75
 31
0.0
  0
LINE
  5
5EB
330
1F
100
AcDbEntity
  8
AM_0
100
AcDbLine
 10
5.149999999999999
 20
11.15
 30
0.0
 11
5.149999999999999
 21
11.5
 31
0.0
  0
LINE
  5
5EC
330
1F
100
AcDbEntity
  8
AM_0
100
AcDbLine
 10
5.149999999999999
 20
11.5
 30
0.0
 11
10.15
 21
11.5
 31
0.0
  0
LINE
  5
5ED
330
1F
100
AcDbEntity
  8
AM_0
100
AcDbLine
 10
10.15
 20
11.5
 30
0.0
 11
10.15
 21
11.15
 31
0.0
  0
LINE
  5
5EE
330
1F
100
AcDbEntity
  8
AM_0
100
AcDbLine
 10
10.15
 20
11.15
 30
0.0
 11
5.149999999999999
 21
11.15
 31
0.0
  0
LINE
  5
5EF
330
1F
100
AcDbEntity
  8
AM_0
100
AcDbLine
 10
5.149999999999999
 20
10.54999999999999
 30
0.0
 11
5.149999999999999
 21
10.90000000000002
 31
0.0
  0
LINE
  5
5F0
330
1F
100
AcDbEntity
  8
AM_0
100
AcDbLine
 10
5.149999999999999
 20
10.90000000000002
 30
0.0
 11
10.15
 21
10.90000000000002
 31
0.0
  0
LINE
  5
5F1
330
1F
100
AcDbEntity
  8
AM_0
100
AcDbLine
 10
10.15
 20
10.90000000000002
 30
0.0
 11
10.15
 21
10.54999999999999
 31
0.0
  0
LINE
  5
5F2
330
1F
100
AcDbEntity
  8
AM_0
100
AcDbLine
 10
10.15
 20
10.54999999999999
 30
0.0
 11
5.149999999999999
 21
10.54999999999999
 31
0.0
  0
LINE
  5
5F3
330
1F
100
AcDbEntity
  8
AM_0
100
AcDbLine
 10
5.149999999999999
 20
9.950000000000006
 30
0.0
 11
5.149999999999999
 21
10.29999999999999
 31
0.0
  0
LINE
  5
5F4
330
1F
100
AcDbEntity
  8
AM_0
100
AcDbLine
 10
5.149999999999999
 20
10.29999999999999
 30
0.0
 11
10.15
 21
10.29999999999999
 31
0.0
  0
LINE
  5
5F5
330
1F
100
AcDbEntity
  8
AM_0
100
AcDbLine
 10
10.15
 20
10.29999999999999
 30
0.0
 11
10.15
 21
9.950000000000006
 31
0.0
  0
LINE
  5
5F6
330
1F
100
AcDbEntity
  8
AM_0
100
AcDbLine
 10
10.15
 20
9.950000000000006
 30
0.0
 11
5.149999999999999
 21
9.950000000000006
 31
0.0
  0
LINE
  5
5F7
330
1F
100
AcDbEntity
  8
AM_0
100
AcDbLine
 10
5.149999999999999
 20
9.349999999999977
 30
0.0
 11
5.149999999999999
 21
9.700000000000006
 31
0.0
  0
LINE
  5
5F8
330
1F
100
AcDbEntity
  8
AM_0
100
AcDbLine
 10
5.149999999999999
 20
9.700000000000006
 30
0.0
 11
10.15
 21
9.700000000000006
 31
0.0
  0
LINE
  5
5F9
330
1F
100
AcDbEntity
  8
AM_0
100
AcDbLine
 10
10.15
 20
9.700000000000006
 30
0.0
 11
10.15
 21
9.349999999999977
 31
0.0
  0
LINE
  5
5FA
330
1F
100
AcDbEntity
  8
AM_0
100
AcDbLine
 10
10.15
 20
9.349999999999977
 30
0.0
 11
5.149999999999999
 21
9.349999999999977
 31
0.0
  0
LINE
  5
5FB
330
1F
100
AcDbEntity
  8
AM_0
100
AcDbLine
 10
5.149999999999999
 20
8.75
 30
0.0
 11
5.149999999999999
 21
9.100000000000001
 31
0.0
  0
LINE
  5
5FC
330
1F
100
AcDbEntity
  8
AM_0
100
AcDbLine
 10
5.149999999999999
 20
9.100000000000001
 30
0.0
 11
10.15
 21
9.100000000000001
 31
0.0
  0
LINE
  5
5FD
330
1F
100
AcDbEntity
  8
AM_0
100
AcDbLine
 10
10.15
 20
9.100000000000001
 30
0.0
 11
10.15
 21
8.75
 31
0.0
  0
LINE
  5
5FE
330
1F
100
AcDbEntity
  8
AM_0
100
AcDbLine
 10
10.15
 20
8.75
 30
0.0
 11
5.149999999999999
 21
8.75
 31
0.0
  0
LINE
  5
5FF
330
1F
100
AcDbEntity
  8
AM_0
100
AcDbLine
 10
5.149999999999999
 20
8.149999999999999
 30
0.0
 11
5.149999999999999
 21
8.5
 31
0.0
  0
LINE
  5
600
330
1F
100
AcDbEntity
  8
AM_0
100
AcDbLine
 10
5.149999999999999
 20
8.5
 30
0.0
 11
10.15
 21
8.5
 31
0.0
  0
LINE
  5
601
330
1F
100
AcDbEntity
  8
AM_0
100
AcDbLine
 10
10.15
 20
8.5
 30
0.0
 11
10.15
 21
8.149999999999999
 31
0.0
  0
LINE
  5
602
330
1F
100
AcDbEntity
  8
AM_0
100
AcDbLine
 10
10.15
 20
8.149999999999999
 30
0.0
 11
5.149999999999999
 21
8.149999999999999
 31
0.0
  0
LINE
  5
603
330
1F
100
AcDbEntity
  8
AM_0
100
AcDbLine
 10
5.149999999999999
 20
7.549999999999994
 30
0.0
 11
5.149999999999999
 21
7.900000000000023
 31
0.0
  0
LINE
  5
604
330
1F
100
AcDbEntity
  8
AM_0
100
AcDbLine
 10
5.149999999999999
 20
7.900000000000023
 30
0.0
 11
10.15
 21
7.900000000000023
 31
0.0
  0
LINE
  5
605
330
1F
100
AcDbEntity
  8
AM_0
100
AcDbLine
 10
10.15
 20
7.900000000000023
 30
0.0
 11
10.15
 21
7.549999999999994
 31
0.0
  0
LINE
  5
606
330
1F
100
AcDbEntity
  8
AM_0
100
AcDbLine
 10
10.15
 20
7.549999999999994
 30
0.0
 11
5.149999999999999
 21
7.549999999999994
 31
0.0
  0
LINE
  5
607
330
1F
100
AcDbEntity
  8
AM_0
100
AcDbLine
 10
5.149999999999999
 20
6.950000000000006
 30
0.0
 11
5.149999999999999
 21
7.299999999999994
 31
0.0
  0
LINE
  5
608
330
1F
100
AcDbEntity
  8
AM_0
100
AcDbLine
 10
5.149999999999999
 20
7.299999999999994
 30
0.0
 11
10.15
 21
7.299999999999994
 31
0.0
  0
LINE
  5
609
330
1F
100
AcDbEntity
  8
AM_0
100
AcDbLine
 10
10.15
 20
7.299999999999994
 30
0.0
 11
10.15
 21
6.950000000000006
 31
0.0
  0
LINE
  5
60A
330
1F
100
AcDbEntity
  8
AM_0
100
AcDbLine
 10
10.15
 20
6.950000000000006
 30
0.0
 11
5.149999999999999
 21
6.950000000000006
 31
0.0
  0
LINE
  5
60B
330
1F
100
AcDbEntity
  8
AM_0
100
AcDbLine
 10
3.333466166642113
 20
22.90000000000001
 30
0.0
 11
4.850000000000001
 21
22.90000000000001
 31
0.0
  0
LINE
  5
60C
330
1F
100
AcDbEntity
  8
AM_0
100
AcDbLine
 10
4.850000000000001
 20
22.90000000000001
 30
0.0
 11
4.850000000000001
 21
22.55
 31
0.0
  0
LINE
  5
60D
330
1F
100
AcDbEntity
  8
AM_0
100
AcDbLine
 10
4.850000000000001
 20
22.55
 30
0.0
 11
3.319207693024144
 21
22.55
 31
0.0
  0
LINE
  5
60E
330
1F
100
AcDbEntity
  8
AM_0
100
AcDbLine
 10
3.232110632558437
 20
18.7
 30
0.0
 11
4.850000000000001
 21
18.7
 31
0.0
  0
LINE
  5
60F
330
1F
100
AcDbEntity
  8
AM_0
100
AcDbLine
 10
4.850000000000001
 20
18.7
 30
0.0
 11
4.850000000000001
 21
18.34999999999999
 31
0.0
  0
LINE
  5
610
330
1F
100
AcDbEntity
  8
AM_0
100
AcDbLine
 10
4.850000000000001
 20
18.34999999999999
 30
0.0
 11
3.230527654541755
 21
18.34999999999999
 31
0.0
  0
LINE
  5
611
330
1F
100
AcDbEntity
  8
AM_0
100
AcDbLine
 10
3.230043073750216
 20
18.09999999999999
 30
0.0
 11
4.850000000000001
 21
18.09999999999999
 31
0.0
  0
LINE
  5
612
330
1F
100
AcDbEntity
  8
AM_0
100
AcDbLine
 10
4.850000000000001
 20
18.09999999999999
 30
0.0
 11
4.850000000000001
 21
17.75
 31
0.0
  0
LINE
  5
613
330
1F
100
AcDbEntity
  8
AM_0
100
AcDbLine
 10
4.850000000000001
 20
17.75
 30
0.0
 11
3.230269211201221
 21
17.75
 31
0.0
  0
LINE
  5
614
330
1F
100
AcDbEntity
  8
AM_0
100
AcDbLine
 10
3.23107684855101
 20
17.5
 30
0.0
 11
4.850000000000001
 21
17.5
 31
0.0
  0
LINE
  5
615
330
1F
100
AcDbEntity
  8
AM_0
100
AcDbLine
 10
4.850000000000001
 20
17.5
 30
0.0
 11
4.850000000000001
 21
17.15000000000001
 31
0.0
  0
LINE
  5
616
330
1F
100
AcDbEntity
  8
AM_0
100
AcDbLine
 10
4.850000000000001
 20
17.15000000000001
 30
0.0
 11
3.233112119595481
 21
17.15000000000001
 31
0.0
  0
LINE
  5
617
330
1F
100
AcDbEntity
  8
AM_0
100
AcDbLine
 10
3.235212039823212
 20
16.90000000000001
 30
0.0
 11
4.850000000000001
 21
16.90000000000001
 31
0.0
  0
LINE
  5
618
330
1F
100
AcDbEntity
  8
AM_0
100
AcDbLine
 10
4.850000000000001
 20
16.90000000000001
 30
0.0
 11
4.850000000000001
 21
16.55
 31
0.0
  0
LINE
  5
619
330
1F
100
AcDbEntity
  8
AM_0
100
AcDbLine
 10
4.850000000000001
 20
16.55
 30
0.0
 11
3.239056607607428
 21
16.55
 31
0.0
  0
LINE
  5
61A
330
1F
100
AcDbEntity
  8
AM_0
100
AcDbLine
 10
3.242448979053579
 20
16.29999999999999
 30
0.0
 11
4.850000000000001
 21
16.29999999999999
 31
0.0
  0
LINE
  5
61B
330
1F
100
AcDbEntity
  8
AM_0
100
AcDbLine
 10
4.850000000000001
 20
16.29999999999999
 30
0.0
 11
4.850000000000001
 21
15.95000000000001
 31
0.0
  0
LINE
  5
61C
330
1F
100
AcDbEntity
  8
AM_0
100
AcDbLine
 10
4.850000000000001
 20
15.95000000000001
 30
0.0
 11
3.248103151809544
 21
15.95000000000001
 31
0.0
  0
LINE
  5
61D
330
1F
100
AcDbEntity
  8
AM_0
100
AcDbLine
 10
3.252788246485941
 20
15.70000000000001
 30
0.0
 11
4.850000000000001
 21
15.70000000000001
 31
0.0
  0
LINE
  5
61E
330
1F
100
AcDbEntity
  8
AM_0
100
AcDbLine
 10
4.850000000000001
 20
15.70000000000001
 30
0.0
 11
4.850000000000001
 21
15.34999999999999
 31
0.0
  0
LINE
  5
61F
330
1F
100
AcDbEntity
  8
AM_0
100
AcDbLine
 10
4.850000000000001
 20
15.34999999999999
 30
0.0
 11
3.260252477655068
 21
15.34999999999999
 31
0.0
  0
LINE
  5
620
330
1F
100
AcDbEntity
  8
AM_0
100
AcDbLine
 10
3.266230671353988
 20
15.09999999999999
 30
0.0
 11
4.850000000000001
 21
15.09999999999999
 31
0.0
  0
LINE
  5
621
330
1F
100
AcDbEntity
  8
AM_0
100
AcDbLine
 10
4.850000000000001
 20
15.09999999999999
 30
0.0
 11
4.850000000000001
 21
14.75
 31
0.0
  0
LINE
  5
622
330
1F
100
AcDbEntity
  8
AM_0
100
AcDbLine
 10
4.850000000000001
 20
14.75
 30
0.0
 11
3.275505559768985
 21
14.75
 31
0.0
  0
LINE
  5
623
330
1F
100
AcDbEntity
  8
AM_0
100
AcDbLine
 10
3.28277733221395
 20
14.5
 30
0.0
 11
4.850000000000001
 21
14.5
 31
0.0
  0
LINE
  5
624
330
1F
100
AcDbEntity
  8
AM_0
100
AcDbLine
 10
4.850000000000001
 20
14.5
 30
0.0
 11
4.850000000000001
 21
14.15000000000001
 31
0.0
  0
LINE
  5
625
330
1F
100
AcDbEntity
  8
AM_0
100
AcDbLine
 10
4.850000000000001
 20
14.15000000000001
 30
0.0
 11
3.293863622339132
 21
14.15000000000001
 31
0.0
  0
LINE
  5
626
330
1F
100
AcDbEntity
  8
AM_0
100
AcDbLine
 10
3.302429557377565
 20
13.90000000000002
 30
0.0
 11
4.850000000000001
 21
13.90000000000002
 31
0.0
  0
LINE
  5
627
330
1F
100
AcDbEntity
  8
AM_0
100
AcDbLine
 10
4.850000000000001
 20
13.90000000000002
 30
0.0
 11
4.850000000000001
 21
13.54999999999999
 31
0.0
  0
LINE
  5
628
330
1F
100
AcDbEntity
  8
AM_0
100
AcDbLine
 10
4.850000000000001
 20
13.54999999999999
 30
0.0
 11
3.315328139608057
 21
13.54999999999999
 31
0.0
  0
LINE
  5
629
330
1F
100
AcDbEntity
  8
AM_0
100
AcDbLine
 10
3.325188925445915
 20
13.29999999999999
 30
0.0
 11
4.850000000000001
 21
13.29999999999999
 31
0.0
  0
LINE
  5
62A
330
1F
100
AcDbEntity
  8
AM_0
100
AcDbLine
 10
4.850000000000001
 20
13.29999999999999
 30
0.0
 11
4.850000000000001
 21
12.95000000000001
 31
0.0
  0
LINE
  5
62B
330
1F
100
AcDbEntity
  8
AM_0
100
AcDbLine
 10
4.850000000000001
 20
12.95000000000001
 30
0.0
 11
3.339900836465596
 21
12.95000000000001
 31
0.0
  0
LINE
  5
62C
330
1F
100
AcDbEntity
  8
AM_0
100
AcDbLine
 10
3.351057265944316
 20
12.7
 30
0.0
 11
4.850000000000001
 21
12.70000000000001
 31
0.0
  0
LINE
  5
62D
330
1F
100
AcDbEntity
  8
AM_0
100
AcDbLine
 10
4.850000000000001
 20
12.34999999999998
 30
0.0
 11
3.367583689143317
 21
12.34999999999998
 31
0.0
  0
LINE
  5
62E
330
1F
100
AcDbEntity
  8
AM_0
100
AcDbLine
 10
4.850000000000001
 20
12.70000000000001
 30
0.0
 11
4.850000000000001
 21
12.34999999999998
 31
0.0
  0
LINE
  5
62F
330
1F
100
AcDbEntity
  8
AM_0
100
AcDbLine
 10
3.380036660059259
 20
12.1
 30
0.0
 11
4.850000000000001
 21
12.1
 31
0.0
  0
LINE
  5
630
330
1F
100
AcDbEntity
  8
AM_0
100
AcDbLine
 10
4.850000000000001
 20
11.75
 30
0.0
 11
3.398378926011027
 21
11.75
 31
0.0
  0
LINE
  5
631
330
1F
100
AcDbEntity
  8
AM_0
100
AcDbLine
 10
4.850000000000001
 20
12.1
 30
0.0
 11
4.850000000000001
 21
11.75
 31
0.0
  0
LINE
  5
632
330
1F
100
AcDbEntity
  8
AM_0
100
AcDbLine
 10
3.412129441477637
 20
11.5
 30
0.0
 11
4.850000000000001
 21
11.5
 31
0.0
  0
LINE
  5
633
330
1F
100
AcDbEntity
  8
AM_0
100
AcDbLine
 10
4.850000000000001
 20
11.15
 30
0.0
 11
3.432289028476212
 21
11.15
 31
0.0
  0
LINE
  5
634
330
1F
100
AcDbEntity
  8
AM_0
100
AcDbLine
 10
4.850000000000001
 20
11.5
 30
0.0
 11
4.850000000000001
 21
11.15
 31
0.0
  0
LINE
  5
635
330
1F
100
AcDbEntity
  8
AM_0
100
AcDbLine
 10
3.527115254455658
 20
9.700000000000006
 30
0.0
 11
4.850000000000001
 21
9.700000000000006
 31
0.0
  0
LINE
  5
636
330
1F
100
AcDbEntity
  8
AM_0
100
AcDbLine
 10
4.850000000000001
 20
9.349999999999977
 30
0.0
 11
3.552737160902084
 21
9.349999999999977
 31
0.0
  0
LINE
  5
637
330
1F
100
AcDbEntity
  8
AM_0
100
AcDbLine
 10
4.850000000000001
 20
9.700000000000006
 30
0.0
 11
4.850000000000001
 21
9.349999999999977
 31
0.0
  0
LINE
  5
638
330
1F
100
AcDbEntity
  8
AM_0
100
AcDbLine
 10
3.571690007154502
 20
9.100000000000001
 30
0.0
 11
4.850000000000001
 21
9.100000000000001
 31
0.0
  0
LINE
  5
639
330
1F
100
AcDbEntity
  8
AM_0
100
AcDbLine
 10
4.850000000000001
 20
8.75
 30
0.0
 11
3.599136637911126
 21
8.75
 31
0.0
  0
LINE
  5
63A
330
1F
100
AcDbEntity
  8
AM_0
100
AcDbLine
 10
4.850000000000001
 20
9.100000000000001
 30
0.0
 11
4.850000000000001
 21
8.75
 31
0.0
  0
LINE
  5
63B
330
1F
100
AcDbEntity
  8
AM_0
100
AcDbLine
 10
3.619393639760008
 20
8.499999999999996
 30
0.0
 11
4.850000000000001
 21
8.5
 31
0.0
  0
LINE
  5
63C
330
1F
100
AcDbEntity
  8
AM_0
100
AcDbLine
 10
4.850000000000001
 20
8.149999999999999
 30
0.0
 11
3.64866722192761
 21
8.149999999999995
 31
0.0
  0
LINE
  5
63D
330
1F
100
AcDbEntity
  8
AM_0
100
AcDbLine
 10
4.850000000000001
 20
8.5
 30
0.0
 11
4.850000000000001
 21
8.149999999999999
 31
0.0
  0
LINE
  5
63E
330
1F
100
AcDbEntity
  8
AM_0
100
AcDbLine
 10
3.670230024441849
 20
7.900000000000024
 30
0.0
 11
4.850000000000001
 21
7.900000000000023
 31
0.0
  0
LINE
  5
63F
330
1F
100
AcDbEntity
  8
AM_0
100
AcDbLine
 10
4.850000000000001
 20
7.549999999999994
 30
0.0
 11
3.701332937361474
 21
7.549999999999991
 31
0.0
  0
LINE
  5
640
330
1F
100
AcDbEntity
  8
AM_0
100
AcDbLine
 10
4.850000000000001
 20
7.900000000000023
 30
0.0
 11
4.850000000000001
 21
7.549999999999994
 31
0.0
  0
LINE
  5
641
330
1F
100
AcDbEntity
  8
AM_0
100
AcDbLine
 10
20.75
 20
18.95
 30
0.0
 11
15.75
 21
18.95
 31
0.0
  0
LINE
  5
642
330
1F
100
AcDbEntity
  8
AM_0
100
AcDbLine
 10
15.75
 20
18.95
 30
0.0
 11
15.75
 21
19.3
 31
0.0
  0
LINE
  5
643
330
1F
100
AcDbEntity
  8
AM_0
100
AcDbLine
 10
15.75
 20
19.3
 30
0.0
 11
20.75
 21
19.3
 31
0.0
  0
LINE
  5
644
330
1F
100
AcDbEntity
  8
AM_0
100
AcDbLine
 10
20.75
 20
19.3
 30
0.0
 11
20.75
 21
18.95
 31
0.0
  0
LINE
  5
645
330
1F
100
AcDbEntity
  8
AM_0
100
AcDbLine
 10
20.75
 20
18.35
 30
0.0
 11
15.75
 21
18.35
 31
0.0
  0
LINE
  5
646
330
1F
100
AcDbEntity
  8
AM_0
100
AcDbLine
 10
15.75
 20
18.35
 30
0.0
 11
15.75
 21
18.7
 31
0.0
  0
LINE
  5
647
330
1F
100
AcDbEntity
  8
AM_0
100
AcDbLine
 10
15.75
 20
18.7
 30
0.0
 11
20.75
 21
18.7
 31
0.0
  0
LINE
  5
648
330
1F
100
AcDbEntity
  8
AM_0
100
AcDbLine
 10
20.75
 20
18.7
 30
0.0
 11
20.75
 21
18.35
 31
0.0
  0
LINE
  5
649
330
1F
100
AcDbEntity
  8
AM_0
100
AcDbLine
 10
15.75
 20
17.75
 30
0.0
 11
15.75
 21
18.1
 31
0.0
  0
LINE
  5
64A
330
1F
100
AcDbEntity
  8
AM_0
100
AcDbLine
 10
15.75
 20
18.1
 30
0.0
 11
20.75
 21
18.1
 31
0.0
  0
LINE
  5
64B
330
1F
100
AcDbEntity
  8
AM_0
100
AcDbLine
 10
20.75
 20
18.1
 30
0.0
 11
20.75
 21
17.75
 31
0.0
  0
LINE
  5
64C
330
1F
100
AcDbEntity
  8
AM_0
100
AcDbLine
 10
20.75
 20
17.75
 30
0.0
 11
15.75
 21
17.75
 31
0.0
  0
LINE
  5
64D
330
1F
100
AcDbEntity
  8
AM_0
100
AcDbLine
 10
15.75
 20
17.15
 30
0.0
 11
15.75
 21
17.5
 31
0.0
  0
LINE
  5
64E
330
1F
100
AcDbEntity
  8
AM_0
100
AcDbLine
 10
15.75
 20
17.5
 30
0.0
 11
20.75
 21
17.5
 31
0.0
  0
LINE
  5
64F
330
1F
100
AcDbEntity
  8
AM_0
100
AcDbLine
 10
20.75
 20
17.5
 30
0.0
 11
20.75
 21
17.15
 31
0.0
  0
LINE
  5
650
330
1F
100
AcDbEntity
  8
AM_0
100
AcDbLine
 10
20.75
 20
17.15
 30
0.0
 11
15.75
 21
17.15
 31
0.0
  0
LINE
  5
651
330
1F
100
AcDbEntity
  8
AM_0
100
AcDbLine
 10
15.75
 20
16.55
 30
0.0
 11
15.75
 21
16.9
 31
0.0
  0
LINE
  5
652
330
1F
100
AcDbEntity
  8
AM_0
100
AcDbLine
 10
15.75
 20
16.9
 30
0.0
 11
20.75
 21
16.9
 31
0.0
  0
LINE
  5
653
330
1F
100
AcDbEntity
  8
AM_0
100
AcDbLine
 10
20.75
 20
16.9
 30
0.0
 11
20.75
 21
16.55
 31
0.0
  0
LINE
  5
654
330
1F
100
AcDbEntity
  8
AM_0
100
AcDbLine
 10
20.75
 20
16.55
 30
0.0
 11
15.75
 21
16.55
 31
0.0
  0
LINE
  5
655
330
1F
100
AcDbEntity
  8
AM_0
100
AcDbLine
 10
15.75
 20
15.95
 30
0.0
 11
15.75
 21
16.3
 31
0.0
  0
LINE
  5
656
330
1F
100
AcDbEntity
  8
AM_0
100
AcDbLine
 10
15.75
 20
16.3
 30
0.0
 11
20.75
 21
16.3
 31
0.0
  0
LINE
  5
657
330
1F
100
AcDbEntity
  8
AM_0
100
AcDbLine
 10
20.75
 20
16.3
 30
0.0
 11
20.75
 21
15.95
 31
0.0
  0
LINE
  5
658
330
1F
100
AcDbEntity
  8
AM_0
100
AcDbLine
 10
20.75
 20
15.95
 30
0.0
 11
15.75
 21
15.95
 31
0.0
  0
LINE
  5
659
330
1F
100
AcDbEntity
  8
AM_0
100
AcDbLine
 10
15.75
 20
15.35
 30
0.0
 11
15.75
 21
15.7
 31
0.0
  0
LINE
  5
65A
330
1F
100
AcDbEntity
  8
AM_0
100
AcDbLine
 10
15.75
 20
15.7
 30
0.0
 11
20.75
 21
15.7
 31
0.0
  0
LINE
  5
65B
330
1F
100
AcDbEntity
  8
AM_0
100
AcDbLine
 10
20.75
 20
15.7
 30
0.0
 11
20.75
 21
15.35
 31
0.0
  0
LINE
  5
65C
330
1F
100
AcDbEntity
  8
AM_0
100
AcDbLine
 10
20.75
 20
15.35
 30
0.0
 11
15.75
 21
15.35
 31
0.0
  0
LINE
  5
65D
330
1F
100
AcDbEntity
  8
AM_0
100
AcDbLine
 10
15.75
 20
14.75
 30
0.0
 11
15.75
 21
15.1
 31
0.0
  0
LINE
  5
65E
330
1F
100
AcDbEntity
  8
AM_0
100
AcDbLine
 10
15.75
 20
15.1
 30
0.0
 11
20.75
 21
15.1
 31
0.0
  0
LINE
  5
65F
330
1F
100
AcDbEntity
  8
AM_0
100
AcDbLine
 10
20.75
 20
15.1
 30
0.0
 11
20.75
 21
14.75
 31
0.0
  0
LINE
  5
660
330
1F
100
AcDbEntity
  8
AM_0
100
AcDbLine
 10
20.75
 20
14.75
 30
0.0
 11
15.75
 21
14.75
 31
0.0
  0
LINE
  5
661
330
1F
100
AcDbEntity
  8
AM_0
100
AcDbLine
 10
15.75
 20
14.15
 30
0.0
 11
15.75
 21
14.5
 31
0.0
  0
LINE
  5
662
330
1F
100
AcDbEntity
  8
AM_0
100
AcDbLine
 10
15.75
 20
14.5
 30
0.0
 11
20.75
 21
14.5
 31
0.0
  0
LINE
  5
663
330
1F
100
AcDbEntity
  8
AM_0
100
AcDbLine
 10
20.75
 20
14.5
 30
0.0
 11
20.75
 21
14.15
 31
0.0
  0
LINE
  5
664
330
1F
100
AcDbEntity
  8
AM_0
100
AcDbLine
 10
20.75
 20
14.15
 30
0.0
 11
15.75
 21
14.15
 31
0.0
  0
LINE
  5
665
330
1F
100
AcDbEntity
  8
AM_0
100
AcDbLine
 10
15.75
 20
13.55
 30
0.0
 11
15.75
 21
13.9
 31
0.0
  0
LINE
  5
666
330
1F
100
AcDbEntity
  8
AM_0
100
AcDbLine
 10
15.75
 20
13.9
 30
0.0
 11
20.75
 21
13.9
 31
0.0
  0
LINE
  5
667
330
1F
100
AcDbEntity
  8
AM_0
100
AcDbLine
 10
20.75
 20
13.9
 30
0.0
 11
20.75
 21
13.55
 31
0.0
  0
LINE
  5
668
330
1F
100
AcDbEntity
  8
AM_0
100
AcDbLine
 10
20.75
 20
13.55
 30
0.0
 11
15.75
 21
13.55
 31
0.0
  0
LINE
  5
669
330
1F
100
AcDbEntity
  8
AM_0
100
AcDbLine
 10
15.75
 20
12.95
 30
0.0
 11
15.75
 21
13.3
 31
0.0
  0
LINE
  5
66A
330
1F
100
AcDbEntity
  8
AM_0
100
AcDbLine
 10
15.75
 20
13.3
 30
0.0
 11
20.75
 21
13.3
 31
0.0
  0
LINE
  5
66B
330
1F
100
AcDbEntity
  8
AM_0
100
AcDbLine
 10
20.75
 20
13.3
 30
0.0
 11
20.75
 21
12.95
 31
0.0
  0
LINE
  5
66C
330
1F
100
AcDbEntity
  8
AM_0
100
AcDbLine
 10
20.75
 20
12.95
 30
0.0
 11
15.75
 21
12.95
 31
0.0
  0
LINE
  5
66D
330
1F
100
AcDbEntity
  8
AM_0
100
AcDbLine
 10
15.75
 20
12.35
 30
0.0
 11
15.75
 21
12.7
 31
0.0
  0
LINE
  5
66E
330
1F
100
AcDbEntity
  8
AM_0
100
AcDbLine
 10
15.75
 20
12.7
 30
0.0
 11
20.75
 21
12.7
 31
0.0
  0
LINE
  5
66F
330
1F
100
AcDbEntity
  8
AM_0
100
AcDbLine
 10
20.75
 20
12.7
 30
0.0
 11
20.75
 21
12.35
 31
0.0
  0
LINE
  5
670
330
1F
100
AcDbEntity
  8
AM_0
100
AcDbLine
 10
20.75
 20
12.35
 30
0.0
 11
15.75
 21
12.35
 31
0.0
  0
LINE
  5
671
330
1F
100
AcDbEntity
  8
AM_0
100
AcDbLine
 10
15.75
 20
11.75
 30
0.0
 11
15.75
 21
12.1
 31
0.0
  0
LINE
  5
672
330
1F
100
AcDbEntity
  8
AM_0
100
AcDbLine
 10
15.75
 20
12.1
 30
0.0
 11
20.75
 21
12.1
 31
0.0
  0
LINE
  5
673
330
1F
100
AcDbEntity
  8
AM_0
100
AcDbLine
 10
20.75
 20
12.1
 30
0.0
 11
20.75
 21
11.75
 31
0.0
  0
LINE
  5
674
330
1F
100
AcDbEntity
  8
AM_0
100
AcDbLine
 10
20.75
 20
11.75
 30
0.0
 11
15.75
 21
11.75
 31
0.0
  0
LINE
  5
675
330
1F
100
AcDbEntity
  8
AM_0
100
AcDbLine
 10
15.75
 20
11.15
 30
0.0
 11
15.75
 21
11.5
 31
0.0
  0
LINE
  5
676
330
1F
100
AcDbEntity
  8
AM_0
100
AcDbLine
 10
15.75
 20
11.5
 30
0.0
 11
20.75
 21
11.5
 31
0.0
  0
LINE
  5
677
330
1F
100
AcDbEntity
  8
AM_0
100
AcDbLine
 10
20.75
 20
11.5
 30
0.0
 11
20.75
 21
11.15
 31
0.0
  0
LINE
  5
678
330
1F
100
AcDbEntity
  8
AM_0
100
AcDbLine
 10
20.75
 20
11.15
 30
0.0
 11
15.75
 21
11.15
 31
0.0
  0
LINE
  5
679
330
1F
100
AcDbEntity
  8
AM_0
100
AcDbLine
 10
15.75
 20
10.55
 30
0.0
 11
15.75
 21
10.9
 31
0.0
  0
LINE
  5
67A
330
1F
100
AcDbEntity
  8
AM_0
100
AcDbLine
 10
15.75
 20
10.9
 30
0.0
 11
20.75
 21
10.9
 31
0.0
  0
LINE
  5
67B
330
1F
100
AcDbEntity
  8
AM_0
100
AcDbLine
 10
20.75
 20
10.9
 30
0.0
 11
20.75
 21
10.55
 31
0.0
  0
LINE
  5
67C
330
1F
100
AcDbEntity
  8
AM_0
100
AcDbLine
 10
20.75
 20
10.55
 30
0.0
 11
15.75
 21
10.55
 31
0.0
  0
LINE
  5
67D
330
1F
100
AcDbEntity
  8
AM_0
100
AcDbLine
 10
15.75
 20
9.95
 30
0.0
 11
15.75
 21
10.3
 31
0.0
  0
LINE
  5
67E
330
1F
100
AcDbEntity
  8
AM_0
100
AcDbLine
 10
15.75
 20
10.3
 30
0.0
 11
20.75
 21
10.3
 31
0.0
  0
LINE
  5
67F
330
1F
100
AcDbEntity
  8
AM_0
100
AcDbLine
 10
20.75
 20
10.3
 30
0.0
 11
20.75
 21
9.95
 31
0.0
  0
LINE
  5
680
330
1F
100
AcDbEntity
  8
AM_0
100
AcDbLine
 10
20.75
 20
9.95
 30
0.0
 11
15.75
 21
9.95
 31
0.0
  0
LINE
  5
681
330
1F
100
AcDbEntity
  8
AM_0
100
AcDbLine
 10
15.75
 20
9.349999999999998
 30
0.0
 11
15.75
 21
9.7
 31
0.0
  0
LINE
  5
682
330
1F
100
AcDbEntity
  8
AM_0
100
AcDbLine
 10
15.75
 20
9.7
 30
0.0
 11
20.75
 21
9.7
 31
0.0
  0
LINE
  5
683
330
1F
100
AcDbEntity
  8
AM_0
100
AcDbLine
 10
20.75
 20
9.7
 30
0.0
 11
20.75
 21
9.349999999999998
 31
0.0
  0
LINE
  5
684
330
1F
100
AcDbEntity
  8
AM_0
100
AcDbLine
 10
20.75
 20
9.349999999999998
 30
0.0
 11
15.75
 21
9.349999999999998
 31
0.0
  0
LINE
  5
685
330
1F
100
AcDbEntity
  8
AM_0
100
AcDbLine
 10
15.75
 20
8.75
 30
0.0
 11
15.75
 21
9.100000000000001
 31
0.0
  0
LINE
  5
686
330
1F
100
AcDbEntity
  8
AM_0
100
AcDbLine
 10
15.75
 20
9.100000000000001
 30
0.0
 11
20.75
 21
9.100000000000001
 31
0.0
  0
LINE
  5
687
330
1F
100
AcDbEntity
  8
AM_0
100
AcDbLine
 10
20.75
 20
9.100000000000001
 30
0.0
 11
20.75
 21
8.75
 31
0.0
  0
LINE
  5
688
330
1F
100
AcDbEntity
  8
AM_0
100
AcDbLine
 10
20.75
 20
8.75
 30
0.0
 11
15.75
 21
8.75
 31
0.0
  0
ARC
  5
689
330
1F
100
AcDbEntity
  8
AM_0
100
AcDbCircle
 10
29.16701408074636
 20
29.16701408074637
 30
0.0
 40
3.049999999999974
100
AcDbArc
 50
5.669895089030617
 51
84.33010491096837
  0
ARC
  5
68A
330
1F
100
AcDbEntity
  8
AM_0
100
AcDbCircle
 10
6.832985919253659
 20
6.832985919253652
 30
0.0
 40
3.050000000000002
100
AcDbArc
 50
185.6698950890294
 51
264.330104910968
  0
ARC
  5
68B
330
1F
100
AcDbEntity
  8
AM_0
100
AcDbCircle
 10
-83.3100000000011
 20
18.00000000000003
 30
0.0
 40
119.0800000000011
100
AcDbArc
 50
353.1265577840491
 51
6.873441351876621
  0
ARC
  5
68C
330
1F
100
AcDbEntity
  8
AM_0
100
AcDbCircle
 10
18.0
 20
-83.31000000000154
 30
0.0
 40
119.0800000000015
100
AcDbArc
 50
83.12655767674211
 51
96.87344318733224
  0
ARC
  5
68D
330
1F
100
AcDbEntity
  8
AM_0
100
AcDbCircle
 10
29.16701408074632
 20
6.832985919253673
 30
0.0
 40
3.05000000000003
100
AcDbArc
 50
275.6698950890318
 51
354.3301049109677
  0
ARC
  5
68E
330
1F
100
AcDbEntity
  8
AM_0
100
AcDbCircle
 10
-83.31000000000239
 20
17.99999999999994
 30
0.0
 40
116.0800000000024
100
AcDbArc
 50
354.3301049109682
 51
5.66989508903186
  0
ARC
  5
68F
330
1F
100
AcDbEntity
  8
AM_0
100
AcDbCircle
 10
4.113916766140346
 20
4.113916766140354
 30
0.0
 40
3.050000000000007
100
AcDbArc
 50
186.8734422696039
 51
263.1265598251681
  0
ARC
  5
690
330
1F
100
AcDbEntity
  8
AM_0
100
AcDbCircle
 10
31.88608323385958
 20
4.113916766139745
 30
0.0
 40
3.049999999999998
100
AcDbArc
 50
276.8734064391057
 51
353.1265598251796
  0
ARC
  5
691
330
1F
100
AcDbEntity
  8
AM_0
100
AcDbCircle
 10
31.88608323386025
 20
31.88608323385959
 30
0.0
 40
3.049999999999994
100
AcDbArc
 50
6.873406439106426
 51
83.12655563563412
  0
ARC
  5
692
330
1F
100
AcDbEntity
  8
AM_0
100
AcDbCircle
 10
4.113916766140403
 20
31.88608323386026
 30
0.0
 40
3.049999999999983
100
AcDbArc
 50
96.87347810010814
 51
173.1265598251798
  0
ARC
  5
693
330
1F
100
AcDbEntity
  8
AM_0
100
AcDbCircle
 10
119.3099999999997
 20
18.00000000000001
 30
0.0
 40
116.0799999999997
100
AcDbArc
 50
174.330104910968
 51
185.6698950890319
  0
ARC
  5
694
330
1F
100
AcDbEntity
  8
AM_0
100
AcDbCircle
 10
6.832985919253654
 20
29.16701408074634
 30
0.0
 40
3.050000000000001
100
AcDbArc
 50
95.66989508903184
 51
174.330104910968
  0
ARC
  5
695
330
1F
100
AcDbEntity
  8
AM_0
100
AcDbCircle
 10
18.0
 20
-83.3100000000021
 30
0.0
 40
116.0800000000021
100
AcDbArc
 50
84.33010491096813
 51
95.66989508903187
  0
ARC
  5
696
330
1F
100
AcDbEntity
  8
AM_0
100
AcDbCircle
 10
18.00000000000002
 20
119.3100000000041
 30
0.0
 40
116.0800000000041
100
AcDbArc
 50
264.3301049109682
 51
275.6698950890317
  0
ARC
  5
697
330
1F
100
AcDbEntity
  8
AM_0
100
AcDbCircle
 10
119.31
 20
17.99999999999994
 30
0.0
 40
119.08
100
AcDbArc
 50
173.126557784049
 51
186.8734422696045
  0
ARC
  5
698
330
1F
100
AcDbEntity
  8
AM_0
100
AcDbCircle
 10
18.00000000000004
 20
119.3099999999978
 30
0.0
 40
119.0799999999978
100
AcDbArc
 50
263.1265577840488
 51
276.8734413518768
  0
LINE
  5
69B
330
1F
100
AcDbEntity
  8
AM_7
100
AcDbLine
 10
28.723475
 20
32.811
 30
0.0
 11
30.62449999999999
 21
32.811
 31
0.0
  0
LINE
  5
69C
330
1F
100
AcDbEntity
  8
AM_7
100
AcDbLine
 10
29.33299999999999
 20
35.65645
 30
0.0
 11
29.33299999999999
 21
30.968
 31
0.0
  0
LINE
  5
69D
330
1F
100
AcDbEntity
  8
AM_7
100
AcDbLine
 10
31.493
 20
34.6119
 30
0.0
 11
31.493
 21
30.64
 31
0.0
  0
LINE
  5
69E
330
1F
100
AcDbEntity
  8
AM_7
100
AcDbLine
 10
31.4315
 20
32.021
 30
0.0
 11
32.7845
 21
32.021
 31
0.0
  0
LINE
  5
69F
330
1F
100
AcDbEntity
  8
AM_7
100
AcDbLine
 10
31.09925
 20
32.00000000000001
 30
0.0
 11
31.88674999999999
 21
32.00000000000001
 31
0.0
  0
ELLIPSE
  5
6A0
330
1F
100
AcDbEntity
  8
AM_9
100
AcDbEllipse
 10
32.43299999999999
 20
32.71951647545026
 30
0.0
 11
0.1900000000000048
 21
0.0
 31
0.0
210
0.0
220
0.0
230
1.0
 40
0.5000000000000188
 41
0.0
 42
6.283185307179586
  0
ELLIPSE
  5
6A1
330
1F
100
AcDbEntity
  8
AM_9
100
AcDbEllipse
 10
32.43299999999999
 20
32.22588199529313
 30
0.0
 11
0.1900000000000048
 21
0.0
 31
0.0
210
0.0
220
0.0
230
1.0
 40
0.4999999999999813
 41
0.0
 42
6.283185307179586
  0
CIRCLE
  5
6A2
330
1F
100
AcDbEntity
  8
AM_9
100
AcDbCircle
 10
31.493
 20
32.0
 30
0.0
 40
0.375
  0
ELLIPSE
  5
6A3
330
1F
100
AcDbEntity
  8
AM_9
100
AcDbEllipse
 10
32.433
 20
33.26511247983446
 30
0.0
 11
0.1574999999999989
 21
0.0
 31
0.0
210
0.0
220
0.0
230
1.0
 40
0.5
 41
0.0
 42
6.283185307179586
  0
ELLIPSE
  5
6A4
330
1F
100
AcDbEntity
  8
AM_9
100
AcDbEllipse
 10
32.433
 20
33.57168547277415
 30
0.0
 11
0.1574999999999989
 21
0.0
 31
0.0
210
0.0
220
0.0
230
1.0
 40
0.5
 41
0.0
 42
6.283185307179586
  0
ELLIPSE
  5
6A5
330
1F
100
AcDbEntity
  8
AM_9
100
AcDbEllipse
 10
32.433
 20
33.57168547277416
 30
0.0
 11
0.2815000000000083
 21
0.0
 31
0.0
210
0.0
220
0.0
230
1.0
 40
0.5
 41
0.0
 42
6.283185307179586
  0
ELLIPSE
  5
6A6
330
1F
100
AcDbEntity
  8
AM_9
100
AcDbEllipse
 10
32.433
 20
32.71951647545026
 30
0.0
 11
0.2815000000000012
 21
0.0
 31
0.0
210
0.0
220
0.0
230
1.0
 40
0.4999999999999874
 41
0.0
 42
6.283185307179586
  0
ELLIPSE
  5
6A7
330
1F
100
AcDbEntity
  8
AM_9
100
AcDbEllipse
 10
30.273
 20
33.01588199529314
 30
0.0
 11
0.1900000000000013
 21
0.0
 31
0.0
210
0.0
220
0.0
230
1.0
 40
0.4999999999999158
 41
0.0
 42
6.283185307179586
  0
ELLIPSE
  5
6A8
330
1F
100
AcDbEntity
  8
AM_9
100
AcDbEllipse
 10
30.273
 20
33.50951647545027
 30
0.0
 11
0.1899999999999977
 21
0.0
 31
0.0
210
0.0
220
0.0
230
1.0
 40
0.5000000000000374
 41
0.0
 42
6.283185307179586
  0
ELLIPSE
  5
6A9
330
1F
100
AcDbEntity
  8
AM_9
100
AcDbEllipse
 10
30.273
 20
33.50951647545028
 30
0.0
 11
0.2815000000000047
 21
0.0
 31
0.0
210
0.0
220
0.0
230
1.0
 40
0.4999999999999558
 41
0.0
 42
6.283185307179586
  0
DIMENSION
  5
6AB
330
1F
100
AcDbEntity
  8
AM_5
100
AcDbDimension
280
     0
  2
*D1
 10
0.25
 20
40.77000045776367
 30
0.0
 11
18.0
 21
40.77000045776367
 31
0.0
 70
   160
  1
35.5 in
 71
     5
 42
35.5
 73
     0
 74
     0
 75
     0
  3
Standard
100
AcDbAlignedDimension
 13
35.75
 23
18.0
 33
0.0
 14
0.25
 24
18.0
 34
0.0
100
AcDbRotatedDimension
1001
ACAD
1000
DSTYLE
1002
{
1070
   147
1040
0.6
1070
    42
1040
0.0
1070
    44
1040
0.0
1070
    41
1040
2.0
1070
   140
1040
2.0
1002
}
  0
DIMENSION
  5
6BA
330
1F
100
AcDbEntity
  8
AM_5
100
AcDbDimension
280
     0
  2
*D2
 10
40.77000045776367
 20
0.2500000000000001
 30
0.0
 11
40.77000045776367
 21
18.0
 31
0.0
 70
   160
  1
35.5 in
 71
     5
 42
35.5
 73
     0
 74
     0
 75
     0
 53
90.0
  3
Standard
100
AcDbAlignedDimension
 13
18.0
 23
35.75
 33
0.0
 14
18.0
 24
0.2500000000000001
 34
0.0
 50
90.0
100
AcDbRotatedDimension
1001
ACAD
1000
DSTYLE
1002
{
1070
   147
1040
0.6
1070
    42
1040
0.0
1070
    44
1040
0.0
1070
    41
1040
2.0
1070
   140
1040
2.0
1002
}
  0
POINT
  5
6C9
330
1F
100
AcDbEntity
  8
2d ConnectionPoints
100
AcDbPoint
 10
0.0
 20
0.0
 30
0.0
  0
POINT
  5
6CA
330
1F
100
AcDbEntity
  8
2d ConnectionPoints
100
AcDbPoint
 10
17.98
 20
35.73
 30
0.0
  0
POINT
  5
6CB
330
1F
100
AcDbEntity
  8
2d ConnectionPoints
100
AcDbPoint
 10
17.98
 20
0.2300000000000013
 30
0.0
  0
POINT
  5
6CC
330
1F
100
AcDbEntity
  8
2d ConnectionPoints
100
AcDbPoint
 10
0.23
 20
17.98
 30
0.0
  0
POINT
  5
6CD
330
1F
100
AcDbEntity
  8
2d ConnectionPoints
100
AcDbPoint
 10
35.73
 20
17.98
 30
0.0
  0
POINT
  5
6CE
330
1F
100
AcDbEntity
  8
2d ConnectionPoints
100
AcDbPoint
 10
18.0
 20
18.0
 30
0.0
  0
POINT
  5
6CF
330
1F
100
AcDbEntity
  8
2d ConnectionPoints
100
AcDbPoint
 10
35.5
 20
0.5
 30
0.0
  0
POINT
  5
6D0
330
1F
100
AcDbEntity
  8
2d ConnectionPoints
100
AcDbPoint
 10
0.5
 20
0.5
 30
0.0
  0
POINT
  5
6D1
330
1F
100
AcDbEntity
  8
2d ConnectionPoints
100
AcDbPoint
 10
0.5
 20
35.5
 30
0.0
  0
POINT
  5
6D2
330
1F
100
AcDbEntity
  8
2d ConnectionPoints
100
AcDbPoint
 10
26.0
 20
35.5
 30
0.0
  0
POINT
  5
6D3
330
1F
100
AcDbEntity
  8
2d ConnectionPoints
100
AcDbPoint
 10
18.0
 20
18.0
 30
0.0
  0
POINT
  5
6D4
330
1F
100
AcDbEntity
  8
2d ConnectionPoints
100
AcDbPoint
 10
12.5
 20
12.5
 30
0.0
  0
POINT
  5
6D5
330
1F
100
AcDbEntity
  8
2d ConnectionPoints
100
AcDbPoint
 10
18.0
 20
18.0
 30
0.0
  0
ENDSEC
  0
SECTION
  2
OBJECTS
  0
DICTIONARY
  5
C
330
0
100
AcDbDictionary
281
     1
  3
ACAD_DETAILVIEWSTYLE
350
6DD
  3
ACAD_GROUP
350
D
  3
ACAD_LAYOUT
350
1A
  3
ACAD_MATERIAL
350
43
  3
ACAD_MLEADERSTYLE
350
5B
  3
ACAD_MLINESTYLE
350
17
  3
ACAD_PLOTSETTINGS
350
19
  3
ACAD_PLOTSTYLENAME
350
E
  3
ACAD_SCALELIST
350
47
  3
ACAD_SECTIONVIEWSTYLE
350
6DE
  3
ACAD_TABLESTYLE
350
59
  3
ACAD_VISUALSTYLE
350
2A
  3
ACDB_RECOMPOSE_DATA
350
6DA
  3
AcDbVariableDictionary
350
6D6
  0
SUN
  5
5D
330
29
100
AcDbSun
 90
        1
290
     0
 63
     7
421
 16777215
 40
1.0
291
     1
 91
  2455826
 92
 54000000
292
     0
 70
     2
 71
   256
280
     1
  0
DICTIONARY
  5
6DD
102
{ACAD_REACTORS
330
C
102
}
330
C
100
AcDbDictionary
281
     1
  0
DICTIONARY
  5
D
102
{ACAD_REACTORS
330
C
102
}
330
C
100
AcDbDictionary
281
     1
  0
DICTIONARY
  5
1A
102
{ACAD_REACTORS
330
C
102
}
330
C
100
AcDbDictionary
281
     1
  3
Layout1
350
1E
  3
Layout2
350
26
  3
Model
350
22
  0
DICTIONARY
  5
43
102
{ACAD_REACTORS
330
C
102
}
330
C
100
AcDbDictionary
281
     1
  3
ByBlock
350
45
  3
ByLayer
350
44
  3
Global
350
46
  0
DICTIONARY
  5
5B
102
{ACAD_REACTORS
330
C
102
}
330
C
100
AcDbDictionary
281
     1
  3
Standard
350
5C
  0
DICTIONARY
  5
17
102
{ACAD_REACTORS
330
C
102
}
330
C
100
AcDbDictionary
281
     1
  3
Standard
350
18
  0
DICTIONARY
  5
19
102
{ACAD_REACTORS
330
C
102
}
330
C
100
AcDbDictionary
281
     1
  0
ACDBDICTIONARYWDFLT
  5
E
102
{ACAD_REACTORS
330
C
102
}
330
C
100
AcDbDictionary
281
     1
  3
Normal
350
F
100
AcDbDictionaryWithDefault
340
F
  0
DICTIONARY
  5
47
102
{ACAD_REACTORS
330
C
102
}
330
C
100
AcDbDictionary
281
     1
  3
A0
350
48
  3
A1
350
49
  3
A2
350
4A
  3
A3
350
4B
  3
A4
350
4C
  3
A5
350
4D
  3
A6
350
4E
  3
A7
350
4F
  3
A8
350
50
  3
A9
350
51
  3
B1
350
52
  3
B2
350
53
  3
B3
350
54
  3
B4
350
55
  3
B5
350
56
  3
B6
350
57
  3
B7
350
58
  0
DICTIONARY
  5
6DE
102
{ACAD_REACTORS
330
C
102
}
330
C
100
AcDbDictionary
281
     1
  0
DICTIONARY
  5
59
102
{ACAD_REACTORS
330
C
102
}
330
C
100
AcDbDictionary
281
     1
  3
Standard
350
5A
  0
DICTIONARY
  5
2A
102
{ACAD_REACTORS
330
C
102
}
330
C
100
AcDbDictionary
281
     1
  3
2dWireframe
350
2F
  3
Basic
350
32
  3
Brighten
350
36
  3
ColorChange
350
3A
  3
Conceptual
350
34
  3
Dim
350
35
  3
EdgeColorOff
350
3D
  3
Facepattern
350
39
  3
Flat
350
2B
  3
FlatWithEdges
350
2C
  3
Gouraud
350
2D
  3
GouraudWithEdges
350
2E
  3
Hidden
350
31
  3
JitterOff
350
3B
  3
Linepattern
350
38
  3
OverhangOff
350
3C
  3
Realistic
350
33
  3
Shaded
350
42
  3
Shaded with edges
350
41
  3
Shades of Gray
350
3E
  3
Sketchy
350
3F
  3
Thicken
350
37
  3
Wireframe
350
30
  3
X-Ray
350
40
  0
XRECORD
  5
6DA
102
{ACAD_REACTORS
330
C
102
}
330
C
100
AcDbXrecord
280
     1
 90
        1
330
5A
  0
DICTIONARY
  5
6D6
102
{ACAD_REACTORS
330
C
102
}
330
C
100
AcDbDictionary
281
     1
  3
CANNOSCALE
350
6D7
  3
CMLEADERSTYLE
350
6DC
  3
CTABLESTYLE
350
6DB
  0
LAYOUT
  5
1E
102
{ACAD_REACTORS
330
1A
102
}
330
1A
100
AcDbPlotSettings
  1

  2
none_device
  4

  6

 40
0.0
 41
0.0
 42
0.0
 43
0.0
 44
0.0
 45
0.0
 46
0.0
 47
0.0
 48
0.0
 49
0.0
140
0.0
141
0.0
142
1.0
143
1.0
 70
   688
 72
     0
 73
     0
 74
     5
  7

 75
    16
 76
     0
 77
     2
 78
   300
147
1.0
148
0.0
149
0.0
100
AcDbLayout
  1
Layout1
 70
     1
 71
     1
 10
0.0
 20
0.0
 11
12.0
 21
9.0
 12
0.0
 22
0.0
 32
0.0
 14
1.000000000000000E+20
 24
1.000000000000000E+20
 34
1.000000000000000E+20
 15
-1.000000000000000E+20
 25
-1.000000000000000E+20
 35
-1.000000000000000E+20
146
0.0
 13
0.0
 23
0.0
 33
0.0
 16
1.0
 26
0.0
 36
0.0
 17
0.0
 27
1.0
 37
0.0
 76
     0
330
1B
  0
LAYOUT
  5
26
102
{ACAD_REACTORS
330
1A
102
}
330
1A
100
AcDbPlotSettings
  1

  2
none_device
  4

  6

 40
0.0
 41
0.0
 42
0.0
 43
0.0
 44
0.0
 45
0.0
 46
0.0
 47
0.0
 48
0.0
 49
0.0
140
0.0
141
0.0
142
1.0
143
1.0
 70
   688
 72
     0
 73
     0
 74
     5
  7

 75
    16
 76
     0
 77
     2
 78
   300
147
1.0
148
0.0
149
0.0
100
AcDbLayout
  1
Layout2
 70
     1
 71
     2
 10
0.0
 20
0.0
 11
0.0
 21
0.0
 12
0.0
 22
0.0
 32
0.0
 14
0.0
 24
0.0
 34
0.0
 15
0.0
 25
0.0
 35
0.0
146
0.0
 13
0.0
 23
0.0
 33
0.0
 16
1.0
 26
0.0
 36
0.0
 17
0.0
 27
1.0
 37
0.0
 76
     0
330
23
  0
LAYOUT
  5
22
102
{ACAD_REACTORS
330
1A
102
}
330
1A
100
AcDbPlotSettings
  1

  2
none_device
  4
Letter_(8.50_x_11.00_Inches)
  6

 40
6.35
 41
6.35
 42
6.35000508
 43
6.35000508
 44
215.9
 45
279.4
 46
0.0
 47
0.0
 48
0.0
 49
0.0
140
0.0
141
0.0
142
1.0
143
1.0
 70
  1712
 72
     0
 73
     0
 74
     0
  7

 75
     0
 76
     0
 77
     2
 78
   300
147
1.0
148
0.0
149
0.0
100
AcDbLayout
  1
Model
 70
     1
 71
     0
 10
0.0
 20
0.0
 11
12.0
 21
9.0
 12
0.0
 22
0.0
 32
0.0
 14
0.0
 24
0.0
 34
0.0
 15
45.02267335611181
 25
41.80186486454333
 35
0.0
146
0.0
 13
0.0
 23
0.0
 33
0.0
 16
1.0
 26
0.0
 36
0.0
 17
0.0
 27
1.0
 37
0.0
 76
     0
330
1F
331
29
  0
MATERIAL
  5
45
102
{ACAD_REACTORS
330
43
102
}
330
43
100
AcDbMaterial
  1
ByBlock
 72
     1
 94
      127
  0
MATERIAL
  5
44
102
{ACAD_REACTORS
330
43
102
}
330
43
100
AcDbMaterial
  1
ByLayer
 72
     1
 94
      127
  0
MATERIAL
  5
46
102
{ACAD_REACTORS
330
43
102
}
330
43
100
AcDbMaterial
  1
Global
 72
     1
 94
      127
  0
MLEADERSTYLE
  5
5C
102
{ACAD_REACTORS
330
5B
102
}
330
5B
100
AcDbMLeaderStyle
179
     2
170
     2
171
     1
172
     0
 90
        2
 40
0.0
 41
0.0
173
     1
 91
-1056964608
340
14
 92
       -2
290
     1
 42
0.09
291
     1
 43
0.36
  3
Standard
341
0
 44
0.18
300

342
11
174
     1
178
     6
175
     1
176
     0
 93
-1056964608
 45
0.18
292
     0
297
     0
 46
0.18
343
0
 94
-1056964608
 47
1.0
 49
1.0
140
1.0
293
     1
141
0.0
294
     1
177
     0
142
1.0
295
     0
296
     0
143
0.125
271
     0
272
     9
273
     9
298
     0
  0
MLINESTYLE
  5
18
102
{ACAD_REACTORS
330
17
102
}
330
17
100
AcDbMlineStyle
  2
Standard
 70
     0
  3

 62
   256
 51
90.0
 52
90.0
 71
     2
 49
0.5
 62
   256
  6
BYLAYER
 49
-0.5
 62
   256
  6
BYLAYER
  0
ACDBPLACEHOLDER
  5
F
102
{ACAD_REACTORS
330
E
102
}
330
E
  0
SCALE
  5
48
102
{ACAD_REACTORS
330
47
102
}
330
47
100
AcDbScale
 70
     0
300
1:1
140
1.0
141
1.0
290
     1
  0
SCALE
  5
49
102
{ACAD_REACTORS
330
47
102
}
330
47
100
AcDbScale
 70
     0
300
1/128" = 1'-0"
140
0.0078125
141
12.0
290
     0
  0
SCALE
  5
4A
102
{ACAD_REACTORS
330
47
102
}
330
47
100
AcDbScale
 70
     0
300
1/64" = 1'-0"
140
0.015625
141
12.0
290
     0
  0
SCALE
  5
4B
102
{ACAD_REACTORS
330
47
102
}
330
47
100
AcDbScale
 70
     0
300
1/32" = 1'-0"
140
0.03125
141
12.0
290
     0
  0
SCALE
  5
4C
102
{ACAD_REACTORS
330
47
102
}
330
47
100
AcDbScale
 70
     0
300
1/16" = 1'-0"
140
0.0625
141
12.0
290
     0
  0
SCALE
  5
4D
102
{ACAD_REACTORS
330
47
102
}
330
47
100
AcDbScale
 70
     0
300
3/32" = 1'-0"
140
0.09375
141
12.0
290
     0
  0
SCALE
  5
4E
102
{ACAD_REACTORS
330
47
102
}
330
47
100
AcDbScale
 70
     0
300
1/8" = 1'-0"
140
0.125
141
12.0
290
     0
  0
SCALE
  5
4F
102
{ACAD_REACTORS
330
47
102
}
330
47
100
AcDbScale
 70
     0
300
3/16" = 1'-0"
140
0.1875
141
12.0
290
     0
  0
SCALE
  5
50
102
{ACAD_REACTORS
330
47
102
}
330
47
100
AcDbScale
 70
     0
300
1/4" = 1'-0"
140
0.25
141
12.0
290
     0
  0
SCALE
  5
51
102
{ACAD_REACTORS
330
47
102
}
330
47
100
AcDbScale
 70
     0
300
3/8" = 1'-0"
140
0.375
141
12.0
290
     0
  0
SCALE
  5
52
102
{ACAD_REACTORS
330
47
102
}
330
47
100
AcDbScale
 70
     0
300
1/2" = 1'-0"
140
0.5
141
12.0
290
     0
  0
SCALE
  5
53
102
{ACAD_REACTORS
330
47
102
}
330
47
100
AcDbScale
 70
     0
300
3/4" = 1'-0"
140
0.75
141
12.0
290
     0
  0
SCALE
  5
54
102
{ACAD_REACTORS
330
47
102
}
330
47
100
AcDbScale
 70
     0
300
1" = 1'-0"
140
1.0
141
12.0
290
     0
  0
SCALE
  5
55
102
{ACAD_REACTORS
330
47
102
}
330
47
100
AcDbScale
 70
     0
300
1-1/2" = 1'-0"
140
1.5
141
12.0
290
     0
  0
SCALE
  5
56
102
{ACAD_REACTORS
330
47
102
}
330
47
100
AcDbScale
 70
     0
300
3" = 1'-0"
140
3.0
141
12.0
290
     0
  0
SCALE
  5
57
102
{ACAD_REACTORS
330
47
102
}
330
47
100
AcDbScale
 70
     0
300
6" = 1'-0"
140
6.0
141
12.0
290
     0
  0
SCALE
  5
58
102
{ACAD_REACTORS
330
47
102
}
330
47
100
AcDbScale
 70
     0
300
1'-0" = 1'-0"
140
12.0
141
12.0
290
     0
  0
TABLESTYLE
  5
5A
102
{ACAD_REACTORS
330
59
102
}
102
{ACAD_XDICTIONARY
360
6D8
102
}
330
59
100
AcDbTableStyle
  3
Standard
 70
     0
 71
     0
 40
0.06
 41
0.06
280
     0
281
     0
  7
Standard
140
0.18
170
     2
 62
     0
 63
   257
283
     0
 90
        4
 91
        0
  1

274
    -2
284
     1
 64
     0
275
    -2
285
     1
 65
     0
276
    -2
286
     1
 66
     0
277
    -2
287
     1
 67
     0
278
    -2
288
     1
 68
     0
279
    -2
289
     1
 69
     0
  7
Standard
140
0.25
170
     5
 62
     0
 63
   257
283
     0
 90
        4
 91
        0
  1

274
    -2
284
     1
 64
     0
275
    -2
285
     1
 65
     0
276
    -2
286
     1
 66
     0
277
    -2
287
     1
 67
     0
278
    -2
288
     1
 68
     0
279
    -2
289
     1
 69
     0
  7
Standard
140
0.18
170
     5
 62
     0
 63
   257
283
     0
 90
        4
 91
        0
  1

274
    -2
284
     1
 64
     0
275
    -2
285
     1
 65
     0
276
    -2
286
     1
 66
     0
277
    -2
287
     1
 67
     0
278
    -2
288
     1
 68
     0
279
    -2
289
     1
 69
     0
  0
VISUALSTYLE
  5
2F
102
{ACAD_REACTORS
330
2A
102
}
330
2A
100
AcDbVisualStyle
  2
2dWireframe
 70
     4
177
     3
291
     0
 70
    58
 90
        0
176
     1
 90
        2
176
     1
 90
        0
176
     1
 90
        0
176
     1
 40
0.6
176
     1
 40
30.0
176
     1
 62
     7
420
 16777215
176
     1
 90
        1
176
     1
 90
        4
176
     1
 62
     7
176
     1
 62
   257
176
     1
 90
        1
176
     1
 90
        1
176
     1
 40
1.0
176
     1
 90
        0
176
     1
 62
   257
176
     1
 40
1.0
176
     1
 90
        1
176
     1
 90
        6
176
     1
 90
        2
176
     1
 62
     7
176
     1
 90
        5
176
     1
 90
        0
176
     1
 90
        0
176
     1
290
     0
176
     1
 90
        1
176
     1
 40
0.0
176
     1
 90
        0
176
     1
290
     1
176
     1
290
     1
176
     1
290
     0
176
     1
290
     0
176
     1
290
     0
176
     1
290
     0
176
     1
290
     0
176
     1
290
     0
176
     1
290
     0
176
     1
 90
       50
176
     1
 40
0.0
176
     1
 40
1.0
176
     1
 90
        0
176
     1
 62
    18
420
        0
176
     1
 90
       50
176
     1
 90
        3
176
     1
 62
     5
420
      255
176
     1
290
     0
176
     1
 90
       50
176
     1
 90
       50
176
     1
 90
       50
176
     1
290
     0
176
     1
 90
       50
176
     1
 62
   256
176
     0
 40
1.0
176
     0
 90
        2
176
     1
  1
strokes_ogs.tif
176
     1
290
     0
176
     1
 40
1.0
176
     1
 40
1.0
176
     1
  0
VISUALSTYLE
  5
32
102
{ACAD_REACTORS
330
2A
102
}
330
2A
100
AcDbVisualStyle
  2
Basic
 70
     7
177
     3
291
     1
 70
    58
 90
        1
176
     1
 90
        0
176
     1
 90
        1
176
     1
 90
        0
176
     1
 40
0.6
176
     1
 40
30.0
176
     1
 62
     7
420
 16777215
176
     1
 90
        0
176
     1
 90
        4
176
     1
 62
     7
176
     1
 62
   257
176
     1
 90
        1
176
     1
 90
        1
176
     1
 40
1.0
176
     1
 90
        8
176
     1
 62
     7
176
     1
 40
1.0
176
     1
 90
        1
176
     1
 90
        6
176
     1
 90
        2
176
     1
 62
     7
176
     1
 90
        5
176
     1
 90
        0
176
     1
 90
        0
176
     1
290
     0
176
     1
 90
        1
176
     1
 40
0.0
176
     1
 90
        0
176
     1
290
     0
176
     1
290
     1
176
     1
290
     1
176
     1
290
     0
176
     1
290
     0
176
     1
290
     0
176
     1
290
     0
176
     1
290
     0
176
     1
290
     0
176
     1
 90
       50
176
     1
 40
0.0
176
     1
 40
1.0
176
     1
 90
        0
176
     1
 62
    18
420
        0
176
     1
 90
       50
176
     1
 90
        3
176
     1
 62
     5
420
      255
176
     1
290
     0
176
     1
 90
       50
176
     1
 90
       50
176
     1
 90
       50
176
     1
290
     0
176
     1
 90
       50
176
     1
 62
   256
176
     0
 40
1.0
176
     0
 90
        2
176
     1
  1
strokes_ogs.tif
176
     1
290
     0
176
     1
 40
1.0
176
     1
 40
1.0
176
     1
  0
VISUALSTYLE
  5
36
102
{ACAD_REACTORS
330
2A
102
}
330
2A
100
AcDbVisualStyle
  2
Brighten
 70
    12
177
     3
291
     1
 70
    58
 90
        2
176
     1
 90
        2
176
     1
 90
        0
176
     1
 90
        0
176
     1
 40
0.6
176
     1
 40
30.0
176
     1
 62
     7
420
 16777215
176
     1
 90
        1
176
     1
 90
        4
176
     1
 62
     7
176
     1
 62
   257
176
     1
 90
        1
176
     1
 90
        1
176
     1
 40
1.0
176
     1
 90
        8
176
     1
 62
     7
176
     1
 40
1.0
176
     1
 90
        1
176
     1
 90
        6
176
     1
 90
        2
176
     1
 62
     7
176
     1
 90
        5
176
     1
 90
        0
176
     1
 90
        0
176
     1
290
     0
176
     1
 90
        1
176
     1
 40
50.0
176
     1
 90
        0
176
     1
290
     0
176
     1
290
     1
176
     1
290
     1
176
     1
290
     0
176
     1
290
     0
176
     1
290
     0
176
     1
290
     0
176
     1
290
     0
176
     1
290
     0
176
     1
 90
       50
176
     1
 40
0.0
176
     1
 40
1.0
176
     1
 90
        0
176
     1
 62
    18
420
        0
176
     1
 90
       50
176
     1
 90
        3
176
     1
 62
     5
420
      255
176
     1
290
     0
176
     1
 90
       50
176
     1
 90
       50
176
     1
 90
       50
176
     1
290
     0
176
     1
 90
       50
176
     1
 62
   256
176
     0
 40
1.0
176
     0
 90
        2
176
     1
  1
strokes_ogs.tif
176
     1
290
     0
176
     1
 40
1.0
176
     1
 40
1.0
176
     1
  0
VISUALSTYLE
  5
3A
102
{ACAD_REACTORS
330
2A
102
}
330
2A
100
AcDbVisualStyle
  2
ColorChange
 70
    16
177
     3
291
     1
 70
    58
 90
        2
176
     1
 90
        2
176
     1
 90
        3
176
     1
 90
        0
176
     1
 40
0.6
176
     1
 40
30.0
176
     1
 62
     8
420
  8421504
176
     1
 90
        1
176
     1
 90
        4
176
     1
 62
     7
176
     1
 62
   257
176
     1
 90
        1
176
     1
 90
        1
176
     1
 40
1.0
176
     1
 90
        8
176
     1
 62
     8
420
  8421504
176
     1
 40
1.0
176
     1
 90
        1
176
     1
 90
        6
176
     1
 90
        2
176
     1
 62
     7
176
     1
 90
        5
176
     1
 90
        0
176
     1
 90
        0
176
     1
290
     0
176
     1
 90
        1
176
     1
 40
0.0
176
     1
 90
        0
176
     1
290
     0
176
     1
290
     1
176
     1
290
     1
176
     1
290
     0
176
     1
290
     0
176
     1
290
     0
176
     1
290
     0
176
     1
290
     0
176
     1
290
     0
176
     1
 90
       50
176
     1
 40
0.0
176
     1
 40
1.0
176
     1
 90
        0
176
     1
 62
    18
420
        0
176
     1
 90
       50
176
     1
 90
        3
176
     1
 62
     5
420
      255
176
     1
290
     0
176
     1
 90
       50
176
     1
 90
       50
176
     1
 90
       50
176
     1
290
     0
176
     1
 90
       50
176
     1
 62
   256
176
     0
 40
1.0
176
     0
 90
        2
176
     1
  1
strokes_ogs.tif
176
     1
290
     0
176
     1
 40
1.0
176
     1
 40
1.0
176
     1
  0
VISUALSTYLE
  5
34
102
{ACAD_REACTORS
330
2A
102
}
330
2A
100
AcDbVisualStyle
  2
Conceptual
 70
     9
177
     3
291
     0
 70
    58
 90
        3
176
     1
 90
        2
176
     1
 90
        0
176
     1
 90
        0
176
     1
 40
0.6
176
     1
 40
30.0
176
     1
 62
     7
420
 16777215
176
     1
 90
        2
176
     1
 90
        2
176
     1
 62
     7
176
     1
 62
   257
176
     1
 90
        1
176
     1
 90
        1
176
     1
 40
179.0
176
     1
 90
        8
176
     1
 62
     7
176
     1
 40
1.0
176
     1
 90
        1
176
     1
 90
        6
176
     1
 90
        2
176
     1
 62
     7
176
     1
 90
        3
176
     1
 90
        0
176
     1
 90
        0
176
     1
290
     0
176
     1
 90
        1
176
     1
 40
0.0
176
     1
 90
        0
176
     1
290
     0
176
     1
290
     1
176
     1
290
     1
176
     1
290
     0
176
     1
290
     0
176
     1
290
     0
176
     1
290
     0
176
     1
290
     0
176
     1
290
     0
176
     1
 90
       50
176
     1
 40
0.0
176
     1
 40
1.0
176
     1
 90
        0
176
     1
 62
    18
420
        0
176
     1
 90
       50
176
     1
 90
        3
176
     1
 62
     5
420
      255
176
     1
290
     0
176
     1
 90
       50
176
     1
 90
       50
176
     1
 90
       50
176
     1
290
     0
176
     1
 90
       50
176
     1
 62
   256
176
     0
 40
1.0
176
     0
 90
        2
176
     1
  1
strokes_ogs.tif
176
     1
290
     0
176
     1
 40
1.0
176
     1
 40
1.0
176
     1
  0
VISUALSTYLE
  5
35
102
{ACAD_REACTORS
330
2A
102
}
330
2A
100
AcDbVisualStyle
  2
Dim
 70
    11
177
     3
291
     1
 70
    58
 90
        2
176
     1
 90
        2
176
     1
 90
        0
176
     1
 90
        0
176
     1
 40
0.6
176
     1
 40
30.0
176
     1
 62
     7
420
 16777215
176
     1
 90
        1
176
     1
 90
        4
176
     1
 62
     7
176
     1
 62
   257
176
     1
 90
        1
176
     1
 90
        1
176
     1
 40
1.0
176
     1
 90
        8
176
     1
 62
     7
176
     1
 40
1.0
176
     1
 90
        1
176
     1
 90
        6
176
     1
 90
        2
176
     1
 62
     7
176
     1
 90
        5
176
     1
 90
        0
176
     1
 90
        0
176
     1
290
     0
176
     1
 90
        1
176
     1
 40
-50.0
176
     1
 90
        0
176
     1
290
     0
176
     1
290
     1
176
     1
290
     1
176
     1
290
     0
176
     1
290
     0
176
     1
290
     0
176
     1
290
     0
176
     1
290
     0
176
     1
290
     0
176
     1
 90
       50
176
     1
 40
0.0
176
     1
 40
1.0
176
     1
 90
        0
176
     1
 62
    18
420
        0
176
     1
 90
       50
176
     1
 90
        3
176
     1
 62
     5
420
      255
176
     1
290
     0
176
     1
 90
       50
176
     1
 90
       50
176
     1
 90
       50
176
     1
290
     0
176
     1
 90
       50
176
     1
 62
   256
176
     0
 40
1.0
176
     0
 90
        2
176
     1
  1
strokes_ogs.tif
176
     1
290
     0
176
     1
 40
1.0
176
     1
 40
1.0
176
     1
  0
VISUALSTYLE
  5
3D
102
{ACAD_REACTORS
330
2A
102
}
330
2A
100
AcDbVisualStyle
  2
EdgeColorOff
 70
    22
177
     3
291
     1
 70
    58
 90
        2
176
     0
 90
        2
176
     0
 90
        0
176
     0
 90
        0
176
     0
 40
0.6
176
     0
 40
30.0
176
     0
 62
     7
420
 16777215
176
     0
 90
        1
176
     0
 90
        4
176
     0
 62
     7
176
     0
 62
   257
176
     0
 90
        1
176
     0
 90
        1
176
     0
 40
1.0
176
     0
 90
        8
176
     2
 62
     7
176
     0
 40
1.0
176
     0
 90
        1
176
     0
 90
        6
176
     0
 90
        2
176
     0
 62
     7
176
     0
 90
        5
176
     0
 90
        0
176
     0
 90
        0
176
     0
290
     0
176
     0
 90
        1
176
     0
 40
0.0
176
     0
 90
        0
176
     0
290
     0
176
     0
290
     1
176
     0
290
     1
176
     0
290
     0
176
     0
290
     0
176
     0
290
     0
176
     0
290
     0
176
     0
290
     0
176
     0
290
     0
176
     0
 90
       50
176
     0
 40
0.0
176
     0
 40
1.0
176
     0
 90
        0
176
     0
 62
    18
420
        0
176
     0
 90
       50
176
     0
 90
        3
176
     0
 62
     5
420
      255
176
     0
290
     0
176
     0
 90
       50
176
     0
 90
       50
176
     0
 90
       50
176
     0
290
     0
176
     0
 90
       50
176
     0
 62
   256
176
     0
 40
1.0
176
     0
 90
        2
176
     0
  1
strokes_ogs.tif
176
     0
290
     0
176
     0
 40
1.0
176
     0
 40
1.0
176
     0
  0
VISUALSTYLE
  5
39
102
{ACAD_REACTORS
330
2A
102
}
330
2A
100
AcDbVisualStyle
  2
Facepattern
 70
    15
177
     3
291
     1
 70
    58
 90
        2
176
     1
 90
        2
176
     1
 90
        0
176
     1
 90
        0
176
     1
 40
0.6
176
     1
 40
30.0
176
     1
 62
     7
420
 16777215
176
     1
 90
        1
176
     1
 90
        4
176
     1
 62
     7
176
     1
 62
   257
176
     1
 90
        1
176
     1
 90
        1
176
     1
 40
1.0
176
     1
 90
        8
176
     1
 62
     7
176
     1
 40
1.0
176
     1
 90
        1
176
     1
 90
        6
176
     1
 90
        2
176
     1
 62
     7
176
     1
 90
        5
176
     1
 90
        0
176
     1
 90
        0
176
     1
290
     0
176
     1
 90
        1
176
     1
 40
0.0
176
     1
 90
        0
176
     1
290
     0
176
     1
290
     1
176
     1
290
     1
176
     1
290
     0
176
     1
290
     0
176
     1
290
     0
176
     1
290
     0
176
     1
290
     0
176
     1
290
     0
176
     1
 90
       50
176
     1
 40
0.0
176
     1
 40
1.0
176
     1
 90
        0
176
     1
 62
    18
420
        0
176
     1
 90
       50
176
     1
 90
        3
176
     1
 62
     5
420
      255
176
     1
290
     0
176
     1
 90
       50
176
     1
 90
       50
176
     1
 90
       50
176
     1
290
     0
176
     1
 90
       50
176
     1
 62
   256
176
     0
 40
1.0
176
     0
 90
        2
176
     1
  1
strokes_ogs.tif
176
     1
290
     0
176
     1
 40
1.0
176
     1
 40
1.0
176
     1
  0
VISUALSTYLE
  5
2B
102
{ACAD_REACTORS
330
2A
102
}
330
2A
100
AcDbVisualStyle
  2
Flat
 70
     0
177
     3
291
     1
 70
    58
 90
        2
176
     1
 90
        1
176
     1
 90
        1
176
     1
 90
        2
176
     1
 40
0.6
176
     1
 40
30.0
176
     1
 62
     7
420
 16777215
176
     1
 90
        0
176
     1
 90
        0
176
     1
 62
     7
176
     1
 62
   257
176
     1
 90
        1
176
     1
 90
        1
176
     1
 40
1.0
176
     1
 90
        8
176
     1
 62
     7
176
     1
 40
1.0
176
     1
 90
        1
176
     1
 90
        6
176
     1
 90
        2
176
     1
 62
     7
176
     1
 90
        5
176
     1
 90
        0
176
     1
 90
        0
176
     1
290
     0
176
     1
 90
       13
176
     1
 40
0.0
176
     1
 90
        0
176
     1
290
     0
176
     1
290
     1
176
     1
290
     1
176
     1
290
     0
176
     1
290
     0
176
     1
290
     0
176
     1
290
     0
176
     1
290
     0
176
     1
290
     0
176
     1
 90
       50
176
     1
 40
0.0
176
     1
 40
1.0
176
     1
 90
        0
176
     1
 62
    18
420
        0
176
     1
 90
       50
176
     1
 90
        3
176
     1
 62
     5
420
      255
176
     1
290
     0
176
     1
 90
       50
176
     1
 90
       50
176
     1
 90
       50
176
     1
290
     0
176
     1
 90
       50
176
     1
 62
   256
176
     0
 40
1.0
176
     0
 90
        2
176
     1
  1
strokes_ogs.tif
176
     1
290
     0
176
     1
 40
1.0
176
     1
 40
1.0
176
     1
  0
VISUALSTYLE
  5
2C
102
{ACAD_REACTORS
330
2A
102
}
330
2A
100
AcDbVisualStyle
  2
FlatWithEdges
 70
     1
177
     3
291
     1
 70
    58
 90
        2
176
     1
 90
        1
176
     1
 90
        1
176
     1
 90
        2
176
     1
 40
0.6
176
     1
 40
30.0
176
     1
 62
     7
420
 16777215
176
     1
 90
        1
176
     1
 90
        0
176
     1
 62
     7
176
     1
 62
   257
176
     1
 90
        1
176
     1
 90
        1
176
     1
 40
1.0
176
     1
 90
        0
176
     1
 62
   257
176
     1
 40
1.0
176
     1
 90
        1
176
     1
 90
        6
176
     1
 90
        2
176
     1
 62
     7
176
     1
 90
        5
176
     1
 90
        0
176
     1
 90
        0
176
     1
290
     0
176
     1
 90
       13
176
     1
 40
0.0
176
     1
 90
        0
176
     1
290
     0
176
     1
290
     1
176
     1
290
     1
176
     1
290
     0
176
     1
290
     0
176
     1
290
     0
176
     1
290
     0
176
     1
290
     0
176
     1
290
     0
176
     1
 90
       50
176
     1
 40
0.0
176
     1
 40
1.0
176
     1
 90
        0
176
     1
 62
    18
420
        0
176
     1
 90
       50
176
     1
 90
        3
176
     1
 62
     5
420
      255
176
     1
290
     0
176
     1
 90
       50
176
     1
 90
       50
176
     1
 90
       50
176
     1
290
     0
176
     1
 90
       50
176
     1
 62
   256
176
     0
 40
1.0
176
     0
 90
        2
176
     1
  1
strokes_ogs.tif
176
     1
290
     0
176
     1
 40
1.0
176
     1
 40
1.0
176
     1
  0
VISUALSTYLE
  5
2D
102
{ACAD_REACTORS
330
2A
102
}
330
2A
100
AcDbVisualStyle
  2
Gouraud
 70
     2
177
     3
291
     1
 70
    58
 90
        2
176
     1
 90
        2
176
     1
 90
        1
176
     1
 90
        2
176
     1
 40
0.6
176
     1
 40
30.0
176
     1
 62
     7
420
 16777215
176
     1
 90
        0
176
     1
 90
        0
176
     1
 62
     7
176
     1
 62
   257
176
     1
 90
        1
176
     1
 90
        1
176
     1
 40
1.0
176
     1
 90
        0
176
     1
 62
     7
176
     1
 40
1.0
176
     1
 90
        1
176
     1
 90
        6
176
     1
 90
        2
176
     1
 62
     7
176
     1
 90
        5
176
     1
 90
        0
176
     1
 90
        0
176
     1
290
     0
176
     1
 90
       13
176
     1
 40
0.0
176
     1
 90
        0
176
     1
290
     0
176
     1
290
     1
176
     1
290
     1
176
     1
290
     0
176
     1
290
     0
176
     1
290
     0
176
     1
290
     0
176
     1
290
     0
176
     1
290
     0
176
     1
 90
       50
176
     1
 40
0.0
176
     1
 40
1.0
176
     1
 90
        0
176
     1
 62
    18
420
        0
176
     1
 90
       50
176
     1
 90
        3
176
     1
 62
     5
420
      255
176
     1
290
     0
176
     1
 90
       50
176
     1
 90
       50
176
     1
 90
       50
176
     1
290
     0
176
     1
 90
       50
176
     1
 62
   256
176
     0
 40
1.0
176
     0
 90
        2
176
     1
  1
strokes_ogs.tif
176
     1
290
     0
176
     1
 40
1.0
176
     1
 40
1.0
176
     1
  0
VISUALSTYLE
  5
2E
102
{ACAD_REACTORS
330
2A
102
}
330
2A
100
AcDbVisualStyle
  2
GouraudWithEdges
 70
     3
177
     3
291
     1
 70
    58
 90
        2
176
     1
 90
        2
176
     1
 90
        1
176
     1
 90
        2
176
     1
 40
0.6
176
     1
 40
30.0
176
     1
 62
     7
420
 16777215
176
     1
 90
        1
176
     1
 90
        0
176
     1
 62
     7
176
     1
 62
   257
176
     1
 90
        1
176
     1
 90
        1
176
     1
 40
1.0
176
     1
 90
        0
176
     1
 62
   257
176
     1
 40
1.0
176
     1
 90
        1
176
     1
 90
        6
176
     1
 90
        2
176
     1
 62
     7
176
     1
 90
        5
176
     1
 90
        0
176
     1
 90
        0
176
     1
290
     0
176
     1
 90
       13
176
     1
 40
0.0
176
     1
 90
        0
176
     1
290
     0
176
     1
290
     1
176
     1
290
     1
176
     1
290
     0
176
     1
290
     0
176
     1
290
     0
176
     1
290
     0
176
     1
290
     0
176
     1
290
     0
176
     1
 90
       50
176
     1
 40
0.0
176
     1
 40
1.0
176
     1
 90
        0
176
     1
 62
    18
420
        0
176
     1
 90
       50
176
     1
 90
        3
176
     1
 62
     5
420
      255
176
     1
290
     0
176
     1
 90
       50
176
     1
 90
       50
176
     1
 90
       50
176
     1
290
     0
176
     1
 90
       50
176
     1
 62
   256
176
     0
 40
1.0
176
     0
 90
        2
176
     1
  1
strokes_ogs.tif
176
     1
290
     0
176
     1
 40
1.0
176
     1
 40
1.0
176
     1
  0
VISUALSTYLE
  5
31
102
{ACAD_REACTORS
330
2A
102
}
330
2A
100
AcDbVisualStyle
  2
Hidden
 70
     6
177
     3
291
     0
 70
    58
 90
        1
176
     1
 90
        2
176
     1
 90
        2
176
     1
 90
        0
176
     1
 40
0.6
176
     1
 40
30.0
176
     1
 62
     7
420
 16777215
176
     1
 90
        2
176
     1
 90
        2
176
     1
 62
     7
176
     1
 62
   257
176
     1
 90
        2
176
     1
 90
        1
176
     1
 40
40.0
176
     1
 90
        0
176
     1
 62
   257
176
     1
 40
1.0
176
     1
 90
        1
176
     1
 90
        6
176
     1
 90
        2
176
     1
 62
     7
176
     1
 90
        3
176
     1
 90
        0
176
     1
 90
        0
176
     1
290
     0
176
     1
 90
        1
176
     1
 40
0.0
176
     1
 90
        0
176
     1
290
     0
176
     1
290
     1
176
     1
290
     1
176
     1
290
     0
176
     1
290
     0
176
     1
290
     0
176
     1
290
     0
176
     1
290
     0
176
     1
290
     0
176
     1
 90
       50
176
     1
 40
0.0
176
     1
 40
1.0
176
     1
 90
        0
176
     1
 62
    18
420
        0
176
     1
 90
       50
176
     1
 90
        3
176
     1
 62
     5
420
      255
176
     1
290
     0
176
     1
 90
       50
176
     1
 90
       50
176
     1
 90
       50
176
     1
290
     0
176
     1
 90
       50
176
     1
 62
   256
176
     0
 40
1.0
176
     0
 90
        2
176
     1
  1
strokes_ogs.tif
176
     1
290
     0
176
     1
 40
1.0
176
     1
 40
1.0
176
     1
  0
VISUALSTYLE
  5
3B
102
{ACAD_REACTORS
330
2A
102
}
330
2A
100
AcDbVisualStyle
  2
JitterOff
 70
    20
177
     3
291
     1
 70
    58
 90
        2
176
     0
 90
        2
176
     0
 90
        0
176
     0
 90
        0
176
     0
 40
0.6
176
     0
 40
30.0
176
     0
 62
     7
420
 16777215
176
     0
 90
        1
176
     0
 90
        4
176
     0
 62
     7
176
     0
 62
   257
176
     0
 90
        1
176
     0
 90
        1
176
     0
 40
1.0
176
     0
 90
       10
176
     2
 62
     7
176
     0
 40
1.0
176
     0
 90
        1
176
     0
 90
        6
176
     0
 90
        2
176
     0
 62
     7
176
     0
 90
        5
176
     0
 90
        0
176
     0
 90
        0
176
     0
290
     0
176
     0
 90
        1
176
     0
 40
0.0
176
     0
 90
        0
176
     0
290
     0
176
     0
290
     1
176
     0
290
     1
176
     0
290
     0
176
     0
290
     0
176
     0
290
     0
176
     0
290
     0
176
     0
290
     0
176
     0
290
     0
176
     0
 90
       50
176
     0
 40
0.0
176
     0
 40
1.0
176
     0
 90
        0
176
     0
 62
    18
420
        0
176
     0
 90
       50
176
     0
 90
        3
176
     0
 62
     5
420
      255
176
     0
290
     0
176
     0
 90
       50
176
     0
 90
       50
176
     0
 90
       50
176
     0
290
     0
176
     0
 90
       50
176
     0
 62
   256
176
     0
 40
1.0
176
     0
 90
        2
176
     0
  1
strokes_ogs.tif
176
     0
290
     0
176
     0
 40
1.0
176
     0
 40
1.0
176
     0
  0
VISUALSTYLE
  5
38
102
{ACAD_REACTORS
330
2A
102
}
330
2A
100
AcDbVisualStyle
  2
Linepattern
 70
    14
177
     3
291
     1
 70
    58
 90
        2
176
     1
 90
        2
176
     1
 90
        0
176
     1
 90
        0
176
     1
 40
0.6
176
     1
 40
30.0
176
     1
 62
     7
420
 16777215
176
     1
 90
        1
176
     1
 90
        4
176
     1
 62
     7
176
     1
 62
   257
176
     1
 90
        7
176
     1
 90
        7
176
     1
 40
1.0
176
     1
 90
        8
176
     1
 62
     7
176
     1
 40
1.0
176
     1
 90
        1
176
     1
 90
        6
176
     1
 90
        2
176
     1
 62
     7
176
     1
 90
        5
176
     1
 90
        0
176
     1
 90
        0
176
     1
290
     0
176
     1
 90
        1
176
     1
 40
0.0
176
     1
 90
        0
176
     1
290
     0
176
     1
290
     1
176
     1
290
     1
176
     1
290
     0
176
     1
290
     0
176
     1
290
     0
176
     1
290
     0
176
     1
290
     0
176
     1
290
     0
176
     1
 90
       50
176
     1
 40
0.0
176
     1
 40
1.0
176
     1
 90
        0
176
     1
 62
    18
420
        0
176
     1
 90
       50
176
     1
 90
        3
176
     1
 62
     5
420
      255
176
     1
290
     0
176
     1
 90
       50
176
     1
 90
       50
176
     1
 90
       50
176
     1
290
     0
176
     1
 90
       50
176
     1
 62
   256
176
     0
 40
1.0
176
     0
 90
        2
176
     1
  1
strokes_ogs.tif
176
     1
290
     0
176
     1
 40
1.0
176
     1
 40
1.0
176
     1
  0
VISUALSTYLE
  5
3C
102
{ACAD_REACTORS
330
2A
102
}
330
2A
100
AcDbVisualStyle
  2
OverhangOff
 70
    21
177
     3
291
     1
 70
    58
 90
        2
176
     0
 90
        2
176
     0
 90
        0
176
     0
 90
        0
176
     0
 40
0.6
176
     0
 40
30.0
176
     0
 62
     7
420
 16777215
176
     0
 90
        1
176
     0
 90
        4
176
     0
 62
     7
176
     0
 62
   257
176
     0
 90
        1
176
     0
 90
        1
176
     0
 40
1.0
176
     0
 90
        9
176
     2
 62
     7
176
     0
 40
1.0
176
     0
 90
        1
176
     0
 90
        6
176
     0
 90
        2
176
     0
 62
     7
176
     0
 90
        5
176
     0
 90
        0
176
     0
 90
        0
176
     0
290
     0
176
     0
 90
        1
176
     0
 40
0.0
176
     0
 90
        0
176
     0
290
     0
176
     0
290
     1
176
     0
290
     1
176
     0
290
     0
176
     0
290
     0
176
     0
290
     0
176
     0
290
     0
176
     0
290
     0
176
     0
290
     0
176
     0
 90
       50
176
     0
 40
0.0
176
     0
 40
1.0
176
     0
 90
        0
176
     0
 62
    18
420
        0
176
     0
 90
       50
176
     0
 90
        3
176
     0
 62
     5
420
      255
176
     0
290
     0
176
     0
 90
       50
176
     0
 90
       50
176
     0
 90
       50
176
     0
290
     0
176
     0
 90
       50
176
     0
 62
   256
176
     0
 40
1.0
176
     0
 90
        2
176
     0
  1
strokes_ogs.tif
176
     0
290
     0
176
     0
 40
1.0
176
     0
 40
1.0
176
     0
  0
VISUALSTYLE
  5
33
102
{ACAD_REACTORS
330
2A
102
}
330
2A
100
AcDbVisualStyle
  2
Realistic
 70
     8
177
     3
291
     0
 70
    58
 90
        2
176
     1
 90
        3
176
     1
 90
        0
176
     1
 90
        2
176
     1
 40
0.6
176
     1
 40
30.0
176
     1
 62
     7
420
 16777215
176
     1
 90
        0
176
     1
 90
        0
176
     1
 62
     7
176
     1
 62
   257
176
     1
 90
        1
176
     1
 90
        1
176
     1
 40
1.0
176
     1
 90
        8
176
     1
 62
   257
176
     1
 40
1.0
176
     1
 90
        1
176
     1
 90
        6
176
     1
 90
        2
176
     1
 62
     7
176
     1
 90
        3
176
     1
 90
        0
176
     1
 90
        0
176
     1
290
     0
176
     1
 90
       13
176
     1
 40
0.0
176
     1
 90
        0
176
     1
290
     0
176
     1
290
     1
176
     1
290
     1
176
     1
290
     0
176
     1
290
     0
176
     1
290
     0
176
     1
290
     0
176
     1
290
     0
176
     1
290
     0
176
     1
 90
       50
176
     1
 40
0.0
176
     1
 40
1.0
176
     1
 90
        0
176
     1
 62
    18
420
        0
176
     1
 90
       50
176
     1
 90
        3
176
     1
 62
     5
420
      255
176
     1
290
     0
176
     1
 90
       50
176
     1
 90
       50
176
     1
 90
       50
176
     1
290
     0
176
     1
 90
       50
176
     1
 62
   256
176
     0
 40
1.0
176
     0
 90
        2
176
     1
  1
strokes_ogs.tif
176
     1
290
     0
176
     1
 40
1.0
176
     1
 40
1.0
176
     1
  0
VISUALSTYLE
  5
42
102
{ACAD_REACTORS
330
2A
102
}
330
2A
100
AcDbVisualStyle
  2
Shaded
 70
    27
177
     3
291
     0
 70
    58
 90
        2
176
     1
 90
        2
176
     1
 90
        1
176
     1
 90
        2
176
     1
 40
0.6
176
     1
 40
30.0
176
     1
 62
     7
420
 16777215
176
     1
 90
        0
176
     1
 90
        4
176
     1
 62
     7
176
     1
 62
   257
176
     1
 90
        1
176
     1
 90
        1
176
     1
 40
1.0
176
     1
 90
        8
176
     1
 62
   257
176
     1
 40
1.0
176
     1
 90
        1
176
     1
 90
        6
176
     1
 90
        2
176
     1
 62
     8
420
  7895160
176
     1
 90
        3
176
     1
 90
        0
176
     1
 90
        0
176
     1
290
     0
176
     1
 90
        5
176
     1
 40
0.0
176
     1
 90
        0
176
     1
290
     0
176
     1
290
     1
176
     1
290
     1
176
     1
290
     0
176
     1
290
     0
176
     1
290
     0
176
     1
290
     0
176
     1
290
     0
176
     1
290
     0
176
     1
 90
       50
176
     1
 40
0.0
176
     1
 40
1.0
176
     1
 90
        0
176
     1
 62
    18
420
        0
176
     1
 90
       50
176
     1
 90
        3
176
     1
 62
     5
420
      255
176
     1
290
     0
176
     1
 90
       50
176
     1
 90
       50
176
     1
 90
       50
176
     1
290
     0
176
     1
 90
       50
176
     1
 62
   256
176
     0
 40
1.0
176
     0
 90
        2
176
     1
  1
strokes_ogs.tif
176
     1
290
     0
176
     1
 40
1.0
176
     1
 40
1.0
176
     1
  0
VISUALSTYLE
  5
41
102
{ACAD_REACTORS
330
2A
102
}
330
2A
100
AcDbVisualStyle
  2
Shaded with edges
 70
    26
177
     3
291
     0
 70
    58
 90
        2
176
     1
 90
        2
176
     1
 90
        1
176
     1
 90
        2
176
     1
 40
0.6
176
     1
 40
30.0
176
     1
 62
     7
420
 16777215
176
     1
 90
        1
176
     1
 90
       10
176
     1
 62
     7
176
     1
 62
   257
176
     1
 90
        2
176
     1
 90
        1
176
     1
 40
1.0
176
     1
 90
        8
176
     1
 62
   257
176
     1
 40
1.0
176
     1
 90
        1
176
     1
 90
        6
176
     1
 90
        2
176
     1
 62
     7
176
     1
 90
        3
176
     1
 90
        0
176
     1
 90
        0
176
     1
290
     0
176
     1
 90
        5
176
     1
 40
0.0
176
     1
 90
        0
176
     1
290
     0
176
     1
290
     1
176
     1
290
     1
176
     1
290
     0
176
     1
290
     0
176
     1
290
     0
176
     1
290
     0
176
     1
290
     0
176
     1
290
     0
176
     1
 90
       50
176
     1
 40
0.0
176
     1
 40
1.0
176
     1
 90
        0
176
     1
 62
    18
420
        0
176
     1
 90
       50
176
     1
 90
        3
176
     1
 62
     5
420
      255
176
     1
290
     0
176
     1
 90
       50
176
     1
 90
       50
176
     1
 90
       50
176
     1
290
     0
176
     1
 90
       50
176
     1
 62
   256
176
     0
 40
1.0
176
     0
 90
        2
176
     1
  1
strokes_ogs.tif
176
     1
290
     0
176
     1
 40
1.0
176
     1
 40
1.0
176
     1
  0
VISUALSTYLE
  5
3E
102
{ACAD_REACTORS
330
2A
102
}
330
2A
100
AcDbVisualStyle
  2
Shades of Gray
 70
    23
177
     3
291
     0
 70
    58
 90
        2
176
     1
 90
        2
176
     1
 90
        3
176
     1
 90
        0
176
     1
 40
0.6
176
     1
 40
30.0
176
     1
 62
     7
420
 16777215
176
     1
 90
        2
176
     1
 90
        2
176
     1
 62
     7
176
     1
 62
     7
176
     1
 90
        1
176
     1
 90
        1
176
     1
 40
40.0
176
     1
 90
        8
176
     1
 62
     7
176
     1
 40
1.0
176
     1
 90
        1
176
     1
 90
        6
176
     1
 90
        2
176
     1
 62
     7
176
     1
 90
        3
176
     1
 90
        0
176
     1
 90
        0
176
     1
290
     0
176
     1
 90
        1
176
     1
 40
0.0
176
     1
 90
        0
176
     1
290
     0
176
     1
290
     1
176
     1
290
     1
176
     1
290
     0
176
     1
290
     0
176
     1
290
     0
176
     1
290
     0
176
     1
290
     0
176
     1
290
     0
176
     1
 90
       50
176
     1
 40
0.0
176
     1
 40
1.0
176
     1
 90
        0
176
     1
 62
    18
420
        0
176
     1
 90
       50
176
     1
 90
        3
176
     1
 62
     5
420
      255
176
     1
290
     0
176
     1
 90
       50
176
     1
 90
       50
176
     1
 90
       50
176
     1
290
     0
176
     1
 90
       50
176
     1
 62
   256
176
     0
 40
1.0
176
     0
 90
        2
176
     1
  1
strokes_ogs.tif
176
     1
290
     0
176
     1
 40
1.0
176
     1
 40
1.0
176
     1
  0
VISUALSTYLE
  5
3F
102
{ACAD_REACTORS
330
2A
102
}
330
2A
100
AcDbVisualStyle
  2
Sketchy
 70
    24
177
     3
291
     0
 70
    58
 90
        1
176
     1
 90
        2
176
     1
 90
        2
176
     1
 90
        0
176
     1
 40
0.6
176
     1
 40
30.0
176
     1
 62
     7
420
 16777215
176
     1
 90
        2
176
     1
 90
        2
176
     1
 62
     7
176
     1
 62
     7
176
     1
 90
        1
176
     1
 90
        1
176
     1
 40
40.0
176
     1
 90
       11
176
     1
 62
     7
176
     1
 40
1.0
176
     1
 90
        1
176
     1
 90
        6
176
     1
 90
        2
176
     1
 62
     7
176
     1
 90
        6
176
     1
 90
        0
176
     1
 90
        0
176
     1
290
     0
176
     1
 90
        1
176
     1
 40
0.0
176
     1
 90
        0
176
     1
290
     0
176
     1
290
     1
176
     1
290
     1
176
     1
290
     0
176
     1
290
     0
176
     1
290
     0
176
     1
290
     0
176
     1
290
     0
176
     1
290
     0
176
     1
 90
       50
176
     1
 40
0.0
176
     1
 40
1.0
176
     1
 90
        0
176
     1
 62
    18
420
        0
176
     1
 90
       50
176
     1
 90
        3
176
     1
 62
     5
420
      255
176
     1
290
     0
176
     1
 90
       50
176
     1
 90
       50
176
     1
 90
       50
176
     1
290
     0
176
     1
 90
       50
176
     1
 62
   256
176
     0
 40
1.0
176
     0
 90
        2
176
     1
  1
strokes_ogs.tif
176
     1
290
     0
176
     1
 40
1.0
176
     1
 40
1.0
176
     1
  0
VISUALSTYLE
  5
37
102
{ACAD_REACTORS
330
2A
102
}
330
2A
100
AcDbVisualStyle
  2
Thicken
 70
    13
177
     3
291
     1
 70
    58
 90
        2
176
     1
 90
        2
176
     1
 90
        0
176
     1
 90
        0
176
     1
 40
0.6
176
     1
 40
30.0
176
     1
 62
     7
420
 16777215
176
     1
 90
        1
176
     1
 90
        4
176
     1
 62
     7
176
     1
 62
   257
176
     1
 90
        1
176
     1
 90
        1
176
     1
 40
1.0
176
     1
 90
       12
176
     1
 62
     7
176
     1
 40
1.0
176
     1
 90
        1
176
     1
 90
        6
176
     1
 90
        2
176
     1
 62
     7
176
     1
 90
        5
176
     1
 90
        0
176
     1
 90
        0
176
     1
290
     0
176
     1
 90
        1
176
     1
 40
0.0
176
     1
 90
        0
176
     1
290
     0
176
     1
290
     1
176
     1
290
     1
176
     1
290
     0
176
     1
290
     0
176
     1
290
     0
176
     1
290
     0
176
     1
290
     0
176
     1
290
     0
176
     1
 90
       50
176
     1
 40
0.0
176
     1
 40
1.0
176
     1
 90
        0
176
     1
 62
    18
420
        0
176
     1
 90
       50
176
     1
 90
        3
176
     1
 62
     5
420
      255
176
     1
290
     0
176
     1
 90
       50
176
     1
 90
       50
176
     1
 90
       50
176
     1
290
     0
176
     1
 90
       50
176
     1
 62
   256
176
     0
 40
1.0
176
     0
 90
        2
176
     1
  1
strokes_ogs.tif
176
     1
290
     0
176
     1
 40
1.0
176
     1
 40
1.0
176
     1
  0
VISUALSTYLE
  5
30
102
{ACAD_REACTORS
330
2A
102
}
330
2A
100
AcDbVisualStyle
  2
Wireframe
 70
     5
177
     3
291
     0
 70
    58
 90
        0
176
     1
 90
        2
176
     1
 90
        0
176
     1
 90
        0
176
     1
 40
0.6
176
     1
 40
30.0
176
     1
 62
     7
420
 16777215
176
     1
 90
        1
176
     1
 90
        4
176
     1
 62
     7
176
     1
 62
   257
176
     1
 90
        1
176
     1
 90
        1
176
     1
 40
1.0
176
     1
 90
        0
176
     1
 62
   257
176
     1
 40
1.0
176
     1
 90
        1
176
     1
 90
        6
176
     1
 90
        2
176
     1
 62
     7
176
     1
 90
        3
176
     1
 90
        0
176
     1
 90
        0
176
     1
290
     0
176
     1
 90
        1
176
     1
 40
0.0
176
     1
 90
        0
176
     1
290
     0
176
     1
290
     1
176
     1
290
     1
176
     1
290
     0
176
     1
290
     0
176
     1
290
     0
176
     1
290
     0
176
     1
290
     0
176
     1
290
     0
176
     1
 90
       50
176
     1
 40
0.0
176
     1
 40
1.0
176
     1
 90
        0
176
     1
 62
    18
420
        0
176
     1
 90
       50
176
     1
 90
        3
176
     1
 62
     5
420
      255
176
     1
290
     0
176
     1
 90
       50
176
     1
 90
       50
176
     1
 90
       50
176
     1
290
     0
176
     1
 90
       50
176
     1
 62
   256
176
     0
 40
1.0
176
     0
 90
        2
176
     1
  1
strokes_ogs.tif
176
     1
290
     0
176
     1
 40
1.0
176
     1
 40
1.0
176
     1
  0
VISUALSTYLE
  5
40
102
{ACAD_REACTORS
330
2A
102
}
330
2A
100
AcDbVisualStyle
  2
X-Ray
 70
    25
177
     3
291
     0
 70
    58
 90
        2
176
     1
 90
        2
176
     1
 90
        1
176
     1
 90
        1
176
     1
 40
0.5
176
     1
 40
30.0
176
     1
 62
     7
420
 16777215
176
     1
 90
        1
176
     1
 90
        0
176
     1
 62
     7
176
     1
 62
   257
176
     1
 90
        1
176
     1
 90
        1
176
     1
 40
1.0
176
     1
 90
        8
176
     1
 62
     7
176
     1
 40
1.0
176
     1
 90
        1
176
     1
 90
        6
176
     1
 90
        2
176
     1
 62
     7
176
     1
 90
        3
176
     1
 90
        0
176
     1
 90
        0
176
     1
290
     0
176
     1
 90
       13
176
     1
 40
0.0
176
     1
 90
        0
176
     1
290
     0
176
     1
290
     1
176
     1
290
     1
176
     1
290
     0
176
     1
290
     0
176
     1
290
     0
176
     1
290
     0
176
     1
290
     0
176
     1
290
     0
176
     1
 90
       50
176
     1
 40
0.0
176
     1
 40
1.0
176
     1
 90
        0
176
     1
 62
    18
420
        0
176
     1
 90
       50
176
     1
 90
        3
176
     1
 62
     5
420
      255
176
     1
290
     0
176
     1
 90
       50
176
     1
 90
       50
176
     1
 90
       50
176
     1
290
     0
176
     1
 90
       50
176
     1
 62
   256
176
     0
 40
1.0
176
     0
 90
        2
176
     1
  1
strokes_ogs.tif
176
     1
290
     0
176
     1
 40
1.0
176
     1
 40
1.0
176
     1
  0
DICTIONARYVAR
  5
6D7
102
{ACAD_REACTORS
330
6D6
102
}
330
6D6
100
DictionaryVariables
280
     0
  1
1:1
  0
DICTIONARYVAR
  5
6DC
102
{ACAD_REACTORS
330
6D6
102
}
330
6D6
100
DictionaryVariables
280
     0
  1
Standard
  0
DICTIONARYVAR
  5
6DB
102
{ACAD_REACTORS
330
6D6
102
}
330
6D6
100
DictionaryVariables
280
     0
  1
Standard
  0
DICTIONARY
  5
6D8
330
5A
100
AcDbDictionary
280
     1
281
     1
  3
ACAD_ROUNDTRIP_2008_TABLESTYLE_CELLSTYLEMAP
360
6D9
  0
CELLSTYLEMAP
  5
6D9
102
{ACAD_REACTORS
330
6D8
102
}
330
6D8
100
AcDbCellStyleMap
 90
        3
300
CELLSTYLE
  1
TABLEFORMAT_BEGIN
 90
        5
170
     1
 91
        0
 92
    32768
 62
   257
 93
        1
300
CONTENTFORMAT
  1
CONTENTFORMAT_BEGIN
 90
        0
 91
        0
 92
        4
 93
        0
300

 40
0.0
140
1.0
 94
        5
 62
     0
340
11
144
0.25
309
CONTENTFORMAT_END
171
     1
301
MARGIN
  1
CELLMARGIN_BEGIN
 40
0.06
 40
0.06
 40
0.06
 40
0.06
 40
0.06
 40
0.06
309
CELLMARGIN_END
 94
        6
 95
        1
302
GRIDFORMAT
  1
GRIDFORMAT_BEGIN
 90
        0
 91
        1
 62
     0
 92
       -2
340
14
 93
        0
 40
0.045
309
GRIDFORMAT_END
 95
        2
302
GRIDFORMAT
  1
GRIDFORMAT_BEGIN
 90
        0
 91
        1
 62
     0
 92
       -2
340
14
 93
        0
 40
0.045
309
GRIDFORMAT_END
 95
        4
302
GRIDFORMAT
  1
GRIDFORMAT_BEGIN
 90
        0
 91
        1
 62
     0
 92
       -2
340
14
 93
        0
 40
0.045
309
GRIDFORMAT_END
 95
        8
302
GRIDFORMAT
  1
GRIDFORMAT_BEGIN
 90
        0
 91
        1
 62
     0
 92
       -2
340
14
 93
        0
 40
0.045
309
GRIDFORMAT_END
 95
       16
302
GRIDFORMAT
  1
GRIDFORMAT_BEGIN
 90
        0
 91
        1
 62
     0
 92
       -2
340
14
 93
        0
 40
0.045
309
GRIDFORMAT_END
 95
       32
302
GRIDFORMAT
  1
GRIDFORMAT_BEGIN
 90
        0
 91
        1
 62
     0
 92
       -2
340
14
 93
        0
 40
0.045
309
GRIDFORMAT_END
309
TABLEFORMAT_END
  1
CELLSTYLE_BEGIN
 90
        1
 91
        1
300
_TITLE
309
CELLSTYLE_END
300
CELLSTYLE
  1
TABLEFORMAT_BEGIN
 90
        5
170
     1
 91
        0
 92
        0
 62
   257
 93
        1
300
CONTENTFORMAT
  1
CONTENTFORMAT_BEGIN
 90
        0
 91
        0
 92
        4
 93
        0
300

 40
0.0
140
1.0
 94
        5
 62
     0
340
11
144
0.18
309
CONTENTFORMAT_END
171
     1
301
MARGIN
  1
CELLMARGIN_BEGIN
 40
0.06
 40
0.06
 40
0.06
 40
0.06
 40
0.06
 40
0.06
309
CELLMARGIN_END
 94
        6
 95
        1
302
GRIDFORMAT
  1
GRIDFORMAT_BEGIN
 90
        0
 91
        1
 62
     0
 92
       -2
340
14
 93
        0
 40
0.045
309
GRIDFORMAT_END
 95
        2
302
GRIDFORMAT
  1
GRIDFORMAT_BEGIN
 90
        0
 91
        1
 62
     0
 92
       -2
340
14
 93
        0
 40
0.045
309
GRIDFORMAT_END
 95
        4
302
GRIDFORMAT
  1
GRIDFORMAT_BEGIN
 90
        0
 91
        1
 62
     0
 92
       -2
340
14
 93
        0
 40
0.045
309
GRIDFORMAT_END
 95
        8
302
GRIDFORMAT
  1
GRIDFORMAT_BEGIN
 90
        0
 91
        1
 62
     0
 92
       -2
340
14
 93
        0
 40
0.045
309
GRIDFORMAT_END
 95
       16
302
GRIDFORMAT
  1
GRIDFORMAT_BEGIN
 90
        0
 91
        1
 62
     0
 92
       -2
340
14
 93
        0
 40
0.045
309
GRIDFORMAT_END
 95
       32
302
GRIDFORMAT
  1
GRIDFORMAT_BEGIN
 90
        0
 91
        1
 62
     0
 92
       -2
340
14
 93
        0
 40
0.045
309
GRIDFORMAT_END
309
TABLEFORMAT_END
  1
CELLSTYLE_BEGIN
 90
        2
 91
        1
300
_HEADER
309
CELLSTYLE_END
300
CELLSTYLE
  1
TABLEFORMAT_BEGIN
 90
        5
170
     1
 91
        0
 92
        0
 62
   257
 93
        1
300
CONTENTFORMAT
  1
CONTENTFORMAT_BEGIN
 90
        0
 91
        0
 92
        4
 93
        0
300

 40
0.0
140
1.0
 94
        2
 62
     0
340
11
144
0.18
309
CONTENTFORMAT_END
171
     1
301
MARGIN
  1
CELLMARGIN_BEGIN
 40
0.06
 40
0.06
 40
0.06
 40
0.06
 40
0.06
 40
0.06
309
CELLMARGIN_END
 94
        6
 95
        1
302
GRIDFORMAT
  1
GRIDFORMAT_BEGIN
 90
        0
 91
        1
 62
     0
 92
       -2
340
14
 93
        0
 40
0.045
309
GRIDFORMAT_END
 95
        2
302
GRIDFORMAT
  1
GRIDFORMAT_BEGIN
 90
        0
 91
        1
 62
     0
 92
       -2
340
14
 93
        0
 40
0.045
309
GRIDFORMAT_END
 95
        4
302
GRIDFORMAT
  1
GRIDFORMAT_BEGIN
 90
        0
 91
        1
 62
     0
 92
       -2
340
14
 93
        0
 40
0.045
309
GRIDFORMAT_END
 95
        8
302
GRIDFORMAT
  1
GRIDFORMAT_BEGIN
 90
        0
 91
        1
 62
     0
 92
       -2
340
14
 93
        0
 40
0.045
309
GRIDFORMAT_END
 95
       16
302
GRIDFORMAT
  1
GRIDFORMAT_BEGIN
 90
        0
 91
        1
 62
     0
 92
       -2
340
14
 93
        0
 40
0.045
309
GRIDFORMAT_END
 95
       32
302
GRIDFORMAT
  1
GRIDFORMAT_BEGIN
 90
        0
 91
        1
 62
     0
 92
       -2
340
14
 93
        0
 40
0.045
309
GRIDFORMAT_END
309
TABLEFORMAT_END
  1
CELLSTYLE_BEGIN
 90
        3
 91
        2
300
_DATA
309
CELLSTYLE_END
  0
ENDSEC
  0
EOF
