  0
SECTION
  2
HEADER
  9
$ACADVER
  1
AC1027
  9
$ACADMAINTVER
 70
   105
  9
$DWGCODEPAGE
  3
ANSI_1252
  9
$COMMENTS
  1
File was created by Cadenas
  9
$LASTSAVEDBY
  1
psService
  9
$CUSTOMPROPERTYTAG
  1
NB
  9
$CUSTOMPROPERTY
  1
DAQ0904-300
  9
$CUSTOMPROPERTYTAG
  1
NN
  9
$CUSTOMPROPERTY
  1
Air Handler Horizontal DAQ
  9
$CUSTOMPROPERTYTAG
  1
NT
  9
$CUSTOMPROPERTY
  1
Daikin
  9
$CUSTOMPROPERTYTAG
  1
NBSYN
  9
$CUSTOMPROPERTY
  1
$PN.-$LOG.
  9
$CUSTOMPROPERTYTAG
  1
LINA
  9
$CUSTOMPROPERTY
  1
DAQ0904
  9
$CUSTOMPROPERTYTAG
  1
CATALOG
  9
$CUSTOMPROPERTY
  1
Daikin
  9
$CUSTOMPROPERTYTAG
  1
PN
  9
$CUSTOMPROPERTY
  1
DAQ0904
  9
$CUSTOMPROPERTYTAG
  1
LOG
  9
$CUSTOMPROPERTY
  1
300
  9
$CUSTOMPROPERTYTAG
  1
DESC
  9
$CUSTOMPROPERTY
  1
7.5 Ton 460 V Air handler
  9
$CUSTOMPROPERTYTAG
  1
OD
  9
$CUSTOMPROPERTY
  1
48.0625
  9
$CUSTOMPROPERTYTAG
  1
OH
  9
$CUSTOMPROPERTY
  1
24.1875
  9
$CUSTOMPROPERTYTAG
  1
OW
  9
$CUSTOMPROPERTY
  1
60.500
  9
$CUSTOMPROPERTYTAG
  1
URL
  9
$CUSTOMPROPERTY
  1
https://daikincomfort.com
  9
$CUSTOMPROPERTYTAG
  1
RFAFAMILY
  9
$CUSTOMPROPERTY
  1
Download Revit Family (RFA)
  9
$CUSTOMPROPERTYTAG
  1
COMPANY
  9
$CUSTOMPROPERTY
  1
daikin
  9
$REQUIREDVERSIONS
160
                 0
  9
$INSBASE
 10
0.0
 20
0.0
 30
0.0
  9
$EXTMIN
 10
-6.077610169539019
 20
-10.95216940378739
 30
0.0
  9
$EXTMAX
 10
69.83200423728813
 20
48.59917372881355
 30
0.0
  9
$LIMMIN
 10
0.0
 20
0.0
  9
$LIMMAX
 10
12.0
 20
9.0
  9
$ORTHOMODE
 70
     0
  9
$REGENMODE
 70
     1
  9
$FILLMODE
 70
     1
  9
$QTEXTMODE
 70
     0
  9
$MIRRTEXT
 70
     1
  9
$LTSCALE
 40
1.0
  9
$ATTMODE
 70
     1
  9
$TEXTSIZE
 40
0.2
  9
$TRACEWID
 40
0.05
  9
$TEXTSTYLE
  7
Standard
  9
$CLAYER
  8
0
  9
$CELTYPE
  6
ByLayer
  9
$CECOLOR
 62
   256
  9
$CELTSCALE
 40
1.0
  9
$DISPSILH
 70
     0
  9
$DIMSCALE
 40
1.0
  9
$DIMASZ
 40
0.18
  9
$DIMEXO
 40
0.0625
  9
$DIMDLI
 40
0.38
  9
$DIMRND
 40
0.0
  9
$DIMDLE
 40
0.0
  9
$DIMEXE
 40
0.18
  9
$DIMTP
 40
0.0
  9
$DIMTM
 40
0.0
  9
$DIMTXT
 40
0.18
  9
$DIMCEN
 40
0.09
  9
$DIMTSZ
 40
0.0
  9
$DIMTOL
 70
     0
  9
$DIMLIM
 70
     0
  9
$DIMTIH
 70
     1
  9
$DIMTOH
 70
     1
  9
$DIMSE1
 70
     0
  9
$DIMSE2
 70
     0
  9
$DIMTAD
 70
     0
  9
$DIMZIN
 70
     0
  9
$DIMBLK
  1

  9
$DIMASO
 70
     1
  9
$DIMSHO
 70
     1
  9
$DIMPOST
  1

  9
$DIMAPOST
  1

  9
$DIMALT
 70
     0
  9
$DIMALTD
 70
     2
  9
$DIMALTF
 40
25.4
  9
$DIMLFAC
 40
1.0
  9
$DIMTOFL
 70
     0
  9
$DIMTVP
 40
0.0
  9
$DIMTIX
 70
     0
  9
$DIMSOXD
 70
     0
  9
$DIMSAH
 70
     0
  9
$DIMBLK1
  1

  9
$DIMBLK2
  1

  9
$DIMSTYLE
  2
Standard
  9
$DIMCLRD
 70
     0
  9
$DIMCLRE
 70
     0
  9
$DIMCLRT
 70
     0
  9
$DIMTFAC
 40
1.0
  9
$DIMGAP
 40
0.09
  9
$DIMJUST
 70
     0
  9
$DIMSD1
 70
     0
  9
$DIMSD2
 70
     0
  9
$DIMTOLJ
 70
     1
  9
$DIMTZIN
 70
     0
  9
$DIMALTZ
 70
     0
  9
$DIMALTTZ
 70
     0
  9
$DIMUPT
 70
     0
  9
$DIMDEC
 70
     4
  9
$DIMTDEC
 70
     4
  9
$DIMALTU
 70
     2
  9
$DIMALTTD
 70
     2
  9
$DIMTXSTY
  7
Standard
  9
$DIMAUNIT
 70
     0
  9
$DIMADEC
 70
     0
  9
$DIMALTRND
 40
0.0
  9
$DIMAZIN
 70
     0
  9
$DIMDSEP
 70
    46
  9
$DIMATFIT
 70
     3
  9
$DIMFRAC
 70
     0
  9
$DIMLDRBLK
  1

  9
$DIMLUNIT
 70
     2
  9
$DIMLWD
 70
    -2
  9
$DIMLWE
 70
    -2
  9
$DIMTMOVE
 70
     0
  9
$DIMFXL
 40
1.0
  9
$DIMFXLON
 70
     0
  9
$DIMJOGANG
 40
0.7853981633974483
  9
$DIMTFILL
 70
     0
  9
$DIMTFILLCLR
 70
     0
  9
$DIMARCSYM
 70
     0
  9
$DIMLTYPE
  6

  9
$DIMLTEX1
  6

  9
$DIMLTEX2
  6

  9
$DIMTXTDIRECTION
 70
     0
  9
$LUNITS
 70
     2
  9
$LUPREC
 70
     4
  9
$SKETCHINC
 40
0.1
  9
$FILLETRAD
 40
0.0
  9
$AUNITS
 70
     0
  9
$AUPREC
 70
     0
  9
$MENU
  1
.
  9
$ELEVATION
 40
0.0
  9
$PELEVATION
 40
0.0
  9
$THICKNESS
 40
0.0
  9
$LIMCHECK
 70
     0
  9
$CHAMFERA
 40
0.0
  9
$CHAMFERB
 40
0.0
  9
$CHAMFERC
 40
0.0
  9
$CHAMFERD
 40
0.0
  9
$SKPOLY
 70
     0
  9
$TDCREATE
 40
2461206.795396053
  9
$TDUCREATE
 40
2461206.71206272
  9
$TDUPDATE
 40
2461206.795396053
  9
$TDUUPDATE
 40
2461206.71206272
  9
$TDINDWG
 40
0.0000000116
  9
$TDUSRTIMER
 40
0.0000000116
  9
$USRTIMER
 70
     1
  9
$ANGBASE
 50
0.0
  9
$ANGDIR
 70
     0
  9
$PDMODE
 70
     0
  9
$PDSIZE
 40
0.0
  9
$PLINEWID
 40
0.0
  9
$SPLFRAME
 70
     0
  9
$SPLINETYPE
 70
     6
  9
$SPLINESEGS
 70
     8
  9
$HANDSEED
  5
15B
  9
$SURFTAB1
 70
     6
  9
$SURFTAB2
 70
     6
  9
$SURFTYPE
 70
     6
  9
$SURFU
 70
     6
  9
$SURFV
 70
     6
  9
$UCSBASE
  2

  9
$UCSNAME
  2

  9
$UCSORG
 10
0.0
 20
0.0
 30
0.0
  9
$UCSXDIR
 10
1.0
 20
0.0
 30
0.0
  9
$UCSYDIR
 10
0.0
 20
1.0
 30
0.0
  9
$UCSORTHOREF
  2

  9
$UCSORTHOVIEW
 70
     0
  9
$UCSORGTOP
 10
0.0
 20
0.0
 30
0.0
  9
$UCSORGBOTTOM
 10
0.0
 20
0.0
 30
0.0
  9
$UCSORGLEFT
 10
0.0
 20
0.0
 30
0.0
  9
$UCSORGRIGHT
 10
0.0
 20
0.0
 30
0.0
  9
$UCSORGFRONT
 10
0.0
 20
0.0
 30
0.0
  9
$UCSORGBACK
 10
0.0
 20
0.0
 30
0.0
  9
$PUCSBASE
  2

  9
$PUCSNAME
  2

  9
$PUCSORG
 10
0.0
 20
0.0
 30
0.0
  9
$PUCSXDIR
 10
1.0
 20
0.0
 30
0.0
  9
$PUCSYDIR
 10
0.0
 20
1.0
 30
0.0
  9
$PUCSORTHOREF
  2

  9
$PUCSORTHOVIEW
 70
     0
  9
$PUCSORGTOP
 10
0.0
 20
0.0
 30
0.0
  9
$PUCSORGBOTTOM
 10
0.0
 20
0.0
 30
0.0
  9
$PUCSORGLEFT
 10
0.0
 20
0.0
 30
0.0
  9
$PUCSORGRIGHT
 10
0.0
 20
0.0
 30
0.0
  9
$PUCSORGFRONT
 10
0.0
 20
0.0
 30
0.0
  9
$PUCSORGBACK
 10
0.0
 20
0.0
 30
0.0
  9
$USERI1
 70
     0
  9
$USERI2
 70
     0
  9
$USERI3
 70
     0
  9
$USERI4
 70
     0
  9
$USERI5
 70
     0
  9
$USERR1
 40
0.0
  9
$USERR2
 40
0.0
  9
$USERR3
 40
0.0
  9
$USERR4
 40
0.0
  9
$USERR5
 40
0.0
  9
$WORLDVIEW
 70
     1
  9
$SHADEDGE
 70
     3
  9
$SHADEDIF
 70
    70
  9
$TILEMODE
 70
     1
  9
$MAXACTVP
 70
    64
  9
$PINSBASE
 10
0.0
 20
0.0
 30
0.0
  9
$PLIMCHECK
 70
     0
  9
$PEXTMIN
 10
1.000000000000000E+20
 20
1.000000000000000E+20
 30
1.000000000000000E+20
  9
$PEXTMAX
 10
-1.000000000000000E+20
 20
-1.000000000000000E+20
 30
-1.000000000000000E+20
  9
$PLIMMIN
 10
0.0
 20
0.0
  9
$PLIMMAX
 10
12.0
 20
9.0
  9
$UNITMODE
 70
     0
  9
$VISRETAIN
 70
     1
  9
$PLINEGEN
 70
     0
  9
$PSLTSCALE
 70
     1
  9
$TREEDEPTH
 70
  3020
  9
$CMLSTYLE
  2
Standard
  9
$CMLJUST
 70
     0
  9
$CMLSCALE
 40
1.0
  9
$PROXYGRAPHICS
 70
     1
  9
$MEASUREMENT
 70
     0
  9
$CELWEIGHT
370
    -1
  9
$ENDCAPS
280
     0
  9
$JOINSTYLE
280
     0
  9
$LWDISPLAY
290
     0
  9
$INSUNITS
 70
     1
  9
$HYPERLINKBASE
  1

  9
$STYLESHEET
  1

  9
$XEDIT
290
     1
  9
$CEPSNTYPE
380
     0
  9
$PSTYLEMODE
290
     1
  9
$FINGERPRINTGUID
  2
{a3643bd1-0e9d-4516-95d5-abb1267ced40}
  9
$VERSIONGUID
  2
{FAEB1C32-E019-11D5-929B-00C0DF256EC4}
  9
$EXTNAMES
290
     1
  9
$PSVPSCALE
 40
0.0
  9
$OLESTARTUP
290
     0
  9
$SORTENTS
280
   127
  9
$INDEXCTL
280
     0
  9
$HIDETEXT
280
     1
  9
$XCLIPFRAME
280
     2
  9
$HALOGAP
280
     0
  9
$OBSCOLOR
 70
   257
  9
$OBSLTYPE
280
     0
  9
$INTERSECTIONDISPLAY
280
     0
  9
$INTERSECTIONCOLOR
 70
   257
  9
$DIMASSOC
280
     2
  9
$PROJECTNAME
  1

  9
$CAMERADISPLAY
290
     0
  9
$LENSLENGTH
 40
50.0
  9
$CAMERAHEIGHT
 40
0.0
  9
$STEPSPERSEC
 40
2.0
  9
$STEPSIZE
 40
6.0
  9
$3DDWFPREC
 40
2.0
  9
$PSOLWIDTH
 40
0.25
  9
$PSOLHEIGHT
 40
4.0
  9
$LOFTANG1
 40
1.570796326794897
  9
$LOFTANG2
 40
1.570796326794897
  9
$LOFTMAG1
 40
0.0
  9
$LOFTMAG2
 40
0.0
  9
$LOFTPARAM
 70
     7
  9
$LOFTNORMALS
280
     1
  9
$LATITUDE
 40
37.795
  9
$LONGITUDE
 40
-122.394
  9
$NORTHDIRECTION
 40
0.0
  9
$TIMEZONE
 70
 -8000
  9
$LIGHTGLYPHDISPLAY
280
     1
  9
$TILEMODELIGHTSYNCH
280
     1
  9
$CMATERIAL
347
44
  9
$SOLIDHIST
280
     0
  9
$SHOWHIST
280
     1
  9
$DWFFRAME
280
     2
  9
$DGNFRAME
280
     2
  9
$REALWORLDSCALE
290
     1
  9
$INTERFERECOLOR
 62
   256
  9
$CSHADOW
280
     0
  9
$SHADOWPLANELOCATION
 40
0.0
  0
ENDSEC
  0
SECTION
  2
CLASSES
  0
CLASS
  1
ACDBDICTIONARYWDFLT
  2
AcDbDictionaryWithDefault
  3
ObjectDBX Classes
 90
        0
 91
        3
280
     0
281
     0
  0
CLASS
  1
VISUALSTYLE
  2
AcDbVisualStyle
  3
ObjectDBX Classes
 90
     4095
 91
        3
280
     0
281
     0
  0
CLASS
  1
MATERIAL
  2
AcDbMaterial
  3
ObjectDBX Classes
 90
     1153
 91
        3
280
     0
281
     0
  0
CLASS
  1
SCALE
  2
AcDbScale
  3
ObjectDBX Classes
 90
     1153
 91
        3
280
     0
281
     0
  0
CLASS
  1
TABLESTYLE
  2
AcDbTableStyle
  3
ObjectDBX Classes
 90
     4095
 91
        3
280
     0
281
     0
  0
CLASS
  1
MLEADERSTYLE
  2
AcDbMLeaderStyle
  3
ACDB_MLEADERSTYLE_CLASS
 90
     4095
 91
        3
280
     0
281
     0
  0
CLASS
  1
SUN
  2
AcDbSun
  3
SCENEOE
 90
     1153
 91
        3
280
     0
281
     0
  0
CLASS
  1
DICTIONARYVAR
  2
AcDbDictionaryVar
  3
ObjectDBX Classes
 90
        0
 91
        3
280
     0
281
     0
  0
CLASS
  1
CELLSTYLEMAP
  2
AcDbCellStyleMap
  3
ObjectDBX Classes
 90
     1152
 91
        3
280
     0
281
     0
  0
ENDSEC
  0
SECTION
  2
TABLES
  0
TABLE
  2
VPORT
  5
8
330
0
100
AcDbSymbolTable
 70
     1
  0
VPORT
  5
29
330
8
100
AcDbSymbolTableRecord
100
AcDbViewportTableRecord
  2
*Active
 70
     0
 10
0.0
 20
0.0
 11
1.0
 21
1.0
 12
31.74279025421354
 22
18.36536656929275
 13
0.0
 23
0.0
 14
0.5
 24
0.5
 15
0.5
 25
0.5
 16
0.0
 26
0.0
 36
1.0
 17
0.0
 27
0.0
 37
0.0
 40
61.87681745288008
 41
1.258334576720048
 42
50.0
 43
0.0
 44
0.0
 50
0.0
 51
0.0
 71
     0
 72
   100
 73
     1
 74
     3
 75
     0
 76
     0
 77
     0
 78
     0
281
     0
 65
     1
110
0.0
120
0.0
130
0.0
111
1.0
121
0.0
131
0.0
112
0.0
122
1.0
132
0.0
 79
     0
146
0.0
348
2F
 60
     3
 61
     5
292
     1
282
     1
141
0.0
142
0.0
 63
   250
361
5D
  0
ENDTAB
  0
TABLE
  2
LTYPE
  5
5
330
0
100
AcDbSymbolTable
 70
     3
  0
LTYPE
  5
14
330
5
100
AcDbSymbolTableRecord
100
AcDbLinetypeTableRecord
  2
ByBlock
 70
     0
  3

 72
    65
 73
     0
 40
0.0
  0
LTYPE
  5
15
330
5
100
AcDbSymbolTableRecord
100
AcDbLinetypeTableRecord
  2
ByLayer
 70
     0
  3

 72
    65
 73
     0
 40
0.0
  0
LTYPE
  5
16
330
5
100
AcDbSymbolTableRecord
100
AcDbLinetypeTableRecord
  2
Continuous
 70
     0
  3
Solid line
 72
    65
 73
     0
 40
0.0
  0
LTYPE
  5
72
330
5
100
AcDbSymbolTableRecord
100
AcDbLinetypeTableRecord
  2
Dashed
 70
     0
  3

 72
    65
 73
     2
 40
2.0
 49
1.0
 74
     0
 49
-1.0
 74
     0
  0
LTYPE
  5
11C
330
5
100
AcDbSymbolTableRecord
100
AcDbLinetypeTableRecord
  2
Center
 70
     0
  3

 72
    65
 73
     4
 40
1.5
 49
0.45
 74
     0
 49
-0.5
 74
     0
 49
0.05
 74
     0
 49
-0.5
 74
     0
  0
ENDTAB
  0
TABLE
  2
LAYER
  5
2
330
0
100
AcDbSymbolTable
 70
     9
  0
LAYER
  5
10
330
2
100
AcDbSymbolTableRecord
100
AcDbLayerTableRecord
  2
0
 70
     0
 62
     7
  6
Continuous
370
    -3
390
F
347
46
348
0
  0
LAYER
  5
5E
330
2
100
AcDbSymbolTableRecord
100
AcDbLayerTableRecord
  2
AM_6
 70
     0
 62
    -2
  6
Continuous
370
    35
390
F
347
46
348
0
  0
LAYER
  5
73
330
2
100
AcDbSymbolTableRecord
100
AcDbLayerTableRecord
  2
AM_9
 70
     0
 62
     6
  6
Dashed
370
    25
390
F
347
46
348
0
  0
LAYER
  5
8B
330
2
100
AcDbSymbolTableRecord
100
AcDbLayerTableRecord
  2
AM_0
 70
     0
 62
     7
  6
Continuous
370
    50
390
F
347
46
348
0
  0
LAYER
  5
93
330
2
100
AcDbSymbolTableRecord
100
AcDbLayerTableRecord
  2
AM_4
 70
     0
 62
     3
  6
Continuous
370
    25
390
F
347
46
348
0
  0
LAYER
  5
11D
330
2
100
AcDbSymbolTableRecord
100
AcDbLayerTableRecord
  2
AM_7
 70
     0
 62
     7
  6
Center
370
    25
390
F
347
46
348
0
  0
LAYER
  5
124
330
2
100
AcDbSymbolTableRecord
100
AcDbLayerTableRecord
  2
AM_5
 70
     0
 62
     3
  6
Continuous
370
    25
390
F
347
46
348
0
  0
LAYER
  5
126
330
2
100
AcDbSymbolTableRecord
100
AcDbLayerTableRecord
  2
Defpoints
 70
     0
 62
     7
  6
Continuous
290
     0
370
    -3
390
F
347
46
348
0
  0
LAYER
  5
142
330
2
100
AcDbSymbolTableRecord
100
AcDbLayerTableRecord
  2
2d ConnectionPoints
 70
     0
 62
     7
  6
Continuous
370
    50
390
F
347
46
348
0
  0
ENDTAB
  0
TABLE
  2
STYLE
  5
3
330
0
100
AcDbSymbolTable
 70
     1
  0
STYLE
  5
11
330
3
100
AcDbSymbolTableRecord
100
AcDbTextStyleTableRecord
  2
Standard
 70
     0
 40
0.0
 41
1.0
 50
0.0
 71
     0
 42
0.2
  3
txt
  4

  0
ENDTAB
  0
TABLE
  2
VIEW
  5
6
330
0
100
AcDbSymbolTable
 70
     0
  0
ENDTAB
  0
TABLE
  2
UCS
  5
7
330
0
100
AcDbSymbolTable
 70
     0
  0
ENDTAB
  0
TABLE
  2
APPID
  5
9
330
0
100
AcDbSymbolTable
 70
     1
  0
APPID
  5
12
330
9
100
AcDbSymbolTableRecord
100
AcDbRegAppTableRecord
  2
ACAD
 70
     0
  0
ENDTAB
  0
TABLE
  2
DIMSTYLE
  5
A
330
0
100
AcDbSymbolTable
 70
     1
100
AcDbDimStyleTable
  0
DIMSTYLE
105
27
102
{ACAD_REACTORS
330
125
330
134
102
}
330
A
100
AcDbSymbolTableRecord
100
AcDbDimStyleTableRecord
  2
Standard
 70
     0
178
     0
340
11
  0
ENDTAB
  0
TABLE
  2
BLOCK_RECORD
  5
1
330
0
100
AcDbSymbolTable
 70
     3
  0
BLOCK_RECORD
  5
1F
330
1
100
AcDbSymbolTableRecord
100
AcDbBlockTableRecord
  2
*Model_Space
340
22
 70
     0
280
     1
281
     0
  0
BLOCK_RECORD
  5
1B
330
1
100
AcDbSymbolTableRecord
100
AcDbBlockTableRecord
  2
*Paper_Space
340
1E
 70
     0
280
     1
281
     0
  0
BLOCK_RECORD
  5
23
330
1
100
AcDbSymbolTableRecord
100
AcDbBlockTableRecord
  2
*Paper_Space0
340
26
 70
     0
280
     1
281
     0
  0
BLOCK_RECORD
  5
127
330
1
100
AcDbSymbolTableRecord
100
AcDbBlockTableRecord
  2
*D1
340
0
 70
     0
280
     1
281
     0
  0
BLOCK_RECORD
  5
135
330
1
100
AcDbSymbolTableRecord
100
AcDbBlockTableRecord
  2
*D2
340
0
 70
     0
280
     1
281
     0
  0
ENDTAB
  0
ENDSEC
  0
SECTION
  2
BLOCKS
  0
BLOCK
  5
20
330
1F
100
AcDbEntity
  8
0
100
AcDbBlockBegin
  2
*Model_Space
 70
     2
 10
0.0
 20
0.0
 30
0.0
  3
*Model_Space
  1

  0
ENDBLK
  5
21
330
1F
100
AcDbEntity
  8
0
100
AcDbBlockEnd
  0
BLOCK
  5
1C
330
1B
100
AcDbEntity
 67
     1
  8
0
100
AcDbBlockBegin
  2
*Paper_Space
 70
     0
 10
0.0
 20
0.0
 30
0.0
  3
*Paper_Space
  1

  0
ENDBLK
  5
1D
330
1B
100
AcDbEntity
 67
     1
  8
0
100
AcDbBlockEnd
  0
BLOCK
  5
24
330
23
100
AcDbEntity
  8
0
100
AcDbBlockBegin
  2
*Paper_Space0
 70
     0
 10
0.0
 20
0.0
 30
0.0
  3
*Paper_Space0
  1

  0
ENDBLK
  5
25
330
23
100
AcDbEntity
  8
0
100
AcDbBlockEnd
  0
BLOCK
  5
128
330
127
100
AcDbEntity
  8
0
100
AcDbBlockBegin
  2
*D1
 70
     1
 10
0.0
 20
0.0
 30
0.0
  3
*D1
  1

  0
LINE
  5
12A
330
127
100
AcDbEntity
  8
AM_5
 62
     0
370
    -2
100
AcDbLine
 10
0.1080000000000041
 20
24.046875
 30
0.0
 11
0.1080000000000041
 21
-9.941999912261963
 31
0.0
  0
LINE
  5
12B
330
127
100
AcDbEntity
  8
AM_5
 62
     0
370
    -2
100
AcDbLine
 10
60.57675
 20
24.046875
 30
0.0
 11
60.57675
 21
-9.941999912261963
 31
0.0
  0
LINE
  5
12C
330
127
100
AcDbEntity
  8
AM_5
 62
     0
370
    -2
100
AcDbLine
 10
2.108000000000004
 20
-9.941999912261963
 30
0.0
 11
23.55254449152542
 21
-9.941999912261963
 31
0.0
  0
LINE
  5
12D
330
127
100
AcDbEntity
  8
AM_5
 62
     0
370
    -2
100
AcDbLine
 10
58.57675
 20
-9.941999912261963
 30
0.0
 11
37.13220550847458
 21
-9.941999912261963
 31
0.0
  0
SOLID
  5
12E
330
127
100
AcDbEntity
  8
AM_5
 62
     0
100
AcDbTrace
 10
2.108000000000004
 20
-9.608666578928629
 30
0.0
 11
2.108000000000004
 21
-10.2753332455953
 31
0.0
 12
0.1080000000000041
 22
-9.941999912261963
 32
0.0
 13
0.1080000000000041
 23
-9.941999912261963
 33
0.0
  0
SOLID
  5
12F
330
127
100
AcDbEntity
  8
AM_5
 62
     0
100
AcDbTrace
 10
58.57675
 20
-10.2753332455953
 30
0.0
 11
58.57675
 21
-9.608666578928629
 31
0.0
 12
60.57675
 22
-9.941999912261963
 32
0.0
 13
60.57675
 23
-9.941999912261963
 33
0.0
  0
MTEXT
  5
130
330
127
100
AcDbEntity
  8
AM_5
 62
     0
100
AcDbMText
 10
30.342375
 20
-9.941999912261963
 30
0.0
 40
2.0
 41
0.0
 46
0.0
 71
     5
 72
     1
  1
\A1;60.47 in
 73
     1
 44
1.0
  0
POINT
  5
131
330
127
100
AcDbEntity
  8
Defpoints
 62
     0
100
AcDbPoint
 10
0.1080000000000041
 20
24.046875
 30
0.0
  0
POINT
  5
132
330
127
100
AcDbEntity
  8
Defpoints
 62
     0
100
AcDbPoint
 10
60.57675
 20
24.046875
 30
0.0
  0
POINT
  5
133
330
127
100
AcDbEntity
  8
Defpoints
 62
     0
100
AcDbPoint
 10
60.57675
 20
-9.941999912261963
 30
0.0
  0
ENDBLK
  5
129
330
127
100
AcDbEntity
  8
0
100
AcDbBlockEnd
  0
BLOCK
  5
136
330
135
100
AcDbEntity
  8
0
100
AcDbBlockBegin
  2
*D2
 70
     1
 10
0.0
 20
0.0
 30
0.0
  3
*D2
  1

  0
LINE
  5
138
330
135
100
AcDbEntity
  8
AM_5
 62
     0
370
    -2
100
AcDbLine
 10
30.342375
 20
0.0
 30
0.0
 11
-5.001000000047497
 21
0.0000000000000005
 31
0.0
  0
LINE
  5
139
330
135
100
AcDbEntity
  8
AM_5
 62
     0
370
    -2
100
AcDbLine
 10
30.342375
 20
48.09375
 30
0.0
 11
-5.001000000047497
 21
48.09375
 31
0.0
  0
LINE
  5
13A
330
135
100
AcDbEntity
  8
AM_5
 62
     0
370
    -2
100
AcDbLine
 10
-5.001000000047497
 20
2.0
 30
0.0
 11
-5.001000000047497
 21
17.24551906779661
 31
0.0
  0
LINE
  5
13B
330
135
100
AcDbEntity
  8
AM_5
 62
     0
370
    -2
100
AcDbLine
 10
-5.001000000047497
 20
46.09375
 30
0.0
 11
-5.001000000047497
 21
30.84823093220339
 31
0.0
  0
SOLID
  5
13C
330
135
100
AcDbEntity
  8
AM_5
 62
     0
100
AcDbTrace
 10
-5.33433333338083
 20
2.0
 30
0.0
 11
-4.667666666714164
 21
2.0
 31
0.0
 12
-5.001000000047497
 22
0.0000000000000005
 32
0.0
 13
-5.001000000047497
 23
0.0000000000000005
 33
0.0
  0
SOLID
  5
13D
330
135
100
AcDbEntity
  8
AM_5
 62
     0
100
AcDbTrace
 10
-4.667666666714164
 20
46.09375
 30
0.0
 11
-5.33433333338083
 21
46.09375
 31
0.0
 12
-5.001000000047497
 22
48.09375
 32
0.0
 13
-5.001000000047497
 23
48.09375
 33
0.0
  0
MTEXT
  5
13E
330
135
100
AcDbEntity
  8
AM_5
 62
     0
100
AcDbMText
 10
-5.001000000047497
 20
24.046875
 30
0.0
 40
2.0
 41
0.0
 46
0.0
 71
     5
 72
     1
  1
\A1;48.09 in
 11
6.123233995736766E-17
 21
1.0
 31
0.0
 73
     1
 44
1.0
  0
POINT
  5
13F
330
135
100
AcDbEntity
  8
Defpoints
 62
     0
100
AcDbPoint
 10
30.342375
 20
0.0
 30
0.0
  0
POINT
  5
140
330
135
100
AcDbEntity
  8
Defpoints
 62
     0
100
AcDbPoint
 10
30.342375
 20
48.09375
 30
0.0
  0
POINT
  5
141
330
135
100
AcDbEntity
  8
Defpoints
 62
     0
100
AcDbPoint
 10
-5.001000000047497
 20
48.09375
 30
0.0
  0
ENDBLK
  5
137
330
135
100
AcDbEntity
  8
0
100
AcDbBlockEnd
  0
ENDSEC
  0
SECTION
  2
ENTITIES
  0
ATTDEF
  5
5F
330
1F
100
AcDbEntity
  8
AM_6
100
AcDbText
 10
65.57675
 20
48.09374999999999
 30
0.0
 40
0.5
  1
DAQ0904-300
100
AcDbAttributeDefinition
  3

  2
NB
 70
     8
280
     0
  0
ATTDEF
  5
60
330
1F
100
AcDbEntity
  8
AM_6
100
AcDbText
 10
65.57675
 20
47.59374999999999
 30
0.0
 40
0.5
  1
Air Handler Horizontal DAQ
100
AcDbAttributeDefinition
  3

  2
NN
 70
     8
280
     0
  0
ATTDEF
  5
61
330
1F
100
AcDbEntity
  8
AM_6
100
AcDbText
 10
65.57675
 20
47.09374999999999
 30
0.0
 40
0.5
  1
Daikin
100
AcDbAttributeDefinition
  3

  2
NT
 70
     8
280
     0
  0
ATTDEF
  5
62
330
1F
100
AcDbEntity
  8
AM_6
100
AcDbText
 10
65.57675
 20
46.59374999999999
 30
0.0
 40
0.5
  1
$PN.-$LOG.
100
AcDbAttributeDefinition
  3

  2
NBSYN
 70
     8
280
     0
  0
ATTDEF
  5
63
330
1F
100
AcDbEntity
  8
AM_6
100
AcDbText
 10
65.57675
 20
46.09374999999999
 30
0.0
 40
0.5
  1
DAQ0904
100
AcDbAttributeDefinition
  3

  2
LINA
 70
     8
280
     0
  0
ATTDEF
  5
64
330
1F
100
AcDbEntity
  8
AM_6
100
AcDbText
 10
65.57675
 20
45.59374999999999
 30
0.0
 40
0.5
  1
Daikin
100
AcDbAttributeDefinition
  3

  2
CATALOG
 70
     8
280
     0
  0
ATTDEF
  5
65
330
1F
100
AcDbEntity
  8
AM_6
100
AcDbText
 10
65.57675
 20
45.09374999999999
 30
0.0
 40
0.5
  1
DAQ0904
100
AcDbAttributeDefinition
  3

  2
PN
 70
     8
280
     0
  0
ATTDEF
  5
66
330
1F
100
AcDbEntity
  8
AM_6
100
AcDbText
 10
65.57675
 20
44.59374999999999
 30
0.0
 40
0.5
  1
300
100
AcDbAttributeDefinition
  3

  2
LOG
 70
     8
280
     0
  0
ATTDEF
  5
67
330
1F
100
AcDbEntity
  8
AM_6
100
AcDbText
 10
65.57675
 20
44.09374999999999
 30
0.0
 40
0.5
  1
7.5 Ton 460 V Air handler
100
AcDbAttributeDefinition
  3

  2
DESC
 70
     8
280
     0
  0
ATTDEF
  5
68
330
1F
100
AcDbEntity
  8
AM_6
100
AcDbText
 10
65.57675
 20
43.59374999999999
 30
0.0
 40
0.5
  1
48.0625
100
AcDbAttributeDefinition
  3

  2
OD
 70
     8
280
     0
  0
ATTDEF
  5
69
330
1F
100
AcDbEntity
  8
AM_6
100
AcDbText
 10
65.57675
 20
43.09374999999999
 30
0.0
 40
0.5
  1
24.1875
100
AcDbAttributeDefinition
  3

  2
OH
 70
     8
280
     0
  0
ATTDEF
  5
6A
330
1F
100
AcDbEntity
  8
AM_6
100
AcDbText
 10
65.57675
 20
42.59374999999999
 30
0.0
 40
0.5
  1
60.500
100
AcDbAttributeDefinition
  3

  2
OW
 70
     8
280
     0
  0
ATTDEF
  5
6B
330
1F
100
AcDbEntity
  8
AM_6
100
AcDbText
 10
65.57675
 20
42.09374999999999
 30
0.0
 40
0.5
  1
https://daikincomfort.com
100
AcDbAttributeDefinition
  3

  2
URL
 70
     8
280
     0
  0
ATTDEF
  5
6C
330
1F
100
AcDbEntity
  8
AM_6
100
AcDbText
 10
65.57675
 20
41.59374999999999
 30
0.0
 40
0.5
  1
Download Revit Family (RFA)
100
AcDbAttributeDefinition
  3

  2
RFAFAMILY
 70
     8
280
     0
  0
ATTDEF
  5
6D
330
1F
100
AcDbEntity
  8
AM_6
100
AcDbText
 10
65.57675
 20
41.09374999999999
 30
0.0
 40
0.5
  1
daikin
100
AcDbAttributeDefinition
  3

  2
COMPANY
 70
     8
280
     0
  0
ATTDEF
  5
6E
330
1F
100
AcDbEntity
  8
AM_6
100
AcDbText
 10
65.57675
 20
40.59374999999999
 30
0.0
 40
0.5
  1
{$CADENAS_DATA/23d-libs/daikin/light20commercial20split/electric20air20handlers/airhandlers.prj},184 {VTYP=3D},{NB=DAQ0904-300},{LINA=DAQ0904},{NN=Air Handler Horizontal DAQ},{DATE=03.06.2026 19:23:28},{GEOMDATE=21.10.2025 18:35:11},{VERSION=},{LINE
100
AcDbAttributeDefinition
  3

  2
PSOL_0
 70
     9
280
     0
  0
ATTDEF
  5
6F
330
1F
100
AcDbEntity
  8
AM_6
100
AcDbText
 10
65.57675
 20
40.09374999999999
 30
0.0
 40
0.5
  1
,{WBVAR=LOG},{WBNUMERIC=LOG}  {NB=DAQ0904-300},{LINA=DAQ0904},{KT=DUMMY},{PN=DAQ0904},{LOG=300},{DESC=7.5 Ton 460 V Air handler},{W=60.470},{D=48.090},{H=24.190},{H12=12.095},{D12=24.045},{W12=30.235},{MP=Horizontal},{F=60 Hz},{P=3},{V=460},{VC=460 
100
AcDbAttributeDefinition
  3

  2
PSOL_1
 70
     9
280
     0
  0
ATTDEF
  5
70
330
1F
100
AcDbEntity
  8
AM_6
100
AcDbText
 10
65.57675
 20
39.59374999999999
 30
0.0
 40
0.5
  1
MCA=5.20},{MOP=15},{RLD=0.375},{RSG=1.125},{CD=0.750},{UW=0.4 kip},{UWV=400 lbs.},{OD=48.0625},{OH=24.1875},{OW=60.500},{RU=R-32},{NCC=90 Btu/h},{RACH=24.000},{RACW=48.000},{SACH=13.125},{SACW=40.000},{HE=15, 20, 30 kW},{MT=Direct-Drive},{M=Daikin},
100
AcDbAttributeDefinition
  3

  2
PSOL_2
 70
     9
280
     0
  0
ATTDEF
  5
71
330
1F
100
AcDbEntity
  8
AM_6
100
AcDbText
 10
65.57675
 20
39.09374999999999
 30
0.0
 40
0.5
  1
=DAQ0904},{URL=https://daikincomfort.com},{DESCRIPTION=Air handler},{CAL=2392.000},{RFAFAMILY=Download Revit Family (RFA)},{RFAFAMILYPATH=../../light20commercial20split/electric20air20handlers/air_handler_horiziontal_daikin_daq.rfa}
100
AcDbAttributeDefinition
  3

  2
PSOL_3
 70
     9
280
     0
  0
LINE
  5
74
330
1F
100
AcDbEntity
  8
AM_9
100
AcDbLine
 10
58.58800000000001
 20
0.5
 30
0.0
 11
58.58800000000001
 21
0.0
 31
0.0
  0
LINE
  5
75
330
1F
100
AcDbEntity
  8
AM_9
100
AcDbLine
 10
59.968
 20
0.0
 30
0.0
 11
59.968
 21
0.5
 31
0.0
  0
LINE
  5
76
330
1F
100
AcDbEntity
  8
AM_9
100
AcDbLine
 10
58.58800000000001
 20
0.5
 30
0.0
 11
59.968
 21
0.5
 31
0.0
  0
LINE
  5
77
330
1F
100
AcDbEntity
  8
AM_9
100
AcDbLine
 10
58.748
 20
0.5400000000000008
 30
0.0
 11
58.748
 21
47.54
 31
0.0
  0
LINE
  5
78
330
1F
100
AcDbEntity
  8
AM_9
100
AcDbLine
 10
19.63800000000001
 20
0.143
 30
0.0
 11
19.63800000000001
 21
0.0
 31
0.0
  0
LINE
  5
79
330
1F
100
AcDbEntity
  8
AM_9
100
AcDbLine
 10
22.61667513459481
 20
-3.814329099369261
 30
0.0
 11
22.54450635094611
 21
-3.792
 31
0.0
  0
LINE
  5
7A
330
1F
100
AcDbEntity
  8
AM_9
100
AcDbLine
 10
22.61667513459481
 20
-3.89967090063074
 30
0.0
 11
22.61667513459481
 21
-3.814329099369261
 31
0.0
  0
LWPOLYLINE
  5
7B
330
1F
100
AcDbEntity
  8
AM_9
100
AcDbPolyline
 90
        3
 70
     0
 43
0.0
 10
22.11149364905389
 20
-3.792
 10
22.10636261951234
 20
-3.79212155016797
 10
22.03932486540519
 20
-3.814329099369261
  0
LINE
  5
7C
330
1F
100
AcDbEntity
  8
AM_9
100
AcDbLine
 10
22.03932486540519
 20
-3.89967090063074
 30
0.0
 11
22.03932486540519
 21
-3.814329099369261
 31
0.0
  0
LINE
  5
7D
330
1F
100
AcDbEntity
  8
AM_9
100
AcDbLine
 10
22.1836624327026
 20
-3.899670900630739
 30
0.0
 11
22.1836624327026
 21
-3.814329099369261
 31
0.0
  0
LINE
  5
7E
330
1F
100
AcDbEntity
  8
AM_9
100
AcDbLine
 10
22.47233756729741
 20
-3.899670900630739
 30
0.0
 11
22.47233756729741
 21
-3.814329099369261
 31
0.0
  0
LINE
  5
7F
330
1F
100
AcDbEntity
  8
AM_9
100
AcDbLine
 10
22.51132078548867
 20
-3.917
 30
0.0
 11
22.57769191640356
 21
-3.917
 31
0.0
  0
LINE
  5
80
330
1F
100
AcDbEntity
  8
AM_9
100
AcDbLine
 10
22.47233756729741
 20
-3.899670900630739
 30
0.0
 11
22.51132078548867
 21
-3.917
 31
0.0
  0
LINE
  5
81
330
1F
100
AcDbEntity
  8
AM_9
100
AcDbLine
 10
22.39437113091489
 20
-3.917
 30
0.0
 11
22.47233756729741
 21
-3.899670900630739
 31
0.0
  0
LINE
  5
82
330
1F
100
AcDbEntity
  8
AM_9
100
AcDbLine
 10
22.26162886908512
 20
-3.917
 30
0.0
 11
22.39437113091489
 21
-3.917
 31
0.0
  0
LINE
  5
83
330
1F
100
AcDbEntity
  8
AM_9
100
AcDbLine
 10
22.1836624327026
 20
-3.899670900630739
 30
0.0
 11
22.26162886908512
 21
-3.917
 31
0.0
  0
LINE
  5
84
330
1F
100
AcDbEntity
  8
AM_9
100
AcDbLine
 10
22.14467921451134
 20
-3.917
 30
0.0
 11
22.1836624327026
 21
-3.899670900630739
 31
0.0
  0
LINE
  5
85
330
1F
100
AcDbEntity
  8
AM_9
100
AcDbLine
 10
22.07830808359645
 20
-3.917
 30
0.0
 11
22.14467921451134
 21
-3.917
 31
0.0
  0
LINE
  5
86
330
1F
100
AcDbEntity
  8
AM_9
100
AcDbLine
 10
21.97800000000001
 20
0.1229999999999987
 30
0.0
 11
21.97800000000001
 21
-0.2080000000000006
 31
0.0
  0
LINE
  5
87
330
1F
100
AcDbEntity
  8
AM_9
100
AcDbLine
 10
22.678
 20
-0.2080000000000006
 30
0.0
 11
22.678
 21
0.1229999999999987
 31
0.0
  0
LINE
  5
88
330
1F
100
AcDbEntity
  8
AM_9
100
AcDbLine
 10
22.678
 20
0.1229999999999987
 30
0.0
 11
21.97800000000001
 21
0.1229999999999987
 31
0.0
  0
ARC
  5
89
330
1F
100
AcDbEntity
  8
AM_9
100
AcDbCircle
 10
21.93800000000002
 20
-0.2080000000000061
 30
0.0
 40
0.0399999999999944
100
AcDbArc
 50
269.9999999999797
 51
0.0000000000077924
  0
ARC
  5
8A
330
1F
100
AcDbEntity
  8
AM_9
100
AcDbCircle
 10
22.71799999999999
 20
-0.2080000000000047
 30
0.0
 40
0.0399999999999956
100
AcDbArc
 50
179.9999999999942
 51
270.0000000000102
  0
LINE
  5
8C
330
1F
100
AcDbEntity
  8
AM_0
100
AcDbLine
 10
22.14050000000001
 20
-0.2480000000000013
 30
0.0
 11
21.818
 21
-0.2480000000000013
 31
0.0
  0
LINE
  5
8D
330
1F
100
AcDbEntity
  8
AM_9
100
AcDbLine
 10
22.5155
 20
-0.2480000000000013
 30
0.0
 11
22.14050000000001
 21
-0.2480000000000013
 31
0.0
  0
LINE
  5
8E
330
1F
100
AcDbEntity
  8
AM_0
100
AcDbLine
 10
22.838
 20
-0.2480000000000013
 30
0.0
 11
22.5155
 21
-0.2480000000000013
 31
0.0
  0
ARC
  5
8F
330
1F
100
AcDbEntity
  8
AM_0
100
AcDbCircle
 10
21.818
 20
-0.2080000000000079
 30
0.0
 40
0.039999999999992
100
AcDbArc
 50
179.9999999999904
 51
270.0000000000052
  0
ARC
  5
90
330
1F
100
AcDbEntity
  8
AM_0
100
AcDbCircle
 10
22.83800000000001
 20
-0.2080000000000078
 30
0.0
 40
0.0399999999999934
100
AcDbArc
 50
269.9999999999949
 51
0.0000000000095814
  0
LINE
  5
91
330
1F
100
AcDbEntity
  8
AM_0
100
AcDbLine
 10
21.77800000000001
 20
-0.0360000000000004
 30
0.0
 11
21.77800000000001
 21
-0.2080000000000012
 31
0.0
  0
LINE
  5
92
330
1F
100
AcDbEntity
  8
AM_0
100
AcDbLine
 10
22.878
 20
-0.2080000000000012
 30
0.0
 11
22.878
 21
-0.0360000000000004
 31
0.0
  0
LINE
  5
94
330
1F
100
AcDbEntity
  8
AM_4
100
AcDbLine
 10
22.14050000000001
 20
-0.2080000000000012
 30
0.0
 11
21.77800000000001
 21
-0.2080000000000012
 31
0.0
  0
LINE
  5
95
330
1F
100
AcDbEntity
  8
AM_9
100
AcDbLine
 10
22.5155
 20
-0.2080000000000012
 30
0.0
 11
22.14050000000001
 21
-0.2080000000000012
 31
0.0
  0
LINE
  5
96
330
1F
100
AcDbEntity
  8
AM_4
100
AcDbLine
 10
22.878
 20
-0.2080000000000012
 30
0.0
 11
22.5155
 21
-0.2080000000000012
 31
0.0
  0
LINE
  5
97
330
1F
100
AcDbEntity
  8
AM_9
100
AcDbLine
 10
21.65300000000001
 20
0.1430000000000001
 30
0.0
 11
21.65300000000001
 21
0.0679999999999994
 31
0.0
  0
LINE
  5
98
330
1F
100
AcDbEntity
  8
AM_9
100
AcDbLine
 10
23.003
 20
0.0679999999999994
 30
0.0
 11
23.003
 21
0.1430000000000001
 31
0.0
  0
LINE
  5
99
330
1F
100
AcDbEntity
  8
AM_9
100
AcDbLine
 10
22.92126923076924
 20
0.0
 30
0.0
 11
23.003
 21
0.0679999999999994
 31
0.0
  0
LINE
  5
9A
330
1F
100
AcDbEntity
  8
AM_0
100
AcDbLine
 10
22.878
 20
-0.0360000000000014
 30
0.0
 11
22.92126923076924
 21
0.0
 31
0.0
  0
LINE
  5
9B
330
1F
100
AcDbEntity
  8
AM_0
100
AcDbLine
 10
21.73473076923078
 20
0.0
 30
0.0
 11
21.77800000000001
 21
-0.0360000000000014
 31
0.0
  0
LINE
  5
9C
330
1F
100
AcDbEntity
  8
AM_9
100
AcDbLine
 10
21.65300000000001
 20
0.0679999999999994
 30
0.0
 11
21.73473076923078
 21
0.0
 31
0.0
  0
LINE
  5
9D
330
1F
100
AcDbEntity
  8
AM_0
100
AcDbLine
 10
22.14050000000001
 20
-0.0360000000000004
 30
0.0
 11
21.77800000000001
 21
-0.0360000000000004
 31
0.0
  0
LINE
  5
9E
330
1F
100
AcDbEntity
  8
AM_9
100
AcDbLine
 10
22.5155
 20
-0.0360000000000004
 30
0.0
 11
22.14050000000001
 21
-0.0360000000000004
 31
0.0
  0
LINE
  5
9F
330
1F
100
AcDbEntity
  8
AM_0
100
AcDbLine
 10
22.878
 20
-0.0360000000000004
 30
0.0
 11
22.5155
 21
-0.0360000000000004
 31
0.0
  0
LINE
  5
A0
330
1F
100
AcDbEntity
  8
AM_9
100
AcDbLine
 10
23.003
 20
0.0679999999999994
 30
0.0
 11
21.65300000000001
 21
0.0679999999999994
 31
0.0
  0
LINE
  5
A1
330
1F
100
AcDbEntity
  8
AM_9
100
AcDbLine
 10
45.08558814945107
 20
25.64899999999999
 30
0.0
 11
45.08558814945107
 21
8.018999999999998
 31
0.0
  0
LINE
  5
A2
330
1F
100
AcDbEntity
  8
AM_9
100
AcDbLine
 10
56.78451842861685
 20
8.018999999999998
 30
0.0
 11
56.78451842861684
 21
25.64899999999999
 31
0.0
  0
LINE
  5
A3
330
1F
100
AcDbEntity
  8
AM_9
100
AcDbLine
 10
45.08558814945107
 20
45.279
 30
0.0
 11
45.08558814945107
 21
27.649
 31
0.0
  0
LINE
  5
A4
330
1F
100
AcDbEntity
  8
AM_9
100
AcDbLine
 10
56.78451842861685
 20
27.649
 30
0.0
 11
56.78451842861684
 21
45.279
 31
0.0
  0
LINE
  5
A5
330
1F
100
AcDbEntity
  8
AM_9
100
AcDbLine
 10
0.6540000000000041
 20
7.140000000000001
 30
0.0
 11
0.1080000000000041
 21
7.140000000000001
 31
0.0
  0
LINE
  5
A6
330
1F
100
AcDbEntity
  8
AM_9
100
AcDbLine
 10
0.6540000000000041
 20
20.25
 30
0.0
 11
0.1080000000000041
 21
20.25
 31
0.0
  0
LINE
  5
A7
330
1F
100
AcDbEntity
  8
AM_9
100
AcDbLine
 10
0.6540000000000041
 20
20.25
 30
0.0
 11
0.6540000000000041
 21
7.140000000000001
 31
0.0
  0
LINE
  5
A8
330
1F
100
AcDbEntity
  8
AM_9
100
AcDbLine
 10
0.6540000000000041
 20
43.89
 30
0.0
 11
0.1080000000000041
 21
43.89
 31
0.0
  0
LINE
  5
A9
330
1F
100
AcDbEntity
  8
AM_9
100
AcDbLine
 10
0.6540000000000041
 20
30.78
 30
0.0
 11
0.1080000000000041
 21
30.78
 31
0.0
  0
LINE
  5
AA
330
1F
100
AcDbEntity
  8
AM_9
100
AcDbLine
 10
0.6540000000000041
 20
43.89
 30
0.0
 11
0.6540000000000041
 21
30.78
 31
0.0
  0
LINE
  5
AB
330
1F
100
AcDbEntity
  8
AM_0
100
AcDbLine
 10
22.14050000000001
 20
0.0000000000000001
 30
0.0
 11
22.14050000000001
 21
-3.289
 31
0.0
  0
LINE
  5
AC
330
1F
100
AcDbEntity
  8
AM_9
100
AcDbLine
 10
22.14050000000001
 20
0.5479999999999997
 30
0.0
 11
22.14050000000001
 21
0.0000000000000001
 31
0.0
  0
LINE
  5
AD
330
1F
100
AcDbEntity
  8
AM_9
100
AcDbLine
 10
22.5155
 20
0.0000000000000001
 30
0.0
 11
22.5155
 21
0.5479999999999997
 31
0.0
  0
LINE
  5
AE
330
1F
100
AcDbEntity
  8
AM_0
100
AcDbLine
 10
22.5155
 20
-3.289
 30
0.0
 11
22.5155
 21
0.0000000000000001
 31
0.0
  0
LINE
  5
AF
330
1F
100
AcDbEntity
  8
AM_0
100
AcDbLine
 10
22.113
 20
-3.317
 30
0.0
 11
22.113
 21
-3.792
 31
0.0
  0
LINE
  5
B0
330
1F
100
AcDbEntity
  8
AM_0
100
AcDbLine
 10
22.54300000000001
 20
-3.792
 30
0.0
 11
22.54300000000001
 21
-3.317
 31
0.0
  0
LINE
  5
B1
330
1F
100
AcDbEntity
  8
AM_0
100
AcDbLine
 10
22.14050000000001
 20
-3.289
 30
0.0
 11
22.11300000000001
 21
-3.317000000000002
 31
0.0
  0
LINE
  5
B2
330
1F
100
AcDbEntity
  8
AM_0
100
AcDbLine
 10
22.543
 20
-3.317000000000002
 30
0.0
 11
22.5155
 21
-3.289
 31
0.0
  0
LINE
  5
B3
330
1F
100
AcDbEntity
  8
AM_0
100
AcDbLine
 10
22.54300000000001
 20
-3.317
 30
0.0
 11
22.113
 21
-3.317
 31
0.0
  0
LINE
  5
B4
330
1F
100
AcDbEntity
  8
AM_0
100
AcDbLine
 10
22.5155
 20
-3.289
 30
0.0
 11
22.14050000000001
 21
-3.289
 31
0.0
  0
LINE
  5
B5
330
1F
100
AcDbEntity
  8
AM_9
100
AcDbLine
 10
45.08558814945107
 20
27.649
 30
0.0
 11
57.57899797972085
 21
27.649
 31
0.0
  0
LINE
  5
B6
330
1F
100
AcDbEntity
  8
AM_9
100
AcDbLine
 10
45.08558814945107
 20
8.018999999999998
 30
0.0
 11
57.57899797972085
 21
8.018999999999998
 31
0.0
  0
LINE
  5
B7
330
1F
100
AcDbEntity
  8
AM_9
100
AcDbLine
 10
45.08558814945107
 20
25.64899999999999
 30
0.0
 11
57.57899797972083
 21
25.64899999999999
 31
0.0
  0
LINE
  5
B8
330
1F
100
AcDbEntity
  8
AM_9
100
AcDbLine
 10
45.08558814945107
 20
45.279
 30
0.0
 11
57.57899797972083
 21
45.279
 31
0.0
  0
LINE
  5
B9
330
1F
100
AcDbEntity
  8
AM_0
100
AcDbLine
 10
22.578
 20
-3.922000000000001
 30
0.0
 11
22.69058330249198
 21
-3.857
 31
0.0
  0
LINE
  5
BA
330
1F
100
AcDbEntity
  8
AM_0
100
AcDbLine
 10
21.96541669750802
 20
-3.857
 30
0.0
 11
22.078
 21
-3.922000000000001
 31
0.0
  0
LINE
  5
BB
330
1F
100
AcDbEntity
  8
AM_0
100
AcDbLine
 10
22.078
 20
-3.792
 30
0.0
 11
21.96541669750802
 21
-3.857000000000002
 31
0.0
  0
LINE
  5
BC
330
1F
100
AcDbEntity
  8
AM_0
100
AcDbLine
 10
22.69058330249198
 20
-3.857000000000002
 30
0.0
 11
22.578
 21
-3.792
 31
0.0
  0
LINE
  5
BD
330
1F
100
AcDbEntity
  8
AM_0
100
AcDbLine
 10
22.69058330249198
 20
-3.857
 30
0.0
 11
21.96541669750802
 21
-3.857
 31
0.0
  0
LINE
  5
BE
330
1F
100
AcDbEntity
  8
AM_0
100
AcDbLine
 10
22.578
 20
-3.792
 30
0.0
 11
22.078
 21
-3.792
 31
0.0
  0
LINE
  5
BF
330
1F
100
AcDbEntity
  8
AM_0
100
AcDbLine
 10
22.663
 20
-3.922
 30
0.0
 11
21.993
 21
-3.922
 31
0.0
  0
ARC
  5
C0
330
1F
100
AcDbEntity
  8
AM_0
100
AcDbCircle
 10
21.99300000000001
 20
-3.962000000000002
 30
0.0
 40
0.0400000000000027
100
AcDbArc
 50
90.0000000000051
 51
179.9999999999968
  0
ARC
  5
C1
330
1F
100
AcDbEntity
  8
AM_0
100
AcDbCircle
 10
22.663
 20
-3.962000000000002
 30
0.0
 40
0.0400000000000027
100
AcDbArc
 50
0.0000000000031806
 51
89.99999999999493
  0
LINE
  5
C2
330
1F
100
AcDbEntity
  8
AM_0
100
AcDbLine
 10
21.95300000000001
 20
-3.962
 30
0.0
 11
21.95300000000001
 21
-4.902000000000001
 31
0.0
  0
LINE
  5
C3
330
1F
100
AcDbEntity
  8
AM_0
100
AcDbLine
 10
22.703
 20
-4.902000000000001
 30
0.0
 11
22.703
 21
-3.962
 31
0.0
  0
LINE
  5
C4
330
1F
100
AcDbEntity
  8
AM_4
100
AcDbLine
 10
22.703
 20
-3.962
 30
0.0
 11
21.95300000000001
 21
-3.962
 31
0.0
  0
LINE
  5
C5
330
1F
100
AcDbEntity
  8
AM_0
100
AcDbLine
 10
22.663
 20
-4.942
 30
0.0
 11
21.993
 21
-4.942
 31
0.0
  0
ARC
  5
C6
330
1F
100
AcDbEntity
  8
AM_0
100
AcDbCircle
 10
21.993
 20
-4.902000000000005
 30
0.0
 40
0.0399999999999956
100
AcDbArc
 50
179.9999999999936
 51
270.0
  0
ARC
  5
C7
330
1F
100
AcDbEntity
  8
AM_0
100
AcDbCircle
 10
22.663
 20
-4.902000000000005
 30
0.0
 40
0.0399999999999947
100
AcDbArc
 50
270.0
 51
0.0000000000063611
  0
LINE
  5
C8
330
1F
100
AcDbEntity
  8
AM_4
100
AcDbLine
 10
22.703
 20
-4.902000000000001
 30
0.0
 11
21.95300000000001
 21
-4.902000000000001
 31
0.0
  0
LINE
  5
C9
330
1F
100
AcDbEntity
  8
AM_9
100
AcDbLine
 10
21.778
 20
0.548
 30
0.0
 11
21.778
 21
0.0
 31
0.0
  0
LINE
  5
CA
330
1F
100
AcDbEntity
  8
AM_9
100
AcDbLine
 10
22.878
 20
0.0
 30
0.0
 11
22.878
 21
0.548
 31
0.0
  0
LINE
  5
CB
330
1F
100
AcDbEntity
  8
AM_9
100
AcDbLine
 10
21.778
 20
0.548
 30
0.0
 11
22.878
 21
0.548
 31
0.0
  0
LINE
  5
CC
330
1F
100
AcDbEntity
  8
AM_9
100
AcDbLine
 10
21.54650000000001
 20
0.143
 30
0.0
 11
21.54650000000001
 21
0.0
 31
0.0
  0
LINE
  5
CD
330
1F
100
AcDbEntity
  8
AM_9
100
AcDbLine
 10
23.1095
 20
0.0
 30
0.0
 11
23.1095
 21
0.143
 31
0.0
  0
LINE
  5
CE
330
1F
100
AcDbEntity
  8
AM_0
100
AcDbLine
 10
20.7805
 20
-3.983000000000002
 30
0.0
 11
19.8355
 21
-3.983000000000002
 31
0.0
  0
ARC
  5
CF
330
1F
100
AcDbEntity
  8
AM_0
100
AcDbCircle
 10
19.8355
 20
-3.893000000000005
 30
0.0
 40
0.0899999999999963
100
AcDbArc
 50
179.9999999999972
 51
270.0000000000023
  0
ARC
  5
D0
330
1F
100
AcDbEntity
  8
AM_0
100
AcDbCircle
 10
20.7805
 20
-3.892999999999994
 30
0.0
 40
0.0900000000000083
100
AcDbArc
 50
270.0000000000045
 51
359.9999999999955
  0
LINE
  5
D1
330
1F
100
AcDbEntity
  8
AM_0
100
AcDbLine
 10
19.7455
 20
-0.2630000000000005
 30
0.0
 11
19.7455
 21
-3.893000000000001
 31
0.0
  0
LINE
  5
D2
330
1F
100
AcDbEntity
  8
AM_0
100
AcDbLine
 10
20.8705
 20
-3.893000000000001
 30
0.0
 11
20.8705
 21
-0.2630000000000005
 31
0.0
  0
LINE
  5
D3
330
1F
100
AcDbEntity
  8
AM_4
100
AcDbLine
 10
20.8705
 20
-3.893000000000001
 30
0.0
 11
19.7455
 21
-3.893000000000001
 31
0.0
  0
LINE
  5
D4
330
1F
100
AcDbEntity
  8
AM_9
100
AcDbLine
 10
31.43535114436198
 20
25.64899999999999
 30
0.0
 11
31.43535114436198
 21
8.018999999999998
 31
0.0
  0
LINE
  5
D5
330
1F
100
AcDbEntity
  8
AM_9
100
AcDbLine
 10
43.13428142352775
 20
8.018999999999998
 30
0.0
 11
43.13428142352775
 21
25.64899999999999
 31
0.0
  0
LINE
  5
D6
330
1F
100
AcDbEntity
  8
AM_9
100
AcDbLine
 10
31.43535114436198
 20
44.89899999999999
 30
0.0
 11
31.43535114436198
 21
27.269
 31
0.0
  0
LINE
  5
D7
330
1F
100
AcDbEntity
  8
AM_9
100
AcDbLine
 10
43.13428142352775
 20
27.269
 30
0.0
 11
43.13428142352775
 21
44.89899999999999
 31
0.0
  0
LINE
  5
D8
330
1F
100
AcDbEntity
  8
AM_0
100
AcDbLine
 10
19.408
 20
0.0
 30
0.0
 11
19.408
 21
-0.2130000000000002
 31
0.0
  0
LINE
  5
D9
330
1F
100
AcDbEntity
  8
AM_9
100
AcDbLine
 10
19.408
 20
0.0510000000000001
 30
0.0
 11
19.408
 21
0.0
 31
0.0
  0
LINE
  5
DA
330
1F
100
AcDbEntity
  8
AM_9
100
AcDbLine
 10
21.208
 20
0.0
 30
0.0
 11
21.208
 21
0.0510000000000001
 31
0.0
  0
LINE
  5
DB
330
1F
100
AcDbEntity
  8
AM_0
100
AcDbLine
 10
21.208
 20
-0.2130000000000002
 30
0.0
 11
21.208
 21
0.0
 31
0.0
  0
LINE
  5
DC
330
1F
100
AcDbEntity
  8
AM_0
100
AcDbLine
 10
21.158
 20
-0.2629999999999993
 30
0.0
 11
19.45800000000001
 21
-0.2629999999999993
 31
0.0
  0
ARC
  5
DD
330
1F
100
AcDbEntity
  8
AM_0
100
AcDbCircle
 10
19.458
 20
-0.2129999999999975
 30
0.0
 40
0.0500000000000007
100
AcDbArc
 50
180.000000000003
 51
270.0000000000041
  0
ARC
  5
DE
330
1F
100
AcDbEntity
  8
AM_0
100
AcDbCircle
 10
21.158
 20
-0.2129999999999975
 30
0.0
 40
0.0500000000000019
100
AcDbArc
 50
269.9999999999959
 51
359.999999999997
  0
LINE
  5
DF
330
1F
100
AcDbEntity
  8
AM_4
100
AcDbLine
 10
21.208
 20
-0.2130000000000002
 30
0.0
 11
19.408
 21
-0.2130000000000002
 31
0.0
  0
LINE
  5
E0
330
1F
100
AcDbEntity
  8
AM_9
100
AcDbLine
 10
19.133
 20
0.1430000000000001
 30
0.0
 11
19.133
 21
0.0510000000000001
 31
0.0
  0
LINE
  5
E1
330
1F
100
AcDbEntity
  8
AM_9
100
AcDbLine
 10
21.483
 20
0.0510000000000001
 30
0.0
 11
21.483
 21
0.1430000000000001
 31
0.0
  0
LINE
  5
E2
330
1F
100
AcDbEntity
  8
AM_9
100
AcDbLine
 10
21.483
 20
0.0510000000000001
 30
0.0
 11
19.133
 21
0.0510000000000001
 31
0.0
  0
LINE
  5
E3
330
1F
100
AcDbEntity
  8
AM_9
100
AcDbLine
 10
19.628
 20
0.143
 30
0.0
 11
19.628
 21
0.0
 31
0.0
  0
LINE
  5
E4
330
1F
100
AcDbEntity
  8
AM_9
100
AcDbLine
 10
18.878
 20
0.143
 30
0.0
 11
24.378
 21
0.143
 31
0.0
  0
LINE
  5
E5
330
1F
100
AcDbEntity
  8
AM_9
100
AcDbLine
 10
18.878
 20
0.143
 30
0.0
 11
18.878
 21
0.0
 31
0.0
  0
LINE
  5
E6
330
1F
100
AcDbEntity
  8
AM_9
100
AcDbLine
 10
1.108000000000004
 20
2.515
 30
0.0
 11
0.1080000000000041
 21
2.515
 31
0.0
  0
LINE
  5
E7
330
1F
100
AcDbEntity
  8
AM_9
100
AcDbLine
 10
0.1080000000000041
 20
1.385
 30
0.0
 11
1.108000000000004
 21
1.385
 31
0.0
  0
LINE
  5
E8
330
1F
100
AcDbEntity
  8
AM_9
100
AcDbLine
 10
1.108000000000004
 20
2.515
 30
0.0
 11
1.108000000000004
 21
1.385
 31
0.0
  0
LINE
  5
E9
330
1F
100
AcDbEntity
  8
AM_9
100
AcDbLine
 10
31.43535114436198
 20
44.89899999999999
 30
0.0
 11
43.92876097463175
 21
44.89899999999999
 31
0.0
  0
LINE
  5
EA
330
1F
100
AcDbEntity
  8
AM_9
100
AcDbLine
 10
31.43535114436198
 20
27.269
 30
0.0
 11
43.92876097463175
 21
27.269
 31
0.0
  0
LINE
  5
EB
330
1F
100
AcDbEntity
  8
AM_9
100
AcDbLine
 10
31.43535114436198
 20
8.018999999999998
 30
0.0
 11
43.92876097463175
 21
8.018999999999998
 31
0.0
  0
LINE
  5
EC
330
1F
100
AcDbEntity
  8
AM_9
100
AcDbLine
 10
31.43535114436198
 20
25.64899999999999
 30
0.0
 11
43.92876097463175
 21
25.64899999999999
 31
0.0
  0
LINE
  5
ED
330
1F
100
AcDbEntity
  8
AM_0
100
AcDbLine
 10
-0.0009999999999963
 20
2.968793538025009
 30
0.0
 11
0.1080000000000047
 21
2.779999999999999
 31
0.0
  0
LINE
  5
EE
330
1F
100
AcDbEntity
  8
AM_0
100
AcDbLine
 10
0.1080000000000047
 20
5.120000000000001
 30
0.0
 11
-0.0009999999999963
 21
4.931206461974992
 31
0.0
  0
LINE
  5
EF
330
1F
100
AcDbEntity
  8
AM_0
100
AcDbLine
 10
-0.0009999999999959
 20
4.931206461974993
 30
0.0
 11
-0.0009999999999959
 21
2.968793538025007
 31
0.0
  0
LINE
  5
F0
330
1F
100
AcDbEntity
  8
AM_9
100
AcDbLine
 10
27.34740810393451
 20
6.469999999999999
 30
0.0
 11
27.34740810393451
 21
0.5399999999999991
 31
0.0
  0
LINE
  5
F1
330
1F
100
AcDbEntity
  8
AM_9
100
AcDbLine
 10
58.0426212126368
 20
0.5399999999999991
 30
0.0
 11
58.0426212126368
 21
6.469999999999999
 31
0.0
  0
LINE
  5
F2
330
1F
100
AcDbEntity
  8
AM_9
100
AcDbLine
 10
14.8755
 20
0.2
 30
0.0
 11
14.8755
 21
0.0
 31
0.0
  0
LINE
  5
F3
330
1F
100
AcDbEntity
  8
AM_9
100
AcDbLine
 10
16.00050000000001
 20
0.0
 30
0.0
 11
16.00050000000001
 21
0.2
 31
0.0
  0
LINE
  5
F4
330
1F
100
AcDbEntity
  8
AM_9
100
AcDbLine
 10
14.8755
 20
0.2
 30
0.0
 11
16.00050000000001
 21
0.2
 31
0.0
  0
LINE
  5
F5
330
1F
100
AcDbEntity
  8
AM_9
100
AcDbLine
 10
28.148
 20
47.54
 30
0.0
 11
60.57675
 21
47.54
 31
0.0
  0
LINE
  5
F6
330
1F
100
AcDbEntity
  8
AM_9
100
AcDbLine
 10
28.148
 20
47.54
 30
0.0
 11
28.148
 21
0.5399999999999991
 31
0.0
  0
LINE
  5
F7
330
1F
100
AcDbEntity
  8
AM_9
100
AcDbLine
 10
57.57899797972085
 20
27.649
 30
0.0
 11
57.57899797972083
 21
45.279
 31
0.0
  0
LINE
  5
F8
330
1F
100
AcDbEntity
  8
AM_9
100
AcDbLine
 10
45.88006770055507
 20
45.279
 30
0.0
 11
45.88006770055505
 21
27.649
 31
0.0
  0
LINE
  5
F9
330
1F
100
AcDbEntity
  8
AM_9
100
AcDbLine
 10
43.92876097463175
 20
8.018999999999998
 30
0.0
 11
43.92876097463175
 21
25.64899999999999
 31
0.0
  0
LINE
  5
FA
330
1F
100
AcDbEntity
  8
AM_9
100
AcDbLine
 10
32.22983069546597
 20
25.64899999999999
 30
0.0
 11
32.22983069546594
 21
8.019000000000002
 31
0.0
  0
LINE
  5
FB
330
1F
100
AcDbEntity
  8
AM_9
100
AcDbLine
 10
43.92876097463175
 20
27.269
 30
0.0
 11
43.92876097463175
 21
44.89899999999999
 31
0.0
  0
LINE
  5
FC
330
1F
100
AcDbEntity
  8
AM_9
100
AcDbLine
 10
32.22983069546597
 20
44.89899999999999
 30
0.0
 11
32.22983069546594
 21
27.269
 31
0.0
  0
LINE
  5
FD
330
1F
100
AcDbEntity
  8
AM_9
100
AcDbLine
 10
57.57899797972085
 20
8.018999999999998
 30
0.0
 11
57.57899797972083
 21
25.64899999999999
 31
0.0
  0
LINE
  5
FE
330
1F
100
AcDbEntity
  8
AM_9
100
AcDbLine
 10
45.88006770055507
 20
25.64899999999999
 30
0.0
 11
45.88006770055505
 21
8.019000000000002
 31
0.0
  0
LINE
  5
FF
330
1F
100
AcDbEntity
  8
AM_9
100
AcDbLine
 10
27.34740810393451
 20
0.5399999999999991
 30
0.0
 11
60.57675
 21
0.539999999999998
 31
0.0
  0
LINE
  5
100
330
1F
100
AcDbEntity
  8
AM_9
100
AcDbLine
 10
27.34740810393451
 20
6.469999999999999
 30
0.0
 11
58.748
 21
6.469999999999999
 31
0.0
  0
LINE
  5
101
330
1F
100
AcDbEntity
  8
AM_9
100
AcDbLine
 10
28.1418876550385
 20
6.469999999999999
 30
0.0
 11
28.14188765503851
 21
0.5399999999999991
 31
0.0
  0
LINE
  5
102
330
1F
100
AcDbEntity
  8
AM_0
100
AcDbLine
 10
24.423
 20
48.08
 30
0.0
 11
24.378
 21
48.08
 31
0.0
  0
LINE
  5
103
330
1F
100
AcDbEntity
  8
AM_0
100
AcDbLine
 10
24.423
 20
48.07
 30
0.0
 11
24.378
 21
48.07
 31
0.0
  0
LINE
  5
104
330
1F
100
AcDbEntity
  8
AM_0
100
AcDbLine
 10
24.378
 20
0.05
 30
0.0
 11
24.423
 21
0.0500000000000216
 31
0.0
  0
LINE
  5
105
330
1F
100
AcDbEntity
  8
AM_0
100
AcDbLine
 10
58.47300000000001
 20
48.08
 30
0.0
 11
58.428
 21
48.08
 31
0.0
  0
LINE
  5
106
330
1F
100
AcDbEntity
  8
AM_0
100
AcDbLine
 10
60.57675
 20
0.0
 30
0.0
 11
60.57675
 21
48.09374999999999
 31
0.0
  0
LINE
  5
107
330
1F
100
AcDbEntity
  8
AM_0
100
AcDbLine
 10
24.423
 20
48.09374999999999
 30
0.0
 11
24.423
 21
0.0
 31
0.0
  0
LINE
  5
108
330
1F
100
AcDbEntity
  8
AM_0
100
AcDbLine
 10
24.423
 20
0.0
 30
0.0
 11
58.428
 21
0.0
 31
0.0
  0
LINE
  5
109
330
1F
100
AcDbEntity
  8
AM_0
100
AcDbLine
 10
58.428
 20
0.0
 30
0.0
 11
58.428
 21
0.05
 31
0.0
  0
LINE
  5
10A
330
1F
100
AcDbEntity
  8
AM_0
100
AcDbLine
 10
58.47300000000001
 20
0.05
 30
0.0
 11
58.428
 21
0.05
 31
0.0
  0
LINE
  5
10B
330
1F
100
AcDbEntity
  8
AM_0
100
AcDbLine
 10
58.47300000000001
 20
0.05
 30
0.0
 11
58.47300000000001
 21
0.0
 31
0.0
  0
LINE
  5
10C
330
1F
100
AcDbEntity
  8
AM_0
100
AcDbLine
 10
58.47300000000001
 20
0.0
 30
0.0
 11
60.57675
 21
0.0
 31
0.0
  0
LINE
  5
10D
330
1F
100
AcDbEntity
  8
AM_0
100
AcDbLine
 10
58.47300000000001
 20
48.07
 30
0.0
 11
58.47300000000001
 21
48.08
 31
0.0
  0
LINE
  5
10E
330
1F
100
AcDbEntity
  8
AM_0
100
AcDbLine
 10
58.47300000000001
 20
48.07
 30
0.0
 11
58.428
 21
48.07
 31
0.0
  0
LINE
  5
10F
330
1F
100
AcDbEntity
  8
AM_0
100
AcDbLine
 10
58.428
 20
48.08
 30
0.0
 11
58.428
 21
48.07
 31
0.0
  0
LINE
  5
110
330
1F
100
AcDbEntity
  8
AM_0
100
AcDbLine
 10
24.378
 20
0.0
 30
0.0
 11
24.378
 21
48.09374999999999
 31
0.0
  0
LINE
  5
111
330
1F
100
AcDbEntity
  8
AM_0
100
AcDbLine
 10
60.57675
 20
48.09374999999999
 30
0.0
 11
0.1080000000000041
 21
48.09374999999999
 31
0.0
  0
LINE
  5
112
330
1F
100
AcDbEntity
  8
AM_0
100
AcDbLine
 10
0.1080000000000041
 20
48.09374999999999
 30
0.0
 11
0.1080000000000041
 21
0.0
 31
0.0
  0
LINE
  5
113
330
1F
100
AcDbEntity
  8
AM_0
100
AcDbLine
 10
0.1080000000000041
 20
0.0
 30
0.0
 11
2.233000000000004
 21
0.0
 31
0.0
  0
LINE
  5
114
330
1F
100
AcDbEntity
  8
AM_0
100
AcDbLine
 10
2.233000000000004
 20
0.0
 30
0.0
 11
2.233000000000004
 21
0.05
 31
0.0
  0
LINE
  5
115
330
1F
100
AcDbEntity
  8
AM_0
100
AcDbLine
 10
2.278000000000002
 20
0.05
 30
0.0
 11
2.233000000000004
 21
0.05
 31
0.0
  0
LINE
  5
116
330
1F
100
AcDbEntity
  8
AM_0
100
AcDbLine
 10
2.278000000000002
 20
0.05
 30
0.0
 11
2.278000000000002
 21
0.0
 31
0.0
  0
LINE
  5
117
330
1F
100
AcDbEntity
  8
AM_0
100
AcDbLine
 10
2.278000000000002
 20
0.0
 30
0.0
 11
24.378
 21
0.0
 31
0.0
  0
LINE
  5
118
330
1F
100
AcDbEntity
  8
AM_0
100
AcDbLine
 10
2.278000000000002
 20
48.07
 30
0.0
 11
2.278000000000002
 21
48.08
 31
0.0
  0
LINE
  5
119
330
1F
100
AcDbEntity
  8
AM_0
100
AcDbLine
 10
2.278000000000002
 20
48.07
 30
0.0
 11
2.233000000000004
 21
48.07
 31
0.0
  0
LINE
  5
11A
330
1F
100
AcDbEntity
  8
AM_0
100
AcDbLine
 10
2.233000000000004
 20
48.08
 30
0.0
 11
2.233000000000004
 21
48.07
 31
0.0
  0
LINE
  5
11B
330
1F
100
AcDbEntity
  8
AM_0
100
AcDbLine
 10
2.278000000000002
 20
48.08
 30
0.0
 11
2.233000000000004
 21
48.08
 31
0.0
  0
LINE
  5
11E
330
1F
100
AcDbEntity
  8
AM_7
100
AcDbLine
 10
20.308
 20
0.3493000000000013
 30
0.0
 11
20.308
 21
-4.1893
 31
0.0
  0
LINE
  5
11F
330
1F
100
AcDbEntity
  8
AM_7
100
AcDbLine
 10
22.328
 20
0.8225000000000009
 30
0.0
 11
22.328
 21
-5.216499999999998
 31
0.0
  0
LINE
  5
120
330
1F
100
AcDbEntity
  8
AM_7
100
AcDbLine
 10
15.43800000000001
 20
-0.0099999999999986
 30
0.0
 11
15.43800000000001
 21
0.2100000000000014
 31
0.0
  0
LINE
  5
121
330
1F
100
AcDbEntity
  8
AM_7
100
AcDbLine
 10
59.27800000000001
 20
-0.0249999999999999
 30
0.0
 11
59.27800000000001
 21
0.5250000000000001
 31
0.0
  0
LINE
  5
122
330
1F
100
AcDbEntity
  8
AM_7
100
AcDbLine
 10
0.0580000000000041
 20
1.950000000000001
 30
0.0
 11
1.158000000000004
 21
1.950000000000001
 31
0.0
  0
LINE
  5
123
330
1F
100
AcDbEntity
  8
AM_7
100
AcDbLine
 10
0.1134500000000041
 20
3.950000000000002
 30
0.0
 11
-0.0064499999999959
 21
3.950000000000002
 31
0.0
  0
DIMENSION
  5
125
330
1F
100
AcDbEntity
  8
AM_5
100
AcDbDimension
280
     0
  2
*D1
 10
60.57675
 20
-9.941999912261963
 30
0.0
 11
30.342375
 21
-9.941999912261963
 31
0.0
 70
   160
  1
60.47 in
 71
     5
 42
60.46875
 73
     0
 74
     0
 75
     0
  3
Standard
100
AcDbAlignedDimension
 13
0.1080000000000041
 23
24.046875
 33
0.0
 14
60.57675
 24
24.046875
 34
0.0
100
AcDbRotatedDimension
1001
ACAD
1000
DSTYLE
1002
{
1070
   147
1040
0.6
1070
    42
1040
0.0
1070
    44
1040
0.0
1070
    41
1040
2.0
1070
   140
1040
2.0
1002
}
  0
DIMENSION
  5
134
330
1F
100
AcDbEntity
  8
AM_5
100
AcDbDimension
280
     0
  2
*D2
 10
-5.001000000047497
 20
48.09375
 30
0.0
 11
-5.001000000047497
 21
24.046875
 31
0.0
 70
   160
  1
48.09 in
 71
     5
 42
48.09375
 73
     0
 74
     0
 75
     0
 53
90.0
  3
Standard
100
AcDbAlignedDimension
 13
30.342375
 23
0.0
 33
0.0
 14
30.342375
 24
48.09375
 34
0.0
 50
90.0
100
AcDbRotatedDimension
1001
ACAD
1000
DSTYLE
1002
{
1070
   147
1040
0.6
1070
    42
1040
0.0
1070
    44
1040
0.0
1070
    41
1040
2.0
1070
   140
1040
2.0
1002
}
  0
POINT
  5
143
330
1F
100
AcDbEntity
  8
2d ConnectionPoints
100
AcDbPoint
 10
30.343
 20
24.045
 30
0.0
  0
POINT
  5
144
330
1F
100
AcDbEntity
  8
2d ConnectionPoints
100
AcDbPoint
 10
30.343
 20
48.09
 30
0.0
  0
POINT
  5
145
330
1F
100
AcDbEntity
  8
2d ConnectionPoints
100
AcDbPoint
 10
30.343
 20
0.0000000000000007
 30
0.0
  0
POINT
  5
146
330
1F
100
AcDbEntity
  8
2d ConnectionPoints
100
AcDbPoint
 10
0.1080000000000041
 20
24.045
 30
0.0
  0
POINT
  5
147
330
1F
100
AcDbEntity
  8
2d ConnectionPoints
100
AcDbPoint
 10
60.578
 20
24.045
 30
0.0
  0
POINT
  5
148
330
1F
100
AcDbEntity
  8
2d ConnectionPoints
100
AcDbPoint
 10
30.343
 20
24.045
 30
0.0
  0
POINT
  5
149
330
1F
100
AcDbEntity
  8
2d ConnectionPoints
100
AcDbPoint
 10
59.27800000000001
 20
0.0000000000000001
 30
0.0
  0
POINT
  5
14A
330
1F
100
AcDbEntity
  8
2d ConnectionPoints
100
AcDbPoint
 10
30.343
 20
24.045
 30
0.0
  0
POINT
  5
14B
330
1F
100
AcDbEntity
  8
2d ConnectionPoints
100
AcDbPoint
 10
60.578
 20
24.045
 30
0.0
  0
POINT
  5
14C
330
1F
100
AcDbEntity
  8
2d ConnectionPoints
100
AcDbPoint
 10
45.4605
 20
24.045
 30
0.0
  0
POINT
  5
14D
330
1F
100
AcDbEntity
  8
2d ConnectionPoints
100
AcDbPoint
 10
22.328
 20
0.0000000000000009
 30
0.0
  0
POINT
  5
14E
330
1F
100
AcDbEntity
  8
2d ConnectionPoints
100
AcDbPoint
 10
22.328
 20
0.0000000000000007
 30
0.0
  0
POINT
  5
14F
330
1F
100
AcDbEntity
  8
2d ConnectionPoints
100
AcDbPoint
 10
20.308
 20
0.0000000000000012
 30
0.0
  0
POINT
  5
150
330
1F
100
AcDbEntity
  8
2d ConnectionPoints
100
AcDbPoint
 10
20.308
 20
0.0000000000000008
 30
0.0
  0
POINT
  5
151
330
1F
100
AcDbEntity
  8
2d ConnectionPoints
100
AcDbPoint
 10
0.0
 20
25.515
 30
0.0
  0
ENDSEC
  0
SECTION
  2
OBJECTS
  0
DICTIONARY
  5
C
330
0
100
AcDbDictionary
281
     1
  3
ACAD_DETAILVIEWSTYLE
350
159
  3
ACAD_GROUP
350
D
  3
ACAD_LAYOUT
350
1A
  3
ACAD_MATERIAL
350
43
  3
ACAD_MLEADERSTYLE
350
5B
  3
ACAD_MLINESTYLE
350
17
  3
ACAD_PLOTSETTINGS
350
19
  3
ACAD_PLOTSTYLENAME
350
E
  3
ACAD_SCALELIST
350
47
  3
ACAD_SECTIONVIEWSTYLE
350
15A
  3
ACAD_TABLESTYLE
350
59
  3
ACAD_VISUALSTYLE
350
2A
  3
ACDB_RECOMPOSE_DATA
350
156
  3
AcDbVariableDictionary
350
152
  0
SUN
  5
5D
330
29
100
AcDbSun
 90
        1
290
     0
 63
     7
421
 16777215
 40
1.0
291
     1
 91
  2455826
 92
 54000000
292
     0
 70
     2
 71
   256
280
     1
  0
DICTIONARY
  5
159
102
{ACAD_REACTORS
330
C
102
}
330
C
100
AcDbDictionary
281
     1
  0
DICTIONARY
  5
D
102
{ACAD_REACTORS
330
C
102
}
330
C
100
AcDbDictionary
281
     1
  0
DICTIONARY
  5
1A
102
{ACAD_REACTORS
330
C
102
}
330
C
100
AcDbDictionary
281
     1
  3
Layout1
350
1E
  3
Layout2
350
26
  3
Model
350
22
  0
DICTIONARY
  5
43
102
{ACAD_REACTORS
330
C
102
}
330
C
100
AcDbDictionary
281
     1
  3
ByBlock
350
45
  3
ByLayer
350
44
  3
Global
350
46
  0
DICTIONARY
  5
5B
102
{ACAD_REACTORS
330
C
102
}
330
C
100
AcDbDictionary
281
     1
  3
Standard
350
5C
  0
DICTIONARY
  5
17
102
{ACAD_REACTORS
330
C
102
}
330
C
100
AcDbDictionary
281
     1
  3
Standard
350
18
  0
DICTIONARY
  5
19
102
{ACAD_REACTORS
330
C
102
}
330
C
100
AcDbDictionary
281
     1
  0
ACDBDICTIONARYWDFLT
  5
E
102
{ACAD_REACTORS
330
C
102
}
330
C
100
AcDbDictionary
281
     1
  3
Normal
350
F
100
AcDbDictionaryWithDefault
340
F
  0
DICTIONARY
  5
47
102
{ACAD_REACTORS
330
C
102
}
330
C
100
AcDbDictionary
281
     1
  3
A0
350
48
  3
A1
350
49
  3
A2
350
4A
  3
A3
350
4B
  3
A4
350
4C
  3
A5
350
4D
  3
A6
350
4E
  3
A7
350
4F
  3
A8
350
50
  3
A9
350
51
  3
B1
350
52
  3
B2
350
53
  3
B3
350
54
  3
B4
350
55
  3
B5
350
56
  3
B6
350
57
  3
B7
350
58
  0
DICTIONARY
  5
15A
102
{ACAD_REACTORS
330
C
102
}
330
C
100
AcDbDictionary
281
     1
  0
DICTIONARY
  5
59
102
{ACAD_REACTORS
330
C
102
}
330
C
100
AcDbDictionary
281
     1
  3
Standard
350
5A
  0
DICTIONARY
  5
2A
102
{ACAD_REACTORS
330
C
102
}
330
C
100
AcDbDictionary
281
     1
  3
2dWireframe
350
2F
  3
Basic
350
32
  3
Brighten
350
36
  3
ColorChange
350
3A
  3
Conceptual
350
34
  3
Dim
350
35
  3
EdgeColorOff
350
3D
  3
Facepattern
350
39
  3
Flat
350
2B
  3
FlatWithEdges
350
2C
  3
Gouraud
350
2D
  3
GouraudWithEdges
350
2E
  3
Hidden
350
31
  3
JitterOff
350
3B
  3
Linepattern
350
38
  3
OverhangOff
350
3C
  3
Realistic
350
33
  3
Shaded
350
42
  3
Shaded with edges
350
41
  3
Shades of Gray
350
3E
  3
Sketchy
350
3F
  3
Thicken
350
37
  3
Wireframe
350
30
  3
X-Ray
350
40
  0
XRECORD
  5
156
102
{ACAD_REACTORS
330
C
102
}
330
C
100
AcDbXrecord
280
     1
 90
        1
330
5A
  0
DICTIONARY
  5
152
102
{ACAD_REACTORS
330
C
102
}
330
C
100
AcDbDictionary
281
     1
  3
CANNOSCALE
350
153
  3
CMLEADERSTYLE
350
158
  3
CTABLESTYLE
350
157
  0
LAYOUT
  5
1E
102
{ACAD_REACTORS
330
1A
102
}
330
1A
100
AcDbPlotSettings
  1

  2
none_device
  4

  6

 40
0.0
 41
0.0
 42
0.0
 43
0.0
 44
0.0
 45
0.0
 46
0.0
 47
0.0
 48
0.0
 49
0.0
140
0.0
141
0.0
142
1.0
143
1.0
 70
   688
 72
     0
 73
     0
 74
     5
  7

 75
    16
 76
     0
 77
     2
 78
   300
147
1.0
148
0.0
149
0.0
100
AcDbLayout
  1
Layout1
 70
     1
 71
     1
 10
0.0
 20
0.0
 11
12.0
 21
9.0
 12
0.0
 22
0.0
 32
0.0
 14
1.000000000000000E+20
 24
1.000000000000000E+20
 34
1.000000000000000E+20
 15
-1.000000000000000E+20
 25
-1.000000000000000E+20
 35
-1.000000000000000E+20
146
0.0
 13
0.0
 23
0.0
 33
0.0
 16
1.0
 26
0.0
 36
0.0
 17
0.0
 27
1.0
 37
0.0
 76
     0
330
1B
  0
LAYOUT
  5
26
102
{ACAD_REACTORS
330
1A
102
}
330
1A
100
AcDbPlotSettings
  1

  2
none_device
  4

  6

 40
0.0
 41
0.0
 42
0.0
 43
0.0
 44
0.0
 45
0.0
 46
0.0
 47
0.0
 48
0.0
 49
0.0
140
0.0
141
0.0
142
1.0
143
1.0
 70
   688
 72
     0
 73
     0
 74
     5
  7

 75
    16
 76
     0
 77
     2
 78
   300
147
1.0
148
0.0
149
0.0
100
AcDbLayout
  1
Layout2
 70
     1
 71
     2
 10
0.0
 20
0.0
 11
0.0
 21
0.0
 12
0.0
 22
0.0
 32
0.0
 14
0.0
 24
0.0
 34
0.0
 15
0.0
 25
0.0
 35
0.0
146
0.0
 13
0.0
 23
0.0
 33
0.0
 16
1.0
 26
0.0
 36
0.0
 17
0.0
 27
1.0
 37
0.0
 76
     0
330
23
  0
LAYOUT
  5
22
102
{ACAD_REACTORS
330
1A
102
}
330
1A
100
AcDbPlotSettings
  1

  2
none_device
  4
Letter_(8.50_x_11.00_Inches)
  6

 40
6.35
 41
6.35
 42
6.35000508
 43
6.35000508
 44
215.9
 45
279.4
 46
0.0
 47
0.0
 48
0.0
 49
0.0
140
0.0
141
0.0
142
1.0
143
1.0
 70
  1712
 72
     0
 73
     0
 74
     0
  7

 75
     0
 76
     0
 77
     2
 78
   300
147
1.0
148
0.0
149
0.0
100
AcDbLayout
  1
Model
 70
     1
 71
     0
 10
0.0
 20
0.0
 11
12.0
 21
9.0
 12
0.0
 22
0.0
 32
0.0
 14
-6.077610169539019
 24
-10.95216940378739
 34
0.0
 15
69.83200423728813
 25
48.59917372881355
 35
0.0
146
0.0
 13
0.0
 23
0.0
 33
0.0
 16
1.0
 26
0.0
 36
0.0
 17
0.0
 27
1.0
 37
0.0
 76
     0
330
1F
331
29
  0
MATERIAL
  5
45
102
{ACAD_REACTORS
330
43
102
}
330
43
100
AcDbMaterial
  1
ByBlock
 72
     1
 94
      127
  0
MATERIAL
  5
44
102
{ACAD_REACTORS
330
43
102
}
330
43
100
AcDbMaterial
  1
ByLayer
 72
     1
 94
      127
  0
MATERIAL
  5
46
102
{ACAD_REACTORS
330
43
102
}
330
43
100
AcDbMaterial
  1
Global
 72
     1
 94
      127
  0
MLEADERSTYLE
  5
5C
102
{ACAD_REACTORS
330
5B
102
}
330
5B
100
AcDbMLeaderStyle
179
     2
170
     2
171
     1
172
     0
 90
        2
 40
0.0
 41
0.0
173
     1
 91
-1056964608
340
14
 92
       -2
290
     1
 42
0.09
291
     1
 43
0.36
  3
Standard
341
0
 44
0.18
300

342
11
174
     1
178
     6
175
     1
176
     0
 93
-1056964608
 45
0.18
292
     0
297
     0
 46
0.18
343
0
 94
-1056964608
 47
1.0
 49
1.0
140
1.0
293
     1
141
0.0
294
     1
177
     0
142
1.0
295
     0
296
     0
143
0.125
271
     0
272
     9
273
     9
298
     0
  0
MLINESTYLE
  5
18
102
{ACAD_REACTORS
330
17
102
}
330
17
100
AcDbMlineStyle
  2
Standard
 70
     0
  3

 62
   256
 51
90.0
 52
90.0
 71
     2
 49
0.5
 62
   256
  6
BYLAYER
 49
-0.5
 62
   256
  6
BYLAYER
  0
ACDBPLACEHOLDER
  5
F
102
{ACAD_REACTORS
330
E
102
}
330
E
  0
SCALE
  5
48
102
{ACAD_REACTORS
330
47
102
}
330
47
100
AcDbScale
 70
     0
300
1:1
140
1.0
141
1.0
290
     1
  0
SCALE
  5
49
102
{ACAD_REACTORS
330
47
102
}
330
47
100
AcDbScale
 70
     0
300
1/128" = 1'-0"
140
0.0078125
141
12.0
290
     0
  0
SCALE
  5
4A
102
{ACAD_REACTORS
330
47
102
}
330
47
100
AcDbScale
 70
     0
300
1/64" = 1'-0"
140
0.015625
141
12.0
290
     0
  0
SCALE
  5
4B
102
{ACAD_REACTORS
330
47
102
}
330
47
100
AcDbScale
 70
     0
300
1/32" = 1'-0"
140
0.03125
141
12.0
290
     0
  0
SCALE
  5
4C
102
{ACAD_REACTORS
330
47
102
}
330
47
100
AcDbScale
 70
     0
300
1/16" = 1'-0"
140
0.0625
141
12.0
290
     0
  0
SCALE
  5
4D
102
{ACAD_REACTORS
330
47
102
}
330
47
100
AcDbScale
 70
     0
300
3/32" = 1'-0"
140
0.09375
141
12.0
290
     0
  0
SCALE
  5
4E
102
{ACAD_REACTORS
330
47
102
}
330
47
100
AcDbScale
 70
     0
300
1/8" = 1'-0"
140
0.125
141
12.0
290
     0
  0
SCALE
  5
4F
102
{ACAD_REACTORS
330
47
102
}
330
47
100
AcDbScale
 70
     0
300
3/16" = 1'-0"
140
0.1875
141
12.0
290
     0
  0
SCALE
  5
50
102
{ACAD_REACTORS
330
47
102
}
330
47
100
AcDbScale
 70
     0
300
1/4" = 1'-0"
140
0.25
141
12.0
290
     0
  0
SCALE
  5
51
102
{ACAD_REACTORS
330
47
102
}
330
47
100
AcDbScale
 70
     0
300
3/8" = 1'-0"
140
0.375
141
12.0
290
     0
  0
SCALE
  5
52
102
{ACAD_REACTORS
330
47
102
}
330
47
100
AcDbScale
 70
     0
300
1/2" = 1'-0"
140
0.5
141
12.0
290
     0
  0
SCALE
  5
53
102
{ACAD_REACTORS
330
47
102
}
330
47
100
AcDbScale
 70
     0
300
3/4" = 1'-0"
140
0.75
141
12.0
290
     0
  0
SCALE
  5
54
102
{ACAD_REACTORS
330
47
102
}
330
47
100
AcDbScale
 70
     0
300
1" = 1'-0"
140
1.0
141
12.0
290
     0
  0
SCALE
  5
55
102
{ACAD_REACTORS
330
47
102
}
330
47
100
AcDbScale
 70
     0
300
1-1/2" = 1'-0"
140
1.5
141
12.0
290
     0
  0
SCALE
  5
56
102
{ACAD_REACTORS
330
47
102
}
330
47
100
AcDbScale
 70
     0
300
3" = 1'-0"
140
3.0
141
12.0
290
     0
  0
SCALE
  5
57
102
{ACAD_REACTORS
330
47
102
}
330
47
100
AcDbScale
 70
     0
300
6" = 1'-0"
140
6.0
141
12.0
290
     0
  0
SCALE
  5
58
102
{ACAD_REACTORS
330
47
102
}
330
47
100
AcDbScale
 70
     0
300
1'-0" = 1'-0"
140
12.0
141
12.0
290
     0
  0
TABLESTYLE
  5
5A
102
{ACAD_REACTORS
330
59
102
}
102
{ACAD_XDICTIONARY
360
154
102
}
330
59
100
AcDbTableStyle
  3
Standard
 70
     0
 71
     0
 40
0.06
 41
0.06
280
     0
281
     0
  7
Standard
140
0.18
170
     2
 62
     0
 63
   257
283
     0
 90
        4
 91
        0
  1

274
    -2
284
     1
 64
     0
275
    -2
285
     1
 65
     0
276
    -2
286
     1
 66
     0
277
    -2
287
     1
 67
     0
278
    -2
288
     1
 68
     0
279
    -2
289
     1
 69
     0
  7
Standard
140
0.25
170
     5
 62
     0
 63
   257
283
     0
 90
        4
 91
        0
  1

274
    -2
284
     1
 64
     0
275
    -2
285
     1
 65
     0
276
    -2
286
     1
 66
     0
277
    -2
287
     1
 67
     0
278
    -2
288
     1
 68
     0
279
    -2
289
     1
 69
     0
  7
Standard
140
0.18
170
     5
 62
     0
 63
   257
283
     0
 90
        4
 91
        0
  1

274
    -2
284
     1
 64
     0
275
    -2
285
     1
 65
     0
276
    -2
286
     1
 66
     0
277
    -2
287
     1
 67
     0
278
    -2
288
     1
 68
     0
279
    -2
289
     1
 69
     0
  0
VISUALSTYLE
  5
2F
102
{ACAD_REACTORS
330
2A
102
}
330
2A
100
AcDbVisualStyle
  2
2dWireframe
 70
     4
177
     3
291
     0
 70
    58
 90
        0
176
     1
 90
        2
176
     1
 90
        0
176
     1
 90
        0
176
     1
 40
0.6
176
     1
 40
30.0
176
     1
 62
     7
420
 16777215
176
     1
 90
        1
176
     1
 90
        4
176
     1
 62
     7
176
     1
 62
   257
176
     1
 90
        1
176
     1
 90
        1
176
     1
 40
1.0
176
     1
 90
        0
176
     1
 62
   257
176
     1
 40
1.0
176
     1
 90
        1
176
     1
 90
        6
176
     1
 90
        2
176
     1
 62
     7
176
     1
 90
        5
176
     1
 90
        0
176
     1
 90
        0
176
     1
290
     0
176
     1
 90
        1
176
     1
 40
0.0
176
     1
 90
        0
176
     1
290
     1
176
     1
290
     1
176
     1
290
     0
176
     1
290
     0
176
     1
290
     0
176
     1
290
     0
176
     1
290
     0
176
     1
290
     0
176
     1
290
     0
176
     1
 90
       50
176
     1
 40
0.0
176
     1
 40
1.0
176
     1
 90
        0
176
     1
 62
    18
420
        0
176
     1
 90
       50
176
     1
 90
        3
176
     1
 62
     5
420
      255
176
     1
290
     0
176
     1
 90
       50
176
     1
 90
       50
176
     1
 90
       50
176
     1
290
     0
176
     1
 90
       50
176
     1
 62
   256
176
     0
 40
1.0
176
     0
 90
        2
176
     1
  1
strokes_ogs.tif
176
     1
290
     0
176
     1
 40
1.0
176
     1
 40
1.0
176
     1
  0
VISUALSTYLE
  5
32
102
{ACAD_REACTORS
330
2A
102
}
330
2A
100
AcDbVisualStyle
  2
Basic
 70
     7
177
     3
291
     1
 70
    58
 90
        1
176
     1
 90
        0
176
     1
 90
        1
176
     1
 90
        0
176
     1
 40
0.6
176
     1
 40
30.0
176
     1
 62
     7
420
 16777215
176
     1
 90
        0
176
     1
 90
        4
176
     1
 62
     7
176
     1
 62
   257
176
     1
 90
        1
176
     1
 90
        1
176
     1
 40
1.0
176
     1
 90
        8
176
     1
 62
     7
176
     1
 40
1.0
176
     1
 90
        1
176
     1
 90
        6
176
     1
 90
        2
176
     1
 62
     7
176
     1
 90
        5
176
     1
 90
        0
176
     1
 90
        0
176
     1
290
     0
176
     1
 90
        1
176
     1
 40
0.0
176
     1
 90
        0
176
     1
290
     0
176
     1
290
     1
176
     1
290
     1
176
     1
290
     0
176
     1
290
     0
176
     1
290
     0
176
     1
290
     0
176
     1
290
     0
176
     1
290
     0
176
     1
 90
       50
176
     1
 40
0.0
176
     1
 40
1.0
176
     1
 90
        0
176
     1
 62
    18
420
        0
176
     1
 90
       50
176
     1
 90
        3
176
     1
 62
     5
420
      255
176
     1
290
     0
176
     1
 90
       50
176
     1
 90
       50
176
     1
 90
       50
176
     1
290
     0
176
     1
 90
       50
176
     1
 62
   256
176
     0
 40
1.0
176
     0
 90
        2
176
     1
  1
strokes_ogs.tif
176
     1
290
     0
176
     1
 40
1.0
176
     1
 40
1.0
176
     1
  0
VISUALSTYLE
  5
36
102
{ACAD_REACTORS
330
2A
102
}
330
2A
100
AcDbVisualStyle
  2
Brighten
 70
    12
177
     3
291
     1
 70
    58
 90
        2
176
     1
 90
        2
176
     1
 90
        0
176
     1
 90
        0
176
     1
 40
0.6
176
     1
 40
30.0
176
     1
 62
     7
420
 16777215
176
     1
 90
        1
176
     1
 90
        4
176
     1
 62
     7
176
     1
 62
   257
176
     1
 90
        1
176
     1
 90
        1
176
     1
 40
1.0
176
     1
 90
        8
176
     1
 62
     7
176
     1
 40
1.0
176
     1
 90
        1
176
     1
 90
        6
176
     1
 90
        2
176
     1
 62
     7
176
     1
 90
        5
176
     1
 90
        0
176
     1
 90
        0
176
     1
290
     0
176
     1
 90
        1
176
     1
 40
50.0
176
     1
 90
        0
176
     1
290
     0
176
     1
290
     1
176
     1
290
     1
176
     1
290
     0
176
     1
290
     0
176
     1
290
     0
176
     1
290
     0
176
     1
290
     0
176
     1
290
     0
176
     1
 90
       50
176
     1
 40
0.0
176
     1
 40
1.0
176
     1
 90
        0
176
     1
 62
    18
420
        0
176
     1
 90
       50
176
     1
 90
        3
176
     1
 62
     5
420
      255
176
     1
290
     0
176
     1
 90
       50
176
     1
 90
       50
176
     1
 90
       50
176
     1
290
     0
176
     1
 90
       50
176
     1
 62
   256
176
     0
 40
1.0
176
     0
 90
        2
176
     1
  1
strokes_ogs.tif
176
     1
290
     0
176
     1
 40
1.0
176
     1
 40
1.0
176
     1
  0
VISUALSTYLE
  5
3A
102
{ACAD_REACTORS
330
2A
102
}
330
2A
100
AcDbVisualStyle
  2
ColorChange
 70
    16
177
     3
291
     1
 70
    58
 90
        2
176
     1
 90
        2
176
     1
 90
        3
176
     1
 90
        0
176
     1
 40
0.6
176
     1
 40
30.0
176
     1
 62
     8
420
  8421504
176
     1
 90
        1
176
     1
 90
        4
176
     1
 62
     7
176
     1
 62
   257
176
     1
 90
        1
176
     1
 90
        1
176
     1
 40
1.0
176
     1
 90
        8
176
     1
 62
     8
420
  8421504
176
     1
 40
1.0
176
     1
 90
        1
176
     1
 90
        6
176
     1
 90
        2
176
     1
 62
     7
176
     1
 90
        5
176
     1
 90
        0
176
     1
 90
        0
176
     1
290
     0
176
     1
 90
        1
176
     1
 40
0.0
176
     1
 90
        0
176
     1
290
     0
176
     1
290
     1
176
     1
290
     1
176
     1
290
     0
176
     1
290
     0
176
     1
290
     0
176
     1
290
     0
176
     1
290
     0
176
     1
290
     0
176
     1
 90
       50
176
     1
 40
0.0
176
     1
 40
1.0
176
     1
 90
        0
176
     1
 62
    18
420
        0
176
     1
 90
       50
176
     1
 90
        3
176
     1
 62
     5
420
      255
176
     1
290
     0
176
     1
 90
       50
176
     1
 90
       50
176
     1
 90
       50
176
     1
290
     0
176
     1
 90
       50
176
     1
 62
   256
176
     0
 40
1.0
176
     0
 90
        2
176
     1
  1
strokes_ogs.tif
176
     1
290
     0
176
     1
 40
1.0
176
     1
 40
1.0
176
     1
  0
VISUALSTYLE
  5
34
102
{ACAD_REACTORS
330
2A
102
}
330
2A
100
AcDbVisualStyle
  2
Conceptual
 70
     9
177
     3
291
     0
 70
    58
 90
        3
176
     1
 90
        2
176
     1
 90
        0
176
     1
 90
        0
176
     1
 40
0.6
176
     1
 40
30.0
176
     1
 62
     7
420
 16777215
176
     1
 90
        2
176
     1
 90
        2
176
     1
 62
     7
176
     1
 62
   257
176
     1
 90
        1
176
     1
 90
        1
176
     1
 40
179.0
176
     1
 90
        8
176
     1
 62
     7
176
     1
 40
1.0
176
     1
 90
        1
176
     1
 90
        6
176
     1
 90
        2
176
     1
 62
     7
176
     1
 90
        3
176
     1
 90
        0
176
     1
 90
        0
176
     1
290
     0
176
     1
 90
        1
176
     1
 40
0.0
176
     1
 90
        0
176
     1
290
     0
176
     1
290
     1
176
     1
290
     1
176
     1
290
     0
176
     1
290
     0
176
     1
290
     0
176
     1
290
     0
176
     1
290
     0
176
     1
290
     0
176
     1
 90
       50
176
     1
 40
0.0
176
     1
 40
1.0
176
     1
 90
        0
176
     1
 62
    18
420
        0
176
     1
 90
       50
176
     1
 90
        3
176
     1
 62
     5
420
      255
176
     1
290
     0
176
     1
 90
       50
176
     1
 90
       50
176
     1
 90
       50
176
     1
290
     0
176
     1
 90
       50
176
     1
 62
   256
176
     0
 40
1.0
176
     0
 90
        2
176
     1
  1
strokes_ogs.tif
176
     1
290
     0
176
     1
 40
1.0
176
     1
 40
1.0
176
     1
  0
VISUALSTYLE
  5
35
102
{ACAD_REACTORS
330
2A
102
}
330
2A
100
AcDbVisualStyle
  2
Dim
 70
    11
177
     3
291
     1
 70
    58
 90
        2
176
     1
 90
        2
176
     1
 90
        0
176
     1
 90
        0
176
     1
 40
0.6
176
     1
 40
30.0
176
     1
 62
     7
420
 16777215
176
     1
 90
        1
176
     1
 90
        4
176
     1
 62
     7
176
     1
 62
   257
176
     1
 90
        1
176
     1
 90
        1
176
     1
 40
1.0
176
     1
 90
        8
176
     1
 62
     7
176
     1
 40
1.0
176
     1
 90
        1
176
     1
 90
        6
176
     1
 90
        2
176
     1
 62
     7
176
     1
 90
        5
176
     1
 90
        0
176
     1
 90
        0
176
     1
290
     0
176
     1
 90
        1
176
     1
 40
-50.0
176
     1
 90
        0
176
     1
290
     0
176
     1
290
     1
176
     1
290
     1
176
     1
290
     0
176
     1
290
     0
176
     1
290
     0
176
     1
290
     0
176
     1
290
     0
176
     1
290
     0
176
     1
 90
       50
176
     1
 40
0.0
176
     1
 40
1.0
176
     1
 90
        0
176
     1
 62
    18
420
        0
176
     1
 90
       50
176
     1
 90
        3
176
     1
 62
     5
420
      255
176
     1
290
     0
176
     1
 90
       50
176
     1
 90
       50
176
     1
 90
       50
176
     1
290
     0
176
     1
 90
       50
176
     1
 62
   256
176
     0
 40
1.0
176
     0
 90
        2
176
     1
  1
strokes_ogs.tif
176
     1
290
     0
176
     1
 40
1.0
176
     1
 40
1.0
176
     1
  0
VISUALSTYLE
  5
3D
102
{ACAD_REACTORS
330
2A
102
}
330
2A
100
AcDbVisualStyle
  2
EdgeColorOff
 70
    22
177
     3
291
     1
 70
    58
 90
        2
176
     0
 90
        2
176
     0
 90
        0
176
     0
 90
        0
176
     0
 40
0.6
176
     0
 40
30.0
176
     0
 62
     7
420
 16777215
176
     0
 90
        1
176
     0
 90
        4
176
     0
 62
     7
176
     0
 62
   257
176
     0
 90
        1
176
     0
 90
        1
176
     0
 40
1.0
176
     0
 90
        8
176
     2
 62
     7
176
     0
 40
1.0
176
     0
 90
        1
176
     0
 90
        6
176
     0
 90
        2
176
     0
 62
     7
176
     0
 90
        5
176
     0
 90
        0
176
     0
 90
        0
176
     0
290
     0
176
     0
 90
        1
176
     0
 40
0.0
176
     0
 90
        0
176
     0
290
     0
176
     0
290
     1
176
     0
290
     1
176
     0
290
     0
176
     0
290
     0
176
     0
290
     0
176
     0
290
     0
176
     0
290
     0
176
     0
290
     0
176
     0
 90
       50
176
     0
 40
0.0
176
     0
 40
1.0
176
     0
 90
        0
176
     0
 62
    18
420
        0
176
     0
 90
       50
176
     0
 90
        3
176
     0
 62
     5
420
      255
176
     0
290
     0
176
     0
 90
       50
176
     0
 90
       50
176
     0
 90
       50
176
     0
290
     0
176
     0
 90
       50
176
     0
 62
   256
176
     0
 40
1.0
176
     0
 90
        2
176
     0
  1
strokes_ogs.tif
176
     0
290
     0
176
     0
 40
1.0
176
     0
 40
1.0
176
     0
  0
VISUALSTYLE
  5
39
102
{ACAD_REACTORS
330
2A
102
}
330
2A
100
AcDbVisualStyle
  2
Facepattern
 70
    15
177
     3
291
     1
 70
    58
 90
        2
176
     1
 90
        2
176
     1
 90
        0
176
     1
 90
        0
176
     1
 40
0.6
176
     1
 40
30.0
176
     1
 62
     7
420
 16777215
176
     1
 90
        1
176
     1
 90
        4
176
     1
 62
     7
176
     1
 62
   257
176
     1
 90
        1
176
     1
 90
        1
176
     1
 40
1.0
176
     1
 90
        8
176
     1
 62
     7
176
     1
 40
1.0
176
     1
 90
        1
176
     1
 90
        6
176
     1
 90
        2
176
     1
 62
     7
176
     1
 90
        5
176
     1
 90
        0
176
     1
 90
        0
176
     1
290
     0
176
     1
 90
        1
176
     1
 40
0.0
176
     1
 90
        0
176
     1
290
     0
176
     1
290
     1
176
     1
290
     1
176
     1
290
     0
176
     1
290
     0
176
     1
290
     0
176
     1
290
     0
176
     1
290
     0
176
     1
290
     0
176
     1
 90
       50
176
     1
 40
0.0
176
     1
 40
1.0
176
     1
 90
        0
176
     1
 62
    18
420
        0
176
     1
 90
       50
176
     1
 90
        3
176
     1
 62
     5
420
      255
176
     1
290
     0
176
     1
 90
       50
176
     1
 90
       50
176
     1
 90
       50
176
     1
290
     0
176
     1
 90
       50
176
     1
 62
   256
176
     0
 40
1.0
176
     0
 90
        2
176
     1
  1
strokes_ogs.tif
176
     1
290
     0
176
     1
 40
1.0
176
     1
 40
1.0
176
     1
  0
VISUALSTYLE
  5
2B
102
{ACAD_REACTORS
330
2A
102
}
330
2A
100
AcDbVisualStyle
  2
Flat
 70
     0
177
     3
291
     1
 70
    58
 90
        2
176
     1
 90
        1
176
     1
 90
        1
176
     1
 90
        2
176
     1
 40
0.6
176
     1
 40
30.0
176
     1
 62
     7
420
 16777215
176
     1
 90
        0
176
     1
 90
        0
176
     1
 62
     7
176
     1
 62
   257
176
     1
 90
        1
176
     1
 90
        1
176
     1
 40
1.0
176
     1
 90
        8
176
     1
 62
     7
176
     1
 40
1.0
176
     1
 90
        1
176
     1
 90
        6
176
     1
 90
        2
176
     1
 62
     7
176
     1
 90
        5
176
     1
 90
        0
176
     1
 90
        0
176
     1
290
     0
176
     1
 90
       13
176
     1
 40
0.0
176
     1
 90
        0
176
     1
290
     0
176
     1
290
     1
176
     1
290
     1
176
     1
290
     0
176
     1
290
     0
176
     1
290
     0
176
     1
290
     0
176
     1
290
     0
176
     1
290
     0
176
     1
 90
       50
176
     1
 40
0.0
176
     1
 40
1.0
176
     1
 90
        0
176
     1
 62
    18
420
        0
176
     1
 90
       50
176
     1
 90
        3
176
     1
 62
     5
420
      255
176
     1
290
     0
176
     1
 90
       50
176
     1
 90
       50
176
     1
 90
       50
176
     1
290
     0
176
     1
 90
       50
176
     1
 62
   256
176
     0
 40
1.0
176
     0
 90
        2
176
     1
  1
strokes_ogs.tif
176
     1
290
     0
176
     1
 40
1.0
176
     1
 40
1.0
176
     1
  0
VISUALSTYLE
  5
2C
102
{ACAD_REACTORS
330
2A
102
}
330
2A
100
AcDbVisualStyle
  2
FlatWithEdges
 70
     1
177
     3
291
     1
 70
    58
 90
        2
176
     1
 90
        1
176
     1
 90
        1
176
     1
 90
        2
176
     1
 40
0.6
176
     1
 40
30.0
176
     1
 62
     7
420
 16777215
176
     1
 90
        1
176
     1
 90
        0
176
     1
 62
     7
176
     1
 62
   257
176
     1
 90
        1
176
     1
 90
        1
176
     1
 40
1.0
176
     1
 90
        0
176
     1
 62
   257
176
     1
 40
1.0
176
     1
 90
        1
176
     1
 90
        6
176
     1
 90
        2
176
     1
 62
     7
176
     1
 90
        5
176
     1
 90
        0
176
     1
 90
        0
176
     1
290
     0
176
     1
 90
       13
176
     1
 40
0.0
176
     1
 90
        0
176
     1
290
     0
176
     1
290
     1
176
     1
290
     1
176
     1
290
     0
176
     1
290
     0
176
     1
290
     0
176
     1
290
     0
176
     1
290
     0
176
     1
290
     0
176
     1
 90
       50
176
     1
 40
0.0
176
     1
 40
1.0
176
     1
 90
        0
176
     1
 62
    18
420
        0
176
     1
 90
       50
176
     1
 90
        3
176
     1
 62
     5
420
      255
176
     1
290
     0
176
     1
 90
       50
176
     1
 90
       50
176
     1
 90
       50
176
     1
290
     0
176
     1
 90
       50
176
     1
 62
   256
176
     0
 40
1.0
176
     0
 90
        2
176
     1
  1
strokes_ogs.tif
176
     1
290
     0
176
     1
 40
1.0
176
     1
 40
1.0
176
     1
  0
VISUALSTYLE
  5
2D
102
{ACAD_REACTORS
330
2A
102
}
330
2A
100
AcDbVisualStyle
  2
Gouraud
 70
     2
177
     3
291
     1
 70
    58
 90
        2
176
     1
 90
        2
176
     1
 90
        1
176
     1
 90
        2
176
     1
 40
0.6
176
     1
 40
30.0
176
     1
 62
     7
420
 16777215
176
     1
 90
        0
176
     1
 90
        0
176
     1
 62
     7
176
     1
 62
   257
176
     1
 90
        1
176
     1
 90
        1
176
     1
 40
1.0
176
     1
 90
        0
176
     1
 62
     7
176
     1
 40
1.0
176
     1
 90
        1
176
     1
 90
        6
176
     1
 90
        2
176
     1
 62
     7
176
     1
 90
        5
176
     1
 90
        0
176
     1
 90
        0
176
     1
290
     0
176
     1
 90
       13
176
     1
 40
0.0
176
     1
 90
        0
176
     1
290
     0
176
     1
290
     1
176
     1
290
     1
176
     1
290
     0
176
     1
290
     0
176
     1
290
     0
176
     1
290
     0
176
     1
290
     0
176
     1
290
     0
176
     1
 90
       50
176
     1
 40
0.0
176
     1
 40
1.0
176
     1
 90
        0
176
     1
 62
    18
420
        0
176
     1
 90
       50
176
     1
 90
        3
176
     1
 62
     5
420
      255
176
     1
290
     0
176
     1
 90
       50
176
     1
 90
       50
176
     1
 90
       50
176
     1
290
     0
176
     1
 90
       50
176
     1
 62
   256
176
     0
 40
1.0
176
     0
 90
        2
176
     1
  1
strokes_ogs.tif
176
     1
290
     0
176
     1
 40
1.0
176
     1
 40
1.0
176
     1
  0
VISUALSTYLE
  5
2E
102
{ACAD_REACTORS
330
2A
102
}
330
2A
100
AcDbVisualStyle
  2
GouraudWithEdges
 70
     3
177
     3
291
     1
 70
    58
 90
        2
176
     1
 90
        2
176
     1
 90
        1
176
     1
 90
        2
176
     1
 40
0.6
176
     1
 40
30.0
176
     1
 62
     7
420
 16777215
176
     1
 90
        1
176
     1
 90
        0
176
     1
 62
     7
176
     1
 62
   257
176
     1
 90
        1
176
     1
 90
        1
176
     1
 40
1.0
176
     1
 90
        0
176
     1
 62
   257
176
     1
 40
1.0
176
     1
 90
        1
176
     1
 90
        6
176
     1
 90
        2
176
     1
 62
     7
176
     1
 90
        5
176
     1
 90
        0
176
     1
 90
        0
176
     1
290
     0
176
     1
 90
       13
176
     1
 40
0.0
176
     1
 90
        0
176
     1
290
     0
176
     1
290
     1
176
     1
290
     1
176
     1
290
     0
176
     1
290
     0
176
     1
290
     0
176
     1
290
     0
176
     1
290
     0
176
     1
290
     0
176
     1
 90
       50
176
     1
 40
0.0
176
     1
 40
1.0
176
     1
 90
        0
176
     1
 62
    18
420
        0
176
     1
 90
       50
176
     1
 90
        3
176
     1
 62
     5
420
      255
176
     1
290
     0
176
     1
 90
       50
176
     1
 90
       50
176
     1
 90
       50
176
     1
290
     0
176
     1
 90
       50
176
     1
 62
   256
176
     0
 40
1.0
176
     0
 90
        2
176
     1
  1
strokes_ogs.tif
176
     1
290
     0
176
     1
 40
1.0
176
     1
 40
1.0
176
     1
  0
VISUALSTYLE
  5
31
102
{ACAD_REACTORS
330
2A
102
}
330
2A
100
AcDbVisualStyle
  2
Hidden
 70
     6
177
     3
291
     0
 70
    58
 90
        1
176
     1
 90
        2
176
     1
 90
        2
176
     1
 90
        0
176
     1
 40
0.6
176
     1
 40
30.0
176
     1
 62
     7
420
 16777215
176
     1
 90
        2
176
     1
 90
        2
176
     1
 62
     7
176
     1
 62
   257
176
     1
 90
        2
176
     1
 90
        1
176
     1
 40
40.0
176
     1
 90
        0
176
     1
 62
   257
176
     1
 40
1.0
176
     1
 90
        1
176
     1
 90
        6
176
     1
 90
        2
176
     1
 62
     7
176
     1
 90
        3
176
     1
 90
        0
176
     1
 90
        0
176
     1
290
     0
176
     1
 90
        1
176
     1
 40
0.0
176
     1
 90
        0
176
     1
290
     0
176
     1
290
     1
176
     1
290
     1
176
     1
290
     0
176
     1
290
     0
176
     1
290
     0
176
     1
290
     0
176
     1
290
     0
176
     1
290
     0
176
     1
 90
       50
176
     1
 40
0.0
176
     1
 40
1.0
176
     1
 90
        0
176
     1
 62
    18
420
        0
176
     1
 90
       50
176
     1
 90
        3
176
     1
 62
     5
420
      255
176
     1
290
     0
176
     1
 90
       50
176
     1
 90
       50
176
     1
 90
       50
176
     1
290
     0
176
     1
 90
       50
176
     1
 62
   256
176
     0
 40
1.0
176
     0
 90
        2
176
     1
  1
strokes_ogs.tif
176
     1
290
     0
176
     1
 40
1.0
176
     1
 40
1.0
176
     1
  0
VISUALSTYLE
  5
3B
102
{ACAD_REACTORS
330
2A
102
}
330
2A
100
AcDbVisualStyle
  2
JitterOff
 70
    20
177
     3
291
     1
 70
    58
 90
        2
176
     0
 90
        2
176
     0
 90
        0
176
     0
 90
        0
176
     0
 40
0.6
176
     0
 40
30.0
176
     0
 62
     7
420
 16777215
176
     0
 90
        1
176
     0
 90
        4
176
     0
 62
     7
176
     0
 62
   257
176
     0
 90
        1
176
     0
 90
        1
176
     0
 40
1.0
176
     0
 90
       10
176
     2
 62
     7
176
     0
 40
1.0
176
     0
 90
        1
176
     0
 90
        6
176
     0
 90
        2
176
     0
 62
     7
176
     0
 90
        5
176
     0
 90
        0
176
     0
 90
        0
176
     0
290
     0
176
     0
 90
        1
176
     0
 40
0.0
176
     0
 90
        0
176
     0
290
     0
176
     0
290
     1
176
     0
290
     1
176
     0
290
     0
176
     0
290
     0
176
     0
290
     0
176
     0
290
     0
176
     0
290
     0
176
     0
290
     0
176
     0
 90
       50
176
     0
 40
0.0
176
     0
 40
1.0
176
     0
 90
        0
176
     0
 62
    18
420
        0
176
     0
 90
       50
176
     0
 90
        3
176
     0
 62
     5
420
      255
176
     0
290
     0
176
     0
 90
       50
176
     0
 90
       50
176
     0
 90
       50
176
     0
290
     0
176
     0
 90
       50
176
     0
 62
   256
176
     0
 40
1.0
176
     0
 90
        2
176
     0
  1
strokes_ogs.tif
176
     0
290
     0
176
     0
 40
1.0
176
     0
 40
1.0
176
     0
  0
VISUALSTYLE
  5
38
102
{ACAD_REACTORS
330
2A
102
}
330
2A
100
AcDbVisualStyle
  2
Linepattern
 70
    14
177
     3
291
     1
 70
    58
 90
        2
176
     1
 90
        2
176
     1
 90
        0
176
     1
 90
        0
176
     1
 40
0.6
176
     1
 40
30.0
176
     1
 62
     7
420
 16777215
176
     1
 90
        1
176
     1
 90
        4
176
     1
 62
     7
176
     1
 62
   257
176
     1
 90
        7
176
     1
 90
        7
176
     1
 40
1.0
176
     1
 90
        8
176
     1
 62
     7
176
     1
 40
1.0
176
     1
 90
        1
176
     1
 90
        6
176
     1
 90
        2
176
     1
 62
     7
176
     1
 90
        5
176
     1
 90
        0
176
     1
 90
        0
176
     1
290
     0
176
     1
 90
        1
176
     1
 40
0.0
176
     1
 90
        0
176
     1
290
     0
176
     1
290
     1
176
     1
290
     1
176
     1
290
     0
176
     1
290
     0
176
     1
290
     0
176
     1
290
     0
176
     1
290
     0
176
     1
290
     0
176
     1
 90
       50
176
     1
 40
0.0
176
     1
 40
1.0
176
     1
 90
        0
176
     1
 62
    18
420
        0
176
     1
 90
       50
176
     1
 90
        3
176
     1
 62
     5
420
      255
176
     1
290
     0
176
     1
 90
       50
176
     1
 90
       50
176
     1
 90
       50
176
     1
290
     0
176
     1
 90
       50
176
     1
 62
   256
176
     0
 40
1.0
176
     0
 90
        2
176
     1
  1
strokes_ogs.tif
176
     1
290
     0
176
     1
 40
1.0
176
     1
 40
1.0
176
     1
  0
VISUALSTYLE
  5
3C
102
{ACAD_REACTORS
330
2A
102
}
330
2A
100
AcDbVisualStyle
  2
OverhangOff
 70
    21
177
     3
291
     1
 70
    58
 90
        2
176
     0
 90
        2
176
     0
 90
        0
176
     0
 90
        0
176
     0
 40
0.6
176
     0
 40
30.0
176
     0
 62
     7
420
 16777215
176
     0
 90
        1
176
     0
 90
        4
176
     0
 62
     7
176
     0
 62
   257
176
     0
 90
        1
176
     0
 90
        1
176
     0
 40
1.0
176
     0
 90
        9
176
     2
 62
     7
176
     0
 40
1.0
176
     0
 90
        1
176
     0
 90
        6
176
     0
 90
        2
176
     0
 62
     7
176
     0
 90
        5
176
     0
 90
        0
176
     0
 90
        0
176
     0
290
     0
176
     0
 90
        1
176
     0
 40
0.0
176
     0
 90
        0
176
     0
290
     0
176
     0
290
     1
176
     0
290
     1
176
     0
290
     0
176
     0
290
     0
176
     0
290
     0
176
     0
290
     0
176
     0
290
     0
176
     0
290
     0
176
     0
 90
       50
176
     0
 40
0.0
176
     0
 40
1.0
176
     0
 90
        0
176
     0
 62
    18
420
        0
176
     0
 90
       50
176
     0
 90
        3
176
     0
 62
     5
420
      255
176
     0
290
     0
176
     0
 90
       50
176
     0
 90
       50
176
     0
 90
       50
176
     0
290
     0
176
     0
 90
       50
176
     0
 62
   256
176
     0
 40
1.0
176
     0
 90
        2
176
     0
  1
strokes_ogs.tif
176
     0
290
     0
176
     0
 40
1.0
176
     0
 40
1.0
176
     0
  0
VISUALSTYLE
  5
33
102
{ACAD_REACTORS
330
2A
102
}
330
2A
100
AcDbVisualStyle
  2
Realistic
 70
     8
177
     3
291
     0
 70
    58
 90
        2
176
     1
 90
        3
176
     1
 90
        0
176
     1
 90
        2
176
     1
 40
0.6
176
     1
 40
30.0
176
     1
 62
     7
420
 16777215
176
     1
 90
        0
176
     1
 90
        0
176
     1
 62
     7
176
     1
 62
   257
176
     1
 90
        1
176
     1
 90
        1
176
     1
 40
1.0
176
     1
 90
        8
176
     1
 62
   257
176
     1
 40
1.0
176
     1
 90
        1
176
     1
 90
        6
176
     1
 90
        2
176
     1
 62
     7
176
     1
 90
        3
176
     1
 90
        0
176
     1
 90
        0
176
     1
290
     0
176
     1
 90
       13
176
     1
 40
0.0
176
     1
 90
        0
176
     1
290
     0
176
     1
290
     1
176
     1
290
     1
176
     1
290
     0
176
     1
290
     0
176
     1
290
     0
176
     1
290
     0
176
     1
290
     0
176
     1
290
     0
176
     1
 90
       50
176
     1
 40
0.0
176
     1
 40
1.0
176
     1
 90
        0
176
     1
 62
    18
420
        0
176
     1
 90
       50
176
     1
 90
        3
176
     1
 62
     5
420
      255
176
     1
290
     0
176
     1
 90
       50
176
     1
 90
       50
176
     1
 90
       50
176
     1
290
     0
176
     1
 90
       50
176
     1
 62
   256
176
     0
 40
1.0
176
     0
 90
        2
176
     1
  1
strokes_ogs.tif
176
     1
290
     0
176
     1
 40
1.0
176
     1
 40
1.0
176
     1
  0
VISUALSTYLE
  5
42
102
{ACAD_REACTORS
330
2A
102
}
330
2A
100
AcDbVisualStyle
  2
Shaded
 70
    27
177
     3
291
     0
 70
    58
 90
        2
176
     1
 90
        2
176
     1
 90
        1
176
     1
 90
        2
176
     1
 40
0.6
176
     1
 40
30.0
176
     1
 62
     7
420
 16777215
176
     1
 90
        0
176
     1
 90
        4
176
     1
 62
     7
176
     1
 62
   257
176
     1
 90
        1
176
     1
 90
        1
176
     1
 40
1.0
176
     1
 90
        8
176
     1
 62
   257
176
     1
 40
1.0
176
     1
 90
        1
176
     1
 90
        6
176
     1
 90
        2
176
     1
 62
     8
420
  7895160
176
     1
 90
        3
176
     1
 90
        0
176
     1
 90
        0
176
     1
290
     0
176
     1
 90
        5
176
     1
 40
0.0
176
     1
 90
        0
176
     1
290
     0
176
     1
290
     1
176
     1
290
     1
176
     1
290
     0
176
     1
290
     0
176
     1
290
     0
176
     1
290
     0
176
     1
290
     0
176
     1
290
     0
176
     1
 90
       50
176
     1
 40
0.0
176
     1
 40
1.0
176
     1
 90
        0
176
     1
 62
    18
420
        0
176
     1
 90
       50
176
     1
 90
        3
176
     1
 62
     5
420
      255
176
     1
290
     0
176
     1
 90
       50
176
     1
 90
       50
176
     1
 90
       50
176
     1
290
     0
176
     1
 90
       50
176
     1
 62
   256
176
     0
 40
1.0
176
     0
 90
        2
176
     1
  1
strokes_ogs.tif
176
     1
290
     0
176
     1
 40
1.0
176
     1
 40
1.0
176
     1
  0
VISUALSTYLE
  5
41
102
{ACAD_REACTORS
330
2A
102
}
330
2A
100
AcDbVisualStyle
  2
Shaded with edges
 70
    26
177
     3
291
     0
 70
    58
 90
        2
176
     1
 90
        2
176
     1
 90
        1
176
     1
 90
        2
176
     1
 40
0.6
176
     1
 40
30.0
176
     1
 62
     7
420
 16777215
176
     1
 90
        1
176
     1
 90
       10
176
     1
 62
     7
176
     1
 62
   257
176
     1
 90
        2
176
     1
 90
        1
176
     1
 40
1.0
176
     1
 90
        8
176
     1
 62
   257
176
     1
 40
1.0
176
     1
 90
        1
176
     1
 90
        6
176
     1
 90
        2
176
     1
 62
     7
176
     1
 90
        3
176
     1
 90
        0
176
     1
 90
        0
176
     1
290
     0
176
     1
 90
        5
176
     1
 40
0.0
176
     1
 90
        0
176
     1
290
     0
176
     1
290
     1
176
     1
290
     1
176
     1
290
     0
176
     1
290
     0
176
     1
290
     0
176
     1
290
     0
176
     1
290
     0
176
     1
290
     0
176
     1
 90
       50
176
     1
 40
0.0
176
     1
 40
1.0
176
     1
 90
        0
176
     1
 62
    18
420
        0
176
     1
 90
       50
176
     1
 90
        3
176
     1
 62
     5
420
      255
176
     1
290
     0
176
     1
 90
       50
176
     1
 90
       50
176
     1
 90
       50
176
     1
290
     0
176
     1
 90
       50
176
     1
 62
   256
176
     0
 40
1.0
176
     0
 90
        2
176
     1
  1
strokes_ogs.tif
176
     1
290
     0
176
     1
 40
1.0
176
     1
 40
1.0
176
     1
  0
VISUALSTYLE
  5
3E
102
{ACAD_REACTORS
330
2A
102
}
330
2A
100
AcDbVisualStyle
  2
Shades of Gray
 70
    23
177
     3
291
     0
 70
    58
 90
        2
176
     1
 90
        2
176
     1
 90
        3
176
     1
 90
        0
176
     1
 40
0.6
176
     1
 40
30.0
176
     1
 62
     7
420
 16777215
176
     1
 90
        2
176
     1
 90
        2
176
     1
 62
     7
176
     1
 62
     7
176
     1
 90
        1
176
     1
 90
        1
176
     1
 40
40.0
176
     1
 90
        8
176
     1
 62
     7
176
     1
 40
1.0
176
     1
 90
        1
176
     1
 90
        6
176
     1
 90
        2
176
     1
 62
     7
176
     1
 90
        3
176
     1
 90
        0
176
     1
 90
        0
176
     1
290
     0
176
     1
 90
        1
176
     1
 40
0.0
176
     1
 90
        0
176
     1
290
     0
176
     1
290
     1
176
     1
290
     1
176
     1
290
     0
176
     1
290
     0
176
     1
290
     0
176
     1
290
     0
176
     1
290
     0
176
     1
290
     0
176
     1
 90
       50
176
     1
 40
0.0
176
     1
 40
1.0
176
     1
 90
        0
176
     1
 62
    18
420
        0
176
     1
 90
       50
176
     1
 90
        3
176
     1
 62
     5
420
      255
176
     1
290
     0
176
     1
 90
       50
176
     1
 90
       50
176
     1
 90
       50
176
     1
290
     0
176
     1
 90
       50
176
     1
 62
   256
176
     0
 40
1.0
176
     0
 90
        2
176
     1
  1
strokes_ogs.tif
176
     1
290
     0
176
     1
 40
1.0
176
     1
 40
1.0
176
     1
  0
VISUALSTYLE
  5
3F
102
{ACAD_REACTORS
330
2A
102
}
330
2A
100
AcDbVisualStyle
  2
Sketchy
 70
    24
177
     3
291
     0
 70
    58
 90
        1
176
     1
 90
        2
176
     1
 90
        2
176
     1
 90
        0
176
     1
 40
0.6
176
     1
 40
30.0
176
     1
 62
     7
420
 16777215
176
     1
 90
        2
176
     1
 90
        2
176
     1
 62
     7
176
     1
 62
     7
176
     1
 90
        1
176
     1
 90
        1
176
     1
 40
40.0
176
     1
 90
       11
176
     1
 62
     7
176
     1
 40
1.0
176
     1
 90
        1
176
     1
 90
        6
176
     1
 90
        2
176
     1
 62
     7
176
     1
 90
        6
176
     1
 90
        0
176
     1
 90
        0
176
     1
290
     0
176
     1
 90
        1
176
     1
 40
0.0
176
     1
 90
        0
176
     1
290
     0
176
     1
290
     1
176
     1
290
     1
176
     1
290
     0
176
     1
290
     0
176
     1
290
     0
176
     1
290
     0
176
     1
290
     0
176
     1
290
     0
176
     1
 90
       50
176
     1
 40
0.0
176
     1
 40
1.0
176
     1
 90
        0
176
     1
 62
    18
420
        0
176
     1
 90
       50
176
     1
 90
        3
176
     1
 62
     5
420
      255
176
     1
290
     0
176
     1
 90
       50
176
     1
 90
       50
176
     1
 90
       50
176
     1
290
     0
176
     1
 90
       50
176
     1
 62
   256
176
     0
 40
1.0
176
     0
 90
        2
176
     1
  1
strokes_ogs.tif
176
     1
290
     0
176
     1
 40
1.0
176
     1
 40
1.0
176
     1
  0
VISUALSTYLE
  5
37
102
{ACAD_REACTORS
330
2A
102
}
330
2A
100
AcDbVisualStyle
  2
Thicken
 70
    13
177
     3
291
     1
 70
    58
 90
        2
176
     1
 90
        2
176
     1
 90
        0
176
     1
 90
        0
176
     1
 40
0.6
176
     1
 40
30.0
176
     1
 62
     7
420
 16777215
176
     1
 90
        1
176
     1
 90
        4
176
     1
 62
     7
176
     1
 62
   257
176
     1
 90
        1
176
     1
 90
        1
176
     1
 40
1.0
176
     1
 90
       12
176
     1
 62
     7
176
     1
 40
1.0
176
     1
 90
        1
176
     1
 90
        6
176
     1
 90
        2
176
     1
 62
     7
176
     1
 90
        5
176
     1
 90
        0
176
     1
 90
        0
176
     1
290
     0
176
     1
 90
        1
176
     1
 40
0.0
176
     1
 90
        0
176
     1
290
     0
176
     1
290
     1
176
     1
290
     1
176
     1
290
     0
176
     1
290
     0
176
     1
290
     0
176
     1
290
     0
176
     1
290
     0
176
     1
290
     0
176
     1
 90
       50
176
     1
 40
0.0
176
     1
 40
1.0
176
     1
 90
        0
176
     1
 62
    18
420
        0
176
     1
 90
       50
176
     1
 90
        3
176
     1
 62
     5
420
      255
176
     1
290
     0
176
     1
 90
       50
176
     1
 90
       50
176
     1
 90
       50
176
     1
290
     0
176
     1
 90
       50
176
     1
 62
   256
176
     0
 40
1.0
176
     0
 90
        2
176
     1
  1
strokes_ogs.tif
176
     1
290
     0
176
     1
 40
1.0
176
     1
 40
1.0
176
     1
  0
VISUALSTYLE
  5
30
102
{ACAD_REACTORS
330
2A
102
}
330
2A
100
AcDbVisualStyle
  2
Wireframe
 70
     5
177
     3
291
     0
 70
    58
 90
        0
176
     1
 90
        2
176
     1
 90
        0
176
     1
 90
        0
176
     1
 40
0.6
176
     1
 40
30.0
176
     1
 62
     7
420
 16777215
176
     1
 90
        1
176
     1
 90
        4
176
     1
 62
     7
176
     1
 62
   257
176
     1
 90
        1
176
     1
 90
        1
176
     1
 40
1.0
176
     1
 90
        0
176
     1
 62
   257
176
     1
 40
1.0
176
     1
 90
        1
176
     1
 90
        6
176
     1
 90
        2
176
     1
 62
     7
176
     1
 90
        3
176
     1
 90
        0
176
     1
 90
        0
176
     1
290
     0
176
     1
 90
        1
176
     1
 40
0.0
176
     1
 90
        0
176
     1
290
     0
176
     1
290
     1
176
     1
290
     1
176
     1
290
     0
176
     1
290
     0
176
     1
290
     0
176
     1
290
     0
176
     1
290
     0
176
     1
290
     0
176
     1
 90
       50
176
     1
 40
0.0
176
     1
 40
1.0
176
     1
 90
        0
176
     1
 62
    18
420
        0
176
     1
 90
       50
176
     1
 90
        3
176
     1
 62
     5
420
      255
176
     1
290
     0
176
     1
 90
       50
176
     1
 90
       50
176
     1
 90
       50
176
     1
290
     0
176
     1
 90
       50
176
     1
 62
   256
176
     0
 40
1.0
176
     0
 90
        2
176
     1
  1
strokes_ogs.tif
176
     1
290
     0
176
     1
 40
1.0
176
     1
 40
1.0
176
     1
  0
VISUALSTYLE
  5
40
102
{ACAD_REACTORS
330
2A
102
}
330
2A
100
AcDbVisualStyle
  2
X-Ray
 70
    25
177
     3
291
     0
 70
    58
 90
        2
176
     1
 90
        2
176
     1
 90
        1
176
     1
 90
        1
176
     1
 40
0.5
176
     1
 40
30.0
176
     1
 62
     7
420
 16777215
176
     1
 90
        1
176
     1
 90
        0
176
     1
 62
     7
176
     1
 62
   257
176
     1
 90
        1
176
     1
 90
        1
176
     1
 40
1.0
176
     1
 90
        8
176
     1
 62
     7
176
     1
 40
1.0
176
     1
 90
        1
176
     1
 90
        6
176
     1
 90
        2
176
     1
 62
     7
176
     1
 90
        3
176
     1
 90
        0
176
     1
 90
        0
176
     1
290
     0
176
     1
 90
       13
176
     1
 40
0.0
176
     1
 90
        0
176
     1
290
     0
176
     1
290
     1
176
     1
290
     1
176
     1
290
     0
176
     1
290
     0
176
     1
290
     0
176
     1
290
     0
176
     1
290
     0
176
     1
290
     0
176
     1
 90
       50
176
     1
 40
0.0
176
     1
 40
1.0
176
     1
 90
        0
176
     1
 62
    18
420
        0
176
     1
 90
       50
176
     1
 90
        3
176
     1
 62
     5
420
      255
176
     1
290
     0
176
     1
 90
       50
176
     1
 90
       50
176
     1
 90
       50
176
     1
290
     0
176
     1
 90
       50
176
     1
 62
   256
176
     0
 40
1.0
176
     0
 90
        2
176
     1
  1
strokes_ogs.tif
176
     1
290
     0
176
     1
 40
1.0
176
     1
 40
1.0
176
     1
  0
DICTIONARYVAR
  5
153
102
{ACAD_REACTORS
330
152
102
}
330
152
100
DictionaryVariables
280
     0
  1
1:1
  0
DICTIONARYVAR
  5
158
102
{ACAD_REACTORS
330
152
102
}
330
152
100
DictionaryVariables
280
     0
  1
Standard
  0
DICTIONARYVAR
  5
157
102
{ACAD_REACTORS
330
152
102
}
330
152
100
DictionaryVariables
280
     0
  1
Standard
  0
DICTIONARY
  5
154
330
5A
100
AcDbDictionary
280
     1
281
     1
  3
ACAD_ROUNDTRIP_2008_TABLESTYLE_CELLSTYLEMAP
360
155
  0
CELLSTYLEMAP
  5
155
102
{ACAD_REACTORS
330
154
102
}
330
154
100
AcDbCellStyleMap
 90
        3
300
CELLSTYLE
  1
TABLEFORMAT_BEGIN
 90
        5
170
     1
 91
        0
 92
    32768
 62
   257
 93
        1
300
CONTENTFORMAT
  1
CONTENTFORMAT_BEGIN
 90
        0
 91
        0
 92
        4
 93
        0
300

 40
0.0
140
1.0
 94
        5
 62
     0
340
11
144
0.25
309
CONTENTFORMAT_END
171
     1
301
MARGIN
  1
CELLMARGIN_BEGIN
 40
0.06
 40
0.06
 40
0.06
 40
0.06
 40
0.06
 40
0.06
309
CELLMARGIN_END
 94
        6
 95
        1
302
GRIDFORMAT
  1
GRIDFORMAT_BEGIN
 90
        0
 91
        1
 62
     0
 92
       -2
340
14
 93
        0
 40
0.045
309
GRIDFORMAT_END
 95
        2
302
GRIDFORMAT
  1
GRIDFORMAT_BEGIN
 90
        0
 91
        1
 62
     0
 92
       -2
340
14
 93
        0
 40
0.045
309
GRIDFORMAT_END
 95
        4
302
GRIDFORMAT
  1
GRIDFORMAT_BEGIN
 90
        0
 91
        1
 62
     0
 92
       -2
340
14
 93
        0
 40
0.045
309
GRIDFORMAT_END
 95
        8
302
GRIDFORMAT
  1
GRIDFORMAT_BEGIN
 90
        0
 91
        1
 62
     0
 92
       -2
340
14
 93
        0
 40
0.045
309
GRIDFORMAT_END
 95
       16
302
GRIDFORMAT
  1
GRIDFORMAT_BEGIN
 90
        0
 91
        1
 62
     0
 92
       -2
340
14
 93
        0
 40
0.045
309
GRIDFORMAT_END
 95
       32
302
GRIDFORMAT
  1
GRIDFORMAT_BEGIN
 90
        0
 91
        1
 62
     0
 92
       -2
340
14
 93
        0
 40
0.045
309
GRIDFORMAT_END
309
TABLEFORMAT_END
  1
CELLSTYLE_BEGIN
 90
        1
 91
        1
300
_TITLE
309
CELLSTYLE_END
300
CELLSTYLE
  1
TABLEFORMAT_BEGIN
 90
        5
170
     1
 91
        0
 92
        0
 62
   257
 93
        1
300
CONTENTFORMAT
  1
CONTENTFORMAT_BEGIN
 90
        0
 91
        0
 92
        4
 93
        0
300

 40
0.0
140
1.0
 94
        5
 62
     0
340
11
144
0.18
309
CONTENTFORMAT_END
171
     1
301
MARGIN
  1
CELLMARGIN_BEGIN
 40
0.06
 40
0.06
 40
0.06
 40
0.06
 40
0.06
 40
0.06
309
CELLMARGIN_END
 94
        6
 95
        1
302
GRIDFORMAT
  1
GRIDFORMAT_BEGIN
 90
        0
 91
        1
 62
     0
 92
       -2
340
14
 93
        0
 40
0.045
309
GRIDFORMAT_END
 95
        2
302
GRIDFORMAT
  1
GRIDFORMAT_BEGIN
 90
        0
 91
        1
 62
     0
 92
       -2
340
14
 93
        0
 40
0.045
309
GRIDFORMAT_END
 95
        4
302
GRIDFORMAT
  1
GRIDFORMAT_BEGIN
 90
        0
 91
        1
 62
     0
 92
       -2
340
14
 93
        0
 40
0.045
309
GRIDFORMAT_END
 95
        8
302
GRIDFORMAT
  1
GRIDFORMAT_BEGIN
 90
        0
 91
        1
 62
     0
 92
       -2
340
14
 93
        0
 40
0.045
309
GRIDFORMAT_END
 95
       16
302
GRIDFORMAT
  1
GRIDFORMAT_BEGIN
 90
        0
 91
        1
 62
     0
 92
       -2
340
14
 93
        0
 40
0.045
309
GRIDFORMAT_END
 95
       32
302
GRIDFORMAT
  1
GRIDFORMAT_BEGIN
 90
        0
 91
        1
 62
     0
 92
       -2
340
14
 93
        0
 40
0.045
309
GRIDFORMAT_END
309
TABLEFORMAT_END
  1
CELLSTYLE_BEGIN
 90
        2
 91
        1
300
_HEADER
309
CELLSTYLE_END
300
CELLSTYLE
  1
TABLEFORMAT_BEGIN
 90
        5
170
     1
 91
        0
 92
        0
 62
   257
 93
        1
300
CONTENTFORMAT
  1
CONTENTFORMAT_BEGIN
 90
        0
 91
        0
 92
        4
 93
        0
300

 40
0.0
140
1.0
 94
        2
 62
     0
340
11
144
0.18
309
CONTENTFORMAT_END
171
     1
301
MARGIN
  1
CELLMARGIN_BEGIN
 40
0.06
 40
0.06
 40
0.06
 40
0.06
 40
0.06
 40
0.06
309
CELLMARGIN_END
 94
        6
 95
        1
302
GRIDFORMAT
  1
GRIDFORMAT_BEGIN
 90
        0
 91
        1
 62
     0
 92
       -2
340
14
 93
        0
 40
0.045
309
GRIDFORMAT_END
 95
        2
302
GRIDFORMAT
  1
GRIDFORMAT_BEGIN
 90
        0
 91
        1
 62
     0
 92
       -2
340
14
 93
        0
 40
0.045
309
GRIDFORMAT_END
 95
        4
302
GRIDFORMAT
  1
GRIDFORMAT_BEGIN
 90
        0
 91
        1
 62
     0
 92
       -2
340
14
 93
        0
 40
0.045
309
GRIDFORMAT_END
 95
        8
302
GRIDFORMAT
  1
GRIDFORMAT_BEGIN
 90
        0
 91
        1
 62
     0
 92
       -2
340
14
 93
        0
 40
0.045
309
GRIDFORMAT_END
 95
       16
302
GRIDFORMAT
  1
GRIDFORMAT_BEGIN
 90
        0
 91
        1
 62
     0
 92
       -2
340
14
 93
        0
 40
0.045
309
GRIDFORMAT_END
 95
       32
302
GRIDFORMAT
  1
GRIDFORMAT_BEGIN
 90
        0
 91
        1
 62
     0
 92
       -2
340
14
 93
        0
 40
0.045
309
GRIDFORMAT_END
309
TABLEFORMAT_END
  1
CELLSTYLE_BEGIN
 90
        3
 91
        2
300
_DATA
309
CELLSTYLE_END
  0
ENDSEC
  0
EOF
