  0
SECTION
  2
HEADER
  9
$ACADVER
  1
AC1027
  9
$ACADMAINTVER
 70
   105
  9
$DWGCODEPAGE
  3
ANSI_1252
  9
$COMMENTS
  1
File was created by Cadenas
  9
$LASTSAVEDBY
  1
psservice
  9
$CUSTOMPROPERTYTAG
  1
NB
  9
$CUSTOMPROPERTY
  1
5MXM48AVJU9
  9
$CUSTOMPROPERTYTAG
  1
NN
  9
$CUSTOMPROPERTY
  1
(R32) Heat_Pump_Unit-Multi_Zone-Outdoor-Daikin-MXM
  9
$CUSTOMPROPERTYTAG
  1
NT
  9
$CUSTOMPROPERTY
  1

  9
$CUSTOMPROPERTYTAG
  1
NBSYN
  9
$CUSTOMPROPERTY
  1
$PARTNUMBER.
  9
$CUSTOMPROPERTYTAG
  1
LINA
  9
$CUSTOMPROPERTY
  1
5MXM48AVJU9
  9
$CUSTOMPROPERTYTAG
  1
CATALOG
  9
$CUSTOMPROPERTY
  1
Daikin
  9
$CUSTOMPROPERTYTAG
  1
PARTNUMBER
  9
$CUSTOMPROPERTY
  1
5MXM48AVJU9
  9
$CUSTOMPROPERTYTAG
  1
DESCRIPTION
  9
$CUSTOMPROPERTY
  1
Five Zone Multi-Split Unit
  9
$CUSTOMPROPERTYTAG
  1
OVERALL_DEPTH
  9
$CUSTOMPROPERTY
  1
18.125
  9
$CUSTOMPROPERTYTAG
  1
OVERALL_HEIGHT
  9
$CUSTOMPROPERTY
  1
34.25
  9
$CUSTOMPROPERTYTAG
  1
OVERALL_WIDTH
  9
$CUSTOMPROPERTY
  1
43.3125
  9
$CUSTOMPROPERTYTAG
  1
URL
  9
$CUSTOMPROPERTY
  1
https://daikincomfort.com/
  9
$CUSTOMPROPERTYTAG
  1
RFA_FAMILY
  9
$CUSTOMPROPERTY
  1
Download Revit Family (RFA)
  9
$CUSTOMPROPERTYTAG
  1
COMPANY
  9
$CUSTOMPROPERTY
  1
daikin
  9
$REQUIREDVERSIONS
160
                 0
  9
$INSBASE
 10
0.0
 20
0.0
 30
0.0
  9
$EXTMIN
 10
-21.65625
 20
-0.0000000000049614
 30
0.0
  9
$EXTMAX
 10
33.57319915254277
 20
34.75542372880856
 30
0.0
  9
$LIMMIN
 10
0.0
 20
0.0
  9
$LIMMAX
 10
12.0
 20
9.0
  9
$ORTHOMODE
 70
     0
  9
$REGENMODE
 70
     1
  9
$FILLMODE
 70
     1
  9
$QTEXTMODE
 70
     0
  9
$MIRRTEXT
 70
     1
  9
$LTSCALE
 40
1.0
  9
$ATTMODE
 70
     1
  9
$TEXTSIZE
 40
0.2
  9
$TRACEWID
 40
0.05
  9
$TEXTSTYLE
  7
Standard
  9
$CLAYER
  8
0
  9
$CELTYPE
  6
ByLayer
  9
$CECOLOR
 62
   256
  9
$CELTSCALE
 40
1.0
  9
$DISPSILH
 70
     0
  9
$DIMSCALE
 40
1.0
  9
$DIMASZ
 40
0.18
  9
$DIMEXO
 40
0.0625
  9
$DIMDLI
 40
0.38
  9
$DIMRND
 40
0.0
  9
$DIMDLE
 40
0.0
  9
$DIMEXE
 40
0.18
  9
$DIMTP
 40
0.0
  9
$DIMTM
 40
0.0
  9
$DIMTXT
 40
0.18
  9
$DIMCEN
 40
0.09
  9
$DIMTSZ
 40
0.0
  9
$DIMTOL
 70
     0
  9
$DIMLIM
 70
     0
  9
$DIMTIH
 70
     1
  9
$DIMTOH
 70
     1
  9
$DIMSE1
 70
     0
  9
$DIMSE2
 70
     0
  9
$DIMTAD
 70
     0
  9
$DIMZIN
 70
     0
  9
$DIMBLK
  1

  9
$DIMASO
 70
     1
  9
$DIMSHO
 70
     1
  9
$DIMPOST
  1

  9
$DIMAPOST
  1

  9
$DIMALT
 70
     0
  9
$DIMALTD
 70
     2
  9
$DIMALTF
 40
25.4
  9
$DIMLFAC
 40
1.0
  9
$DIMTOFL
 70
     0
  9
$DIMTVP
 40
0.0
  9
$DIMTIX
 70
     0
  9
$DIMSOXD
 70
     0
  9
$DIMSAH
 70
     0
  9
$DIMBLK1
  1

  9
$DIMBLK2
  1

  9
$DIMSTYLE
  2
Standard
  9
$DIMCLRD
 70
     0
  9
$DIMCLRE
 70
     0
  9
$DIMCLRT
 70
     0
  9
$DIMTFAC
 40
1.0
  9
$DIMGAP
 40
0.09
  9
$DIMJUST
 70
     0
  9
$DIMSD1
 70
     0
  9
$DIMSD2
 70
     0
  9
$DIMTOLJ
 70
     1
  9
$DIMTZIN
 70
     0
  9
$DIMALTZ
 70
     0
  9
$DIMALTTZ
 70
     0
  9
$DIMUPT
 70
     0
  9
$DIMDEC
 70
     4
  9
$DIMTDEC
 70
     4
  9
$DIMALTU
 70
     2
  9
$DIMALTTD
 70
     2
  9
$DIMTXSTY
  7
Standard
  9
$DIMAUNIT
 70
     0
  9
$DIMADEC
 70
     0
  9
$DIMALTRND
 40
0.0
  9
$DIMAZIN
 70
     0
  9
$DIMDSEP
 70
    46
  9
$DIMATFIT
 70
     3
  9
$DIMFRAC
 70
     0
  9
$DIMLDRBLK
  1

  9
$DIMLUNIT
 70
     2
  9
$DIMLWD
 70
    -2
  9
$DIMLWE
 70
    -2
  9
$DIMTMOVE
 70
     0
  9
$DIMFXL
 40
1.0
  9
$DIMFXLON
 70
     0
  9
$DIMJOGANG
 40
0.7853981633974483
  9
$DIMTFILL
 70
     0
  9
$DIMTFILLCLR
 70
     0
  9
$DIMARCSYM
 70
     0
  9
$DIMLTYPE
  6

  9
$DIMLTEX1
  6

  9
$DIMLTEX2
  6

  9
$DIMTXTDIRECTION
 70
     0
  9
$LUNITS
 70
     2
  9
$LUPREC
 70
     4
  9
$SKETCHINC
 40
0.1
  9
$FILLETRAD
 40
0.0
  9
$AUNITS
 70
     0
  9
$AUPREC
 70
     0
  9
$MENU
  1
.
  9
$ELEVATION
 40
0.0
  9
$PELEVATION
 40
0.0
  9
$THICKNESS
 40
0.0
  9
$LIMCHECK
 70
     0
  9
$CHAMFERA
 40
0.0
  9
$CHAMFERB
 40
0.0
  9
$CHAMFERC
 40
0.0
  9
$CHAMFERD
 40
0.0
  9
$SKPOLY
 70
     0
  9
$TDCREATE
 40
2461206.704638727
  9
$TDUCREATE
 40
2461206.621305394
  9
$TDUPDATE
 40
2461206.704638727
  9
$TDUUPDATE
 40
2461206.621305394
  9
$TDINDWG
 40
0.0000000116
  9
$TDUSRTIMER
 40
0.0000000116
  9
$USRTIMER
 70
     1
  9
$ANGBASE
 50
0.0
  9
$ANGDIR
 70
     0
  9
$PDMODE
 70
     0
  9
$PDSIZE
 40
0.0
  9
$PLINEWID
 40
0.0
  9
$SPLFRAME
 70
     0
  9
$SPLINETYPE
 70
     6
  9
$SPLINESEGS
 70
     8
  9
$HANDSEED
  5
269
  9
$SURFTAB1
 70
     6
  9
$SURFTAB2
 70
     6
  9
$SURFTYPE
 70
     6
  9
$SURFU
 70
     6
  9
$SURFV
 70
     6
  9
$UCSBASE
  2

  9
$UCSNAME
  2

  9
$UCSORG
 10
0.0
 20
0.0
 30
0.0
  9
$UCSXDIR
 10
1.0
 20
0.0
 30
0.0
  9
$UCSYDIR
 10
0.0
 20
1.0
 30
0.0
  9
$UCSORTHOREF
  2

  9
$UCSORTHOVIEW
 70
     0
  9
$UCSORGTOP
 10
0.0
 20
0.0
 30
0.0
  9
$UCSORGBOTTOM
 10
0.0
 20
0.0
 30
0.0
  9
$UCSORGLEFT
 10
0.0
 20
0.0
 30
0.0
  9
$UCSORGRIGHT
 10
0.0
 20
0.0
 30
0.0
  9
$UCSORGFRONT
 10
0.0
 20
0.0
 30
0.0
  9
$UCSORGBACK
 10
0.0
 20
0.0
 30
0.0
  9
$PUCSBASE
  2

  9
$PUCSNAME
  2

  9
$PUCSORG
 10
0.0
 20
0.0
 30
0.0
  9
$PUCSXDIR
 10
1.0
 20
0.0
 30
0.0
  9
$PUCSYDIR
 10
0.0
 20
1.0
 30
0.0
  9
$PUCSORTHOREF
  2

  9
$PUCSORTHOVIEW
 70
     0
  9
$PUCSORGTOP
 10
0.0
 20
0.0
 30
0.0
  9
$PUCSORGBOTTOM
 10
0.0
 20
0.0
 30
0.0
  9
$PUCSORGLEFT
 10
0.0
 20
0.0
 30
0.0
  9
$PUCSORGRIGHT
 10
0.0
 20
0.0
 30
0.0
  9
$PUCSORGFRONT
 10
0.0
 20
0.0
 30
0.0
  9
$PUCSORGBACK
 10
0.0
 20
0.0
 30
0.0
  9
$USERI1
 70
     0
  9
$USERI2
 70
     0
  9
$USERI3
 70
     0
  9
$USERI4
 70
     0
  9
$USERI5
 70
     0
  9
$USERR1
 40
0.0
  9
$USERR2
 40
0.0
  9
$USERR3
 40
0.0
  9
$USERR4
 40
0.0
  9
$USERR5
 40
0.0
  9
$WORLDVIEW
 70
     1
  9
$SHADEDGE
 70
     3
  9
$SHADEDIF
 70
    70
  9
$TILEMODE
 70
     1
  9
$MAXACTVP
 70
    64
  9
$PINSBASE
 10
0.0
 20
0.0
 30
0.0
  9
$PLIMCHECK
 70
     0
  9
$PEXTMIN
 10
1.000000000000000E+20
 20
1.000000000000000E+20
 30
1.000000000000000E+20
  9
$PEXTMAX
 10
-1.000000000000000E+20
 20
-1.000000000000000E+20
 30
-1.000000000000000E+20
  9
$PLIMMIN
 10
0.0
 20
0.0
  9
$PLIMMAX
 10
12.0
 20
9.0
  9
$UNITMODE
 70
     0
  9
$VISRETAIN
 70
     1
  9
$PLINEGEN
 70
     0
  9
$PSLTSCALE
 70
     1
  9
$TREEDEPTH
 70
  3020
  9
$CMLSTYLE
  2
Standard
  9
$CMLJUST
 70
     0
  9
$CMLSCALE
 40
1.0
  9
$PROXYGRAPHICS
 70
     1
  9
$MEASUREMENT
 70
     0
  9
$CELWEIGHT
370
    -1
  9
$ENDCAPS
280
     0
  9
$JOINSTYLE
280
     0
  9
$LWDISPLAY
290
     0
  9
$INSUNITS
 70
     1
  9
$HYPERLINKBASE
  1

  9
$STYLESHEET
  1

  9
$XEDIT
290
     1
  9
$CEPSNTYPE
380
     0
  9
$PSTYLEMODE
290
     1
  9
$FINGERPRINTGUID
  2
{746eb704-4411-4fb7-8381-f5cc8941450a}
  9
$VERSIONGUID
  2
{FAEB1C32-E019-11D5-929B-00C0DF256EC4}
  9
$EXTNAMES
290
     1
  9
$PSVPSCALE
 40
0.0
  9
$OLESTARTUP
290
     0
  9
$SORTENTS
280
   127
  9
$INDEXCTL
280
     0
  9
$HIDETEXT
280
     1
  9
$XCLIPFRAME
280
     2
  9
$HALOGAP
280
     0
  9
$OBSCOLOR
 70
   257
  9
$OBSLTYPE
280
     0
  9
$INTERSECTIONDISPLAY
280
     0
  9
$INTERSECTIONCOLOR
 70
   257
  9
$DIMASSOC
280
     2
  9
$PROJECTNAME
  1

  9
$CAMERADISPLAY
290
     0
  9
$LENSLENGTH
 40
50.0
  9
$CAMERAHEIGHT
 40
0.0
  9
$STEPSPERSEC
 40
2.0
  9
$STEPSIZE
 40
6.0
  9
$3DDWFPREC
 40
2.0
  9
$PSOLWIDTH
 40
0.25
  9
$PSOLHEIGHT
 40
4.0
  9
$LOFTANG1
 40
1.570796326794897
  9
$LOFTANG2
 40
1.570796326794897
  9
$LOFTMAG1
 40
0.0
  9
$LOFTMAG2
 40
0.0
  9
$LOFTPARAM
 70
     7
  9
$LOFTNORMALS
280
     1
  9
$LATITUDE
 40
37.795
  9
$LONGITUDE
 40
-122.394
  9
$NORTHDIRECTION
 40
0.0
  9
$TIMEZONE
 70
 -8000
  9
$LIGHTGLYPHDISPLAY
280
     1
  9
$TILEMODELIGHTSYNCH
280
     1
  9
$CMATERIAL
347
44
  9
$SOLIDHIST
280
     0
  9
$SHOWHIST
280
     1
  9
$DWFFRAME
280
     2
  9
$DGNFRAME
280
     2
  9
$REALWORLDSCALE
290
     1
  9
$INTERFERECOLOR
 62
   256
  9
$CSHADOW
280
     0
  9
$SHADOWPLANELOCATION
 40
0.0
  0
ENDSEC
  0
SECTION
  2
CLASSES
  0
CLASS
  1
ACDBDICTIONARYWDFLT
  2
AcDbDictionaryWithDefault
  3
ObjectDBX Classes
 90
        0
 91
        3
280
     0
281
     0
  0
CLASS
  1
VISUALSTYLE
  2
AcDbVisualStyle
  3
ObjectDBX Classes
 90
     4095
 91
        3
280
     0
281
     0
  0
CLASS
  1
MATERIAL
  2
AcDbMaterial
  3
ObjectDBX Classes
 90
     1153
 91
        3
280
     0
281
     0
  0
CLASS
  1
SCALE
  2
AcDbScale
  3
ObjectDBX Classes
 90
     1153
 91
        3
280
     0
281
     0
  0
CLASS
  1
TABLESTYLE
  2
AcDbTableStyle
  3
ObjectDBX Classes
 90
     4095
 91
        3
280
     0
281
     0
  0
CLASS
  1
MLEADERSTYLE
  2
AcDbMLeaderStyle
  3
ACDB_MLEADERSTYLE_CLASS
 90
     4095
 91
        3
280
     0
281
     0
  0
CLASS
  1
SUN
  2
AcDbSun
  3
SCENEOE
 90
     1153
 91
        3
280
     0
281
     0
  0
CLASS
  1
DICTIONARYVAR
  2
AcDbDictionaryVar
  3
ObjectDBX Classes
 90
        0
 91
        3
280
     0
281
     0
  0
CLASS
  1
CELLSTYLEMAP
  2
AcDbCellStyleMap
  3
ObjectDBX Classes
 90
     1152
 91
        3
280
     0
281
     0
  0
ENDSEC
  0
SECTION
  2
TABLES
  0
TABLE
  2
VPORT
  5
8
330
0
100
AcDbSymbolTable
 70
     1
  0
VPORT
  5
29
330
8
100
AcDbSymbolTableRecord
100
AcDbViewportTableRecord
  2
*Active
 70
     0
 10
0.0
 20
0.0
 11
1.0
 21
1.0
 12
6.000169491525622
 22
17.42669491524925
 13
0.0
 23
0.0
 14
0.5
 24
0.5
 15
0.5
 25
0.5
 16
0.0
 26
0.0
 36
1.0
 17
0.0
 27
0.0
 37
0.0
 40
35.5504576271186
 41
1.5870146132711
 42
50.0
 43
0.0
 44
0.0
 50
0.0
 51
0.0
 71
     0
 72
   100
 73
     1
 74
     3
 75
     0
 76
     0
 77
     0
 78
     0
281
     0
 65
     1
110
0.0
120
0.0
130
0.0
111
1.0
121
0.0
131
0.0
112
0.0
122
1.0
132
0.0
 79
     0
146
0.0
348
2F
 60
     3
 61
     5
292
     1
282
     1
141
0.0
142
0.0
 63
   250
361
5D
  0
ENDTAB
  0
TABLE
  2
LTYPE
  5
5
330
0
100
AcDbSymbolTable
 70
     3
  0
LTYPE
  5
14
330
5
100
AcDbSymbolTableRecord
100
AcDbLinetypeTableRecord
  2
ByBlock
 70
     0
  3

 72
    65
 73
     0
 40
0.0
  0
LTYPE
  5
15
330
5
100
AcDbSymbolTableRecord
100
AcDbLinetypeTableRecord
  2
ByLayer
 70
     0
  3

 72
    65
 73
     0
 40
0.0
  0
LTYPE
  5
16
330
5
100
AcDbSymbolTableRecord
100
AcDbLinetypeTableRecord
  2
Continuous
 70
     0
  3
Solid line
 72
    65
 73
     0
 40
0.0
  0
LTYPE
  5
A2
330
5
100
AcDbSymbolTableRecord
100
AcDbLinetypeTableRecord
  2
Dashed
 70
     0
  3

 72
    65
 73
     2
 40
2.0
 49
1.0
 74
     0
 49
-1.0
 74
     0
  0
LTYPE
  5
CC
330
5
100
AcDbSymbolTableRecord
100
AcDbLinetypeTableRecord
  2
Center
 70
     0
  3

 72
    65
 73
     4
 40
1.5
 49
0.45
 74
     0
 49
-0.5
 74
     0
 49
0.05
 74
     0
 49
-0.5
 74
     0
  0
ENDTAB
  0
TABLE
  2
LAYER
  5
2
330
0
100
AcDbSymbolTable
 70
     5
  0
LAYER
  5
10
330
2
100
AcDbSymbolTableRecord
100
AcDbLayerTableRecord
  2
0
 70
     0
 62
     7
  6
Continuous
370
    -3
390
F
347
46
348
0
  0
LAYER
  5
5E
330
2
100
AcDbSymbolTableRecord
100
AcDbLayerTableRecord
  2
AM_6
 70
     0
 62
    -2
  6
Continuous
370
    35
390
F
347
46
348
0
  0
LAYER
  5
A3
330
2
100
AcDbSymbolTableRecord
100
AcDbLayerTableRecord
  2
AM_9
 70
     0
 62
     6
  6
Dashed
370
    25
390
F
347
46
348
0
  0
LAYER
  5
CD
330
2
100
AcDbSymbolTableRecord
100
AcDbLayerTableRecord
  2
AM_7
 70
     0
 62
     7
  6
Center
370
    25
390
F
347
46
348
0
  0
LAYER
  5
169
330
2
100
AcDbSymbolTableRecord
100
AcDbLayerTableRecord
  2
AM_0
 70
     0
 62
     7
  6
Continuous
370
    50
390
F
347
46
348
0
  0
ENDTAB
  0
TABLE
  2
STYLE
  5
3
330
0
100
AcDbSymbolTable
 70
     1
  0
STYLE
  5
11
330
3
100
AcDbSymbolTableRecord
100
AcDbTextStyleTableRecord
  2
Standard
 70
     0
 40
0.0
 41
1.0
 50
0.0
 71
     0
 42
0.2
  3
txt
  4

  0
ENDTAB
  0
TABLE
  2
VIEW
  5
6
330
0
100
AcDbSymbolTable
 70
     0
  0
ENDTAB
  0
TABLE
  2
UCS
  5
7
330
0
100
AcDbSymbolTable
 70
     0
  0
ENDTAB
  0
TABLE
  2
APPID
  5
9
330
0
100
AcDbSymbolTable
 70
     1
  0
APPID
  5
12
330
9
100
AcDbSymbolTableRecord
100
AcDbRegAppTableRecord
  2
ACAD
 70
     0
  0
ENDTAB
  0
TABLE
  2
DIMSTYLE
  5
A
330
0
100
AcDbSymbolTable
 70
     1
100
AcDbDimStyleTable
  0
DIMSTYLE
105
27
330
A
100
AcDbSymbolTableRecord
100
AcDbDimStyleTableRecord
  2
Standard
 70
     0
178
     0
340
11
  0
ENDTAB
  0
TABLE
  2
BLOCK_RECORD
  5
1
330
0
100
AcDbSymbolTable
 70
    13
  0
BLOCK_RECORD
  5
1F
330
1
100
AcDbSymbolTableRecord
100
AcDbBlockTableRecord
  2
*Model_Space
340
22
 70
     0
280
     1
281
     0
  0
BLOCK_RECORD
  5
1B
330
1
100
AcDbSymbolTableRecord
100
AcDbBlockTableRecord
  2
*Paper_Space
340
1E
 70
     0
280
     1
281
     0
  0
BLOCK_RECORD
  5
23
330
1
100
AcDbSymbolTableRecord
100
AcDbBlockTableRecord
  2
*Paper_Space0
340
26
 70
     0
280
     1
281
     0
  0
BLOCK_RECORD
  5
7E
330
1
100
AcDbSymbolTableRecord
100
AcDbBlockTableRecord
  2
1_5MXM48AVJU9_PART12_0_in_5MXM48AVJU9_0
340
0
102
{BLKREFS
331
7F
102
}
 70
     0
280
     1
281
     0
  0
BLOCK_RECORD
  5
A7
330
1
100
AcDbSymbolTableRecord
100
AcDbBlockTableRecord
  2
2_5MXM48AVJU9_PART11_0_in_5MXM48AVJU9_0
340
0
102
{BLKREFS
331
A8
102
}
 70
     0
280
     1
281
     0
  0
BLOCK_RECORD
  5
D0
330
1
100
AcDbSymbolTableRecord
100
AcDbBlockTableRecord
  2
3_5MXM48AVJU9_PART10_0_in_5MXM48AVJU9_0
340
0
102
{BLKREFS
331
D1
102
}
 70
     0
280
     1
281
     0
  0
BLOCK_RECORD
  5
F7
330
1
100
AcDbSymbolTableRecord
100
AcDbBlockTableRecord
  2
4_5MXM48AVJU9_PART9_0_in_5MXM48AVJU9_0
340
0
102
{BLKREFS
331
F8
102
}
 70
     0
280
     1
281
     0
  0
BLOCK_RECORD
  5
11E
330
1
100
AcDbSymbolTableRecord
100
AcDbBlockTableRecord
  2
5_5MXM48AVJU9_PART8_0_in_5MXM48AVJU9_0
340
0
102
{BLKREFS
331
11F
102
}
 70
     0
280
     1
281
     0
  0
BLOCK_RECORD
  5
145
330
1
100
AcDbSymbolTableRecord
100
AcDbBlockTableRecord
  2
6_5MXM48AVJU9_PART7_0_in_5MXM48AVJU9_0
340
0
102
{BLKREFS
331
146
102
}
 70
     0
280
     1
281
     0
  0
BLOCK_RECORD
  5
176
330
1
100
AcDbSymbolTableRecord
100
AcDbBlockTableRecord
  2
7_5MXM48AVJU9_PART6_0_in_5MXM48AVJU9_0
340
0
102
{BLKREFS
331
177
102
}
 70
     0
280
     1
281
     0
  0
BLOCK_RECORD
  5
19D
330
1
100
AcDbSymbolTableRecord
100
AcDbBlockTableRecord
  2
8_5MXM48AVJU9_PART5_0_in_5MXM48AVJU9_0
340
0
102
{BLKREFS
331
19E
102
}
 70
     0
280
     1
281
     0
  0
BLOCK_RECORD
  5
1C4
330
1
100
AcDbSymbolTableRecord
100
AcDbBlockTableRecord
  2
9_5MXM48AVJU9_PART4_0_in_5MXM48AVJU9_0
340
0
102
{BLKREFS
331
1C5
102
}
 70
     0
280
     1
281
     0
  0
BLOCK_RECORD
  5
1EB
330
1
100
AcDbSymbolTableRecord
100
AcDbBlockTableRecord
  2
10_5MXM48AVJU9_PART3_0_in_5MXM48AVJU9_0
340
0
102
{BLKREFS
331
1EC
102
}
 70
     0
280
     1
281
     0
  0
BLOCK_RECORD
  5
212
330
1
100
AcDbSymbolTableRecord
100
AcDbBlockTableRecord
  2
11_5MXM48AVJU9_PART2_0_in_5MXM48AVJU9_0
340
0
102
{BLKREFS
331
213
102
}
 70
     0
280
     1
281
     0
  0
BLOCK_RECORD
  5
239
330
1
100
AcDbSymbolTableRecord
100
AcDbBlockTableRecord
  2
12_5MXM48AVJU9_PART1_0_in_5MXM48AVJU9_0
340
0
102
{BLKREFS
331
23A
102
}
 70
     0
280
     1
281
     0
  0
ENDTAB
  0
ENDSEC
  0
SECTION
  2
BLOCKS
  0
BLOCK
  5
20
330
1F
100
AcDbEntity
  8
0
100
AcDbBlockBegin
  2
*Model_Space
 70
     2
 10
0.0
 20
0.0
 30
0.0
  3
*Model_Space
  1

  0
ENDBLK
  5
21
330
1F
100
AcDbEntity
  8
0
100
AcDbBlockEnd
  0
BLOCK
  5
1C
330
1B
100
AcDbEntity
 67
     1
  8
0
100
AcDbBlockBegin
  2
*Paper_Space
 70
     0
 10
0.0
 20
0.0
 30
0.0
  3
*Paper_Space
  1

  0
ENDBLK
  5
1D
330
1B
100
AcDbEntity
 67
     1
  8
0
100
AcDbBlockEnd
  0
BLOCK
  5
24
330
23
100
AcDbEntity
  8
0
100
AcDbBlockBegin
  2
*Paper_Space0
 70
     0
 10
0.0
 20
0.0
 30
0.0
  3
*Paper_Space0
  1

  0
ENDBLK
  5
25
330
23
100
AcDbEntity
  8
0
100
AcDbBlockEnd
  0
BLOCK
  5
80
330
7E
100
AcDbEntity
  8
0
100
AcDbBlockBegin
  2
1_5MXM48AVJU9_PART12_0_in_5MXM48AVJU9_0
 70
     2
 10
0.0
 20
0.0
 30
0.0
  3
1_5MXM48AVJU9_PART12_0_in_5MXM48AVJU9_0
  1

  0
ATTDEF
  5
82
330
7E
100
AcDbEntity
  8
AM_6
100
AcDbText
 10
3.28125000000037
 20
17.12499999999779
 30
0.0
 40
0.5
  1
5MXM48AVJU9_PART12
100
AcDbAttributeDefinition
  3

  2
NB
 70
     8
280
     0
  0
ATTDEF
  5
83
330
7E
100
AcDbEntity
  8
AM_6
100
AcDbText
 10
3.28125000000037
 20
16.62499999999779
 30
0.0
 40
0.5
  1

100
AcDbAttributeDefinition
  3

  2
NN
 70
     8
280
     0
  0
ATTDEF
  5
84
330
7E
100
AcDbEntity
  8
AM_6
100
AcDbText
 10
3.28125000000037
 20
16.12499999999779
 30
0.0
 40
0.5
  1

100
AcDbAttributeDefinition
  3

  2
NT
 70
     8
280
     0
  0
ATTDEF
  5
85
330
7E
100
AcDbEntity
  8
AM_6
100
AcDbText
 10
3.28125000000037
 20
15.62499999999779
 30
0.0
 40
0.5
  1
$PARTNUMBER._PART12
100
AcDbAttributeDefinition
  3

  2
NBSYN
 70
     8
280
     0
  0
ATTDEF
  5
86
330
7E
100
AcDbEntity
  8
AM_6
100
AcDbText
 10
3.28125000000037
 20
15.12499999999779
 30
0.0
 40
0.5
  1
5MXM48AVJU9_PART12
100
AcDbAttributeDefinition
  3

  2
LINA
 70
     8
280
     0
  0
ATTDEF
  5
87
330
7E
100
AcDbEntity
  8
AM_6
100
AcDbText
 10
3.28125000000037
 20
14.62499999999779
 30
0.0
 40
0.5
  1
Daikin
100
AcDbAttributeDefinition
  3

  2
CATALOG
 70
     8
280
     0
  0
ATTDEF
  5
88
330
7E
100
AcDbEntity
  8
AM_6
100
AcDbText
 10
3.28125000000037
 20
14.12499999999779
 30
0.0
 40
0.5
  1
5MXM48AVJU9
100
AcDbAttributeDefinition
  3

  2
PARTNUMBER
 70
     8
280
     0
  0
ATTDEF
  5
89
330
7E
100
AcDbEntity
  8
AM_6
100
AcDbText
 10
3.28125000000037
 20
13.62499999999779
 30
0.0
 40
0.5
  1
Five Zone Multi-Split Unit
100
AcDbAttributeDefinition
  3

  2
DESCRIPTION
 70
     8
280
     0
  0
ATTDEF
  5
8A
330
7E
100
AcDbEntity
  8
AM_6
100
AcDbText
 10
3.28125000000037
 20
13.12499999999779
 30
0.0
 40
0.5
  1
18.125
100
AcDbAttributeDefinition
  3

  2
OVERALL_DEPTH
 70
     8
280
     0
  0
ATTDEF
  5
8B
330
7E
100
AcDbEntity
  8
AM_6
100
AcDbText
 10
3.28125000000037
 20
12.62499999999779
 30
0.0
 40
0.5
  1
34.25
100
AcDbAttributeDefinition
  3

  2
OVERALL_HEIGHT
 70
     8
280
     0
  0
ATTDEF
  5
8C
330
7E
100
AcDbEntity
  8
AM_6
100
AcDbText
 10
3.28125000000037
 20
12.12499999999779
 30
0.0
 40
0.5
  1
43.3125
100
AcDbAttributeDefinition
  3

  2
OVERALL_WIDTH
 70
     8
280
     0
  0
ATTDEF
  5
8D
330
7E
100
AcDbEntity
  8
AM_6
100
AcDbText
 10
3.28125000000037
 20
11.62499999999779
 30
0.0
 40
0.5
  1
https://daikincomfort.com/
100
AcDbAttributeDefinition
  3

  2
URL
 70
     8
280
     0
  0
ATTDEF
  5
8E
330
7E
100
AcDbEntity
  8
AM_6
100
AcDbText
 10
3.28125000000037
 20
11.12499999999779
 30
0.0
 40
0.5
  1
Download Revit Family (RFA)
100
AcDbAttributeDefinition
  3

  2
RFA_FAMILY
 70
     8
280
     0
  0
ATTDEF
  5
8F
330
7E
100
AcDbEntity
  8
AM_6
100
AcDbText
 10
3.28125000000037
 20
10.62499999999779
 30
0.0
 40
0.5
  1
daikin
100
AcDbAttributeDefinition
  3

  2
COMPANY
 70
     8
280
     0
  0
ATTDEF
  5
90
330
7E
100
AcDbEntity
  8
AM_6
100
AcDbText
 10
3.28125000000037
 20
10.12499999999779
 30
0.0
 40
0.5
  1
{$CADENAS_DATA/23d-libs/daikin/multi20zone20systems/multi20zone20outdoor20units/heat_pump_unit-multi_zone-outdoor-daikin-mxm.prj},240 {VTYP=3D},{NB=5MXM48AVJU9_PART12},{LINA=5MXM48AVJU9_PART12},{NN=(R32) Heat_Pump_Unit-Multi_Zone-Outdoor-Daikin-MXM_
100
AcDbAttributeDefinition
  3

  2
PSOL_0
 70
     9
280
     0
  0
ATTDEF
  5
91
330
7E
100
AcDbEntity
  8
AM_6
100
AcDbText
 10
3.28125000000037
 20
9.624999999997794
 30
0.0
 40
0.5
  1
},{NOPRJ=TRUE},{DATE=03.06.2026 19:23:31},{GEOMDATE=06.03.2026 09:05:37},{VERSION=},{LINEID=50},{WBVAR=},{WBNUMERIC=}  {NB=5MXM48AVJU9_PART12},{LINA=5MXM48AVJU9_PART12},{KT=DUMMY},{PARTNUMBER=5MXM48AVJU9},{APPARENT_POWER=9144},{PARTNUMBERHELP=4Ton_F
100
AcDbAttributeDefinition
  3

  2
PSOL_1
 70
     9
280
     0
  0
ATTDEF
  5
92
330
7E
100
AcDbEntity
  8
AM_6
100
AcDbText
 10
3.28125000000037
 20
9.124999999997794
 30
0.0
 40
0.5
  1
ne_5MXM48AVJU9},{ASSEMBLY_CODE=D3040100},{BASE_PITCH=20.57},{BASE_PITCH_OFFSET=7.06},{BASE_PITCH_WIDTH=1},{BASE_PITCH_WIDTH_APART=29.125},{CATEGORY=Mechanical Equipment},{CLEARANCE_VISIBILITY=1},{COMPRESSOR_TYPE=Hermetically Sealed Swing Type},{COND
100
AcDbAttributeDefinition
  3

  2
PSOL_2
 70
     9
280
     0
  0
ATTDEF
  5
93
330
7E
100
AcDbEntity
  8
AM_6
100
AcDbText
 10
3.28125000000037
 20
8.624999999997794
 30
0.0
 40
0.5
  1
_DRAIN_CONNECTION_DIAMETER=1},{CONDENSATE_DRAIN_CONNECTION_RADIUS=0.5},{CONDENSATE_DRAIN_DEPTH_OFFSET=16.75},{CONDENSATE_DRAIN_HORIZONTAL_OFFSET=23.875},{COST=0},{DEFAULT_ELEVATION=0},{DESCRIPTION=Five Zone Multi-Split Unit},{ENCLOSURE_DEPTH=18.125}
100
AcDbAttributeDefinition
  3

  2
PSOL_3
 70
     9
280
     0
  0
ATTDEF
  5
94
330
7E
100
AcDbEntity
  8
AM_6
100
AcDbText
 10
3.28125000000037
 20
8.124999999997794
 30
0.0
 40
0.5
  1
OSURE_HEIGHT_OFFSET=1},{ENCLOSURE_WIDTH=43.3125},{FAN_TYPE=Propeller},{FREQUENCY=60},{FRONT_GRILL_L_X_H=30.825},{LOAD_SUB_CLASSIFICATION_MOTOR=1},{MANUFACTURER=Daikin},{MASSUNIT=1},{MAXIMUM_OVERCURRENT_PROTECTION=40},{MINIMUM_CIRCUIT_AMPS=38.1},{NOM
100
AcDbAttributeDefinition
  3

  2
PSOL_4
 70
     9
280
     0
  0
ATTDEF
  5
95
330
7E
100
AcDbEntity
  8
AM_6
100
AcDbText
 10
3.28125000000037
 20
7.624999999997794
 30
0.0
 40
0.5
  1
OOLING_CAPACITY=48000},{NOMINAL_COOLING_CAPACITY__TONS_=4},{NOMINAL_HEATING_CAPACITY=48000},{NUMBER_OF_POLES=2},{OVERALL_DEPTH=18.125},{OVERALL_HEIGHT=34.25},{OVERALL_WIDTH=43.3125},{PARTTYPE=Normal},{PHASE=1},{REFRIGERANT_CHARGE=6.94},{REFRIGERANT_
100
AcDbAttributeDefinition
  3

  2
PSOL_5
 70
     9
280
     0
  0
ATTDEF
  5
96
330
7E
100
AcDbEntity
  8
AM_6
100
AcDbText
 10
3.28125000000037
 20
7.124999999997794
 30
0.0
 40
0.5
  1
_OFFSET=4.94},{REFRIGERANT_SUCTION_GAS_CONNECTION_DEPTH_OFFSET_ROOM_A=3.88},{REFRIGERANT_SUCTION_GAS_CONNECTION_DIAMETER_ROOM_A=0.375},{REFRIGERANT_SUCTION_GAS_CONNECTION_DIAMETER_ROOM_B=0.5},{REFRIGERANT_SUCTION_GAS_CONNECTION_RADIUS_ROOM_A=0.1875}
100
AcDbAttributeDefinition
  3

  2
PSOL_6
 70
     9
280
     0
  0
ATTDEF
  5
97
330
7E
100
AcDbEntity
  8
AM_6
100
AcDbText
 10
3.28125000000037
 20
6.624999999997794
 30
0.0
 40
0.5
  1
IGERANT_SUCTION_GAS_CONNECTION_RADIUS_ROOM_B=0.25},{REFRIGERANT_USED=R-32},{SERIES=MXM-A},{SPACE_OR_PERFOMANCE_FRONT=13.75},{SPACE_OR_PERFOMANCE_REAR=3.9375},{SPACE_OR_PERFOMANCE_SIDE=1.9375},{SYSTEM_PERFORMANCE_COP=1.9},{SYSTEM_PERFORMANCE_EER2=10.
100
AcDbAttributeDefinition
  3

  2
PSOL_7
 70
     9
280
     0
  0
ATTDEF
  5
98
330
7E
100
AcDbEntity
  8
AM_6
100
AcDbText
 10
3.28125000000037
 20
6.124999999997794
 30
0.0
 40
0.5
  1
STEM_PERFORMANCE_HSPF2=9.5},{SYSTEM_PERFORMANCE_SEER2=20.0},{UNIT_WEIGHT=219},{URL=https://daikincomfort.com/},{VERSION=1},{VOLTAGE=240},{VOLTAGE_COMMENTS=208 VAC - 230 VAC},{CLASSIFICATION_NUMBER=23.33.17.13.11},{PRODUCT_PAGE_URL=https://daikincomf
100
AcDbAttributeDefinition
  3

  2
PSOL_8
 70
     9
280
     0
  0
ATTDEF
  5
99
330
7E
100
AcDbEntity
  8
AM_6
100
AcDbText
 10
3.28125000000037
 20
5.624999999997794
 30
0.0
 40
0.5
  1
m/products/heating-cooling/multi-split-ductless},{REFRIGERANT_LIQUID_CONNECTION_ARRAY_VERTICAL_OFFSET=3},{REFRIGERANT_LIQUID_CONNECTION_DIAMETER=0.25},{REFRIGERANT_LIQUID_CONNECTION_HORIZONTAL_OFFSET=0.875},{REFRIGERANT_LIQUID_CONNECTION_RADIUS=0.12
100
AcDbAttributeDefinition
  3

  2
PSOL_9
 70
     9
280
     0
  0
ATTDEF
  5
9A
330
7E
100
AcDbEntity
  8
AM_6
100
AcDbText
 10
3.28125000000037
 20
5.124999999997794
 30
0.0
 40
0.5
  1
FRIGERANT_LIQUID_CONNECTION_VERTICAL_OFFSET=3.8125},{REFRIGERANT_SUCTION_GAS_CONNECTION_ARRAY_VERTICAL_OFFSET=3},{REFRIGERANT_SUCTION_GAS_CONNECTION_DEPTH_OFFSET=3.56},{REFRIGERANT_SUCTION_GAS_CONNECTION_DEPTH_OFFSET_ROOM_D=3.38},{REFRIGERANT_SUCTIO
100
AcDbAttributeDefinition
  3

  2
PSOL_10
 70
     9
280
     0
  0
ATTDEF
  5
9B
330
7E
100
AcDbEntity
  8
AM_6
100
AcDbText
 10
3.28125000000037
 20
4.624999999997794
 30
0.0
 40
0.5
  1
CONNECTION_DEPTH_OFFSET_ROOM_E=3.38},{REFRIGERANT_SUCTION_GAS_CONNECTION_DIAMETER_ROOM_C=0.5},{REFRIGERANT_SUCTION_GAS_CONNECTION_DIAMETER_ROOM_D=0.625},{REFRIGERANT_SUCTION_GAS_CONNECTION_DIAMETER_ROOM_E=0.625},{REFRIGERANT_SUCTION_GAS_CONNECTION_H
100
AcDbAttributeDefinition
  3

  2
PSOL_11
 70
     9
280
     0
  0
ATTDEF
  5
9C
330
7E
100
AcDbEntity
  8
AM_6
100
AcDbText
 10
3.28125000000037
 20
4.124999999997794
 30
0.0
 40
0.5
  1
TAL_OFFSET=1.6875},{REFRIGERANT_SUCTION_GAS_CONNECTION_RADIUS_ROOM_C=0.25},{REFRIGERANT_SUCTION_GAS_CONNECTION_RADIUS_ROOM_D=0.3125},{REFRIGERANT_SUCTION_GAS_CONNECTION_RADIUS_ROOM_E=0.3125},{REFRIGERANT_SUCTION_GAS_CONNECTION_VERTICAL_OFFSET=5.25},
100
AcDbAttributeDefinition
  3

  2
PSOL_12
 70
     9
280
     0
  0
ATTDEF
  5
9D
330
7E
100
AcDbEntity
  8
AM_6
100
AcDbText
 10
3.28125000000037
 20
3.624999999997794
 30
0.0
 40
0.5
  1
AMILY=Download Revit Family (RFA)},{PARTNUMBERMAP09=},{MODEL=},{OMNICLASS_NUMBER=},{OMNICLASS_TITLE=},{REFRIGERANT_LIQUID_CONNECTION_DEPTH_OFFSET=},{REFRIGERANT_LIQUID_CONNECTION_DIAMETER_ROOM_A=},{REFRIGERANT_LIQUID_CONNECTION_DIAMETER_ROOM_B=},{RE
100
AcDbAttributeDefinition
  3

  2
PSOL_13
 70
     9
280
     0
  0
ATTDEF
  5
9E
330
7E
100
AcDbEntity
  8
AM_6
100
AcDbText
 10
3.28125000000037
 20
3.124999999997794
 30
0.0
 40
0.5
  1
ANT_LIQUID_CONNECTION_RADIUS_ROOM_A=},{REFRIGERANT_LIQUID_CONNECTION_RADIUS_ROOM_B=},{REFRIGERANT_LIQUID_CONNECTION_VERTICAL_OFFSET_ROOM_A=},{REFRIGERANT_LIQUID_CONNECTION_VERTICAL_OFFSET_ROOM_B=},{REFRIGERANT_SUCTION_GAS_CONNECTION_DEPTH_OFFSET_ROO
100
AcDbAttributeDefinition
  3

  2
PSOL_14
 70
     9
280
     0
  0
ATTDEF
  5
9F
330
7E
100
AcDbEntity
  8
AM_6
100
AcDbText
 10
3.28125000000037
 20
2.624999999997794
 30
0.0
 40
0.5
  1
{REFRIGERANT_SUCTION_GAS_CONNECTION_VERTICAL_OFFSET_ROOM_A=},{REFRIGERANT_SUCTION_GAS_CONNECTION_VERTICAL_OFFSET_ROOM_B=},{REFRIGERANT_SUCTION_GAS_OFFSET=},{STOP_VALVE_COVER_DEPTH=},{STOP_VALVE_COVER_HEIGHT=},{STOP_VALVE_COVER_VISIBILITY=},{STOP_VAL
100
AcDbAttributeDefinition
  3

  2
PSOL_15
 70
     9
280
     0
  0
ATTDEF
  5
A0
330
7E
100
AcDbEntity
  8
AM_6
100
AcDbText
 10
3.28125000000037
 20
2.124999999997794
 30
0.0
 40
0.5
  1
ER_WIDTH=},{DEFAULTSORTATTR=},{RFA_FAMILY_=../../_pool_/fc/e2/heat_pump_unit-multi_zone-outdoor-daikin-5mxm.zip},{RFA_FAMILY_ENG=../../_pool_/fc/e2/heat_pump_unit-multi_zone-outdoor-daikin-5mxm.zip},{REVIT_FAMILY_DOWNLOAD=../../_pool_/fc/e2/heat_pum
100
AcDbAttributeDefinition
  3

  2
PSOL_16
 70
     9
280
     0
  0
ATTDEF
  5
A1
330
7E
100
AcDbEntity
  8
AM_6
100
AcDbText
 10
3.28125000000037
 20
1.624999999997794
 30
0.0
 40
0.5
  1
-multi_zone-outdoor-daikin-5mxm.zip}
100
AcDbAttributeDefinition
  3

  2
PSOL_17
 70
     9
280
     0
  0
LINE
  5
A4
330
7E
100
AcDbEntity
  8
AM_9
100
AcDbLine
 10
-2.71874999999963
 20
17.12499999999779
 30
0.0
 11
-1.71874999999963
 21
17.12499999999779
 31
0.0
  0
LINE
  5
A5
330
7E
100
AcDbEntity
  8
AM_9
100
AcDbLine
 10
-2.71874999999963
 20
17.12499999999779
 30
0.0
 11
-2.71874999999963
 21
0.9999999999977612
 31
0.0
  0
LINE
  5
A6
330
7E
100
AcDbEntity
  8
AM_9
100
AcDbLine
 10
-1.71874999999963
 20
0.9999999999977612
 30
0.0
 11
-1.71874999999963
 21
17.12499999999779
 31
0.0
  0
ENDBLK
  5
81
330
7E
100
AcDbEntity
  8
0
100
AcDbBlockEnd
  0
BLOCK
  5
A9
330
A7
100
AcDbEntity
  8
0
100
AcDbBlockBegin
  2
2_5MXM48AVJU9_PART11_0_in_5MXM48AVJU9_0
 70
     2
 10
0.0
 20
0.0
 30
0.0
  3
2_5MXM48AVJU9_PART11_0_in_5MXM48AVJU9_0
  1

  0
ATTDEF
  5
AB
330
A7
100
AcDbEntity
  8
AM_6
100
AcDbText
 10
25.9125000000002
 20
7.943749999996339
 30
0.0
 40
0.5
  1
5MXM48AVJU9_PART11
100
AcDbAttributeDefinition
  3

  2
NB
 70
     8
280
     0
  0
ATTDEF
  5
AC
330
A7
100
AcDbEntity
  8
AM_6
100
AcDbText
 10
25.9125000000002
 20
7.443749999996339
 30
0.0
 40
0.5
  1

100
AcDbAttributeDefinition
  3

  2
NN
 70
     8
280
     0
  0
ATTDEF
  5
AD
330
A7
100
AcDbEntity
  8
AM_6
100
AcDbText
 10
25.9125000000002
 20
6.943749999996339
 30
0.0
 40
0.5
  1

100
AcDbAttributeDefinition
  3

  2
NT
 70
     8
280
     0
  0
ATTDEF
  5
AE
330
A7
100
AcDbEntity
  8
AM_6
100
AcDbText
 10
25.9125000000002
 20
6.443749999996339
 30
0.0
 40
0.5
  1
$PARTNUMBER._PART11
100
AcDbAttributeDefinition
  3

  2
NBSYN
 70
     8
280
     0
  0
ATTDEF
  5
AF
330
A7
100
AcDbEntity
  8
AM_6
100
AcDbText
 10
25.9125000000002
 20
5.943749999996339
 30
0.0
 40
0.5
  1
5MXM48AVJU9_PART11
100
AcDbAttributeDefinition
  3

  2
LINA
 70
     8
280
     0
  0
ATTDEF
  5
B0
330
A7
100
AcDbEntity
  8
AM_6
100
AcDbText
 10
25.9125000000002
 20
5.443749999996339
 30
0.0
 40
0.5
  1
Daikin
100
AcDbAttributeDefinition
  3

  2
CATALOG
 70
     8
280
     0
  0
ATTDEF
  5
B1
330
A7
100
AcDbEntity
  8
AM_6
100
AcDbText
 10
25.9125000000002
 20
4.943749999996339
 30
0.0
 40
0.5
  1
5MXM48AVJU9
100
AcDbAttributeDefinition
  3

  2
PARTNUMBER
 70
     8
280
     0
  0
ATTDEF
  5
B2
330
A7
100
AcDbEntity
  8
AM_6
100
AcDbText
 10
25.9125000000002
 20
4.443749999996339
 30
0.0
 40
0.5
  1
Five Zone Multi-Split Unit
100
AcDbAttributeDefinition
  3

  2
DESCRIPTION
 70
     8
280
     0
  0
ATTDEF
  5
B3
330
A7
100
AcDbEntity
  8
AM_6
100
AcDbText
 10
25.9125000000002
 20
3.943749999996339
 30
0.0
 40
0.5
  1
18.125
100
AcDbAttributeDefinition
  3

  2
OVERALL_DEPTH
 70
     8
280
     0
  0
ATTDEF
  5
B4
330
A7
100
AcDbEntity
  8
AM_6
100
AcDbText
 10
25.9125000000002
 20
3.443749999996339
 30
0.0
 40
0.5
  1
34.25
100
AcDbAttributeDefinition
  3

  2
OVERALL_HEIGHT
 70
     8
280
     0
  0
ATTDEF
  5
B5
330
A7
100
AcDbEntity
  8
AM_6
100
AcDbText
 10
25.9125000000002
 20
2.943749999996339
 30
0.0
 40
0.5
  1
43.3125
100
AcDbAttributeDefinition
  3

  2
OVERALL_WIDTH
 70
     8
280
     0
  0
ATTDEF
  5
B6
330
A7
100
AcDbEntity
  8
AM_6
100
AcDbText
 10
25.9125000000002
 20
2.443749999996339
 30
0.0
 40
0.5
  1
https://daikincomfort.com/
100
AcDbAttributeDefinition
  3

  2
URL
 70
     8
280
     0
  0
ATTDEF
  5
B7
330
A7
100
AcDbEntity
  8
AM_6
100
AcDbText
 10
25.9125000000002
 20
1.943749999996339
 30
0.0
 40
0.5
  1
Download Revit Family (RFA)
100
AcDbAttributeDefinition
  3

  2
RFA_FAMILY
 70
     8
280
     0
  0
ATTDEF
  5
B8
330
A7
100
AcDbEntity
  8
AM_6
100
AcDbText
 10
25.9125000000002
 20
1.443749999996339
 30
0.0
 40
0.5
  1
daikin
100
AcDbAttributeDefinition
  3

  2
COMPANY
 70
     8
280
     0
  0
ATTDEF
  5
B9
330
A7
100
AcDbEntity
  8
AM_6
100
AcDbText
 10
25.9125000000002
 20
0.9437499999963386
 30
0.0
 40
0.5
  1
{$CADENAS_DATA/23d-libs/daikin/multi20zone20systems/multi20zone20outdoor20units/heat_pump_unit-multi_zone-outdoor-daikin-mxm.prj},240 {VTYP=3D},{NB=5MXM48AVJU9_PART11},{LINA=5MXM48AVJU9_PART11},{NN=(R32) Heat_Pump_Unit-Multi_Zone-Outdoor-Daikin-MXM_
100
AcDbAttributeDefinition
  3

  2
PSOL_0
 70
     9
280
     0
  0
ATTDEF
  5
BA
330
A7
100
AcDbEntity
  8
AM_6
100
AcDbText
 10
25.9125000000002
 20
0.4437499999963386
 30
0.0
 40
0.5
  1
},{NOPRJ=TRUE},{DATE=03.06.2026 19:23:31},{GEOMDATE=06.03.2026 09:05:37},{VERSION=},{LINEID=50},{WBVAR=},{WBNUMERIC=}  {NB=5MXM48AVJU9_PART11},{LINA=5MXM48AVJU9_PART11},{KT=DUMMY},{PARTNUMBER=5MXM48AVJU9},{APPARENT_POWER=9144},{PARTNUMBERHELP=4Ton_F
100
AcDbAttributeDefinition
  3

  2
PSOL_1
 70
     9
280
     0
  0
ATTDEF
  5
BB
330
A7
100
AcDbEntity
  8
AM_6
100
AcDbText
 10
25.9125000000002
 20
-0.0562500000036614
 30
0.0
 40
0.5
  1
ne_5MXM48AVJU9},{ASSEMBLY_CODE=D3040100},{BASE_PITCH=20.57},{BASE_PITCH_OFFSET=7.06},{BASE_PITCH_WIDTH=1},{BASE_PITCH_WIDTH_APART=29.125},{CATEGORY=Mechanical Equipment},{CLEARANCE_VISIBILITY=1},{COMPRESSOR_TYPE=Hermetically Sealed Swing Type},{COND
100
AcDbAttributeDefinition
  3

  2
PSOL_2
 70
     9
280
     0
  0
ATTDEF
  5
BC
330
A7
100
AcDbEntity
  8
AM_6
100
AcDbText
 10
25.9125000000002
 20
-0.5562500000036614
 30
0.0
 40
0.5
  1
_DRAIN_CONNECTION_DIAMETER=1},{CONDENSATE_DRAIN_CONNECTION_RADIUS=0.5},{CONDENSATE_DRAIN_DEPTH_OFFSET=16.75},{CONDENSATE_DRAIN_HORIZONTAL_OFFSET=23.875},{COST=0},{DEFAULT_ELEVATION=0},{DESCRIPTION=Five Zone Multi-Split Unit},{ENCLOSURE_DEPTH=18.125}
100
AcDbAttributeDefinition
  3

  2
PSOL_3
 70
     9
280
     0
  0
ATTDEF
  5
BD
330
A7
100
AcDbEntity
  8
AM_6
100
AcDbText
 10
25.9125000000002
 20
-1.056250000003661
 30
0.0
 40
0.5
  1
OSURE_HEIGHT_OFFSET=1},{ENCLOSURE_WIDTH=43.3125},{FAN_TYPE=Propeller},{FREQUENCY=60},{FRONT_GRILL_L_X_H=30.825},{LOAD_SUB_CLASSIFICATION_MOTOR=1},{MANUFACTURER=Daikin},{MASSUNIT=1},{MAXIMUM_OVERCURRENT_PROTECTION=40},{MINIMUM_CIRCUIT_AMPS=38.1},{NOM
100
AcDbAttributeDefinition
  3

  2
PSOL_4
 70
     9
280
     0
  0
ATTDEF
  5
BE
330
A7
100
AcDbEntity
  8
AM_6
100
AcDbText
 10
25.9125000000002
 20
-1.556250000003661
 30
0.0
 40
0.5
  1
OOLING_CAPACITY=48000},{NOMINAL_COOLING_CAPACITY__TONS_=4},{NOMINAL_HEATING_CAPACITY=48000},{NUMBER_OF_POLES=2},{OVERALL_DEPTH=18.125},{OVERALL_HEIGHT=34.25},{OVERALL_WIDTH=43.3125},{PARTTYPE=Normal},{PHASE=1},{REFRIGERANT_CHARGE=6.94},{REFRIGERANT_
100
AcDbAttributeDefinition
  3

  2
PSOL_5
 70
     9
280
     0
  0
ATTDEF
  5
BF
330
A7
100
AcDbEntity
  8
AM_6
100
AcDbText
 10
25.9125000000002
 20
-2.056250000003661
 30
0.0
 40
0.5
  1
_OFFSET=4.94},{REFRIGERANT_SUCTION_GAS_CONNECTION_DEPTH_OFFSET_ROOM_A=3.88},{REFRIGERANT_SUCTION_GAS_CONNECTION_DIAMETER_ROOM_A=0.375},{REFRIGERANT_SUCTION_GAS_CONNECTION_DIAMETER_ROOM_B=0.5},{REFRIGERANT_SUCTION_GAS_CONNECTION_RADIUS_ROOM_A=0.1875}
100
AcDbAttributeDefinition
  3

  2
PSOL_6
 70
     9
280
     0
  0
ATTDEF
  5
C0
330
A7
100
AcDbEntity
  8
AM_6
100
AcDbText
 10
25.9125000000002
 20
-2.556250000003661
 30
0.0
 40
0.5
  1
IGERANT_SUCTION_GAS_CONNECTION_RADIUS_ROOM_B=0.25},{REFRIGERANT_USED=R-32},{SERIES=MXM-A},{SPACE_OR_PERFOMANCE_FRONT=13.75},{SPACE_OR_PERFOMANCE_REAR=3.9375},{SPACE_OR_PERFOMANCE_SIDE=1.9375},{SYSTEM_PERFORMANCE_COP=1.9},{SYSTEM_PERFORMANCE_EER2=10.
100
AcDbAttributeDefinition
  3

  2
PSOL_7
 70
     9
280
     0
  0
ATTDEF
  5
C1
330
A7
100
AcDbEntity
  8
AM_6
100
AcDbText
 10
25.9125000000002
 20
-3.056250000003661
 30
0.0
 40
0.5
  1
STEM_PERFORMANCE_HSPF2=9.5},{SYSTEM_PERFORMANCE_SEER2=20.0},{UNIT_WEIGHT=219},{URL=https://daikincomfort.com/},{VERSION=1},{VOLTAGE=240},{VOLTAGE_COMMENTS=208 VAC - 230 VAC},{CLASSIFICATION_NUMBER=23.33.17.13.11},{PRODUCT_PAGE_URL=https://daikincomf
100
AcDbAttributeDefinition
  3

  2
PSOL_8
 70
     9
280
     0
  0
ATTDEF
  5
C2
330
A7
100
AcDbEntity
  8
AM_6
100
AcDbText
 10
25.9125000000002
 20
-3.556250000003661
 30
0.0
 40
0.5
  1
m/products/heating-cooling/multi-split-ductless},{REFRIGERANT_LIQUID_CONNECTION_ARRAY_VERTICAL_OFFSET=3},{REFRIGERANT_LIQUID_CONNECTION_DIAMETER=0.25},{REFRIGERANT_LIQUID_CONNECTION_HORIZONTAL_OFFSET=0.875},{REFRIGERANT_LIQUID_CONNECTION_RADIUS=0.12
100
AcDbAttributeDefinition
  3

  2
PSOL_9
 70
     9
280
     0
  0
ATTDEF
  5
C3
330
A7
100
AcDbEntity
  8
AM_6
100
AcDbText
 10
25.9125000000002
 20
-4.056250000003661
 30
0.0
 40
0.5
  1
FRIGERANT_LIQUID_CONNECTION_VERTICAL_OFFSET=3.8125},{REFRIGERANT_SUCTION_GAS_CONNECTION_ARRAY_VERTICAL_OFFSET=3},{REFRIGERANT_SUCTION_GAS_CONNECTION_DEPTH_OFFSET=3.56},{REFRIGERANT_SUCTION_GAS_CONNECTION_DEPTH_OFFSET_ROOM_D=3.38},{REFRIGERANT_SUCTIO
100
AcDbAttributeDefinition
  3

  2
PSOL_10
 70
     9
280
     0
  0
ATTDEF
  5
C4
330
A7
100
AcDbEntity
  8
AM_6
100
AcDbText
 10
25.9125000000002
 20
-4.556250000003661
 30
0.0
 40
0.5
  1
CONNECTION_DEPTH_OFFSET_ROOM_E=3.38},{REFRIGERANT_SUCTION_GAS_CONNECTION_DIAMETER_ROOM_C=0.5},{REFRIGERANT_SUCTION_GAS_CONNECTION_DIAMETER_ROOM_D=0.625},{REFRIGERANT_SUCTION_GAS_CONNECTION_DIAMETER_ROOM_E=0.625},{REFRIGERANT_SUCTION_GAS_CONNECTION_H
100
AcDbAttributeDefinition
  3

  2
PSOL_11
 70
     9
280
     0
  0
ATTDEF
  5
C5
330
A7
100
AcDbEntity
  8
AM_6
100
AcDbText
 10
25.9125000000002
 20
-5.056250000003661
 30
0.0
 40
0.5
  1
TAL_OFFSET=1.6875},{REFRIGERANT_SUCTION_GAS_CONNECTION_RADIUS_ROOM_C=0.25},{REFRIGERANT_SUCTION_GAS_CONNECTION_RADIUS_ROOM_D=0.3125},{REFRIGERANT_SUCTION_GAS_CONNECTION_RADIUS_ROOM_E=0.3125},{REFRIGERANT_SUCTION_GAS_CONNECTION_VERTICAL_OFFSET=5.25},
100
AcDbAttributeDefinition
  3

  2
PSOL_12
 70
     9
280
     0
  0
ATTDEF
  5
C6
330
A7
100
AcDbEntity
  8
AM_6
100
AcDbText
 10
25.9125000000002
 20
-5.556250000003661
 30
0.0
 40
0.5
  1
AMILY=Download Revit Family (RFA)},{PARTNUMBERMAP09=},{MODEL=},{OMNICLASS_NUMBER=},{OMNICLASS_TITLE=},{REFRIGERANT_LIQUID_CONNECTION_DEPTH_OFFSET=},{REFRIGERANT_LIQUID_CONNECTION_DIAMETER_ROOM_A=},{REFRIGERANT_LIQUID_CONNECTION_DIAMETER_ROOM_B=},{RE
100
AcDbAttributeDefinition
  3

  2
PSOL_13
 70
     9
280
     0
  0
ATTDEF
  5
C7
330
A7
100
AcDbEntity
  8
AM_6
100
AcDbText
 10
25.9125000000002
 20
-6.056250000003661
 30
0.0
 40
0.5
  1
ANT_LIQUID_CONNECTION_RADIUS_ROOM_A=},{REFRIGERANT_LIQUID_CONNECTION_RADIUS_ROOM_B=},{REFRIGERANT_LIQUID_CONNECTION_VERTICAL_OFFSET_ROOM_A=},{REFRIGERANT_LIQUID_CONNECTION_VERTICAL_OFFSET_ROOM_B=},{REFRIGERANT_SUCTION_GAS_CONNECTION_DEPTH_OFFSET_ROO
100
AcDbAttributeDefinition
  3

  2
PSOL_14
 70
     9
280
     0
  0
ATTDEF
  5
C8
330
A7
100
AcDbEntity
  8
AM_6
100
AcDbText
 10
25.9125000000002
 20
-6.556250000003661
 30
0.0
 40
0.5
  1
{REFRIGERANT_SUCTION_GAS_CONNECTION_VERTICAL_OFFSET_ROOM_A=},{REFRIGERANT_SUCTION_GAS_CONNECTION_VERTICAL_OFFSET_ROOM_B=},{REFRIGERANT_SUCTION_GAS_OFFSET=},{STOP_VALVE_COVER_DEPTH=},{STOP_VALVE_COVER_HEIGHT=},{STOP_VALVE_COVER_VISIBILITY=},{STOP_VAL
100
AcDbAttributeDefinition
  3

  2
PSOL_15
 70
     9
280
     0
  0
ATTDEF
  5
C9
330
A7
100
AcDbEntity
  8
AM_6
100
AcDbText
 10
25.9125000000002
 20
-7.056250000003661
 30
0.0
 40
0.5
  1
ER_WIDTH=},{DEFAULTSORTATTR=},{RFA_FAMILY_=../../_pool_/fc/e2/heat_pump_unit-multi_zone-outdoor-daikin-5mxm.zip},{RFA_FAMILY_ENG=../../_pool_/fc/e2/heat_pump_unit-multi_zone-outdoor-daikin-5mxm.zip},{REVIT_FAMILY_DOWNLOAD=../../_pool_/fc/e2/heat_pum
100
AcDbAttributeDefinition
  3

  2
PSOL_16
 70
     9
280
     0
  0
ATTDEF
  5
CA
330
A7
100
AcDbEntity
  8
AM_6
100
AcDbText
 10
25.9125000000002
 20
-7.556250000003661
 30
0.0
 40
0.5
  1
-multi_zone-outdoor-daikin-5mxm.zip}
100
AcDbAttributeDefinition
  3

  2
PSOL_17
 70
     9
280
     0
  0
CIRCLE
  5
CB
330
A7
100
AcDbEntity
  8
AM_9
100
AcDbCircle
 10
20.7812500000002
 20
7.812499999996339
 30
0.0
 40
0.125
  0
LINE
  5
CE
330
A7
100
AcDbEntity
  8
AM_7
100
AcDbLine
 10
20.6500000000002
 20
7.812499999996339
 30
0.0
 11
20.9125000000002
 21
7.812499999996339
 31
0.0
  0
LINE
  5
CF
330
A7
100
AcDbEntity
  8
AM_7
100
AcDbLine
 10
20.7812500000002
 20
7.681249999996339
 30
0.0
 11
20.7812500000002
 21
7.943749999996339
 31
0.0
  0
ENDBLK
  5
AA
330
A7
100
AcDbEntity
  8
0
100
AcDbBlockEnd
  0
BLOCK
  5
D2
330
D0
100
AcDbEntity
  8
0
100
AcDbBlockBegin
  2
3_5MXM48AVJU9_PART10_0_in_5MXM48AVJU9_0
 70
     2
 10
0.0
 20
0.0
 30
0.0
  3
3_5MXM48AVJU9_PART10_0_in_5MXM48AVJU9_0
  1

  0
ATTDEF
  5
D4
330
D0
100
AcDbEntity
  8
AM_6
100
AcDbText
 10
25.2968750000002
 20
9.578124999996339
 30
0.0
 40
0.5
  1
5MXM48AVJU9_PART10
100
AcDbAttributeDefinition
  3

  2
NB
 70
     8
280
     0
  0
ATTDEF
  5
D5
330
D0
100
AcDbEntity
  8
AM_6
100
AcDbText
 10
25.2968750000002
 20
9.078124999996339
 30
0.0
 40
0.5
  1

100
AcDbAttributeDefinition
  3

  2
NN
 70
     8
280
     0
  0
ATTDEF
  5
D6
330
D0
100
AcDbEntity
  8
AM_6
100
AcDbText
 10
25.2968750000002
 20
8.578124999996339
 30
0.0
 40
0.5
  1

100
AcDbAttributeDefinition
  3

  2
NT
 70
     8
280
     0
  0
ATTDEF
  5
D7
330
D0
100
AcDbEntity
  8
AM_6
100
AcDbText
 10
25.2968750000002
 20
8.078124999996339
 30
0.0
 40
0.5
  1
$PARTNUMBER._PART10
100
AcDbAttributeDefinition
  3

  2
NBSYN
 70
     8
280
     0
  0
ATTDEF
  5
D8
330
D0
100
AcDbEntity
  8
AM_6
100
AcDbText
 10
25.2968750000002
 20
7.578124999996339
 30
0.0
 40
0.5
  1
5MXM48AVJU9_PART10
100
AcDbAttributeDefinition
  3

  2
LINA
 70
     8
280
     0
  0
ATTDEF
  5
D9
330
D0
100
AcDbEntity
  8
AM_6
100
AcDbText
 10
25.2968750000002
 20
7.078124999996339
 30
0.0
 40
0.5
  1
Daikin
100
AcDbAttributeDefinition
  3

  2
CATALOG
 70
     8
280
     0
  0
ATTDEF
  5
DA
330
D0
100
AcDbEntity
  8
AM_6
100
AcDbText
 10
25.2968750000002
 20
6.578124999996339
 30
0.0
 40
0.5
  1
5MXM48AVJU9
100
AcDbAttributeDefinition
  3

  2
PARTNUMBER
 70
     8
280
     0
  0
ATTDEF
  5
DB
330
D0
100
AcDbEntity
  8
AM_6
100
AcDbText
 10
25.2968750000002
 20
6.078124999996339
 30
0.0
 40
0.5
  1
Five Zone Multi-Split Unit
100
AcDbAttributeDefinition
  3

  2
DESCRIPTION
 70
     8
280
     0
  0
ATTDEF
  5
DC
330
D0
100
AcDbEntity
  8
AM_6
100
AcDbText
 10
25.2968750000002
 20
5.578124999996339
 30
0.0
 40
0.5
  1
18.125
100
AcDbAttributeDefinition
  3

  2
OVERALL_DEPTH
 70
     8
280
     0
  0
ATTDEF
  5
DD
330
D0
100
AcDbEntity
  8
AM_6
100
AcDbText
 10
25.2968750000002
 20
5.078124999996339
 30
0.0
 40
0.5
  1
34.25
100
AcDbAttributeDefinition
  3

  2
OVERALL_HEIGHT
 70
     8
280
     0
  0
ATTDEF
  5
DE
330
D0
100
AcDbEntity
  8
AM_6
100
AcDbText
 10
25.2968750000002
 20
4.578124999996339
 30
0.0
 40
0.5
  1
43.3125
100
AcDbAttributeDefinition
  3

  2
OVERALL_WIDTH
 70
     8
280
     0
  0
ATTDEF
  5
DF
330
D0
100
AcDbEntity
  8
AM_6
100
AcDbText
 10
25.2968750000002
 20
4.078124999996339
 30
0.0
 40
0.5
  1
https://daikincomfort.com/
100
AcDbAttributeDefinition
  3

  2
URL
 70
     8
280
     0
  0
ATTDEF
  5
E0
330
D0
100
AcDbEntity
  8
AM_6
100
AcDbText
 10
25.2968750000002
 20
3.578124999996339
 30
0.0
 40
0.5
  1
Download Revit Family (RFA)
100
AcDbAttributeDefinition
  3

  2
RFA_FAMILY
 70
     8
280
     0
  0
ATTDEF
  5
E1
330
D0
100
AcDbEntity
  8
AM_6
100
AcDbText
 10
25.2968750000002
 20
3.078124999996339
 30
0.0
 40
0.5
  1
daikin
100
AcDbAttributeDefinition
  3

  2
COMPANY
 70
     8
280
     0
  0
ATTDEF
  5
E2
330
D0
100
AcDbEntity
  8
AM_6
100
AcDbText
 10
25.2968750000002
 20
2.578124999996339
 30
0.0
 40
0.5
  1
{$CADENAS_DATA/23d-libs/daikin/multi20zone20systems/multi20zone20outdoor20units/heat_pump_unit-multi_zone-outdoor-daikin-mxm.prj},240 {VTYP=3D},{NB=5MXM48AVJU9_PART10},{LINA=5MXM48AVJU9_PART10},{NN=(R32) Heat_Pump_Unit-Multi_Zone-Outdoor-Daikin-MXM_
100
AcDbAttributeDefinition
  3

  2
PSOL_0
 70
     9
280
     0
  0
ATTDEF
  5
E3
330
D0
100
AcDbEntity
  8
AM_6
100
AcDbText
 10
25.2968750000002
 20
2.078124999996339
 30
0.0
 40
0.5
  1
},{NOPRJ=TRUE},{DATE=03.06.2026 19:23:31},{GEOMDATE=06.03.2026 09:05:37},{VERSION=},{LINEID=50},{WBVAR=},{WBNUMERIC=}  {NB=5MXM48AVJU9_PART10},{LINA=5MXM48AVJU9_PART10},{KT=DUMMY},{PARTNUMBER=5MXM48AVJU9},{APPARENT_POWER=9144},{PARTNUMBERHELP=4Ton_F
100
AcDbAttributeDefinition
  3

  2
PSOL_1
 70
     9
280
     0
  0
ATTDEF
  5
E4
330
D0
100
AcDbEntity
  8
AM_6
100
AcDbText
 10
25.2968750000002
 20
1.578124999996339
 30
0.0
 40
0.5
  1
ne_5MXM48AVJU9},{ASSEMBLY_CODE=D3040100},{BASE_PITCH=20.57},{BASE_PITCH_OFFSET=7.06},{BASE_PITCH_WIDTH=1},{BASE_PITCH_WIDTH_APART=29.125},{CATEGORY=Mechanical Equipment},{CLEARANCE_VISIBILITY=1},{COMPRESSOR_TYPE=Hermetically Sealed Swing Type},{COND
100
AcDbAttributeDefinition
  3

  2
PSOL_2
 70
     9
280
     0
  0
ATTDEF
  5
E5
330
D0
100
AcDbEntity
  8
AM_6
100
AcDbText
 10
25.2968750000002
 20
1.078124999996339
 30
0.0
 40
0.5
  1
_DRAIN_CONNECTION_DIAMETER=1},{CONDENSATE_DRAIN_CONNECTION_RADIUS=0.5},{CONDENSATE_DRAIN_DEPTH_OFFSET=16.75},{CONDENSATE_DRAIN_HORIZONTAL_OFFSET=23.875},{COST=0},{DEFAULT_ELEVATION=0},{DESCRIPTION=Five Zone Multi-Split Unit},{ENCLOSURE_DEPTH=18.125}
100
AcDbAttributeDefinition
  3

  2
PSOL_3
 70
     9
280
     0
  0
ATTDEF
  5
E6
330
D0
100
AcDbEntity
  8
AM_6
100
AcDbText
 10
25.2968750000002
 20
0.5781249999963389
 30
0.0
 40
0.5
  1
OSURE_HEIGHT_OFFSET=1},{ENCLOSURE_WIDTH=43.3125},{FAN_TYPE=Propeller},{FREQUENCY=60},{FRONT_GRILL_L_X_H=30.825},{LOAD_SUB_CLASSIFICATION_MOTOR=1},{MANUFACTURER=Daikin},{MASSUNIT=1},{MAXIMUM_OVERCURRENT_PROTECTION=40},{MINIMUM_CIRCUIT_AMPS=38.1},{NOM
100
AcDbAttributeDefinition
  3

  2
PSOL_4
 70
     9
280
     0
  0
ATTDEF
  5
E7
330
D0
100
AcDbEntity
  8
AM_6
100
AcDbText
 10
25.2968750000002
 20
0.0781249999963389
 30
0.0
 40
0.5
  1
OOLING_CAPACITY=48000},{NOMINAL_COOLING_CAPACITY__TONS_=4},{NOMINAL_HEATING_CAPACITY=48000},{NUMBER_OF_POLES=2},{OVERALL_DEPTH=18.125},{OVERALL_HEIGHT=34.25},{OVERALL_WIDTH=43.3125},{PARTTYPE=Normal},{PHASE=1},{REFRIGERANT_CHARGE=6.94},{REFRIGERANT_
100
AcDbAttributeDefinition
  3

  2
PSOL_5
 70
     9
280
     0
  0
ATTDEF
  5
E8
330
D0
100
AcDbEntity
  8
AM_6
100
AcDbText
 10
25.2968750000002
 20
-0.4218750000036611
 30
0.0
 40
0.5
  1
_OFFSET=4.94},{REFRIGERANT_SUCTION_GAS_CONNECTION_DEPTH_OFFSET_ROOM_A=3.88},{REFRIGERANT_SUCTION_GAS_CONNECTION_DIAMETER_ROOM_A=0.375},{REFRIGERANT_SUCTION_GAS_CONNECTION_DIAMETER_ROOM_B=0.5},{REFRIGERANT_SUCTION_GAS_CONNECTION_RADIUS_ROOM_A=0.1875}
100
AcDbAttributeDefinition
  3

  2
PSOL_6
 70
     9
280
     0
  0
ATTDEF
  5
E9
330
D0
100
AcDbEntity
  8
AM_6
100
AcDbText
 10
25.2968750000002
 20
-0.9218750000036611
 30
0.0
 40
0.5
  1
IGERANT_SUCTION_GAS_CONNECTION_RADIUS_ROOM_B=0.25},{REFRIGERANT_USED=R-32},{SERIES=MXM-A},{SPACE_OR_PERFOMANCE_FRONT=13.75},{SPACE_OR_PERFOMANCE_REAR=3.9375},{SPACE_OR_PERFOMANCE_SIDE=1.9375},{SYSTEM_PERFORMANCE_COP=1.9},{SYSTEM_PERFORMANCE_EER2=10.
100
AcDbAttributeDefinition
  3

  2
PSOL_7
 70
     9
280
     0
  0
ATTDEF
  5
EA
330
D0
100
AcDbEntity
  8
AM_6
100
AcDbText
 10
25.2968750000002
 20
-1.421875000003661
 30
0.0
 40
0.5
  1
STEM_PERFORMANCE_HSPF2=9.5},{SYSTEM_PERFORMANCE_SEER2=20.0},{UNIT_WEIGHT=219},{URL=https://daikincomfort.com/},{VERSION=1},{VOLTAGE=240},{VOLTAGE_COMMENTS=208 VAC - 230 VAC},{CLASSIFICATION_NUMBER=23.33.17.13.11},{PRODUCT_PAGE_URL=https://daikincomf
100
AcDbAttributeDefinition
  3

  2
PSOL_8
 70
     9
280
     0
  0
ATTDEF
  5
EB
330
D0
100
AcDbEntity
  8
AM_6
100
AcDbText
 10
25.2968750000002
 20
-1.921875000003661
 30
0.0
 40
0.5
  1
m/products/heating-cooling/multi-split-ductless},{REFRIGERANT_LIQUID_CONNECTION_ARRAY_VERTICAL_OFFSET=3},{REFRIGERANT_LIQUID_CONNECTION_DIAMETER=0.25},{REFRIGERANT_LIQUID_CONNECTION_HORIZONTAL_OFFSET=0.875},{REFRIGERANT_LIQUID_CONNECTION_RADIUS=0.12
100
AcDbAttributeDefinition
  3

  2
PSOL_9
 70
     9
280
     0
  0
ATTDEF
  5
EC
330
D0
100
AcDbEntity
  8
AM_6
100
AcDbText
 10
25.2968750000002
 20
-2.421875000003661
 30
0.0
 40
0.5
  1
FRIGERANT_LIQUID_CONNECTION_VERTICAL_OFFSET=3.8125},{REFRIGERANT_SUCTION_GAS_CONNECTION_ARRAY_VERTICAL_OFFSET=3},{REFRIGERANT_SUCTION_GAS_CONNECTION_DEPTH_OFFSET=3.56},{REFRIGERANT_SUCTION_GAS_CONNECTION_DEPTH_OFFSET_ROOM_D=3.38},{REFRIGERANT_SUCTIO
100
AcDbAttributeDefinition
  3

  2
PSOL_10
 70
     9
280
     0
  0
ATTDEF
  5
ED
330
D0
100
AcDbEntity
  8
AM_6
100
AcDbText
 10
25.2968750000002
 20
-2.921875000003661
 30
0.0
 40
0.5
  1
CONNECTION_DEPTH_OFFSET_ROOM_E=3.38},{REFRIGERANT_SUCTION_GAS_CONNECTION_DIAMETER_ROOM_C=0.5},{REFRIGERANT_SUCTION_GAS_CONNECTION_DIAMETER_ROOM_D=0.625},{REFRIGERANT_SUCTION_GAS_CONNECTION_DIAMETER_ROOM_E=0.625},{REFRIGERANT_SUCTION_GAS_CONNECTION_H
100
AcDbAttributeDefinition
  3

  2
PSOL_11
 70
     9
280
     0
  0
ATTDEF
  5
EE
330
D0
100
AcDbEntity
  8
AM_6
100
AcDbText
 10
25.2968750000002
 20
-3.421875000003661
 30
0.0
 40
0.5
  1
TAL_OFFSET=1.6875},{REFRIGERANT_SUCTION_GAS_CONNECTION_RADIUS_ROOM_C=0.25},{REFRIGERANT_SUCTION_GAS_CONNECTION_RADIUS_ROOM_D=0.3125},{REFRIGERANT_SUCTION_GAS_CONNECTION_RADIUS_ROOM_E=0.3125},{REFRIGERANT_SUCTION_GAS_CONNECTION_VERTICAL_OFFSET=5.25},
100
AcDbAttributeDefinition
  3

  2
PSOL_12
 70
     9
280
     0
  0
ATTDEF
  5
EF
330
D0
100
AcDbEntity
  8
AM_6
100
AcDbText
 10
25.2968750000002
 20
-3.921875000003661
 30
0.0
 40
0.5
  1
AMILY=Download Revit Family (RFA)},{PARTNUMBERMAP09=},{MODEL=},{OMNICLASS_NUMBER=},{OMNICLASS_TITLE=},{REFRIGERANT_LIQUID_CONNECTION_DEPTH_OFFSET=},{REFRIGERANT_LIQUID_CONNECTION_DIAMETER_ROOM_A=},{REFRIGERANT_LIQUID_CONNECTION_DIAMETER_ROOM_B=},{RE
100
AcDbAttributeDefinition
  3

  2
PSOL_13
 70
     9
280
     0
  0
ATTDEF
  5
F0
330
D0
100
AcDbEntity
  8
AM_6
100
AcDbText
 10
25.2968750000002
 20
-4.421875000003661
 30
0.0
 40
0.5
  1
ANT_LIQUID_CONNECTION_RADIUS_ROOM_A=},{REFRIGERANT_LIQUID_CONNECTION_RADIUS_ROOM_B=},{REFRIGERANT_LIQUID_CONNECTION_VERTICAL_OFFSET_ROOM_A=},{REFRIGERANT_LIQUID_CONNECTION_VERTICAL_OFFSET_ROOM_B=},{REFRIGERANT_SUCTION_GAS_CONNECTION_DEPTH_OFFSET_ROO
100
AcDbAttributeDefinition
  3

  2
PSOL_14
 70
     9
280
     0
  0
ATTDEF
  5
F1
330
D0
100
AcDbEntity
  8
AM_6
100
AcDbText
 10
25.2968750000002
 20
-4.921875000003661
 30
0.0
 40
0.5
  1
{REFRIGERANT_SUCTION_GAS_CONNECTION_VERTICAL_OFFSET_ROOM_A=},{REFRIGERANT_SUCTION_GAS_CONNECTION_VERTICAL_OFFSET_ROOM_B=},{REFRIGERANT_SUCTION_GAS_OFFSET=},{STOP_VALVE_COVER_DEPTH=},{STOP_VALVE_COVER_HEIGHT=},{STOP_VALVE_COVER_VISIBILITY=},{STOP_VAL
100
AcDbAttributeDefinition
  3

  2
PSOL_15
 70
     9
280
     0
  0
ATTDEF
  5
F2
330
D0
100
AcDbEntity
  8
AM_6
100
AcDbText
 10
25.2968750000002
 20
-5.421875000003661
 30
0.0
 40
0.5
  1
ER_WIDTH=},{DEFAULTSORTATTR=},{RFA_FAMILY_=../../_pool_/fc/e2/heat_pump_unit-multi_zone-outdoor-daikin-5mxm.zip},{RFA_FAMILY_ENG=../../_pool_/fc/e2/heat_pump_unit-multi_zone-outdoor-daikin-5mxm.zip},{REVIT_FAMILY_DOWNLOAD=../../_pool_/fc/e2/heat_pum
100
AcDbAttributeDefinition
  3

  2
PSOL_16
 70
     9
280
     0
  0
ATTDEF
  5
F3
330
D0
100
AcDbEntity
  8
AM_6
100
AcDbText
 10
25.2968750000002
 20
-5.921875000003661
 30
0.0
 40
0.5
  1
-multi_zone-outdoor-daikin-5mxm.zip}
100
AcDbAttributeDefinition
  3

  2
PSOL_17
 70
     9
280
     0
  0
CIRCLE
  5
F4
330
D0
100
AcDbEntity
  8
AM_9
100
AcDbCircle
 10
19.9687500000002
 20
9.249999999996339
 30
0.0
 40
0.3125
  0
LINE
  5
F5
330
D0
100
AcDbEntity
  8
AM_7
100
AcDbLine
 10
19.6406250000002
 20
9.249999999996339
 30
0.0
 11
20.2968750000002
 21
9.249999999996339
 31
0.0
  0
LINE
  5
F6
330
D0
100
AcDbEntity
  8
AM_7
100
AcDbLine
 10
19.9687500000002
 20
8.921874999996339
 30
0.0
 11
19.9687500000002
 21
9.578124999996339
 31
0.0
  0
ENDBLK
  5
D3
330
D0
100
AcDbEntity
  8
0
100
AcDbBlockEnd
  0
BLOCK
  5
F9
330
F7
100
AcDbEntity
  8
0
100
AcDbBlockBegin
  2
4_5MXM48AVJU9_PART9_0_in_5MXM48AVJU9_0
 70
     2
 10
0.0
 20
0.0
 30
0.0
  3
4_5MXM48AVJU9_PART9_0_in_5MXM48AVJU9_0
  1

  0
ATTDEF
  5
FB
330
F7
100
AcDbEntity
  8
AM_6
100
AcDbText
 10
25.23125000000019
 20
15.51249999999909
 30
0.0
 40
0.5
  1
5MXM48AVJU9_PART9
100
AcDbAttributeDefinition
  3

  2
NB
 70
     8
280
     0
  0
ATTDEF
  5
FC
330
F7
100
AcDbEntity
  8
AM_6
100
AcDbText
 10
25.23125000000019
 20
15.01249999999909
 30
0.0
 40
0.5
  1

100
AcDbAttributeDefinition
  3

  2
NN
 70
     8
280
     0
  0
ATTDEF
  5
FD
330
F7
100
AcDbEntity
  8
AM_6
100
AcDbText
 10
25.23125000000019
 20
14.51249999999909
 30
0.0
 40
0.5
  1

100
AcDbAttributeDefinition
  3

  2
NT
 70
     8
280
     0
  0
ATTDEF
  5
FE
330
F7
100
AcDbEntity
  8
AM_6
100
AcDbText
 10
25.23125000000019
 20
14.01249999999909
 30
0.0
 40
0.5
  1
$PARTNUMBER._PART9
100
AcDbAttributeDefinition
  3

  2
NBSYN
 70
     8
280
     0
  0
ATTDEF
  5
FF
330
F7
100
AcDbEntity
  8
AM_6
100
AcDbText
 10
25.23125000000019
 20
13.51249999999909
 30
0.0
 40
0.5
  1
5MXM48AVJU9_PART9
100
AcDbAttributeDefinition
  3

  2
LINA
 70
     8
280
     0
  0
ATTDEF
  5
100
330
F7
100
AcDbEntity
  8
AM_6
100
AcDbText
 10
25.23125000000019
 20
13.01249999999909
 30
0.0
 40
0.5
  1
Daikin
100
AcDbAttributeDefinition
  3

  2
CATALOG
 70
     8
280
     0
  0
ATTDEF
  5
101
330
F7
100
AcDbEntity
  8
AM_6
100
AcDbText
 10
25.23125000000019
 20
12.51249999999909
 30
0.0
 40
0.5
  1
5MXM48AVJU9
100
AcDbAttributeDefinition
  3

  2
PARTNUMBER
 70
     8
280
     0
  0
ATTDEF
  5
102
330
F7
100
AcDbEntity
  8
AM_6
100
AcDbText
 10
25.23125000000019
 20
12.01249999999909
 30
0.0
 40
0.5
  1
Five Zone Multi-Split Unit
100
AcDbAttributeDefinition
  3

  2
DESCRIPTION
 70
     8
280
     0
  0
ATTDEF
  5
103
330
F7
100
AcDbEntity
  8
AM_6
100
AcDbText
 10
25.23125000000019
 20
11.51249999999909
 30
0.0
 40
0.5
  1
18.125
100
AcDbAttributeDefinition
  3

  2
OVERALL_DEPTH
 70
     8
280
     0
  0
ATTDEF
  5
104
330
F7
100
AcDbEntity
  8
AM_6
100
AcDbText
 10
25.23125000000019
 20
11.01249999999909
 30
0.0
 40
0.5
  1
34.25
100
AcDbAttributeDefinition
  3

  2
OVERALL_HEIGHT
 70
     8
280
     0
  0
ATTDEF
  5
105
330
F7
100
AcDbEntity
  8
AM_6
100
AcDbText
 10
25.23125000000019
 20
10.51249999999909
 30
0.0
 40
0.5
  1
43.3125
100
AcDbAttributeDefinition
  3

  2
OVERALL_WIDTH
 70
     8
280
     0
  0
ATTDEF
  5
106
330
F7
100
AcDbEntity
  8
AM_6
100
AcDbText
 10
25.23125000000019
 20
10.01249999999909
 30
0.0
 40
0.5
  1
https://daikincomfort.com/
100
AcDbAttributeDefinition
  3

  2
URL
 70
     8
280
     0
  0
ATTDEF
  5
107
330
F7
100
AcDbEntity
  8
AM_6
100
AcDbText
 10
25.23125000000019
 20
9.512499999999093
 30
0.0
 40
0.5
  1
Download Revit Family (RFA)
100
AcDbAttributeDefinition
  3

  2
RFA_FAMILY
 70
     8
280
     0
  0
ATTDEF
  5
108
330
F7
100
AcDbEntity
  8
AM_6
100
AcDbText
 10
25.23125000000019
 20
9.012499999999093
 30
0.0
 40
0.5
  1
daikin
100
AcDbAttributeDefinition
  3

  2
COMPANY
 70
     8
280
     0
  0
ATTDEF
  5
109
330
F7
100
AcDbEntity
  8
AM_6
100
AcDbText
 10
25.23125000000019
 20
8.512499999999093
 30
0.0
 40
0.5
  1
{$CADENAS_DATA/23d-libs/daikin/multi20zone20systems/multi20zone20outdoor20units/heat_pump_unit-multi_zone-outdoor-daikin-mxm.prj},237 {VTYP=3D},{NB=5MXM48AVJU9_PART9},{LINA=5MXM48AVJU9_PART9},{NN=(R32) Heat_Pump_Unit-Multi_Zone-Outdoor-Daikin-MXM_PA
100
AcDbAttributeDefinition
  3

  2
PSOL_0
 70
     9
280
     0
  0
ATTDEF
  5
10A
330
F7
100
AcDbEntity
  8
AM_6
100
AcDbText
 10
25.23125000000019
 20
8.012499999999093
 30
0.0
 40
0.5
  1
NOPRJ=TRUE},{DATE=03.06.2026 19:23:31},{GEOMDATE=06.03.2026 09:05:37},{VERSION=},{LINEID=50},{WBVAR=},{WBNUMERIC=}  {NB=5MXM48AVJU9_PART9},{LINA=5MXM48AVJU9_PART9},{KT=DUMMY},{PARTNUMBER=5MXM48AVJU9},{APPARENT_POWER=9144},{PARTNUMBERHELP=4Ton_Five_Z
100
AcDbAttributeDefinition
  3

  2
PSOL_1
 70
     9
280
     0
  0
ATTDEF
  5
10B
330
F7
100
AcDbEntity
  8
AM_6
100
AcDbText
 10
25.23125000000019
 20
7.512499999999093
 30
0.0
 40
0.5
  1
XM48AVJU9},{ASSEMBLY_CODE=D3040100},{BASE_PITCH=20.57},{BASE_PITCH_OFFSET=7.06},{BASE_PITCH_WIDTH=1},{BASE_PITCH_WIDTH_APART=29.125},{CATEGORY=Mechanical Equipment},{CLEARANCE_VISIBILITY=1},{COMPRESSOR_TYPE=Hermetically Sealed Swing Type},{CONDENSAT
100
AcDbAttributeDefinition
  3

  2
PSOL_2
 70
     9
280
     0
  0
ATTDEF
  5
10C
330
F7
100
AcDbEntity
  8
AM_6
100
AcDbText
 10
25.23125000000019
 20
7.012499999999093
 30
0.0
 40
0.5
  1
N_CONNECTION_DIAMETER=1},{CONDENSATE_DRAIN_CONNECTION_RADIUS=0.5},{CONDENSATE_DRAIN_DEPTH_OFFSET=16.75},{CONDENSATE_DRAIN_HORIZONTAL_OFFSET=23.875},{COST=0},{DEFAULT_ELEVATION=0},{DESCRIPTION=Five Zone Multi-Split Unit},{ENCLOSURE_DEPTH=18.125},{ENC
100
AcDbAttributeDefinition
  3

  2
PSOL_3
 70
     9
280
     0
  0
ATTDEF
  5
10D
330
F7
100
AcDbEntity
  8
AM_6
100
AcDbText
 10
25.23125000000019
 20
6.512499999999093
 30
0.0
 40
0.5
  1
_HEIGHT_OFFSET=1},{ENCLOSURE_WIDTH=43.3125},{FAN_TYPE=Propeller},{FREQUENCY=60},{FRONT_GRILL_L_X_H=30.825},{LOAD_SUB_CLASSIFICATION_MOTOR=1},{MANUFACTURER=Daikin},{MASSUNIT=1},{MAXIMUM_OVERCURRENT_PROTECTION=40},{MINIMUM_CIRCUIT_AMPS=38.1},{NOMINAL_
100
AcDbAttributeDefinition
  3

  2
PSOL_4
 70
     9
280
     0
  0
ATTDEF
  5
10E
330
F7
100
AcDbEntity
  8
AM_6
100
AcDbText
 10
25.23125000000019
 20
6.012499999999093
 30
0.0
 40
0.5
  1
G_CAPACITY=48000},{NOMINAL_COOLING_CAPACITY__TONS_=4},{NOMINAL_HEATING_CAPACITY=48000},{NUMBER_OF_POLES=2},{OVERALL_DEPTH=18.125},{OVERALL_HEIGHT=34.25},{OVERALL_WIDTH=43.3125},{PARTTYPE=Normal},{PHASE=1},{REFRIGERANT_CHARGE=6.94},{REFRIGERANT_LIQUI
100
AcDbAttributeDefinition
  3

  2
PSOL_5
 70
     9
280
     0
  0
ATTDEF
  5
10F
330
F7
100
AcDbEntity
  8
AM_6
100
AcDbText
 10
25.23125000000019
 20
5.512499999999093
 30
0.0
 40
0.5
  1
ET=4.94},{REFRIGERANT_SUCTION_GAS_CONNECTION_DEPTH_OFFSET_ROOM_A=3.88},{REFRIGERANT_SUCTION_GAS_CONNECTION_DIAMETER_ROOM_A=0.375},{REFRIGERANT_SUCTION_GAS_CONNECTION_DIAMETER_ROOM_B=0.5},{REFRIGERANT_SUCTION_GAS_CONNECTION_RADIUS_ROOM_A=0.1875},{REF
100
AcDbAttributeDefinition
  3

  2
PSOL_6
 70
     9
280
     0
  0
ATTDEF
  5
110
330
F7
100
AcDbEntity
  8
AM_6
100
AcDbText
 10
25.23125000000019
 20
5.012499999999093
 30
0.0
 40
0.5
  1
NT_SUCTION_GAS_CONNECTION_RADIUS_ROOM_B=0.25},{REFRIGERANT_USED=R-32},{SERIES=MXM-A},{SPACE_OR_PERFOMANCE_FRONT=13.75},{SPACE_OR_PERFOMANCE_REAR=3.9375},{SPACE_OR_PERFOMANCE_SIDE=1.9375},{SYSTEM_PERFORMANCE_COP=1.9},{SYSTEM_PERFORMANCE_EER2=10.0},{S
100
AcDbAttributeDefinition
  3

  2
PSOL_7
 70
     9
280
     0
  0
ATTDEF
  5
111
330
F7
100
AcDbEntity
  8
AM_6
100
AcDbText
 10
25.23125000000019
 20
4.512499999999093
 30
0.0
 40
0.5
  1
PERFORMANCE_HSPF2=9.5},{SYSTEM_PERFORMANCE_SEER2=20.0},{UNIT_WEIGHT=219},{URL=https://daikincomfort.com/},{VERSION=1},{VOLTAGE=240},{VOLTAGE_COMMENTS=208 VAC - 230 VAC},{CLASSIFICATION_NUMBER=23.33.17.13.11},{PRODUCT_PAGE_URL=https://daikincomfort.c
100
AcDbAttributeDefinition
  3

  2
PSOL_8
 70
     9
280
     0
  0
ATTDEF
  5
112
330
F7
100
AcDbEntity
  8
AM_6
100
AcDbText
 10
25.23125000000019
 20
4.012499999999093
 30
0.0
 40
0.5
  1
ducts/heating-cooling/multi-split-ductless},{REFRIGERANT_LIQUID_CONNECTION_ARRAY_VERTICAL_OFFSET=3},{REFRIGERANT_LIQUID_CONNECTION_DIAMETER=0.25},{REFRIGERANT_LIQUID_CONNECTION_HORIZONTAL_OFFSET=0.875},{REFRIGERANT_LIQUID_CONNECTION_RADIUS=0.125},{R
100
AcDbAttributeDefinition
  3

  2
PSOL_9
 70
     9
280
     0
  0
ATTDEF
  5
113
330
F7
100
AcDbEntity
  8
AM_6
100
AcDbText
 10
25.23125000000019
 20
3.512499999999093
 30
0.0
 40
0.5
  1
RANT_LIQUID_CONNECTION_VERTICAL_OFFSET=3.8125},{REFRIGERANT_SUCTION_GAS_CONNECTION_ARRAY_VERTICAL_OFFSET=3},{REFRIGERANT_SUCTION_GAS_CONNECTION_DEPTH_OFFSET=3.56},{REFRIGERANT_SUCTION_GAS_CONNECTION_DEPTH_OFFSET_ROOM_D=3.38},{REFRIGERANT_SUCTION_GAS
100
AcDbAttributeDefinition
  3

  2
PSOL_10
 70
     9
280
     0
  0
ATTDEF
  5
114
330
F7
100
AcDbEntity
  8
AM_6
100
AcDbText
 10
25.23125000000019
 20
3.012499999999093
 30
0.0
 40
0.5
  1
CTION_DEPTH_OFFSET_ROOM_E=3.38},{REFRIGERANT_SUCTION_GAS_CONNECTION_DIAMETER_ROOM_C=0.5},{REFRIGERANT_SUCTION_GAS_CONNECTION_DIAMETER_ROOM_D=0.625},{REFRIGERANT_SUCTION_GAS_CONNECTION_DIAMETER_ROOM_E=0.625},{REFRIGERANT_SUCTION_GAS_CONNECTION_HORIZO
100
AcDbAttributeDefinition
  3

  2
PSOL_11
 70
     9
280
     0
  0
ATTDEF
  5
115
330
F7
100
AcDbEntity
  8
AM_6
100
AcDbText
 10
25.23125000000019
 20
2.512499999999093
 30
0.0
 40
0.5
  1
FFSET=1.6875},{REFRIGERANT_SUCTION_GAS_CONNECTION_RADIUS_ROOM_C=0.25},{REFRIGERANT_SUCTION_GAS_CONNECTION_RADIUS_ROOM_D=0.3125},{REFRIGERANT_SUCTION_GAS_CONNECTION_RADIUS_ROOM_E=0.3125},{REFRIGERANT_SUCTION_GAS_CONNECTION_VERTICAL_OFFSET=5.25},{RFA_
100
AcDbAttributeDefinition
  3

  2
PSOL_12
 70
     9
280
     0
  0
ATTDEF
  5
116
330
F7
100
AcDbEntity
  8
AM_6
100
AcDbText
 10
25.23125000000019
 20
2.012499999999093
 30
0.0
 40
0.5
  1
=Download Revit Family (RFA)},{PARTNUMBERMAP09=},{MODEL=},{OMNICLASS_NUMBER=},{OMNICLASS_TITLE=},{REFRIGERANT_LIQUID_CONNECTION_DEPTH_OFFSET=},{REFRIGERANT_LIQUID_CONNECTION_DIAMETER_ROOM_A=},{REFRIGERANT_LIQUID_CONNECTION_DIAMETER_ROOM_B=},{REFRIGE
100
AcDbAttributeDefinition
  3

  2
PSOL_13
 70
     9
280
     0
  0
ATTDEF
  5
117
330
F7
100
AcDbEntity
  8
AM_6
100
AcDbText
 10
25.23125000000019
 20
1.512499999999093
 30
0.0
 40
0.5
  1
IQUID_CONNECTION_RADIUS_ROOM_A=},{REFRIGERANT_LIQUID_CONNECTION_RADIUS_ROOM_B=},{REFRIGERANT_LIQUID_CONNECTION_VERTICAL_OFFSET_ROOM_A=},{REFRIGERANT_LIQUID_CONNECTION_VERTICAL_OFFSET_ROOM_B=},{REFRIGERANT_SUCTION_GAS_CONNECTION_DEPTH_OFFSET_ROOM_B=}
100
AcDbAttributeDefinition
  3

  2
PSOL_14
 70
     9
280
     0
  0
ATTDEF
  5
118
330
F7
100
AcDbEntity
  8
AM_6
100
AcDbText
 10
25.23125000000019
 20
1.012499999999093
 30
0.0
 40
0.5
  1
IGERANT_SUCTION_GAS_CONNECTION_VERTICAL_OFFSET_ROOM_A=},{REFRIGERANT_SUCTION_GAS_CONNECTION_VERTICAL_OFFSET_ROOM_B=},{REFRIGERANT_SUCTION_GAS_OFFSET=},{STOP_VALVE_COVER_DEPTH=},{STOP_VALVE_COVER_HEIGHT=},{STOP_VALVE_COVER_VISIBILITY=},{STOP_VALVE_CO
100
AcDbAttributeDefinition
  3

  2
PSOL_15
 70
     9
280
     0
  0
ATTDEF
  5
119
330
F7
100
AcDbEntity
  8
AM_6
100
AcDbText
 10
25.23125000000019
 20
0.5124999999990933
 30
0.0
 40
0.5
  1
DTH=},{DEFAULTSORTATTR=},{RFA_FAMILY_=../../_pool_/fc/e2/heat_pump_unit-multi_zone-outdoor-daikin-5mxm.zip},{RFA_FAMILY_ENG=../../_pool_/fc/e2/heat_pump_unit-multi_zone-outdoor-daikin-5mxm.zip},{REVIT_FAMILY_DOWNLOAD=../../_pool_/fc/e2/heat_pump_uni
100
AcDbAttributeDefinition
  3

  2
PSOL_16
 70
     9
280
     0
  0
ATTDEF
  5
11A
330
F7
100
AcDbEntity
  8
AM_6
100
AcDbText
 10
25.23125000000019
 20
0.0124999999990933
 30
0.0
 40
0.5
  1
i_zone-outdoor-daikin-5mxm.zip}
100
AcDbAttributeDefinition
  3

  2
PSOL_17
 70
     9
280
     0
  0
CIRCLE
  5
11B
330
F7
100
AcDbEntity
  8
AM_9
100
AcDbCircle
 10
19.9687500000002
 20
15.24999999999909
 30
0.0
 40
0.25
  0
LINE
  5
11C
330
F7
100
AcDbEntity
  8
AM_7
100
AcDbLine
 10
19.7062500000002
 20
15.24999999999909
 30
0.0
 11
20.23125000000019
 21
15.24999999999909
 31
0.0
  0
LINE
  5
11D
330
F7
100
AcDbEntity
  8
AM_7
100
AcDbLine
 10
19.9687500000002
 20
14.98749999999909
 30
0.0
 11
19.9687500000002
 21
15.51249999999909
 31
0.0
  0
ENDBLK
  5
FA
330
F7
100
AcDbEntity
  8
0
100
AcDbBlockEnd
  0
BLOCK
  5
120
330
11E
100
AcDbEntity
  8
0
100
AcDbBlockBegin
  2
5_5MXM48AVJU9_PART8_0_in_5MXM48AVJU9_0
 70
     2
 10
0.0
 20
0.0
 30
0.0
  3
5_5MXM48AVJU9_PART8_0_in_5MXM48AVJU9_0
  1

  0
ATTDEF
  5
122
330
11E
100
AcDbEntity
  8
AM_6
100
AcDbText
 10
25.16562500000019
 20
18.44687500000039
 30
0.0
 40
0.5
  1
5MXM48AVJU9_PART8
100
AcDbAttributeDefinition
  3

  2
NB
 70
     8
280
     0
  0
ATTDEF
  5
123
330
11E
100
AcDbEntity
  8
AM_6
100
AcDbText
 10
25.16562500000019
 20
17.94687500000039
 30
0.0
 40
0.5
  1

100
AcDbAttributeDefinition
  3

  2
NN
 70
     8
280
     0
  0
ATTDEF
  5
124
330
11E
100
AcDbEntity
  8
AM_6
100
AcDbText
 10
25.16562500000019
 20
17.44687500000039
 30
0.0
 40
0.5
  1

100
AcDbAttributeDefinition
  3

  2
NT
 70
     8
280
     0
  0
ATTDEF
  5
125
330
11E
100
AcDbEntity
  8
AM_6
100
AcDbText
 10
25.16562500000019
 20
16.94687500000039
 30
0.0
 40
0.5
  1
$PARTNUMBER._PART8
100
AcDbAttributeDefinition
  3

  2
NBSYN
 70
     8
280
     0
  0
ATTDEF
  5
126
330
11E
100
AcDbEntity
  8
AM_6
100
AcDbText
 10
25.16562500000019
 20
16.44687500000039
 30
0.0
 40
0.5
  1
5MXM48AVJU9_PART8
100
AcDbAttributeDefinition
  3

  2
LINA
 70
     8
280
     0
  0
ATTDEF
  5
127
330
11E
100
AcDbEntity
  8
AM_6
100
AcDbText
 10
25.16562500000019
 20
15.94687500000039
 30
0.0
 40
0.5
  1
Daikin
100
AcDbAttributeDefinition
  3

  2
CATALOG
 70
     8
280
     0
  0
ATTDEF
  5
128
330
11E
100
AcDbEntity
  8
AM_6
100
AcDbText
 10
25.16562500000019
 20
15.44687500000039
 30
0.0
 40
0.5
  1
5MXM48AVJU9
100
AcDbAttributeDefinition
  3

  2
PARTNUMBER
 70
     8
280
     0
  0
ATTDEF
  5
129
330
11E
100
AcDbEntity
  8
AM_6
100
AcDbText
 10
25.16562500000019
 20
14.94687500000039
 30
0.0
 40
0.5
  1
Five Zone Multi-Split Unit
100
AcDbAttributeDefinition
  3

  2
DESCRIPTION
 70
     8
280
     0
  0
ATTDEF
  5
12A
330
11E
100
AcDbEntity
  8
AM_6
100
AcDbText
 10
25.16562500000019
 20
14.44687500000039
 30
0.0
 40
0.5
  1
18.125
100
AcDbAttributeDefinition
  3

  2
OVERALL_DEPTH
 70
     8
280
     0
  0
ATTDEF
  5
12B
330
11E
100
AcDbEntity
  8
AM_6
100
AcDbText
 10
25.16562500000019
 20
13.94687500000039
 30
0.0
 40
0.5
  1
34.25
100
AcDbAttributeDefinition
  3

  2
OVERALL_HEIGHT
 70
     8
280
     0
  0
ATTDEF
  5
12C
330
11E
100
AcDbEntity
  8
AM_6
100
AcDbText
 10
25.16562500000019
 20
13.44687500000039
 30
0.0
 40
0.5
  1
43.3125
100
AcDbAttributeDefinition
  3

  2
OVERALL_WIDTH
 70
     8
280
     0
  0
ATTDEF
  5
12D
330
11E
100
AcDbEntity
  8
AM_6
100
AcDbText
 10
25.16562500000019
 20
12.94687500000039
 30
0.0
 40
0.5
  1
https://daikincomfort.com/
100
AcDbAttributeDefinition
  3

  2
URL
 70
     8
280
     0
  0
ATTDEF
  5
12E
330
11E
100
AcDbEntity
  8
AM_6
100
AcDbText
 10
25.16562500000019
 20
12.44687500000039
 30
0.0
 40
0.5
  1
Download Revit Family (RFA)
100
AcDbAttributeDefinition
  3

  2
RFA_FAMILY
 70
     8
280
     0
  0
ATTDEF
  5
12F
330
11E
100
AcDbEntity
  8
AM_6
100
AcDbText
 10
25.16562500000019
 20
11.94687500000039
 30
0.0
 40
0.5
  1
daikin
100
AcDbAttributeDefinition
  3

  2
COMPANY
 70
     8
280
     0
  0
ATTDEF
  5
130
330
11E
100
AcDbEntity
  8
AM_6
100
AcDbText
 10
25.16562500000019
 20
11.44687500000039
 30
0.0
 40
0.5
  1
{$CADENAS_DATA/23d-libs/daikin/multi20zone20systems/multi20zone20outdoor20units/heat_pump_unit-multi_zone-outdoor-daikin-mxm.prj},237 {VTYP=3D},{NB=5MXM48AVJU9_PART8},{LINA=5MXM48AVJU9_PART8},{NN=(R32) Heat_Pump_Unit-Multi_Zone-Outdoor-Daikin-MXM_PA
100
AcDbAttributeDefinition
  3

  2
PSOL_0
 70
     9
280
     0
  0
ATTDEF
  5
131
330
11E
100
AcDbEntity
  8
AM_6
100
AcDbText
 10
25.16562500000019
 20
10.94687500000039
 30
0.0
 40
0.5
  1
NOPRJ=TRUE},{DATE=03.06.2026 19:23:31},{GEOMDATE=06.03.2026 09:05:37},{VERSION=},{LINEID=50},{WBVAR=},{WBNUMERIC=}  {NB=5MXM48AVJU9_PART8},{LINA=5MXM48AVJU9_PART8},{KT=DUMMY},{PARTNUMBER=5MXM48AVJU9},{APPARENT_POWER=9144},{PARTNUMBERHELP=4Ton_Five_Z
100
AcDbAttributeDefinition
  3

  2
PSOL_1
 70
     9
280
     0
  0
ATTDEF
  5
132
330
11E
100
AcDbEntity
  8
AM_6
100
AcDbText
 10
25.16562500000019
 20
10.44687500000039
 30
0.0
 40
0.5
  1
XM48AVJU9},{ASSEMBLY_CODE=D3040100},{BASE_PITCH=20.57},{BASE_PITCH_OFFSET=7.06},{BASE_PITCH_WIDTH=1},{BASE_PITCH_WIDTH_APART=29.125},{CATEGORY=Mechanical Equipment},{CLEARANCE_VISIBILITY=1},{COMPRESSOR_TYPE=Hermetically Sealed Swing Type},{CONDENSAT
100
AcDbAttributeDefinition
  3

  2
PSOL_2
 70
     9
280
     0
  0
ATTDEF
  5
133
330
11E
100
AcDbEntity
  8
AM_6
100
AcDbText
 10
25.16562500000019
 20
9.946875000000393
 30
0.0
 40
0.5
  1
N_CONNECTION_DIAMETER=1},{CONDENSATE_DRAIN_CONNECTION_RADIUS=0.5},{CONDENSATE_DRAIN_DEPTH_OFFSET=16.75},{CONDENSATE_DRAIN_HORIZONTAL_OFFSET=23.875},{COST=0},{DEFAULT_ELEVATION=0},{DESCRIPTION=Five Zone Multi-Split Unit},{ENCLOSURE_DEPTH=18.125},{ENC
100
AcDbAttributeDefinition
  3

  2
PSOL_3
 70
     9
280
     0
  0
ATTDEF
  5
134
330
11E
100
AcDbEntity
  8
AM_6
100
AcDbText
 10
25.16562500000019
 20
9.446875000000393
 30
0.0
 40
0.5
  1
_HEIGHT_OFFSET=1},{ENCLOSURE_WIDTH=43.3125},{FAN_TYPE=Propeller},{FREQUENCY=60},{FRONT_GRILL_L_X_H=30.825},{LOAD_SUB_CLASSIFICATION_MOTOR=1},{MANUFACTURER=Daikin},{MASSUNIT=1},{MAXIMUM_OVERCURRENT_PROTECTION=40},{MINIMUM_CIRCUIT_AMPS=38.1},{NOMINAL_
100
AcDbAttributeDefinition
  3

  2
PSOL_4
 70
     9
280
     0
  0
ATTDEF
  5
135
330
11E
100
AcDbEntity
  8
AM_6
100
AcDbText
 10
25.16562500000019
 20
8.946875000000393
 30
0.0
 40
0.5
  1
G_CAPACITY=48000},{NOMINAL_COOLING_CAPACITY__TONS_=4},{NOMINAL_HEATING_CAPACITY=48000},{NUMBER_OF_POLES=2},{OVERALL_DEPTH=18.125},{OVERALL_HEIGHT=34.25},{OVERALL_WIDTH=43.3125},{PARTTYPE=Normal},{PHASE=1},{REFRIGERANT_CHARGE=6.94},{REFRIGERANT_LIQUI
100
AcDbAttributeDefinition
  3

  2
PSOL_5
 70
     9
280
     0
  0
ATTDEF
  5
136
330
11E
100
AcDbEntity
  8
AM_6
100
AcDbText
 10
25.16562500000019
 20
8.446875000000393
 30
0.0
 40
0.5
  1
ET=4.94},{REFRIGERANT_SUCTION_GAS_CONNECTION_DEPTH_OFFSET_ROOM_A=3.88},{REFRIGERANT_SUCTION_GAS_CONNECTION_DIAMETER_ROOM_A=0.375},{REFRIGERANT_SUCTION_GAS_CONNECTION_DIAMETER_ROOM_B=0.5},{REFRIGERANT_SUCTION_GAS_CONNECTION_RADIUS_ROOM_A=0.1875},{REF
100
AcDbAttributeDefinition
  3

  2
PSOL_6
 70
     9
280
     0
  0
ATTDEF
  5
137
330
11E
100
AcDbEntity
  8
AM_6
100
AcDbText
 10
25.16562500000019
 20
7.946875000000393
 30
0.0
 40
0.5
  1
NT_SUCTION_GAS_CONNECTION_RADIUS_ROOM_B=0.25},{REFRIGERANT_USED=R-32},{SERIES=MXM-A},{SPACE_OR_PERFOMANCE_FRONT=13.75},{SPACE_OR_PERFOMANCE_REAR=3.9375},{SPACE_OR_PERFOMANCE_SIDE=1.9375},{SYSTEM_PERFORMANCE_COP=1.9},{SYSTEM_PERFORMANCE_EER2=10.0},{S
100
AcDbAttributeDefinition
  3

  2
PSOL_7
 70
     9
280
     0
  0
ATTDEF
  5
138
330
11E
100
AcDbEntity
  8
AM_6
100
AcDbText
 10
25.16562500000019
 20
7.446875000000393
 30
0.0
 40
0.5
  1
PERFORMANCE_HSPF2=9.5},{SYSTEM_PERFORMANCE_SEER2=20.0},{UNIT_WEIGHT=219},{URL=https://daikincomfort.com/},{VERSION=1},{VOLTAGE=240},{VOLTAGE_COMMENTS=208 VAC - 230 VAC},{CLASSIFICATION_NUMBER=23.33.17.13.11},{PRODUCT_PAGE_URL=https://daikincomfort.c
100
AcDbAttributeDefinition
  3

  2
PSOL_8
 70
     9
280
     0
  0
ATTDEF
  5
139
330
11E
100
AcDbEntity
  8
AM_6
100
AcDbText
 10
25.16562500000019
 20
6.946875000000393
 30
0.0
 40
0.5
  1
ducts/heating-cooling/multi-split-ductless},{REFRIGERANT_LIQUID_CONNECTION_ARRAY_VERTICAL_OFFSET=3},{REFRIGERANT_LIQUID_CONNECTION_DIAMETER=0.25},{REFRIGERANT_LIQUID_CONNECTION_HORIZONTAL_OFFSET=0.875},{REFRIGERANT_LIQUID_CONNECTION_RADIUS=0.125},{R
100
AcDbAttributeDefinition
  3

  2
PSOL_9
 70
     9
280
     0
  0
ATTDEF
  5
13A
330
11E
100
AcDbEntity
  8
AM_6
100
AcDbText
 10
25.16562500000019
 20
6.446875000000393
 30
0.0
 40
0.5
  1
RANT_LIQUID_CONNECTION_VERTICAL_OFFSET=3.8125},{REFRIGERANT_SUCTION_GAS_CONNECTION_ARRAY_VERTICAL_OFFSET=3},{REFRIGERANT_SUCTION_GAS_CONNECTION_DEPTH_OFFSET=3.56},{REFRIGERANT_SUCTION_GAS_CONNECTION_DEPTH_OFFSET_ROOM_D=3.38},{REFRIGERANT_SUCTION_GAS
100
AcDbAttributeDefinition
  3

  2
PSOL_10
 70
     9
280
     0
  0
ATTDEF
  5
13B
330
11E
100
AcDbEntity
  8
AM_6
100
AcDbText
 10
25.16562500000019
 20
5.946875000000393
 30
0.0
 40
0.5
  1
CTION_DEPTH_OFFSET_ROOM_E=3.38},{REFRIGERANT_SUCTION_GAS_CONNECTION_DIAMETER_ROOM_C=0.5},{REFRIGERANT_SUCTION_GAS_CONNECTION_DIAMETER_ROOM_D=0.625},{REFRIGERANT_SUCTION_GAS_CONNECTION_DIAMETER_ROOM_E=0.625},{REFRIGERANT_SUCTION_GAS_CONNECTION_HORIZO
100
AcDbAttributeDefinition
  3

  2
PSOL_11
 70
     9
280
     0
  0
ATTDEF
  5
13C
330
11E
100
AcDbEntity
  8
AM_6
100
AcDbText
 10
25.16562500000019
 20
5.446875000000393
 30
0.0
 40
0.5
  1
FFSET=1.6875},{REFRIGERANT_SUCTION_GAS_CONNECTION_RADIUS_ROOM_C=0.25},{REFRIGERANT_SUCTION_GAS_CONNECTION_RADIUS_ROOM_D=0.3125},{REFRIGERANT_SUCTION_GAS_CONNECTION_RADIUS_ROOM_E=0.3125},{REFRIGERANT_SUCTION_GAS_CONNECTION_VERTICAL_OFFSET=5.25},{RFA_
100
AcDbAttributeDefinition
  3

  2
PSOL_12
 70
     9
280
     0
  0
ATTDEF
  5
13D
330
11E
100
AcDbEntity
  8
AM_6
100
AcDbText
 10
25.16562500000019
 20
4.946875000000393
 30
0.0
 40
0.5
  1
=Download Revit Family (RFA)},{PARTNUMBERMAP09=},{MODEL=},{OMNICLASS_NUMBER=},{OMNICLASS_TITLE=},{REFRIGERANT_LIQUID_CONNECTION_DEPTH_OFFSET=},{REFRIGERANT_LIQUID_CONNECTION_DIAMETER_ROOM_A=},{REFRIGERANT_LIQUID_CONNECTION_DIAMETER_ROOM_B=},{REFRIGE
100
AcDbAttributeDefinition
  3

  2
PSOL_13
 70
     9
280
     0
  0
ATTDEF
  5
13E
330
11E
100
AcDbEntity
  8
AM_6
100
AcDbText
 10
25.16562500000019
 20
4.446875000000393
 30
0.0
 40
0.5
  1
IQUID_CONNECTION_RADIUS_ROOM_A=},{REFRIGERANT_LIQUID_CONNECTION_RADIUS_ROOM_B=},{REFRIGERANT_LIQUID_CONNECTION_VERTICAL_OFFSET_ROOM_A=},{REFRIGERANT_LIQUID_CONNECTION_VERTICAL_OFFSET_ROOM_B=},{REFRIGERANT_SUCTION_GAS_CONNECTION_DEPTH_OFFSET_ROOM_B=}
100
AcDbAttributeDefinition
  3

  2
PSOL_14
 70
     9
280
     0
  0
ATTDEF
  5
13F
330
11E
100
AcDbEntity
  8
AM_6
100
AcDbText
 10
25.16562500000019
 20
3.946875000000393
 30
0.0
 40
0.5
  1
IGERANT_SUCTION_GAS_CONNECTION_VERTICAL_OFFSET_ROOM_A=},{REFRIGERANT_SUCTION_GAS_CONNECTION_VERTICAL_OFFSET_ROOM_B=},{REFRIGERANT_SUCTION_GAS_OFFSET=},{STOP_VALVE_COVER_DEPTH=},{STOP_VALVE_COVER_HEIGHT=},{STOP_VALVE_COVER_VISIBILITY=},{STOP_VALVE_CO
100
AcDbAttributeDefinition
  3

  2
PSOL_15
 70
     9
280
     0
  0
ATTDEF
  5
140
330
11E
100
AcDbEntity
  8
AM_6
100
AcDbText
 10
25.16562500000019
 20
3.446875000000393
 30
0.0
 40
0.5
  1
DTH=},{DEFAULTSORTATTR=},{RFA_FAMILY_=../../_pool_/fc/e2/heat_pump_unit-multi_zone-outdoor-daikin-5mxm.zip},{RFA_FAMILY_ENG=../../_pool_/fc/e2/heat_pump_unit-multi_zone-outdoor-daikin-5mxm.zip},{REVIT_FAMILY_DOWNLOAD=../../_pool_/fc/e2/heat_pump_uni
100
AcDbAttributeDefinition
  3

  2
PSOL_16
 70
     9
280
     0
  0
ATTDEF
  5
141
330
11E
100
AcDbEntity
  8
AM_6
100
AcDbText
 10
25.16562500000019
 20
2.946875000000393
 30
0.0
 40
0.5
  1
i_zone-outdoor-daikin-5mxm.zip}
100
AcDbAttributeDefinition
  3

  2
PSOL_17
 70
     9
280
     0
  0
CIRCLE
  5
142
330
11E
100
AcDbEntity
  8
AM_9
100
AcDbCircle
 10
19.9687500000002
 20
18.25000000000039
 30
0.0
 40
0.1875
  0
LINE
  5
143
330
11E
100
AcDbEntity
  8
AM_7
100
AcDbLine
 10
19.7718750000002
 20
18.25000000000039
 30
0.0
 11
20.16562500000019
 21
18.25000000000039
 31
0.0
  0
LINE
  5
144
330
11E
100
AcDbEntity
  8
AM_7
100
AcDbLine
 10
19.9687500000002
 20
18.0531250000004
 30
0.0
 11
19.9687500000002
 21
18.44687500000039
 31
0.0
  0
ENDBLK
  5
121
330
11E
100
AcDbEntity
  8
0
100
AcDbBlockEnd
  0
BLOCK
  5
147
330
145
100
AcDbEntity
  8
0
100
AcDbBlockBegin
  2
6_5MXM48AVJU9_PART7_0_in_5MXM48AVJU9_0
 70
     2
 10
0.0
 20
0.0
 30
0.0
  3
6_5MXM48AVJU9_PART7_0_in_5MXM48AVJU9_0
  1

  0
ATTDEF
  5
149
330
145
100
AcDbEntity
  8
AM_6
100
AcDbText
 10
26.65625000000039
 20
34.249999999995
 30
0.0
 40
0.5
  1
5MXM48AVJU9_PART7
100
AcDbAttributeDefinition
  3

  2
NB
 70
     8
280
     0
  0
ATTDEF
  5
14A
330
145
100
AcDbEntity
  8
AM_6
100
AcDbText
 10
26.65625000000039
 20
33.749999999995
 30
0.0
 40
0.5
  1

100
AcDbAttributeDefinition
  3

  2
NN
 70
     8
280
     0
  0
ATTDEF
  5
14B
330
145
100
AcDbEntity
  8
AM_6
100
AcDbText
 10
26.65625000000039
 20
33.249999999995
 30
0.0
 40
0.5
  1

100
AcDbAttributeDefinition
  3

  2
NT
 70
     8
280
     0
  0
ATTDEF
  5
14C
330
145
100
AcDbEntity
  8
AM_6
100
AcDbText
 10
26.65625000000039
 20
32.749999999995
 30
0.0
 40
0.5
  1
$PARTNUMBER._PART7
100
AcDbAttributeDefinition
  3

  2
NBSYN
 70
     8
280
     0
  0
ATTDEF
  5
14D
330
145
100
AcDbEntity
  8
AM_6
100
AcDbText
 10
26.65625000000039
 20
32.249999999995
 30
0.0
 40
0.5
  1
5MXM48AVJU9_PART7
100
AcDbAttributeDefinition
  3

  2
LINA
 70
     8
280
     0
  0
ATTDEF
  5
14E
330
145
100
AcDbEntity
  8
AM_6
100
AcDbText
 10
26.65625000000039
 20
31.749999999995
 30
0.0
 40
0.5
  1
Daikin
100
AcDbAttributeDefinition
  3

  2
CATALOG
 70
     8
280
     0
  0
ATTDEF
  5
14F
330
145
100
AcDbEntity
  8
AM_6
100
AcDbText
 10
26.65625000000039
 20
31.249999999995
 30
0.0
 40
0.5
  1
5MXM48AVJU9
100
AcDbAttributeDefinition
  3

  2
PARTNUMBER
 70
     8
280
     0
  0
ATTDEF
  5
150
330
145
100
AcDbEntity
  8
AM_6
100
AcDbText
 10
26.65625000000039
 20
30.749999999995
 30
0.0
 40
0.5
  1
Five Zone Multi-Split Unit
100
AcDbAttributeDefinition
  3

  2
DESCRIPTION
 70
     8
280
     0
  0
ATTDEF
  5
151
330
145
100
AcDbEntity
  8
AM_6
100
AcDbText
 10
26.65625000000039
 20
30.249999999995
 30
0.0
 40
0.5
  1
18.125
100
AcDbAttributeDefinition
  3

  2
OVERALL_DEPTH
 70
     8
280
     0
  0
ATTDEF
  5
152
330
145
100
AcDbEntity
  8
AM_6
100
AcDbText
 10
26.65625000000039
 20
29.749999999995
 30
0.0
 40
0.5
  1
34.25
100
AcDbAttributeDefinition
  3

  2
OVERALL_HEIGHT
 70
     8
280
     0
  0
ATTDEF
  5
153
330
145
100
AcDbEntity
  8
AM_6
100
AcDbText
 10
26.65625000000039
 20
29.249999999995
 30
0.0
 40
0.5
  1
43.3125
100
AcDbAttributeDefinition
  3

  2
OVERALL_WIDTH
 70
     8
280
     0
  0
ATTDEF
  5
154
330
145
100
AcDbEntity
  8
AM_6
100
AcDbText
 10
26.65625000000039
 20
28.749999999995
 30
0.0
 40
0.5
  1
https://daikincomfort.com/
100
AcDbAttributeDefinition
  3

  2
URL
 70
     8
280
     0
  0
ATTDEF
  5
155
330
145
100
AcDbEntity
  8
AM_6
100
AcDbText
 10
26.65625000000039
 20
28.249999999995
 30
0.0
 40
0.5
  1
Download Revit Family (RFA)
100
AcDbAttributeDefinition
  3

  2
RFA_FAMILY
 70
     8
280
     0
  0
ATTDEF
  5
156
330
145
100
AcDbEntity
  8
AM_6
100
AcDbText
 10
26.65625000000039
 20
27.749999999995
 30
0.0
 40
0.5
  1
daikin
100
AcDbAttributeDefinition
  3

  2
COMPANY
 70
     8
280
     0
  0
ATTDEF
  5
157
330
145
100
AcDbEntity
  8
AM_6
100
AcDbText
 10
26.65625000000039
 20
27.249999999995
 30
0.0
 40
0.5
  1
{$CADENAS_DATA/23d-libs/daikin/multi20zone20systems/multi20zone20outdoor20units/heat_pump_unit-multi_zone-outdoor-daikin-mxm.prj},237 {VTYP=3D},{NB=5MXM48AVJU9_PART7},{LINA=5MXM48AVJU9_PART7},{NN=(R32) Heat_Pump_Unit-Multi_Zone-Outdoor-Daikin-MXM_PA
100
AcDbAttributeDefinition
  3

  2
PSOL_0
 70
     9
280
     0
  0
ATTDEF
  5
158
330
145
100
AcDbEntity
  8
AM_6
100
AcDbText
 10
26.65625000000039
 20
26.749999999995
 30
0.0
 40
0.5
  1
NOPRJ=TRUE},{DATE=03.06.2026 19:23:31},{GEOMDATE=06.03.2026 09:05:37},{VERSION=},{LINEID=50},{WBVAR=},{WBNUMERIC=}  {NB=5MXM48AVJU9_PART7},{LINA=5MXM48AVJU9_PART7},{KT=DUMMY},{PARTNUMBER=5MXM48AVJU9},{APPARENT_POWER=9144},{PARTNUMBERHELP=4Ton_Five_Z
100
AcDbAttributeDefinition
  3

  2
PSOL_1
 70
     9
280
     0
  0
ATTDEF
  5
159
330
145
100
AcDbEntity
  8
AM_6
100
AcDbText
 10
26.65625000000039
 20
26.249999999995
 30
0.0
 40
0.5
  1
XM48AVJU9},{ASSEMBLY_CODE=D3040100},{BASE_PITCH=20.57},{BASE_PITCH_OFFSET=7.06},{BASE_PITCH_WIDTH=1},{BASE_PITCH_WIDTH_APART=29.125},{CATEGORY=Mechanical Equipment},{CLEARANCE_VISIBILITY=1},{COMPRESSOR_TYPE=Hermetically Sealed Swing Type},{CONDENSAT
100
AcDbAttributeDefinition
  3

  2
PSOL_2
 70
     9
280
     0
  0
ATTDEF
  5
15A
330
145
100
AcDbEntity
  8
AM_6
100
AcDbText
 10
26.65625000000039
 20
25.749999999995
 30
0.0
 40
0.5
  1
N_CONNECTION_DIAMETER=1},{CONDENSATE_DRAIN_CONNECTION_RADIUS=0.5},{CONDENSATE_DRAIN_DEPTH_OFFSET=16.75},{CONDENSATE_DRAIN_HORIZONTAL_OFFSET=23.875},{COST=0},{DEFAULT_ELEVATION=0},{DESCRIPTION=Five Zone Multi-Split Unit},{ENCLOSURE_DEPTH=18.125},{ENC
100
AcDbAttributeDefinition
  3

  2
PSOL_3
 70
     9
280
     0
  0
ATTDEF
  5
15B
330
145
100
AcDbEntity
  8
AM_6
100
AcDbText
 10
26.65625000000039
 20
25.249999999995
 30
0.0
 40
0.5
  1
_HEIGHT_OFFSET=1},{ENCLOSURE_WIDTH=43.3125},{FAN_TYPE=Propeller},{FREQUENCY=60},{FRONT_GRILL_L_X_H=30.825},{LOAD_SUB_CLASSIFICATION_MOTOR=1},{MANUFACTURER=Daikin},{MASSUNIT=1},{MAXIMUM_OVERCURRENT_PROTECTION=40},{MINIMUM_CIRCUIT_AMPS=38.1},{NOMINAL_
100
AcDbAttributeDefinition
  3

  2
PSOL_4
 70
     9
280
     0
  0
ATTDEF
  5
15C
330
145
100
AcDbEntity
  8
AM_6
100
AcDbText
 10
26.65625000000039
 20
24.749999999995
 30
0.0
 40
0.5
  1
G_CAPACITY=48000},{NOMINAL_COOLING_CAPACITY__TONS_=4},{NOMINAL_HEATING_CAPACITY=48000},{NUMBER_OF_POLES=2},{OVERALL_DEPTH=18.125},{OVERALL_HEIGHT=34.25},{OVERALL_WIDTH=43.3125},{PARTTYPE=Normal},{PHASE=1},{REFRIGERANT_CHARGE=6.94},{REFRIGERANT_LIQUI
100
AcDbAttributeDefinition
  3

  2
PSOL_5
 70
     9
280
     0
  0
ATTDEF
  5
15D
330
145
100
AcDbEntity
  8
AM_6
100
AcDbText
 10
26.65625000000039
 20
24.249999999995
 30
0.0
 40
0.5
  1
ET=4.94},{REFRIGERANT_SUCTION_GAS_CONNECTION_DEPTH_OFFSET_ROOM_A=3.88},{REFRIGERANT_SUCTION_GAS_CONNECTION_DIAMETER_ROOM_A=0.375},{REFRIGERANT_SUCTION_GAS_CONNECTION_DIAMETER_ROOM_B=0.5},{REFRIGERANT_SUCTION_GAS_CONNECTION_RADIUS_ROOM_A=0.1875},{REF
100
AcDbAttributeDefinition
  3

  2
PSOL_6
 70
     9
280
     0
  0
ATTDEF
  5
15E
330
145
100
AcDbEntity
  8
AM_6
100
AcDbText
 10
26.65625000000039
 20
23.749999999995
 30
0.0
 40
0.5
  1
NT_SUCTION_GAS_CONNECTION_RADIUS_ROOM_B=0.25},{REFRIGERANT_USED=R-32},{SERIES=MXM-A},{SPACE_OR_PERFOMANCE_FRONT=13.75},{SPACE_OR_PERFOMANCE_REAR=3.9375},{SPACE_OR_PERFOMANCE_SIDE=1.9375},{SYSTEM_PERFORMANCE_COP=1.9},{SYSTEM_PERFORMANCE_EER2=10.0},{S
100
AcDbAttributeDefinition
  3

  2
PSOL_7
 70
     9
280
     0
  0
ATTDEF
  5
15F
330
145
100
AcDbEntity
  8
AM_6
100
AcDbText
 10
26.65625000000039
 20
23.249999999995
 30
0.0
 40
0.5
  1
PERFORMANCE_HSPF2=9.5},{SYSTEM_PERFORMANCE_SEER2=20.0},{UNIT_WEIGHT=219},{URL=https://daikincomfort.com/},{VERSION=1},{VOLTAGE=240},{VOLTAGE_COMMENTS=208 VAC - 230 VAC},{CLASSIFICATION_NUMBER=23.33.17.13.11},{PRODUCT_PAGE_URL=https://daikincomfort.c
100
AcDbAttributeDefinition
  3

  2
PSOL_8
 70
     9
280
     0
  0
ATTDEF
  5
160
330
145
100
AcDbEntity
  8
AM_6
100
AcDbText
 10
26.65625000000039
 20
22.749999999995
 30
0.0
 40
0.5
  1
ducts/heating-cooling/multi-split-ductless},{REFRIGERANT_LIQUID_CONNECTION_ARRAY_VERTICAL_OFFSET=3},{REFRIGERANT_LIQUID_CONNECTION_DIAMETER=0.25},{REFRIGERANT_LIQUID_CONNECTION_HORIZONTAL_OFFSET=0.875},{REFRIGERANT_LIQUID_CONNECTION_RADIUS=0.125},{R
100
AcDbAttributeDefinition
  3

  2
PSOL_9
 70
     9
280
     0
  0
ATTDEF
  5
161
330
145
100
AcDbEntity
  8
AM_6
100
AcDbText
 10
26.65625000000039
 20
22.249999999995
 30
0.0
 40
0.5
  1
RANT_LIQUID_CONNECTION_VERTICAL_OFFSET=3.8125},{REFRIGERANT_SUCTION_GAS_CONNECTION_ARRAY_VERTICAL_OFFSET=3},{REFRIGERANT_SUCTION_GAS_CONNECTION_DEPTH_OFFSET=3.56},{REFRIGERANT_SUCTION_GAS_CONNECTION_DEPTH_OFFSET_ROOM_D=3.38},{REFRIGERANT_SUCTION_GAS
100
AcDbAttributeDefinition
  3

  2
PSOL_10
 70
     9
280
     0
  0
ATTDEF
  5
162
330
145
100
AcDbEntity
  8
AM_6
100
AcDbText
 10
26.65625000000039
 20
21.749999999995
 30
0.0
 40
0.5
  1
CTION_DEPTH_OFFSET_ROOM_E=3.38},{REFRIGERANT_SUCTION_GAS_CONNECTION_DIAMETER_ROOM_C=0.5},{REFRIGERANT_SUCTION_GAS_CONNECTION_DIAMETER_ROOM_D=0.625},{REFRIGERANT_SUCTION_GAS_CONNECTION_DIAMETER_ROOM_E=0.625},{REFRIGERANT_SUCTION_GAS_CONNECTION_HORIZO
100
AcDbAttributeDefinition
  3

  2
PSOL_11
 70
     9
280
     0
  0
ATTDEF
  5
163
330
145
100
AcDbEntity
  8
AM_6
100
AcDbText
 10
26.65625000000039
 20
21.249999999995
 30
0.0
 40
0.5
  1
FFSET=1.6875},{REFRIGERANT_SUCTION_GAS_CONNECTION_RADIUS_ROOM_C=0.25},{REFRIGERANT_SUCTION_GAS_CONNECTION_RADIUS_ROOM_D=0.3125},{REFRIGERANT_SUCTION_GAS_CONNECTION_RADIUS_ROOM_E=0.3125},{REFRIGERANT_SUCTION_GAS_CONNECTION_VERTICAL_OFFSET=5.25},{RFA_
100
AcDbAttributeDefinition
  3

  2
PSOL_12
 70
     9
280
     0
  0
ATTDEF
  5
164
330
145
100
AcDbEntity
  8
AM_6
100
AcDbText
 10
26.65625000000039
 20
20.749999999995
 30
0.0
 40
0.5
  1
=Download Revit Family (RFA)},{PARTNUMBERMAP09=},{MODEL=},{OMNICLASS_NUMBER=},{OMNICLASS_TITLE=},{REFRIGERANT_LIQUID_CONNECTION_DEPTH_OFFSET=},{REFRIGERANT_LIQUID_CONNECTION_DIAMETER_ROOM_A=},{REFRIGERANT_LIQUID_CONNECTION_DIAMETER_ROOM_B=},{REFRIGE
100
AcDbAttributeDefinition
  3

  2
PSOL_13
 70
     9
280
     0
  0
ATTDEF
  5
165
330
145
100
AcDbEntity
  8
AM_6
100
AcDbText
 10
26.65625000000039
 20
20.249999999995
 30
0.0
 40
0.5
  1
IQUID_CONNECTION_RADIUS_ROOM_A=},{REFRIGERANT_LIQUID_CONNECTION_RADIUS_ROOM_B=},{REFRIGERANT_LIQUID_CONNECTION_VERTICAL_OFFSET_ROOM_A=},{REFRIGERANT_LIQUID_CONNECTION_VERTICAL_OFFSET_ROOM_B=},{REFRIGERANT_SUCTION_GAS_CONNECTION_DEPTH_OFFSET_ROOM_B=}
100
AcDbAttributeDefinition
  3

  2
PSOL_14
 70
     9
280
     0
  0
ATTDEF
  5
166
330
145
100
AcDbEntity
  8
AM_6
100
AcDbText
 10
26.65625000000039
 20
19.749999999995
 30
0.0
 40
0.5
  1
IGERANT_SUCTION_GAS_CONNECTION_VERTICAL_OFFSET_ROOM_A=},{REFRIGERANT_SUCTION_GAS_CONNECTION_VERTICAL_OFFSET_ROOM_B=},{REFRIGERANT_SUCTION_GAS_OFFSET=},{STOP_VALVE_COVER_DEPTH=},{STOP_VALVE_COVER_HEIGHT=},{STOP_VALVE_COVER_VISIBILITY=},{STOP_VALVE_CO
100
AcDbAttributeDefinition
  3

  2
PSOL_15
 70
     9
280
     0
  0
ATTDEF
  5
167
330
145
100
AcDbEntity
  8
AM_6
100
AcDbText
 10
26.65625000000039
 20
19.249999999995
 30
0.0
 40
0.5
  1
DTH=},{DEFAULTSORTATTR=},{RFA_FAMILY_=../../_pool_/fc/e2/heat_pump_unit-multi_zone-outdoor-daikin-5mxm.zip},{RFA_FAMILY_ENG=../../_pool_/fc/e2/heat_pump_unit-multi_zone-outdoor-daikin-5mxm.zip},{REVIT_FAMILY_DOWNLOAD=../../_pool_/fc/e2/heat_pump_uni
100
AcDbAttributeDefinition
  3

  2
PSOL_16
 70
     9
280
     0
  0
ATTDEF
  5
168
330
145
100
AcDbEntity
  8
AM_6
100
AcDbText
 10
26.65625000000039
 20
18.749999999995
 30
0.0
 40
0.5
  1
i_zone-outdoor-daikin-5mxm.zip}
100
AcDbAttributeDefinition
  3

  2
PSOL_17
 70
     9
280
     0
  0
LINE
  5
16A
330
145
100
AcDbEntity
  8
AM_0
100
AcDbLine
 10
-21.65625
 20
0.999999999995067
 30
0.0
 11
21.65625
 21
0.999999999994622
 31
0.0
  0
LINE
  5
16B
330
145
100
AcDbEntity
  8
AM_0
100
AcDbLine
 10
-21.65624999999961
 20
34.249999999995
 30
0.0
 11
-21.65624999999995
 21
0.9999999999950687
 31
0.0
  0
LINE
  5
16C
330
145
100
AcDbEntity
  8
AM_0
100
AcDbLine
 10
21.65625000000039
 20
34.24999999999449
 30
0.0
 11
-21.65624999999961
 21
34.24999999999493
 31
0.0
  0
LINE
  5
16D
330
145
100
AcDbEntity
  8
AM_0
100
AcDbLine
 10
21.65625
 20
0.9999999999946261
 30
0.0
 11
21.65625000000034
 21
34.24999999999449
 31
0.0
  0
LINE
  5
16E
330
145
100
AcDbEntity
  8
AM_0
100
AcDbLine
 10
15.0962500000002
 20
0.9999999999946972
 30
0.0
 11
15.0962500000002
 21
-0.0000000000049602
 31
0.0
  0
LINE
  5
16F
330
145
100
AcDbEntity
  8
AM_0
100
AcDbLine
 10
14.09625000000032
 20
-0.0000000000049601
 30
0.0
 11
14.09625000000032
 21
0.9999999999947284
 31
0.0
  0
LINE
  5
170
330
145
100
AcDbEntity
  8
AM_0
100
AcDbLine
 10
-15.02874999999969
 20
-0.0000000000049614
 30
0.0
 11
-15.02874999999969
 21
0.9999999999950171
 31
0.0
  0
LINE
  5
171
330
145
100
AcDbEntity
  8
AM_0
100
AcDbLine
 10
-14.02874999999981
 20
0.9999999999949875
 30
0.0
 11
-14.02874999999981
 21
-0.0000000000049614
 31
0.0
  0
LINE
  5
172
330
145
100
AcDbEntity
  8
AM_0
100
AcDbLine
 10
-14.02874999999981
 20
-0.0000000000049614
 30
0.0
 11
-15.02874999999969
 21
-0.0000000000049614
 31
0.0
  0
LINE
  5
173
330
145
100
AcDbEntity
  8
AM_0
100
AcDbLine
 10
-15.02874999999969
 20
0.2499999999951032
 30
0.0
 11
-14.02874999999981
 21
0.2499999999951032
 31
0.0
  0
LINE
  5
174
330
145
100
AcDbEntity
  8
AM_0
100
AcDbLine
 10
15.0962500000002
 20
-0.00000000000496
 30
0.0
 11
14.09625000000032
 21
-0.00000000000496
 31
0.0
  0
LINE
  5
175
330
145
100
AcDbEntity
  8
AM_0
100
AcDbLine
 10
14.09625000000032
 20
0.249999999995139
 30
0.0
 11
15.0962500000002
 21
0.249999999995139
 31
0.0
  0
ENDBLK
  5
148
330
145
100
AcDbEntity
  8
0
100
AcDbBlockEnd
  0
BLOCK
  5
178
330
176
100
AcDbEntity
  8
0
100
AcDbBlockBegin
  2
7_5MXM48AVJU9_PART6_0_in_5MXM48AVJU9_0
 70
     2
 10
0.0
 20
0.0
 30
0.0
  3
7_5MXM48AVJU9_PART6_0_in_5MXM48AVJU9_0
  1

  0
ATTDEF
  5
17A
330
176
100
AcDbEntity
  8
AM_6
100
AcDbText
 10
25.9125000000002
 20
13.94374999999721
 30
0.0
 40
0.5
  1
5MXM48AVJU9_PART6
100
AcDbAttributeDefinition
  3

  2
NB
 70
     8
280
     0
  0
ATTDEF
  5
17B
330
176
100
AcDbEntity
  8
AM_6
100
AcDbText
 10
25.9125000000002
 20
13.44374999999721
 30
0.0
 40
0.5
  1

100
AcDbAttributeDefinition
  3

  2
NN
 70
     8
280
     0
  0
ATTDEF
  5
17C
330
176
100
AcDbEntity
  8
AM_6
100
AcDbText
 10
25.9125000000002
 20
12.94374999999721
 30
0.0
 40
0.5
  1

100
AcDbAttributeDefinition
  3

  2
NT
 70
     8
280
     0
  0
ATTDEF
  5
17D
330
176
100
AcDbEntity
  8
AM_6
100
AcDbText
 10
25.9125000000002
 20
12.44374999999721
 30
0.0
 40
0.5
  1
$PARTNUMBER._PART6
100
AcDbAttributeDefinition
  3

  2
NBSYN
 70
     8
280
     0
  0
ATTDEF
  5
17E
330
176
100
AcDbEntity
  8
AM_6
100
AcDbText
 10
25.9125000000002
 20
11.94374999999721
 30
0.0
 40
0.5
  1
5MXM48AVJU9_PART6
100
AcDbAttributeDefinition
  3

  2
LINA
 70
     8
280
     0
  0
ATTDEF
  5
17F
330
176
100
AcDbEntity
  8
AM_6
100
AcDbText
 10
25.9125000000002
 20
11.44374999999721
 30
0.0
 40
0.5
  1
Daikin
100
AcDbAttributeDefinition
  3

  2
CATALOG
 70
     8
280
     0
  0
ATTDEF
  5
180
330
176
100
AcDbEntity
  8
AM_6
100
AcDbText
 10
25.9125000000002
 20
10.94374999999721
 30
0.0
 40
0.5
  1
5MXM48AVJU9
100
AcDbAttributeDefinition
  3

  2
PARTNUMBER
 70
     8
280
     0
  0
ATTDEF
  5
181
330
176
100
AcDbEntity
  8
AM_6
100
AcDbText
 10
25.9125000000002
 20
10.44374999999721
 30
0.0
 40
0.5
  1
Five Zone Multi-Split Unit
100
AcDbAttributeDefinition
  3

  2
DESCRIPTION
 70
     8
280
     0
  0
ATTDEF
  5
182
330
176
100
AcDbEntity
  8
AM_6
100
AcDbText
 10
25.9125000000002
 20
9.943749999997205
 30
0.0
 40
0.5
  1
18.125
100
AcDbAttributeDefinition
  3

  2
OVERALL_DEPTH
 70
     8
280
     0
  0
ATTDEF
  5
183
330
176
100
AcDbEntity
  8
AM_6
100
AcDbText
 10
25.9125000000002
 20
9.443749999997205
 30
0.0
 40
0.5
  1
34.25
100
AcDbAttributeDefinition
  3

  2
OVERALL_HEIGHT
 70
     8
280
     0
  0
ATTDEF
  5
184
330
176
100
AcDbEntity
  8
AM_6
100
AcDbText
 10
25.9125000000002
 20
8.943749999997205
 30
0.0
 40
0.5
  1
43.3125
100
AcDbAttributeDefinition
  3

  2
OVERALL_WIDTH
 70
     8
280
     0
  0
ATTDEF
  5
185
330
176
100
AcDbEntity
  8
AM_6
100
AcDbText
 10
25.9125000000002
 20
8.443749999997205
 30
0.0
 40
0.5
  1
https://daikincomfort.com/
100
AcDbAttributeDefinition
  3

  2
URL
 70
     8
280
     0
  0
ATTDEF
  5
186
330
176
100
AcDbEntity
  8
AM_6
100
AcDbText
 10
25.9125000000002
 20
7.943749999997205
 30
0.0
 40
0.5
  1
Download Revit Family (RFA)
100
AcDbAttributeDefinition
  3

  2
RFA_FAMILY
 70
     8
280
     0
  0
ATTDEF
  5
187
330
176
100
AcDbEntity
  8
AM_6
100
AcDbText
 10
25.9125000000002
 20
7.443749999997205
 30
0.0
 40
0.5
  1
daikin
100
AcDbAttributeDefinition
  3

  2
COMPANY
 70
     8
280
     0
  0
ATTDEF
  5
188
330
176
100
AcDbEntity
  8
AM_6
100
AcDbText
 10
25.9125000000002
 20
6.943749999997205
 30
0.0
 40
0.5
  1
{$CADENAS_DATA/23d-libs/daikin/multi20zone20systems/multi20zone20outdoor20units/heat_pump_unit-multi_zone-outdoor-daikin-mxm.prj},237 {VTYP=3D},{NB=5MXM48AVJU9_PART6},{LINA=5MXM48AVJU9_PART6},{NN=(R32) Heat_Pump_Unit-Multi_Zone-Outdoor-Daikin-MXM_PA
100
AcDbAttributeDefinition
  3

  2
PSOL_0
 70
     9
280
     0
  0
ATTDEF
  5
189
330
176
100
AcDbEntity
  8
AM_6
100
AcDbText
 10
25.9125000000002
 20
6.443749999997205
 30
0.0
 40
0.5
  1
NOPRJ=TRUE},{DATE=03.06.2026 19:23:31},{GEOMDATE=06.03.2026 09:05:37},{VERSION=},{LINEID=50},{WBVAR=},{WBNUMERIC=}  {NB=5MXM48AVJU9_PART6},{LINA=5MXM48AVJU9_PART6},{KT=DUMMY},{PARTNUMBER=5MXM48AVJU9},{APPARENT_POWER=9144},{PARTNUMBERHELP=4Ton_Five_Z
100
AcDbAttributeDefinition
  3

  2
PSOL_1
 70
     9
280
     0
  0
ATTDEF
  5
18A
330
176
100
AcDbEntity
  8
AM_6
100
AcDbText
 10
25.9125000000002
 20
5.943749999997205
 30
0.0
 40
0.5
  1
XM48AVJU9},{ASSEMBLY_CODE=D3040100},{BASE_PITCH=20.57},{BASE_PITCH_OFFSET=7.06},{BASE_PITCH_WIDTH=1},{BASE_PITCH_WIDTH_APART=29.125},{CATEGORY=Mechanical Equipment},{CLEARANCE_VISIBILITY=1},{COMPRESSOR_TYPE=Hermetically Sealed Swing Type},{CONDENSAT
100
AcDbAttributeDefinition
  3

  2
PSOL_2
 70
     9
280
     0
  0
ATTDEF
  5
18B
330
176
100
AcDbEntity
  8
AM_6
100
AcDbText
 10
25.9125000000002
 20
5.443749999997205
 30
0.0
 40
0.5
  1
N_CONNECTION_DIAMETER=1},{CONDENSATE_DRAIN_CONNECTION_RADIUS=0.5},{CONDENSATE_DRAIN_DEPTH_OFFSET=16.75},{CONDENSATE_DRAIN_HORIZONTAL_OFFSET=23.875},{COST=0},{DEFAULT_ELEVATION=0},{DESCRIPTION=Five Zone Multi-Split Unit},{ENCLOSURE_DEPTH=18.125},{ENC
100
AcDbAttributeDefinition
  3

  2
PSOL_3
 70
     9
280
     0
  0
ATTDEF
  5
18C
330
176
100
AcDbEntity
  8
AM_6
100
AcDbText
 10
25.9125000000002
 20
4.943749999997205
 30
0.0
 40
0.5
  1
_HEIGHT_OFFSET=1},{ENCLOSURE_WIDTH=43.3125},{FAN_TYPE=Propeller},{FREQUENCY=60},{FRONT_GRILL_L_X_H=30.825},{LOAD_SUB_CLASSIFICATION_MOTOR=1},{MANUFACTURER=Daikin},{MASSUNIT=1},{MAXIMUM_OVERCURRENT_PROTECTION=40},{MINIMUM_CIRCUIT_AMPS=38.1},{NOMINAL_
100
AcDbAttributeDefinition
  3

  2
PSOL_4
 70
     9
280
     0
  0
ATTDEF
  5
18D
330
176
100
AcDbEntity
  8
AM_6
100
AcDbText
 10
25.9125000000002
 20
4.443749999997205
 30
0.0
 40
0.5
  1
G_CAPACITY=48000},{NOMINAL_COOLING_CAPACITY__TONS_=4},{NOMINAL_HEATING_CAPACITY=48000},{NUMBER_OF_POLES=2},{OVERALL_DEPTH=18.125},{OVERALL_HEIGHT=34.25},{OVERALL_WIDTH=43.3125},{PARTTYPE=Normal},{PHASE=1},{REFRIGERANT_CHARGE=6.94},{REFRIGERANT_LIQUI
100
AcDbAttributeDefinition
  3

  2
PSOL_5
 70
     9
280
     0
  0
ATTDEF
  5
18E
330
176
100
AcDbEntity
  8
AM_6
100
AcDbText
 10
25.9125000000002
 20
3.943749999997205
 30
0.0
 40
0.5
  1
ET=4.94},{REFRIGERANT_SUCTION_GAS_CONNECTION_DEPTH_OFFSET_ROOM_A=3.88},{REFRIGERANT_SUCTION_GAS_CONNECTION_DIAMETER_ROOM_A=0.375},{REFRIGERANT_SUCTION_GAS_CONNECTION_DIAMETER_ROOM_B=0.5},{REFRIGERANT_SUCTION_GAS_CONNECTION_RADIUS_ROOM_A=0.1875},{REF
100
AcDbAttributeDefinition
  3

  2
PSOL_6
 70
     9
280
     0
  0
ATTDEF
  5
18F
330
176
100
AcDbEntity
  8
AM_6
100
AcDbText
 10
25.9125000000002
 20
3.443749999997205
 30
0.0
 40
0.5
  1
NT_SUCTION_GAS_CONNECTION_RADIUS_ROOM_B=0.25},{REFRIGERANT_USED=R-32},{SERIES=MXM-A},{SPACE_OR_PERFOMANCE_FRONT=13.75},{SPACE_OR_PERFOMANCE_REAR=3.9375},{SPACE_OR_PERFOMANCE_SIDE=1.9375},{SYSTEM_PERFORMANCE_COP=1.9},{SYSTEM_PERFORMANCE_EER2=10.0},{S
100
AcDbAttributeDefinition
  3

  2
PSOL_7
 70
     9
280
     0
  0
ATTDEF
  5
190
330
176
100
AcDbEntity
  8
AM_6
100
AcDbText
 10
25.9125000000002
 20
2.943749999997205
 30
0.0
 40
0.5
  1
PERFORMANCE_HSPF2=9.5},{SYSTEM_PERFORMANCE_SEER2=20.0},{UNIT_WEIGHT=219},{URL=https://daikincomfort.com/},{VERSION=1},{VOLTAGE=240},{VOLTAGE_COMMENTS=208 VAC - 230 VAC},{CLASSIFICATION_NUMBER=23.33.17.13.11},{PRODUCT_PAGE_URL=https://daikincomfort.c
100
AcDbAttributeDefinition
  3

  2
PSOL_8
 70
     9
280
     0
  0
ATTDEF
  5
191
330
176
100
AcDbEntity
  8
AM_6
100
AcDbText
 10
25.9125000000002
 20
2.443749999997205
 30
0.0
 40
0.5
  1
ducts/heating-cooling/multi-split-ductless},{REFRIGERANT_LIQUID_CONNECTION_ARRAY_VERTICAL_OFFSET=3},{REFRIGERANT_LIQUID_CONNECTION_DIAMETER=0.25},{REFRIGERANT_LIQUID_CONNECTION_HORIZONTAL_OFFSET=0.875},{REFRIGERANT_LIQUID_CONNECTION_RADIUS=0.125},{R
100
AcDbAttributeDefinition
  3

  2
PSOL_9
 70
     9
280
     0
  0
ATTDEF
  5
192
330
176
100
AcDbEntity
  8
AM_6
100
AcDbText
 10
25.9125000000002
 20
1.943749999997205
 30
0.0
 40
0.5
  1
RANT_LIQUID_CONNECTION_VERTICAL_OFFSET=3.8125},{REFRIGERANT_SUCTION_GAS_CONNECTION_ARRAY_VERTICAL_OFFSET=3},{REFRIGERANT_SUCTION_GAS_CONNECTION_DEPTH_OFFSET=3.56},{REFRIGERANT_SUCTION_GAS_CONNECTION_DEPTH_OFFSET_ROOM_D=3.38},{REFRIGERANT_SUCTION_GAS
100
AcDbAttributeDefinition
  3

  2
PSOL_10
 70
     9
280
     0
  0
ATTDEF
  5
193
330
176
100
AcDbEntity
  8
AM_6
100
AcDbText
 10
25.9125000000002
 20
1.443749999997205
 30
0.0
 40
0.5
  1
CTION_DEPTH_OFFSET_ROOM_E=3.38},{REFRIGERANT_SUCTION_GAS_CONNECTION_DIAMETER_ROOM_C=0.5},{REFRIGERANT_SUCTION_GAS_CONNECTION_DIAMETER_ROOM_D=0.625},{REFRIGERANT_SUCTION_GAS_CONNECTION_DIAMETER_ROOM_E=0.625},{REFRIGERANT_SUCTION_GAS_CONNECTION_HORIZO
100
AcDbAttributeDefinition
  3

  2
PSOL_11
 70
     9
280
     0
  0
ATTDEF
  5
194
330
176
100
AcDbEntity
  8
AM_6
100
AcDbText
 10
25.9125000000002
 20
0.9437499999972054
 30
0.0
 40
0.5
  1
FFSET=1.6875},{REFRIGERANT_SUCTION_GAS_CONNECTION_RADIUS_ROOM_C=0.25},{REFRIGERANT_SUCTION_GAS_CONNECTION_RADIUS_ROOM_D=0.3125},{REFRIGERANT_SUCTION_GAS_CONNECTION_RADIUS_ROOM_E=0.3125},{REFRIGERANT_SUCTION_GAS_CONNECTION_VERTICAL_OFFSET=5.25},{RFA_
100
AcDbAttributeDefinition
  3

  2
PSOL_12
 70
     9
280
     0
  0
ATTDEF
  5
195
330
176
100
AcDbEntity
  8
AM_6
100
AcDbText
 10
25.9125000000002
 20
0.4437499999972054
 30
0.0
 40
0.5
  1
=Download Revit Family (RFA)},{PARTNUMBERMAP09=},{MODEL=},{OMNICLASS_NUMBER=},{OMNICLASS_TITLE=},{REFRIGERANT_LIQUID_CONNECTION_DEPTH_OFFSET=},{REFRIGERANT_LIQUID_CONNECTION_DIAMETER_ROOM_A=},{REFRIGERANT_LIQUID_CONNECTION_DIAMETER_ROOM_B=},{REFRIGE
100
AcDbAttributeDefinition
  3

  2
PSOL_13
 70
     9
280
     0
  0
ATTDEF
  5
196
330
176
100
AcDbEntity
  8
AM_6
100
AcDbText
 10
25.9125000000002
 20
-0.0562500000027946
 30
0.0
 40
0.5
  1
IQUID_CONNECTION_RADIUS_ROOM_A=},{REFRIGERANT_LIQUID_CONNECTION_RADIUS_ROOM_B=},{REFRIGERANT_LIQUID_CONNECTION_VERTICAL_OFFSET_ROOM_A=},{REFRIGERANT_LIQUID_CONNECTION_VERTICAL_OFFSET_ROOM_B=},{REFRIGERANT_SUCTION_GAS_CONNECTION_DEPTH_OFFSET_ROOM_B=}
100
AcDbAttributeDefinition
  3

  2
PSOL_14
 70
     9
280
     0
  0
ATTDEF
  5
197
330
176
100
AcDbEntity
  8
AM_6
100
AcDbText
 10
25.9125000000002
 20
-0.5562500000027946
 30
0.0
 40
0.5
  1
IGERANT_SUCTION_GAS_CONNECTION_VERTICAL_OFFSET_ROOM_A=},{REFRIGERANT_SUCTION_GAS_CONNECTION_VERTICAL_OFFSET_ROOM_B=},{REFRIGERANT_SUCTION_GAS_OFFSET=},{STOP_VALVE_COVER_DEPTH=},{STOP_VALVE_COVER_HEIGHT=},{STOP_VALVE_COVER_VISIBILITY=},{STOP_VALVE_CO
100
AcDbAttributeDefinition
  3

  2
PSOL_15
 70
     9
280
     0
  0
ATTDEF
  5
198
330
176
100
AcDbEntity
  8
AM_6
100
AcDbText
 10
25.9125000000002
 20
-1.056250000002795
 30
0.0
 40
0.5
  1
DTH=},{DEFAULTSORTATTR=},{RFA_FAMILY_=../../_pool_/fc/e2/heat_pump_unit-multi_zone-outdoor-daikin-5mxm.zip},{RFA_FAMILY_ENG=../../_pool_/fc/e2/heat_pump_unit-multi_zone-outdoor-daikin-5mxm.zip},{REVIT_FAMILY_DOWNLOAD=../../_pool_/fc/e2/heat_pump_uni
100
AcDbAttributeDefinition
  3

  2
PSOL_16
 70
     9
280
     0
  0
ATTDEF
  5
199
330
176
100
AcDbEntity
  8
AM_6
100
AcDbText
 10
25.9125000000002
 20
-1.556250000002795
 30
0.0
 40
0.5
  1
i_zone-outdoor-daikin-5mxm.zip}
100
AcDbAttributeDefinition
  3

  2
PSOL_17
 70
     9
280
     0
  0
CIRCLE
  5
19A
330
176
100
AcDbEntity
  8
AM_9
100
AcDbCircle
 10
20.7812500000002
 20
13.81249999999721
 30
0.0
 40
0.125
  0
LINE
  5
19B
330
176
100
AcDbEntity
  8
AM_7
100
AcDbLine
 10
20.6500000000002
 20
13.81249999999721
 30
0.0
 11
20.9125000000002
 21
13.81249999999721
 31
0.0
  0
LINE
  5
19C
330
176
100
AcDbEntity
  8
AM_7
100
AcDbLine
 10
20.7812500000002
 20
13.68124999999721
 30
0.0
 11
20.7812500000002
 21
13.94374999999721
 31
0.0
  0
ENDBLK
  5
179
330
176
100
AcDbEntity
  8
0
100
AcDbBlockEnd
  0
BLOCK
  5
19F
330
19D
100
AcDbEntity
  8
0
100
AcDbBlockBegin
  2
8_5MXM48AVJU9_PART5_0_in_5MXM48AVJU9_0
 70
     2
 10
0.0
 20
0.0
 30
0.0
  3
8_5MXM48AVJU9_PART5_0_in_5MXM48AVJU9_0
  1

  0
ATTDEF
  5
1A1
330
19D
100
AcDbEntity
  8
AM_6
100
AcDbText
 10
25.9125000000002
 20
10.9437499999974
 30
0.0
 40
0.5
  1
5MXM48AVJU9_PART5
100
AcDbAttributeDefinition
  3

  2
NB
 70
     8
280
     0
  0
ATTDEF
  5
1A2
330
19D
100
AcDbEntity
  8
AM_6
100
AcDbText
 10
25.9125000000002
 20
10.4437499999974
 30
0.0
 40
0.5
  1

100
AcDbAttributeDefinition
  3

  2
NN
 70
     8
280
     0
  0
ATTDEF
  5
1A3
330
19D
100
AcDbEntity
  8
AM_6
100
AcDbText
 10
25.9125000000002
 20
9.9437499999974
 30
0.0
 40
0.5
  1

100
AcDbAttributeDefinition
  3

  2
NT
 70
     8
280
     0
  0
ATTDEF
  5
1A4
330
19D
100
AcDbEntity
  8
AM_6
100
AcDbText
 10
25.9125000000002
 20
9.4437499999974
 30
0.0
 40
0.5
  1
$PARTNUMBER._PART5
100
AcDbAttributeDefinition
  3

  2
NBSYN
 70
     8
280
     0
  0
ATTDEF
  5
1A5
330
19D
100
AcDbEntity
  8
AM_6
100
AcDbText
 10
25.9125000000002
 20
8.9437499999974
 30
0.0
 40
0.5
  1
5MXM48AVJU9_PART5
100
AcDbAttributeDefinition
  3

  2
LINA
 70
     8
280
     0
  0
ATTDEF
  5
1A6
330
19D
100
AcDbEntity
  8
AM_6
100
AcDbText
 10
25.9125000000002
 20
8.4437499999974
 30
0.0
 40
0.5
  1
Daikin
100
AcDbAttributeDefinition
  3

  2
CATALOG
 70
     8
280
     0
  0
ATTDEF
  5
1A7
330
19D
100
AcDbEntity
  8
AM_6
100
AcDbText
 10
25.9125000000002
 20
7.943749999997401
 30
0.0
 40
0.5
  1
5MXM48AVJU9
100
AcDbAttributeDefinition
  3

  2
PARTNUMBER
 70
     8
280
     0
  0
ATTDEF
  5
1A8
330
19D
100
AcDbEntity
  8
AM_6
100
AcDbText
 10
25.9125000000002
 20
7.443749999997401
 30
0.0
 40
0.5
  1
Five Zone Multi-Split Unit
100
AcDbAttributeDefinition
  3

  2
DESCRIPTION
 70
     8
280
     0
  0
ATTDEF
  5
1A9
330
19D
100
AcDbEntity
  8
AM_6
100
AcDbText
 10
25.9125000000002
 20
6.943749999997401
 30
0.0
 40
0.5
  1
18.125
100
AcDbAttributeDefinition
  3

  2
OVERALL_DEPTH
 70
     8
280
     0
  0
ATTDEF
  5
1AA
330
19D
100
AcDbEntity
  8
AM_6
100
AcDbText
 10
25.9125000000002
 20
6.443749999997401
 30
0.0
 40
0.5
  1
34.25
100
AcDbAttributeDefinition
  3

  2
OVERALL_HEIGHT
 70
     8
280
     0
  0
ATTDEF
  5
1AB
330
19D
100
AcDbEntity
  8
AM_6
100
AcDbText
 10
25.9125000000002
 20
5.943749999997401
 30
0.0
 40
0.5
  1
43.3125
100
AcDbAttributeDefinition
  3

  2
OVERALL_WIDTH
 70
     8
280
     0
  0
ATTDEF
  5
1AC
330
19D
100
AcDbEntity
  8
AM_6
100
AcDbText
 10
25.9125000000002
 20
5.443749999997401
 30
0.0
 40
0.5
  1
https://daikincomfort.com/
100
AcDbAttributeDefinition
  3

  2
URL
 70
     8
280
     0
  0
ATTDEF
  5
1AD
330
19D
100
AcDbEntity
  8
AM_6
100
AcDbText
 10
25.9125000000002
 20
4.943749999997401
 30
0.0
 40
0.5
  1
Download Revit Family (RFA)
100
AcDbAttributeDefinition
  3

  2
RFA_FAMILY
 70
     8
280
     0
  0
ATTDEF
  5
1AE
330
19D
100
AcDbEntity
  8
AM_6
100
AcDbText
 10
25.9125000000002
 20
4.443749999997401
 30
0.0
 40
0.5
  1
daikin
100
AcDbAttributeDefinition
  3

  2
COMPANY
 70
     8
280
     0
  0
ATTDEF
  5
1AF
330
19D
100
AcDbEntity
  8
AM_6
100
AcDbText
 10
25.9125000000002
 20
3.943749999997401
 30
0.0
 40
0.5
  1
{$CADENAS_DATA/23d-libs/daikin/multi20zone20systems/multi20zone20outdoor20units/heat_pump_unit-multi_zone-outdoor-daikin-mxm.prj},237 {VTYP=3D},{NB=5MXM48AVJU9_PART5},{LINA=5MXM48AVJU9_PART5},{NN=(R32) Heat_Pump_Unit-Multi_Zone-Outdoor-Daikin-MXM_PA
100
AcDbAttributeDefinition
  3

  2
PSOL_0
 70
     9
280
     0
  0
ATTDEF
  5
1B0
330
19D
100
AcDbEntity
  8
AM_6
100
AcDbText
 10
25.9125000000002
 20
3.443749999997401
 30
0.0
 40
0.5
  1
NOPRJ=TRUE},{DATE=03.06.2026 19:23:31},{GEOMDATE=06.03.2026 09:05:37},{VERSION=},{LINEID=50},{WBVAR=},{WBNUMERIC=}  {NB=5MXM48AVJU9_PART5},{LINA=5MXM48AVJU9_PART5},{KT=DUMMY},{PARTNUMBER=5MXM48AVJU9},{APPARENT_POWER=9144},{PARTNUMBERHELP=4Ton_Five_Z
100
AcDbAttributeDefinition
  3

  2
PSOL_1
 70
     9
280
     0
  0
ATTDEF
  5
1B1
330
19D
100
AcDbEntity
  8
AM_6
100
AcDbText
 10
25.9125000000002
 20
2.943749999997401
 30
0.0
 40
0.5
  1
XM48AVJU9},{ASSEMBLY_CODE=D3040100},{BASE_PITCH=20.57},{BASE_PITCH_OFFSET=7.06},{BASE_PITCH_WIDTH=1},{BASE_PITCH_WIDTH_APART=29.125},{CATEGORY=Mechanical Equipment},{CLEARANCE_VISIBILITY=1},{COMPRESSOR_TYPE=Hermetically Sealed Swing Type},{CONDENSAT
100
AcDbAttributeDefinition
  3

  2
PSOL_2
 70
     9
280
     0
  0
ATTDEF
  5
1B2
330
19D
100
AcDbEntity
  8
AM_6
100
AcDbText
 10
25.9125000000002
 20
2.443749999997401
 30
0.0
 40
0.5
  1
N_CONNECTION_DIAMETER=1},{CONDENSATE_DRAIN_CONNECTION_RADIUS=0.5},{CONDENSATE_DRAIN_DEPTH_OFFSET=16.75},{CONDENSATE_DRAIN_HORIZONTAL_OFFSET=23.875},{COST=0},{DEFAULT_ELEVATION=0},{DESCRIPTION=Five Zone Multi-Split Unit},{ENCLOSURE_DEPTH=18.125},{ENC
100
AcDbAttributeDefinition
  3

  2
PSOL_3
 70
     9
280
     0
  0
ATTDEF
  5
1B3
330
19D
100
AcDbEntity
  8
AM_6
100
AcDbText
 10
25.9125000000002
 20
1.943749999997401
 30
0.0
 40
0.5
  1
_HEIGHT_OFFSET=1},{ENCLOSURE_WIDTH=43.3125},{FAN_TYPE=Propeller},{FREQUENCY=60},{FRONT_GRILL_L_X_H=30.825},{LOAD_SUB_CLASSIFICATION_MOTOR=1},{MANUFACTURER=Daikin},{MASSUNIT=1},{MAXIMUM_OVERCURRENT_PROTECTION=40},{MINIMUM_CIRCUIT_AMPS=38.1},{NOMINAL_
100
AcDbAttributeDefinition
  3

  2
PSOL_4
 70
     9
280
     0
  0
ATTDEF
  5
1B4
330
19D
100
AcDbEntity
  8
AM_6
100
AcDbText
 10
25.9125000000002
 20
1.443749999997401
 30
0.0
 40
0.5
  1
G_CAPACITY=48000},{NOMINAL_COOLING_CAPACITY__TONS_=4},{NOMINAL_HEATING_CAPACITY=48000},{NUMBER_OF_POLES=2},{OVERALL_DEPTH=18.125},{OVERALL_HEIGHT=34.25},{OVERALL_WIDTH=43.3125},{PARTTYPE=Normal},{PHASE=1},{REFRIGERANT_CHARGE=6.94},{REFRIGERANT_LIQUI
100
AcDbAttributeDefinition
  3

  2
PSOL_5
 70
     9
280
     0
  0
ATTDEF
  5
1B5
330
19D
100
AcDbEntity
  8
AM_6
100
AcDbText
 10
25.9125000000002
 20
0.9437499999974008
 30
0.0
 40
0.5
  1
ET=4.94},{REFRIGERANT_SUCTION_GAS_CONNECTION_DEPTH_OFFSET_ROOM_A=3.88},{REFRIGERANT_SUCTION_GAS_CONNECTION_DIAMETER_ROOM_A=0.375},{REFRIGERANT_SUCTION_GAS_CONNECTION_DIAMETER_ROOM_B=0.5},{REFRIGERANT_SUCTION_GAS_CONNECTION_RADIUS_ROOM_A=0.1875},{REF
100
AcDbAttributeDefinition
  3

  2
PSOL_6
 70
     9
280
     0
  0
ATTDEF
  5
1B6
330
19D
100
AcDbEntity
  8
AM_6
100
AcDbText
 10
25.9125000000002
 20
0.4437499999974008
 30
0.0
 40
0.5
  1
NT_SUCTION_GAS_CONNECTION_RADIUS_ROOM_B=0.25},{REFRIGERANT_USED=R-32},{SERIES=MXM-A},{SPACE_OR_PERFOMANCE_FRONT=13.75},{SPACE_OR_PERFOMANCE_REAR=3.9375},{SPACE_OR_PERFOMANCE_SIDE=1.9375},{SYSTEM_PERFORMANCE_COP=1.9},{SYSTEM_PERFORMANCE_EER2=10.0},{S
100
AcDbAttributeDefinition
  3

  2
PSOL_7
 70
     9
280
     0
  0
ATTDEF
  5
1B7
330
19D
100
AcDbEntity
  8
AM_6
100
AcDbText
 10
25.9125000000002
 20
-0.0562500000025992
 30
0.0
 40
0.5
  1
PERFORMANCE_HSPF2=9.5},{SYSTEM_PERFORMANCE_SEER2=20.0},{UNIT_WEIGHT=219},{URL=https://daikincomfort.com/},{VERSION=1},{VOLTAGE=240},{VOLTAGE_COMMENTS=208 VAC - 230 VAC},{CLASSIFICATION_NUMBER=23.33.17.13.11},{PRODUCT_PAGE_URL=https://daikincomfort.c
100
AcDbAttributeDefinition
  3

  2
PSOL_8
 70
     9
280
     0
  0
ATTDEF
  5
1B8
330
19D
100
AcDbEntity
  8
AM_6
100
AcDbText
 10
25.9125000000002
 20
-0.5562500000025992
 30
0.0
 40
0.5
  1
ducts/heating-cooling/multi-split-ductless},{REFRIGERANT_LIQUID_CONNECTION_ARRAY_VERTICAL_OFFSET=3},{REFRIGERANT_LIQUID_CONNECTION_DIAMETER=0.25},{REFRIGERANT_LIQUID_CONNECTION_HORIZONTAL_OFFSET=0.875},{REFRIGERANT_LIQUID_CONNECTION_RADIUS=0.125},{R
100
AcDbAttributeDefinition
  3

  2
PSOL_9
 70
     9
280
     0
  0
ATTDEF
  5
1B9
330
19D
100
AcDbEntity
  8
AM_6
100
AcDbText
 10
25.9125000000002
 20
-1.056250000002599
 30
0.0
 40
0.5
  1
RANT_LIQUID_CONNECTION_VERTICAL_OFFSET=3.8125},{REFRIGERANT_SUCTION_GAS_CONNECTION_ARRAY_VERTICAL_OFFSET=3},{REFRIGERANT_SUCTION_GAS_CONNECTION_DEPTH_OFFSET=3.56},{REFRIGERANT_SUCTION_GAS_CONNECTION_DEPTH_OFFSET_ROOM_D=3.38},{REFRIGERANT_SUCTION_GAS
100
AcDbAttributeDefinition
  3

  2
PSOL_10
 70
     9
280
     0
  0
ATTDEF
  5
1BA
330
19D
100
AcDbEntity
  8
AM_6
100
AcDbText
 10
25.9125000000002
 20
-1.556250000002599
 30
0.0
 40
0.5
  1
CTION_DEPTH_OFFSET_ROOM_E=3.38},{REFRIGERANT_SUCTION_GAS_CONNECTION_DIAMETER_ROOM_C=0.5},{REFRIGERANT_SUCTION_GAS_CONNECTION_DIAMETER_ROOM_D=0.625},{REFRIGERANT_SUCTION_GAS_CONNECTION_DIAMETER_ROOM_E=0.625},{REFRIGERANT_SUCTION_GAS_CONNECTION_HORIZO
100
AcDbAttributeDefinition
  3

  2
PSOL_11
 70
     9
280
     0
  0
ATTDEF
  5
1BB
330
19D
100
AcDbEntity
  8
AM_6
100
AcDbText
 10
25.9125000000002
 20
-2.056250000002599
 30
0.0
 40
0.5
  1
FFSET=1.6875},{REFRIGERANT_SUCTION_GAS_CONNECTION_RADIUS_ROOM_C=0.25},{REFRIGERANT_SUCTION_GAS_CONNECTION_RADIUS_ROOM_D=0.3125},{REFRIGERANT_SUCTION_GAS_CONNECTION_RADIUS_ROOM_E=0.3125},{REFRIGERANT_SUCTION_GAS_CONNECTION_VERTICAL_OFFSET=5.25},{RFA_
100
AcDbAttributeDefinition
  3

  2
PSOL_12
 70
     9
280
     0
  0
ATTDEF
  5
1BC
330
19D
100
AcDbEntity
  8
AM_6
100
AcDbText
 10
25.9125000000002
 20
-2.556250000002599
 30
0.0
 40
0.5
  1
=Download Revit Family (RFA)},{PARTNUMBERMAP09=},{MODEL=},{OMNICLASS_NUMBER=},{OMNICLASS_TITLE=},{REFRIGERANT_LIQUID_CONNECTION_DEPTH_OFFSET=},{REFRIGERANT_LIQUID_CONNECTION_DIAMETER_ROOM_A=},{REFRIGERANT_LIQUID_CONNECTION_DIAMETER_ROOM_B=},{REFRIGE
100
AcDbAttributeDefinition
  3

  2
PSOL_13
 70
     9
280
     0
  0
ATTDEF
  5
1BD
330
19D
100
AcDbEntity
  8
AM_6
100
AcDbText
 10
25.9125000000002
 20
-3.056250000002599
 30
0.0
 40
0.5
  1
IQUID_CONNECTION_RADIUS_ROOM_A=},{REFRIGERANT_LIQUID_CONNECTION_RADIUS_ROOM_B=},{REFRIGERANT_LIQUID_CONNECTION_VERTICAL_OFFSET_ROOM_A=},{REFRIGERANT_LIQUID_CONNECTION_VERTICAL_OFFSET_ROOM_B=},{REFRIGERANT_SUCTION_GAS_CONNECTION_DEPTH_OFFSET_ROOM_B=}
100
AcDbAttributeDefinition
  3

  2
PSOL_14
 70
     9
280
     0
  0
ATTDEF
  5
1BE
330
19D
100
AcDbEntity
  8
AM_6
100
AcDbText
 10
25.9125000000002
 20
-3.556250000002599
 30
0.0
 40
0.5
  1
IGERANT_SUCTION_GAS_CONNECTION_VERTICAL_OFFSET_ROOM_A=},{REFRIGERANT_SUCTION_GAS_CONNECTION_VERTICAL_OFFSET_ROOM_B=},{REFRIGERANT_SUCTION_GAS_OFFSET=},{STOP_VALVE_COVER_DEPTH=},{STOP_VALVE_COVER_HEIGHT=},{STOP_VALVE_COVER_VISIBILITY=},{STOP_VALVE_CO
100
AcDbAttributeDefinition
  3

  2
PSOL_15
 70
     9
280
     0
  0
ATTDEF
  5
1BF
330
19D
100
AcDbEntity
  8
AM_6
100
AcDbText
 10
25.9125000000002
 20
-4.056250000002599
 30
0.0
 40
0.5
  1
DTH=},{DEFAULTSORTATTR=},{RFA_FAMILY_=../../_pool_/fc/e2/heat_pump_unit-multi_zone-outdoor-daikin-5mxm.zip},{RFA_FAMILY_ENG=../../_pool_/fc/e2/heat_pump_unit-multi_zone-outdoor-daikin-5mxm.zip},{REVIT_FAMILY_DOWNLOAD=../../_pool_/fc/e2/heat_pump_uni
100
AcDbAttributeDefinition
  3

  2
PSOL_16
 70
     9
280
     0
  0
ATTDEF
  5
1C0
330
19D
100
AcDbEntity
  8
AM_6
100
AcDbText
 10
25.9125000000002
 20
-4.556250000002599
 30
0.0
 40
0.5
  1
i_zone-outdoor-daikin-5mxm.zip}
100
AcDbAttributeDefinition
  3

  2
PSOL_17
 70
     9
280
     0
  0
CIRCLE
  5
1C1
330
19D
100
AcDbEntity
  8
AM_9
100
AcDbCircle
 10
20.7812500000002
 20
10.8124999999974
 30
0.0
 40
0.125
  0
LINE
  5
1C2
330
19D
100
AcDbEntity
  8
AM_7
100
AcDbLine
 10
20.6500000000002
 20
10.8124999999974
 30
0.0
 11
20.9125000000002
 21
10.8124999999974
 31
0.0
  0
LINE
  5
1C3
330
19D
100
AcDbEntity
  8
AM_7
100
AcDbLine
 10
20.7812500000002
 20
10.6812499999974
 30
0.0
 11
20.7812500000002
 21
10.9437499999974
 31
0.0
  0
ENDBLK
  5
1A0
330
19D
100
AcDbEntity
  8
0
100
AcDbBlockEnd
  0
BLOCK
  5
1C6
330
1C4
100
AcDbEntity
  8
0
100
AcDbBlockBegin
  2
9_5MXM48AVJU9_PART4_0_in_5MXM48AVJU9_0
 70
     2
 10
0.0
 20
0.0
 30
0.0
  3
9_5MXM48AVJU9_PART4_0_in_5MXM48AVJU9_0
  1

  0
ATTDEF
  5
1C8
330
1C4
100
AcDbEntity
  8
AM_6
100
AcDbText
 10
25.9125000000002
 20
16.9437499999974
 30
0.0
 40
0.5
  1
5MXM48AVJU9_PART4
100
AcDbAttributeDefinition
  3

  2
NB
 70
     8
280
     0
  0
ATTDEF
  5
1C9
330
1C4
100
AcDbEntity
  8
AM_6
100
AcDbText
 10
25.9125000000002
 20
16.4437499999974
 30
0.0
 40
0.5
  1

100
AcDbAttributeDefinition
  3

  2
NN
 70
     8
280
     0
  0
ATTDEF
  5
1CA
330
1C4
100
AcDbEntity
  8
AM_6
100
AcDbText
 10
25.9125000000002
 20
15.9437499999974
 30
0.0
 40
0.5
  1

100
AcDbAttributeDefinition
  3

  2
NT
 70
     8
280
     0
  0
ATTDEF
  5
1CB
330
1C4
100
AcDbEntity
  8
AM_6
100
AcDbText
 10
25.9125000000002
 20
15.4437499999974
 30
0.0
 40
0.5
  1
$PARTNUMBER._PART4
100
AcDbAttributeDefinition
  3

  2
NBSYN
 70
     8
280
     0
  0
ATTDEF
  5
1CC
330
1C4
100
AcDbEntity
  8
AM_6
100
AcDbText
 10
25.9125000000002
 20
14.9437499999974
 30
0.0
 40
0.5
  1
5MXM48AVJU9_PART4
100
AcDbAttributeDefinition
  3

  2
LINA
 70
     8
280
     0
  0
ATTDEF
  5
1CD
330
1C4
100
AcDbEntity
  8
AM_6
100
AcDbText
 10
25.9125000000002
 20
14.4437499999974
 30
0.0
 40
0.5
  1
Daikin
100
AcDbAttributeDefinition
  3

  2
CATALOG
 70
     8
280
     0
  0
ATTDEF
  5
1CE
330
1C4
100
AcDbEntity
  8
AM_6
100
AcDbText
 10
25.9125000000002
 20
13.9437499999974
 30
0.0
 40
0.5
  1
5MXM48AVJU9
100
AcDbAttributeDefinition
  3

  2
PARTNUMBER
 70
     8
280
     0
  0
ATTDEF
  5
1CF
330
1C4
100
AcDbEntity
  8
AM_6
100
AcDbText
 10
25.9125000000002
 20
13.4437499999974
 30
0.0
 40
0.5
  1
Five Zone Multi-Split Unit
100
AcDbAttributeDefinition
  3

  2
DESCRIPTION
 70
     8
280
     0
  0
ATTDEF
  5
1D0
330
1C4
100
AcDbEntity
  8
AM_6
100
AcDbText
 10
25.9125000000002
 20
12.9437499999974
 30
0.0
 40
0.5
  1
18.125
100
AcDbAttributeDefinition
  3

  2
OVERALL_DEPTH
 70
     8
280
     0
  0
ATTDEF
  5
1D1
330
1C4
100
AcDbEntity
  8
AM_6
100
AcDbText
 10
25.9125000000002
 20
12.4437499999974
 30
0.0
 40
0.5
  1
34.25
100
AcDbAttributeDefinition
  3

  2
OVERALL_HEIGHT
 70
     8
280
     0
  0
ATTDEF
  5
1D2
330
1C4
100
AcDbEntity
  8
AM_6
100
AcDbText
 10
25.9125000000002
 20
11.9437499999974
 30
0.0
 40
0.5
  1
43.3125
100
AcDbAttributeDefinition
  3

  2
OVERALL_WIDTH
 70
     8
280
     0
  0
ATTDEF
  5
1D3
330
1C4
100
AcDbEntity
  8
AM_6
100
AcDbText
 10
25.9125000000002
 20
11.4437499999974
 30
0.0
 40
0.5
  1
https://daikincomfort.com/
100
AcDbAttributeDefinition
  3

  2
URL
 70
     8
280
     0
  0
ATTDEF
  5
1D4
330
1C4
100
AcDbEntity
  8
AM_6
100
AcDbText
 10
25.9125000000002
 20
10.9437499999974
 30
0.0
 40
0.5
  1
Download Revit Family (RFA)
100
AcDbAttributeDefinition
  3

  2
RFA_FAMILY
 70
     8
280
     0
  0
ATTDEF
  5
1D5
330
1C4
100
AcDbEntity
  8
AM_6
100
AcDbText
 10
25.9125000000002
 20
10.4437499999974
 30
0.0
 40
0.5
  1
daikin
100
AcDbAttributeDefinition
  3

  2
COMPANY
 70
     8
280
     0
  0
ATTDEF
  5
1D6
330
1C4
100
AcDbEntity
  8
AM_6
100
AcDbText
 10
25.9125000000002
 20
9.943749999997404
 30
0.0
 40
0.5
  1
{$CADENAS_DATA/23d-libs/daikin/multi20zone20systems/multi20zone20outdoor20units/heat_pump_unit-multi_zone-outdoor-daikin-mxm.prj},237 {VTYP=3D},{NB=5MXM48AVJU9_PART4},{LINA=5MXM48AVJU9_PART4},{NN=(R32) Heat_Pump_Unit-Multi_Zone-Outdoor-Daikin-MXM_PA
100
AcDbAttributeDefinition
  3

  2
PSOL_0
 70
     9
280
     0
  0
ATTDEF
  5
1D7
330
1C4
100
AcDbEntity
  8
AM_6
100
AcDbText
 10
25.9125000000002
 20
9.443749999997404
 30
0.0
 40
0.5
  1
NOPRJ=TRUE},{DATE=03.06.2026 19:23:31},{GEOMDATE=06.03.2026 09:05:37},{VERSION=},{LINEID=50},{WBVAR=},{WBNUMERIC=}  {NB=5MXM48AVJU9_PART4},{LINA=5MXM48AVJU9_PART4},{KT=DUMMY},{PARTNUMBER=5MXM48AVJU9},{APPARENT_POWER=9144},{PARTNUMBERHELP=4Ton_Five_Z
100
AcDbAttributeDefinition
  3

  2
PSOL_1
 70
     9
280
     0
  0
ATTDEF
  5
1D8
330
1C4
100
AcDbEntity
  8
AM_6
100
AcDbText
 10
25.9125000000002
 20
8.943749999997404
 30
0.0
 40
0.5
  1
XM48AVJU9},{ASSEMBLY_CODE=D3040100},{BASE_PITCH=20.57},{BASE_PITCH_OFFSET=7.06},{BASE_PITCH_WIDTH=1},{BASE_PITCH_WIDTH_APART=29.125},{CATEGORY=Mechanical Equipment},{CLEARANCE_VISIBILITY=1},{COMPRESSOR_TYPE=Hermetically Sealed Swing Type},{CONDENSAT
100
AcDbAttributeDefinition
  3

  2
PSOL_2
 70
     9
280
     0
  0
ATTDEF
  5
1D9
330
1C4
100
AcDbEntity
  8
AM_6
100
AcDbText
 10
25.9125000000002
 20
8.443749999997404
 30
0.0
 40
0.5
  1
N_CONNECTION_DIAMETER=1},{CONDENSATE_DRAIN_CONNECTION_RADIUS=0.5},{CONDENSATE_DRAIN_DEPTH_OFFSET=16.75},{CONDENSATE_DRAIN_HORIZONTAL_OFFSET=23.875},{COST=0},{DEFAULT_ELEVATION=0},{DESCRIPTION=Five Zone Multi-Split Unit},{ENCLOSURE_DEPTH=18.125},{ENC
100
AcDbAttributeDefinition
  3

  2
PSOL_3
 70
     9
280
     0
  0
ATTDEF
  5
1DA
330
1C4
100
AcDbEntity
  8
AM_6
100
AcDbText
 10
25.9125000000002
 20
7.943749999997404
 30
0.0
 40
0.5
  1
_HEIGHT_OFFSET=1},{ENCLOSURE_WIDTH=43.3125},{FAN_TYPE=Propeller},{FREQUENCY=60},{FRONT_GRILL_L_X_H=30.825},{LOAD_SUB_CLASSIFICATION_MOTOR=1},{MANUFACTURER=Daikin},{MASSUNIT=1},{MAXIMUM_OVERCURRENT_PROTECTION=40},{MINIMUM_CIRCUIT_AMPS=38.1},{NOMINAL_
100
AcDbAttributeDefinition
  3

  2
PSOL_4
 70
     9
280
     0
  0
ATTDEF
  5
1DB
330
1C4
100
AcDbEntity
  8
AM_6
100
AcDbText
 10
25.9125000000002
 20
7.443749999997404
 30
0.0
 40
0.5
  1
G_CAPACITY=48000},{NOMINAL_COOLING_CAPACITY__TONS_=4},{NOMINAL_HEATING_CAPACITY=48000},{NUMBER_OF_POLES=2},{OVERALL_DEPTH=18.125},{OVERALL_HEIGHT=34.25},{OVERALL_WIDTH=43.3125},{PARTTYPE=Normal},{PHASE=1},{REFRIGERANT_CHARGE=6.94},{REFRIGERANT_LIQUI
100
AcDbAttributeDefinition
  3

  2
PSOL_5
 70
     9
280
     0
  0
ATTDEF
  5
1DC
330
1C4
100
AcDbEntity
  8
AM_6
100
AcDbText
 10
25.9125000000002
 20
6.943749999997404
 30
0.0
 40
0.5
  1
ET=4.94},{REFRIGERANT_SUCTION_GAS_CONNECTION_DEPTH_OFFSET_ROOM_A=3.88},{REFRIGERANT_SUCTION_GAS_CONNECTION_DIAMETER_ROOM_A=0.375},{REFRIGERANT_SUCTION_GAS_CONNECTION_DIAMETER_ROOM_B=0.5},{REFRIGERANT_SUCTION_GAS_CONNECTION_RADIUS_ROOM_A=0.1875},{REF
100
AcDbAttributeDefinition
  3

  2
PSOL_6
 70
     9
280
     0
  0
ATTDEF
  5
1DD
330
1C4
100
AcDbEntity
  8
AM_6
100
AcDbText
 10
25.9125000000002
 20
6.443749999997404
 30
0.0
 40
0.5
  1
NT_SUCTION_GAS_CONNECTION_RADIUS_ROOM_B=0.25},{REFRIGERANT_USED=R-32},{SERIES=MXM-A},{SPACE_OR_PERFOMANCE_FRONT=13.75},{SPACE_OR_PERFOMANCE_REAR=3.9375},{SPACE_OR_PERFOMANCE_SIDE=1.9375},{SYSTEM_PERFORMANCE_COP=1.9},{SYSTEM_PERFORMANCE_EER2=10.0},{S
100
AcDbAttributeDefinition
  3

  2
PSOL_7
 70
     9
280
     0
  0
ATTDEF
  5
1DE
330
1C4
100
AcDbEntity
  8
AM_6
100
AcDbText
 10
25.9125000000002
 20
5.943749999997404
 30
0.0
 40
0.5
  1
PERFORMANCE_HSPF2=9.5},{SYSTEM_PERFORMANCE_SEER2=20.0},{UNIT_WEIGHT=219},{URL=https://daikincomfort.com/},{VERSION=1},{VOLTAGE=240},{VOLTAGE_COMMENTS=208 VAC - 230 VAC},{CLASSIFICATION_NUMBER=23.33.17.13.11},{PRODUCT_PAGE_URL=https://daikincomfort.c
100
AcDbAttributeDefinition
  3

  2
PSOL_8
 70
     9
280
     0
  0
ATTDEF
  5
1DF
330
1C4
100
AcDbEntity
  8
AM_6
100
AcDbText
 10
25.9125000000002
 20
5.443749999997404
 30
0.0
 40
0.5
  1
ducts/heating-cooling/multi-split-ductless},{REFRIGERANT_LIQUID_CONNECTION_ARRAY_VERTICAL_OFFSET=3},{REFRIGERANT_LIQUID_CONNECTION_DIAMETER=0.25},{REFRIGERANT_LIQUID_CONNECTION_HORIZONTAL_OFFSET=0.875},{REFRIGERANT_LIQUID_CONNECTION_RADIUS=0.125},{R
100
AcDbAttributeDefinition
  3

  2
PSOL_9
 70
     9
280
     0
  0
ATTDEF
  5
1E0
330
1C4
100
AcDbEntity
  8
AM_6
100
AcDbText
 10
25.9125000000002
 20
4.943749999997404
 30
0.0
 40
0.5
  1
RANT_LIQUID_CONNECTION_VERTICAL_OFFSET=3.8125},{REFRIGERANT_SUCTION_GAS_CONNECTION_ARRAY_VERTICAL_OFFSET=3},{REFRIGERANT_SUCTION_GAS_CONNECTION_DEPTH_OFFSET=3.56},{REFRIGERANT_SUCTION_GAS_CONNECTION_DEPTH_OFFSET_ROOM_D=3.38},{REFRIGERANT_SUCTION_GAS
100
AcDbAttributeDefinition
  3

  2
PSOL_10
 70
     9
280
     0
  0
ATTDEF
  5
1E1
330
1C4
100
AcDbEntity
  8
AM_6
100
AcDbText
 10
25.9125000000002
 20
4.443749999997404
 30
0.0
 40
0.5
  1
CTION_DEPTH_OFFSET_ROOM_E=3.38},{REFRIGERANT_SUCTION_GAS_CONNECTION_DIAMETER_ROOM_C=0.5},{REFRIGERANT_SUCTION_GAS_CONNECTION_DIAMETER_ROOM_D=0.625},{REFRIGERANT_SUCTION_GAS_CONNECTION_DIAMETER_ROOM_E=0.625},{REFRIGERANT_SUCTION_GAS_CONNECTION_HORIZO
100
AcDbAttributeDefinition
  3

  2
PSOL_11
 70
     9
280
     0
  0
ATTDEF
  5
1E2
330
1C4
100
AcDbEntity
  8
AM_6
100
AcDbText
 10
25.9125000000002
 20
3.943749999997404
 30
0.0
 40
0.5
  1
FFSET=1.6875},{REFRIGERANT_SUCTION_GAS_CONNECTION_RADIUS_ROOM_C=0.25},{REFRIGERANT_SUCTION_GAS_CONNECTION_RADIUS_ROOM_D=0.3125},{REFRIGERANT_SUCTION_GAS_CONNECTION_RADIUS_ROOM_E=0.3125},{REFRIGERANT_SUCTION_GAS_CONNECTION_VERTICAL_OFFSET=5.25},{RFA_
100
AcDbAttributeDefinition
  3

  2
PSOL_12
 70
     9
280
     0
  0
ATTDEF
  5
1E3
330
1C4
100
AcDbEntity
  8
AM_6
100
AcDbText
 10
25.9125000000002
 20
3.443749999997404
 30
0.0
 40
0.5
  1
=Download Revit Family (RFA)},{PARTNUMBERMAP09=},{MODEL=},{OMNICLASS_NUMBER=},{OMNICLASS_TITLE=},{REFRIGERANT_LIQUID_CONNECTION_DEPTH_OFFSET=},{REFRIGERANT_LIQUID_CONNECTION_DIAMETER_ROOM_A=},{REFRIGERANT_LIQUID_CONNECTION_DIAMETER_ROOM_B=},{REFRIGE
100
AcDbAttributeDefinition
  3

  2
PSOL_13
 70
     9
280
     0
  0
ATTDEF
  5
1E4
330
1C4
100
AcDbEntity
  8
AM_6
100
AcDbText
 10
25.9125000000002
 20
2.943749999997404
 30
0.0
 40
0.5
  1
IQUID_CONNECTION_RADIUS_ROOM_A=},{REFRIGERANT_LIQUID_CONNECTION_RADIUS_ROOM_B=},{REFRIGERANT_LIQUID_CONNECTION_VERTICAL_OFFSET_ROOM_A=},{REFRIGERANT_LIQUID_CONNECTION_VERTICAL_OFFSET_ROOM_B=},{REFRIGERANT_SUCTION_GAS_CONNECTION_DEPTH_OFFSET_ROOM_B=}
100
AcDbAttributeDefinition
  3

  2
PSOL_14
 70
     9
280
     0
  0
ATTDEF
  5
1E5
330
1C4
100
AcDbEntity
  8
AM_6
100
AcDbText
 10
25.9125000000002
 20
2.443749999997404
 30
0.0
 40
0.5
  1
IGERANT_SUCTION_GAS_CONNECTION_VERTICAL_OFFSET_ROOM_A=},{REFRIGERANT_SUCTION_GAS_CONNECTION_VERTICAL_OFFSET_ROOM_B=},{REFRIGERANT_SUCTION_GAS_OFFSET=},{STOP_VALVE_COVER_DEPTH=},{STOP_VALVE_COVER_HEIGHT=},{STOP_VALVE_COVER_VISIBILITY=},{STOP_VALVE_CO
100
AcDbAttributeDefinition
  3

  2
PSOL_15
 70
     9
280
     0
  0
ATTDEF
  5
1E6
330
1C4
100
AcDbEntity
  8
AM_6
100
AcDbText
 10
25.9125000000002
 20
1.943749999997404
 30
0.0
 40
0.5
  1
DTH=},{DEFAULTSORTATTR=},{RFA_FAMILY_=../../_pool_/fc/e2/heat_pump_unit-multi_zone-outdoor-daikin-5mxm.zip},{RFA_FAMILY_ENG=../../_pool_/fc/e2/heat_pump_unit-multi_zone-outdoor-daikin-5mxm.zip},{REVIT_FAMILY_DOWNLOAD=../../_pool_/fc/e2/heat_pump_uni
100
AcDbAttributeDefinition
  3

  2
PSOL_16
 70
     9
280
     0
  0
ATTDEF
  5
1E7
330
1C4
100
AcDbEntity
  8
AM_6
100
AcDbText
 10
25.9125000000002
 20
1.443749999997404
 30
0.0
 40
0.5
  1
i_zone-outdoor-daikin-5mxm.zip}
100
AcDbAttributeDefinition
  3

  2
PSOL_17
 70
     9
280
     0
  0
CIRCLE
  5
1E8
330
1C4
100
AcDbEntity
  8
AM_9
100
AcDbCircle
 10
20.7812500000002
 20
16.8124999999974
 30
0.0
 40
0.125
  0
LINE
  5
1E9
330
1C4
100
AcDbEntity
  8
AM_7
100
AcDbLine
 10
20.6500000000002
 20
16.8124999999974
 30
0.0
 11
20.9125000000002
 21
16.8124999999974
 31
0.0
  0
LINE
  5
1EA
330
1C4
100
AcDbEntity
  8
AM_7
100
AcDbLine
 10
20.7812500000002
 20
16.6812499999974
 30
0.0
 11
20.7812500000002
 21
16.9437499999974
 31
0.0
  0
ENDBLK
  5
1C7
330
1C4
100
AcDbEntity
  8
0
100
AcDbBlockEnd
  0
BLOCK
  5
1ED
330
1EB
100
AcDbEntity
  8
0
100
AcDbBlockBegin
  2
10_5MXM48AVJU9_PART3_0_in_5MXM48AVJU9_0
 70
     2
 10
0.0
 20
0.0
 30
0.0
  3
10_5MXM48AVJU9_PART3_0_in_5MXM48AVJU9_0
  1

  0
ATTDEF
  5
1EF
330
1EB
100
AcDbEntity
  8
AM_6
100
AcDbText
 10
25.23125000000019
 20
12.51249999999771
 30
0.0
 40
0.5
  1
5MXM48AVJU9_PART3
100
AcDbAttributeDefinition
  3

  2
NB
 70
     8
280
     0
  0
ATTDEF
  5
1F0
330
1EB
100
AcDbEntity
  8
AM_6
100
AcDbText
 10
25.23125000000019
 20
12.01249999999771
 30
0.0
 40
0.5
  1

100
AcDbAttributeDefinition
  3

  2
NN
 70
     8
280
     0
  0
ATTDEF
  5
1F1
330
1EB
100
AcDbEntity
  8
AM_6
100
AcDbText
 10
25.23125000000019
 20
11.51249999999771
 30
0.0
 40
0.5
  1

100
AcDbAttributeDefinition
  3

  2
NT
 70
     8
280
     0
  0
ATTDEF
  5
1F2
330
1EB
100
AcDbEntity
  8
AM_6
100
AcDbText
 10
25.23125000000019
 20
11.01249999999771
 30
0.0
 40
0.5
  1
$PARTNUMBER._PART3
100
AcDbAttributeDefinition
  3

  2
NBSYN
 70
     8
280
     0
  0
ATTDEF
  5
1F3
330
1EB
100
AcDbEntity
  8
AM_6
100
AcDbText
 10
25.23125000000019
 20
10.51249999999771
 30
0.0
 40
0.5
  1
5MXM48AVJU9_PART3
100
AcDbAttributeDefinition
  3

  2
LINA
 70
     8
280
     0
  0
ATTDEF
  5
1F4
330
1EB
100
AcDbEntity
  8
AM_6
100
AcDbText
 10
25.23125000000019
 20
10.01249999999771
 30
0.0
 40
0.5
  1
Daikin
100
AcDbAttributeDefinition
  3

  2
CATALOG
 70
     8
280
     0
  0
ATTDEF
  5
1F5
330
1EB
100
AcDbEntity
  8
AM_6
100
AcDbText
 10
25.23125000000019
 20
9.512499999997715
 30
0.0
 40
0.5
  1
5MXM48AVJU9
100
AcDbAttributeDefinition
  3

  2
PARTNUMBER
 70
     8
280
     0
  0
ATTDEF
  5
1F6
330
1EB
100
AcDbEntity
  8
AM_6
100
AcDbText
 10
25.23125000000019
 20
9.012499999997715
 30
0.0
 40
0.5
  1
Five Zone Multi-Split Unit
100
AcDbAttributeDefinition
  3

  2
DESCRIPTION
 70
     8
280
     0
  0
ATTDEF
  5
1F7
330
1EB
100
AcDbEntity
  8
AM_6
100
AcDbText
 10
25.23125000000019
 20
8.512499999997715
 30
0.0
 40
0.5
  1
18.125
100
AcDbAttributeDefinition
  3

  2
OVERALL_DEPTH
 70
     8
280
     0
  0
ATTDEF
  5
1F8
330
1EB
100
AcDbEntity
  8
AM_6
100
AcDbText
 10
25.23125000000019
 20
8.012499999997715
 30
0.0
 40
0.5
  1
34.25
100
AcDbAttributeDefinition
  3

  2
OVERALL_HEIGHT
 70
     8
280
     0
  0
ATTDEF
  5
1F9
330
1EB
100
AcDbEntity
  8
AM_6
100
AcDbText
 10
25.23125000000019
 20
7.512499999997715
 30
0.0
 40
0.5
  1
43.3125
100
AcDbAttributeDefinition
  3

  2
OVERALL_WIDTH
 70
     8
280
     0
  0
ATTDEF
  5
1FA
330
1EB
100
AcDbEntity
  8
AM_6
100
AcDbText
 10
25.23125000000019
 20
7.012499999997715
 30
0.0
 40
0.5
  1
https://daikincomfort.com/
100
AcDbAttributeDefinition
  3

  2
URL
 70
     8
280
     0
  0
ATTDEF
  5
1FB
330
1EB
100
AcDbEntity
  8
AM_6
100
AcDbText
 10
25.23125000000019
 20
6.512499999997715
 30
0.0
 40
0.5
  1
Download Revit Family (RFA)
100
AcDbAttributeDefinition
  3

  2
RFA_FAMILY
 70
     8
280
     0
  0
ATTDEF
  5
1FC
330
1EB
100
AcDbEntity
  8
AM_6
100
AcDbText
 10
25.23125000000019
 20
6.012499999997715
 30
0.0
 40
0.5
  1
daikin
100
AcDbAttributeDefinition
  3

  2
COMPANY
 70
     8
280
     0
  0
ATTDEF
  5
1FD
330
1EB
100
AcDbEntity
  8
AM_6
100
AcDbText
 10
25.23125000000019
 20
5.512499999997715
 30
0.0
 40
0.5
  1
{$CADENAS_DATA/23d-libs/daikin/multi20zone20systems/multi20zone20outdoor20units/heat_pump_unit-multi_zone-outdoor-daikin-mxm.prj},237 {VTYP=3D},{NB=5MXM48AVJU9_PART3},{LINA=5MXM48AVJU9_PART3},{NN=(R32) Heat_Pump_Unit-Multi_Zone-Outdoor-Daikin-MXM_PA
100
AcDbAttributeDefinition
  3

  2
PSOL_0
 70
     9
280
     0
  0
ATTDEF
  5
1FE
330
1EB
100
AcDbEntity
  8
AM_6
100
AcDbText
 10
25.23125000000019
 20
5.012499999997715
 30
0.0
 40
0.5
  1
NOPRJ=TRUE},{DATE=03.06.2026 19:23:31},{GEOMDATE=06.03.2026 09:05:37},{VERSION=},{LINEID=50},{WBVAR=},{WBNUMERIC=}  {NB=5MXM48AVJU9_PART3},{LINA=5MXM48AVJU9_PART3},{KT=DUMMY},{PARTNUMBER=5MXM48AVJU9},{APPARENT_POWER=9144},{PARTNUMBERHELP=4Ton_Five_Z
100
AcDbAttributeDefinition
  3

  2
PSOL_1
 70
     9
280
     0
  0
ATTDEF
  5
1FF
330
1EB
100
AcDbEntity
  8
AM_6
100
AcDbText
 10
25.23125000000019
 20
4.512499999997715
 30
0.0
 40
0.5
  1
XM48AVJU9},{ASSEMBLY_CODE=D3040100},{BASE_PITCH=20.57},{BASE_PITCH_OFFSET=7.06},{BASE_PITCH_WIDTH=1},{BASE_PITCH_WIDTH_APART=29.125},{CATEGORY=Mechanical Equipment},{CLEARANCE_VISIBILITY=1},{COMPRESSOR_TYPE=Hermetically Sealed Swing Type},{CONDENSAT
100
AcDbAttributeDefinition
  3

  2
PSOL_2
 70
     9
280
     0
  0
ATTDEF
  5
200
330
1EB
100
AcDbEntity
  8
AM_6
100
AcDbText
 10
25.23125000000019
 20
4.012499999997715
 30
0.0
 40
0.5
  1
N_CONNECTION_DIAMETER=1},{CONDENSATE_DRAIN_CONNECTION_RADIUS=0.5},{CONDENSATE_DRAIN_DEPTH_OFFSET=16.75},{CONDENSATE_DRAIN_HORIZONTAL_OFFSET=23.875},{COST=0},{DEFAULT_ELEVATION=0},{DESCRIPTION=Five Zone Multi-Split Unit},{ENCLOSURE_DEPTH=18.125},{ENC
100
AcDbAttributeDefinition
  3

  2
PSOL_3
 70
     9
280
     0
  0
ATTDEF
  5
201
330
1EB
100
AcDbEntity
  8
AM_6
100
AcDbText
 10
25.23125000000019
 20
3.512499999997715
 30
0.0
 40
0.5
  1
_HEIGHT_OFFSET=1},{ENCLOSURE_WIDTH=43.3125},{FAN_TYPE=Propeller},{FREQUENCY=60},{FRONT_GRILL_L_X_H=30.825},{LOAD_SUB_CLASSIFICATION_MOTOR=1},{MANUFACTURER=Daikin},{MASSUNIT=1},{MAXIMUM_OVERCURRENT_PROTECTION=40},{MINIMUM_CIRCUIT_AMPS=38.1},{NOMINAL_
100
AcDbAttributeDefinition
  3

  2
PSOL_4
 70
     9
280
     0
  0
ATTDEF
  5
202
330
1EB
100
AcDbEntity
  8
AM_6
100
AcDbText
 10
25.23125000000019
 20
3.012499999997715
 30
0.0
 40
0.5
  1
G_CAPACITY=48000},{NOMINAL_COOLING_CAPACITY__TONS_=4},{NOMINAL_HEATING_CAPACITY=48000},{NUMBER_OF_POLES=2},{OVERALL_DEPTH=18.125},{OVERALL_HEIGHT=34.25},{OVERALL_WIDTH=43.3125},{PARTTYPE=Normal},{PHASE=1},{REFRIGERANT_CHARGE=6.94},{REFRIGERANT_LIQUI
100
AcDbAttributeDefinition
  3

  2
PSOL_5
 70
     9
280
     0
  0
ATTDEF
  5
203
330
1EB
100
AcDbEntity
  8
AM_6
100
AcDbText
 10
25.23125000000019
 20
2.512499999997715
 30
0.0
 40
0.5
  1
ET=4.94},{REFRIGERANT_SUCTION_GAS_CONNECTION_DEPTH_OFFSET_ROOM_A=3.88},{REFRIGERANT_SUCTION_GAS_CONNECTION_DIAMETER_ROOM_A=0.375},{REFRIGERANT_SUCTION_GAS_CONNECTION_DIAMETER_ROOM_B=0.5},{REFRIGERANT_SUCTION_GAS_CONNECTION_RADIUS_ROOM_A=0.1875},{REF
100
AcDbAttributeDefinition
  3

  2
PSOL_6
 70
     9
280
     0
  0
ATTDEF
  5
204
330
1EB
100
AcDbEntity
  8
AM_6
100
AcDbText
 10
25.23125000000019
 20
2.012499999997715
 30
0.0
 40
0.5
  1
NT_SUCTION_GAS_CONNECTION_RADIUS_ROOM_B=0.25},{REFRIGERANT_USED=R-32},{SERIES=MXM-A},{SPACE_OR_PERFOMANCE_FRONT=13.75},{SPACE_OR_PERFOMANCE_REAR=3.9375},{SPACE_OR_PERFOMANCE_SIDE=1.9375},{SYSTEM_PERFORMANCE_COP=1.9},{SYSTEM_PERFORMANCE_EER2=10.0},{S
100
AcDbAttributeDefinition
  3

  2
PSOL_7
 70
     9
280
     0
  0
ATTDEF
  5
205
330
1EB
100
AcDbEntity
  8
AM_6
100
AcDbText
 10
25.23125000000019
 20
1.512499999997715
 30
0.0
 40
0.5
  1
PERFORMANCE_HSPF2=9.5},{SYSTEM_PERFORMANCE_SEER2=20.0},{UNIT_WEIGHT=219},{URL=https://daikincomfort.com/},{VERSION=1},{VOLTAGE=240},{VOLTAGE_COMMENTS=208 VAC - 230 VAC},{CLASSIFICATION_NUMBER=23.33.17.13.11},{PRODUCT_PAGE_URL=https://daikincomfort.c
100
AcDbAttributeDefinition
  3

  2
PSOL_8
 70
     9
280
     0
  0
ATTDEF
  5
206
330
1EB
100
AcDbEntity
  8
AM_6
100
AcDbText
 10
25.23125000000019
 20
1.012499999997715
 30
0.0
 40
0.5
  1
ducts/heating-cooling/multi-split-ductless},{REFRIGERANT_LIQUID_CONNECTION_ARRAY_VERTICAL_OFFSET=3},{REFRIGERANT_LIQUID_CONNECTION_DIAMETER=0.25},{REFRIGERANT_LIQUID_CONNECTION_HORIZONTAL_OFFSET=0.875},{REFRIGERANT_LIQUID_CONNECTION_RADIUS=0.125},{R
100
AcDbAttributeDefinition
  3

  2
PSOL_9
 70
     9
280
     0
  0
ATTDEF
  5
207
330
1EB
100
AcDbEntity
  8
AM_6
100
AcDbText
 10
25.23125000000019
 20
0.5124999999977149
 30
0.0
 40
0.5
  1
RANT_LIQUID_CONNECTION_VERTICAL_OFFSET=3.8125},{REFRIGERANT_SUCTION_GAS_CONNECTION_ARRAY_VERTICAL_OFFSET=3},{REFRIGERANT_SUCTION_GAS_CONNECTION_DEPTH_OFFSET=3.56},{REFRIGERANT_SUCTION_GAS_CONNECTION_DEPTH_OFFSET_ROOM_D=3.38},{REFRIGERANT_SUCTION_GAS
100
AcDbAttributeDefinition
  3

  2
PSOL_10
 70
     9
280
     0
  0
ATTDEF
  5
208
330
1EB
100
AcDbEntity
  8
AM_6
100
AcDbText
 10
25.23125000000019
 20
0.0124999999977149
 30
0.0
 40
0.5
  1
CTION_DEPTH_OFFSET_ROOM_E=3.38},{REFRIGERANT_SUCTION_GAS_CONNECTION_DIAMETER_ROOM_C=0.5},{REFRIGERANT_SUCTION_GAS_CONNECTION_DIAMETER_ROOM_D=0.625},{REFRIGERANT_SUCTION_GAS_CONNECTION_DIAMETER_ROOM_E=0.625},{REFRIGERANT_SUCTION_GAS_CONNECTION_HORIZO
100
AcDbAttributeDefinition
  3

  2
PSOL_11
 70
     9
280
     0
  0
ATTDEF
  5
209
330
1EB
100
AcDbEntity
  8
AM_6
100
AcDbText
 10
25.23125000000019
 20
-0.4875000000022851
 30
0.0
 40
0.5
  1
FFSET=1.6875},{REFRIGERANT_SUCTION_GAS_CONNECTION_RADIUS_ROOM_C=0.25},{REFRIGERANT_SUCTION_GAS_CONNECTION_RADIUS_ROOM_D=0.3125},{REFRIGERANT_SUCTION_GAS_CONNECTION_RADIUS_ROOM_E=0.3125},{REFRIGERANT_SUCTION_GAS_CONNECTION_VERTICAL_OFFSET=5.25},{RFA_
100
AcDbAttributeDefinition
  3

  2
PSOL_12
 70
     9
280
     0
  0
ATTDEF
  5
20A
330
1EB
100
AcDbEntity
  8
AM_6
100
AcDbText
 10
25.23125000000019
 20
-0.9875000000022851
 30
0.0
 40
0.5
  1
=Download Revit Family (RFA)},{PARTNUMBERMAP09=},{MODEL=},{OMNICLASS_NUMBER=},{OMNICLASS_TITLE=},{REFRIGERANT_LIQUID_CONNECTION_DEPTH_OFFSET=},{REFRIGERANT_LIQUID_CONNECTION_DIAMETER_ROOM_A=},{REFRIGERANT_LIQUID_CONNECTION_DIAMETER_ROOM_B=},{REFRIGE
100
AcDbAttributeDefinition
  3

  2
PSOL_13
 70
     9
280
     0
  0
ATTDEF
  5
20B
330
1EB
100
AcDbEntity
  8
AM_6
100
AcDbText
 10
25.23125000000019
 20
-1.487500000002285
 30
0.0
 40
0.5
  1
IQUID_CONNECTION_RADIUS_ROOM_A=},{REFRIGERANT_LIQUID_CONNECTION_RADIUS_ROOM_B=},{REFRIGERANT_LIQUID_CONNECTION_VERTICAL_OFFSET_ROOM_A=},{REFRIGERANT_LIQUID_CONNECTION_VERTICAL_OFFSET_ROOM_B=},{REFRIGERANT_SUCTION_GAS_CONNECTION_DEPTH_OFFSET_ROOM_B=}
100
AcDbAttributeDefinition
  3

  2
PSOL_14
 70
     9
280
     0
  0
ATTDEF
  5
20C
330
1EB
100
AcDbEntity
  8
AM_6
100
AcDbText
 10
25.23125000000019
 20
-1.987500000002285
 30
0.0
 40
0.5
  1
IGERANT_SUCTION_GAS_CONNECTION_VERTICAL_OFFSET_ROOM_A=},{REFRIGERANT_SUCTION_GAS_CONNECTION_VERTICAL_OFFSET_ROOM_B=},{REFRIGERANT_SUCTION_GAS_OFFSET=},{STOP_VALVE_COVER_DEPTH=},{STOP_VALVE_COVER_HEIGHT=},{STOP_VALVE_COVER_VISIBILITY=},{STOP_VALVE_CO
100
AcDbAttributeDefinition
  3

  2
PSOL_15
 70
     9
280
     0
  0
ATTDEF
  5
20D
330
1EB
100
AcDbEntity
  8
AM_6
100
AcDbText
 10
25.23125000000019
 20
-2.487500000002285
 30
0.0
 40
0.5
  1
DTH=},{DEFAULTSORTATTR=},{RFA_FAMILY_=../../_pool_/fc/e2/heat_pump_unit-multi_zone-outdoor-daikin-5mxm.zip},{RFA_FAMILY_ENG=../../_pool_/fc/e2/heat_pump_unit-multi_zone-outdoor-daikin-5mxm.zip},{REVIT_FAMILY_DOWNLOAD=../../_pool_/fc/e2/heat_pump_uni
100
AcDbAttributeDefinition
  3

  2
PSOL_16
 70
     9
280
     0
  0
ATTDEF
  5
20E
330
1EB
100
AcDbEntity
  8
AM_6
100
AcDbText
 10
25.23125000000019
 20
-2.987500000002285
 30
0.0
 40
0.5
  1
i_zone-outdoor-daikin-5mxm.zip}
100
AcDbAttributeDefinition
  3

  2
PSOL_17
 70
     9
280
     0
  0
CIRCLE
  5
20F
330
1EB
100
AcDbEntity
  8
AM_9
100
AcDbCircle
 10
19.9687500000002
 20
12.24999999999772
 30
0.0
 40
0.25
  0
LINE
  5
210
330
1EB
100
AcDbEntity
  8
AM_7
100
AcDbLine
 10
19.7062500000002
 20
12.24999999999772
 30
0.0
 11
20.23125000000019
 21
12.24999999999772
 31
0.0
  0
LINE
  5
211
330
1EB
100
AcDbEntity
  8
AM_7
100
AcDbLine
 10
19.9687500000002
 20
11.98749999999772
 30
0.0
 11
19.9687500000002
 21
12.51249999999771
 31
0.0
  0
ENDBLK
  5
1EE
330
1EB
100
AcDbEntity
  8
0
100
AcDbBlockEnd
  0
BLOCK
  5
214
330
212
100
AcDbEntity
  8
0
100
AcDbBlockBegin
  2
11_5MXM48AVJU9_PART2_0_in_5MXM48AVJU9_0
 70
     2
 10
0.0
 20
0.0
 30
0.0
  3
11_5MXM48AVJU9_PART2_0_in_5MXM48AVJU9_0
  1

  0
ATTDEF
  5
216
330
212
100
AcDbEntity
  8
AM_6
100
AcDbText
 10
25.9125000000002
 20
4.943749999996339
 30
0.0
 40
0.5
  1
5MXM48AVJU9_PART2
100
AcDbAttributeDefinition
  3

  2
NB
 70
     8
280
     0
  0
ATTDEF
  5
217
330
212
100
AcDbEntity
  8
AM_6
100
AcDbText
 10
25.9125000000002
 20
4.443749999996339
 30
0.0
 40
0.5
  1

100
AcDbAttributeDefinition
  3

  2
NN
 70
     8
280
     0
  0
ATTDEF
  5
218
330
212
100
AcDbEntity
  8
AM_6
100
AcDbText
 10
25.9125000000002
 20
3.943749999996339
 30
0.0
 40
0.5
  1

100
AcDbAttributeDefinition
  3

  2
NT
 70
     8
280
     0
  0
ATTDEF
  5
219
330
212
100
AcDbEntity
  8
AM_6
100
AcDbText
 10
25.9125000000002
 20
3.443749999996339
 30
0.0
 40
0.5
  1
$PARTNUMBER._PART2
100
AcDbAttributeDefinition
  3

  2
NBSYN
 70
     8
280
     0
  0
ATTDEF
  5
21A
330
212
100
AcDbEntity
  8
AM_6
100
AcDbText
 10
25.9125000000002
 20
2.943749999996339
 30
0.0
 40
0.5
  1
5MXM48AVJU9_PART2
100
AcDbAttributeDefinition
  3

  2
LINA
 70
     8
280
     0
  0
ATTDEF
  5
21B
330
212
100
AcDbEntity
  8
AM_6
100
AcDbText
 10
25.9125000000002
 20
2.443749999996339
 30
0.0
 40
0.5
  1
Daikin
100
AcDbAttributeDefinition
  3

  2
CATALOG
 70
     8
280
     0
  0
ATTDEF
  5
21C
330
212
100
AcDbEntity
  8
AM_6
100
AcDbText
 10
25.9125000000002
 20
1.943749999996339
 30
0.0
 40
0.5
  1
5MXM48AVJU9
100
AcDbAttributeDefinition
  3

  2
PARTNUMBER
 70
     8
280
     0
  0
ATTDEF
  5
21D
330
212
100
AcDbEntity
  8
AM_6
100
AcDbText
 10
25.9125000000002
 20
1.443749999996339
 30
0.0
 40
0.5
  1
Five Zone Multi-Split Unit
100
AcDbAttributeDefinition
  3

  2
DESCRIPTION
 70
     8
280
     0
  0
ATTDEF
  5
21E
330
212
100
AcDbEntity
  8
AM_6
100
AcDbText
 10
25.9125000000002
 20
0.9437499999963386
 30
0.0
 40
0.5
  1
18.125
100
AcDbAttributeDefinition
  3

  2
OVERALL_DEPTH
 70
     8
280
     0
  0
ATTDEF
  5
21F
330
212
100
AcDbEntity
  8
AM_6
100
AcDbText
 10
25.9125000000002
 20
0.4437499999963386
 30
0.0
 40
0.5
  1
34.25
100
AcDbAttributeDefinition
  3

  2
OVERALL_HEIGHT
 70
     8
280
     0
  0
ATTDEF
  5
220
330
212
100
AcDbEntity
  8
AM_6
100
AcDbText
 10
25.9125000000002
 20
-0.0562500000036614
 30
0.0
 40
0.5
  1
43.3125
100
AcDbAttributeDefinition
  3

  2
OVERALL_WIDTH
 70
     8
280
     0
  0
ATTDEF
  5
221
330
212
100
AcDbEntity
  8
AM_6
100
AcDbText
 10
25.9125000000002
 20
-0.5562500000036614
 30
0.0
 40
0.5
  1
https://daikincomfort.com/
100
AcDbAttributeDefinition
  3

  2
URL
 70
     8
280
     0
  0
ATTDEF
  5
222
330
212
100
AcDbEntity
  8
AM_6
100
AcDbText
 10
25.9125000000002
 20
-1.056250000003661
 30
0.0
 40
0.5
  1
Download Revit Family (RFA)
100
AcDbAttributeDefinition
  3

  2
RFA_FAMILY
 70
     8
280
     0
  0
ATTDEF
  5
223
330
212
100
AcDbEntity
  8
AM_6
100
AcDbText
 10
25.9125000000002
 20
-1.556250000003661
 30
0.0
 40
0.5
  1
daikin
100
AcDbAttributeDefinition
  3

  2
COMPANY
 70
     8
280
     0
  0
ATTDEF
  5
224
330
212
100
AcDbEntity
  8
AM_6
100
AcDbText
 10
25.9125000000002
 20
-2.056250000003661
 30
0.0
 40
0.5
  1
{$CADENAS_DATA/23d-libs/daikin/multi20zone20systems/multi20zone20outdoor20units/heat_pump_unit-multi_zone-outdoor-daikin-mxm.prj},237 {VTYP=3D},{NB=5MXM48AVJU9_PART2},{LINA=5MXM48AVJU9_PART2},{NN=(R32) Heat_Pump_Unit-Multi_Zone-Outdoor-Daikin-MXM_PA
100
AcDbAttributeDefinition
  3

  2
PSOL_0
 70
     9
280
     0
  0
ATTDEF
  5
225
330
212
100
AcDbEntity
  8
AM_6
100
AcDbText
 10
25.9125000000002
 20
-2.556250000003661
 30
0.0
 40
0.5
  1
NOPRJ=TRUE},{DATE=03.06.2026 19:23:31},{GEOMDATE=06.03.2026 09:05:37},{VERSION=},{LINEID=50},{WBVAR=},{WBNUMERIC=}  {NB=5MXM48AVJU9_PART2},{LINA=5MXM48AVJU9_PART2},{KT=DUMMY},{PARTNUMBER=5MXM48AVJU9},{APPARENT_POWER=9144},{PARTNUMBERHELP=4Ton_Five_Z
100
AcDbAttributeDefinition
  3

  2
PSOL_1
 70
     9
280
     0
  0
ATTDEF
  5
226
330
212
100
AcDbEntity
  8
AM_6
100
AcDbText
 10
25.9125000000002
 20
-3.056250000003661
 30
0.0
 40
0.5
  1
XM48AVJU9},{ASSEMBLY_CODE=D3040100},{BASE_PITCH=20.57},{BASE_PITCH_OFFSET=7.06},{BASE_PITCH_WIDTH=1},{BASE_PITCH_WIDTH_APART=29.125},{CATEGORY=Mechanical Equipment},{CLEARANCE_VISIBILITY=1},{COMPRESSOR_TYPE=Hermetically Sealed Swing Type},{CONDENSAT
100
AcDbAttributeDefinition
  3

  2
PSOL_2
 70
     9
280
     0
  0
ATTDEF
  5
227
330
212
100
AcDbEntity
  8
AM_6
100
AcDbText
 10
25.9125000000002
 20
-3.556250000003661
 30
0.0
 40
0.5
  1
N_CONNECTION_DIAMETER=1},{CONDENSATE_DRAIN_CONNECTION_RADIUS=0.5},{CONDENSATE_DRAIN_DEPTH_OFFSET=16.75},{CONDENSATE_DRAIN_HORIZONTAL_OFFSET=23.875},{COST=0},{DEFAULT_ELEVATION=0},{DESCRIPTION=Five Zone Multi-Split Unit},{ENCLOSURE_DEPTH=18.125},{ENC
100
AcDbAttributeDefinition
  3

  2
PSOL_3
 70
     9
280
     0
  0
ATTDEF
  5
228
330
212
100
AcDbEntity
  8
AM_6
100
AcDbText
 10
25.9125000000002
 20
-4.056250000003661
 30
0.0
 40
0.5
  1
_HEIGHT_OFFSET=1},{ENCLOSURE_WIDTH=43.3125},{FAN_TYPE=Propeller},{FREQUENCY=60},{FRONT_GRILL_L_X_H=30.825},{LOAD_SUB_CLASSIFICATION_MOTOR=1},{MANUFACTURER=Daikin},{MASSUNIT=1},{MAXIMUM_OVERCURRENT_PROTECTION=40},{MINIMUM_CIRCUIT_AMPS=38.1},{NOMINAL_
100
AcDbAttributeDefinition
  3

  2
PSOL_4
 70
     9
280
     0
  0
ATTDEF
  5
229
330
212
100
AcDbEntity
  8
AM_6
100
AcDbText
 10
25.9125000000002
 20
-4.556250000003661
 30
0.0
 40
0.5
  1
G_CAPACITY=48000},{NOMINAL_COOLING_CAPACITY__TONS_=4},{NOMINAL_HEATING_CAPACITY=48000},{NUMBER_OF_POLES=2},{OVERALL_DEPTH=18.125},{OVERALL_HEIGHT=34.25},{OVERALL_WIDTH=43.3125},{PARTTYPE=Normal},{PHASE=1},{REFRIGERANT_CHARGE=6.94},{REFRIGERANT_LIQUI
100
AcDbAttributeDefinition
  3

  2
PSOL_5
 70
     9
280
     0
  0
ATTDEF
  5
22A
330
212
100
AcDbEntity
  8
AM_6
100
AcDbText
 10
25.9125000000002
 20
-5.056250000003661
 30
0.0
 40
0.5
  1
ET=4.94},{REFRIGERANT_SUCTION_GAS_CONNECTION_DEPTH_OFFSET_ROOM_A=3.88},{REFRIGERANT_SUCTION_GAS_CONNECTION_DIAMETER_ROOM_A=0.375},{REFRIGERANT_SUCTION_GAS_CONNECTION_DIAMETER_ROOM_B=0.5},{REFRIGERANT_SUCTION_GAS_CONNECTION_RADIUS_ROOM_A=0.1875},{REF
100
AcDbAttributeDefinition
  3

  2
PSOL_6
 70
     9
280
     0
  0
ATTDEF
  5
22B
330
212
100
AcDbEntity
  8
AM_6
100
AcDbText
 10
25.9125000000002
 20
-5.556250000003661
 30
0.0
 40
0.5
  1
NT_SUCTION_GAS_CONNECTION_RADIUS_ROOM_B=0.25},{REFRIGERANT_USED=R-32},{SERIES=MXM-A},{SPACE_OR_PERFOMANCE_FRONT=13.75},{SPACE_OR_PERFOMANCE_REAR=3.9375},{SPACE_OR_PERFOMANCE_SIDE=1.9375},{SYSTEM_PERFORMANCE_COP=1.9},{SYSTEM_PERFORMANCE_EER2=10.0},{S
100
AcDbAttributeDefinition
  3

  2
PSOL_7
 70
     9
280
     0
  0
ATTDEF
  5
22C
330
212
100
AcDbEntity
  8
AM_6
100
AcDbText
 10
25.9125000000002
 20
-6.056250000003661
 30
0.0
 40
0.5
  1
PERFORMANCE_HSPF2=9.5},{SYSTEM_PERFORMANCE_SEER2=20.0},{UNIT_WEIGHT=219},{URL=https://daikincomfort.com/},{VERSION=1},{VOLTAGE=240},{VOLTAGE_COMMENTS=208 VAC - 230 VAC},{CLASSIFICATION_NUMBER=23.33.17.13.11},{PRODUCT_PAGE_URL=https://daikincomfort.c
100
AcDbAttributeDefinition
  3

  2
PSOL_8
 70
     9
280
     0
  0
ATTDEF
  5
22D
330
212
100
AcDbEntity
  8
AM_6
100
AcDbText
 10
25.9125000000002
 20
-6.556250000003661
 30
0.0
 40
0.5
  1
ducts/heating-cooling/multi-split-ductless},{REFRIGERANT_LIQUID_CONNECTION_ARRAY_VERTICAL_OFFSET=3},{REFRIGERANT_LIQUID_CONNECTION_DIAMETER=0.25},{REFRIGERANT_LIQUID_CONNECTION_HORIZONTAL_OFFSET=0.875},{REFRIGERANT_LIQUID_CONNECTION_RADIUS=0.125},{R
100
AcDbAttributeDefinition
  3

  2
PSOL_9
 70
     9
280
     0
  0
ATTDEF
  5
22E
330
212
100
AcDbEntity
  8
AM_6
100
AcDbText
 10
25.9125000000002
 20
-7.056250000003661
 30
0.0
 40
0.5
  1
RANT_LIQUID_CONNECTION_VERTICAL_OFFSET=3.8125},{REFRIGERANT_SUCTION_GAS_CONNECTION_ARRAY_VERTICAL_OFFSET=3},{REFRIGERANT_SUCTION_GAS_CONNECTION_DEPTH_OFFSET=3.56},{REFRIGERANT_SUCTION_GAS_CONNECTION_DEPTH_OFFSET_ROOM_D=3.38},{REFRIGERANT_SUCTION_GAS
100
AcDbAttributeDefinition
  3

  2
PSOL_10
 70
     9
280
     0
  0
ATTDEF
  5
22F
330
212
100
AcDbEntity
  8
AM_6
100
AcDbText
 10
25.9125000000002
 20
-7.556250000003661
 30
0.0
 40
0.5
  1
CTION_DEPTH_OFFSET_ROOM_E=3.38},{REFRIGERANT_SUCTION_GAS_CONNECTION_DIAMETER_ROOM_C=0.5},{REFRIGERANT_SUCTION_GAS_CONNECTION_DIAMETER_ROOM_D=0.625},{REFRIGERANT_SUCTION_GAS_CONNECTION_DIAMETER_ROOM_E=0.625},{REFRIGERANT_SUCTION_GAS_CONNECTION_HORIZO
100
AcDbAttributeDefinition
  3

  2
PSOL_11
 70
     9
280
     0
  0
ATTDEF
  5
230
330
212
100
AcDbEntity
  8
AM_6
100
AcDbText
 10
25.9125000000002
 20
-8.056250000003661
 30
0.0
 40
0.5
  1
FFSET=1.6875},{REFRIGERANT_SUCTION_GAS_CONNECTION_RADIUS_ROOM_C=0.25},{REFRIGERANT_SUCTION_GAS_CONNECTION_RADIUS_ROOM_D=0.3125},{REFRIGERANT_SUCTION_GAS_CONNECTION_RADIUS_ROOM_E=0.3125},{REFRIGERANT_SUCTION_GAS_CONNECTION_VERTICAL_OFFSET=5.25},{RFA_
100
AcDbAttributeDefinition
  3

  2
PSOL_12
 70
     9
280
     0
  0
ATTDEF
  5
231
330
212
100
AcDbEntity
  8
AM_6
100
AcDbText
 10
25.9125000000002
 20
-8.556250000003661
 30
0.0
 40
0.5
  1
=Download Revit Family (RFA)},{PARTNUMBERMAP09=},{MODEL=},{OMNICLASS_NUMBER=},{OMNICLASS_TITLE=},{REFRIGERANT_LIQUID_CONNECTION_DEPTH_OFFSET=},{REFRIGERANT_LIQUID_CONNECTION_DIAMETER_ROOM_A=},{REFRIGERANT_LIQUID_CONNECTION_DIAMETER_ROOM_B=},{REFRIGE
100
AcDbAttributeDefinition
  3

  2
PSOL_13
 70
     9
280
     0
  0
ATTDEF
  5
232
330
212
100
AcDbEntity
  8
AM_6
100
AcDbText
 10
25.9125000000002
 20
-9.056250000003661
 30
0.0
 40
0.5
  1
IQUID_CONNECTION_RADIUS_ROOM_A=},{REFRIGERANT_LIQUID_CONNECTION_RADIUS_ROOM_B=},{REFRIGERANT_LIQUID_CONNECTION_VERTICAL_OFFSET_ROOM_A=},{REFRIGERANT_LIQUID_CONNECTION_VERTICAL_OFFSET_ROOM_B=},{REFRIGERANT_SUCTION_GAS_CONNECTION_DEPTH_OFFSET_ROOM_B=}
100
AcDbAttributeDefinition
  3

  2
PSOL_14
 70
     9
280
     0
  0
ATTDEF
  5
233
330
212
100
AcDbEntity
  8
AM_6
100
AcDbText
 10
25.9125000000002
 20
-9.556250000003661
 30
0.0
 40
0.5
  1
IGERANT_SUCTION_GAS_CONNECTION_VERTICAL_OFFSET_ROOM_A=},{REFRIGERANT_SUCTION_GAS_CONNECTION_VERTICAL_OFFSET_ROOM_B=},{REFRIGERANT_SUCTION_GAS_OFFSET=},{STOP_VALVE_COVER_DEPTH=},{STOP_VALVE_COVER_HEIGHT=},{STOP_VALVE_COVER_VISIBILITY=},{STOP_VALVE_CO
100
AcDbAttributeDefinition
  3

  2
PSOL_15
 70
     9
280
     0
  0
ATTDEF
  5
234
330
212
100
AcDbEntity
  8
AM_6
100
AcDbText
 10
25.9125000000002
 20
-10.05625000000366
 30
0.0
 40
0.5
  1
DTH=},{DEFAULTSORTATTR=},{RFA_FAMILY_=../../_pool_/fc/e2/heat_pump_unit-multi_zone-outdoor-daikin-5mxm.zip},{RFA_FAMILY_ENG=../../_pool_/fc/e2/heat_pump_unit-multi_zone-outdoor-daikin-5mxm.zip},{REVIT_FAMILY_DOWNLOAD=../../_pool_/fc/e2/heat_pump_uni
100
AcDbAttributeDefinition
  3

  2
PSOL_16
 70
     9
280
     0
  0
ATTDEF
  5
235
330
212
100
AcDbEntity
  8
AM_6
100
AcDbText
 10
25.9125000000002
 20
-10.55625000000366
 30
0.0
 40
0.5
  1
i_zone-outdoor-daikin-5mxm.zip}
100
AcDbAttributeDefinition
  3

  2
PSOL_17
 70
     9
280
     0
  0
CIRCLE
  5
236
330
212
100
AcDbEntity
  8
AM_9
100
AcDbCircle
 10
20.7812500000002
 20
4.812499999996339
 30
0.0
 40
0.125
  0
LINE
  5
237
330
212
100
AcDbEntity
  8
AM_7
100
AcDbLine
 10
20.6500000000002
 20
4.812499999996339
 30
0.0
 11
20.9125000000002
 21
4.812499999996339
 31
0.0
  0
LINE
  5
238
330
212
100
AcDbEntity
  8
AM_7
100
AcDbLine
 10
20.7812500000002
 20
4.681249999996339
 30
0.0
 11
20.7812500000002
 21
4.943749999996339
 31
0.0
  0
ENDBLK
  5
215
330
212
100
AcDbEntity
  8
0
100
AcDbBlockEnd
  0
BLOCK
  5
23B
330
239
100
AcDbEntity
  8
0
100
AcDbBlockBegin
  2
12_5MXM48AVJU9_PART1_0_in_5MXM48AVJU9_0
 70
     2
 10
0.0
 20
0.0
 30
0.0
  3
12_5MXM48AVJU9_PART1_0_in_5MXM48AVJU9_0
  1

  0
ATTDEF
  5
23D
330
239
100
AcDbEntity
  8
AM_6
100
AcDbText
 10
25.2968750000002
 20
6.578124999996339
 30
0.0
 40
0.5
  1
5MXM48AVJU9_PART1
100
AcDbAttributeDefinition
  3

  2
NB
 70
     8
280
     0
  0
ATTDEF
  5
23E
330
239
100
AcDbEntity
  8
AM_6
100
AcDbText
 10
25.2968750000002
 20
6.078124999996339
 30
0.0
 40
0.5
  1

100
AcDbAttributeDefinition
  3

  2
NN
 70
     8
280
     0
  0
ATTDEF
  5
23F
330
239
100
AcDbEntity
  8
AM_6
100
AcDbText
 10
25.2968750000002
 20
5.578124999996339
 30
0.0
 40
0.5
  1

100
AcDbAttributeDefinition
  3

  2
NT
 70
     8
280
     0
  0
ATTDEF
  5
240
330
239
100
AcDbEntity
  8
AM_6
100
AcDbText
 10
25.2968750000002
 20
5.078124999996339
 30
0.0
 40
0.5
  1
$PARTNUMBER._PART1
100
AcDbAttributeDefinition
  3

  2
NBSYN
 70
     8
280
     0
  0
ATTDEF
  5
241
330
239
100
AcDbEntity
  8
AM_6
100
AcDbText
 10
25.2968750000002
 20
4.578124999996339
 30
0.0
 40
0.5
  1
5MXM48AVJU9_PART1
100
AcDbAttributeDefinition
  3

  2
LINA
 70
     8
280
     0
  0
ATTDEF
  5
242
330
239
100
AcDbEntity
  8
AM_6
100
AcDbText
 10
25.2968750000002
 20
4.078124999996339
 30
0.0
 40
0.5
  1
Daikin
100
AcDbAttributeDefinition
  3

  2
CATALOG
 70
     8
280
     0
  0
ATTDEF
  5
243
330
239
100
AcDbEntity
  8
AM_6
100
AcDbText
 10
25.2968750000002
 20
3.578124999996339
 30
0.0
 40
0.5
  1
5MXM48AVJU9
100
AcDbAttributeDefinition
  3

  2
PARTNUMBER
 70
     8
280
     0
  0
ATTDEF
  5
244
330
239
100
AcDbEntity
  8
AM_6
100
AcDbText
 10
25.2968750000002
 20
3.078124999996339
 30
0.0
 40
0.5
  1
Five Zone Multi-Split Unit
100
AcDbAttributeDefinition
  3

  2
DESCRIPTION
 70
     8
280
     0
  0
ATTDEF
  5
245
330
239
100
AcDbEntity
  8
AM_6
100
AcDbText
 10
25.2968750000002
 20
2.578124999996339
 30
0.0
 40
0.5
  1
18.125
100
AcDbAttributeDefinition
  3

  2
OVERALL_DEPTH
 70
     8
280
     0
  0
ATTDEF
  5
246
330
239
100
AcDbEntity
  8
AM_6
100
AcDbText
 10
25.2968750000002
 20
2.078124999996339
 30
0.0
 40
0.5
  1
34.25
100
AcDbAttributeDefinition
  3

  2
OVERALL_HEIGHT
 70
     8
280
     0
  0
ATTDEF
  5
247
330
239
100
AcDbEntity
  8
AM_6
100
AcDbText
 10
25.2968750000002
 20
1.578124999996339
 30
0.0
 40
0.5
  1
43.3125
100
AcDbAttributeDefinition
  3

  2
OVERALL_WIDTH
 70
     8
280
     0
  0
ATTDEF
  5
248
330
239
100
AcDbEntity
  8
AM_6
100
AcDbText
 10
25.2968750000002
 20
1.078124999996339
 30
0.0
 40
0.5
  1
https://daikincomfort.com/
100
AcDbAttributeDefinition
  3

  2
URL
 70
     8
280
     0
  0
ATTDEF
  5
249
330
239
100
AcDbEntity
  8
AM_6
100
AcDbText
 10
25.2968750000002
 20
0.5781249999963389
 30
0.0
 40
0.5
  1
Download Revit Family (RFA)
100
AcDbAttributeDefinition
  3

  2
RFA_FAMILY
 70
     8
280
     0
  0
ATTDEF
  5
24A
330
239
100
AcDbEntity
  8
AM_6
100
AcDbText
 10
25.2968750000002
 20
0.0781249999963389
 30
0.0
 40
0.5
  1
daikin
100
AcDbAttributeDefinition
  3

  2
COMPANY
 70
     8
280
     0
  0
ATTDEF
  5
24B
330
239
100
AcDbEntity
  8
AM_6
100
AcDbText
 10
25.2968750000002
 20
-0.4218750000036611
 30
0.0
 40
0.5
  1
{$CADENAS_DATA/23d-libs/daikin/multi20zone20systems/multi20zone20outdoor20units/heat_pump_unit-multi_zone-outdoor-daikin-mxm.prj},237 {VTYP=3D},{NB=5MXM48AVJU9_PART1},{LINA=5MXM48AVJU9_PART1},{NN=(R32) Heat_Pump_Unit-Multi_Zone-Outdoor-Daikin-MXM_PA
100
AcDbAttributeDefinition
  3

  2
PSOL_0
 70
     9
280
     0
  0
ATTDEF
  5
24C
330
239
100
AcDbEntity
  8
AM_6
100
AcDbText
 10
25.2968750000002
 20
-0.9218750000036611
 30
0.0
 40
0.5
  1
NOPRJ=TRUE},{DATE=03.06.2026 19:23:31},{GEOMDATE=06.03.2026 09:05:37},{VERSION=},{LINEID=50},{WBVAR=},{WBNUMERIC=}  {NB=5MXM48AVJU9_PART1},{LINA=5MXM48AVJU9_PART1},{KT=DUMMY},{PARTNUMBER=5MXM48AVJU9},{APPARENT_POWER=9144},{PARTNUMBERHELP=4Ton_Five_Z
100
AcDbAttributeDefinition
  3

  2
PSOL_1
 70
     9
280
     0
  0
ATTDEF
  5
24D
330
239
100
AcDbEntity
  8
AM_6
100
AcDbText
 10
25.2968750000002
 20
-1.421875000003661
 30
0.0
 40
0.5
  1
XM48AVJU9},{ASSEMBLY_CODE=D3040100},{BASE_PITCH=20.57},{BASE_PITCH_OFFSET=7.06},{BASE_PITCH_WIDTH=1},{BASE_PITCH_WIDTH_APART=29.125},{CATEGORY=Mechanical Equipment},{CLEARANCE_VISIBILITY=1},{COMPRESSOR_TYPE=Hermetically Sealed Swing Type},{CONDENSAT
100
AcDbAttributeDefinition
  3

  2
PSOL_2
 70
     9
280
     0
  0
ATTDEF
  5
24E
330
239
100
AcDbEntity
  8
AM_6
100
AcDbText
 10
25.2968750000002
 20
-1.921875000003661
 30
0.0
 40
0.5
  1
N_CONNECTION_DIAMETER=1},{CONDENSATE_DRAIN_CONNECTION_RADIUS=0.5},{CONDENSATE_DRAIN_DEPTH_OFFSET=16.75},{CONDENSATE_DRAIN_HORIZONTAL_OFFSET=23.875},{COST=0},{DEFAULT_ELEVATION=0},{DESCRIPTION=Five Zone Multi-Split Unit},{ENCLOSURE_DEPTH=18.125},{ENC
100
AcDbAttributeDefinition
  3

  2
PSOL_3
 70
     9
280
     0
  0
ATTDEF
  5
24F
330
239
100
AcDbEntity
  8
AM_6
100
AcDbText
 10
25.2968750000002
 20
-2.421875000003661
 30
0.0
 40
0.5
  1
_HEIGHT_OFFSET=1},{ENCLOSURE_WIDTH=43.3125},{FAN_TYPE=Propeller},{FREQUENCY=60},{FRONT_GRILL_L_X_H=30.825},{LOAD_SUB_CLASSIFICATION_MOTOR=1},{MANUFACTURER=Daikin},{MASSUNIT=1},{MAXIMUM_OVERCURRENT_PROTECTION=40},{MINIMUM_CIRCUIT_AMPS=38.1},{NOMINAL_
100
AcDbAttributeDefinition
  3

  2
PSOL_4
 70
     9
280
     0
  0
ATTDEF
  5
250
330
239
100
AcDbEntity
  8
AM_6
100
AcDbText
 10
25.2968750000002
 20
-2.921875000003661
 30
0.0
 40
0.5
  1
G_CAPACITY=48000},{NOMINAL_COOLING_CAPACITY__TONS_=4},{NOMINAL_HEATING_CAPACITY=48000},{NUMBER_OF_POLES=2},{OVERALL_DEPTH=18.125},{OVERALL_HEIGHT=34.25},{OVERALL_WIDTH=43.3125},{PARTTYPE=Normal},{PHASE=1},{REFRIGERANT_CHARGE=6.94},{REFRIGERANT_LIQUI
100
AcDbAttributeDefinition
  3

  2
PSOL_5
 70
     9
280
     0
  0
ATTDEF
  5
251
330
239
100
AcDbEntity
  8
AM_6
100
AcDbText
 10
25.2968750000002
 20
-3.421875000003661
 30
0.0
 40
0.5
  1
ET=4.94},{REFRIGERANT_SUCTION_GAS_CONNECTION_DEPTH_OFFSET_ROOM_A=3.88},{REFRIGERANT_SUCTION_GAS_CONNECTION_DIAMETER_ROOM_A=0.375},{REFRIGERANT_SUCTION_GAS_CONNECTION_DIAMETER_ROOM_B=0.5},{REFRIGERANT_SUCTION_GAS_CONNECTION_RADIUS_ROOM_A=0.1875},{REF
100
AcDbAttributeDefinition
  3

  2
PSOL_6
 70
     9
280
     0
  0
ATTDEF
  5
252
330
239
100
AcDbEntity
  8
AM_6
100
AcDbText
 10
25.2968750000002
 20
-3.921875000003661
 30
0.0
 40
0.5
  1
NT_SUCTION_GAS_CONNECTION_RADIUS_ROOM_B=0.25},{REFRIGERANT_USED=R-32},{SERIES=MXM-A},{SPACE_OR_PERFOMANCE_FRONT=13.75},{SPACE_OR_PERFOMANCE_REAR=3.9375},{SPACE_OR_PERFOMANCE_SIDE=1.9375},{SYSTEM_PERFORMANCE_COP=1.9},{SYSTEM_PERFORMANCE_EER2=10.0},{S
100
AcDbAttributeDefinition
  3

  2
PSOL_7
 70
     9
280
     0
  0
ATTDEF
  5
253
330
239
100
AcDbEntity
  8
AM_6
100
AcDbText
 10
25.2968750000002
 20
-4.421875000003661
 30
0.0
 40
0.5
  1
PERFORMANCE_HSPF2=9.5},{SYSTEM_PERFORMANCE_SEER2=20.0},{UNIT_WEIGHT=219},{URL=https://daikincomfort.com/},{VERSION=1},{VOLTAGE=240},{VOLTAGE_COMMENTS=208 VAC - 230 VAC},{CLASSIFICATION_NUMBER=23.33.17.13.11},{PRODUCT_PAGE_URL=https://daikincomfort.c
100
AcDbAttributeDefinition
  3

  2
PSOL_8
 70
     9
280
     0
  0
ATTDEF
  5
254
330
239
100
AcDbEntity
  8
AM_6
100
AcDbText
 10
25.2968750000002
 20
-4.921875000003661
 30
0.0
 40
0.5
  1
ducts/heating-cooling/multi-split-ductless},{REFRIGERANT_LIQUID_CONNECTION_ARRAY_VERTICAL_OFFSET=3},{REFRIGERANT_LIQUID_CONNECTION_DIAMETER=0.25},{REFRIGERANT_LIQUID_CONNECTION_HORIZONTAL_OFFSET=0.875},{REFRIGERANT_LIQUID_CONNECTION_RADIUS=0.125},{R
100
AcDbAttributeDefinition
  3

  2
PSOL_9
 70
     9
280
     0
  0
ATTDEF
  5
255
330
239
100
AcDbEntity
  8
AM_6
100
AcDbText
 10
25.2968750000002
 20
-5.421875000003661
 30
0.0
 40
0.5
  1
RANT_LIQUID_CONNECTION_VERTICAL_OFFSET=3.8125},{REFRIGERANT_SUCTION_GAS_CONNECTION_ARRAY_VERTICAL_OFFSET=3},{REFRIGERANT_SUCTION_GAS_CONNECTION_DEPTH_OFFSET=3.56},{REFRIGERANT_SUCTION_GAS_CONNECTION_DEPTH_OFFSET_ROOM_D=3.38},{REFRIGERANT_SUCTION_GAS
100
AcDbAttributeDefinition
  3

  2
PSOL_10
 70
     9
280
     0
  0
ATTDEF
  5
256
330
239
100
AcDbEntity
  8
AM_6
100
AcDbText
 10
25.2968750000002
 20
-5.921875000003661
 30
0.0
 40
0.5
  1
CTION_DEPTH_OFFSET_ROOM_E=3.38},{REFRIGERANT_SUCTION_GAS_CONNECTION_DIAMETER_ROOM_C=0.5},{REFRIGERANT_SUCTION_GAS_CONNECTION_DIAMETER_ROOM_D=0.625},{REFRIGERANT_SUCTION_GAS_CONNECTION_DIAMETER_ROOM_E=0.625},{REFRIGERANT_SUCTION_GAS_CONNECTION_HORIZO
100
AcDbAttributeDefinition
  3

  2
PSOL_11
 70
     9
280
     0
  0
ATTDEF
  5
257
330
239
100
AcDbEntity
  8
AM_6
100
AcDbText
 10
25.2968750000002
 20
-6.421875000003661
 30
0.0
 40
0.5
  1
FFSET=1.6875},{REFRIGERANT_SUCTION_GAS_CONNECTION_RADIUS_ROOM_C=0.25},{REFRIGERANT_SUCTION_GAS_CONNECTION_RADIUS_ROOM_D=0.3125},{REFRIGERANT_SUCTION_GAS_CONNECTION_RADIUS_ROOM_E=0.3125},{REFRIGERANT_SUCTION_GAS_CONNECTION_VERTICAL_OFFSET=5.25},{RFA_
100
AcDbAttributeDefinition
  3

  2
PSOL_12
 70
     9
280
     0
  0
ATTDEF
  5
258
330
239
100
AcDbEntity
  8
AM_6
100
AcDbText
 10
25.2968750000002
 20
-6.921875000003661
 30
0.0
 40
0.5
  1
=Download Revit Family (RFA)},{PARTNUMBERMAP09=},{MODEL=},{OMNICLASS_NUMBER=},{OMNICLASS_TITLE=},{REFRIGERANT_LIQUID_CONNECTION_DEPTH_OFFSET=},{REFRIGERANT_LIQUID_CONNECTION_DIAMETER_ROOM_A=},{REFRIGERANT_LIQUID_CONNECTION_DIAMETER_ROOM_B=},{REFRIGE
100
AcDbAttributeDefinition
  3

  2
PSOL_13
 70
     9
280
     0
  0
ATTDEF
  5
259
330
239
100
AcDbEntity
  8
AM_6
100
AcDbText
 10
25.2968750000002
 20
-7.421875000003661
 30
0.0
 40
0.5
  1
IQUID_CONNECTION_RADIUS_ROOM_A=},{REFRIGERANT_LIQUID_CONNECTION_RADIUS_ROOM_B=},{REFRIGERANT_LIQUID_CONNECTION_VERTICAL_OFFSET_ROOM_A=},{REFRIGERANT_LIQUID_CONNECTION_VERTICAL_OFFSET_ROOM_B=},{REFRIGERANT_SUCTION_GAS_CONNECTION_DEPTH_OFFSET_ROOM_B=}
100
AcDbAttributeDefinition
  3

  2
PSOL_14
 70
     9
280
     0
  0
ATTDEF
  5
25A
330
239
100
AcDbEntity
  8
AM_6
100
AcDbText
 10
25.2968750000002
 20
-7.921875000003661
 30
0.0
 40
0.5
  1
IGERANT_SUCTION_GAS_CONNECTION_VERTICAL_OFFSET_ROOM_A=},{REFRIGERANT_SUCTION_GAS_CONNECTION_VERTICAL_OFFSET_ROOM_B=},{REFRIGERANT_SUCTION_GAS_OFFSET=},{STOP_VALVE_COVER_DEPTH=},{STOP_VALVE_COVER_HEIGHT=},{STOP_VALVE_COVER_VISIBILITY=},{STOP_VALVE_CO
100
AcDbAttributeDefinition
  3

  2
PSOL_15
 70
     9
280
     0
  0
ATTDEF
  5
25B
330
239
100
AcDbEntity
  8
AM_6
100
AcDbText
 10
25.2968750000002
 20
-8.421875000003661
 30
0.0
 40
0.5
  1
DTH=},{DEFAULTSORTATTR=},{RFA_FAMILY_=../../_pool_/fc/e2/heat_pump_unit-multi_zone-outdoor-daikin-5mxm.zip},{RFA_FAMILY_ENG=../../_pool_/fc/e2/heat_pump_unit-multi_zone-outdoor-daikin-5mxm.zip},{REVIT_FAMILY_DOWNLOAD=../../_pool_/fc/e2/heat_pump_uni
100
AcDbAttributeDefinition
  3

  2
PSOL_16
 70
     9
280
     0
  0
ATTDEF
  5
25C
330
239
100
AcDbEntity
  8
AM_6
100
AcDbText
 10
25.2968750000002
 20
-8.921875000003661
 30
0.0
 40
0.5
  1
i_zone-outdoor-daikin-5mxm.zip}
100
AcDbAttributeDefinition
  3

  2
PSOL_17
 70
     9
280
     0
  0
CIRCLE
  5
25D
330
239
100
AcDbEntity
  8
AM_9
100
AcDbCircle
 10
19.9687500000002
 20
6.249999999996339
 30
0.0
 40
0.3125
  0
LINE
  5
25E
330
239
100
AcDbEntity
  8
AM_7
100
AcDbLine
 10
19.6406250000002
 20
6.249999999996339
 30
0.0
 11
20.2968750000002
 21
6.249999999996339
 31
0.0
  0
LINE
  5
25F
330
239
100
AcDbEntity
  8
AM_7
100
AcDbLine
 10
19.9687500000002
 20
5.921874999996339
 30
0.0
 11
19.9687500000002
 21
6.578124999996339
 31
0.0
  0
ENDBLK
  5
23C
330
239
100
AcDbEntity
  8
0
100
AcDbBlockEnd
  0
ENDSEC
  0
SECTION
  2
ENTITIES
  0
ATTDEF
  5
5F
330
1F
100
AcDbEntity
  8
AM_6
100
AcDbText
 10
26.65625000000039
 20
34.249999999995
 30
0.0
 40
0.5
  1
5MXM48AVJU9
100
AcDbAttributeDefinition
  3

  2
NB
 70
     8
280
     0
  0
ATTDEF
  5
60
330
1F
100
AcDbEntity
  8
AM_6
100
AcDbText
 10
26.65625000000039
 20
33.749999999995
 30
0.0
 40
0.5
  1
(R32) Heat_Pump_Unit-Multi_Zone-Outdoor-Daikin-MXM
100
AcDbAttributeDefinition
  3

  2
NN
 70
     8
280
     0
  0
ATTDEF
  5
61
330
1F
100
AcDbEntity
  8
AM_6
100
AcDbText
 10
26.65625000000039
 20
33.249999999995
 30
0.0
 40
0.5
  1

100
AcDbAttributeDefinition
  3

  2
NT
 70
     8
280
     0
  0
ATTDEF
  5
62
330
1F
100
AcDbEntity
  8
AM_6
100
AcDbText
 10
26.65625000000039
 20
32.749999999995
 30
0.0
 40
0.5
  1
$PARTNUMBER.
100
AcDbAttributeDefinition
  3

  2
NBSYN
 70
     8
280
     0
  0
ATTDEF
  5
63
330
1F
100
AcDbEntity
  8
AM_6
100
AcDbText
 10
26.65625000000039
 20
32.249999999995
 30
0.0
 40
0.5
  1
5MXM48AVJU9
100
AcDbAttributeDefinition
  3

  2
LINA
 70
     8
280
     0
  0
ATTDEF
  5
64
330
1F
100
AcDbEntity
  8
AM_6
100
AcDbText
 10
26.65625000000039
 20
31.749999999995
 30
0.0
 40
0.5
  1
Daikin
100
AcDbAttributeDefinition
  3

  2
CATALOG
 70
     8
280
     0
  0
ATTDEF
  5
65
330
1F
100
AcDbEntity
  8
AM_6
100
AcDbText
 10
26.65625000000039
 20
31.249999999995
 30
0.0
 40
0.5
  1
5MXM48AVJU9
100
AcDbAttributeDefinition
  3

  2
PARTNUMBER
 70
     8
280
     0
  0
ATTDEF
  5
66
330
1F
100
AcDbEntity
  8
AM_6
100
AcDbText
 10
26.65625000000039
 20
30.749999999995
 30
0.0
 40
0.5
  1
Five Zone Multi-Split Unit
100
AcDbAttributeDefinition
  3

  2
DESCRIPTION
 70
     8
280
     0
  0
ATTDEF
  5
67
330
1F
100
AcDbEntity
  8
AM_6
100
AcDbText
 10
26.65625000000039
 20
30.249999999995
 30
0.0
 40
0.5
  1
18.125
100
AcDbAttributeDefinition
  3

  2
OVERALL_DEPTH
 70
     8
280
     0
  0
ATTDEF
  5
68
330
1F
100
AcDbEntity
  8
AM_6
100
AcDbText
 10
26.65625000000039
 20
29.749999999995
 30
0.0
 40
0.5
  1
34.25
100
AcDbAttributeDefinition
  3

  2
OVERALL_HEIGHT
 70
     8
280
     0
  0
ATTDEF
  5
69
330
1F
100
AcDbEntity
  8
AM_6
100
AcDbText
 10
26.65625000000039
 20
29.249999999995
 30
0.0
 40
0.5
  1
43.3125
100
AcDbAttributeDefinition
  3

  2
OVERALL_WIDTH
 70
     8
280
     0
  0
ATTDEF
  5
6A
330
1F
100
AcDbEntity
  8
AM_6
100
AcDbText
 10
26.65625000000039
 20
28.749999999995
 30
0.0
 40
0.5
  1
https://daikincomfort.com/
100
AcDbAttributeDefinition
  3

  2
URL
 70
     8
280
     0
  0
ATTDEF
  5
6B
330
1F
100
AcDbEntity
  8
AM_6
100
AcDbText
 10
26.65625000000039
 20
28.249999999995
 30
0.0
 40
0.5
  1
Download Revit Family (RFA)
100
AcDbAttributeDefinition
  3

  2
RFA_FAMILY
 70
     8
280
     0
  0
ATTDEF
  5
6C
330
1F
100
AcDbEntity
  8
AM_6
100
AcDbText
 10
26.65625000000039
 20
27.749999999995
 30
0.0
 40
0.5
  1
daikin
100
AcDbAttributeDefinition
  3

  2
COMPANY
 70
     8
280
     0
  0
ATTDEF
  5
6D
330
1F
100
AcDbEntity
  8
AM_6
100
AcDbText
 10
26.65625000000039
 20
27.249999999995
 30
0.0
 40
0.5
  1
{$CADENAS_DATA/23d-libs/daikin/multi20zone20systems/multi20zone20outdoor20units/heat_pump_unit-multi_zone-outdoor-daikin-mxm.prj},217 {STYP=ASS},{VTYP=3D},{NB=5MXM48AVJU9},{LINA=5MXM48AVJU9},{NN=(R32) Heat_Pump_Unit-Multi_Zone-Outdoor-Daikin-MXM},{D
100
AcDbAttributeDefinition
  3

  2
PSOL_0
 70
     9
280
     0
  0
ATTDEF
  5
6E
330
1F
100
AcDbEntity
  8
AM_6
100
AcDbText
 10
26.65625000000039
 20
26.749999999995
 30
0.0
 40
0.5
  1
.06.2026 19:23:31},{GEOMDATE=06.03.2026 09:05:37},{VERSION=},{LINEID=50},{WBVAR=},{WBNUMERIC=}  {NB=5MXM48AVJU9},{LINA=5MXM48AVJU9},{KT=DUMMY},{PARTNUMBER=5MXM48AVJU9},{APPARENT_POWER=9144},{PARTNUMBERHELP=4Ton_Five_Zone_5MXM48AVJU9},{ASSEMBLY_CODE=
100
AcDbAttributeDefinition
  3

  2
PSOL_1
 70
     9
280
     0
  0
ATTDEF
  5
6F
330
1F
100
AcDbEntity
  8
AM_6
100
AcDbText
 10
26.65625000000039
 20
26.249999999995
 30
0.0
 40
0.5
  1
00},{BASE_PITCH=20.57},{BASE_PITCH_OFFSET=7.06},{BASE_PITCH_WIDTH=1},{BASE_PITCH_WIDTH_APART=29.125},{CATEGORY=Mechanical Equipment},{CLEARANCE_VISIBILITY=1},{COMPRESSOR_TYPE=Hermetically Sealed Swing Type},{CONDENSATE_DRAIN_CONNECTION_DIAMETER=1},{
100
AcDbAttributeDefinition
  3

  2
PSOL_2
 70
     9
280
     0
  0
ATTDEF
  5
70
330
1F
100
AcDbEntity
  8
AM_6
100
AcDbText
 10
26.65625000000039
 20
25.749999999995
 30
0.0
 40
0.5
  1
SATE_DRAIN_CONNECTION_RADIUS=0.5},{CONDENSATE_DRAIN_DEPTH_OFFSET=16.75},{CONDENSATE_DRAIN_HORIZONTAL_OFFSET=23.875},{COST=0},{DEFAULT_ELEVATION=0},{DESCRIPTION=Five Zone Multi-Split Unit},{ENCLOSURE_DEPTH=18.125},{ENCLOSURE_HEIGHT_OFFSET=1},{ENCLOSU
100
AcDbAttributeDefinition
  3

  2
PSOL_3
 70
     9
280
     0
  0
ATTDEF
  5
71
330
1F
100
AcDbEntity
  8
AM_6
100
AcDbText
 10
26.65625000000039
 20
25.249999999995
 30
0.0
 40
0.5
  1
TH=43.3125},{FAN_TYPE=Propeller},{FREQUENCY=60},{FRONT_GRILL_L_X_H=30.825},{LOAD_SUB_CLASSIFICATION_MOTOR=1},{MANUFACTURER=Daikin},{MASSUNIT=1},{MAXIMUM_OVERCURRENT_PROTECTION=40},{MINIMUM_CIRCUIT_AMPS=38.1},{NOMINAL_COOLING_CAPACITY=48000},{NOMINAL
100
AcDbAttributeDefinition
  3

  2
PSOL_4
 70
     9
280
     0
  0
ATTDEF
  5
72
330
1F
100
AcDbEntity
  8
AM_6
100
AcDbText
 10
26.65625000000039
 20
24.749999999995
 30
0.0
 40
0.5
  1
NG_CAPACITY__TONS_=4},{NOMINAL_HEATING_CAPACITY=48000},{NUMBER_OF_POLES=2},{OVERALL_DEPTH=18.125},{OVERALL_HEIGHT=34.25},{OVERALL_WIDTH=43.3125},{PARTTYPE=Normal},{PHASE=1},{REFRIGERANT_CHARGE=6.94},{REFRIGERANT_LIQUID_OFFSET=4.94},{REFRIGERANT_SUCT
100
AcDbAttributeDefinition
  3

  2
PSOL_5
 70
     9
280
     0
  0
ATTDEF
  5
73
330
1F
100
AcDbEntity
  8
AM_6
100
AcDbText
 10
26.65625000000039
 20
24.249999999995
 30
0.0
 40
0.5
  1
S_CONNECTION_DEPTH_OFFSET_ROOM_A=3.88},{REFRIGERANT_SUCTION_GAS_CONNECTION_DIAMETER_ROOM_A=0.375},{REFRIGERANT_SUCTION_GAS_CONNECTION_DIAMETER_ROOM_B=0.5},{REFRIGERANT_SUCTION_GAS_CONNECTION_RADIUS_ROOM_A=0.1875},{REFRIGERANT_SUCTION_GAS_CONNECTION_
100
AcDbAttributeDefinition
  3

  2
PSOL_6
 70
     9
280
     0
  0
ATTDEF
  5
74
330
1F
100
AcDbEntity
  8
AM_6
100
AcDbText
 10
26.65625000000039
 20
23.749999999995
 30
0.0
 40
0.5
  1
_ROOM_B=0.25},{REFRIGERANT_USED=R-32},{SERIES=MXM-A},{SPACE_OR_PERFOMANCE_FRONT=13.75},{SPACE_OR_PERFOMANCE_REAR=3.9375},{SPACE_OR_PERFOMANCE_SIDE=1.9375},{SYSTEM_PERFORMANCE_COP=1.9},{SYSTEM_PERFORMANCE_EER2=10.0},{SYSTEM_PERFORMANCE_HSPF2=9.5},{SY
100
AcDbAttributeDefinition
  3

  2
PSOL_7
 70
     9
280
     0
  0
ATTDEF
  5
75
330
1F
100
AcDbEntity
  8
AM_6
100
AcDbText
 10
26.65625000000039
 20
23.249999999995
 30
0.0
 40
0.5
  1
ERFORMANCE_SEER2=20.0},{UNIT_WEIGHT=219},{URL=https://daikincomfort.com/},{VERSION=1},{VOLTAGE=240},{VOLTAGE_COMMENTS=208 VAC - 230 VAC},{CLASSIFICATION_NUMBER=23.33.17.13.11},{PRODUCT_PAGE_URL=https://daikincomfort.com/products/heating-cooling/mult
100
AcDbAttributeDefinition
  3

  2
PSOL_8
 70
     9
280
     0
  0
ATTDEF
  5
76
330
1F
100
AcDbEntity
  8
AM_6
100
AcDbText
 10
26.65625000000039
 20
22.749999999995
 30
0.0
 40
0.5
  1
t-ductless},{REFRIGERANT_LIQUID_CONNECTION_ARRAY_VERTICAL_OFFSET=3},{REFRIGERANT_LIQUID_CONNECTION_DIAMETER=0.25},{REFRIGERANT_LIQUID_CONNECTION_HORIZONTAL_OFFSET=0.875},{REFRIGERANT_LIQUID_CONNECTION_RADIUS=0.125},{REFRIGERANT_LIQUID_CONNECTION_VER
100
AcDbAttributeDefinition
  3

  2
PSOL_9
 70
     9
280
     0
  0
ATTDEF
  5
77
330
1F
100
AcDbEntity
  8
AM_6
100
AcDbText
 10
26.65625000000039
 20
22.249999999995
 30
0.0
 40
0.5
  1
OFFSET=3.8125},{REFRIGERANT_SUCTION_GAS_CONNECTION_ARRAY_VERTICAL_OFFSET=3},{REFRIGERANT_SUCTION_GAS_CONNECTION_DEPTH_OFFSET=3.56},{REFRIGERANT_SUCTION_GAS_CONNECTION_DEPTH_OFFSET_ROOM_D=3.38},{REFRIGERANT_SUCTION_GAS_CONNECTION_DEPTH_OFFSET_ROOM_E=
100
AcDbAttributeDefinition
  3

  2
PSOL_10
 70
     9
280
     0
  0
ATTDEF
  5
78
330
1F
100
AcDbEntity
  8
AM_6
100
AcDbText
 10
26.65625000000039
 20
21.749999999995
 30
0.0
 40
0.5
  1
{REFRIGERANT_SUCTION_GAS_CONNECTION_DIAMETER_ROOM_C=0.5},{REFRIGERANT_SUCTION_GAS_CONNECTION_DIAMETER_ROOM_D=0.625},{REFRIGERANT_SUCTION_GAS_CONNECTION_DIAMETER_ROOM_E=0.625},{REFRIGERANT_SUCTION_GAS_CONNECTION_HORIZONTAL_OFFSET=1.6875},{REFRIGERANT
100
AcDbAttributeDefinition
  3

  2
PSOL_11
 70
     9
280
     0
  0
ATTDEF
  5
79
330
1F
100
AcDbEntity
  8
AM_6
100
AcDbText
 10
26.65625000000039
 20
21.249999999995
 30
0.0
 40
0.5
  1
ON_GAS_CONNECTION_RADIUS_ROOM_C=0.25},{REFRIGERANT_SUCTION_GAS_CONNECTION_RADIUS_ROOM_D=0.3125},{REFRIGERANT_SUCTION_GAS_CONNECTION_RADIUS_ROOM_E=0.3125},{REFRIGERANT_SUCTION_GAS_CONNECTION_VERTICAL_OFFSET=5.25},{RFA_FAMILY=Download Revit Family (RF
100
AcDbAttributeDefinition
  3

  2
PSOL_12
 70
     9
280
     0
  0
ATTDEF
  5
7A
330
1F
100
AcDbEntity
  8
AM_6
100
AcDbText
 10
26.65625000000039
 20
20.749999999995
 30
0.0
 40
0.5
  1
ARTNUMBERMAP09=},{MODEL=},{OMNICLASS_NUMBER=},{OMNICLASS_TITLE=},{REFRIGERANT_LIQUID_CONNECTION_DEPTH_OFFSET=},{REFRIGERANT_LIQUID_CONNECTION_DIAMETER_ROOM_A=},{REFRIGERANT_LIQUID_CONNECTION_DIAMETER_ROOM_B=},{REFRIGERANT_LIQUID_CONNECTION_RADIUS_RO
100
AcDbAttributeDefinition
  3

  2
PSOL_13
 70
     9
280
     0
  0
ATTDEF
  5
7B
330
1F
100
AcDbEntity
  8
AM_6
100
AcDbText
 10
26.65625000000039
 20
20.249999999995
 30
0.0
 40
0.5
  1
,{REFRIGERANT_LIQUID_CONNECTION_RADIUS_ROOM_B=},{REFRIGERANT_LIQUID_CONNECTION_VERTICAL_OFFSET_ROOM_A=},{REFRIGERANT_LIQUID_CONNECTION_VERTICAL_OFFSET_ROOM_B=},{REFRIGERANT_SUCTION_GAS_CONNECTION_DEPTH_OFFSET_ROOM_B=},{REFRIGERANT_SUCTION_GAS_CONNEC
100
AcDbAttributeDefinition
  3

  2
PSOL_14
 70
     9
280
     0
  0
ATTDEF
  5
7C
330
1F
100
AcDbEntity
  8
AM_6
100
AcDbText
 10
26.65625000000039
 20
19.749999999995
 30
0.0
 40
0.5
  1
ERTICAL_OFFSET_ROOM_A=},{REFRIGERANT_SUCTION_GAS_CONNECTION_VERTICAL_OFFSET_ROOM_B=},{REFRIGERANT_SUCTION_GAS_OFFSET=},{STOP_VALVE_COVER_DEPTH=},{STOP_VALVE_COVER_HEIGHT=},{STOP_VALVE_COVER_VISIBILITY=},{STOP_VALVE_COVER_WIDTH=},{DEFAULTSORTATTR=},{
100
AcDbAttributeDefinition
  3

  2
PSOL_15
 70
     9
280
     0
  0
ATTDEF
  5
7D
330
1F
100
AcDbEntity
  8
AM_6
100
AcDbText
 10
26.65625000000039
 20
19.249999999995
 30
0.0
 40
0.5
  1
MILY_=../../_pool_/fc/e2/heat_pump_unit-multi_zone-outdoor-daikin-5mxm.zip},{RFA_FAMILY_ENG=../../_pool_/fc/e2/heat_pump_unit-multi_zone-outdoor-daikin-5mxm.zip},{REVIT_FAMILY_DOWNLOAD=../../_pool_/fc/e2/heat_pump_unit-multi_zone-outdoor-daikin-5mxm
100
AcDbAttributeDefinition
  3

  2
PSOL_16
 70
     9
280
     0
  0
INSERT
  5
7F
330
1F
100
AcDbEntity
  8
0
100
AcDbBlockReference
  2
1_5MXM48AVJU9_PART12_0_in_5MXM48AVJU9_0
 10
0.0
 20
0.0
 30
0.0
  0
INSERT
  5
A8
330
1F
100
AcDbEntity
  8
0
100
AcDbBlockReference
  2
2_5MXM48AVJU9_PART11_0_in_5MXM48AVJU9_0
 10
0.0
 20
0.0
 30
0.0
  0
INSERT
  5
D1
330
1F
100
AcDbEntity
  8
0
100
AcDbBlockReference
  2
3_5MXM48AVJU9_PART10_0_in_5MXM48AVJU9_0
 10
0.0
 20
0.0
 30
0.0
  0
INSERT
  5
F8
330
1F
100
AcDbEntity
  8
0
100
AcDbBlockReference
  2
4_5MXM48AVJU9_PART9_0_in_5MXM48AVJU9_0
 10
0.0
 20
0.0
 30
0.0
  0
INSERT
  5
11F
330
1F
100
AcDbEntity
  8
0
100
AcDbBlockReference
  2
5_5MXM48AVJU9_PART8_0_in_5MXM48AVJU9_0
 10
0.0
 20
0.0
 30
0.0
  0
INSERT
  5
146
330
1F
100
AcDbEntity
  8
0
100
AcDbBlockReference
  2
6_5MXM48AVJU9_PART7_0_in_5MXM48AVJU9_0
 10
0.0
 20
0.0
 30
0.0
  0
INSERT
  5
177
330
1F
100
AcDbEntity
  8
0
100
AcDbBlockReference
  2
7_5MXM48AVJU9_PART6_0_in_5MXM48AVJU9_0
 10
0.0
 20
0.0
 30
0.0
  0
INSERT
  5
19E
330
1F
100
AcDbEntity
  8
0
100
AcDbBlockReference
  2
8_5MXM48AVJU9_PART5_0_in_5MXM48AVJU9_0
 10
0.0
 20
0.0
 30
0.0
  0
INSERT
  5
1C5
330
1F
100
AcDbEntity
  8
0
100
AcDbBlockReference
  2
9_5MXM48AVJU9_PART4_0_in_5MXM48AVJU9_0
 10
0.0
 20
0.0
 30
0.0
  0
INSERT
  5
1EC
330
1F
100
AcDbEntity
  8
0
100
AcDbBlockReference
  2
10_5MXM48AVJU9_PART3_0_in_5MXM48AVJU9_0
 10
0.0
 20
0.0
 30
0.0
  0
INSERT
  5
213
330
1F
100
AcDbEntity
  8
0
100
AcDbBlockReference
  2
11_5MXM48AVJU9_PART2_0_in_5MXM48AVJU9_0
 10
0.0
 20
0.0
 30
0.0
  0
INSERT
  5
23A
330
1F
100
AcDbEntity
  8
0
100
AcDbBlockReference
  2
12_5MXM48AVJU9_PART1_0_in_5MXM48AVJU9_0
 10
0.0
 20
0.0
 30
0.0
  0
ENDSEC
  0
SECTION
  2
OBJECTS
  0
DICTIONARY
  5
C
330
0
100
AcDbDictionary
281
     1
  3
ACAD_DETAILVIEWSTYLE
350
267
  3
ACAD_GROUP
350
D
  3
ACAD_LAYOUT
350
1A
  3
ACAD_MATERIAL
350
43
  3
ACAD_MLEADERSTYLE
350
5B
  3
ACAD_MLINESTYLE
350
17
  3
ACAD_PLOTSETTINGS
350
19
  3
ACAD_PLOTSTYLENAME
350
E
  3
ACAD_SCALELIST
350
47
  3
ACAD_SECTIONVIEWSTYLE
350
268
  3
ACAD_TABLESTYLE
350
59
  3
ACAD_VISUALSTYLE
350
2A
  3
ACDB_RECOMPOSE_DATA
350
264
  3
AcDbVariableDictionary
350
260
  0
SUN
  5
5D
330
29
100
AcDbSun
 90
        1
290
     0
 63
     7
421
 16777215
 40
1.0
291
     1
 91
  2455826
 92
 54000000
292
     0
 70
     2
 71
   256
280
     1
  0
DICTIONARY
  5
267
102
{ACAD_REACTORS
330
C
102
}
330
C
100
AcDbDictionary
281
     1
  0
DICTIONARY
  5
D
102
{ACAD_REACTORS
330
C
102
}
330
C
100
AcDbDictionary
281
     1
  0
DICTIONARY
  5
1A
102
{ACAD_REACTORS
330
C
102
}
330
C
100
AcDbDictionary
281
     1
  3
Layout1
350
1E
  3
Layout2
350
26
  3
Model
350
22
  0
DICTIONARY
  5
43
102
{ACAD_REACTORS
330
C
102
}
330
C
100
AcDbDictionary
281
     1
  3
ByBlock
350
45
  3
ByLayer
350
44
  3
Global
350
46
  0
DICTIONARY
  5
5B
102
{ACAD_REACTORS
330
C
102
}
330
C
100
AcDbDictionary
281
     1
  3
Standard
350
5C
  0
DICTIONARY
  5
17
102
{ACAD_REACTORS
330
C
102
}
330
C
100
AcDbDictionary
281
     1
  3
Standard
350
18
  0
DICTIONARY
  5
19
102
{ACAD_REACTORS
330
C
102
}
330
C
100
AcDbDictionary
281
     1
  0
ACDBDICTIONARYWDFLT
  5
E
102
{ACAD_REACTORS
330
C
102
}
330
C
100
AcDbDictionary
281
     1
  3
Normal
350
F
100
AcDbDictionaryWithDefault
340
F
  0
DICTIONARY
  5
47
102
{ACAD_REACTORS
330
C
102
}
330
C
100
AcDbDictionary
281
     1
  3
A0
350
48
  3
A1
350
49
  3
A2
350
4A
  3
A3
350
4B
  3
A4
350
4C
  3
A5
350
4D
  3
A6
350
4E
  3
A7
350
4F
  3
A8
350
50
  3
A9
350
51
  3
B1
350
52
  3
B2
350
53
  3
B3
350
54
  3
B4
350
55
  3
B5
350
56
  3
B6
350
57
  3
B7
350
58
  0
DICTIONARY
  5
268
102
{ACAD_REACTORS
330
C
102
}
330
C
100
AcDbDictionary
281
     1
  0
DICTIONARY
  5
59
102
{ACAD_REACTORS
330
C
102
}
330
C
100
AcDbDictionary
281
     1
  3
Standard
350
5A
  0
DICTIONARY
  5
2A
102
{ACAD_REACTORS
330
C
102
}
330
C
100
AcDbDictionary
281
     1
  3
2dWireframe
350
2F
  3
Basic
350
32
  3
Brighten
350
36
  3
ColorChange
350
3A
  3
Conceptual
350
34
  3
Dim
350
35
  3
EdgeColorOff
350
3D
  3
Facepattern
350
39
  3
Flat
350
2B
  3
FlatWithEdges
350
2C
  3
Gouraud
350
2D
  3
GouraudWithEdges
350
2E
  3
Hidden
350
31
  3
JitterOff
350
3B
  3
Linepattern
350
38
  3
OverhangOff
350
3C
  3
Realistic
350
33
  3
Shaded
350
42
  3
Shaded with edges
350
41
  3
Shades of Gray
350
3E
  3
Sketchy
350
3F
  3
Thicken
350
37
  3
Wireframe
350
30
  3
X-Ray
350
40
  0
XRECORD
  5
264
102
{ACAD_REACTORS
330
C
102
}
330
C
100
AcDbXrecord
280
     1
 90
        1
330
5A
  0
DICTIONARY
  5
260
102
{ACAD_REACTORS
330
C
102
}
330
C
100
AcDbDictionary
281
     1
  3
CANNOSCALE
350
261
  3
CMLEADERSTYLE
350
266
  3
CTABLESTYLE
350
265
  0
LAYOUT
  5
1E
102
{ACAD_REACTORS
330
1A
102
}
330
1A
100
AcDbPlotSettings
  1

  2
none_device
  4

  6

 40
0.0
 41
0.0
 42
0.0
 43
0.0
 44
0.0
 45
0.0
 46
0.0
 47
0.0
 48
0.0
 49
0.0
140
0.0
141
0.0
142
1.0
143
1.0
 70
   688
 72
     0
 73
     0
 74
     5
  7

 75
    16
 76
     0
 77
     2
 78
   300
147
1.0
148
0.0
149
0.0
100
AcDbLayout
  1
Layout1
 70
     1
 71
     1
 10
0.0
 20
0.0
 11
12.0
 21
9.0
 12
0.0
 22
0.0
 32
0.0
 14
1.000000000000000E+20
 24
1.000000000000000E+20
 34
1.000000000000000E+20
 15
-1.000000000000000E+20
 25
-1.000000000000000E+20
 35
-1.000000000000000E+20
146
0.0
 13
0.0
 23
0.0
 33
0.0
 16
1.0
 26
0.0
 36
0.0
 17
0.0
 27
1.0
 37
0.0
 76
     0
330
1B
  0
LAYOUT
  5
26
102
{ACAD_REACTORS
330
1A
102
}
330
1A
100
AcDbPlotSettings
  1

  2
none_device
  4

  6

 40
0.0
 41
0.0
 42
0.0
 43
0.0
 44
0.0
 45
0.0
 46
0.0
 47
0.0
 48
0.0
 49
0.0
140
0.0
141
0.0
142
1.0
143
1.0
 70
   688
 72
     0
 73
     0
 74
     5
  7

 75
    16
 76
     0
 77
     2
 78
   300
147
1.0
148
0.0
149
0.0
100
AcDbLayout
  1
Layout2
 70
     1
 71
     2
 10
0.0
 20
0.0
 11
0.0
 21
0.0
 12
0.0
 22
0.0
 32
0.0
 14
0.0
 24
0.0
 34
0.0
 15
0.0
 25
0.0
 35
0.0
146
0.0
 13
0.0
 23
0.0
 33
0.0
 16
1.0
 26
0.0
 36
0.0
 17
0.0
 27
1.0
 37
0.0
 76
     0
330
23
  0
LAYOUT
  5
22
102
{ACAD_REACTORS
330
1A
102
}
330
1A
100
AcDbPlotSettings
  1

  2
none_device
  4
Letter_(8.50_x_11.00_Inches)
  6

 40
6.35
 41
6.35
 42
6.35000508
 43
6.35000508
 44
215.9
 45
279.4
 46
0.0
 47
0.0
 48
0.0
 49
0.0
140
0.0
141
0.0
142
1.0
143
1.0
 70
  1712
 72
     0
 73
     0
 74
     0
  7

 75
     0
 76
     0
 77
     2
 78
   300
147
1.0
148
0.0
149
0.0
100
AcDbLayout
  1
Model
 70
     1
 71
     0
 10
0.0
 20
0.0
 11
12.0
 21
9.0
 12
0.0
 22
0.0
 32
0.0
 14
-21.65625
 24
-0.0000000000049614
 34
0.0
 15
33.57319915254277
 25
34.75542372880856
 35
0.0
146
0.0
 13
0.0
 23
0.0
 33
0.0
 16
1.0
 26
0.0
 36
0.0
 17
0.0
 27
1.0
 37
0.0
 76
     0
330
1F
331
29
  0
MATERIAL
  5
45
102
{ACAD_REACTORS
330
43
102
}
330
43
100
AcDbMaterial
  1
ByBlock
 72
     1
 94
      127
  0
MATERIAL
  5
44
102
{ACAD_REACTORS
330
43
102
}
330
43
100
AcDbMaterial
  1
ByLayer
 72
     1
 94
      127
  0
MATERIAL
  5
46
102
{ACAD_REACTORS
330
43
102
}
330
43
100
AcDbMaterial
  1
Global
 72
     1
 94
      127
  0
MLEADERSTYLE
  5
5C
102
{ACAD_REACTORS
330
5B
102
}
330
5B
100
AcDbMLeaderStyle
179
     2
170
     2
171
     1
172
     0
 90
        2
 40
0.0
 41
0.0
173
     1
 91
-1056964608
340
14
 92
       -2
290
     1
 42
0.09
291
     1
 43
0.36
  3
Standard
341
0
 44
0.18
300

342
11
174
     1
178
     6
175
     1
176
     0
 93
-1056964608
 45
0.18
292
     0
297
     0
 46
0.18
343
0
 94
-1056964608
 47
1.0
 49
1.0
140
1.0
293
     1
141
0.0
294
     1
177
     0
142
1.0
295
     0
296
     0
143
0.125
271
     0
272
     9
273
     9
298
     0
  0
MLINESTYLE
  5
18
102
{ACAD_REACTORS
330
17
102
}
330
17
100
AcDbMlineStyle
  2
Standard
 70
     0
  3

 62
   256
 51
90.0
 52
90.0
 71
     2
 49
0.5
 62
   256
  6
BYLAYER
 49
-0.5
 62
   256
  6
BYLAYER
  0
ACDBPLACEHOLDER
  5
F
102
{ACAD_REACTORS
330
E
102
}
330
E
  0
SCALE
  5
48
102
{ACAD_REACTORS
330
47
102
}
330
47
100
AcDbScale
 70
     0
300
1:1
140
1.0
141
1.0
290
     1
  0
SCALE
  5
49
102
{ACAD_REACTORS
330
47
102
}
330
47
100
AcDbScale
 70
     0
300
1/128" = 1'-0"
140
0.0078125
141
12.0
290
     0
  0
SCALE
  5
4A
102
{ACAD_REACTORS
330
47
102
}
330
47
100
AcDbScale
 70
     0
300
1/64" = 1'-0"
140
0.015625
141
12.0
290
     0
  0
SCALE
  5
4B
102
{ACAD_REACTORS
330
47
102
}
330
47
100
AcDbScale
 70
     0
300
1/32" = 1'-0"
140
0.03125
141
12.0
290
     0
  0
SCALE
  5
4C
102
{ACAD_REACTORS
330
47
102
}
330
47
100
AcDbScale
 70
     0
300
1/16" = 1'-0"
140
0.0625
141
12.0
290
     0
  0
SCALE
  5
4D
102
{ACAD_REACTORS
330
47
102
}
330
47
100
AcDbScale
 70
     0
300
3/32" = 1'-0"
140
0.09375
141
12.0
290
     0
  0
SCALE
  5
4E
102
{ACAD_REACTORS
330
47
102
}
330
47
100
AcDbScale
 70
     0
300
1/8" = 1'-0"
140
0.125
141
12.0
290
     0
  0
SCALE
  5
4F
102
{ACAD_REACTORS
330
47
102
}
330
47
100
AcDbScale
 70
     0
300
3/16" = 1'-0"
140
0.1875
141
12.0
290
     0
  0
SCALE
  5
50
102
{ACAD_REACTORS
330
47
102
}
330
47
100
AcDbScale
 70
     0
300
1/4" = 1'-0"
140
0.25
141
12.0
290
     0
  0
SCALE
  5
51
102
{ACAD_REACTORS
330
47
102
}
330
47
100
AcDbScale
 70
     0
300
3/8" = 1'-0"
140
0.375
141
12.0
290
     0
  0
SCALE
  5
52
102
{ACAD_REACTORS
330
47
102
}
330
47
100
AcDbScale
 70
     0
300
1/2" = 1'-0"
140
0.5
141
12.0
290
     0
  0
SCALE
  5
53
102
{ACAD_REACTORS
330
47
102
}
330
47
100
AcDbScale
 70
     0
300
3/4" = 1'-0"
140
0.75
141
12.0
290
     0
  0
SCALE
  5
54
102
{ACAD_REACTORS
330
47
102
}
330
47
100
AcDbScale
 70
     0
300
1" = 1'-0"
140
1.0
141
12.0
290
     0
  0
SCALE
  5
55
102
{ACAD_REACTORS
330
47
102
}
330
47
100
AcDbScale
 70
     0
300
1-1/2" = 1'-0"
140
1.5
141
12.0
290
     0
  0
SCALE
  5
56
102
{ACAD_REACTORS
330
47
102
}
330
47
100
AcDbScale
 70
     0
300
3" = 1'-0"
140
3.0
141
12.0
290
     0
  0
SCALE
  5
57
102
{ACAD_REACTORS
330
47
102
}
330
47
100
AcDbScale
 70
     0
300
6" = 1'-0"
140
6.0
141
12.0
290
     0
  0
SCALE
  5
58
102
{ACAD_REACTORS
330
47
102
}
330
47
100
AcDbScale
 70
     0
300
1'-0" = 1'-0"
140
12.0
141
12.0
290
     0
  0
TABLESTYLE
  5
5A
102
{ACAD_REACTORS
330
59
102
}
102
{ACAD_XDICTIONARY
360
262
102
}
330
59
100
AcDbTableStyle
  3
Standard
 70
     0
 71
     0
 40
0.06
 41
0.06
280
     0
281
     0
  7
Standard
140
0.18
170
     2
 62
     0
 63
   257
283
     0
 90
        4
 91
        0
  1

274
    -2
284
     1
 64
     0
275
    -2
285
     1
 65
     0
276
    -2
286
     1
 66
     0
277
    -2
287
     1
 67
     0
278
    -2
288
     1
 68
     0
279
    -2
289
     1
 69
     0
  7
Standard
140
0.25
170
     5
 62
     0
 63
   257
283
     0
 90
        4
 91
        0
  1

274
    -2
284
     1
 64
     0
275
    -2
285
     1
 65
     0
276
    -2
286
     1
 66
     0
277
    -2
287
     1
 67
     0
278
    -2
288
     1
 68
     0
279
    -2
289
     1
 69
     0
  7
Standard
140
0.18
170
     5
 62
     0
 63
   257
283
     0
 90
        4
 91
        0
  1

274
    -2
284
     1
 64
     0
275
    -2
285
     1
 65
     0
276
    -2
286
     1
 66
     0
277
    -2
287
     1
 67
     0
278
    -2
288
     1
 68
     0
279
    -2
289
     1
 69
     0
  0
VISUALSTYLE
  5
2F
102
{ACAD_REACTORS
330
2A
102
}
330
2A
100
AcDbVisualStyle
  2
2dWireframe
 70
     4
177
     3
291
     0
 70
    58
 90
        0
176
     1
 90
        2
176
     1
 90
        0
176
     1
 90
        0
176
     1
 40
0.6
176
     1
 40
30.0
176
     1
 62
     7
420
 16777215
176
     1
 90
        1
176
     1
 90
        4
176
     1
 62
     7
176
     1
 62
   257
176
     1
 90
        1
176
     1
 90
        1
176
     1
 40
1.0
176
     1
 90
        0
176
     1
 62
   257
176
     1
 40
1.0
176
     1
 90
        1
176
     1
 90
        6
176
     1
 90
        2
176
     1
 62
     7
176
     1
 90
        5
176
     1
 90
        0
176
     1
 90
        0
176
     1
290
     0
176
     1
 90
        1
176
     1
 40
0.0
176
     1
 90
        0
176
     1
290
     1
176
     1
290
     1
176
     1
290
     0
176
     1
290
     0
176
     1
290
     0
176
     1
290
     0
176
     1
290
     0
176
     1
290
     0
176
     1
290
     0
176
     1
 90
       50
176
     1
 40
0.0
176
     1
 40
1.0
176
     1
 90
        0
176
     1
 62
    18
420
        0
176
     1
 90
       50
176
     1
 90
        3
176
     1
 62
     5
420
      255
176
     1
290
     0
176
     1
 90
       50
176
     1
 90
       50
176
     1
 90
       50
176
     1
290
     0
176
     1
 90
       50
176
     1
 62
   256
176
     0
 40
1.0
176
     0
 90
        2
176
     1
  1
strokes_ogs.tif
176
     1
290
     0
176
     1
 40
1.0
176
     1
 40
1.0
176
     1
  0
VISUALSTYLE
  5
32
102
{ACAD_REACTORS
330
2A
102
}
330
2A
100
AcDbVisualStyle
  2
Basic
 70
     7
177
     3
291
     1
 70
    58
 90
        1
176
     1
 90
        0
176
     1
 90
        1
176
     1
 90
        0
176
     1
 40
0.6
176
     1
 40
30.0
176
     1
 62
     7
420
 16777215
176
     1
 90
        0
176
     1
 90
        4
176
     1
 62
     7
176
     1
 62
   257
176
     1
 90
        1
176
     1
 90
        1
176
     1
 40
1.0
176
     1
 90
        8
176
     1
 62
     7
176
     1
 40
1.0
176
     1
 90
        1
176
     1
 90
        6
176
     1
 90
        2
176
     1
 62
     7
176
     1
 90
        5
176
     1
 90
        0
176
     1
 90
        0
176
     1
290
     0
176
     1
 90
        1
176
     1
 40
0.0
176
     1
 90
        0
176
     1
290
     0
176
     1
290
     1
176
     1
290
     1
176
     1
290
     0
176
     1
290
     0
176
     1
290
     0
176
     1
290
     0
176
     1
290
     0
176
     1
290
     0
176
     1
 90
       50
176
     1
 40
0.0
176
     1
 40
1.0
176
     1
 90
        0
176
     1
 62
    18
420
        0
176
     1
 90
       50
176
     1
 90
        3
176
     1
 62
     5
420
      255
176
     1
290
     0
176
     1
 90
       50
176
     1
 90
       50
176
     1
 90
       50
176
     1
290
     0
176
     1
 90
       50
176
     1
 62
   256
176
     0
 40
1.0
176
     0
 90
        2
176
     1
  1
strokes_ogs.tif
176
     1
290
     0
176
     1
 40
1.0
176
     1
 40
1.0
176
     1
  0
VISUALSTYLE
  5
36
102
{ACAD_REACTORS
330
2A
102
}
330
2A
100
AcDbVisualStyle
  2
Brighten
 70
    12
177
     3
291
     1
 70
    58
 90
        2
176
     1
 90
        2
176
     1
 90
        0
176
     1
 90
        0
176
     1
 40
0.6
176
     1
 40
30.0
176
     1
 62
     7
420
 16777215
176
     1
 90
        1
176
     1
 90
        4
176
     1
 62
     7
176
     1
 62
   257
176
     1
 90
        1
176
     1
 90
        1
176
     1
 40
1.0
176
     1
 90
        8
176
     1
 62
     7
176
     1
 40
1.0
176
     1
 90
        1
176
     1
 90
        6
176
     1
 90
        2
176
     1
 62
     7
176
     1
 90
        5
176
     1
 90
        0
176
     1
 90
        0
176
     1
290
     0
176
     1
 90
        1
176
     1
 40
50.0
176
     1
 90
        0
176
     1
290
     0
176
     1
290
     1
176
     1
290
     1
176
     1
290
     0
176
     1
290
     0
176
     1
290
     0
176
     1
290
     0
176
     1
290
     0
176
     1
290
     0
176
     1
 90
       50
176
     1
 40
0.0
176
     1
 40
1.0
176
     1
 90
        0
176
     1
 62
    18
420
        0
176
     1
 90
       50
176
     1
 90
        3
176
     1
 62
     5
420
      255
176
     1
290
     0
176
     1
 90
       50
176
     1
 90
       50
176
     1
 90
       50
176
     1
290
     0
176
     1
 90
       50
176
     1
 62
   256
176
     0
 40
1.0
176
     0
 90
        2
176
     1
  1
strokes_ogs.tif
176
     1
290
     0
176
     1
 40
1.0
176
     1
 40
1.0
176
     1
  0
VISUALSTYLE
  5
3A
102
{ACAD_REACTORS
330
2A
102
}
330
2A
100
AcDbVisualStyle
  2
ColorChange
 70
    16
177
     3
291
     1
 70
    58
 90
        2
176
     1
 90
        2
176
     1
 90
        3
176
     1
 90
        0
176
     1
 40
0.6
176
     1
 40
30.0
176
     1
 62
     8
420
  8421504
176
     1
 90
        1
176
     1
 90
        4
176
     1
 62
     7
176
     1
 62
   257
176
     1
 90
        1
176
     1
 90
        1
176
     1
 40
1.0
176
     1
 90
        8
176
     1
 62
     8
420
  8421504
176
     1
 40
1.0
176
     1
 90
        1
176
     1
 90
        6
176
     1
 90
        2
176
     1
 62
     7
176
     1
 90
        5
176
     1
 90
        0
176
     1
 90
        0
176
     1
290
     0
176
     1
 90
        1
176
     1
 40
0.0
176
     1
 90
        0
176
     1
290
     0
176
     1
290
     1
176
     1
290
     1
176
     1
290
     0
176
     1
290
     0
176
     1
290
     0
176
     1
290
     0
176
     1
290
     0
176
     1
290
     0
176
     1
 90
       50
176
     1
 40
0.0
176
     1
 40
1.0
176
     1
 90
        0
176
     1
 62
    18
420
        0
176
     1
 90
       50
176
     1
 90
        3
176
     1
 62
     5
420
      255
176
     1
290
     0
176
     1
 90
       50
176
     1
 90
       50
176
     1
 90
       50
176
     1
290
     0
176
     1
 90
       50
176
     1
 62
   256
176
     0
 40
1.0
176
     0
 90
        2
176
     1
  1
strokes_ogs.tif
176
     1
290
     0
176
     1
 40
1.0
176
     1
 40
1.0
176
     1
  0
VISUALSTYLE
  5
34
102
{ACAD_REACTORS
330
2A
102
}
330
2A
100
AcDbVisualStyle
  2
Conceptual
 70
     9
177
     3
291
     0
 70
    58
 90
        3
176
     1
 90
        2
176
     1
 90
        0
176
     1
 90
        0
176
     1
 40
0.6
176
     1
 40
30.0
176
     1
 62
     7
420
 16777215
176
     1
 90
        2
176
     1
 90
        2
176
     1
 62
     7
176
     1
 62
   257
176
     1
 90
        1
176
     1
 90
        1
176
     1
 40
179.0
176
     1
 90
        8
176
     1
 62
     7
176
     1
 40
1.0
176
     1
 90
        1
176
     1
 90
        6
176
     1
 90
        2
176
     1
 62
     7
176
     1
 90
        3
176
     1
 90
        0
176
     1
 90
        0
176
     1
290
     0
176
     1
 90
        1
176
     1
 40
0.0
176
     1
 90
        0
176
     1
290
     0
176
     1
290
     1
176
     1
290
     1
176
     1
290
     0
176
     1
290
     0
176
     1
290
     0
176
     1
290
     0
176
     1
290
     0
176
     1
290
     0
176
     1
 90
       50
176
     1
 40
0.0
176
     1
 40
1.0
176
     1
 90
        0
176
     1
 62
    18
420
        0
176
     1
 90
       50
176
     1
 90
        3
176
     1
 62
     5
420
      255
176
     1
290
     0
176
     1
 90
       50
176
     1
 90
       50
176
     1
 90
       50
176
     1
290
     0
176
     1
 90
       50
176
     1
 62
   256
176
     0
 40
1.0
176
     0
 90
        2
176
     1
  1
strokes_ogs.tif
176
     1
290
     0
176
     1
 40
1.0
176
     1
 40
1.0
176
     1
  0
VISUALSTYLE
  5
35
102
{ACAD_REACTORS
330
2A
102
}
330
2A
100
AcDbVisualStyle
  2
Dim
 70
    11
177
     3
291
     1
 70
    58
 90
        2
176
     1
 90
        2
176
     1
 90
        0
176
     1
 90
        0
176
     1
 40
0.6
176
     1
 40
30.0
176
     1
 62
     7
420
 16777215
176
     1
 90
        1
176
     1
 90
        4
176
     1
 62
     7
176
     1
 62
   257
176
     1
 90
        1
176
     1
 90
        1
176
     1
 40
1.0
176
     1
 90
        8
176
     1
 62
     7
176
     1
 40
1.0
176
     1
 90
        1
176
     1
 90
        6
176
     1
 90
        2
176
     1
 62
     7
176
     1
 90
        5
176
     1
 90
        0
176
     1
 90
        0
176
     1
290
     0
176
     1
 90
        1
176
     1
 40
-50.0
176
     1
 90
        0
176
     1
290
     0
176
     1
290
     1
176
     1
290
     1
176
     1
290
     0
176
     1
290
     0
176
     1
290
     0
176
     1
290
     0
176
     1
290
     0
176
     1
290
     0
176
     1
 90
       50
176
     1
 40
0.0
176
     1
 40
1.0
176
     1
 90
        0
176
     1
 62
    18
420
        0
176
     1
 90
       50
176
     1
 90
        3
176
     1
 62
     5
420
      255
176
     1
290
     0
176
     1
 90
       50
176
     1
 90
       50
176
     1
 90
       50
176
     1
290
     0
176
     1
 90
       50
176
     1
 62
   256
176
     0
 40
1.0
176
     0
 90
        2
176
     1
  1
strokes_ogs.tif
176
     1
290
     0
176
     1
 40
1.0
176
     1
 40
1.0
176
     1
  0
VISUALSTYLE
  5
3D
102
{ACAD_REACTORS
330
2A
102
}
330
2A
100
AcDbVisualStyle
  2
EdgeColorOff
 70
    22
177
     3
291
     1
 70
    58
 90
        2
176
     0
 90
        2
176
     0
 90
        0
176
     0
 90
        0
176
     0
 40
0.6
176
     0
 40
30.0
176
     0
 62
     7
420
 16777215
176
     0
 90
        1
176
     0
 90
        4
176
     0
 62
     7
176
     0
 62
   257
176
     0
 90
        1
176
     0
 90
        1
176
     0
 40
1.0
176
     0
 90
        8
176
     2
 62
     7
176
     0
 40
1.0
176
     0
 90
        1
176
     0
 90
        6
176
     0
 90
        2
176
     0
 62
     7
176
     0
 90
        5
176
     0
 90
        0
176
     0
 90
        0
176
     0
290
     0
176
     0
 90
        1
176
     0
 40
0.0
176
     0
 90
        0
176
     0
290
     0
176
     0
290
     1
176
     0
290
     1
176
     0
290
     0
176
     0
290
     0
176
     0
290
     0
176
     0
290
     0
176
     0
290
     0
176
     0
290
     0
176
     0
 90
       50
176
     0
 40
0.0
176
     0
 40
1.0
176
     0
 90
        0
176
     0
 62
    18
420
        0
176
     0
 90
       50
176
     0
 90
        3
176
     0
 62
     5
420
      255
176
     0
290
     0
176
     0
 90
       50
176
     0
 90
       50
176
     0
 90
       50
176
     0
290
     0
176
     0
 90
       50
176
     0
 62
   256
176
     0
 40
1.0
176
     0
 90
        2
176
     0
  1
strokes_ogs.tif
176
     0
290
     0
176
     0
 40
1.0
176
     0
 40
1.0
176
     0
  0
VISUALSTYLE
  5
39
102
{ACAD_REACTORS
330
2A
102
}
330
2A
100
AcDbVisualStyle
  2
Facepattern
 70
    15
177
     3
291
     1
 70
    58
 90
        2
176
     1
 90
        2
176
     1
 90
        0
176
     1
 90
        0
176
     1
 40
0.6
176
     1
 40
30.0
176
     1
 62
     7
420
 16777215
176
     1
 90
        1
176
     1
 90
        4
176
     1
 62
     7
176
     1
 62
   257
176
     1
 90
        1
176
     1
 90
        1
176
     1
 40
1.0
176
     1
 90
        8
176
     1
 62
     7
176
     1
 40
1.0
176
     1
 90
        1
176
     1
 90
        6
176
     1
 90
        2
176
     1
 62
     7
176
     1
 90
        5
176
     1
 90
        0
176
     1
 90
        0
176
     1
290
     0
176
     1
 90
        1
176
     1
 40
0.0
176
     1
 90
        0
176
     1
290
     0
176
     1
290
     1
176
     1
290
     1
176
     1
290
     0
176
     1
290
     0
176
     1
290
     0
176
     1
290
     0
176
     1
290
     0
176
     1
290
     0
176
     1
 90
       50
176
     1
 40
0.0
176
     1
 40
1.0
176
     1
 90
        0
176
     1
 62
    18
420
        0
176
     1
 90
       50
176
     1
 90
        3
176
     1
 62
     5
420
      255
176
     1
290
     0
176
     1
 90
       50
176
     1
 90
       50
176
     1
 90
       50
176
     1
290
     0
176
     1
 90
       50
176
     1
 62
   256
176
     0
 40
1.0
176
     0
 90
        2
176
     1
  1
strokes_ogs.tif
176
     1
290
     0
176
     1
 40
1.0
176
     1
 40
1.0
176
     1
  0
VISUALSTYLE
  5
2B
102
{ACAD_REACTORS
330
2A
102
}
330
2A
100
AcDbVisualStyle
  2
Flat
 70
     0
177
     3
291
     1
 70
    58
 90
        2
176
     1
 90
        1
176
     1
 90
        1
176
     1
 90
        2
176
     1
 40
0.6
176
     1
 40
30.0
176
     1
 62
     7
420
 16777215
176
     1
 90
        0
176
     1
 90
        0
176
     1
 62
     7
176
     1
 62
   257
176
     1
 90
        1
176
     1
 90
        1
176
     1
 40
1.0
176
     1
 90
        8
176
     1
 62
     7
176
     1
 40
1.0
176
     1
 90
        1
176
     1
 90
        6
176
     1
 90
        2
176
     1
 62
     7
176
     1
 90
        5
176
     1
 90
        0
176
     1
 90
        0
176
     1
290
     0
176
     1
 90
       13
176
     1
 40
0.0
176
     1
 90
        0
176
     1
290
     0
176
     1
290
     1
176
     1
290
     1
176
     1
290
     0
176
     1
290
     0
176
     1
290
     0
176
     1
290
     0
176
     1
290
     0
176
     1
290
     0
176
     1
 90
       50
176
     1
 40
0.0
176
     1
 40
1.0
176
     1
 90
        0
176
     1
 62
    18
420
        0
176
     1
 90
       50
176
     1
 90
        3
176
     1
 62
     5
420
      255
176
     1
290
     0
176
     1
 90
       50
176
     1
 90
       50
176
     1
 90
       50
176
     1
290
     0
176
     1
 90
       50
176
     1
 62
   256
176
     0
 40
1.0
176
     0
 90
        2
176
     1
  1
strokes_ogs.tif
176
     1
290
     0
176
     1
 40
1.0
176
     1
 40
1.0
176
     1
  0
VISUALSTYLE
  5
2C
102
{ACAD_REACTORS
330
2A
102
}
330
2A
100
AcDbVisualStyle
  2
FlatWithEdges
 70
     1
177
     3
291
     1
 70
    58
 90
        2
176
     1
 90
        1
176
     1
 90
        1
176
     1
 90
        2
176
     1
 40
0.6
176
     1
 40
30.0
176
     1
 62
     7
420
 16777215
176
     1
 90
        1
176
     1
 90
        0
176
     1
 62
     7
176
     1
 62
   257
176
     1
 90
        1
176
     1
 90
        1
176
     1
 40
1.0
176
     1
 90
        0
176
     1
 62
   257
176
     1
 40
1.0
176
     1
 90
        1
176
     1
 90
        6
176
     1
 90
        2
176
     1
 62
     7
176
     1
 90
        5
176
     1
 90
        0
176
     1
 90
        0
176
     1
290
     0
176
     1
 90
       13
176
     1
 40
0.0
176
     1
 90
        0
176
     1
290
     0
176
     1
290
     1
176
     1
290
     1
176
     1
290
     0
176
     1
290
     0
176
     1
290
     0
176
     1
290
     0
176
     1
290
     0
176
     1
290
     0
176
     1
 90
       50
176
     1
 40
0.0
176
     1
 40
1.0
176
     1
 90
        0
176
     1
 62
    18
420
        0
176
     1
 90
       50
176
     1
 90
        3
176
     1
 62
     5
420
      255
176
     1
290
     0
176
     1
 90
       50
176
     1
 90
       50
176
     1
 90
       50
176
     1
290
     0
176
     1
 90
       50
176
     1
 62
   256
176
     0
 40
1.0
176
     0
 90
        2
176
     1
  1
strokes_ogs.tif
176
     1
290
     0
176
     1
 40
1.0
176
     1
 40
1.0
176
     1
  0
VISUALSTYLE
  5
2D
102
{ACAD_REACTORS
330
2A
102
}
330
2A
100
AcDbVisualStyle
  2
Gouraud
 70
     2
177
     3
291
     1
 70
    58
 90
        2
176
     1
 90
        2
176
     1
 90
        1
176
     1
 90
        2
176
     1
 40
0.6
176
     1
 40
30.0
176
     1
 62
     7
420
 16777215
176
     1
 90
        0
176
     1
 90
        0
176
     1
 62
     7
176
     1
 62
   257
176
     1
 90
        1
176
     1
 90
        1
176
     1
 40
1.0
176
     1
 90
        0
176
     1
 62
     7
176
     1
 40
1.0
176
     1
 90
        1
176
     1
 90
        6
176
     1
 90
        2
176
     1
 62
     7
176
     1
 90
        5
176
     1
 90
        0
176
     1
 90
        0
176
     1
290
     0
176
     1
 90
       13
176
     1
 40
0.0
176
     1
 90
        0
176
     1
290
     0
176
     1
290
     1
176
     1
290
     1
176
     1
290
     0
176
     1
290
     0
176
     1
290
     0
176
     1
290
     0
176
     1
290
     0
176
     1
290
     0
176
     1
 90
       50
176
     1
 40
0.0
176
     1
 40
1.0
176
     1
 90
        0
176
     1
 62
    18
420
        0
176
     1
 90
       50
176
     1
 90
        3
176
     1
 62
     5
420
      255
176
     1
290
     0
176
     1
 90
       50
176
     1
 90
       50
176
     1
 90
       50
176
     1
290
     0
176
     1
 90
       50
176
     1
 62
   256
176
     0
 40
1.0
176
     0
 90
        2
176
     1
  1
strokes_ogs.tif
176
     1
290
     0
176
     1
 40
1.0
176
     1
 40
1.0
176
     1
  0
VISUALSTYLE
  5
2E
102
{ACAD_REACTORS
330
2A
102
}
330
2A
100
AcDbVisualStyle
  2
GouraudWithEdges
 70
     3
177
     3
291
     1
 70
    58
 90
        2
176
     1
 90
        2
176
     1
 90
        1
176
     1
 90
        2
176
     1
 40
0.6
176
     1
 40
30.0
176
     1
 62
     7
420
 16777215
176
     1
 90
        1
176
     1
 90
        0
176
     1
 62
     7
176
     1
 62
   257
176
     1
 90
        1
176
     1
 90
        1
176
     1
 40
1.0
176
     1
 90
        0
176
     1
 62
   257
176
     1
 40
1.0
176
     1
 90
        1
176
     1
 90
        6
176
     1
 90
        2
176
     1
 62
     7
176
     1
 90
        5
176
     1
 90
        0
176
     1
 90
        0
176
     1
290
     0
176
     1
 90
       13
176
     1
 40
0.0
176
     1
 90
        0
176
     1
290
     0
176
     1
290
     1
176
     1
290
     1
176
     1
290
     0
176
     1
290
     0
176
     1
290
     0
176
     1
290
     0
176
     1
290
     0
176
     1
290
     0
176
     1
 90
       50
176
     1
 40
0.0
176
     1
 40
1.0
176
     1
 90
        0
176
     1
 62
    18
420
        0
176
     1
 90
       50
176
     1
 90
        3
176
     1
 62
     5
420
      255
176
     1
290
     0
176
     1
 90
       50
176
     1
 90
       50
176
     1
 90
       50
176
     1
290
     0
176
     1
 90
       50
176
     1
 62
   256
176
     0
 40
1.0
176
     0
 90
        2
176
     1
  1
strokes_ogs.tif
176
     1
290
     0
176
     1
 40
1.0
176
     1
 40
1.0
176
     1
  0
VISUALSTYLE
  5
31
102
{ACAD_REACTORS
330
2A
102
}
330
2A
100
AcDbVisualStyle
  2
Hidden
 70
     6
177
     3
291
     0
 70
    58
 90
        1
176
     1
 90
        2
176
     1
 90
        2
176
     1
 90
        0
176
     1
 40
0.6
176
     1
 40
30.0
176
     1
 62
     7
420
 16777215
176
     1
 90
        2
176
     1
 90
        2
176
     1
 62
     7
176
     1
 62
   257
176
     1
 90
        2
176
     1
 90
        1
176
     1
 40
40.0
176
     1
 90
        0
176
     1
 62
   257
176
     1
 40
1.0
176
     1
 90
        1
176
     1
 90
        6
176
     1
 90
        2
176
     1
 62
     7
176
     1
 90
        3
176
     1
 90
        0
176
     1
 90
        0
176
     1
290
     0
176
     1
 90
        1
176
     1
 40
0.0
176
     1
 90
        0
176
     1
290
     0
176
     1
290
     1
176
     1
290
     1
176
     1
290
     0
176
     1
290
     0
176
     1
290
     0
176
     1
290
     0
176
     1
290
     0
176
     1
290
     0
176
     1
 90
       50
176
     1
 40
0.0
176
     1
 40
1.0
176
     1
 90
        0
176
     1
 62
    18
420
        0
176
     1
 90
       50
176
     1
 90
        3
176
     1
 62
     5
420
      255
176
     1
290
     0
176
     1
 90
       50
176
     1
 90
       50
176
     1
 90
       50
176
     1
290
     0
176
     1
 90
       50
176
     1
 62
   256
176
     0
 40
1.0
176
     0
 90
        2
176
     1
  1
strokes_ogs.tif
176
     1
290
     0
176
     1
 40
1.0
176
     1
 40
1.0
176
     1
  0
VISUALSTYLE
  5
3B
102
{ACAD_REACTORS
330
2A
102
}
330
2A
100
AcDbVisualStyle
  2
JitterOff
 70
    20
177
     3
291
     1
 70
    58
 90
        2
176
     0
 90
        2
176
     0
 90
        0
176
     0
 90
        0
176
     0
 40
0.6
176
     0
 40
30.0
176
     0
 62
     7
420
 16777215
176
     0
 90
        1
176
     0
 90
        4
176
     0
 62
     7
176
     0
 62
   257
176
     0
 90
        1
176
     0
 90
        1
176
     0
 40
1.0
176
     0
 90
       10
176
     2
 62
     7
176
     0
 40
1.0
176
     0
 90
        1
176
     0
 90
        6
176
     0
 90
        2
176
     0
 62
     7
176
     0
 90
        5
176
     0
 90
        0
176
     0
 90
        0
176
     0
290
     0
176
     0
 90
        1
176
     0
 40
0.0
176
     0
 90
        0
176
     0
290
     0
176
     0
290
     1
176
     0
290
     1
176
     0
290
     0
176
     0
290
     0
176
     0
290
     0
176
     0
290
     0
176
     0
290
     0
176
     0
290
     0
176
     0
 90
       50
176
     0
 40
0.0
176
     0
 40
1.0
176
     0
 90
        0
176
     0
 62
    18
420
        0
176
     0
 90
       50
176
     0
 90
        3
176
     0
 62
     5
420
      255
176
     0
290
     0
176
     0
 90
       50
176
     0
 90
       50
176
     0
 90
       50
176
     0
290
     0
176
     0
 90
       50
176
     0
 62
   256
176
     0
 40
1.0
176
     0
 90
        2
176
     0
  1
strokes_ogs.tif
176
     0
290
     0
176
     0
 40
1.0
176
     0
 40
1.0
176
     0
  0
VISUALSTYLE
  5
38
102
{ACAD_REACTORS
330
2A
102
}
330
2A
100
AcDbVisualStyle
  2
Linepattern
 70
    14
177
     3
291
     1
 70
    58
 90
        2
176
     1
 90
        2
176
     1
 90
        0
176
     1
 90
        0
176
     1
 40
0.6
176
     1
 40
30.0
176
     1
 62
     7
420
 16777215
176
     1
 90
        1
176
     1
 90
        4
176
     1
 62
     7
176
     1
 62
   257
176
     1
 90
        7
176
     1
 90
        7
176
     1
 40
1.0
176
     1
 90
        8
176
     1
 62
     7
176
     1
 40
1.0
176
     1
 90
        1
176
     1
 90
        6
176
     1
 90
        2
176
     1
 62
     7
176
     1
 90
        5
176
     1
 90
        0
176
     1
 90
        0
176
     1
290
     0
176
     1
 90
        1
176
     1
 40
0.0
176
     1
 90
        0
176
     1
290
     0
176
     1
290
     1
176
     1
290
     1
176
     1
290
     0
176
     1
290
     0
176
     1
290
     0
176
     1
290
     0
176
     1
290
     0
176
     1
290
     0
176
     1
 90
       50
176
     1
 40
0.0
176
     1
 40
1.0
176
     1
 90
        0
176
     1
 62
    18
420
        0
176
     1
 90
       50
176
     1
 90
        3
176
     1
 62
     5
420
      255
176
     1
290
     0
176
     1
 90
       50
176
     1
 90
       50
176
     1
 90
       50
176
     1
290
     0
176
     1
 90
       50
176
     1
 62
   256
176
     0
 40
1.0
176
     0
 90
        2
176
     1
  1
strokes_ogs.tif
176
     1
290
     0
176
     1
 40
1.0
176
     1
 40
1.0
176
     1
  0
VISUALSTYLE
  5
3C
102
{ACAD_REACTORS
330
2A
102
}
330
2A
100
AcDbVisualStyle
  2
OverhangOff
 70
    21
177
     3
291
     1
 70
    58
 90
        2
176
     0
 90
        2
176
     0
 90
        0
176
     0
 90
        0
176
     0
 40
0.6
176
     0
 40
30.0
176
     0
 62
     7
420
 16777215
176
     0
 90
        1
176
     0
 90
        4
176
     0
 62
     7
176
     0
 62
   257
176
     0
 90
        1
176
     0
 90
        1
176
     0
 40
1.0
176
     0
 90
        9
176
     2
 62
     7
176
     0
 40
1.0
176
     0
 90
        1
176
     0
 90
        6
176
     0
 90
        2
176
     0
 62
     7
176
     0
 90
        5
176
     0
 90
        0
176
     0
 90
        0
176
     0
290
     0
176
     0
 90
        1
176
     0
 40
0.0
176
     0
 90
        0
176
     0
290
     0
176
     0
290
     1
176
     0
290
     1
176
     0
290
     0
176
     0
290
     0
176
     0
290
     0
176
     0
290
     0
176
     0
290
     0
176
     0
290
     0
176
     0
 90
       50
176
     0
 40
0.0
176
     0
 40
1.0
176
     0
 90
        0
176
     0
 62
    18
420
        0
176
     0
 90
       50
176
     0
 90
        3
176
     0
 62
     5
420
      255
176
     0
290
     0
176
     0
 90
       50
176
     0
 90
       50
176
     0
 90
       50
176
     0
290
     0
176
     0
 90
       50
176
     0
 62
   256
176
     0
 40
1.0
176
     0
 90
        2
176
     0
  1
strokes_ogs.tif
176
     0
290
     0
176
     0
 40
1.0
176
     0
 40
1.0
176
     0
  0
VISUALSTYLE
  5
33
102
{ACAD_REACTORS
330
2A
102
}
330
2A
100
AcDbVisualStyle
  2
Realistic
 70
     8
177
     3
291
     0
 70
    58
 90
        2
176
     1
 90
        3
176
     1
 90
        0
176
     1
 90
        2
176
     1
 40
0.6
176
     1
 40
30.0
176
     1
 62
     7
420
 16777215
176
     1
 90
        0
176
     1
 90
        0
176
     1
 62
     7
176
     1
 62
   257
176
     1
 90
        1
176
     1
 90
        1
176
     1
 40
1.0
176
     1
 90
        8
176
     1
 62
   257
176
     1
 40
1.0
176
     1
 90
        1
176
     1
 90
        6
176
     1
 90
        2
176
     1
 62
     7
176
     1
 90
        3
176
     1
 90
        0
176
     1
 90
        0
176
     1
290
     0
176
     1
 90
       13
176
     1
 40
0.0
176
     1
 90
        0
176
     1
290
     0
176
     1
290
     1
176
     1
290
     1
176
     1
290
     0
176
     1
290
     0
176
     1
290
     0
176
     1
290
     0
176
     1
290
     0
176
     1
290
     0
176
     1
 90
       50
176
     1
 40
0.0
176
     1
 40
1.0
176
     1
 90
        0
176
     1
 62
    18
420
        0
176
     1
 90
       50
176
     1
 90
        3
176
     1
 62
     5
420
      255
176
     1
290
     0
176
     1
 90
       50
176
     1
 90
       50
176
     1
 90
       50
176
     1
290
     0
176
     1
 90
       50
176
     1
 62
   256
176
     0
 40
1.0
176
     0
 90
        2
176
     1
  1
strokes_ogs.tif
176
     1
290
     0
176
     1
 40
1.0
176
     1
 40
1.0
176
     1
  0
VISUALSTYLE
  5
42
102
{ACAD_REACTORS
330
2A
102
}
330
2A
100
AcDbVisualStyle
  2
Shaded
 70
    27
177
     3
291
     0
 70
    58
 90
        2
176
     1
 90
        2
176
     1
 90
        1
176
     1
 90
        2
176
     1
 40
0.6
176
     1
 40
30.0
176
     1
 62
     7
420
 16777215
176
     1
 90
        0
176
     1
 90
        4
176
     1
 62
     7
176
     1
 62
   257
176
     1
 90
        1
176
     1
 90
        1
176
     1
 40
1.0
176
     1
 90
        8
176
     1
 62
   257
176
     1
 40
1.0
176
     1
 90
        1
176
     1
 90
        6
176
     1
 90
        2
176
     1
 62
     8
420
  7895160
176
     1
 90
        3
176
     1
 90
        0
176
     1
 90
        0
176
     1
290
     0
176
     1
 90
        5
176
     1
 40
0.0
176
     1
 90
        0
176
     1
290
     0
176
     1
290
     1
176
     1
290
     1
176
     1
290
     0
176
     1
290
     0
176
     1
290
     0
176
     1
290
     0
176
     1
290
     0
176
     1
290
     0
176
     1
 90
       50
176
     1
 40
0.0
176
     1
 40
1.0
176
     1
 90
        0
176
     1
 62
    18
420
        0
176
     1
 90
       50
176
     1
 90
        3
176
     1
 62
     5
420
      255
176
     1
290
     0
176
     1
 90
       50
176
     1
 90
       50
176
     1
 90
       50
176
     1
290
     0
176
     1
 90
       50
176
     1
 62
   256
176
     0
 40
1.0
176
     0
 90
        2
176
     1
  1
strokes_ogs.tif
176
     1
290
     0
176
     1
 40
1.0
176
     1
 40
1.0
176
     1
  0
VISUALSTYLE
  5
41
102
{ACAD_REACTORS
330
2A
102
}
330
2A
100
AcDbVisualStyle
  2
Shaded with edges
 70
    26
177
     3
291
     0
 70
    58
 90
        2
176
     1
 90
        2
176
     1
 90
        1
176
     1
 90
        2
176
     1
 40
0.6
176
     1
 40
30.0
176
     1
 62
     7
420
 16777215
176
     1
 90
        1
176
     1
 90
       10
176
     1
 62
     7
176
     1
 62
   257
176
     1
 90
        2
176
     1
 90
        1
176
     1
 40
1.0
176
     1
 90
        8
176
     1
 62
   257
176
     1
 40
1.0
176
     1
 90
        1
176
     1
 90
        6
176
     1
 90
        2
176
     1
 62
     7
176
     1
 90
        3
176
     1
 90
        0
176
     1
 90
        0
176
     1
290
     0
176
     1
 90
        5
176
     1
 40
0.0
176
     1
 90
        0
176
     1
290
     0
176
     1
290
     1
176
     1
290
     1
176
     1
290
     0
176
     1
290
     0
176
     1
290
     0
176
     1
290
     0
176
     1
290
     0
176
     1
290
     0
176
     1
 90
       50
176
     1
 40
0.0
176
     1
 40
1.0
176
     1
 90
        0
176
     1
 62
    18
420
        0
176
     1
 90
       50
176
     1
 90
        3
176
     1
 62
     5
420
      255
176
     1
290
     0
176
     1
 90
       50
176
     1
 90
       50
176
     1
 90
       50
176
     1
290
     0
176
     1
 90
       50
176
     1
 62
   256
176
     0
 40
1.0
176
     0
 90
        2
176
     1
  1
strokes_ogs.tif
176
     1
290
     0
176
     1
 40
1.0
176
     1
 40
1.0
176
     1
  0
VISUALSTYLE
  5
3E
102
{ACAD_REACTORS
330
2A
102
}
330
2A
100
AcDbVisualStyle
  2
Shades of Gray
 70
    23
177
     3
291
     0
 70
    58
 90
        2
176
     1
 90
        2
176
     1
 90
        3
176
     1
 90
        0
176
     1
 40
0.6
176
     1
 40
30.0
176
     1
 62
     7
420
 16777215
176
     1
 90
        2
176
     1
 90
        2
176
     1
 62
     7
176
     1
 62
     7
176
     1
 90
        1
176
     1
 90
        1
176
     1
 40
40.0
176
     1
 90
        8
176
     1
 62
     7
176
     1
 40
1.0
176
     1
 90
        1
176
     1
 90
        6
176
     1
 90
        2
176
     1
 62
     7
176
     1
 90
        3
176
     1
 90
        0
176
     1
 90
        0
176
     1
290
     0
176
     1
 90
        1
176
     1
 40
0.0
176
     1
 90
        0
176
     1
290
     0
176
     1
290
     1
176
     1
290
     1
176
     1
290
     0
176
     1
290
     0
176
     1
290
     0
176
     1
290
     0
176
     1
290
     0
176
     1
290
     0
176
     1
 90
       50
176
     1
 40
0.0
176
     1
 40
1.0
176
     1
 90
        0
176
     1
 62
    18
420
        0
176
     1
 90
       50
176
     1
 90
        3
176
     1
 62
     5
420
      255
176
     1
290
     0
176
     1
 90
       50
176
     1
 90
       50
176
     1
 90
       50
176
     1
290
     0
176
     1
 90
       50
176
     1
 62
   256
176
     0
 40
1.0
176
     0
 90
        2
176
     1
  1
strokes_ogs.tif
176
     1
290
     0
176
     1
 40
1.0
176
     1
 40
1.0
176
     1
  0
VISUALSTYLE
  5
3F
102
{ACAD_REACTORS
330
2A
102
}
330
2A
100
AcDbVisualStyle
  2
Sketchy
 70
    24
177
     3
291
     0
 70
    58
 90
        1
176
     1
 90
        2
176
     1
 90
        2
176
     1
 90
        0
176
     1
 40
0.6
176
     1
 40
30.0
176
     1
 62
     7
420
 16777215
176
     1
 90
        2
176
     1
 90
        2
176
     1
 62
     7
176
     1
 62
     7
176
     1
 90
        1
176
     1
 90
        1
176
     1
 40
40.0
176
     1
 90
       11
176
     1
 62
     7
176
     1
 40
1.0
176
     1
 90
        1
176
     1
 90
        6
176
     1
 90
        2
176
     1
 62
     7
176
     1
 90
        6
176
     1
 90
        0
176
     1
 90
        0
176
     1
290
     0
176
     1
 90
        1
176
     1
 40
0.0
176
     1
 90
        0
176
     1
290
     0
176
     1
290
     1
176
     1
290
     1
176
     1
290
     0
176
     1
290
     0
176
     1
290
     0
176
     1
290
     0
176
     1
290
     0
176
     1
290
     0
176
     1
 90
       50
176
     1
 40
0.0
176
     1
 40
1.0
176
     1
 90
        0
176
     1
 62
    18
420
        0
176
     1
 90
       50
176
     1
 90
        3
176
     1
 62
     5
420
      255
176
     1
290
     0
176
     1
 90
       50
176
     1
 90
       50
176
     1
 90
       50
176
     1
290
     0
176
     1
 90
       50
176
     1
 62
   256
176
     0
 40
1.0
176
     0
 90
        2
176
     1
  1
strokes_ogs.tif
176
     1
290
     0
176
     1
 40
1.0
176
     1
 40
1.0
176
     1
  0
VISUALSTYLE
  5
37
102
{ACAD_REACTORS
330
2A
102
}
330
2A
100
AcDbVisualStyle
  2
Thicken
 70
    13
177
     3
291
     1
 70
    58
 90
        2
176
     1
 90
        2
176
     1
 90
        0
176
     1
 90
        0
176
     1
 40
0.6
176
     1
 40
30.0
176
     1
 62
     7
420
 16777215
176
     1
 90
        1
176
     1
 90
        4
176
     1
 62
     7
176
     1
 62
   257
176
     1
 90
        1
176
     1
 90
        1
176
     1
 40
1.0
176
     1
 90
       12
176
     1
 62
     7
176
     1
 40
1.0
176
     1
 90
        1
176
     1
 90
        6
176
     1
 90
        2
176
     1
 62
     7
176
     1
 90
        5
176
     1
 90
        0
176
     1
 90
        0
176
     1
290
     0
176
     1
 90
        1
176
     1
 40
0.0
176
     1
 90
        0
176
     1
290
     0
176
     1
290
     1
176
     1
290
     1
176
     1
290
     0
176
     1
290
     0
176
     1
290
     0
176
     1
290
     0
176
     1
290
     0
176
     1
290
     0
176
     1
 90
       50
176
     1
 40
0.0
176
     1
 40
1.0
176
     1
 90
        0
176
     1
 62
    18
420
        0
176
     1
 90
       50
176
     1
 90
        3
176
     1
 62
     5
420
      255
176
     1
290
     0
176
     1
 90
       50
176
     1
 90
       50
176
     1
 90
       50
176
     1
290
     0
176
     1
 90
       50
176
     1
 62
   256
176
     0
 40
1.0
176
     0
 90
        2
176
     1
  1
strokes_ogs.tif
176
     1
290
     0
176
     1
 40
1.0
176
     1
 40
1.0
176
     1
  0
VISUALSTYLE
  5
30
102
{ACAD_REACTORS
330
2A
102
}
330
2A
100
AcDbVisualStyle
  2
Wireframe
 70
     5
177
     3
291
     0
 70
    58
 90
        0
176
     1
 90
        2
176
     1
 90
        0
176
     1
 90
        0
176
     1
 40
0.6
176
     1
 40
30.0
176
     1
 62
     7
420
 16777215
176
     1
 90
        1
176
     1
 90
        4
176
     1
 62
     7
176
     1
 62
   257
176
     1
 90
        1
176
     1
 90
        1
176
     1
 40
1.0
176
     1
 90
        0
176
     1
 62
   257
176
     1
 40
1.0
176
     1
 90
        1
176
     1
 90
        6
176
     1
 90
        2
176
     1
 62
     7
176
     1
 90
        3
176
     1
 90
        0
176
     1
 90
        0
176
     1
290
     0
176
     1
 90
        1
176
     1
 40
0.0
176
     1
 90
        0
176
     1
290
     0
176
     1
290
     1
176
     1
290
     1
176
     1
290
     0
176
     1
290
     0
176
     1
290
     0
176
     1
290
     0
176
     1
290
     0
176
     1
290
     0
176
     1
 90
       50
176
     1
 40
0.0
176
     1
 40
1.0
176
     1
 90
        0
176
     1
 62
    18
420
        0
176
     1
 90
       50
176
     1
 90
        3
176
     1
 62
     5
420
      255
176
     1
290
     0
176
     1
 90
       50
176
     1
 90
       50
176
     1
 90
       50
176
     1
290
     0
176
     1
 90
       50
176
     1
 62
   256
176
     0
 40
1.0
176
     0
 90
        2
176
     1
  1
strokes_ogs.tif
176
     1
290
     0
176
     1
 40
1.0
176
     1
 40
1.0
176
     1
  0
VISUALSTYLE
  5
40
102
{ACAD_REACTORS
330
2A
102
}
330
2A
100
AcDbVisualStyle
  2
X-Ray
 70
    25
177
     3
291
     0
 70
    58
 90
        2
176
     1
 90
        2
176
     1
 90
        1
176
     1
 90
        1
176
     1
 40
0.5
176
     1
 40
30.0
176
     1
 62
     7
420
 16777215
176
     1
 90
        1
176
     1
 90
        0
176
     1
 62
     7
176
     1
 62
   257
176
     1
 90
        1
176
     1
 90
        1
176
     1
 40
1.0
176
     1
 90
        8
176
     1
 62
     7
176
     1
 40
1.0
176
     1
 90
        1
176
     1
 90
        6
176
     1
 90
        2
176
     1
 62
     7
176
     1
 90
        3
176
     1
 90
        0
176
     1
 90
        0
176
     1
290
     0
176
     1
 90
       13
176
     1
 40
0.0
176
     1
 90
        0
176
     1
290
     0
176
     1
290
     1
176
     1
290
     1
176
     1
290
     0
176
     1
290
     0
176
     1
290
     0
176
     1
290
     0
176
     1
290
     0
176
     1
290
     0
176
     1
 90
       50
176
     1
 40
0.0
176
     1
 40
1.0
176
     1
 90
        0
176
     1
 62
    18
420
        0
176
     1
 90
       50
176
     1
 90
        3
176
     1
 62
     5
420
      255
176
     1
290
     0
176
     1
 90
       50
176
     1
 90
       50
176
     1
 90
       50
176
     1
290
     0
176
     1
 90
       50
176
     1
 62
   256
176
     0
 40
1.0
176
     0
 90
        2
176
     1
  1
strokes_ogs.tif
176
     1
290
     0
176
     1
 40
1.0
176
     1
 40
1.0
176
     1
  0
DICTIONARYVAR
  5
261
102
{ACAD_REACTORS
330
260
102
}
330
260
100
DictionaryVariables
280
     0
  1
1:1
  0
DICTIONARYVAR
  5
266
102
{ACAD_REACTORS
330
260
102
}
330
260
100
DictionaryVariables
280
     0
  1
Standard
  0
DICTIONARYVAR
  5
265
102
{ACAD_REACTORS
330
260
102
}
330
260
100
DictionaryVariables
280
     0
  1
Standard
  0
DICTIONARY
  5
262
330
5A
100
AcDbDictionary
280
     1
281
     1
  3
ACAD_ROUNDTRIP_2008_TABLESTYLE_CELLSTYLEMAP
360
263
  0
CELLSTYLEMAP
  5
263
102
{ACAD_REACTORS
330
262
102
}
330
262
100
AcDbCellStyleMap
 90
        3
300
CELLSTYLE
  1
TABLEFORMAT_BEGIN
 90
        5
170
     1
 91
        0
 92
    32768
 62
   257
 93
        1
300
CONTENTFORMAT
  1
CONTENTFORMAT_BEGIN
 90
        0
 91
        0
 92
        4
 93
        0
300

 40
0.0
140
1.0
 94
        5
 62
     0
340
11
144
0.25
309
CONTENTFORMAT_END
171
     1
301
MARGIN
  1
CELLMARGIN_BEGIN
 40
0.06
 40
0.06
 40
0.06
 40
0.06
 40
0.06
 40
0.06
309
CELLMARGIN_END
 94
        6
 95
        1
302
GRIDFORMAT
  1
GRIDFORMAT_BEGIN
 90
        0
 91
        1
 62
     0
 92
       -2
340
14
 93
        0
 40
0.045
309
GRIDFORMAT_END
 95
        2
302
GRIDFORMAT
  1
GRIDFORMAT_BEGIN
 90
        0
 91
        1
 62
     0
 92
       -2
340
14
 93
        0
 40
0.045
309
GRIDFORMAT_END
 95
        4
302
GRIDFORMAT
  1
GRIDFORMAT_BEGIN
 90
        0
 91
        1
 62
     0
 92
       -2
340
14
 93
        0
 40
0.045
309
GRIDFORMAT_END
 95
        8
302
GRIDFORMAT
  1
GRIDFORMAT_BEGIN
 90
        0
 91
        1
 62
     0
 92
       -2
340
14
 93
        0
 40
0.045
309
GRIDFORMAT_END
 95
       16
302
GRIDFORMAT
  1
GRIDFORMAT_BEGIN
 90
        0
 91
        1
 62
     0
 92
       -2
340
14
 93
        0
 40
0.045
309
GRIDFORMAT_END
 95
       32
302
GRIDFORMAT
  1
GRIDFORMAT_BEGIN
 90
        0
 91
        1
 62
     0
 92
       -2
340
14
 93
        0
 40
0.045
309
GRIDFORMAT_END
309
TABLEFORMAT_END
  1
CELLSTYLE_BEGIN
 90
        1
 91
        1
300
_TITLE
309
CELLSTYLE_END
300
CELLSTYLE
  1
TABLEFORMAT_BEGIN
 90
        5
170
     1
 91
        0
 92
        0
 62
   257
 93
        1
300
CONTENTFORMAT
  1
CONTENTFORMAT_BEGIN
 90
        0
 91
        0
 92
        4
 93
        0
300

 40
0.0
140
1.0
 94
        5
 62
     0
340
11
144
0.18
309
CONTENTFORMAT_END
171
     1
301
MARGIN
  1
CELLMARGIN_BEGIN
 40
0.06
 40
0.06
 40
0.06
 40
0.06
 40
0.06
 40
0.06
309
CELLMARGIN_END
 94
        6
 95
        1
302
GRIDFORMAT
  1
GRIDFORMAT_BEGIN
 90
        0
 91
        1
 62
     0
 92
       -2
340
14
 93
        0
 40
0.045
309
GRIDFORMAT_END
 95
        2
302
GRIDFORMAT
  1
GRIDFORMAT_BEGIN
 90
        0
 91
        1
 62
     0
 92
       -2
340
14
 93
        0
 40
0.045
309
GRIDFORMAT_END
 95
        4
302
GRIDFORMAT
  1
GRIDFORMAT_BEGIN
 90
        0
 91
        1
 62
     0
 92
       -2
340
14
 93
        0
 40
0.045
309
GRIDFORMAT_END
 95
        8
302
GRIDFORMAT
  1
GRIDFORMAT_BEGIN
 90
        0
 91
        1
 62
     0
 92
       -2
340
14
 93
        0
 40
0.045
309
GRIDFORMAT_END
 95
       16
302
GRIDFORMAT
  1
GRIDFORMAT_BEGIN
 90
        0
 91
        1
 62
     0
 92
       -2
340
14
 93
        0
 40
0.045
309
GRIDFORMAT_END
 95
       32
302
GRIDFORMAT
  1
GRIDFORMAT_BEGIN
 90
        0
 91
        1
 62
     0
 92
       -2
340
14
 93
        0
 40
0.045
309
GRIDFORMAT_END
309
TABLEFORMAT_END
  1
CELLSTYLE_BEGIN
 90
        2
 91
        1
300
_HEADER
309
CELLSTYLE_END
300
CELLSTYLE
  1
TABLEFORMAT_BEGIN
 90
        5
170
     1
 91
        0
 92
        0
 62
   257
 93
        1
300
CONTENTFORMAT
  1
CONTENTFORMAT_BEGIN
 90
        0
 91
        0
 92
        4
 93
        0
300

 40
0.0
140
1.0
 94
        2
 62
     0
340
11
144
0.18
309
CONTENTFORMAT_END
171
     1
301
MARGIN
  1
CELLMARGIN_BEGIN
 40
0.06
 40
0.06
 40
0.06
 40
0.06
 40
0.06
 40
0.06
309
CELLMARGIN_END
 94
        6
 95
        1
302
GRIDFORMAT
  1
GRIDFORMAT_BEGIN
 90
        0
 91
        1
 62
     0
 92
       -2
340
14
 93
        0
 40
0.045
309
GRIDFORMAT_END
 95
        2
302
GRIDFORMAT
  1
GRIDFORMAT_BEGIN
 90
        0
 91
        1
 62
     0
 92
       -2
340
14
 93
        0
 40
0.045
309
GRIDFORMAT_END
 95
        4
302
GRIDFORMAT
  1
GRIDFORMAT_BEGIN
 90
        0
 91
        1
 62
     0
 92
       -2
340
14
 93
        0
 40
0.045
309
GRIDFORMAT_END
 95
        8
302
GRIDFORMAT
  1
GRIDFORMAT_BEGIN
 90
        0
 91
        1
 62
     0
 92
       -2
340
14
 93
        0
 40
0.045
309
GRIDFORMAT_END
 95
       16
302
GRIDFORMAT
  1
GRIDFORMAT_BEGIN
 90
        0
 91
        1
 62
     0
 92
       -2
340
14
 93
        0
 40
0.045
309
GRIDFORMAT_END
 95
       32
302
GRIDFORMAT
  1
GRIDFORMAT_BEGIN
 90
        0
 91
        1
 62
     0
 92
       -2
340
14
 93
        0
 40
0.045
309
GRIDFORMAT_END
309
TABLEFORMAT_END
  1
CELLSTYLE_BEGIN
 90
        3
 91
        2
300
_DATA
309
CELLSTYLE_END
  0
ENDSEC
  0
EOF
